FB	rho	time	Z1	Z2	X1	XC	A	M
1	0.1	0.0	159.44307684323422	188.15492396384357	1000.0000000000001	1000.0000000000001	83.42386696976199	993.7165994732338	NaN
1	0.1	9.999999999999999e-5	159.44307684323422	188.15492396384357	1000.0000000000001	1000.0000000000001	83.42386696976199	993.7165994732338	NaN
1	0.1	0.0010999999999999998	159.44307684323422	188.15492396384357	1000.0000000000001	1000.0000000000001	83.42386696976199	993.7165994732338	NaN
1	0.1	0.011099999999999997	159.44307684323422	188.15492396384357	1000.0000000000001	1000.0000000000001	83.42386696976199	993.7165994732338	NaN
1	0.1	0.11109999999999996	159.44307684323422	188.15492396384357	1000.0000000000001	1000.0000000000001	83.42386696976199	993.7165994732338	NaN
1	0.1	1.1110999999999995	159.44307684323422	188.15492396384357	1000.0000000000001	1000.0000000000001	83.42386696976182	993.7165994732339	NaN
1	0.1	6.706857606640272	159.4430768432342	188.15492396384357	1000.0000000000001	1000.0000000000001	83.42386696976195	993.7165994732339	NaN
1	0.1	45.803132813750445	159.44307684323422	188.15492396384357	1000.0000000000001	1000.0000000000001	83.42386696976189	993.7165994732338	NaN
1	0.1	248.36000916050418	159.44307684323365	188.15492396384423	999.9999999999998	1000.0	83.42386696976197	993.7165994732339	NaN
1	0.1	500.0	159.4430768432336	188.15492396384428	999.9999999999998	1000.0	83.423866969762	993.7165994732336	NaN
1	0.10500000000000001	500.0	159.44307684323422	188.15492396384357	1000.0000000000001	1000.0000000000001	83.42386696976199	993.7165994732338	NaN
1	0.10500000000000001	500.00753977370334	159.44307667352814	188.15496641956378	999.9999945753583	1000.0376846586162	83.42365653360193	993.7166002659649	NaN
1	0.10500000000000001	500.0205115443257	159.4430734655704	188.1552359130914	999.9999586446484	1000.1024525833119	83.422312435418	993.7166154118316	NaN
1	0.10500000000000001	500.0362091881281	159.44305851719704	188.15588778056284	999.999866580874	1000.1807183939567	83.41903374980092	993.7166870055838	NaN
1	0.10500000000000001	500.0568976443768	159.4430070126089	188.15727753850092	999.9996558453449	1000.2836797549271	83.411970920578	993.716938301708	NaN
1	0.10500000000000001	500.08121674579115	159.44287797049006	188.1596588332138	999.9992637210046	1000.4044371385966	83.39972408942886	993.7175820979409	NaN
1	0.10500000000000001	500.10979086841945	159.44259738054032	188.16345199107832	999.9985797698729	1000.5459466643738	83.37996423253456	993.7190183438256	NaN
1	0.10500000000000001	500.14186283762325	159.44207000482874	188.1689396821917	999.9974900324734	1000.7042949714826	83.35099870074222	993.7217958560802	NaN
1	0.10500000000000001	500.1773555032758	159.44116633273197	188.17646552965743	999.9958395034024	1000.8789361833369	83.31076625572703	993.726703653213	NaN
1	0.10500000000000001	500.21574963537995	159.4397431075723	188.18625074709738	999.9934678984135	1001.0671493586268	83.25784200294969	993.7346869812277	NaN
1	0.10500000000000001	500.25675390538146	159.437638679854	188.19850583743047	999.9901899048735	1001.2673493119464	83.19089607804409	993.7468908443302	NaN
1	0.10500000000000001	500.29996964580437	159.43469214412312	188.213353036974	999.9858191083283	1001.4774427090132	83.10916201385419	993.7645634590297	NaN
1	0.10500000000000001	500.34508860157104	159.43074365605278	188.23088168863632	999.9801615273865	1001.6957983174341	83.01218051098323	993.7890536976579	NaN
1	0.10500000000000001	500.391799151672	159.42564648106955	188.25112570457603	999.9730300022554	1001.9207897651102	82.8999545535622	993.8217290545829	NaN
1	0.10500000000000001	500.4398414810073	159.41926753671595	188.27409133097484	999.9642436030668	1002.1510623173638	82.77281401315847	993.8639531793827	NaN
1	0.10500000000000001	500.488979369414	159.41149250933776	188.29975457199345	999.9536355872619	1002.385394544963	82.63143393235222	993.9170287212426	NaN
1	0.10500000000000001	500.53901300047966	159.40222506443985	188.3280751004703	999.9410543682766	1002.6227575570014	82.47675029702634	993.9821744632034	NaN
1	0.10500000000000001	500.58976994695774	159.3913872825719	188.3589994417669	999.9263669808659	1002.8622691732918	82.30992688469104	994.0604939457108	NaN
1	0.10500000000000001	500.64110883892175	159.37891694815474	188.39246996368914	999.9094585519787	1003.1032084601992	82.13228550093721	994.1529676300895	NaN
1	0.10500000000000001	500.6929109443557	159.36476660605405	188.4284257866467	999.8902341158583	1003.3449731737857	81.9452780214366	994.2604356813704	NaN
1	0.10500000000000001	500.74508080572866	159.34890048244063	188.46680810455712	999.8686172482578	1003.5870802256749	81.75043465832404	994.3836001676799	NaN
1	0.10500000000000001	500.7975423819944	159.3312923531017	188.50756184620383	999.8445495761586	1003.829145225945	81.54933349815154	994.5230247044256	NaN
1	0.10500000000000001	500.8502370453789	159.3119230952888	188.55063776449535	999.8179894050768	1004.0708710164389	81.34357037472633	994.6791406036817	NaN
1	0.10500000000000001	500.90312088655145	159.2907787184381	188.59599331435217	999.7889105601886	1004.3120333022151	81.13473792225427	994.8522529965857	NaN
1	0.10500000000000001	500.95616259144646	159.26784856360626	188.64359333329924	999.7573010678273	1004.5524692440196	80.92440856922565	995.0425486777871	NaN
1	0.10500000000000001	501.00934135210554	159.24312386838818	188.69341020996848	999.7231620106274	1004.7920665056054	80.71412270647559	995.250103446743	NaN
1	0.10500000000000001	501.0626450360724	159.2165966155315	188.7454238020512	999.6865065114597	1005.0307537645635	80.50538027026427	995.4748889658008	NaN
1	0.10500000000000001	501.1160685108021	159.18825868608616	188.79962108808098	999.6473589360422	1005.2684921873342	80.29963523489155	995.7167784201353	NaN
1	0.10500000000000001	501.1696121627865	159.1581012695801	188.85599565180078	999.6057542992962	1005.5052680209981	80.09829198729867	995.9755509422346	NaN
1	0.10500000000000001	501.223280569204	159.12611451554358	188.91454701406656	999.561737891455	1005.7410860852285	79.90270295529679	996.2508946213053	NaN
1	0.10500000000000001	501.27708129563456	159.0922874068685	188.97527982851736	999.5153651211617	1005.9759640244306	79.71416688278761	996.5424080656204	NaN
1	0.10500000000000001	501.33102386863175	159.05660778883922	189.03820303571533	999.4667014960679	1006.2099275104994	79.53392698427223	996.8496009989353	NaN
1	0.10500000000000001	501.385118798832	159.01906259674902	189.1033288714672	999.415822800009	1006.4430058313109	79.36316893580212	997.1718935281885	NaN
1	0.10500000000000001	501.4393767829681	158.97963816948408	189.17067190472747	999.3628153033987	1006.6752284056546	79.20301788388488	997.5086151382452	NaN
1	0.10500000000000001	501.49380797367354	158.9383206889299	189.240248007292	999.3077760456958	1006.9066217206093	79.05453460915706	997.85900321516	NaN
1	0.10500000000000001	501.5484213926741	158.89509666369207	189.31207337274842	999.2508130596086	1007.1372069978302	78.91871047862935	998.2222019783659	NaN
1	0.10500000000000001	501.6032244707912	158.84995343407056	189.3861635978002	999.1920454869237	1007.3669984918557	78.79646127420042	998.5972622037123	NaN
1	0.10500000000000001	501.6582226986248	158.80287967985385	189.46253283446714	999.131603543878	1007.5960023283717	78.68862007528294	998.9831420664597	NaN
1	0.10500000000000001	501.71341948582005	158.75386581423504	189.541193181365	999.0696281745029	1007.8242162631565	78.59592926826372	999.3787101906285	NaN
1	0.10500000000000001	501.76881610521787	158.7029043301661	189.62215418279544	999.0062704788635	1008.0516298122047	78.5190323477401	999.782750391829	NaN
1	0.10500000000000001	501.82441183542437	158.64998996826267	189.70542262782254	998.9416907604932	1008.2782251953089	78.45846573963718	1000.1939691298307	NaN
1	0.10500000000000001	501.88020417703626	158.5951197852617	189.79100250456506	998.876057317229	1008.5039785475243	78.41465133794811	1000.611004878599	NaN
1	0.10500000000000001	501.9361892301025	158.53829301554052	189.8788952658659	998.8095448774552	1008.7288617319466	78.38789009145921	1001.0324400144925	NaN
1	0.10500000000000001	501.99236203832487	158.47951089636757	189.96910012960262	998.7423329278929	1008.9528439461037	78.37835717741324	1001.4568136142925	NaN
1	0.10500000000000001	502.0487170075821	158.4187763467461	190.06161458223116	998.6746038392785	1009.1758935516465	78.3860988672041	1001.8826357048665	NaN
1	0.10500000000000001	502.1052482306218	158.3560936731617	190.15643481760497	998.6065410275538	1009.3979794529591	78.41103123286761	1002.308401401873	NaN
1	0.10500000000000001	502.1619497720192	158.29146826089888	190.2535561798076	998.5383271257627	1009.6190722537717	78.45294057515325	1002.7326050459129	NaN
1	0.10500000000000001	502.2188157874917	158.22490640956468	190.35297337649826	998.4701423516968	1009.8391447145319	78.51148532612592	1003.1537531428178	NaN
1	0.10500000000000001	502.27584056904846	158.15641523772146	190.4546805855171	998.4021629856373	1010.0581718947669	78.58619917771988	1003.5703766337529	NaN
1	0.10500000000000001	502.3330184386853	158.08600276902308	190.55867129388687	998.3345600647443	1010.2761307023541	78.67649510640211	1003.9810418402125	NaN
1	0.10500000000000001	502.39034356061086	158.01367814249377	190.6649379626338	998.2674982141484	1010.4929991443543	78.78167010604714	1004.3843606057263	NaN
1	0.10500000000000001	502.44780968248074	157.93945194980583	190.77347151751147	998.2011346006651	1010.7087553348449	78.90091049555456	1004.7789997493871	NaN
1	0.10500000000000001	502.5054098623865	157.8633366376205	190.88426075877186	998.1356179394929	1010.9233764841055	79.03329783845126	1005.1636902765705	NaN
1	0.10500000000000001	502.56313621261626	157.78534693437373	190.99729174830617	998.0710875192974	1011.1368379854326	79.17781557804707	1005.5372365559243	NaN
1	0.10500000000000001	502.62097975318636	157.70550016702632	191.11254736570166	998.0076721510807	1011.3491129353348	79.3333567240167	1005.898525981144	NaN
1	0.10500000000000001	502.6789303539762	157.62381647432136	191.230007016905	997.9454890889375	1011.5601719880812	79.49873270128975	1006.2465387501002	NaN
1	0.10500000000000001	502.7369768554105	157.5403187671817	191.3496467039388	997.8846428585898	1011.7699838510754	79.67268372009367	1006.5803579994247	NaN
1	0.10500000000000001	502.7951073385715	157.45503244324613	191.47143943679833	997.8252240730473	1011.9785162832894	79.8538906586996	1006.8991796614579	NaN
1	0.10500000000000001	502.8533095570196	157.3679848078404	191.59535604888853	997.7673082720128	1012.185737613649	80.04098843111224	1007.2023216409841	NaN
1	0.10500000000000001	502.91157148011854	157.27920424808212	191.72136634383384	997.710954883472	1012.3916185751903	80.23258049050682	1007.4892315774807	NaN
1	0.10500000000000001	502.9698819314951	157.18871916625034	191.84944056215377	997.6562063590602	1012.5961343812247	80.42725409163685	1007.7594927517248	NaN
1	0.10500000000000001	503.02823123244144	157.09655680069142	191.9795509855187	997.6030875890573	1012.7992667183144	80.62359560162047	1008.0128274842016	NaN
1	0.10500000000000001	503.0866118024495	157.00274201435914	192.1116735684788	997.5516056350191	1013.001005496202	80.82020523984063	1008.2490978315872	NaN
1	0.10500000000000001	503.1450187121482	156.90729607055246	192.24578957453	997.5017497599529	1013.2013503517459	81.01571080182642	1008.4683037465999	NaN
1	0.10500000000000001	503.20345005315687	156.81023563505389	192.3818868856871	997.4534918314578	1013.4003114606298	81.20877955977592	1008.6705785259462	NaN
1	0.10500000000000001	503.26190726099117	156.71157181016974	192.51996126564967	997.4067869235189	1013.59791015131	81.39812856115665	1008.8561825690778	NaN
1	0.10500000000000001	503.32039519499915	156.61130954979777	192.6600170923297	997.3615742216697	1013.7941786764243	81.58253257373708	1009.0254952744784	NaN
1	0.10500000000000001	503.3789221899136	156.5094471250079	192.8020680283672	997.317777994563	1013.9891598966515	81.76083041289586	1009.1790063596995	NaN
1	0.10500000000000001	503.43749988299743	156.4059759939845	192.94613713840826	997.2753087354241	1014.1829062353927	81.93192916298274	1009.317306477048	NaN
1	0.10500000000000001	503.49614301157607	156.30088076458384	193.09225689186724	997.2340642765291	1014.375478577688	82.09480714723468	1009.4410781346409	NaN
1	0.10500000000000001	503.5548690843703	156.1941394299603	193.2404688006935	997.1939309201663	1014.5669448018755	82.24851563114636	1009.5510869550828	NaN
1	0.10500000000000001	503.6136979958828	156.0857237692549	193.39082284358443	997.15478451407	1014.7573781849769	82.3921797948799	1009.6481736747451	NaN
1	0.10500000000000001	503.6726515276215	155.97560002676428	193.54337651933426	997.1164915007618	1014.9468555075379	82.52499917750866	1009.733246909683	NaN
1	0.10500000000000001	503.73175285834134	155.86372965409706	193.69819382780867	997.0789098615446	1015.1354552611116	82.64624823811639	1009.8072769294442	NaN
1	0.10500000000000001	503.791025915531	155.7500704349741	193.85534373463264	997.0418900785343	1015.3232554239324	82.75527696910032	1009.871290126949	NaN
1	0.10500000000000001	503.8504947277628	155.6345777056439	194.0148985163396	997.005276032246	1015.5103313274432	82.85151224686577	1009.9263643055193	NaN
1	0.10500000000000001	503.9101826629274	155.51720589576163	194.17693167313664	996.9689059412598	1015.6967532533482	82.93445994114734	1009.9736244179647	NaN
1	0.10500000000000001	503.9701115855182	155.39791034044	194.34151547605188	996.9326133626732	1015.8825838801032	83.00370810756807	1010.0142385453736	NaN
1	0.10500000000000001	504.0303009590394	155.2766493220219	194.50871820341615	996.8962282875457	1016.0678756708764	83.0589314559642	1010.0494137845817	NaN
1	0.10500000000000001	504.090766880912	155.15338637445393	194.67860101848584	996.8595783960207	1016.2526681735629	83.09989712963795	1010.0803916167538	NaN
1	0.10500000000000001	504.15152110288926	155.02809274935572	194.85121462402643	996.8224905009099	1016.4369854052047	83.12647177449938	1010.1084423266292	NaN
1	0.10500000000000001	504.212570097882	154.90074991609623	195.0265958657642	996.7847922024591	1016.6208335085016	83.13862966437718	1010.1348580116595	NaN
1	0.10500000000000001	504.2739142755036	154.77135186873613	195.2047645930589	996.7463137409621	1016.8041989814797	83.13646141334847	1010.1609437673783	NaN
1	0.10500000000000001	504.33554745875756	154.63990697174935	195.38572114134817	996.7068900040254	1016.9870477935979	83.12018251526331	1010.1880067489058	NaN
1	0.10500000000000001	504.39745670664144	154.50643911559976	195.56944474758615	996.6663626265754	1017.1693256003571	83.09014071182288	1010.2173430082614	NaN
1	0.10500000000000001	504.459622673157	154.37098770654347	195.75589355093638	996.6245820049975	1017.3509595602667	83.0468209786813	1010.2502223639624	NaN
1	0.10500000000000001	504.5220204215973	154.23360658237627	195.94500605227458	996.5814091686135	1017.5318614378457	82.9908469962959	1010.2878718111259	NaN
1	0.10500000000000001	504.5846207880902	154.09436157124048	196.1367044246859	996.5367172945517	1017.7119321906697	82.9229781353937	1010.3314584187482	NaN
1	0.10500000000000001	504.64739212031736	153.95332700153372	196.3308992565777	996.4903928025823	1017.8910674572542	82.844101531022	1010.3820727911437	NaN
1	0.10500000000000001	504.71030222354676	153.8105814913157	196.52749528312597	996.4423359729861	1018.0691634096255	82.7552194338355	1010.4407142265065	NaN
1	0.10500000000000001	504.7733202891016	153.66620350964527	196.72639743661856	996.3924611103477	1018.2461223041086	82.6574326745355	1010.5082785038029	NaN
1	0.10500000000000001	504.8364186443606	153.52026709526075	196.92751669279198	996.3406962903632	1018.421857281756	82.55192146224881	1010.5855489360687	NaN
1	0.10500000000000001	504.89957412336264	153.3728382406041	197.13077501923192	996.2869828307004	1018.5962958893376	82.43992506660054	1010.6731908271421	NaN
1	0.10500000000000001	504.9627690414993	153.22397204655127	197.33610928372272	996.2312745482445	1018.7693823324323	82.32272168736502	1010.7717492021492	NaN
1	0.10500000000000001	505.025991700658	153.07371089012085	197.5434737889116	996.1735369592242	1018.9410783217393	82.2016097401507	1010.8816492468517	NaN
1	0.10500000000000001	505.08923650210227	152.92208349338281	197.75284158517923	996.1137464810931	1019.1113627930939	82.07789124705714	1011.003198839915	NaN
1	0.10500000000000001	505.15250374699144	152.7691047591475	197.96420474352232	996.0518896911444	1019.280230775371	81.95285767126546	1011.1365925097281	NaN
1	0.10500000000000001	505.21579915886286	152.61477633446322	198.17757363752395	995.9879627303753	1019.4476915464786	81.82777832254732	1011.281916076731	NaN
1	0.10500000000000001	505.27913324944547	152.45908763999367	198.39297559106998	995.9219708387542	1019.6137664393117	81.70389104219853	1011.4391515105481	NaN
1	0.10500000000000001	505.34252057625076	152.30201726341815	198.61045302786076	995.8539280487133	1019.778486448847	81.58239484071915	1011.6081815584758	NaN
1	0.10500000000000001	505.4059789216263	152.1435346532764	198.8300612060231	995.7838570612381	1019.9418897349033	81.46444409154888	1011.7887937992518	NaN
1	0.10500000000000001	505.4695284800858	151.98360190006417	199.05186582890352	995.7117892430243	1020.1040192550238	81.35114372521986	1011.9806840946736	NaN
1	0.10500000000000001	505.5331910387328	151.82217563744962	199.27594048323502	995.6377647697886	1020.2649204892059	81.24354506523986	1012.1834592992408	NaN
1	0.10500000000000001	505.596989189468	151.6592089608786	199.50236404401926	995.5618328681215	1020.4246393554903	81.14264187178875	1012.3966393445838	NaN
1	0.10500000000000001	505.66094555661095	151.49465339748946	199.7312179963679	995.484052157386	1020.5832202722478	81.0493663061109	1012.6196587516184	NaN
1	0.10500000000000001	505.7250821425514	151.3284606546831	199.96258405120588	995.4044909393779	1020.7407046168083	80.96458441940253	1012.8518681128013	NaN
1	0.10500000000000001	505.78941964889543	151.1605845021033	200.19654156011268	995.3232275708554	1020.8971292170352	80.88909122662683	1013.0925353107607	NaN
1	0.10500000000000001	505.853976949854	150.99098232127955	200.43316537587506	995.2403506636141	1021.0525253043069	80.82360503956588	1013.3408473775836	NaN
1	0.10500000000000001	505.9187705984943	150.8196166181199	200.67252374766252	995.1559592145236	1021.2069176197286	80.76876126001935	1013.5959128865965	NaN
1	0.10500000000000001	505.9838144564039	150.64645625025062	200.91467659633253	995.0701625106183	1021.3603238805542	80.72510564168417	1013.8567655103967	NaN
1	0.10500000000000001	506.0491193714515	150.47147755482513	201.159673911336	994.9830798685038	1021.5127544105062	80.69308729462242	1014.1223687272958	NaN
1	0.10500000000000001	506.1146930232707	150.29466504599688	201.4075547329066	994.8948400195845	1021.6642121996571	80.67305162347918	1014.391622376098	NaN
1	0.10500000000000001	506.18053976681415	150.11601212276682	201.65834610454712	994.8055803435731	1021.8146929780908	80.6652336259304	1014.6633705302148	NaN
1	0.10500000000000001	506.2466606470726	149.93552131274242	201.91206266205293	994.7154457082679	1021.9641856909864	80.66975181586028	1014.9364114664749	NaN
1	0.10500000000000001	506.31305339671684	149.75320454994983	202.16870616280386	994.6245871681471	1022.1126729249411	80.68660318239513	1015.2095089471165	NaN
1	0.10500000000000001	506.37971255086535	149.56908311669685	202.42826547636756	994.5331603514376	1022.260131581323	80.71565948345011	1015.4814052716908	NaN
1	0.10500000000000001	506.44662954526984	149.38318760878408	202.69071653331318	994.4413237380477	1022.4065334834096	80.75666515875083	1015.7508353794101	NaN
1	0.10500000000000001	506.51379287901216	149.19555769895362	202.956022550436	994.3492367467479	1022.5518460924085	80.80923710767378	1016.0165421022919	NaN
1	0.10500000000000001	506.5811883170248	149.00624176140883	203.22413444654794	994.2570577011741	1022.6960332669852	80.87286653366769	1016.2772921692311	NaN
1	0.10500000000000001	506.6487991560548	148.81529628688844	203.4949915515454	994.1649416848816	1022.8390561078111	80.94692301825098	1016.5318926973357	NaN
1	0.10500000000000001	506.71660656861997	148.62278504114204	203.7685226798842	994.0730383140134	1022.9808739059083	81.03066092982546	1016.7792078091932	NaN
1	0.10500000000000001	506.78459007516864	148.4287778164711	204.04464778791322	993.9814894131691	1023.1214452849928	81.12322824967696	1017.0181750856062	NaN
1	0.10500000000000001	506.85272815836043	148.23334872529713	204.32328029631756	993.8904266346151	1023.2607295458803	81.22367778478363	1017.247821362052	NaN
1	0.10500000000000001	506.92099895538286	148.03657420959428	204.6043298391987	993.7999691658194	1023.398688063178	81.33098049686085	1017.4672771024495	NaN
1	0.10500000000000001	506.98938114846345	147.83853041341254	204.88770595262432	993.7102214201516	1023.5352859638932	81.44404081981193	1017.6757892325764	NaN
1	0.10500000000000001	507.0578548608587	147.6392904659926	205.17332193167306	993.621271014686	1023.6704936827039	81.56171325239151	1017.8727313362018	NaN
1	0.10500000000000001	507.126402581849	147.43892161140303	205.46109895313094	993.5331870313283	1023.804288445159	81.68281970326406	1018.0576110288481	NaN
1	0.10500000000000001	507.1950100678673	147.23748234311375	205.7509702419614	993.4460186412094	1023.936655579908	81.80616691012817	1018.2300742285223	NaN
1	0.10500000000000001	507.2636670813489	147.03501996025852	206.04288468330577	993.3597942571535	1024.06758940867	81.93056309153947	1018.389906057177	NaN
1	0.10500000000000001	507.3323680212254	146.83156840497497	206.33681007798327	993.2745211101162	1024.1970938470981	82.05483339517917	1018.5370288341326	NaN
1	0.10500000000000001	507.40111230514134	146.62714681116506	206.63273541467106	993.1901853756567	1024.325182479683	82.17783348313188	1018.6714972888683	NaN
1	0.10500000000000001	507.46990456939574	146.42175859118393	206.9306723979664	993.1067527042034	1024.4518782714133	82.2984611203928	1018.7934917454361	NaN
1	0.10500000000000001	507.5387546806235	146.21539109494077	207.2306561720998	993.0241690996395	1024.5772129348768	82.41566566682876	1018.9033098548167	NaN
1	0.10500000000000001	507.6076775165507	146.00801598545686	207.53274501871357	992.9423621356428	1024.701225904794	82.52845546536344	1019.0013574006115	NaN
1	0.10500000000000001	507.67669261824597	145.79959003823222	207.8370194409421	992.8612423323029	1024.8239631336203	82.63590350263101	1019.088138882965	NaN
1	0.10500000000000001	507.7458236414405	145.59005659212514	208.14358029047423	992.780704738169	1024.9454755975012	82.73715151777603	1019.1642481936398	NaN
1	0.10500000000000001	507.81509771993836	145.37934731968497	208.45254640949278	992.7006305557053	1025.0658177329728	82.8314131056834	1019.2303598535133	NaN
1	0.10500000000000001	507.88454465073596	145.16738459617318	208.7640513679242	992.6208889030704	1025.1850456583463	82.91797607341941	1019.2872208888426	NaN
1	0.10500000000000001	507.9541959545273	144.95408431158583	209.07823950975634	992.5413386494567	1025.3032152911899	82.99620455540408	1019.3356435004454	NaN
1	0.10500000000000001	508.0240838223243	144.7393590970392	209.39526133768217	992.4618303280669	1025.420380393149	83.06554129431261	1019.3764984797426	NaN
1	0.10500000000000001	508.0942398596348	144.5231222420889	209.71526781307514	992.3822082574821	1025.536590408742	83.12551036388774	1019.4107091600507	NaN
1	0.10500000000000001	508.16469371864554	144.30529203159523	210.03840395334603	992.302312811572	1025.6518882710004	83.17572075932131	1019.4392457076071	NaN
1	0.10500000000000001	508.2354715889716	144.08579659544623	210.3648015721912	992.2219829284344	1025.7663081409366	83.21587103153493	1019.4631193468904	NaN
1	0.10500000000000001	508.3065945651858	143.86457921771162	210.69457122346535	992.1410589041101	1025.8798731296365	83.24575507270961	1019.4833760612156	NaN
1	0.10500000000000001	508.37807703641795	143.6416036528157	211.0277940068291	992.0593853775279	1025.9925932495885	83.26526902352447	1019.5010892688965	NaN
1	0.10500000000000001	508.4499252195344	143.41685905998585	211.3645138106428	991.9768144338844	1026.1044637835714	83.2744189431194	1019.5173509254834	NaN
1	0.10500000000000001	508.5221360057128	143.19036400720026	211.70473082034385	991.8932086779464	1026.215464315114	83.27332858553372	1019.5332605862172	NaN
1	0.10500000000000001	508.5946964362734	142.96216852523855	212.0483978485307	991.8084439204323	1026.325558858245	83.26224628904085	1019.5499121829795	NaN
1	0.10500000000000001	508.6675838643007	142.73235399228423	212.39541986854	991.7224113616991	1026.4346970877916	83.24154970600702	1019.5683785448865	NaN
1	0.10500000000000001	508.74076717314426	142.5010296338758	212.74565865407476	991.6350187226983	1026.5428171225487	83.21174700333006	1019.5896942155948	NaN
1	0.10500000000000001	508.81420873939146	142.2683265728414	213.0989412037591	991.5461905100102	1026.6498492626515	83.17347346593141	1019.6148374358013	NaN
1	0.10500000000000001	508.887867236689	142.03438908913205	213.45507254723248	991.4558670882008	1026.755720713204	83.12748286493333	1019.6447126233683	NaN
1	0.10500000000000001	508.9617007026671	141.79936489749971	213.81385026089816	991.3640030401268	1026.8603603597392	83.0746338704888	1019.6801346220443	NaN
1	0.10500000000000001	509.0356696019069	141.563395296637	214.17507942553303	991.270564982546	1026.9637031832806	83.01587242344257	1019.7218158844619	NaN
1	0.10500000000000001	509.10973950153453	141.32660643235374	214.53858613038034	991.1755292238199	1027.0656937862643	82.95221155210419	1019.7703572955508	NaN
1	0.10500000000000001	509.18388302864093	141.08910276867942	214.90422781266378	991.078879685946	1027.166288633594	82.88471037913189	1019.8262427645335	NaN
1	0.10500000000000001	509.25808115166984	140.85096267643735	215.27190051120843	990.9806061192729	1027.265457162093	82.81445370789133	1019.8898373824512	NaN
1	0.10500000000000001	509.3323236860048	140.6122364986355	215.64154241521462	990.8807028668206	1027.3631817204594	82.74253340568532	1019.9613884594893	NaN
1	0.10500000000000001	509.4066091863472	140.37294660575873	216.01313438961404	990.7791681195084	1027.4594566562685	82.67003218746623	1020.0410287001001	NaN
1	0.10500000000000001	509.4809443718252	140.13308899524452	216.38669810928988	990.6760036130111	1027.554286819986	82.59801000693541	1020.1287807459834	NaN
1	0.10500000000000001	509.5553432241588	139.89263599718916	216.76229243685583	990.5712147001933	1027.6476857259293	82.52749293569232	1020.2245624051146	NaN
1	0.10500000000000001	509.6298258717835	139.65153972840608	217.14000856801388	990.4648107395044	1027.7396735543277	82.45946420013449	1020.3281920194844	NaN
1	0.10500000000000001	509.7044173495483	139.40973600610684	217.5199643721831	990.3568057400935	1027.8302751327067	82.39485692265124	1020.4393935891057	NaN
1	0.10500000000000001	509.7791463501053	139.1671483419153	217.90229850926224	990.2472191337513	1027.9195180520512	82.33454803020096	1020.5578015168104	NaN
1	0.10500000000000001	509.85404393738384	138.9236921063592	218.2871641741109	990.1360767271518	1028.00743088503	82.27935292435757	1020.6829648091152	NaN
1	0.10500000000000001	509.9291422846844	138.67927865498646	218.67472279137593	990.0234117378329	1028.0940415839514	82.23002045639554	1020.8143508366908	NaN
1	0.10500000000000001	510.00447344999856	138.43381936808683	219.06513773469024	989.9092658717469	1028.1793760699643	82.18722786669308	1020.951348816977	NaN
1	0.10500000000000001	510.0800681713663	138.18722965318292	219.45856799048593	989.7936904343734	1028.2634569900624	82.15157544965697	1021.0932732194336	NaN
1	0.10500000000000001	510.1559547058298	137.9394328270918	219.85516189648752	989.6767473986964	1028.3463026651225	82.12358077351018	1021.2393674333258	NaN
1	0.10500000000000001	510.2321577123877	137.69036386966437	220.25505096676991	989.5585103823491	1028.4279262233995	82.10367241224266	1021.3888080474181	NaN
1	0.10500000000000001	510.3086972018629	137.43997296788234	220.65834393374726	989.4390654497817	1028.508334936661	82.09218325683149	1021.5407101539611	NaN
1	0.10500000000000001	510.38558754915795	137.1882288586209	221.06512099559544	989.3185116992408	1028.5875297436535	82.08934360487004	1021.6941340273333	NaN
1	0.10500000000000001	510.46283667386456	136.9351216166462	221.4754288446986	989.1969614267666	1028.6655050558484	82.09527434527199	1021.8480937041065	NaN
1	0.10500000000000001	510.5404454032069	136.68066483466146	221.88927657893385	989.0745398114603	1028.7422488320037	82.1099807209987	1022.001567722307	NaN
1	0.10500000000000001	510.61840711161443	136.42489687945653	222.30663303047209	988.9513839565694	1028.8177429818559	82.1333472594777	1022.1535122943757	NaN
1	0.10500000000000001	510.69670770909534	136.16788098080596	222.72742594295983	988.8276411762649	1028.8919641224459	82.1651345555046	1022.3028769506647	NaN
1	0.10500000000000001	510.7753260571743	135.909703889159	223.15154347478008	988.703466433863	1028.9648847047408	82.20497861879662	1022.4486224642454	NaN
1	0.10500000000000001	510.85423483796177	135.65047301464068	223.57883822920127	988.5790189501466	1029.0364744684093	82.25239341712006	1022.5897405082634	NaN
1	0.10500000000000001	510.9334019133893	135.39031192499885	224.00913407703294	988.454458009681	1029.1067021902575	82.30677708766869	1022.7252742811379	NaN
1	0.10500000000000001	511.012792063681	135.12935456952127	224.44223523235055	988.3299382467353	1029.1755375618625	82.36742194423644	1022.8543389006644	NaN
1	0.10500000000000001	511.0923690437897	134.86773843646117	224.8779372936889	988.2056046214764	1029.242953094954	82.43352809408157	1022.9761404201117	NaN
1	0.10500000000000001	511.1720977056283	134.60559748182916	225.3160388998467	988.0815875880068	1029.3089258106668	82.50421999151975	1023.0899921119237	NaN
1	0.10500000000000001	511.25194611977315	134.34305505829525	225.7563536342402	987.9579986394397	1029.3734386604117	82.57856509737341	1023.1953272221584	NaN
1	0.10500000000000001	511.33188743519014	134.0802177145115	226.19872071866078	987.834926684501	1029.4364814867952	82.65559347506975	1023.291707437844	NaN
1	0.10500000000000001	511.4119013929957	133.81717015043003	226.64301398407886	987.712435390857	1029.4980515091452	82.73431724818845	1023.3788269784512	NaN
1	0.10500000000000001	511.49197539983237	133.5539716459068	227.08914853664302	987.5905616087342	1029.5581533221502	82.81374893280483	1023.456512548765	NaN
1	0.10500000000000001	511.57210515124814	133.29065399794416	227.53708500016418	987.4693148277712	1029.6167984690583	82.89291793183021	1023.5247197615893	NaN
1	0.10500000000000001	511.652294799433	133.0272209857657	227.98683124037308	987.3486775960242	1029.674004651414	82.97088473306006	1023.5835267976029	NaN
1	0.10500000000000001	511.73255673574533	132.76364913013416	228.4384419075236	987.228606708672	1029.729794686232	83.04675268762927	1023.6331261853937	NaN
1	0.10500000000000001	511.8129110368319	132.49988958240533	228.89201602500427	987.1090350125695	1029.7841952927672	83.11967745559666	1023.6738155028561	NaN
1	0.10500000000000001	511.89338458345566	132.23587110747815	229.34769263614825	986.9898737435843	1029.8372357548685	83.18887435623131	1023.7059876764627	NaN
1	0.10500000000000001	511.97400996931736	131.97150376860486	229.80564514017908	986.8710151696944	1029.8889465693935	83.25362409276191	1023.7301214604136	NaN
1	0.10500000000000001	512.0548241637968	131.70668342479078	230.26607409112273	986.7523355614316	1029.9393580784993	83.31327725573493	1023.7467724185859	NaN
1	0.10500000000000001	512.1358669301457	131.4412970268035	230.72919844460128	986.633698473466	1029.988499110405	83.36725809058751	1023.7565646106358	NaN
1	0.10500000000000001	512.2171790500258	131.1752285352383	231.19524552168642	986.5149582692586	1030.0363956814854	83.41506804220911	1023.7601830190522	NaN
1	0.10500000000000001	512.2988002890778	130.90836566378627	231.66443929736235	986.3959640105594	1030.0830697405943	83.45628945814939	1023.7583665708223	NaN
1	0.10500000000000001	512.3807671488955	130.64060728690666	232.13698725169124	986.2765636885965	1030.128538007086	83.49058982966329	1023.751901482363	NaN
1	0.10500000000000001	512.4631104359312	130.3718713992457	232.61306594228003	986.1566088113084	1030.1728109414278	83.51772679087281	1023.7416145036873	NaN
1	0.10500000000000001	512.5458528088217	130.10210308691876	233.0928062215376	986.0359591800465	1030.215891952072	83.53755393814012	1023.7283655089798	NaN
1	0.10500000000000001	512.6290064668678	129.83128197020815	233.57627905099724	985.9144876874142	1030.257776922879	83.55002722715597	1023.7130388061823	NaN
1	0.10500000000000001	512.7125713298288	129.5594279725183	234.0634839806119	985.7920846790294	1030.298454214716	83.55521139961114	1023.6965325394032	NaN
1	0.10500000000000001	512.7965340526307	129.2866043036608	234.55434236721678	985.6686613948257	1030.337905245571	83.55328549218814	1023.6797457205736	NaN
1	0.10500000000000001	512.8808682459234	129.01291647125657	235.04869760902238	985.544151907753	1030.3761057194322	83.54454618831252	1023.6635627629861	NaN
1	0.10500000000000001	512.9655361788608	128.7385064582111	235.54632415989582	985.4185130436861	1030.4130274828167	83.52940765980969	1023.6488358955006	NaN
1	0.10500000000000001	513.0504917630342	128.4635427654735	236.04694429869872	985.2917224044866	1030.4486407528393	83.50839682301279	1023.6363664604312	NaN
1	0.10500000000000001	513.1356846449746	128.18820692788944	236.55025176514948	985.1637745392396	1030.4829164973758	83.48214351673069	1023.626886491887	NaN
1	0.10500000000000001	513.2210646986994	127.91267883904781	237.05593816609996	985.0346761132429	1030.5158285677985	83.45136596285336	1023.6210421837678	NaN
1	0.10500000000000001	513.3065862834923	127.63712295989627	237.56371840241545	984.9044408787495	1030.5473553063503	83.41685264708406	1023.619380594232	NaN
1	0.10500000000000001	513.3922117303263	127.36167714449039	238.07335187361318	984.7730851943825	1030.5774804695213	83.3794422299811	1023.6223404036587	NaN
1	0.10500000000000001	513.4779137519266	127.08644504752175	238.5846575394037	984.6406245832816	1030.6061934568797	83.34000316272652	1023.6302469020764	NaN
1	0.10500000000000001	513.5636766695093	126.81149242561497	239.09752207309347	984.5070715918071	1030.6334889372333	83.29941442268073	1023.6433108194523	NaN
1	0.10500000000000001	513.649496613228	126.53684678974528	239.61190192153995	984.3724348446864	1030.659366055494	83.25854827775723	1023.6616302563477	NaN
1	0.10500000000000001	513.7353809006518	126.26249971704628	240.12782039635908	984.2367191236834	1030.6838273952583	83.21825551192299	1023.6851948417983	NaN
1	0.10500000000000001	513.8213468208586	125.98841106162972	240.64536109076386	984.0999262437301	1030.7068778504474	83.17935313316781	1023.7138912829212	NaN
1	0.10500000000000001	513.9074200192235	125.71451441539402	241.1646587500066	983.9620565217595	1030.728523520856	83.1426143024439	1023.7475096137459	NaN
1	0.10500000000000001	513.9936326492049	125.4407232687776	241.68588857356133	983.8231106447007	1030.748770713899	83.10876005120977	1023.7857496508619	NaN
1	0.10500000000000001	514.0800213945477	125.16693752773857	242.20925456518881	983.6830918100827	1030.7676250996667	83.07845230058915	1023.8282273636157	NaN
1	0.10500000000000001	514.1666254321188	124.89305015283225	242.73497735673368	983.5420080375987	1030.7850910464263	83.0522877037187	1023.8744810570785	NaN
1	0.10500000000000001	514.2534843222068	124.61895395237457	243.2632814311449	983.3998746625718	1030.8011711398153	83.03079190776845	1023.9239773982196	NaN
1	0.10500000000000001	514.3406359094463	124.3445482575844	243.79438225660368	983.2567168478973	1030.815865906176	83.01441388530769	1023.976117508988	NaN
1	0.10500000000000001	514.4281142153457	124.06974553250708	244.3284732269016	983.1125721027483	1030.8291737345899	83.00352014170619	1024.030243414313	NaN
1	0.10500000000000001	514.5159473580825	123.79447779900029	244.86571263602877	982.9674926991232	1030.8410910011921	82.99838872937892	1024.0856452350893	NaN
1	0.10500000000000001	514.6041556756234	123.51870232060698	245.40621177900556	982.8215476409888	1030.8516124094874	82.99920317180559	1024.1415696406798	NaN
1	0.10500000000000001	514.6927500569878	123.24240653353444	245.95002423385918	982.6748241260769	1030.8607315201027	83.00604662828506	1024.1972299405463	NaN
1	0.10500000000000001	514.7817307417786	122.96561142116883	246.49713795006508	982.5274280318617	1030.8684414617992	83.01889681491768	1024.2518182452698	NaN
1	0.10500000000000001	514.8710868139378	122.68837265273035	247.04747157823857	982.3794830360961	1030.8747357787115	83.03762242216507	1024.304519903134	NaN
1	0.10500000000000001	514.9607965348465	122.41077907436414	247.6008759917873	982.2311281518057	1030.8796093357214	83.06198188025355	1024.354530066984	NaN
1	0.10500000000000001	515.0508285956356	122.13294835586125	248.15714155437965	982.0825136071983	1030.8830591844517	83.09162528302465	1024.4010718584902	NaN
1	0.10500000000000001	515.1411443915025	121.85501953578881	248.71601182904539	981.9337950050937	1030.8850852853304	83.12610012025412	1024.4434152653375	NaN
1	0.10500000000000001	515.2317009944353	121.57714352604145	249.27720178078664	981.7851264317102	1030.8856909733722	83.16486100159982	1024.4808954380978	NaN
1	0.10500000000000001	515.3224546258921	121.29947223548523	249.84041927075975	981.6366529851093	1030.8848830999666	83.20728311915526	1024.5129290902767	NaN
1	0.10500000000000001	515.4133641054973	121.02214795147276	250.40538659626793	981.488503709931	1030.882671824078	83.25267861206447	1024.5390277426413	NaN
1	0.10500000000000001	515.5043940283546	120.74529374021895	250.97186051375158	981.3407854273971	1030.8790700824572	83.30031475420832	1024.5588070560812	NaN
1	0.10500000000000001	515.5955172524481	120.46900612504457	251.53964809899054	981.1935781743662	1030.8740928112163	83.34943264775484	1024.5719919082903	NaN
1	0.10500000000000001	515.6867165997429	120.1933502952507	252.10861778621523	981.0469323829504	1030.867756015794	83.39926529555434	1024.5784174479545	NaN
1	0.10500000000000001	515.777985757588	119.91835783803401	252.67870544658808	980.9008677569935	1030.8600757863096	83.44905418044463	1024.5780267073678	NaN
1	0.10500000000000001	515.8693293563044	119.6440270138987	253.2499153054425	980.7553737924768	1030.8510673526346	83.49806376189487	1024.5708655681772	NaN
1	0.10500000000000001	515.9607624013325	119.37032498638106	253.82231677152353	980.6104115551559	1030.8407442459272	83.54559371983869	1024.5570759497207	NaN
1	0.10500000000000001	516.0523091585156	119.09719166647989	254.39603776728435	980.4659164655299	1030.8291176179484	83.59098900373382	1024.5368880036172	NaN
1	0.10500000000000001	516.1440015742821	118.82454488845782	254.97125505380686	980.321801883538	1030.816195756293	83.63364794292734	1024.5106119673821	NaN
1	0.10500000000000001	516.2358773485942	118.55228653220469	255.54818227878712	980.1779632501585	1030.8019838154078	83.6730288260419	1024.4786301375452	NaN
1	0.10500000000000001	516.3279776685652	118.28030954007023	256.1270557931143	980.0342827402212	1030.7864837875322	83.70865536627808	1024.4413892485766	NaN
1	0.10500000000000001	516.4203446775366	118.00850557918974	256.7081187051333	979.8906342980092	1030.769694723411	83.74012150409335	1024.3993933362274	NaN
1	0.10500000000000001	516.513018714211	117.73677322308431	257.2916033936716	979.746889012108	1030.751613212742	83.7670959191556	1024.3531969883225	NaN
1	0.10500000000000001	516.6060353741323	117.46502647650418	257.87771281548044	979.6029207760024	1030.73223412771	83.78932651874135	1024.3033987226786	NaN
1	0.10500000000000001	516.6994226107272	117.19320299175337	258.4666019865813	979.4586119390498	1030.7115515911864	83.80664503815699	1024.2506340163786	NaN
1	0.10500000000000001	516.7931980184683	116.92127155893925	259.0583605548146	979.313858775273	1030.6895601281255	83.81897162226566	1024.1955674642322	NaN
1	0.10500000000000001	516.88736669275	116.64923773863126	259.65299897768045	979.1685762031308	1030.6662558817552	83.82631903632652	1024.1388834150894	NaN
1	0.10500000000000001	516.9819200957945	116.37714644198063	260.250441050374	979.0227011188114	1030.6416377278003	83.82879584539768	1024.0812745217775	NaN
1	0.10500000000000001	517.0768361935643	116.10508077497543	260.85052449825884	978.8761939254838	1030.615708123324	83.82660767318833	1024.0234279984336	NaN
1	0.10500000000000001	517.1720811965886	115.83315629844343	261.45301177758665	978.7290376914639	1030.588473481026	83.82005561404104	1023.9660097102061	NaN
1	0.10500000000000001	517.2676127367657	115.56151131220025	262.05761005615113	978.5812350979406	1030.5599439795767	83.80953104970303	1023.9096469272997	NaN
1	0.10500000000000001	517.3633841664022	115.29029417320493	262.6639984055897	978.4328035316635	1030.530132784785	83.79550658092592	1023.8549109741515	NaN
1	0.10500000000000001	517.4593492830085	115.01964970868667	263.27185779402635	978.2837692666449	1030.4990548151286	83.77852339017531	1023.8023013270491	NaN
1	0.10500000000000001	517.555466794895	114.749706688572	263.8808995189183	978.1341616901924	1030.4667252517304	83.75917591335323	1023.7522325290379	NaN
1	0.10500000000000001	517.651703927807	114.48056801781689	264.49088824569293	977.9840084478446	1030.433158031043	83.73809504338443	1023.705024853163	NaN
1	0.10500000000000001	517.7480388305215	114.21230453357329	265.10165744592206	977.8333320393964	1030.398364522714	83.71593113050925	1023.6608990279701	NaN
1	0.10500000000000001	517.8444617454003	113.94495240403822	265.71311698605575	977.6821479658526	1030.3623525105027	83.69333781848228	1023.6199747630984	NaN
1	0.10500000000000001	517.9409750368172	113.67851377027085	266.32525343251353	977.530464357143	1030.3251255458747	83.67095741893289	1023.5822724787206	NaN
1	0.10500000000000001	518.0375921945166	113.4129602130612	266.9381238029188	977.3782829824837	1030.2866827232094	83.64940817488987	1023.5477175071532	NaN
1	0.10500000000000001	518.1343362795801	113.14823767959918	267.5518457274701	977.2256009859874	1030.2470187666527	83.6292733760221	1023.5161459294255	NaN
1	0.10500000000000001	518.231237821445	112.88427279753361	268.1665840797889	977.07241339255	1030.2061244688005	83.61109217851681	1023.4873115239942	NaN
1	0.10500000000000001	518.3283323783194	112.62097995251486	268.7825354346904	976.9187160878977	1030.1639874302375	83.59535180524486	1023.460893377315	NaN
1	0.10500000000000001	518.4256579551762	112.3582685743921	269.39991159870675	976.76450898097	1030.1205930362987	83.58248076939074	1023.4365039074142	NaN
1	0.10500000000000001	518.5232522964586	112.09605057040403	270.01892233781825	976.6097993162866	1030.0759256707238	83.57284282945139	1023.4136972722911	NaN
1	0.10500000000000001	518.6211501402958	111.83424765889063	270.6397578697297	976.4546049781258	1030.0299701308327	83.56673144732507	1023.3919782462694	NaN
1	0.10500000000000001	518.7193806414793	111.57279804530143	271.26257245188606	976.2989574265392	1029.982713141579	83.5643646448649	1023.3708117226419	NaN
1	0.10500000000000001	518.8179649769548	111.31166241427619	271.8874691677396	976.1429042091331	1029.9341449424512	83.56588033756968	1023.3496330899925	NaN
1	0.10500000000000001	518.9169144047943	111.05082853683354	272.51448764199824	975.9865105913269	1029.8842607883298	83.57133238011032	1023.3278596457595	NaN
1	0.10500000000000001	519.0162291085597	110.79031366083473	273.14359679501706	975.8298597700729	1029.8330621484838	83.58068776333087	1023.3049030933184	NaN
1	0.10500000000000001	519.1158978621139	110.53016466189018	273.77469285616667	975.6730516353592	1029.7805575163686	83.59382552509663	1023.2801830372056	NaN
1	0.10500000000000001	519.2158989044298	110.27045501968303	274.407605091313	975.516199521113	1029.7267625487848	83.61053799807502	1023.2531410516721	NaN
1	0.10500000000000001	519.3162018847686	110.01127909212369	275.04210833501077	975.3594252612693	1029.6716995148286	83.63053489761799	1023.223254737586	NaN
1	0.10500000000000001	519.4167708115556	109.75274396074609	275.6779418723218	975.2028527783011	1029.6153960110591	83.6534505157999	1023.1900509497307	NaN
1	0.10500000000000001	519.5175676496273	109.49495985182178	276.3148323843769	975.046600893111	1029.5578830771303	83.67885391287611	1023.1531173602646	NaN
1	0.10500000000000001	519.6185560738363	109.23803044745955	276.95251781242155	974.8907762392263	1029.4991929626397	83.7062615931712	1023.1121116610775	NaN
1	0.10500000000000001	519.7197049644105	108.98204415253643	277.5907694961268	974.7354670023095	1029.4393567957654	83.7351518646363	1023.0667679405295	NaN
1	0.10500000000000001	519.8209911553616	108.72706752359214	278.22940949033784	974.5807382655814	1029.3784024856147	83.76497989426794	1023.0169001647715	NaN
1	0.10500000000000001	519.9224013489395	108.47314100857099	278.86832251736803	974.4266290686741	1029.3163529812823	83.79519257985177	1022.9624029014352	NaN
1	0.10500000000000001	520.0239329905304	108.22027743005165	279.5074612763785	974.2731514297163	1029.2532250881754	83.82524246651776	1022.9032497675836	NaN
1	0.10500000000000001	520.1255942538988	107.96846274331322	280.14684608303963	974.120291012254	1029.189028826934	83.85460025933602	1022.8394900985946	NaN
1	0.10500000000000001	520.2274031478037	107.71765895741541	280.78655894189376	973.9680093247531	1029.12376739232	83.88276568556736	1022.771244460461	NaN
1	0.10500000000000001	520.3293860019163	107.46780850522255	281.42673370949035	973.8162469750597	1029.0574376014213	83.90927674629381	1022.6986994392844	NaN
1	0.10500000000000001	520.4315753558202	107.21883994499399	282.0675425319973	973.6649278726014	1028.990030852189	83.93371748641091	1022.6221021650595	NaN
1	0.10500000000000001	520.5340074235127	106.97067451938213	282.70917967503516	973.5139640678032	1028.9215345084217	83.95572454764402	1022.5417547861705	NaN
1	0.10500000000000001	520.6367193013334	106.72323312680258	283.35184383008203	973.3632609505102	1028.8519336158527	83.97499278314912	1022.4580089314059	NaN
1	0.10500000000000001	520.7397458943136	106.47644373872126	283.995718770164	973.2127228340395	1028.7812129746094	83.99128013039184	1022.3712601939764	NaN
1	0.10500000000000001	520.8431169324953	106.23024835124052	284.6409547051756	973.062258385782	1028.709359317872	84.00441192277282	1022.2819422272238	NaN
1	0.10500000000000001	520.9468541712695	105.9846092548306	285.28765093693943	972.9117857897168	1028.6363635180994	84.01428460527328	1022.1905201650084	NaN
1	0.10500000000000001	521.0509691144714	105.73951384197423	285.93584192983775	972.761237174204	1028.5622225621578	84.02086868814905	1022.0974828610169	NaN
1	0.10500000000000001	521.1554616232015	105.49497715383946	286.58548903854467	972.6105618052003	1028.4869409981723	84.02421058435297	1022.0033334704266	NaN
1	0.10500000000000001	521.260319726743	105.25104151657878	287.23647981482566	972.459727603785	1028.4105315691868	84.02443283253618	1021.9085780872454	NaN
1	0.10500000000000001	521.3655208210239	105.00777295657223	287.8886359731937	972.3087207171953	1028.3330148273915	84.02173216792323	1021.8137124955886	NaN
1	0.10500000000000001	521.4710342272767	104.76525459406972	288.541729754297	972.1575431543953	1028.2544176724919	84.01637501148932	1021.7192075395814	NaN
1	0.10500000000000001	521.5768248310072	104.5235777881414	289.1955068557322	972.0062088362866	1028.1747709529488	84.00869020710937	1021.6254940504746	NaN
1	0.10500000000000001	521.6828571924034	104.28283251963873	289.84971208328767	971.8547388663492	1028.094106540002	83.99905920449086	1021.5329486448322	NaN
1	0.10500000000000001	521.7890996352121	104.04309816940777	290.5041146313858	971.7031566596398	1028.012454234117	83.98790422761512	1021.4418815195708	NaN
1	0.10500000000000001	521.8955276171034	103.80443624861384	291.1585286874023	971.5514838726563	1027.9298390532363	83.9756752257412	1021.3525273223438	NaN
1	0.10500000000000001	522.0021261510644	103.56688552234874	291.8128279779292	971.399737432044	1027.8462791265633	83.96283644757672	1021.2650394664453	NaN
1	0.10500000000000001	522.1088909566266	103.33046014142629	292.46695234671114	971.2479281141466	1027.7617845018115	83.94985340989382	1021.1794880497877	NaN
1	0.10500000000000001	522.2158285493799	103.09515019943402	293.1209077273514	971.0960603920503	1027.6763567657465	83.9371807881494	1021.0958608825791	NaN
1	0.10500000000000001	522.3229552974125	102.86092454778709	293.7747597673811	970.9441335345344	1027.5899895086225	83.9252515515058	1021.0140671817434	NaN
1	0.10500000000000001	522.4302956912604	102.62773523336904	294.42862269179733	970.7921436329581	1027.5026694812846	83.91446743261054	1020.933943307268	NaN
1	0.10500000000000001	522.5378800490017	102.3955230051218	295.08264482585207	970.6400862629832	1027.4143782981437	83.90519067276651	1020.855260012592	NaN
1	0.10500000000000001	522.6457418021732	102.16422352329022	295.736991720058	970.4879595864049	1027.3250945883267	83.89773690657691	1020.7777308507013	NaN
1	0.10500000000000001	522.7539145976489	101.93377373122637	296.39182835078446	970.3357675616616	1027.234796413	83.8923690248298	1020.7010214346403	NaN
1	0.10500000000000001	522.8624292862071	101.70411822242178	297.0473008564408	970.1835231558152	1027.1434638918247	83.88929190921603	1020.6247594809477	NaN
1	0.10500000000000001	522.9713111815181	101.47521478703987	297.703520147854	970.0312510075826	1027.0510817103202	83.88864800508948	1020.5485454174677	NaN
1	0.10500000000000001	523.0805776018556	101.2470391379946	298.36054745920393	969.8789895195249	1026.9576414775654	83.8905138399599	1020.4719636266314	NaN
1	0.10500000000000001	523.1902361947866	101.01958780928342	299.01838482623066	969.7267916882477	1026.8631434811177	83.89489770895507	1020.3945940107063	NaN
1	0.10500000000000001	523.3002841328682	100.79287912226977	299.6769709537322	969.5747245857257	1026.7675977198037	83.90173886882256	1020.3160237460838	NaN
1	0.10500000000000001	523.4107085312986	100.56695159018086	300.33618448453853	969.4228670698697	1026.6710238619391	83.91090862906813	1020.2358587389767	NaN
1	0.10500000000000001	523.5214880037665	100.34186005173862	300.9958540463172	969.2713059382644	1026.57345014641	83.92221367135149	1020.1537344076075	NaN
1	0.10500000000000001	523.6325953820107	100.11766959633829	301.65577510033614	969.120130608643	1026.4749111557858	83.93540178322444	1020.0693251714388	NaN
1	0.10500000000000001	523.7440011192358	99.89444835521914	302.31573061378975	968.9694271073183	1026.3754448475313	83.95016992030476	1019.9823523125126	NaN
1	0.10500000000000001	523.8556770354339	99.6722599050109	302.97551344344436	968.8192719344527	1026.2750891331702	83.96617425488004	1019.8925898184486	NaN
1	0.10500000000000001	523.9675997264512	99.45115665230368	303.6349463803804	968.6697267895104	1026.1738786198316	83.9830416032102	1019.7998682431975	NaN
1	0.10500000000000001	524.0797534202189	99.23117458836916	304.2938986022484	968.5208344628069	1026.0718417395367	84.00038155380845	1019.704076514217	NaN
1	0.10500000000000001	524.1921317397206	99.01233040656334	304.9522954177484	968.3726165843348	1025.9689987971453	84.0177985647331	1019.6051621448488	NaN
1	0.10500000000000001	524.304738519928	98.79462058956297	305.6101222780916	968.2250729623443	1025.8653608529673	84.03490349453352	1019.5031299718619	NaN
1	0.10500000000000001	524.4175874581503	98.57802279410559	306.2674218789872	968.0781827148787	1025.7609296862372	84.05132413696238	1019.3980399846602	NaN
1	0.10500000000000001	524.5307008538592	98.36249893233132	306.92428597799733	967.9319067605192	1025.6556986448104	84.06671457941874	1019.290004454626	NaN
1	0.10500000000000001	524.6441076028452	98.14799955036237	307.5808429962922	967.7861913698713	1025.5496542567837	84.08076334185776	1019.1791846038963	NaN
1	0.10500000000000001	524.7578405231594	97.93446928734531	308.2372419525891	967.6409726086123	1025.4427785519292	84.0932003446952	1019.0657870525297	NaN
1	0.10500000000000001	524.8719332510943	97.721852908639	308.89363419459414	967.4961813148734	1025.3350518829657	84.10380282380298	1018.9500600180211	NaN
1	0.10500000000000001	524.9864170368924	97.51010126487702	309.5501548863725	967.3517481642872	1025.226455939404	84.11240029722	1018.8322890201164	NaN
1	0.10500000000000001	525.1013175557151	97.29917695667493	310.2069049418391	967.2076086709784	1025.1169768392836	84.118878592739	1018.7127919631475	NaN
1	0.10500000000000001	525.2166521857065	97.08905888690532	310.8639359906848	967.0637075630443	1025.0066078582934	84.12318286970842	1018.5919130806949	NaN
1	0.10500000000000001	525.3324280853961	96.87974514782938	311.5212402151519	966.9200021393206	1024.8953514573782	84.12531942695405	1018.4700153568382	NaN
1	0.10500000000000001	525.4486414422008	96.67125365664006	312.1787470631234	966.776464170681	1024.7832202233844	84.12535599070632	1018.3474710858877	NaN
1	0.10500000000000001	525.5652781689679	96.46362016250002	312.83632824326264	966.6330800261203	1024.6702364205887	84.1234201336119	1018.2246504828086	NaN
1	0.10500000000000001	525.6823159954714	96.2568938595765	313.4938105027268	966.4898491001413	1024.5564301672805	84.11969553835738	1018.1019087871459	NaN
1	0.10500000000000001	525.799727860492	96.051130906426	314.15099545469013	966.3467806497384	1024.4418362966007	84.1144159923328	1017.9795725041952	NaN
1	0.10500000000000001	525.917485870787	95.84638724794064	314.8076821697907	966.2038899120026	1024.3264905934218	84.1078572641324	1017.8579261701334	NaN
1	0.10500000000000001	526.035565462459	95.64271141947813	315.4636904078634	966.0611939025348	1024.2104257575904	84.10032726410097	1017.7372005893872	NaN
1	0.10500000000000001	526.1539488423276	95.44013892227893	316.11887934386516	965.9187079661862	1024.0936680050843	84.0921551082571	1017.6175639078053	NaN
1	0.10500000000000001	526.2726275487195	95.23868836931781	316.77316099233985	965.7764432262989	1023.9762344870367	84.08367974649697	1017.4991158641315	NaN
1	0.10500000000000001	526.3916036217312	95.03836016932588	317.426505653641	965.6344055112496	1023.8581320558625	84.07523879204355	1017.3818856919272	NaN
1	0.10500000000000001	526.5108895277438	94.83913737304626	318.0789403746529	965.492595557559	1023.7393572650117	84.06715801670359	1017.2658333008376	NaN
1	0.10500000000000001	526.6305069308215	94.64098840931192	318.73054111622184	965.3510103649242	1023.6198975345434	84.05974181065613	1017.1508533360657	NaN
1	0.10500000000000001	526.7504844644841	94.44387135064544	319.3814196399337	965.2096455109833	1023.4997333489076	84.05326474610672	1017.0367816431497	NaN
1	0.10500000000000001	526.8708548204261	94.24773910138683	320.03170698539355	965.0684980428026	1023.3788411834606	84.04796426147826	1016.9234035600693	NaN
1	0.10500000000000001	526.9916513897348	94.05254506673403	320.68153492279345	964.9275696605076	1023.2571969289298	84.04403443757242	1016.8104636246296	NaN
1	0.10500000000000001	527.1129047977593	93.8582487181853	321.3310172913186	964.7868697875584	1023.1347794697472	84.04162084193835	1016.6976762719692	NaN
1	0.10500000000000001	527.2346395611557	93.66482068564727	321.98023247435043	964.6464182623045	1023.0115741782262	84.04081648140036	1016.584737264625	NaN
1	0.10500000000000001	527.3568714558852	93.47224646555114	322.62921012882595	964.5062469849439	1022.88757571576	84.04165898686496	1016.4713352764383	NaN
1	0.10500000000000001	527.4796058012078	93.28052849411203	323.2779231487656	964.3664003296929	1022.7627899122939	84.04412926133567	1016.3571633606679	NaN
1	0.10500000000000001	527.6028371232646	93.08968595790282	323.9262871548978	964.2269338671921	1022.6372342300973	84.04815187586964	1016.2419296788319	NaN
1	0.10500000000000001	527.7265503482281	92.8997522427383	324.5741680654106	964.0879113410341	1022.5109366339849	84.05359749113595	1016.12536700299	NaN
1	0.10500000000000001	527.8507234765175	92.7107702381285	325.2213972304072	963.9494000925904	1022.3839328961897	84.06028747171857	1016.007240533848	NaN
1	0.10500000000000001	527.975331339061	92.52278623488957	325.86779179740967	963.8114655260699	1022.2562627304274	84.06800065573424	1015.8873538082637	NaN
1	0.10500000000000001	528.1003499088093	92.33584329981005	326.5131773883701	963.6741653221196	1022.1279652924956	84.07648200042888	1015.7655525966167	NaN
1	0.10500000000000001	528.225760323646	92.14997542162625	327.1574086455617	963.5375444068004	1021.9990749221878	84.08545259100964	1015.6417271194938	NaN
1	0.10500000000000001	528.3515522540232	91.96520293435059	327.8003858083487	963.4016310905125	1021.869617521847	84.0946203983275	1015.5158126637028	NaN
1	0.10500000000000001	528.4777258380119	91.78153028024478	328.4420634790025	963.2664351796744	1021.7396083931392	84.10369112369328	1015.387789319284	NaN
1	0.10500000000000001	528.6042923815284	91.59894569358697	329.0824528235233	963.1319477549036	1021.6090513513969	84.11237861858469	1015.2576808045832	NaN
1	0.10500000000000001	528.7312734049835	91.41742328624547	329.72161532506675	962.9981429555598	1021.4779395665128	84.12041446685392	1015.1255530896567	NaN
1	0.10500000000000001	528.8586986375466	91.23692653622365	330.3596513963867	962.8649810135903	1021.3462575225751	84.12755654408676	1014.9915125398805	NaN
1	0.10500000000000001	528.9866028271965	91.05741326897277	330.99668339732153	962.7324125801642	1021.2139842370408	84.13359644205251	1014.8557040126504	NaN
1	0.10500000000000001	529.1150219044381	90.87884128190016	331.63283594620697	962.6003837006294	1021.0810971837751	84.13836576281494	1014.7183085745221	NaN
1	0.10500000000000001	529.2439888567623	90.70117406686104	332.2682154165568	962.4688410215024	1020.9475765456439	84.14174127597197	1014.579540591811	NaN
1	0.10500000000000001	529.3735297924496	90.52438595728782	332.90289103060354	962.337736719477	1020.8134092937416	84.14364888317255	1014.4396437476848	NaN
1	0.10500000000000001	529.5036607011056	90.3484660368487	333.53687999816736	962.2070326439105	1020.6785925591761	84.14406624218705	1014.2988854869343	NaN
1	0.10500000000000001	529.6343856263973	90.17341992087971	334.1701400406135	962.0767029815379	1020.5431355481888	84.14302380664493	1014.1575492151144	NaN
1	0.10500000000000001	529.7656966305863	89.99926903784117	334.80257086141125	961.9467351116269	1020.4070596014886	84.14060397386162	1014.0159240672335	NaN
1	0.10500000000000001	529.8975757506186	89.82604731096184	335.43402517067335	961.8171284991948	1020.2703961889964	84.13693807172871	1013.8742924306503	NaN
1	0.10500000000000001	530.0299988355409	89.65379556045322	336.0643283426091	961.6878917696916	1020.1331829568024	84.13220106129631	1013.7329159064561	NaN
1	0.10500000000000001	530.1629404576942	89.48255482725868	336.6933025089868	961.5590387665845	1019.9954586693625	84.12660408499048	1013.5920212293399	NaN
1	0.10500000000000001	530.2963791636244	89.31235964190971	337.3207914130033	961.4305842821235	1019.8572578151416	84.12038525568391	1013.4517875409922	NaN
1	0.10500000000000001	530.4303019981868	89.1432326039457	337.94668096554784	961.3025404447749	1019.7186059869513	84.11379930033614	1013.3123365945643	NaN
1	0.10500000000000001	530.5647074928107	88.97518120907876	338.5709118873774	961.1749144703233	1019.5795168773609	84.1071067571228	1013.173726936011	NaN
1	0.10500000000000001	530.6996069719194	88.80819696472037	339.1934840658488	961.047707842379	1019.4399910379749	84.10056335349557	1013.0359521646567	NaN
1	0.10500000000000001	530.8350237910906	88.6422571154016	339.81445119808893	960.9209172230037	1019.3000167953918	84.09441007277934	1012.8989434412132	NaN
1	0.10500000000000001	530.9709909842688	88.47732822177267	340.4339083141342	960.7945365825606	1019.1595728188585	84.0888642087129	1012.7625754292809	NaN
1	0.10500000000000001	531.1075474282852	88.3133713278567	341.0519730039748	960.6685604024386	1019.0186322141606	84.08411158023951	1012.6266752424531	NaN
1	0.10500000000000001	531.2447332254969	88.15034776337413	341.6687638094618	960.5429872631518	1018.877167404804	84.08029996595761	1012.4910334329319	NaN
1	0.10500000000000001	531.3825846244144	87.98822514365813	342.28437738508086	960.4178235060263	1018.7351554559654	84.07753382014768	1012.355416528698	NaN
1	0.10500000000000001	531.521129342667	87.82698253082528	342.8988683654959	960.2930861817036	1018.592582937344	84.07587036279794	1012.2195801473212	NaN
1	0.10500000000000001	531.6603830279367	87.66661395149363	343.5122351037786	960.1688046667433	1018.4494495602905	84.07531723558276	1012.0832818561074	NaN
1	0.10500000000000001	531.8003475379656	87.50712959907247	344.1244140222882	960.045020434784	1018.305769889347	84.0758319984459	1011.9462929306477	NaN
1	0.10500000000000001	531.9410116508778	87.34855419216393	344.73528483865647	959.9217845927158	1018.1615725113209	84.07732376356141	1011.8084080898452	NaN
1	0.10500000000000001	532.0823543099011	87.19092258090171	345.34468658568903	959.7991532931861	1018.0168965775891	84.07965718114333	1011.6694526060174	NaN
1	0.10500000000000001	532.2243499299054	87.03427333355877	345.9524418444559	959.6771816530209	1017.8717862342598	84.08265878374674	1011.5292866120852	NaN
1	0.10500000000000001	532.3669746631707	86.87864167103794	346.558384050589	959.5559173134461	1017.7262840995824	84.08612540724947	1011.3878070142787	NaN
1	0.10500000000000001	532.5102124976626	86.72405303419656	347.1623829056423	959.4353947108492	1017.5804249635006	84.08983414018792	1011.2449475537533	NaN
1	0.10500000000000001	532.6540598308554	86.57051870402961	347.7643622526761	959.315631214326	1017.4342311036235	84.09355308396384	1011.100678016109	NaN
1	0.10500000000000001	532.7985278654317	86.41803402777354	348.3643080366763	959.1966255850402	1017.287709875738	84.09705220409256	1010.955003161178	NaN
1	0.10500000000000001	532.9436424349328	86.26657947289561	348.9622652208324	959.0783589290598	1017.1408539554883	84.10011367000098	1010.8079619087606	NaN
1	0.10500000000000001	533.0894414465344	86.11612410347162	349.55832499784196	958.9607978087982	1016.9936440089931	84.1025412702245	1010.6596268644996	NaN
1	0.10500000000000001	533.2359701898893	85.96663103228511	350.1526038457338	958.8438991391373	1016.8460535032242	84.10416866091965	1010.5101042317439	NaN
1	0.10500000000000001	533.3832753295158	85.81806385829475	350.745218200101	958.727616070439	1016.698054794036	84.10486632558438	1010.3595335255818	NaN
1	0.10500000000000001	533.5313982468558	85.67039332717471	351.336257708223	958.6119042414567	1016.5496257923468	84.10454714095042	1010.2080865776821	NaN
1	0.10500000000000001	533.680368948342	85.52360297602978	351.9257620300843	958.496727410561	1016.4007559711665	84.10317038836628	1010.0559647113037	NaN
1	0.10500000000000001	533.830201707238	85.37769268258172	352.5137056423518	958.382061585434	1016.2514505511574	84.10074393615209	1009.9033930493811	NaN
1	0.10500000000000001	533.9808936525541	85.23267910208418	353.0999949627786	958.26789679608	1016.1017316870418	84.0973242260027	1009.7506110179395	NaN
1	0.10500000000000001	534.1324270316902	85.08859254479229	353.68447990771335	958.1542360709852	1015.9516359929621	84.09301370440764	1009.597858838363	NaN
1	0.10500000000000001	534.284775029732	84.94547069817963	354.2669785719246	958.041091819149	1015.8012086019959	84.08795551431488	1009.445360901136	NaN
1	0.10500000000000001	534.4379099077752	84.8033506168156	354.8473095075605	957.9284806180176	1015.6504950606574	84.08232559776043	1009.2933081726112	NaN
1	0.10500000000000001	534.5918116437117	84.66226081320406	355.42532423896074	957.8164177562824	1015.4995328995509	84.0763227411805	1009.1418422847014	NaN
1	0.10500000000000001	534.7464749261799	84.52221541458562	356.00093190857797	957.7049130350723	1015.348344999628	84.07015738977675	1008.991043996312	NaN
1	0.10500000000000001	534.9019132480129	84.38321136077693	356.5741118270872	957.5939686044084	1015.1969359421687	84.06404012735365	1008.8409274295234	NaN
1	0.10500000000000001	535.0581591647725	84.24522922865411	357.1449112126842	957.4835793484441	1015.0452921813082	84.0581706196675	1008.6914408095762	NaN
1	0.10500000000000001	535.2152609654262	84.1082371672443	357.71342992554554	957.3737354797786	1014.8933857043643	84.05272757219784	1008.5424730597514	NaN
1	0.10500000000000001	535.3732762232227	83.9721972663553	358.2797947340445	957.2644268730995	1014.741180632363	84.04786003153446	1008.3938653369565	NaN
1	0.10500000000000001	535.5322633290883	83.83707319221922	358.8441277714314	957.1556482597795	1014.5886416124963	84.04368019512334	1008.2454260582817	NaN
1	0.10500000000000001	535.6922723268978	83.70283784255979	359.4065143062195	957.0474043158332	1014.4357426743372	84.04025786025885	1008.0969478957876	NaN
1	0.10500000000000001	535.8533367522937	83.56947957545462	359.96697591414994	956.9397134975383	1014.2824748952922	84.03761670871756	1007.9482249609961	NaN
1	0.10500000000000001	536.0154685495986	83.43700541178056	360.5254559430478	956.8326093481944	1014.1288509216374	84.03573274257735	1007.7990680652699	NaN
1	0.10500000000000001	536.1786578533236	83.30544002064404	361.0818225932368	956.7261383417209	1013.974904735015	84.03453527542536	1007.649316090106	NaN
1	0.10500000000000001	536.3428783155442	83.17482032226847	361.6358907036605	956.6203541856714	1013.8206861608162	84.03391082210433	1007.4988422894439	NaN
1	0.10500000000000001	536.5080971861578	83.04518674551234	362.1874582226397	956.5153095117618	1013.6662510292401	84.03370995499819	1007.3475554633508	NaN
1	0.10500000000000001	536.6742875479059	82.91657348953682	362.7363476204823	956.4110469629965	1013.5116495642478	84.03375676572504	1007.1953974937584	NaN
1	0.10500000000000001	536.84143939039	82.78900045387618	363.28244090415643	956.3075919332938	1013.3569161575933	84.03386015001163	1007.0423395070972	NaN
1	0.10500000000000001	537.0095666978636	82.66246884872055	363.82569942333976	956.204948652945	1013.2020631163956	84.0338259092667	1006.8883787859066	NaN
1	0.10500000000000001	537.178709020959	82.5369613055394	364.3661645926946	956.1031003034201	1013.0470796771258	84.03346870367426	1006.7335377239045	NaN
1	0.10500000000000001	537.3489271972793	82.41244631847941	364.90393985853336	956.0020130073044	1012.8919364216216	84.03262312340593	1006.577865290493	NaN
1	0.10500000000000001	537.520294119726	82.28888594459747	365.43915817720523	955.9016427902213	1012.7365940865029	84.03115341882912	1006.4214404446119	NaN
1	0.10500000000000001	537.6928821306637	82.16624529478851	365.97194111077863	955.8019442888101	1012.5810151672858	84.02896161215092	1006.2643762872748	NaN
1	0.10500000000000001	537.8667494147054	82.04450193091678	366.5023576134545	955.7028796436027	1012.4251760602187	84.02599373126198	1006.1068229549231	NaN
1	0.10500000000000001	538.0419288061595	81.92365276854397	367.030393030504	955.6044255873845	1012.2690766491868	84.02224376478244	1005.9489663468569	NaN
1	0.10500000000000001	538.2184224577652	81.80371634523044	367.5559379272169	955.5065769192394	1012.1127443622981	84.01775475144737	1005.7910200062388	NaN
1	0.10500000000000001	538.3962053303215	81.68472891823798	368.07880391848573	955.4093449924815	1011.9562303068291	84.0126163615995	1005.6332083797558	NaN
1	0.10500000000000001	538.5752377534961	81.56673486356894	368.5987649549424	955.3127514277434	1011.7995975985976	84.00695860822816	1005.4757426250837	NaN
1	0.10500000000000001	538.7554836109266	81.44977423859096	369.11561188803336	955.2168191980669	1011.642905234564	84.0009419621761	1005.3187936577895	NaN
1	0.10500000000000001	538.9369285156617	81.33387146437798	369.6292029904564	955.1215641735054	1011.4861925990477	83.99474486515876	1005.1624687653083	NaN
1	0.10500000000000001	539.1195921713411	81.2190287271269	370.139494302765	955.0269900156561	1011.3294695878587	83.98855008684296	1005.0067975093903	NaN
1	0.10500000000000001	539.3035317084789	81.105225641173	370.64654250636164	954.9330877250419	1011.1727148588085	83.98253133242547	1004.8517295205367	NaN
1	0.10500000000000001	539.4888352159129	80.99242500322408	371.15048054780766	954.8398397983607	1011.0158825044816	83.97684113529	1004.697144102333	NaN
1	0.10500000000000001	539.6756068769228	80.88058312042077	371.6514723116943	954.7472278548149	1010.8589155560745	83.97160060655285	1004.5428695148522	NaN
1	0.10500000000000001	539.8639466424673	80.76966242984226	372.1496562361024	954.6552419314152	1010.7017635096099	83.96689130534865	1004.3887086926962	NaN
1	0.10500000000000001	540.0539287310845	80.65964358589976	372.6450904277651	954.5638891582213	1010.5444000699722	83.96274944248613	1004.2344673530633	NaN
1	0.10500000000000001	540.2455854016807	80.55053331311225	373.13771607532345	954.4731987675444	1010.3868357399799	83.95916278557112	1004.0799789667368	NaN
1	0.10500000000000001	540.4389028579811	80.44236459533474	373.627355063791	954.3832206238627	1010.2291198678379	83.95607088113762	1003.9251208090556	NaN
1	0.10500000000000001	540.6338336516966	80.33518765931716	374.11374943186445	954.294016077086	1010.0713291422436	83.953369248596	1003.7698170827856	NaN
1	0.10500000000000001	540.8303230410253	80.2290542363204	374.5966321024189	954.205643356528	1009.9135453137973	83.95091780101374	1003.6140302025491	NaN
1	0.10500000000000001	541.0283399974176	80.12400092483672	375.0758028178475	954.1181425390223	1009.7558301978523	83.94855292521811	1003.457746370017	NaN
1	0.10500000000000001	541.2279010183807	80.02003805152614	375.5511800360767	954.0315255737827	1009.5982075467816	83.94610185594331	1003.3009636095734	NaN
1	0.10500000000000001	541.4290784999083	79.91714769554405	376.022811500905	953.9457744910251	1009.4406579465552	83.943397671419	1003.1436879847148	NaN
1	0.10500000000000001	541.6319914207204	79.81529094713493	376.4908424239843	953.8608478463809	1009.2831277880347	83.94029350864906	1002.9859394604584	NaN
1	0.10500000000000001	541.8367805905065	79.71442213254412	376.9554510209845	953.7766934639524	1009.1255497563785	83.93667511513335	1002.8277656055507	NaN
1	0.10500000000000001	542.043574072571	79.61450632307687	377.4167679047832	953.6932643623411	1008.9678698172088	83.93247118648209	1002.6692587331487	NaN
1	0.10500000000000001	542.2524520663475	79.51553515433916	377.8748021598365	953.6105336757528	1008.8100731942776	83.92766083639675	1002.5105693087008	NaN
1	0.10500000000000001	542.4634250416174	79.41753460434273	378.3294037542659	953.528503192262	1008.6521989852424	83.92227705546911	1002.3519055671517	NaN
1	0.10500000000000001	542.6764392608395	79.32055924456652	378.7802884584166	953.4472007384904	1008.494333608966	83.9164046363705	1002.1935103644698	NaN
1	0.10500000000000001	542.8914134468342	79.22467309133708	379.2271256973849	953.3666661876798	1008.3365817176862	83.91017157284764	1002.0356157487106	NaN
1	0.10500000000000001	543.1082930398686	79.12992491331595	379.6696535789109	953.2869322867805	1008.179025996959	83.90373460116756	1001.8783892678331	NaN
1	0.10500000000000001	543.3270967703941	79.03632977461662	380.1077662532378	953.2080099232542	1008.0216948963555	83.89726139498067	1001.7218932797309	NaN
1	0.10500000000000001	543.5479358188142	78.94386443533323	380.5415373001249	953.1298842170113	1007.8645519073971	83.89091251557461	1001.5660717303938	NaN
1	0.10500000000000001	543.7709992743586	78.85247738068199	380.971174485094	953.0525222650845	1007.7075093823463	83.88482542615414	1001.4107669014201	NaN
1	0.10500000000000001	543.9965099823632	78.76210973658318	381.39692250309156	952.9758896179023	1007.5504622746626	83.87910163821206	1001.2557604943044	NaN
1	0.10500000000000001	544.2246608224372	78.6727213603306	381.8189399797734	952.8999708328198	1007.3933332962484	83.87379725748082	1001.1008298194686	NaN
1	0.10500000000000001	544.4555513297478	78.58431339451992	382.2371916877134	952.8247867939696	1007.23611485985	83.86891707547373	1000.9458043063375	NaN
1	0.10500000000000001	544.6891556896651	78.49693587862251	382.65141040232174	952.7503991273193	1007.0788869365082	83.86441287704864	1000.7906013644853	NaN
1	0.10500000000000001	544.9253533742583	78.41067111593938	383.0611736782463	952.676893868738	1006.9217917870873	83.86018721838363	1000.6352212903795	NaN
1	0.10500000000000001	545.1640194290003	78.32559772836746	383.4660736579392	952.6043488090376	1006.7649710123958	83.85610376051463	1000.4797033180541	NaN
1	0.10500000000000001	545.4051255336752	78.24175579992215	383.8658837293821	952.532802249266	1006.6084999136617	83.85200364267108	1000.3240735195627	NaN
1	0.10500000000000001	545.6487950043706	78.15913268787538	384.2606282191951	952.4622401603586	1006.4523561258123	83.84772538294027	1000.1683189087181	NaN
1	0.10500000000000001	545.8952876184885	78.07767448088252	384.6505298685902	952.3926061173117	1006.2964351770017	83.84312521299292	1000.0124005715292	NaN
1	0.10500000000000001	546.144921147483	77.99731667287428	385.0358643577062	952.3238285137974	1006.1406047101033	83.83809573370976	999.8562991766728	NaN
1	0.10500000000000001	546.3979508747603	77.91802374237352	385.41677035113	952.2558562486659	1005.984780622359	83.832581723735	999.7000773946507	NaN
1	0.10500000000000001	546.6544531200024	77.83982138015986	385.7930929511534	952.1886889887036	1005.8289947506703	83.82659119133679	999.5439291598773	NaN
1	0.10500000000000001	546.9142924402205	77.76279840408117	386.1643718941945	952.1223821184694	1005.6734067860701	83.8201975461065	999.3881688808318	NaN
1	0.10500000000000001	547.1772357693225	77.68706542464703	386.53003882319933	952.0570145109135	1005.5182282754832	83.813528425525	999.2331312976786	NaN
1	0.10500000000000001	547.4431596127829	77.61269374400364	386.88971234678587	951.9926381709992	1005.3635987744034	83.80674210495958	999.0790278738655	NaN
1	0.10500000000000001	547.7122019466109	77.53967940449269	387.2433740166894	951.9292477805149	1005.2095043146618	83.79999934319777	998.9258550128907	NaN
1	0.10500000000000001	547.9847695532405	77.46795206761797	387.59132810713334	951.8667874466049	1005.0557849045944	83.79343868595538	998.7734016224393	NaN
1	0.10500000000000001	548.2614068394694	77.39741879117182	387.9339910977029	951.8051868939664	1004.9022189073148	83.78715850026218	998.6213415953608	NaN
1	0.10500000000000001	548.5425617739057	77.32802622404365	388.2715894741937	951.744413504799	1004.7486563524412	83.78120563679242	998.4693813300711	NaN
1	0.10500000000000001	548.8283330031713	77.25981578943251	388.6038891797459	951.684518317336	1004.5951496885327	83.77556961209832	998.3174110765398	NaN
1	0.10500000000000001	549.1184023277716	77.19292466940416	388.93018767400235	951.6256344855514	1004.4419734198761	83.77018177948916	998.1655525524493	NaN
1	0.10500000000000001	549.4123296338929	77.12750452287682	389.2497083783176	951.567903140493	1004.2894530754771	83.76492165026914	998.0140193057473	NaN
1	0.10500000000000001	549.7100035459509	77.0636218367297	389.5620881759986	951.5113828938978	1004.137731438365	83.75963457494696	997.8629065608868	NaN
1	0.10500000000000001	550.0118348213102	77.00123189000107	389.8675076186491	951.4560249133867	1003.9866873366656	83.75416003241178	997.7121175219268	NaN
1	0.10500000000000001	550.3185950122302	76.94023063850949	390.16643945237917	951.401718442202	1003.8360380850561	83.74836355986798	997.5614589182013	NaN
1	0.10500000000000001	550.6309945217263	76.88054745284829	390.4591946398354	951.3483748010145	1003.6855576393127	83.74216765314348	997.4108426459205	NaN
1	0.10500000000000001	550.9491484785696	76.8222381884164	390.7454640617335	951.2960146783337	1003.5353236134478	83.73557813040111	997.2605078235117	NaN
1	0.10500000000000001	551.2724030799989	76.7654916893943	391.02428377996915	951.2447808158211	1003.3857685423176	83.72869155207043	997.1110376680372	NaN
1	0.10500000000000001	551.600019165619	76.71048811548525	391.2947298135673	951.1948169278425	1003.2373364380755	83.72166485779813	996.962978762699	NaN
1	0.10500000000000001	551.9320695120797	76.65725565279693	391.5566242198265	951.1461395594335	1003.0900849457142	83.71466234321579	996.8164191557527	NaN
1	0.10500000000000001	552.2695675816442	76.60568215477079	391.8104802894715	951.0986450047743	1002.943669278651	83.70781547258662	996.670968856034	NaN
1	0.10500000000000001	552.6139161456788	76.55562798995035	392.05694794972527	951.0522076822879	1002.7976191895233	83.70120318309006	996.5260479753098	NaN
1	0.10500000000000001	552.9658815282625	76.5070775084534	392.29606697086786	951.0068170227543	1002.6517786439208	83.69484768303232	996.3813471259216	NaN
1	0.10500000000000001	553.3246450030454	76.46023529459002	392.5267915729887	950.9626675356732	1002.5066542641993	83.68871652388854	996.2372101503821	NaN
1	0.10500000000000001	553.6886222871261	76.41536980690846	392.74776082514916	950.9200129907888	1002.3630173767757	83.6827155905353	996.0942867434259	NaN
1	0.10500000000000001	554.0576034755459	76.37254569210786	392.958618413108	950.8789084152309	1002.2210525044136	83.67669200348696	995.9527220553309	NaN
1	0.10500000000000001	554.4330942102629	76.33163778567523	393.15994319852206	950.8392141886558	1002.0802984450994	83.67047872251779	995.8121036439483	NaN
1	0.10500000000000001	554.8170808811441	76.29251276891722	393.3523527763558	950.8007661597086	1001.940177295177	83.66395533871585	995.6719725292783	NaN
1	0.10500000000000001	555.209977134568	76.2552325534336	393.5355025044324	950.7635807152727	1001.8007371098182	83.6571108959562	995.5325343817395	NaN
1	0.10500000000000001	555.6094823623389	76.22009507586696	393.7078898284471	950.727916064767	1001.6629611382962	83.6500730697475	995.3949195088865	NaN
1	0.10500000000000001	556.0138667285213	76.18728614950174	393.86856892127656	950.6939395864475	1001.5275478580139	83.64302318250988	995.2599075740005	NaN
1	0.10500000000000001	556.4246201457847	76.15671249463847	394.01796439706135	950.6615457025597	1001.3940926704146	83.63609580791982	995.127085124348	NaN
1	0.10500000000000001	556.8447861362151	76.12821654546678	394.1568095684841	950.6305561271879	1001.2617650284906	83.6293600341295	994.9955314560735	NaN
1	0.10500000000000001	557.2758224090203	76.10180767497408	394.28501589736703	950.6009612086532	1001.1303277880402	83.62283476593414	994.8648633452608	NaN
1	0.10500000000000001	557.714551262457	76.07776607086289	394.40118357493935	950.5730579760547	1001.0009421790992	83.61651113808962	994.7360880519636	NaN
1	0.10500000000000001	558.1581019197324	76.05627085216302	394.5044211105064	950.5470494677738	1000.8745517806129	83.61029794185224	994.6100625057684	NaN
1	0.10500000000000001	558.6088739600111	76.03721881783534	394.59520211601205	950.5227964149855	1000.7505577544017	83.60401920591822	994.4862042441853	NaN
1	0.10500000000000001	559.0709633586733	76.02050522338756	394.6739889573215	950.5001122046905	1000.6280086746746	83.59752779117203	994.3636620376426	NaN
1	0.10500000000000001	559.5449192654096	76.00621426615642	394.7403337829633	950.4790259166223	1000.50699575592	83.5908174828186	994.2426715270096	NaN
1	0.10500000000000001	560.0251879073238	75.99456555539315	394.7931831586062	950.4598041609964	1000.389092125864	83.5840644761653	994.1249294014515	NaN
1	0.10500000000000001	560.5109501378228	75.9855695044319	394.83248634971625	950.4424631296339	1000.274553112759	83.57742583966206	994.0107302774047	NaN
1	0.10500000000000001	561.0071198401615	75.97915603604372	394.8585289442541	950.4268459311475	1000.1623275303374	83.57096070001569	993.8989685879512	NaN
1	0.10500000000000001	561.5165704329634	75.97536751038591	394.87105501932103	950.4129326747143	1000.0519781275711	83.5646862198714	993.7890851544671	NaN
1	0.10500000000000001	562.0339570566108	75.97429516532459	394.86967185998964	950.4009180455852	999.9448320921665	83.55862083551413	993.682274124847	NaN
1	0.10500000000000001	562.5563731728317	75.975924159748	394.85449686870595	950.3908542134299	999.8415359441631	83.55267949303776	993.5791228008675	NaN
1	0.10500000000000001	563.0902318691636	75.98027552858734	394.8253453040952	950.3826070824823	999.7409078122723	83.54667916368314	993.47849010144	NaN
1	0.10500000000000001	563.6405963446779	75.9874703706238	394.78154558860984	950.3761391875541	999.6422285443816	83.54052680671097	993.3797651040637	NaN
1	0.10500000000000001	564.2014977012722	75.9974940378053	394.7232649655672	950.3715490847994	999.5467790884321	83.53435012355197	993.2843452990951	NaN
1	0.10500000000000001	564.7683811702086	76.01024486923805	394.65109661767303	950.3688494040493	999.4553904828783	83.5283190713561	993.1931081481672	NaN
1	0.10500000000000001	565.3487744720538	76.02588558365363	394.5641364463524	950.3680019831606	999.3669351889727	83.5224592502198	993.104879253234	NaN
1	0.10500000000000001	565.9440284681914	76.04449680698734	394.46198335018903	950.3690473366745	999.2814000321424	83.51678935992925	993.0195381637652	NaN
1	0.10500000000000001	566.5456422287655	76.06580194854367	394.34617911934583	950.3719695324643	999.2000949423167	83.51132676492817	992.9383018687205	NaN
1	0.10500000000000001	567.1582592185545	76.08992323859242	394.2160745019353	950.3767567905029	999.1224206858109	83.50592861375401	992.8605641047142	NaN
1	0.10500000000000001	567.7932763857165	76.11735288248956	394.0690678453188	950.3835182597445	999.0471483728447	83.50044394267859	992.7851671493715	NaN
1	0.10500000000000001	568.4465339987336	76.14798216040649	393.90580922807584	950.392248304977	998.9750590669164	83.49494939656543	992.7129908574416	NaN
1	0.10500000000000001	569.1076192280343	76.18130037513087	393.72905957993004	950.4027859729581	998.9073940486936	83.48963226050205	992.6453188446293	NaN
1	0.10500000000000001	569.787142540234	76.2178097003633	393.5361955110591	950.4152831191495	998.8431459100694	83.48448895583441	992.5810945728982	NaN
1	0.10500000000000001	570.4798791398723	76.25721369465207	393.3288342087071	950.4296441979461	998.7829361813857	83.47956143502627	992.5208494605153	NaN
1	0.10500000000000001	571.180889959052	76.29915813908504	393.1088753215638	950.4457197971427	998.727191537572	83.47481120583771	992.4649650849724	NaN
1	0.10500000000000001	571.9087904379743	76.34473242116202	392.87066502468497	950.4639170858247	998.6745635264839	83.47005216835426	992.4121255928851	NaN
1	0.10500000000000001	572.6669182017938	76.394194242373	392.61295144661784	950.4843510724561	998.6251565347754	83.46528500864339	992.3625135600674	NaN
1	0.10500000000000001	573.4333711107067	76.44607153410286	392.34347159286784	950.5064023955667	998.5805201173755	83.46072869772293	992.317722713502	NaN
1	0.10500000000000001	574.2176055680521	76.50090174778053	392.0594818465653	950.5302816358806	998.5400754627386	83.45638469222978	992.277128562246	NaN
1	0.10500000000000001	575.0086566729093	76.55780514925165	391.765584373197	950.5555891820729	998.5043346832396	83.45229292635983	992.2411788655141	NaN
1	0.10500000000000001	575.8150160566779	76.61726529961888	391.45932297534637	950.5825144929622	998.4728247943948	83.44834515167767	992.2093883006651	NaN
1	0.10500000000000001	576.6550189846103	76.68056710000293	391.13416200754295	950.6116290651742	998.4449660986077	83.44443558950185	992.1812216534172	NaN
1	0.10500000000000001	577.5079608181567	76.74606124317158	390.79865152885816	950.6421617815419	998.4215361160825	83.44070923441835	992.157509739838	NaN
1	0.10500000000000001	578.3661495088725	76.8129976435115	390.45666559634105	950.673738044073	998.4025781420215	83.43724321946483	992.1382804873784	NaN
1	0.10500000000000001	579.2272801370286	76.88102217248603	390.1100266381396	950.7061651639748	998.3878960225748	83.43402961827444	992.1232917862783	NaN
1	0.10500000000000001	580.096521600737	76.9503785861511	389.75750728166645	950.7395331065716	998.3771812043667	83.43099898711964	992.1122251569225	NaN
1	0.10500000000000001	580.9837067438906	77.02170541904233	389.39589704964135	950.774127266092	998.3701956043726	83.42810004257498	992.1048734864871	NaN
1	0.10500000000000001	581.8754668522655	77.0937780986638	389.0314303859363	950.8093332078911	998.3668992240755	83.42540084287502	992.101227953565	NaN
1	0.10500000000000001	582.7672269606404	77.16606942717648	388.66676826609483	950.8448723448051	998.3670537277069	83.42293016999548	992.1010363745908	NaN
1	0.10500000000000001	583.6589870690152	77.23843018170231	388.3026483760939	950.8806520131136	998.3703902966004	83.42066524939568	992.1040046358277	NaN
1	0.10500000000000001	584.5542660022963	77.31100691890487	387.938320605162	950.9167253322544	998.376685133074	83.41856335932728	992.1099104472179	NaN
1	0.10500000000000001	585.455069695928	77.38383029867721	387.57362360245116	950.9530895755391	998.38575176543	83.41661078839093	992.1185888801464	NaN
1	0.10500000000000001	586.3559033626717	77.45633258174219	387.211385290077	950.9894458633312	998.397327054211	83.41482935587688	992.1297876501653	NaN
1	0.10500000000000001	587.2567370294153	77.52839902973004	386.8521533757772	951.025724019286	998.4111906053803	83.41321788900053	992.1432736375216	NaN
1	0.10500000000000001	588.1575706961589	77.59992643833017	386.496414784476	951.0618605266235	998.4271352851293	83.41175634295635	992.1588293619309	NaN
1	0.10500000000000001	589.0613302117246	77.6710493463453	386.14347496849535	951.0979115895059	998.4450269995057	83.41042102304591	992.176326269141	NaN
1	0.10500000000000001	589.9679817663864	77.74167125463606	385.7937893528464	951.133817687153	998.4646974374483	83.40920882882294	992.1956079001325	NaN
1	0.10500000000000001	590.8761342526661	77.81159813659028	385.4482917236022	951.1694716998254	998.4859530580871	83.40812442046222	992.2164817490517	NaN
1	0.10500000000000001	591.7861353324404	77.8807789353454	385.10720471824027	951.2048407499508	998.5086446527948	83.40716103300409	992.2387904050746	NaN
1	0.10500000000000001	592.6996496518323	77.94926551444797	384.77024419512327	951.2399447817538	998.5326691781956	83.40630301206744	992.2624275994002	NaN
1	0.10500000000000001	593.6184641506253	78.01711699822854	384.4370935624427	951.2748075775424	998.5579426841639	83.40553963754623	992.2873147827694	NaN
1	0.10500000000000001	594.5426319882416	78.08426402212302	384.1080684590088	951.3093879036322	998.5843442634906	83.40487027176128	992.3133361319665	NaN
1	0.10500000000000001	595.4722299308538	78.15064299899066	383.7834544059515	951.343648734733	998.6117586825354	83.40429422116142	992.3403741849415	NaN
1	0.10500000000000001	596.4082663708442	78.21625892464962	383.46320089434823	951.3775890016578	998.640104239909	83.4038041117489	992.3683428342929	NaN
1	0.10500000000000001	597.3524613286338	78.28116387931843	383.1470292563986	951.4112319219956	998.6693285634045	83.40339073586985	992.3971901742353	NaN
1	0.10500000000000001	598.3059620961602	78.34536587638893	382.83487752586075	951.4445781029278	998.69936836714	83.40305014263221	992.4268567493041	NaN
1	0.10500000000000001	599.2691525910886	78.40881993118224	382.5269416218314	951.4776013680995	998.7301403932273	83.40278198492702	992.4572602723086	NaN
1	0.10500000000000001	600.2428463954952	78.47150936458756	382.2232794744329	951.5102908614238	998.7615779860207	83.40258328179483	992.4883314476929	NaN
1	0.10500000000000001	601.2285658181137	78.53345975711743	381.9237448900496	951.5426578158454	998.7936404038894	83.4024480530162	992.5200282796143	NaN
1	0.10500000000000001	602.2279082833294	78.59469484299962	381.6282020476723	951.5747124742874	998.8262918306671	83.40237210822224	992.5523168757658	NaN
1	0.10500000000000001	603.2417698941059	78.65518986574187	381.33674988339817	951.6064400567682	998.8594748242971	83.40235444709619	992.585141337553	NaN
1	0.10500000000000001	604.2710796715145	78.71491910127239	381.0494916506445	951.6378257131607	998.8931334997378	83.40239355166759	992.6184446151498	NaN
1	0.10500000000000001	605.317428909036	78.77389052521839	380.7663685987408	951.6688723926555	998.9272335836017	83.40248565685829	992.6521912254544	NaN
1	0.10500000000000001	606.3827101257779	78.83212076842676	380.48728128927127	951.6995875409527	998.9617496235707	83.40262753469419	992.6863566785411	NaN
1	0.10500000000000001	607.4682848207626	78.88958910214441	380.21230990190844	951.7299590841168	998.9966371178167	83.40281806693898	992.7208976539927	NaN
1	0.10500000000000001	608.575453877504	78.94626572208593	379.9415777321304	951.7599704257586	999.0318474897833	83.40305598502528	992.7557649818623	NaN
1	0.10500000000000001	609.7062157145258	79.00214923523707	379.67507222646935	951.7896200471575	999.0673514461047	83.40333860906325	992.7909286768689	NaN
1	0.10500000000000001	610.862891354656	79.05724310391031	379.4127581614326	951.8189089558256	999.1031254090128	83.4036637798449	992.8263659211402	NaN
1	0.10500000000000001	612.0472979726812	79.11151579239711	379.1547671171918	951.8478196876735	999.139125061935	83.40403053935674	992.8620330761971	NaN
1	0.10500000000000001	613.2614163816727	79.16493440040786	378.9012366641363	951.8763341740497	999.1753058932621	83.40443741835216	992.897885170966	NaN
1	0.10500000000000001	614.5080793483739	79.21749199465124	378.6521809290469	951.9044481473303	999.2116421707962	83.40488234249322	992.9338964187747	NaN
1	0.10500000000000001	615.7900982171992	79.26916585916243	378.4076889522222	951.9321488786125	999.2480990081316	83.40536397639625	992.9700326921627	NaN
1	0.10500000000000001	617.1098870717358	79.31990420780043	378.167986861112	951.9594081225822	999.284621615247	83.40588112910676	993.0062393723979	NaN
1	0.10500000000000001	618.4706995229333	79.3696747837495	377.93320779729436	951.986208054571	999.3211692819344	83.40643201940024	993.0424756259649	NaN
1	0.10500000000000001	619.8762829242263	79.41844631458747	377.70347993909667	952.0125312668417	999.3577027986503	83.40701511733869	993.0787028199333	NaN
1	0.10500000000000001	621.3297329642276	79.46614854194814	377.4791144414305	952.0383392613313	999.3941537549862	83.40762892280817	993.1148530126594	NaN
1	0.10500000000000001	622.8348173404028	79.51271951030294	377.2603822389733	952.063597848738	999.4304588529379	83.4082714521087	993.1508630605473	NaN
1	0.10500000000000001	624.3958192349924	79.55809659345286	377.047556469345	952.0882722216312	999.4665533362173	83.40894075274383	993.1866688624877	NaN
1	0.10500000000000001	626.0159291607031	79.602171483883	376.8411232117462	952.1123024678294	999.5023340292398	83.40963437924434	993.2221679127073	NaN
1	0.10500000000000001	627.6988133711902	79.64484103873251	376.64154248356647	952.135631017007	999.5376979988067	83.41034936466627	993.2572578631018	NaN
1	0.10500000000000001	629.4474084411208	79.68597826120053	376.44938401834963	952.1581866778262	999.572517886277	83.41108228751342	993.2918123615227	NaN
1	0.10500000000000001	631.2628212846686	79.72541883369125	376.26538949431153	952.1798770464296	999.6066275397791	83.41182862849243	993.3256662459553	NaN
1	0.10500000000000001	633.1456836850401	79.7630058507683	376.0902633584462	952.200612776724	999.6398576559187	83.41258331979276	993.3586513476389	NaN
1	0.10500000000000001	635.0938528907586	79.7985559099417	375.9248310016813	952.2202887768881	999.6720042710751	83.4133402630581	993.3905649657985	NaN
1	0.10500000000000001	637.1042752998248	79.8319126717938	375.7697894979429	952.2388136235516	999.7028745199792	83.41409298892934	993.4212153313205	NaN
1	0.10500000000000001	639.1724557599308	79.86294562241655	375.6257143644967	952.2561089716288	999.732286294622	83.4148349413274	993.4504213384823	NaN
1	0.10500000000000001	641.2936045395493	79.8915730295864	375.49295405936624	952.2721225324806	999.7600914728202	83.41555991970607	993.478035501452	NaN
1	0.10500000000000001	643.463214164181	79.91776618941967	375.37161167327	952.2868308042454	999.7861837114319	83.41626253210651	993.5039518375902	NaN
1	0.10500000000000001	645.6773076480575	79.94154470669594	375.26156804007684	952.3002368611893	999.8104981087627	83.41693824588258	993.528105441295	NaN
1	0.10500000000000001	647.9328349728887	79.96297117818499	375.1625073005387	952.3123677641338	999.8330101525906	83.41758355171226	993.5504715529598	NaN
1	0.10500000000000001	650.2275858269916	79.98213996243344	375.0739694827386	952.323268595881	999.8537280569852	83.41819583613957	993.5710578916893	NaN
1	0.10500000000000001	652.5602575220299	79.99916877450399	374.9953896634935	952.3329979797088	999.8726870359228	83.41877334192377	993.5898990367386	NaN
1	0.10500000000000001	654.9303105048881	80.01418988127789	374.9261387091489	952.3416232914791	999.889942208381	83.41931501025117	993.607049346865	NaN
1	0.10500000000000001	657.3379404187374	80.0273439422045	374.8655516072659	952.3492172854847	999.905563500091	83.41982039735423	993.6225779320795	NaN
1	0.10500000000000001	659.7840127644258	80.03877492206742	374.81295073379306	952.3558552739543	999.919631048101	83.42028955006406	993.6365640703696	NaN
1	0.10500000000000001	662.2699848827433	80.04862622261072	374.76766342903875	952.361612947374	999.9322314012252	83.4207229210029	993.6490934479073	NaN
1	0.10500000000000001	664.7978720119543	80.05703806344894	374.72903378616076	952.366564876911	999.9434547362026	83.42112127587272	993.6602553851734	NaN
1	0.10500000000000001	667.3702228453104	80.0641456518749	374.6964308019453	952.3707834433952	999.9533926925837	83.42148563513237	993.6701406883236	NaN
1	0.10500000000000001	669.9900737560445	80.07007791171634	374.66925396348677	952.3743380695148	999.9621366331256	83.42181720437156	993.6788399186831	NaN
1	0.10500000000000001	672.6609980579451	80.07495690624948	374.646935665113	952.3772948461093	999.9697766426118	83.42211733941163	993.6864423945389	NaN
1	0.10500000000000001	675.3870595028319	80.0788973460823	374.62894325526	952.3797161963306	999.9764004835043	83.42238749747888	993.6930351538103	NaN
1	0.10500000000000001	678.1729135394952	80.08200660745888	374.6147787682101	952.3816608402332	999.9820932114148	83.4226292152593	993.6987025673665	NaN
1	0.10500000000000001	681.0238300096722	80.08438471995406	374.60397881861866	952.383183736739	999.9869366812013	83.42284408048322	993.7035258483278	NaN
1	0.10500000000000001	683.9457312021926	80.08612452302833	374.59611374353653	952.384336125415	999.9910092592089	83.42303370892688	993.7075827627191	NaN
1	0.10500000000000001	686.9453302533601	80.08731195415457	374.59078616532105	952.3851656512011	999.9943857688675	83.42319973316366	993.7109475742142	NaN
1	0.10500000000000001	690.030226770839	80.08802631146266	374.587629687897	952.385716474178	999.9971373831091	83.42334378701669	993.7136909356531	NaN
1	0.10500000000000001	693.2091020730106	80.08834056545263	374.5863073870616	952.3860294143676	999.9993316460304	83.4234674971286	993.7158799086976	NaN
1	0.10500000000000001	696.491910078116	80.08832165241434	374.58651039697617	952.3861420868287	1000.0010324679427	83.4235724732979	993.7175779578047	NaN
1	0.10500000000000001	699.8901797129702	80.08803077081265	374.5879564969909	952.3860890438115	1000.0023001798652	83.42366030193325	993.71884500305	NaN
1	0.10500000000000001	703.4173886626429	80.08752365844536	374.5903887960453	952.3859019078561	1000.0031915780547	83.42373253983408	993.7197374631472	NaN
1	0.10500000000000001	707.0894842407804	80.08685085220696	374.59357450580217	952.3856094980729	1000.0037599787612	83.42379070899987	993.7203083089192	NaN
1	0.10500000000000001	710.9255999363187	80.08605792767129	374.59730381319105	952.3852379471145	1000.0040552687246	83.42383629174078	993.7206071124987	NaN
1	0.10500000000000001	714.9490965147093	80.08518571343728	374.6013888747706	952.3848108061457	1000.0041239502854	83.42387072635732	993.7206800912656	NaN
1	0.10500000000000001	719.1890900306987	80.08427048348584	374.60566291616567	952.3843491387058	1000.0040091726811	83.423895402668	993.7205701381587	NaN
1	0.10500000000000001	723.6828427734633	80.08334411888296	374.60997947605034	952.3838715988231	1000.003750745821	83.42391165744627	993.7203168346236	NaN
1	0.10500000000000001	728.4796862460006	80.08243423562482	374.6142118081056	952.3833944907616	1000.0033851233958	83.42392076911999	993.7199564331094	NaN
1	0.10500000000000001	733.6479829880326	80.08156425795859	374.61825253541366	952.3829317982846	1000.0029453304923	83.42392395092502	993.7195217844422	NaN
1	0.10500000000000001	739.2889195175837	80.08075337049085	374.6220138637407	952.3824951448288	1000.0024607594872	83.42392234014869	993.7190421343126	NaN
1	0.10500000000000001	745.567976101567	80.08001619085192	374.6254290796416	952.3820935910384	1000.0019566250477	83.42391697613022	993.7185425808552	NaN
1	0.10500000000000001	752.797379327331	80.0793620815597	374.62845569068423	952.3817332044439	1000.0014527339753	83.42390874873257	993.7180428500584	NaN
1	0.10500000000000001	761.4549440673543	80.07880690602441	374.63102103409483	952.381423538942	1000.0009725806724	83.4238985486464	993.7175663163952	NaN
1	0.10500000000000001	770.1125088073776	80.07844309390575	374.6326995856993	952.3812178643906	1000.0006198618956	83.4238895305372	993.7172160338843	NaN
1	0.10500000000000001	779.1597703654531	80.0782088180522	374.6337786272238	952.3810834208699	1000.0003650232974	83.42388202480522	993.7169628108953	NaN
1	0.10500000000000001	788.5819384424195	80.07807107501367	374.6344116211266	952.3810028368339	1000.0001938921143	83.42387630611552	993.7167926655779	NaN
1	0.10500000000000001	798.5746150750754	80.07799858171671	374.6347435772717	952.3809591546916	1000.0000862212502	83.42387221711759	993.716685543298	NaN
1	0.10500000000000001	809.2721848412909	80.07796839751568	374.63488071004184	952.3809398032578	1000.0000252802412	83.42386952698955	993.7166248579088	NaN
1	0.10500000000000001	820.9253881741652	80.0779629135189	374.6349044046702	952.380934978606	999.9999960860148	83.42386792729445	993.7165957407276	NaN
1	0.10500000000000001	833.8737072209324	80.07796961518419	374.63487240907176	952.3809376141255	999.9999866180966	83.42386711470975	993.7165862548927	NaN
1	0.10500000000000001	848.6867870563578	80.07798013368976	374.6348232599565	952.3809428973616	999.9999876354663	83.42386681266986	993.7165872173289	NaN
1	0.10500000000000001	866.4413854566708	80.07798950129225	374.6347797612603	952.3809478949632	999.9999925908239	83.42386679191236	993.7165921169261	NaN
1	0.10500000000000001	890.0827769016363	80.0779954670755	374.63475217089217	952.3809511977064	999.9999974083479	83.42386688055889	993.7165968961325	NaN
1	0.10500000000000001	919.4914279099772	80.0779974131075	374.63474321384734	952.3809523210722	999.999999616964	83.42386694853424	993.7165990911739	NaN
1	0.10500000000000001	952.317256435337	80.07799758052586	374.63474245860715	952.3809524341688	1000.0000000347885	83.42386696834798	993.7165995074455	NaN
1	0.10500000000000001	997.694812126167	80.07799749526835	374.63474285634663	952.3809523906623	1000.0000000170783	83.42386697021593	993.7165994901967	NaN
1	0.10500000000000001	1075.0306790129644	80.07799747829613	374.63474293461496	952.3809523810256	1000.0000000000418	83.42386696975971	993.7165994732749	NaN
1	0.10500000000000001	1192.9136546668092	80.07799747815173	374.634742935287	952.3809523809501	999.9999999999883	83.42386696976139	993.7165994732221	NaN
1	0.10500000000000001	1628.4102225698305	80.07799747815493	374.6347429352727	952.3809523809523	999.9999999999983	83.42386696976189	993.716599473232	NaN
1	0.10500000000000001	3444.532786885833	80.0779974781545	374.6347429352748	952.3809523809523	1000.0	83.42386696976197	993.7165994732336	NaN
1	0.10500000000000001	8500.0	80.07799747815456	374.6347429352746	952.3809523809523	1000.0	83.42386696976199	993.7165994732338	NaN
0	0.1	0.0	159.44307684323422	188.15492396384357	999.9999999983537	1000.0000000000001	83.42386698314951	993.7165994873368	NaN
0	0.1	0.8654392282703024	159.44307684323422	188.15492396384357	1000.0000000009428	1000.0000000000001	83.4238669837821	993.7165994666033	NaN
0	0.1	2.5349597985278365	159.44307684323422	188.15492396384357	1000.0000000003423	1000.0000000000001	83.42386695719767	993.7165994696514	NaN
0	0.1	4.8762262116676185	159.44307684323422	188.15492396384357	999.9999999998954	1000.0000000000001	83.42386697930193	993.716599474709	NaN
0	0.1	8.35596183458854	159.44307684323422	188.15492396384357	999.9999999992466	1000.0000000000001	83.42386696690221	993.7165994790901	NaN
0	0.1	13.534885655305196	159.44307684323422	188.15492396384357	999.9999999999441	1000.0000000000001	83.42386696534176	993.71659947339	NaN
0	0.1	21.69673368824538	159.44307684323422	188.15492396384357	1000.0000000000191	1000.0000000000001	83.42386696739567	993.7165994729256	NaN
0	0.1	35.43427425687082	159.44307684323422	188.15492396384357	999.9999999999571	1000.0000000000001	83.42386696897859	993.7165994735266	NaN
0	0.1	61.62086339081846	159.44307684323422	188.15492396384357	999.9999999999781	1000.0000000000001	83.42386696972862	993.7165994734088	NaN
0	0.1	120.57453582784194	159.44307684323422	188.15492396384357	999.9999999999989	1000.0000000000001	83.42386696977741	993.7165994732443	NaN
0	0.1	308.0105296150604	159.44307684323422	188.15492396384357	1000.0	1000.0000000000001	83.42386696976234	993.7165994732336	NaN
0	0.1	500.0	159.44307684323422	188.15492396384357	1000.0000000000001	1000.0000000000001	83.42386696976199	993.7165994732338	NaN
0	0.10500000000000001	500.0	159.44307684323422	188.15492396384357	999.9999999983537	1000.0000000000001	83.42386698314951	993.7165994873368	NaN
0	0.10500000000000001	500.00753977369476	159.44307667352814	188.1549664195645	999.9999945737318	1000.0376846599981	83.42365654711313	993.7166002799156	NaN
0	0.10500000000000001	500.0205140707159	159.44307346432947	188.15523598955056	999.9999586326278	1000.1024652187089	83.42231206652795	993.7166154314048	NaN
0	0.10500000000000001	500.03621435657624	159.44305850942663	188.15588805346715	999.9998665396822	1000.1807443084044	83.41903238547148	993.7166870564052	NaN
0	0.10500000000000001	500.0569080703928	159.4430069747991	188.15727839085278	999.9996557099364	1000.2837322534828	83.41196658066123	993.7169385007494	NaN
0	0.10500000000000001	500.0812343500621	159.44287784385955	188.15966085468744	999.9992633733933	1000.4045264535713	83.39971364909368	993.7175827487592	NaN
0	0.10500000000000001	500.1098190066493	159.44259702190672	188.1634562828698	999.9985789611858	1000.5460909864622	83.37994175842323	993.7190202137189	NaN
0	0.10500000000000001	500.1419050746929	159.44206913587897	188.16894785813616	999.9974883365732	1000.7045148395822	83.35095531942058	993.7218005046067	NaN
0	0.10500000000000001	500.1774162839201	159.44116444798868	188.17647997773108	999.9958361984241	1000.8792586165565	83.31068865373327	993.72671404425	NaN
0	0.10500000000000001	500.2158338498088	159.43973938744864	188.18627468512037	999.9934618669974	1001.0676065233569	83.25771205867981	993.7347081598807	NaN
0	0.10500000000000001	500.25686691091374	159.43763188232964	188.19854346147685	999.9901794931958	1001.2679797350565	83.19069009511811	993.7469308384017	NaN
0	0.10500000000000001	500.30011699214094	159.43468051891497	188.2134095463676	999.9858020074272	1001.4782909917573	83.10885078349634	993.7646341513141	NaN
0	0.10500000000000001	500.3452758071955	159.4307248739043	188.2309632988039	999.9801346606346	1001.6969152678811	83.01172963041758	993.7891716809819	NaN
0	0.10500000000000001	500.39203152082035	159.42561759358537	188.25123962632438	999.9729894416373	1001.9222326333922	82.89932512042316	993.8219163213738	NaN
0	0.10500000000000001	500.440123885121	159.4192249698865	188.27424571393195	999.9641845247115	1002.15289488446	82.77196366857413	993.8642375649889	NaN
0	0.10500000000000001	500.48931613171123	159.4114320807155	188.29995846295867	999.953552258882	1002.3876875713452	82.63031790746942	993.9174440976942	NaN
0	0.10500000000000001	500.5394078243312	159.40214201545697	188.32833841910886	999.9409401651034	1002.6255893606419	82.47532237425553	993.9827606986366	NaN
0	0.10500000000000001	500.59022588755215	159.391276318885	188.35933297655257	999.9262144260223	1002.8657262587416	82.3081401874071	994.0612966505204	NaN
0	0.10500000000000001	500.64162832550954	159.3787722723902	188.39288540842193	999.9092593631624	1003.107386289074	82.13009295322698	994.1540378006168	NaN
0	0.10500000000000001	500.69349590898156	159.36458191732655	188.42893586144615	999.8899792239547	1003.3499772704048	81.94263222697971	994.2618294524495	NaN
0	0.10500000000000001	500.7457327480059	159.34866897180083	188.46742666248477	999.8682968253095	1003.5930268833383	81.74728773747417	994.3853784960771	NaN
0	0.10500000000000001	500.798262495054	159.33100666172177	188.50830404463812	999.8441530245184	1003.8361623878349	81.5456364884851	994.52525326578	NaN
0	0.10500000000000001	500.85102634462146	159.31157524416136	188.55152026780695	999.8175053159637	1004.0790990887624	81.3392724234038	994.6818898796207	NaN
0	0.10500000000000001	500.90398030316146	159.2903600245056	188.59703449342427	999.7883266589768	1004.3216257330379	81.1297854813054	994.8555984601213	NaN
0	0.10500000000000001	500.9570931073683	159.26734951431789	188.6448135240451	999.7566041052729	1004.5635932404692	80.91874434867339	995.046571324338	NaN
0	0.10500000000000001	501.01034408450187	159.24253399119252	188.694831952269	999.7223376487894	1004.8049034756874	80.70768480202581	995.2548903862312	NaN
0	0.10500000000000001	501.0637213416074	159.21590431627916	188.747072117434	999.6855391681895	1005.0454998145223	80.49810123791603	995.4805342909015	NaN
0	0.10500000000000001	501.11722006756304	159.18745107605025	188.8015237570144	999.6462316157879	1005.2853584843638	80.2914413227076	995.7233841823771	NaN
0	0.10500000000000001	501.17084105488385	159.15716397144405	188.85818351219805	999.6044483983161	1005.5244811343713	80.08910246191253	995.9832283046458	NaN
0	0.10500000000000001	501.22458934948116	159.12503146349297	188.9170542538274	999.5602330003762	1005.7628881908308	79.8924296463886	996.2597650412011	NaN
0	0.10500000000000001	501.27847309092886	159.0910406040946	188.97814434050883	999.5136387770087	1006.0006132493763	79.70271373479807	996.552604801795	NaN
0	0.10500000000000001	501.33250241012746	159.05517709463138	189.04146670410097	999.4647289860346	1006.2376978876844	79.52119006264601	996.8612702973909	NaN
0	0.10500000000000001	501.38668852047147	159.01742545711645	189.10703794597757	999.4135769021112	1006.474187479607	79.34903639197732	997.1851962003007	NaN
0	0.10500000000000001	501.44104286638884	158.97776936954443	189.17487732270195	999.3602660746071	1006.7101273877615	79.18737031561407	997.5237278295633	NaN
0	0.10500000000000001	501.4955764039538	158.93619208902342	189.24500573247244	999.3048906085777	1006.9455598454894	79.03724559189986	997.8761196654627	NaN
0	0.10500000000000001	501.55029900683184	158.8926769332428	189.317444726472	999.2475554095844	1007.1805214766196	78.89964732481721	998.2415341267262	NaN
0	0.10500000000000001	501.6052189622669	158.84720781735484	189.39221552741515	999.1883763668832	1007.4150412815179	78.77548608265046	998.6190408337005	NaN
0	0.10500000000000001	501.66034263899894	158.79976975046338	189.46933819295336	999.1274803295736	1007.6491394210349	78.66559087308497	999.0076173464747	NaN
0	0.10500000000000001	501.71567426848486	158.75034930290934	189.5488308817542	999.0650048792261	1007.8828265230128	78.57070139569518	999.4061514135684	NaN
0	0.10500000000000001	501.77121589797207	158.69893496103828	189.63070933747062	999.0010977886514	1008.1161037379197	78.49145981105802	999.8134454798568	NaN
0	0.10500000000000001	501.82696746831925	158.64551737435877	189.71498656189453	998.9359161832928	1008.3489633192877	78.42840257632372	1000.228223375417	NaN
0	0.10500000000000001	501.8829270313912	158.5900894504009	189.80167273175874	998.8696253703205	1008.5813897700399	78.38195279388366	1000.64913941241	NaN
0	0.10500000000000001	501.9390910435202	158.53264633060803	189.89077529255366	998.8023974078445	1008.8133612704887	78.3524136012866	1001.0747894107278	NaN
0	0.10500000000000001	501.9954547481161	158.47318521542604	189.98229926968878	998.7344094141453	1009.0448514293627	78.33996295909772	1001.5037236142463	NaN
0	0.10500000000000001	502.0520125250488	158.411705153226	190.07624761382158	998.6658417913457	1009.2758308452485	78.34465015571105	1001.9344603404109	NaN
0	0.10500000000000001	502.1087582584114	158.34820674195484	190.17262165947847	998.5968763386218	1009.5062686930854	78.36639409161533	1002.3655004649297	NaN
0	0.10500000000000001	502.1656855710992	158.28269191644685	190.27142143516892	998.5276944764029	1009.7361337227917	78.40498330551966	1002.7953412968101	NaN
0	0.10500000000000001	502.2227879951792	158.21516376869417	190.37264591323677	998.4584755328934	1009.9653949679182	78.46007754556068	1003.2224901177469	NaN
0	0.10500000000000001	502.2800590118133	158.1456264969719	190.4762930611502	998.3893951995685	1010.1940219112101	78.53121063578686	1003.6454767012835	NaN
0	0.10500000000000001	502.3374919773367	158.07408549174744	190.58235969096404	998.3206241522478	1010.4219841938142	78.61779436952015	1004.062864839543	NaN
0	0.10500000000000001	502.3950799604087	158.00054755097122	190.6908411246544	998.2523268154519	1010.6492509843519	78.71912323179477	1004.4732630331084	NaN
0	0.10500000000000001	502.45281551591347	157.92502120971017	190.80173070208718	998.1846602414192	1010.8757901223114	78.8343798363569	1004.875334541783	NaN
0	0.10500000000000001	502.5106904527311	157.84751711974903	190.91501922828627	998.1177730372573	1011.1015672676795	78.96264111875294	1005.2678072113857	NaN
0	0.10500000000000001	502.568695645916	157.76804840952136	191.03069446039032	998.0518042875567	1011.3265452528266	79.10288543401639	1005.6494833754203	NaN
0	0.10500000000000001	502.6268209099	157.68663099030104	191.14874068008046	997.9868824676779	1011.5506836931098	79.25400069330469	1006.0192498130558	NaN
0	0.10500000000000001	502.68505502287064	157.6032836643258	191.26913855547465	997.9231242706129	1011.7739391908398	79.4147938759908	1006.3760881172547	NaN
0	0.10500000000000001	502.7433858848715	157.51802802785855	191.3918652943476	997.8606334058957	1011.9962660423972	79.58400198304076	1006.7190849879106	NaN
0	0.10500000000000001	502.8018008533163	157.4308880750298	191.51689521708911	997.7994993678385	1012.2176175927648	79.76030456103749	1007.0474422839314	NaN
0	0.10500000000000001	502.86028721779843	157.34188952434337	191.64420071054295	997.7397962635833	1012.4379480671286	79.94233759075281	1007.360486124823	NaN
0	0.10500000000000001	502.9188327516965	157.25105893805892	191.77375345785617	997.681581806233	1012.6572146254199	80.12870830105426	1007.6576742947508	NaN
0	0.10500000000000001	502.97742638986597	157.1584225419806	191.90552607429694	997.6248964525173	1012.8753798120943	80.31801070658027	1007.9386019014503	NaN
0	0.10500000000000001	503.03605883314	157.06400504620177	192.03949372034373	997.5697628964557	1013.0924136478559	80.50884080740467	1008.2030041131751	NaN
0	0.10500000000000001	503.0947231559075	156.96782835880768	192.17563585012917	997.5161858286871	1013.3082956559671	80.69981122966954	1008.4507564599273	NaN
0	0.10500000000000001	503.15341529968276	156.8699103919981	192.31393781618235	997.4641520455331	1013.5230163972224	80.88956451849405	1008.6818723689739	NaN
0	0.10500000000000001	503.21213443727714	156.77026401284647	192.4543922632252	997.4136308717927	1013.736578476463	81.07678470678307	1008.8964983056221	NaN
0	0.10500000000000001	503.27088320858843	156.66889616507945	192.59700028005906	997.3645748391074	1013.9489970448191	81.26020696433622	1009.0949070309601	NaN
0	0.10500000000000001	503.3296678062239	156.56580722736237	192.74177222299252	997.3169205784881	1014.1602997394461	81.43862519307304	1009.2774894407553	NaN
0	0.10500000000000001	503.3884979438067	156.46099057934782	192.8887282562618	997.2705898411658	1014.3705262002657	81.61089773478442	1009.4447456364593	NaN
0	0.10500000000000001	503.44738669286704	156.35443242394643	193.03789854511874	997.2254906089211	1014.5797271308145	81.77595131777647	1009.5972756586658	NaN
0	0.10500000000000001	503.5063502203367	156.24611183115908	193.18932315313202	997.1815182265159	1014.7879630345625	81.93278359582867	1009.7357703882566	NaN
0	0.10500000000000001	503.5654074501277	156.136000976997	193.34305168230574	997.138556509889	1014.9953027224059	82.08046464957108	1009.8610029685071	NaN
0	0.10500000000000001	503.6245796400501	156.0240656067497	193.49914261586179	997.0964788198365	1015.2018215707502	82.2181377612353	1009.9738209237893	NaN
0	0.10500000000000001	503.6838898915785	155.91026570268548	193.65766239179487	997.0551490819508	1015.407599601726	82.34501986139284	1010.0751391270519	NaN
0	0.10500000000000001	503.74336257750963	155.79455639585228	193.81868415164095	997.0144227682387	1015.6127193424891	82.46040196563035	1010.1659336098141	NaN
0	0.10500000000000001	503.80302272664755	155.67688905734647	193.98228625377163	996.9741478286307	1015.8172636079665	82.56365001860428	1010.247236215532	NaN
0	0.10500000000000001	503.8628952972975	155.55721271205817	194.1485503510616	996.934165644785	1016.0213129803568	82.65420631775574	1010.3201298431806	NaN
0	0.10500000000000001	503.92300438482454	155.43547570114387	194.3175591343416	996.8943120093761	1016.2249431532605	82.73159189766596	1010.3857441444476	NaN
0	0.10500000000000001	503.9833723331846	155.31162766546692	194.48939363928304	996.8544181960086	1016.4282220481882	82.79541004926737	1010.4452513359855	NaN
0	0.10500000000000001	504.0440187559477	155.1856218541841	194.66413010858298	996.814312169359	1016.6312067351425	82.84535115346455	1010.4998617724727	NaN
0	0.10500000000000001	504.1049595179176	155.0574176649629	194.8418365359539	996.773819962936	1016.8339403394615	82.88119892958159	1010.5508188895824	NaN
0	0.10500000000000001	504.16620569926744	154.92698337414365	195.02256894550516	996.7327672746281	1017.0364490127537	82.90283798800824	1010.5993930360964	NaN
0	0.10500000000000001	504.227762604187	154.7942989235974	195.20636758632247	996.6909813006911	1017.2387391735637	82.91026241622154	1010.6468737390285	NaN
0	0.10500000000000001	504.2896289799971	154.65935838994156	195.39325355530195	996.6482927451091	1017.4407955517355	82.90358487073136	1010.6945600642316	NaN
0	0.10500000000000001	504.35179650952085	154.52217195651465	195.5832260912838	996.6045379815489	1017.6425802095515	82.88304529600191	1010.743748788642	NaN
0	0.10500000000000001	504.4142497677185	154.38276690796454	195.77626120077844	996.5595612148334	1017.8440331145248	82.84901815722445	1010.7957204532049	NaN
0	0.10500000000000001	504.47696665917425	154.24118752488704	195.9723117822988	996.5132165553551	1018.045074250271	82.80201694272405	1010.8517235772551	NaN
0	0.10500000000000001	504.5399194999409	154.09749341663326	196.17130988932715	996.4653697586422	1018.2456077156769	82.74269467262964	1010.9129578406577	NaN
0	0.10500000000000001	504.6030765682265	153.95175658617356	196.37317072916056	996.4158995797436	1018.4455271670073	82.67183958977218	1010.9805571338471	NaN
0	0.10500000000000001	504.66640406195626	153.8040572927464	196.5777983143391	996.3646985951565	1018.6447223427872	82.5903656840034	1011.0555736923725	NaN
0	0.10500000000000001	504.72986820739277	153.65447925281643	196.78509202816767	996.3116735058694	1018.8430858187171	82.49929846992194	1011.138964364541	NaN
0	0.10500000000000001	504.7934373017614	153.50310468048926	196.99495342077003	996.256744959728	1019.0405193022503	82.39975703293175	1011.2315798538577	NaN
0	0.10500000000000001	504.85708345439065	153.35000975734005	197.20729242744602	996.1998470219892	1019.2369387554547	82.29293383864128	1011.3341573229426	NaN
0	0.10500000000000001	504.9207839626696	153.19526074803858	197.4220327159415	996.1409263551839	1019.4322781975839	82.18007375053	1011.4473164811598	NaN
0	0.10500000000000001	504.9845221469644	153.0389112654932	197.63911546708766	996.079941335714	1019.6264917078273	82.06245384756983	1011.5715586303002	NaN
0	0.10500000000000001	505.04828778265113	152.88100043857477	197.8585019308318	996.0168611007757	1019.8195541227068	81.94136488926178	1011.7072682842664	NaN
0	0.10500000000000001	505.1120770735508	152.72155219292245	198.08017446242908	995.95166471263	1020.0114603181219	81.81809527003323	1011.8547164651717	NaN
0	0.10500000000000001	505.17589234532045	152.5605752686166	198.3041365561725	995.8843404061804	1020.2022236709539	81.69391754131547	1012.0140651579687	NaN
0	0.10500000000000001	505.23974146840703	152.39806399445663	198.5304118434585	995.814885030172	1020.391873765905	81.5700775818683	1012.1853721410189	NaN
0	0.10500000000000001	505.303637149731	152.23399950036708	198.75904249184586	995.7433036384682	1020.580453791699	81.44778601760362	1012.368595823406	NaN
0	0.10500000000000001	505.3675961161237	152.0683513248289	198.99008705936794	995.6696092777491	1020.7680177093093	81.3282115569703	1012.5635996247697	NaN
0	0.10500000000000001	505.4316382696975	151.90107921934825	199.22361807448286	995.59382293105	1020.9546274369798	81.21247571135152	1012.7701557491416	NaN
0	0.10500000000000001	505.4957858216531	151.73213513232187	199.45971936155942	995.5159736336418	1021.1403500720568	81.10164847986407	1012.9879481651931	NaN
0	0.10500000000000001	505.56006245648103	151.5614652324355	199.69848330288443	995.436098706243	1021.325255299126	80.99674450347203	1013.2165748821399	NaN
0	0.10500000000000001	505.6244924971186	151.38901204182062	199.94000793533326	995.3542441315119	1021.5094128946258	80.89871937573962	1013.4555494641058	NaN
0	0.10500000000000001	505.68910017373963	151.21471639687934	200.18439427323344	995.2704649234987	1021.692890616784	80.80846564247737	1013.7043022902037	NaN
0	0.10500000000000001	505.753908877381	151.0385195423407	200.43174342721264	995.1848256063492	1021.8757521321514	80.72680845516452	1013.9621813508779	NaN
0	0.10500000000000001	505.81894051521874	150.86036503674117	200.68215396718892	995.0974006176834	1022.0580553061483	80.65450054768631	1014.2284532721482	NaN
0	0.10500000000000001	505.88421492753184	150.6802005628477	200.93571939726792	995.0082746425032	1022.2398507330563	80.59221655566402	1014.5023047381142	NaN
0	0.10500000000000001	505.9497493657663	150.4979796338336	201.19252575405523	994.9175428359973	1022.4211804956279	80.54054671089052	1014.7828446211149	NaN
0	0.10500000000000001	506.0155580716195	150.31366307264085	201.45264950031165	994.8253108382329	1022.6020772557443	80.49999000194494	1015.0691072984039	NaN
0	0.10500000000000001	506.0816519290528	150.12722032840182	201.71615562438845	994.7316945796972	1022.7825635868055	80.47094704824518	1015.3600573233745	NaN
0	0.10500000000000001	506.1480382274829	149.93863050954036	201.98309611620004	994.6368197920416	1022.9626516420652	80.4537129526129	1015.6545958488326	NaN
0	0.10500000000000001	506.21472050089864	149.74788321836795	202.25350870181816	994.5408212497185	1023.1423430502135	80.44847050459015	1015.9515688128517	NaN
0	0.10500000000000001	506.28169844704695	149.55497916400122	202.5274158712344	994.4438417249492	1023.321629039694	80.4552840993078	1016.2497769816312	NaN
0	0.10500000000000001	506.3489679355555	149.35993051625346	202.8048242548687	994.346030642219	1023.5004908051093	80.47409475966381	1016.5479878772197	NaN
0	0.10500000000000001	506.4165210959936	149.16276101433456	203.085724332627	994.2475424559751	1023.6789000807407	80.50471664688176	1016.8449494420664	NaN
0	0.10500000000000001	506.48434645364694	148.96350591432557	203.37009035942384	994.148534821344	1023.8568198267391	80.54683538791281	1017.1394050963513	NaN
0	0.10500000000000001	506.55242917440575	148.76221158685584	203.6578807798903	994.0491665018294	1024.0342051812208	80.60000853920678	1017.4301101679301	NaN
0	0.10500000000000001	506.6207513720332	148.55893489022182	203.9490389594834	993.9495951249903	1024.2110045439492	80.66366840899893	1017.715849111162	NaN
0	0.10500000000000001	506.68929256565315	148.35374204755587	204.2434946269357	993.8499747096726	1024.387161008676	80.7371274691327	1017.9954534295099	NaN
0	0.10500000000000001	506.75803022993176	148.14670718346724	204.54116581527097	993.7504531076642	1024.562613979261	80.81958639437572	1018.2678195177659	NaN
0	0.10500000000000001	506.8269405335359	147.9379102195773	204.8419617435903	993.6511692847464	1024.7373011998784	80.91014478955557	1018.53192622411	NaN
0	0.10500000000000001	506.895999173663	147.7274343896021	205.14578627852367	993.5522506404938	1024.9111609455442	81.0078143382155	1018.7868511381304	NaN
0	0.10500000000000001	506.96518236327944	147.51536319142642	205.45254225085833	993.4538103462141	1025.0841345034564	81.11153411585903	1019.0317852438412	NaN
0	0.10500000000000001	507.0344678529054	147.30177712709056	205.76213613377573	993.3559449223084	1025.256168635835	81.2201874438091	1019.2660449917755	NaN
0	0.10500000000000001	507.1038359594968	147.0867503170281	206.07448296592193	993.2587321275109	1025.4272179547224	81.3326196439982	1019.4890813732992	NaN
0	0.10500000000000001	507.1732705250098	146.87034723520134	206.38951116685965	993.1622292824541	1025.5972470213662	81.44765592233703	1019.7004856022141	NaN
0	0.10500000000000001	507.24275976059346	146.6526197173943	206.70716702391138	993.0664720791838	1025.7662320743318	81.5641186580212	1019.8999913528208	NaN
0	0.10500000000000001	507.31229687892176	146.4336045689292	207.02741837027688	992.9714739796601	1025.9341621676965	81.68084335517383	1020.0874735681352	NaN
0	0.10500000000000001	507.38188052031063	146.21332178232905	207.35025742825837	992.8772261439665	1026.1010397597804	81.79669281219526	1020.2629443594972	NaN
0	0.10500000000000001	507.45151496610976	145.99177341183264	207.67570273663395	992.7836978366879	1026.2668807624855	81.91056921341863	1020.4265465658914	NaN
0	0.10500000000000001	507.52121012904473	145.76894316301423	208.00380006228346	992.690837260954	1026.4317140523376	82.02142401506819	1020.5785455792925	NaN
0	0.10500000000000001	507.5909813377504	145.54479666653233	208.3346223254585	992.5985727345059	1026.595580509314	82.12826570977015	1020.7193201019851	NaN
0	0.10500000000000001	507.6608489456987	145.31928235930957	208.6682686357379	992.5068141134935	1026.758531676555	82.23016571370398	1020.849352454564	NaN
0	0.10500000000000001	507.730837802509	145.0923328660698	209.00486258213874	992.4154543722243	1026.9206281473926	82.32626273051353	1020.9692189504024	NaN
0	0.10500000000000001	507.8009765168614	144.86386712367016	209.3445494028845	992.3243714028688	1027.0819375314397	82.41576586590314	1021.0795805476578	NaN
0	0.10500000000000001	507.871296660465	144.6337927758844	209.68749271902962	992.2334298257513	1027.242532361481	82.49795712012113	1021.1811742580006	NaN
0	0.10500000000000001	507.941831772392	144.4020093037764	210.0338701266256	992.142482995885	1027.4024876278816	82.57219348907337	1021.2748051496309	NaN
0	0.10500000000000001	508.0126162433899	144.16841164389342	210.3838679964722	992.0513751181203	1027.561878139628	82.63790920949555	1021.3613390563997	NaN
0	0.10500000000000001	508.08368400373126	143.93289455517584	210.73767507163552	991.9599436016046	1027.7207755533746	82.69461845973797	1021.441695738293	NaN
0	0.10500000000000001	508.15506704373456	143.69535765145733	211.09547496200176	991.8680216627524	1027.879245155363	82.7419189057606	1021.5168422799836	NaN
0	0.10500000000000001	508.2267937917726	143.4557110270729	211.4574376197779	991.7754412062521	1028.0373424681663	82.77949636007236	1021.5877863676047	NaN
0	0.10500000000000001	508.29888735267207	143.21388147352388	211.8237097734842	991.682036053017	1028.1951097035785	82.80713066508832	1021.6555689526589	NaN
0	0.10500000000000001	508.37136368493816	142.96981902943625	212.1944046850833	991.5876454927775	1028.3525722463467	82.82470277317377	1021.721255809518	NaN
0	0.10500000000000001	508.44422997299546	142.72350299520548	212.56959253384224	991.4921179023487	1028.5097357256363	82.8322027449072	1021.7859276061555	NaN
0	0.10500000000000001	508.5174832911818	142.47494705927087	212.9492919717282	991.3953143528275	1028.6665838586277	82.82973795051001	1021.8506680097975	NaN
0	0.10500000000000001	508.5911099107793	142.2242023053281	213.33346475582937	991.2971117527575	1028.8230777772674	82.81754046678749	1021.9165497804024	NaN
0	0.10500000000000001	508.6650855129018	141.97135713913787	213.7220149967469	991.1974051183564	1028.9791573188436	82.79597228332098	1021.9846190765207	NaN
0	0.10500000000000001	508.73937639146976	141.7165337647783	214.11479369101065	991.0961087201491	1029.1347443554755	82.76552686367602	1022.0558785372356	NaN
0	0.10500000000000001	508.8139417161639	141.45988088643753	214.511609155818	990.9931558041101	1029.2897481978969	82.72682582450997	1022.1312702174295	NaN
0	0.10500000000000001	508.8887365915402	141.201563465815	214.91224221249848	990.8884969943382	1029.444072415677	82.68061010750893	1022.211659558025	NaN
0	0.10500000000000001	508.96371553596066	140.941750787026	215.31646428289315	990.7820976534659	1029.597622221385	82.62772585679932	1022.2978215951634	NaN
0	0.10500000000000001	509.0388358725336	140.6806045784381	215.72405574009798	990.6739347276967	1029.7503113489856	82.56910608933944	1022.3904302614125	NaN
0	0.10500000000000001	509.114060657485	140.41826852380342	216.13482244009177	990.5639935218176	1029.9020676888665	82.50574977277411	1022.4900512669165	NaN
0	0.10500000000000001	509.18936083190493	140.1548603153566	216.54860858713693	990.4522648737626	1030.0528371091355	82.43870014845216	1022.5971384767101	NaN
0	0.10500000000000001	509.26471655882983	139.89046645511468	216.9653055282718	990.338742889884	1030.2025854766343	82.36902384763592	1022.7120334427391	NaN
0	0.10500000000000001	509.34011766975493	139.6251401417686	217.38485585064706	990.2234235140259	1030.351298819353	82.29779206094139	1022.8349672522019	NaN
0	0.10500000000000001	509.4155635270678	139.35890122919486	217.80725428392466	990.1063036501755	1030.4989823239666	82.22606424063297	1022.9660641897742	NaN
0	0.10500000000000001	509.49106230729757	139.09173828099676	218.2325452929004	989.9873809941818	1030.6456582393912	82.15487465528379	1023.1053462539334	NaN
0	0.10500000000000001	509.56662998854273	138.82361175130245	218.66081883224697	989.8666542796312	1030.7913632892698	82.08522151122197	1023.2527381088362	NaN
0	0.10500000000000001	509.6422890920946	138.5544581282599	219.09220448052935	989.7441239609885	1030.9361457165874	82.01805832813332	1023.4080718683281	NaN
0	0.10500000000000001	509.7180673541785	138.2841944215033	219.52686490966957	989.6197931235185	1031.0800623150412	81.9542869992216	1023.5710915469883	NaN
0	0.10500000000000001	509.7939963045729	138.0127230740778	219.9649885418961	989.4936686936745	1031.2231754071288	81.89475209115135	1023.7414568380797	NaN
0	0.10500000000000001	509.8701099016469	137.7399367607708	220.40678224529287	989.3657627172402	1031.3655500535976	81.84023579091382	1023.9187464152565	NaN
0	0.10500000000000001	509.9464431202833	137.46572343484937	220.85246347725226	989.2360938652912	1031.5072512941526	81.79145316592148	1024.1024605716614	NaN
0	0.10500000000000001	510.0230306046943	137.18997121566537	221.30225252528066	989.1046889581283	1031.6483416271371	81.74904729581289	1024.2920236004966	NaN
0	0.10500000000000001	510.0999053117922	136.91257337577048	221.75636442014948	988.971584594754	1031.7888785843718	81.71358406952818	1024.4867860040738	NaN
0	0.10500000000000001	510.1770971725249	136.63343332303845	222.21500068118428	988.8368287988181	1031.9289124501129	81.68554646037497	1024.686026919086	NaN
0	0.10500000000000001	510.2546318166678	136.3524694062163	222.67834116832654	988.7004825511406	1032.0684842028395	81.66532822037094	1024.888957259375	NaN
0	0.10500000000000001	510.3325292915402	136.0696197879414	223.14653563407614	988.56262127723	1032.207623549193	81.6532271074441	1025.0947238047804	NaN
0	0.10500000000000001	510.4108029716464	135.78484666289557	223.61969616457625	988.4233358912389	1032.3463473978757	81.64943782652539	1025.3024151503084	NaN
0	0.10500000000000001	510.489458552491	135.49814019611452	224.09788990166032	988.2827335344472	1032.4846585674768	81.65404511835095	1025.5110695888466	NaN
0	0.10500000000000001	510.5684934002475	135.20952117981585	224.58113372917845	988.1409374878519	1032.622545191654	81.66701752328692	1025.7196858856767	NaN
0	0.10500000000000001	510.647896218242	134.91904253115777	225.0693907675197	987.9980863041326	1032.7599807192933	81.68820254228928	1025.9272369081755	NaN
0	0.10500000000000001	510.72764726101883	134.626788767564	225.56257018438816	987.8543317476425	1032.8969248730232	81.71732400336872	1026.1326865422	NaN
0	0.10500000000000001	510.8077190865117	134.332873469513	226.0605303980112	987.7098355900673	1033.0333254965963	81.75398243014692	1026.3350093975369	NaN
0	0.10500000000000001	510.8880779218647	134.03743443154102	226.56308628141912	987.564765190231	1033.1691213662348	81.79765908394013	1026.5332127321344	NaN
0	0.10500000000000001	510.9686855355907	133.7406268760616	227.07001984556808	987.4192881447337	1033.3042457283218	81.84772402879413	1026.7263593142115	NaN
0	0.10500000000000001	511.04950157819343	133.44261485695915	227.58109428945244	987.2735661897162	1033.4386304536733	81.9034482365521	1026.9135899913713	NaN
0	0.10500000000000001	511.13048603871607	133.14356214771968	228.09606928718472	987.127749104624	1033.5722101872962	81.96401915141965	1027.0941440191807	NaN
0	0.10500000000000001	511.2116017574617	132.84362284251986	228.61471715836436	986.9819688247889	1033.7049263888978	82.02855892389886	1027.2673761378817	NaN
0	0.10500000000000001	511.29281661759234	132.54293307827854	229.13683750198064	986.8363345109477	1033.8367306535984	82.09614405281235	1027.4327690019402	NaN
0	0.10500000000000001	511.37410537436887	132.24160405290877	229.66226994466936	986.6909286778509	1033.9675872814616	82.16582530253413	1027.5899407674872	NaN
0	0.10500000000000001	511.45545093703095	131.9397170480582	230.19090370489738	986.5458047024459	1034.0974748397457	82.23664672492878	1027.7386477175999	NaN
0	0.10500000000000001	511.53684509740725	131.6373205021893	230.72268379645118	986.4009856759789	1034.2263867624865	82.30766294805089	1027.8787825160578	NaN
0	0.10500000000000001	511.6182888020256	131.33442879418894	231.25761437044696	986.2564643600126	1034.3543311915791	82.37795425834484	1028.010369032696	NaN
0	0.10500000000000001	511.6997918784954	131.03102308395407	231.79575849250574	986.1122043277751	1034.4813299631633	82.44663912506634	1028.1335544277242	NaN
0	0.10500000000000001	511.78137245045906	130.7270533497069	232.33723578199817	985.968141797971	1034.6074171484017	82.51288435772314	1028.2485997080378	NaN
0	0.10500000000000001	511.86305599798993	130.42244178759213	232.8822175512731	985.8241881724638	1034.7326371089264	82.57591305284822	1028.355869368801	NaN
0	0.10500000000000001	511.94487411861974	130.11708737122	233.43091973307202	985.6802331290062	1034.8570421793518	82.63501072717447	1028.455820775939	NaN
0	0.10500000000000001	512.0268631209115	129.81087107899617	233.98359441880527	985.5361480050574	1034.980690198158	82.68953017637287	1028.5489938438152	NaN
0	0.10500000000000001	512.1090623337706	129.50366222285615	234.54051917720113	985.3917896669814	1035.1036417242751	82.73889544542656	1028.6360010635597	NaN
0	0.10500000000000001	512.1915122431544	129.1953254587209	235.10198484963726	985.2470046763235	1035.22595712567	82.78260546724522	1028.7175180688896	NaN
0	0.10500000000000001	512.2742523300954	128.88572894563436	235.6682809166673	985.1016340026245	1035.3476933670029	82.82023772473957	1028.794274488269	NaN
0	0.10500000000000001	512.357318804394	128.57475292167055	236.23967970345623	984.9555179871247	1035.4689008015787	82.85145239048157	1028.8670450164718	NaN
0	0.10500000000000001	512.4407420737308	128.26229928905747	236.81641828589588	984.8085018990496	1035.5896197432448	82.87599706413116	1028.9366401411523	NaN
0	0.10500000000000001	512.5245442938561	127.9483009062729	237.39868043679274	984.6604415448268	1035.7098773326443	82.89371225835005	1029.0038963253774	NaN
0	0.10500000000000001	512.6087370218505	127.63273049336819	237.9865787803143	984.5112089553429	1035.829684720474	82.90453734691086	1029.0696650773566	NaN
0	0.10500000000000001	512.6933194211224	127.31560745700835	238.5801403305693	984.360697403433	1035.9490351879622	82.90851649061462	1029.134800738274	NaN
0	0.10500000000000001	512.7782773323066	126.99700144381332	239.17929776563406	984.2088251954024	1036.0679035944638	82.90580362747174	1029.2001468624157	NaN
0	0.10500000000000001	512.8635835383596	126.67703137917574	239.78388897963598	984.0555375918699	1036.1862475318487	82.89666536197392	1029.266521413662	NaN
0	0.10500000000000001	512.9491994997247	126.35585894940743	240.39366717707298	983.90080623025	1036.3040104629388	82.88148050143303	1029.3347014269216	NaN
0	0.10500000000000001	513.035078392389	126.03367715389216	241.0083206755572	983.7446261498263	1036.421126494927	82.86073524114336	1029.4054079403152	NaN
0	0.10500000000000001	513.121169197539	125.71069487811377	241.6275009313857	983.5870106445301	1036.5375263434746	82.83501356513088	1029.479292308657	NaN
0	0.10500000000000001	513.2074210957838	125.38712030528735	242.2508536388395	983.4279850900383	1036.6531434079384	82.80498325309286	1029.5569247016708	NaN
0	0.10500000000000001	513.293787730511	125.06314481887975	242.8780498092095	983.267580398645	1036.7679193626484	82.77137851466641	1029.6387856103463	NaN
0	0.10500000000000001	513.3802305427979	124.73893040563915	243.50881096018372	983.1058275202595	1036.8818082360115	82.73498084836635	1029.725260374253	NaN
0	0.10500000000000001	513.4667211407356	124.41460071094856	244.14292790891184	982.9427531088827	1036.9947790112267	82.69659960817692	1029.8166368230227	NaN
0	0.10500000000000001	513.553242408338	124.09023685817456	244.7802707485211	982.7783770204511	1037.1068164517778	82.65705366940382	1029.913105377277	NaN
0	0.10500000000000001	513.6397886399192	123.76587695898509	245.42079181586004	982.6127112632074	1037.217920620841	82.61715499306558	1030.0147611739562	NaN
0	0.10500000000000001	513.7263648496601	123.44151874773179	246.06452252644308	982.4457602721178	1037.328105362267	82.57769451576462	1030.121607535108	NaN
0	0.10500000000000001	513.8129854748967	123.11712451201834	246.71156551295772	982.2775222302189	1037.4373960810406	82.53943039413262	1030.233560196027	NaN
0	0.10500000000000001	513.8996726988184	122.7926274636679	247.3620836210372	982.1079911113115	1037.5458271485059	82.50307835173945	1030.350451865191	NaN
0	0.10500000000000001	513.9864545606672	122.46793891038573	248.01628694490074	981.9371591903811	1037.6534391653677	82.46930373552063	1030.4720368233727	NaN
0	0.10500000000000001	514.0733629584734	122.1429558253442	248.67441865378115	981.7650198560331	1037.7602762230915	82.43871484600844	1030.5979953953693	NaN
0	0.10500000000000001	514.1604315644192	121.81756873040729	249.336739740963	981.5915706992439	1037.8663831921147	82.41185713578737	1030.7279381919711	NaN
0	0.10500000000000001	514.2476937799197	121.49166940930999	250.00351365123586	981.4168166186249	1037.9718031924936	82.38920788253252	1030.861410334057	NaN
0	0.10500000000000001	514.3351806785691	121.16515863713748	250.6749903995187	981.2407730188321	1038.0765751789227	82.37117109816757	1030.997895743371	NaN
0	0.10500000000000001	514.4229191067292	120.83795328532875	251.35139149023033	981.0634687247048	1038.1807318388826	82.35807249206937	1031.136822008342	NaN
0	0.10500000000000001	514.5109298433977	120.50999316429741	252.03289491125471	980.8849487628031	1038.2842976748734	82.35015452075777	1031.2775659776578	NaN
0	0.10500000000000001	514.5992260987842	120.18124655805848	252.7196223933501	980.7052763999601	1038.3872875890283	82.3475716393058	1031.419460825883	NaN
0	0.10500000000000001	514.6878122894677	119.85171468311452	253.41162852802117	980.5245345198759	1038.4897058725744	82.35038610179947	1031.5618047494231	NaN
0	0.10500000000000001	514.7766834152294	119.52143386548076	254.10889436492502	980.3428256454469	1038.5915459498704	82.35856476967142	1031.7038719465197	NaN
0	0.10500000000000001	514.8658250589267	119.19047536809569	254.8113258010831	980.1602705482792	1038.6927908571759	82.37197753299114	1031.8449258627204	NaN
0	0.10500000000000001	514.9552140840826	118.85894260707416	255.51875750403696	979.9770053066343	1038.7934144949638	82.39039794626581	1031.9842345313957	NaN
0	0.10500000000000001	515.0448201614149	118.52696529156621	256.23096358291053	979.7931765850151	1038.8933837501647	82.41350662316039	1032.1210876772934	NaN
0	0.10500000000000001	515.1346079277001	118.19469124245408	256.9476736350199	979.6089356071075	1038.9926612145166	82.4408976908046	1032.2548145189398	NaN
0	0.10500000000000001	515.2245395321936	117.86227682001854	257.6685923542153	979.4244314123631	1039.0912081897736	82.47208826071342	1032.3848010415852	NaN
0	0.10500000000000001	515.314577452969	117.52987641533497	258.39342184434724	979.2398037293545	1039.1889878287125	82.506530586317	1032.5105057343037	NaN
0	0.10500000000000001	515.4046870783436	117.19763288373994	259.12188261009544	979.0551765816822	1039.285967856471	82.5436261566241	1032.6314723915157	NaN
0	0.10500000000000001	515.4948389953388	116.86566913543412	259.8537326927814	978.8706528004436	1039.3821228311165	82.58274091973718	1032.7473395219436	NaN
0	0.10500000000000001	515.5850106098184	116.53408226034736	260.5887818099066	978.6863102355793	1039.4774355727766	82.62322065638213	1032.8578457834433	NaN
0	0.10500000000000001	515.6751872433031	116.20293963751055	261.32690152404433	978.5021993604628	1039.5718979612088	82.66440580100956	1032.9628318601895	NaN
0	0.10500000000000001	515.7653638767879	115.87227272527778	262.06804095112216	978.3183398535385	1039.6655123488624	82.70564565231443	1033.0622404219894	NaN
0	0.10500000000000001	515.8555405102727	115.54209428511646	262.81219001477757	978.1347304385816	1039.7582863483474	82.74630835525595	1033.1561070758378	NaN
0	0.10500000000000001	515.9457263322684	115.21238328595176	263.5594149004116	977.9513409410622	1039.8502368300594	82.78579347667946	1033.2445598163222	NaN
0	0.10500000000000001	516.0359367831392	114.88309588157276	264.3098350985833	977.7681189853191	1039.9413865502304	82.82353983534479	1033.3278093958475	NaN
0	0.10500000000000001	516.1261922819781	114.55417024505807	265.0636137732287	977.5849933863512	1040.0317626073715	82.85903273968917	1033.4061412036276	NaN
0	0.10500000000000001	516.2165165575785	114.22553280860112	265.82094454396747	977.401878410019	1040.1213945829757	82.89180990961927	1033.4799065599439	NaN
0	0.10500000000000001	516.3069349277215	113.89710463863902	266.58203749822246	977.2186781840664	1040.210312725618	82.92146646632877	1033.5495139401025	NaN
0	0.10500000000000001	516.3974724120078	113.56880835504865	267.3471034534434	977.0352914879555	1040.2985460674456	82.94765916411019	1033.6154200827282	NaN
0	0.10500000000000001	516.4881518798728	113.24057485286616	268.11633814827593	976.8516165180179	1040.3861206744323	82.9701101053217	1033.6781211050798	NaN
0	0.10500000000000001	516.5789922814097	112.91234965095438	268.8899067796534	976.6675555440415	1040.4730580710202	82.98861002395822	1033.7381435248853	NaN
0	0.10500000000000001	516.6700070538011	112.58409853198485	269.6679297013067	976.4830192838299	1040.5593739194362	83.00302113032467	1033.796035082676	NaN
0	0.10500000000000001	516.761202891626	112.25581180019752	270.4504709435444	976.2979306250822	1040.6450771172192	83.01327940131486	1033.8523553142118	NaN
0	0.10500000000000001	516.8525789423703	111.92750695028255	271.23753016736725	976.112227570968	1040.7301693463614	83.01939605569207	1033.9076657834428	NaN
0	0.10500000000000001	516.94412668058	111.59922885750662	272.0290403458393	975.9258648797329	1040.8146452803269	83.02145789089296	1033.962520105821	NaN
0	0.10500000000000001	517.0358304260524	111.27104764538554	272.8248710269076	975.7388144328489	1040.898493376626	83.01962608714504	1034.017453853572	NaN
0	0.10500000000000001	517.1276685357866	110.9430541582647	273.6248375838788	975.5510642170238	1040.9816972439332	83.01413315709182	1034.072974639785	NaN
0	0.10500000000000001	517.2196152278482	110.6153532250638	274.42871623983467	975.3626159359471	1041.0642375078555	83.0052778373644	1034.1295527773086	NaN
0	0.10500000000000001	517.3116426959155	110.28805596375624	275.2362620080549	975.173481875727	1041.1460938383493	82.99341793581091	1034.187612816015	NaN
0	0.10500000000000001	517.403723367659	109.96127166784063	276.0472283160173	974.9836812611055	1041.2272469957747	82.97896137178932	1034.247526377565	NaN
0	0.10500000000000001	517.4958320474791	109.63510020578747	276.8613860438424	974.7932365882082	1041.307680664915	82.96235583773944	1034.3096065540221	NaN
0	0.10500000000000001	517.5879476111853	109.30962610539783	277.6785389922148	974.6021705987368	1041.3873828005258	82.94407765987097	1034.374103927716	NaN
0	0.10500000000000001	517.6800631748915	108.9848828835822	278.49861524796273	974.4104853064925	1041.4663541265359	82.92461849398327	1034.4412109292568	NaN
0	0.10500000000000001	517.7721787385979	108.66087944817954	279.3216036159756	974.2181770460127	1041.5446013439287	82.90447579675454	1034.5110562442007	NaN
0	0.10500000000000001	517.8642943023041	108.33762450373405	280.1474928821772	974.025250641123	1041.6221310922442	82.88414444284254	1034.5836999581647	NaN
0	0.10500000000000001	517.9564098660103	108.01512655359869	280.9762718139389	973.8317192034685	1041.6989499501433	82.86410750128961	1034.6591345552988	NaN
0	0.10500000000000001	518.0485254297165	107.69339390203933	281.8079291605096	973.6376037803872	1041.7750644359644	82.84482750319262	1034.7372871578839	NaN
0	0.10500000000000001	518.1406409934228	107.37243465633847	282.6424536534597	973.4429328631503	1041.8504810082784	82.82673835179864	1034.818022928613	NaN
0	0.10500000000000001	518.232756557129	107.05225672889829	283.4798340071403	973.2477417689128	1041.925206066436	82.81023800948553	1034.90114953738	NaN
0	0.10500000000000001	518.3248781876443	106.73284683027092	284.3201143505104	973.0520590099701	1041.9992508050134	82.79568118965713	1034.9864282578176	NaN
0	0.10500000000000001	518.4170297067664	106.41413036079426	285.1635023106026	972.8558804288015	1042.0726402574342	82.78337330391105	1035.073591920974	NaN
0	0.10500000000000001	518.5092248973427	106.09606795998432	286.0101160695573	972.6592273294852	1042.145390823728	82.7735713199118	1035.1623259571618	NaN
0	0.10500000000000001	518.6014790678018	105.77861534013465	286.86008953286483	972.4621211051872	1042.2175196483042	82.76647867710176	1035.252285651325	NaN
0	0.10500000000000001	518.6938023754481	105.46174625269157	287.71351072716476	972.2645966118229	1042.2890394259543	82.76224359080244	1035.3430967641366	NaN
0	0.10500000000000001	518.786201988148	105.14544487928269	288.57044108526736	972.0666966782856	1042.3599602456163	82.76095706827002	1035.4343649265304	NaN
0	0.10500000000000001	518.8786804882624	104.82971114659587	289.4309001104038	971.8684746021097	1042.4302884935803	82.76265215694022	1035.5256817409413	NaN
0	0.10500000000000001	518.9712363971302	104.5145587389071	290.2948695831253	971.6699920855336	1042.500027411116	82.76730404709255	1035.616633209343	NaN
0	0.10500000000000001	519.0638642108994	104.20001479140291	291.1622932860788	971.4713182035628	1042.5691772631428	82.77483129703964	1035.7068078056516	NaN
0	0.10500000000000001	519.1565550037258	103.88611766223397	292.0330820800557	971.2725271643834	1042.637735919559	82.78509823320944	1035.795805046933	NaN
0	0.10500000000000001	519.2492971958732	103.57291417826805	292.90712065082516	971.073695750543	1042.7056995287173	82.797918566186	1035.8832439379978	NaN
0	0.10500000000000001	519.3420775238556	103.26045624177313	293.7842763116864	970.8749003914969	1042.773063302844	82.8130601894319	1035.968771073312	NaN
0	0.10500000000000001	519.4348820641856	102.94879731062933	294.66440849218975	970.676214216111	1042.8398223006116	82.83025103701593	1036.0520680049333	NaN
0	0.10500000000000001	519.5276972718602	102.6379888871434	295.5473785516146	970.4777041953124	1042.9059721780147	82.84918581635644	1036.1328576235228	NaN
0	0.10500000000000001	519.6205124795349	102.3280721967014	296.4330737369673	970.2794253092278	1042.9715109244567	82.86953371928153	1036.2109105731067	NaN
0	0.10500000000000001	519.7133276872096	102.01905242409171	297.3214822950887	970.0814036174536	1043.0364441859197	82.89094785851161	1036.286054291644	NaN
0	0.10500000000000001	519.8061428948843	101.71093458973486	298.2125924649342	969.8836589165851	1043.1007775562255	82.9130705376356	1036.3581653013587	NaN
0	0.10500000000000001	519.8989581025589	101.40372355178744	299.1063924782323	969.6862046737173	1043.1645165775167	82.93554037816904	1036.4271702151352	NaN
0	0.10500000000000001	519.9917733102336	101.09742400823832	300.0028705601485	969.489048081357	1043.2276667407348	82.95799930514482	1036.4930457599244	NaN
0	0.10500000000000001	520.0845885179083	100.79204049899676	300.9020149299541	969.292190229104	1043.2902334860926	82.98009926336704	1036.5558178458343	NaN
0	0.10500000000000001	520.177403725583	100.4875774079716	301.8038138016994	969.0956263853814	1043.3522222035426	83.0015085453403	1036.6155597267639	NaN
0	0.10500000000000001	520.2702189332576	100.18403896514205	302.7082553848918	968.8993463806248	1043.413638233242	83.02191762270374	1036.67238931426	NaN
0	0.10500000000000001	520.3630341409323	99.88142924861899	303.61532788517655	968.7033350816658	1043.4744868660127	83.04104438549287	1036.7264657204707	NaN
0	0.10500000000000001	520.455849348607	99.57975218669678	304.52501950502176	968.507572945626	1043.534773343797	83.0586387074552	1036.7779851184202	NaN
0	0.10500000000000001	520.5486645562817	99.2790115598957	305.4373184444055	968.3120366404756	1043.5945028601088	83.07448627066536	1036.8271760181754	NaN
0	0.10500000000000001	520.6414797639563	98.97921100299388	306.35221290150565	968.1166997185228	1043.6536805604815	83.0884115985215	1036.874294065659	NaN
0	0.10500000000000001	520.7343060275477	98.68031846428441	307.26980051454194	967.9215100897171	1043.712318494523	83.1002815497314	1036.9196217800659	NaN
0	0.10500000000000001	520.8271525913981	98.38230800774457	308.19016216150897	967.7264178610936	1043.7704272792723	83.11000418631495	1036.9634559494566	NaN
0	0.10500000000000001	520.920025599724	98.08516384210654	309.1133488715894	967.5313787407155	1043.828015362329	83.11752938354132	1037.0061015675826	NaN
0	0.10500000000000001	521.012928488096	97.78887891985137	310.0393852972847	967.3363539146764	1043.8850893548722	83.12284896406153	1037.0478664802968	NaN
0	0.10500000000000001	521.105861900269	97.49345506504324	310.96826850565316	967.141310920201	1043.9416540613454	83.12599601674607	1037.0890557404787	NaN
0	0.10500000000000001	521.1988239986742	97.19890184920665	311.8999707115838	966.9462236772706	1043.9977127461157	83.12704347172676	1037.1299661861012	NaN
0	0.10500000000000001	521.2918108558132	96.90523523006645	312.83444288060116	966.7510723217816	1044.0532674357578	83.12610188974278	1037.1708812090703	NaN
0	0.10500000000000001	521.384816970174	96.61247582232956	313.77161965582576	966.5558427331644	1044.1083192799085	83.12331649178277	1037.2120658651909	NaN
0	0.10500000000000001	521.4778359129543	96.32064679031147	314.7114256951332	966.3605257277219	1044.1628689700347	83.11886347926905	1037.2537624625213	NaN
0	0.10500000000000001	521.5708609265901	96.02977193117171	315.6537816260352	966.1651162790588	1044.2169171081996	83.1129457384297	1037.2961866775318	NaN
0	0.10500000000000001	521.6638859402258	95.73987249855733	316.5986143380959	965.969611776298	1044.27046479482	83.10578801693356	1037.3395245257038	NaN
0	0.10500000000000001	521.7569109538616	95.45095054494843	317.5459119822019	965.7740009961212	1044.3235166637605	83.0976313183979	1037.3839322175852	NaN
0	0.10500000000000001	521.8499359674973	95.16300800140796	318.4956627165427	965.5782770480993	1044.3760773059787	83.0887280467908	1037.429531511181	NaN
0	0.10500000000000001	521.9429609811331	94.87604667946817	319.44785470730505	965.3824374850701	1044.4281512699235	83.07933684306522	1037.4764084827646	NaN
0	0.10500000000000001	522.0359859947688	94.59006827300367	320.4024761293655	965.1864843241872	1044.4797430619271	83.06971745354731	1037.5246130164305	NaN
0	0.10500000000000001	522.1290110084046	94.30507436009037	321.35951516697895	964.9904239808511	1044.5308571465969	83.06012572778593	1037.5741590010978	NaN
0	0.10500000000000001	522.2220360220404	94.02106640485077	322.3189600144656	964.794267119354	1044.5814979472004	83.05080883823727	1037.6250252103912	NaN
0	0.10500000000000001	522.3150610356761	93.73804575928493	323.28079887689285	964.598028425546	1044.631669846048	83.04200080717841	1037.6771568284375	NaN
0	0.10500000000000001	522.4080860493118	93.4560136650871	324.2450199707547	964.401726308187	1044.6813771848738	83.03391841779737	1037.7304675732607	NaN
0	0.10500000000000001	522.5011110629476	93.17497125544797	325.2116115246468	964.205382536813	1044.730624265209	83.02675757670858	1037.784842359418	NaN
0	0.10500000000000001	522.5941360765834	92.89491955684244	326.18056177993714	964.0090218249389	1044.7794153487555	83.02069018442167	1037.840140432865	NaN
0	0.10500000000000001	522.6871610902191	92.61585949080242	327.1518589914329	963.8126713682097	1044.8277546577558	83.01586155879117	1037.8961989039644	NaN
0	0.10500000000000001	522.7801861038548	92.33779187567502	328.1254914280424	963.6163603476881	1044.8756463753557	83.01238844444703	1037.9528365991032	NaN
0	0.10500000000000001	522.8732197397177	92.06069179316394	329.10153793937315	963.4201012240336	1044.9230990233898	83.01035750949826	1038.0098634443082	NaN
0	0.10500000000000001	522.9662655668408	91.78454956376311	330.0800250425776	963.2239180824029	1044.9701183814702	83.00982524589588	1038.0670763246487	NaN
0	0.10500000000000001	523.0593273099037	91.50935510349757	331.06098125921795	963.0278351131037	1045.0167102044832	83.0108175049072	1038.1242664225745	NaN
0	0.10500000000000001	523.1524064821629	91.2351048957754	332.04441209230015	962.8318810756233	1045.0628790521778	83.01332982976695	1038.181221972345	NaN
0	0.10500000000000001	523.2455036172217	90.96179826521852	333.0303128117962	962.636086182421	1045.1086289441212	83.01732829647322	1038.237733175648	NaN
0	0.10500000000000001	523.3386178982155	90.68943840942366	334.0186643939139	962.4404823804965	1045.1539632031186	83.02275090169256	1038.2935960094594	NaN
0	0.10500000000000001	523.4317476627051	90.41803085941648	335.00943873526006	962.24510181979	1045.198884728449	83.02950949142388	1038.3486163620523	NaN
0	0.10500000000000001	523.524890550295	90.14758300797439	336.0026001284994	962.0499761150484	1045.2433960848384	83.03749216142096	1038.4026136613033	NaN
0	0.10500000000000001	523.6180438541304	89.87810305873082	336.99810894202443	961.8551352304479	1045.2874996830922	83.0465660949078	1038.455424259312	NaN
0	0.10500000000000001	523.7112047986528	89.60959921004577	337.9959245604458	961.6606065786357	1045.3311979166692	83.05658075386903	1038.5069043392248	NaN
0	0.10500000000000001	523.8043708298408	89.34207882099801	338.99600849937224	961.4664141593939	1045.3744932966174	83.0673713490269	1038.5569323421241	NaN
0	0.10500000000000001	523.89753983143	89.07554780742315	339.9983267642127	961.2725779226643	1045.4173885450916	83.07876249306888	1038.6054108282212	NaN
0	0.10500000000000001	523.990710347245	88.81001003448826	341.00285230494177	961.0791131903401	1045.4598866862787	83.09057195671674	1038.6522677957714	NaN
0	0.10500000000000001	524.0838816676923	88.5454671085011	342.0095660318632	960.8860304315419	1045.501991070879	83.10261442320835	1038.6974573801429	NaN
0	0.10500000000000001	524.1770539347028	88.2819181221444	343.0184580421782	960.6933350675174	1045.5437054070408	83.1147051778798	1038.7409600259612	NaN
0	0.10500000000000001	524.2702280862391	88.0193598576105	344.02952711690057	960.5010276727389	1045.5850337183033	83.12666363660814	1038.7827820695436	NaN
0	0.10500000000000001	524.3634058193758	87.75778693403788	345.0427804107421	960.3091041950722	1045.6259803115156	83.1383166724077	1038.8229548558832	NaN
0	0.10500000000000001	524.4565894547517	87.4971922277643	346.05823205956585	960.1175564311899	1045.666549703363	83.14950167195292	1038.8615333766998	NaN
0	0.10500000000000001	524.5497817640917	87.23756738646732	347.07590136428814	959.9263726222165	1045.7067465347238	83.16006928716844	1038.8985945072202	NaN
0	0.10500000000000001	524.6429858039542	86.97890331491257	348.09581101847874	959.7355380741938	1045.746575492121	83.169885852635	1038.934234907087	NaN
0	0.10500000000000001	524.7362046815485	86.721190837414	349.11798456711176	959.545035948624	1045.786041204716	83.17883543375245	1038.9685686052815	NaN
0	0.10500000000000001	524.8294414006791	86.46442112502498	350.1424447147105	959.3548479131023	1045.825148180373	83.18682150107837	1039.0017243758016	NaN
0	0.10500000000000001	524.9226986519149	86.20858626556117	351.169210998176	959.1649549241273	1045.8639007222419	83.19376820065277	1039.033842900443	NaN
0	0.10500000000000001	525.0159786580565	85.9536796694098	352.1982980426224	958.9753379085154	1045.9023028727509	83.1996212211169	1039.0650738103514	NaN
0	0.10500000000000001	525.1092830749338	85.69969631519321	353.2297144096027	958.7859783381132	1045.9403583834057	83.20434824887542	1039.095572653754	NaN
0	0.10500000000000001	525.2026129476138	85.44663283921307	354.26346204746994	958.5968586921731	1045.978070708856	83.20793900757802	1039.1254978400393	NaN
0	0.10500000000000001	525.2959686479203	85.19448767255373	355.299535529396	958.4079629515667	1046.0154429941936	83.21040488273931	1039.1550075895548	NaN
0	0.10500000000000001	525.3893499850451	84.94326070955361	356.3379232109233	958.2192767304124	1046.052478131642	83.21177814859017	1039.1842570046401	NaN
0	0.10500000000000001	525.4827562111232	84.69295326430863	357.37860723159696	958.0307876026285	1046.0891787733929	83.21211080508716	1039.2133952277263	NaN
0	0.10500000000000001	525.576186193962	84.44356758234042	358.42156538600085	957.8424850667313	1046.1255474087961	83.21147305924727	1039.2425628270278	NaN
0	0.10500000000000001	525.6696385405105	84.19510649399894	359.4667724663726	957.6543605812468	1046.1615864186342	83.20995148033097	1039.2718893930355	NaN
0	0.10500000000000001	525.7631117514736	83.94757299342405	360.5142019709284	957.4664075029366	1046.1972981384058	83.20764687472675	1039.3014914182158	NaN
0	0.10500000000000001	525.8566043885043	83.7009697941991	361.5638279735471	957.2786209611784	1046.2326849229446	83.20467193005753	1039.3314704944967	NaN
0	0.10500000000000001	525.9501151920101	83.45529902503534	362.61562645867974	957.0909977895285	1046.2677491890422	83.20114868608874	1039.3619118409079	NaN
0	0.10500000000000001	526.0436432300278	83.21056185170455	363.6695770213286	956.9035363502826	1046.3024934671369	83.19720588910663	1039.3928832096576	NaN
0	0.10500000000000001	526.1371879480607	82.9667583658501	364.72566346615	956.7162365117622	1046.336920413743	83.19297629400714	1039.4244341411554	NaN
0	0.10500000000000001	526.2307492809122	82.72388731621828	365.78387511397403	956.529099455011	1046.3710328455147	83.1885939663761	1039.4565956237243	NaN
0	0.10500000000000001	526.3243275972472	82.48194627834853	366.8442062244165	956.342127769771	1046.4048337110867	83.18419164983398	1039.4893800747866	NaN
0	0.10500000000000001	526.417923730916	82.24093159769691	367.9066563965838	956.155325332562	1046.438326095157	83.1798982380334	1039.522781714438	NaN
0	0.10500000000000001	526.5115388821164	82.00083866769937	368.97122949140726	955.9686974032203	1046.4715131762187	83.17583640623968	1039.5567772360102	NaN
0	0.10500000000000001	526.6051745743268	81.76166205938263	370.03793317707624	955.7822505713001	1046.5043982059426	83.17212043314954	1039.5913268116685	NaN
0	0.10500000000000001	526.6988325429937	81.5233958214319	371.1067776891778	955.5959928036757	1046.536984465926	83.16885425204447	1039.6263753586693	NaN
0	0.10500000000000001	526.7925146179205	81.28603378918358	372.17777450488484	955.4099334735548	1046.569275224574	83.16612975566537	1039.6618540538486	NaN
0	0.10500000000000001	526.8862226303557	81.04956982407452	373.25093528588826	955.2240833139243	1046.601273704713	83.16402537607695	1039.6976820721497	NaN
0	0.10500000000000001	526.9799583013271	80.81399809436101	374.3262705948149	955.0384543867127	1046.6329830466893	83.16260495817926	1039.7337684948805	NaN
0	0.10500000000000001	527.073723142213	80.5793133183842	375.4037887392689	954.8530600110303	1046.6644062776425	83.16191693764274	1039.7700143595732	NaN
0	0.10500000000000001	527.1675184110545	80.34551086310782	376.4834952465542	954.6679145700219	1046.6955463009963	83.16199383069971	1039.806314827684	NaN
0	0.10500000000000001	527.2613450563283	80.11258687109402	377.56539218896256	954.4830333372332	1046.7264058825574	83.16285203960454	1039.8425614019507	NaN
0	0.10500000000000001	527.3552036916852	79.88053830772	378.64947786089937	954.2984322419464	1046.7569876475718	83.16449197025915	1039.8786441675982	NaN
0	0.10500000000000001	527.4490946141647	79.64936290012325	379.73574695700034	954.1141275549043	1046.7872940920697	83.16689845499955	1039.9144540195866	NaN
0	0.10500000000000001	527.5430178286509	79.4190590620805	380.82419082526644	953.9301355735338	1046.817327595731	83.17004146697388	1039.9498848192811	NaN
0	0.10500000000000001	527.6369730972681	79.18962575969475	381.91479801320736	953.7464722752078	1046.8470904420415	83.17387710715192	1039.9848354470128	NaN
0	0.10500000000000001	527.7309600262245	78.9610622892782	383.00755525580996	953.5631529194194	1046.8765848491505	83.1783488405216	1040.0192117164772	NaN
0	0.10500000000000001	527.8249781216665	78.7333681354456	384.10244811249214	953.380191737133	1046.9058129895225	83.18338894899915	1040.0529280904775	NaN
0	0.10500000000000001	527.919026889245	78.50654272740864	385.1994621208455	953.1976015650093	1046.9347770219513	83.18892016986285	1040.0859091953646	NaN
0	0.10500000000000001	528.0131058839835	78.28058532038443	386.29858338055897	953.0153936094356	1046.9634791067313	83.19485747741989	1040.118091075306	NaN
0	0.10500000000000001	528.1072148038676	78.0554947756261	387.3997996548606	952.8335771605841	1046.991921433132	83.20110997272745	1040.1494222008555	NaN
0	0.10500000000000001	528.2013535461581	77.83126943460437	388.50310104499846	952.6521594151727	1047.020106234198	83.20758283547015	1040.1798641902324	NaN
0	0.10500000000000001	528.2955222325991	77.60790707009976	389.60848030524886	952.4711453953748	1047.0480357914844	83.21417929620235	1040.2093922408312	NaN
0	0.10500000000000001	528.3897212284259	77.38540485331079	390.71593308742325	952.2905379148698	1047.0757124376305	83.22080259021746	1040.2379952800252	NaN
0	0.10500000000000001	528.4839511551697	77.16375933654633	391.825458113974	952.1103375908605	1047.103138556911	83.22735785481942	1040.2656758410117	NaN
0	0.10500000000000001	528.5782128535395	76.94296655325049	392.9370567629335	951.9305429835022	1047.1303165713414	83.23375393137177	1040.2924496625585	NaN
0	0.10500000000000001	528.6725073525059	76.72302210128865	394.0507327217875	951.7511507521828	1047.1572489292353	83.23990504407206	1040.318345046567	NaN
0	0.10500000000000001	528.7668358196037	76.50392126785088	395.1664914153819	951.5721558735372	1047.1839380890463	83.24573232546834	1040.3434019859405	NaN
0	0.10500000000000001	528.8611995049079	76.28565916595507	396.2843393532969	951.3935518939182	1047.210386502297	83.25116516531817	1040.3676710899852	NaN
0	0.10500000000000001	528.9555996786639	76.0682308822023	397.4042833957423	951.2153312127465	1047.2365965956778	83.2561423626156	1040.3912123334287	NaN
0	0.10500000000000001	529.0500375813126	75.85163159248663	398.5263301601871	951.0374853576128	1047.2625707575348	83.26061306568283	1040.4140936618785	NaN
0	0.10500000000000001	529.1445143421151	75.63585674635164	399.650485048851	950.860005329865	1047.2883113166142	83.26453748621577	1040.4363894727512	NaN
0	0.10500000000000001	529.2390309664822	75.42090209072423	400.77675208709303	950.6828818283257	1047.3138205404932	83.26788738417278	1040.4581790268728	NaN
0	0.10500000000000001	529.3335882731445	75.20676380630654	401.9051331616619	950.5061055712403	1047.3391006208087	83.27064631408541	1040.4795447935944	NaN
0	0.10500000000000001	529.4281868750453	74.99343854201197	403.03562777557846	950.3296675359195	1047.3641536709092	83.2728096376723	1040.5005707842508	NaN
0	0.10500000000000001	529.5228272166147	74.78092332204503	404.168233476547	950.1535590899102	1047.388981738444	83.27438430617964	1040.5213409077824	NaN
0	0.10500000000000001	529.6175095421091	74.56921560899225	405.302945462742	949.977772243847	1047.4135867995005	83.27538841849781	1040.5419373525142	NaN
0	0.10500000000000001	529.7122339391909	74.35831319801623	406.43975708923114	949.8022997534586	1047.437970772421	83.27585057183204	1040.562439056936	NaN
0	0.10500000000000001	529.8070003700439	74.14821414117118	407.5786602291713	949.6271352314006	1047.462135527758	83.27580901968727	1040.582920278719	NaN
0	0.10500000000000001	529.901808721405	73.938916631872	408.71964586611335	949.4522732076165	1047.486082902483	83.27531065863094	1040.6034492955268	NaN
0	0.10500000000000001	529.9966588421378	73.73041891955515	409.86270454121023	949.2777091937143	1047.5098147103422	83.27440986797595	1040.624087254415	NaN
0	0.10500000000000001	530.091550587177	73.52271921256119	411.0078268811599	949.103439714229	1047.5333327532242	83.2731672294941	1040.644887193866	NaN
0	0.10500000000000001	530.1864838993101	73.31581550120077	412.1550045880188	948.9294622456126	1047.55663884115	83.27164815537782	1040.6658932614516	NaN
0	0.10500000000000001	530.2814587967454	73.10970558938853	413.304230296206	948.7557753040221	1047.5797347883265	83.26992145669946	1040.6871401097421	NaN
0	0.10500000000000001	530.3764754236082	72.90438698985142	414.4554981911347	948.582378392282	1047.6026224244854	83.26805788128654	1040.7086525117597	NaN
0	0.10500000000000001	530.4715340627602	72.6998569029852	415.6088041751675	948.409271990676	1047.625303596612	83.26612865267761	1040.7304451764187	NaN
0	0.10500000000000001	530.5666351486484	72.49611219628383	416.76414603500046	948.236457522583	1047.647780170542	83.26420403921134	1040.7525227702315	NaN
0	0.10500000000000001	530.6617792234553	72.29314950509884	417.9215229198816	948.0639373987026	1047.6700540192212	83.26235198222825	1040.774880125836	NaN
0	0.10500000000000001	530.7569669688362	72.09096517070188	419.080935736765	947.8917149006566	1047.6921270290325	83.26063680637253	1040.7975026579988	NaN
0	0.10500000000000001	530.8521991494006	71.88955536627887	420.2423864712245	947.7197942033725	1047.7140010855605	83.25911803845676	1040.8203669356321	NaN
0	0.10500000000000001	530.9474765813196	71.68891616697255	421.405877809921	947.5481803319802	1047.7356780658213	83.25784935276293	1040.843441419541	NaN
0	0.10500000000000001	531.0428001071788	71.48904360510554	422.5714128364554	947.3768790902983	1047.7571598323168	83.25687766045576	1040.8666873428294	NaN
0	0.10500000000000001	531.1381705581342	71.28993375046124	423.73899456928734	947.2058969977428	1047.778448224602	83.25624235737081	1040.8900597083239	NaN
0	0.10500000000000001	531.2335887286195	71.09158276247003	424.90862565008825	947.0352411920979	1047.7995450540977	83.2559747404713	1040.9135083863475	NaN
0	0.10500000000000001	531.3290553320091	70.89398698036457	426.0803077959361	946.8649193578676	1047.8204520950615	83.25609760033855	1040.9369792811121	NaN
0	0.10500000000000001	531.4245709941385	70.69714293312528	427.2540417130091	946.6949395816022	1047.8411710842709	83.25662499320374	1040.9604155548543	NaN
0	0.10500000000000001	531.5201362531336	70.50104733619098	428.42982708748787	946.5253101944547	1047.8617037221084	83.25756219338037	1040.9837588766654	NaN
0	0.10500000000000001	531.6157515148859	70.30569717861891	429.6076620298437	946.3560396948822	1047.882051664227	83.2589058221363	1041.0069506583172	NaN
0	0.10500000000000001	531.7114171034913	70.11108961516194	430.78754368719683	946.1871365073994	1047.9022165336507	83.26064414778985	1041.0299332863356	NaN
0	0.10500000000000001	531.8071332547372	69.91722197616367	431.96946815665314	946.0186088505552	1047.922199920396	83.26275754610984	1041.0526512891483	NaN
0	0.10500000000000001	531.9029001286086	69.7240917388734	433.15343063343056	945.8504645817044	1047.9420033850636	83.2652191084779	1041.0750524355453	NaN
0	0.10500000000000001	531.9987178472213	69.53169644850365	434.3394258751248	945.6827110104381	1047.9616284674391	83.26799538275299	1041.0970887451083	NaN
0	0.10500000000000001	532.0945865074477	69.34003369178566	435.5274483555512	945.5153547721333	1047.9810766895225	83.27104722750167	1041.1187173803573	NaN
0	0.10500000000000001	532.1905062189973	69.14910102062954	436.71749273574545	945.3484016742707	1048.0003495634871	83.27433076068496	1041.139901416947	NaN
0	0.10500000000000001	532.2864771362414	68.95889589013642	437.9095542604995	945.1818565727732	1048.0194485979587	83.27779838035335	1041.1606104718066	NaN
0	0.10500000000000001	532.3824994392204	68.76941569829626	439.10362852532154	945.015723356101	1048.0383752939663	83.28139983276952	1041.1808211708276	NaN
0	0.10500000000000001	532.478573397361	68.5806576625353	440.2997122720039	944.8500048058274	1048.0571311571878	83.28508330964061	1041.2005174791025	NaN
0	0.10500000000000001	532.5746993505611	68.39261886079447	441.49780315906395	944.6847026207505	1048.0757176935876	83.28879654542376	1041.2196908554806	NaN
0	0.10500000000000001	532.6708777284649	68.20529619737577	442.6979000072682	944.5198173944134	1048.094136412566	83.29248789650927	1041.238340258467	NaN
0	0.10500000000000001	532.7671090187806	68.01868646832624	443.9000024097736	944.3553486988862	1048.1123888202924	83.29610737751044	1041.2564719894353	NaN
0	0.10500000000000001	532.8633937993146	67.83278630241594	445.1041111367983	944.1912950768105	1048.1304764253175	83.29960763905015	1041.2740994027608	NaN
0	0.10500000000000001	532.9597326743432	67.64759228719115	446.3102273445379	944.0276542129888	1048.1484007261386	83.30294486285497	1041.2912424622964	NaN
0	0.10500000000000001	533.0561262938436	67.46310093353996	447.51835281782473	943.8644229785095	1048.1661632146609	83.30607956480826	1041.3079271902552	NaN
0	0.10500000000000001	533.1525753088702	67.27930876261622	448.72848941270655	943.7015975958418	1048.1837653678585	83.3089772868285	1041.3241849955684	NaN
0	0.10500000000000001	533.2490803651729	67.09621231811649	449.94063897594276	943.5391737488951	1048.2012086467935	83.31160917000099	1041.3400519164563	NaN
0	0.10500000000000001	533.3456420776001	66.91380821445252	451.1548030222442	943.3771467334315	1048.2184944922749	83.31395239837741	1041.3555677844793	NaN
0	0.10500000000000001	533.44226101723	66.73209315976956	452.3709825697673	943.2155115914063	1048.2356243230222	83.31599050860447	1041.3707753342044	NaN
0	0.10500000000000001	533.5389376920543	66.551063990387	453.58917789334123	943.054263259185	1048.2525995328256	83.31771356176068	1041.3857192745795	NaN
0	0.10500000000000001	533.6356725468341	66.37071766864646	454.80938851815654	942.893396684414	1048.269421491206	83.3191181776415	1041.4004453456855	NaN
0	0.10500000000000001	533.732465950122	66.19105130454399	456.03161305140776	942.7329069627679	1048.2860915418607	83.32020743327818	1041.4149993754083	NaN
0	0.10500000000000001	533.8293182197531	66.01206210582272	457.2558494994799	942.5727894070886	1048.3026110077517	83.32099063153096	1041.4294263630409	NaN
0	0.10500000000000001	533.9262296098789	65.83374739993626	458.48209510035707	942.4130396746075	1048.3189811894592	83.32148294642981	1041.44376959658	NaN
0	0.10500000000000001	534.0232003236646	65.65610460849624	459.7103464803088	942.25365384364	1048.3352033679244	83.32170495629032	1041.4580698307211	NaN
0	0.10500000000000001	534.1202305453147	65.4791311871808	460.9406000568105	942.0946284491288	1048.3512788102362	83.32168207637406	1041.4723645402182	NaN
0	0.10500000000000001	534.2173204335924	65.3028246369647	462.17285195501705	941.9359605704226	1048.3672087688171	83.32144390515819	1041.4866872540736	NaN
0	0.10500000000000001	534.3144701603849	65.12718243378384	463.4070984963296	941.7776478327247	1048.3829944879485	83.32102350003622	1041.5010669947335	NaN
0	0.10500000000000001	534.411679904294	64.95220204081488	464.64333611767285	941.6196884687085	1048.3986372027232	83.32045659927715	1041.5155278185234	NaN
0	0.10500000000000001	534.5089498893287	64.77788083978966	465.8815618646899	941.4620812923649	1048.414138145216	83.31978080763882	1041.5300884776473	NaN
0	0.10500000000000001	534.6062803592185	64.60421617874024	467.1217730670854	941.3048257627801	1048.4294985401834	83.3190347641087	1041.5447621918888	NaN
0	0.10500000000000001	534.7036716355495	64.4312052699341	468.3639680816525	941.1479218972651	1048.4447196140475	83.31825730875642	1041.5595565539222	NaN
0	0.10500000000000001	534.8011240469224	64.25884531812474	469.60814539211145	940.9913703781581	1048.4598025834887	83.31748666767278	1041.574473535372	NaN
0	0.10500000000000001	534.8986379935933	64.08713340742042	470.8543044358693	940.8351724266719	1048.474748665356	83.31675967061118	1041.5895096301986	NaN
0	0.10500000000000001	534.9962139088611	63.916066571760844	472.1024451140809	940.679329829765	1048.4895590704048	83.31611101868889	1041.6046560935854	NaN
0	0.10500000000000001	535.0938522526847	63.74564180744127	473.35256771169577	940.5238449023348	1048.5042350022109	83.3155726151217	1041.6198992889117	NaN
0	0.10500000000000001	535.191553498806	63.57585609658423	474.6046727337433	940.3687204484992	1048.518777655183	83.31517297165531	1041.6352211271526	NaN
0	0.10500000000000001	535.2893181283122	63.406706418891815	475.85876082328974	940.2139597028354	1048.533188213634	83.31493670113113	1041.6505995892185	NaN
0	0.10500000000000001	535.3871466166926	63.2381897742729	477.1148325953767	940.0595662738577	1048.547467849967	83.31488410474304	1041.6660093162964	NaN
0	0.10500000000000001	535.4850394273412	63.07030319384782	478.3728885529003	939.9055440709822	1048.5616177238944	83.31503086026294	1041.6814222561839	NaN
0	0.10500000000000001	535.5829969855629	62.903043783876555	479.63292875113103	939.7518972577021	1048.5756389789353	83.31538781529089	1041.6968083466888	NaN
0	0.10500000000000001	535.6810196914668	62.73640870255609	480.89495296134726	939.5986301410907	1048.589532744609	83.31596088745307	1041.7121362299438	NaN
0	0.10500000000000001	535.7791079069018	62.570395181249545	482.1589605007251	939.4457471018087	1048.6033001348894	83.31675107110674	1041.7273739718732	NaN
0	0.10500000000000001	535.8772619488516	62.40500053428007	483.4249501447105	939.2932525153383	1048.6169422476535	83.31775454786965	1041.7424897765386	NaN
0	0.10500000000000001	535.9754821218612	62.24022210310876	484.6929205430861	939.1411506161228	1048.630460169519	83.31896289673273	1041.7574526853293	NaN
0	0.10500000000000001	536.0737686854366	62.07605731033669	485.96286979771156	938.9894454680696	1048.6438549715965	83.32036339594441	1041.7722332307414	NaN
0	0.10500000000000001	536.1721218799958	61.912503615123356	487.23479579560103	938.8381408508731	1048.6571277133587	83.32193940929325	1041.7868040506544	NaN
0	0.10500000000000001	536.2705419333404	61.74955850193934	488.5086962915466	938.6872401850793	1048.6702794437053	83.3236708459186	1041.801140439137	NaN
0	0.10500000000000001	536.3690290802023	61.58721944810082	489.78456916066176	938.5367464467259	1048.6833112036966	83.32553468249071	1041.815220828371	NaN
0	0.10500000000000001	536.4675835557316	61.425483934826	491.0624123142152	938.3866621324909	1048.6962240257337	83.32750553442395	1041.829027187436	NaN
0	0.10500000000000001	536.5662056085705	61.264349426073764	492.342223869294	938.2369892059672	1048.7090189353175	83.32955626348603	1041.8425453380023	NaN
0	0.10500000000000001	536.6648955139716	61.103813347868275	493.62400231991154	938.08772905575	1048.7216969527155	83.33165860763405	1041.8557651792748	NaN
0	0.10500000000000001	536.7636535738725	60.94387308925484	494.9077465393264	937.9388824852377	1048.7342590928772	83.33378381871682	1041.8686808178732	NaN
0	0.10500000000000001	536.8624801169705	60.78452600324223	496.1934557823487	937.7904497140661	1048.7467063653555	83.33590329440875	1041.8812906040373	NaN
0	0.10500000000000001	536.9613754987986	60.62576940773096	497.48112968763553	937.6424303908753	1048.7590397742304	83.3379891909653	1041.8935970756527	NaN
0	0.10500000000000001	537.060340095244	60.46760059688731	498.77076819447313	937.4948236266431	1048.7712603172301	83.34001500398085	1041.9056068127393	NaN
0	0.10500000000000001	537.1593743091701	60.310016831422764	500.0623716300977	937.3476280184178	1048.7833689864976	83.34195610585896	1041.9173302100978	NaN
0	0.10500000000000001	537.2584785376555	60.15301539139403	501.35594028314256	937.2008417405885	1048.7953667645668	83.3437902284712	1041.9287811687695	NaN
0	0.10500000000000001	537.3576532048438	59.99659352436418	502.6514748324277	937.0544625464377	1048.8072546284036	83.34549788398667	1041.9399767271746	NaN
0	0.10500000000000001	537.4568987159817	59.84074851841417	503.9489757470454	936.9084878931393	1048.819033543903	83.34706271357557	1041.9509366246045	NaN
0	0.10500000000000001	537.556215470531	59.68547768108446	505.2484434568011	936.7629149842304	1048.8307044676217	83.34847176077845	1041.9616828238763	NaN
0	0.10500000000000001	537.6556038555691	59.53077834948038	506.54987826524143	936.6177408450948	1048.8422683461304	83.34971566393362	1041.9722389953524	NaN
0	0.10500000000000001	537.7550642325702	59.37664791033709	507.853280175545	936.4729624102083	1048.853726114654	83.35078876574295	1041.9826299759904	NaN
0	0.10500000000000001	537.8545969175444	59.22308382977831	509.15864862843154	936.3285766204269	1048.8650786950434	83.35168913963474	1041.9928812157348	NaN
0	0.10500000000000001	537.9542022337171	59.07008357109314	510.4659831913804	936.1845804142929	1048.8763270020283	83.35241853488925	1042.003018231519	NaN
0	0.10500000000000001	538.053880458701	58.917644675660405	511.7752828646754	936.0409708704871	1048.887471937372	83.35298224192239	1042.0130660624702	NaN
0	0.10500000000000001	538.1536318574193	58.7657647114657	513.0865465119092	935.8977452222429	1048.8985143938212	83.35338888434536	1042.023048757605	NaN
0	0.10500000000000001	538.2534566754525	58.614441282816	514.3997727716751	935.7549009244195	1048.9094552545155	83.35365014288313	1042.0329888937824	NaN
0	0.10500000000000001	538.3533551456029	58.46367201988847	515.7149601429445	935.6124356955668	1048.920295393868	83.35378041924079	1042.0429071390888	NaN
0	0.10500000000000001	538.4533274878565	58.31345457844424	517.0321069838382	935.4703475625548	1048.9310356776903	83.35379644858138	1042.0528218682116	NaN
0	0.10500000000000001	538.5533739292385	58.16378660985152	518.3512117727759	935.3286348692645	1048.9416769654233	83.35371687036151	1042.0627488396653	NaN
0	0.10500000000000001	538.6534947171046	58.01466574164551	519.6722732841807	935.1872962866555	1048.9522201115506	83.35356176789992	1042.072700938005	NaN
0	0.10500000000000001	538.7536900926405	57.86608961748295	520.9952902392997	935.046330870233	1048.962665962802	83.35335218774033	1042.0826879818947	NaN
0	0.10500000000000001	538.8539603107793	57.718055867669946	522.3202615690982	934.9057380426858	1048.9730153602927	83.35310964980003	1042.0927166090985	NaN
0	0.10500000000000001	538.954305646895	57.57056209986216	523.6471865033366	934.7655175864363	1048.9832691401896	83.35285565937384	1042.10279023336	NaN
0	0.10500000000000001	539.0547264035196	57.42360588997821	524.9760646603505	934.6256696274203	1048.9934281343462	83.35261123178466	1042.1129090737086	NaN
0	0.10500000000000001	539.1552228771218	57.27718483142147	526.3068956081227	934.4861946658492	1049.0034931669147	83.35239644001436	1042.1230702497714	NaN
0	0.10500000000000001	539.2557953914194	57.13129648671845	527.6396793054466	934.3470935061783	1049.013465057727	83.35222999452456	1042.1332679499594	NaN
0	0.10500000000000001	539.3564442774493	56.985938417148034	528.9744158386849	934.208367254021	1049.0233446202742	83.35212886412147	1042.1434936552232	NaN
0	0.10500000000000001	539.4571698735923	56.84110818297511	530.3111054222626	934.0700172787475	1049.0331326617386	83.35210794512541	1042.1537364192743	NaN
0	0.10500000000000001	539.5579725055525	56.69680337230945	531.6497481329011	933.9320451980687	1049.0428299811047	83.35217978508727	1042.163983193696	NaN
0	0.10500000000000001	539.658852513065	56.55302156275538	532.9903442639029	933.7944527941129	1049.0524373718154	83.35235436591631	1042.1742191963317	NaN
0	0.10500000000000001	539.7598102097921	56.40976037866205	534.3328937921501	933.6572420177639	1049.0619556180043	83.35263894980324	1042.1844283023468	NaN
0	0.10500000000000001	539.8608459167264	56.26701744324988	535.6773968214115	933.5204148905211	1049.0713854977844	83.35303799002061	1042.1945934626833	NaN
0	0.10500000000000001	539.9619599220039	56.12479043526929	537.0238530472093	933.3839735057255	1049.080727779579	83.35355310680164	1042.2046971252541	NaN
0	0.10500000000000001	540.0631525076307	55.983077050669586	538.3722621114495	933.2479199392956	1049.0899832247665	83.35418312767011	1042.2147216633045	NaN
0	0.10500000000000001	540.164423949464	55.841875002470715	539.7226236017668	933.1122561986634	1049.0991525877614	83.35492418959024	1042.2246497918684	NaN
0	0.10500000000000001	540.2657745037591	55.701182039244564	541.074936871552	932.9769841923784	1049.1082366148999	83.35576989908783	1042.2344649645834	NaN
0	0.10500000000000001	540.3672044205532	55.5609959260961	542.4292012177243	932.8421056674842	1049.1172360457638	83.35671154566265	1042.2441517462717	NaN
0	0.10500000000000001	540.4687139503744	55.42131443530198	543.7854159700037	932.7076221608271	1049.126151613845	83.35773836224325	1042.2536961501623	NaN
0	0.10500000000000001	540.5703033307767	55.28213536476962	545.1435803107441	932.5735349826374	1049.134984045432	83.35883782547229	1042.2630859317599	NaN
0	0.10500000000000001	540.6719728132538	55.14345650105468	546.5036936344198	932.4398451528639	1049.143734062021	83.35999598867994	1042.2723108393293	NaN
0	0.10500000000000001	540.7737226497958	55.00527563803134	547.8657553680937	932.3065533977123	1049.1524023791646	83.36119783840313	1042.2813628088834	NaN
0	0.10500000000000001	540.8755530996394	54.8675905678315	549.229765061779	932.1736601264525	1049.1609897070882	83.36242766637137	1042.2902361061472	NaN
0	0.10500000000000001	540.9774644360472	54.73039907198511	550.5957224795047	932.0411654155255	1049.1694967512694	83.36366944793016	1042.2989274116376	NaN
0	0.10500000000000001	541.0794569328311	54.59369893988073	551.9636274190012	931.9090690261671	1049.177924211322	83.3649072178561	1042.3074358466001	NaN
0	0.10500000000000001	541.181530884652	54.45748794177592	553.3334799840881	931.7773703851107	1049.186272782696	83.3661254356875	1042.31576294518	NaN
0	0.10500000000000001	541.283686573232	54.32176387421623	554.7052801315577	931.6460686419218	1049.1945431539195	83.36730933142489	1042.3239125674882	NaN
0	0.10500000000000001	541.3859243079715	54.186524506063385	556.0790282164329	931.5151626364411	1049.2027360099414	83.36844522566585	1042.3318907673793	NaN
0	0.10500000000000001	541.4882444124756	54.05176759701574	557.4547248117558	931.384650941867	1049.2108520310048	83.36952081590937	1042.3397056086733	NaN
0	0.10500000000000001	541.590647177089	53.91749096012542	558.832370070274	931.2545319554328	1049.218891888935	83.37052542361795	1042.347366937271	NaN
0	0.10500000000000001	541.6931329131315	53.78369239019862	560.2119644532435	931.1248038632834	1049.226856251516	83.37145019866625	1042.3548861254928	NaN
0	0.10500000000000001	541.7957019189756	53.65036970839984	561.593508274073	930.995464721078	1049.23474577986	83.37228827548763	1042.3622757808932	NaN
0	0.10500000000000001	541.8983544936118	53.51752074436997	562.9770018805524	930.8665124763212	1049.2425611295378	83.37303487985444	1042.3695494372732	NaN
0	0.10500000000000001	542.0010909094136	53.385143371265634	564.3624452873461	930.7379450433384	1049.2503029485806	83.37368738420531	1042.3767212290245	NaN
0	0.10500000000000001	542.103911452941	53.25323545278433	565.7498387255398	930.6097602931235	1049.2579718806596	83.37424531224293	1042.3838055643678	NaN
0	0.10500000000000001	542.2068163840636	53.12179489566889	567.1391820910163	930.4819561449498	1049.2655685620746	83.37471029286792	1042.3908167947084	NaN
0	0.10500000000000001	542.3098059563512	52.99081962309539	568.5304752188266	930.3545305795894	1049.2730936233845	83.37508596666851	1042.3977688977425	NaN
0	0.10500000000000001	542.4128804102219	52.86030758316769	569.9237177901718	930.2274816841793	1049.2805476889807	83.37537784768566	1042.4046751752858	NaN
0	0.10500000000000001	542.5160399865737	52.730256731419104	571.3189095161948	930.100807668556	1049.2879313781493	83.37559314497021	1042.4115479757638	NaN
0	0.10500000000000001	542.6192849199425	52.600665039408156	572.7160500452763	929.9745069030284	1049.2952453046296	83.37574054890896	1042.4183984445592	NaN
0	0.10500000000000001	542.7226154384815	52.471530494583966	574.1151389623942	929.8485779431355	1049.302490076677	83.3758299882692	1042.4252363092073	NaN
0	0.10500000000000001	542.8260317845034	52.34285107462071	575.5161760671546	929.7230195244773	1049.3096662985456	83.37587236432368	1042.4320697045596	NaN
0	0.10500000000000001	542.9295341870865	52.21462478167778	576.9191610027794	929.5978306106341	1049.316774568605	83.3758792688085	1042.4389050366105	NaN
0	0.10500000000000001	543.0331228894945	52.08684960830417	578.324093627493	929.4730103688456	1049.3238154812827	83.37586269281489	1042.4457468939536	NaN
0	0.10500000000000001	543.1367981423523	51.9595235461921	579.7309739223078	929.3485581818311	1049.3307896265962	83.37583473363242	1042.452598002063	NaN
0	0.10500000000000001	543.2405601899153	51.83264460313268	581.1398018047056	929.2244736620853	1049.337697589259	83.37580730655715	1042.4594592221995	NaN
0	0.10500000000000001	543.3444093044652	51.706210761066	582.5505775956738	929.1007566031839	1049.344539950997	83.37579186833362	1042.4663295975056	NaN
0	0.10500000000000001	543.448345745069	51.58022002670787	583.9633014599108	928.9774070165389	1049.3513172878172	83.3757991585362	1042.4732064360226	NaN
0	0.10500000000000001	543.5523697851144	51.45467039803806	585.3779737797906	928.8544250812236	1049.3580301718607	83.3758389645587	1042.480085437136	NaN
0	0.10500000000000001	543.656481691656	51.329559889439324	586.7945948746511	928.7318111470631	1049.364679170083	83.37591991524651	1042.4869608498311	NaN
0	0.10500000000000001	543.7606817253943	51.20488653155282	588.2131650001489	928.6095657094929	1049.3712648443131	83.37604930737716	1042.4938256626797	NaN
0	0.10500000000000001	543.8649701752164	51.080648330049165	589.633684818527	928.4876893412703	1049.3777877534628	83.37623296841939	1042.500671821205	NaN
0	0.10500000000000001	543.9693472891074	50.95684334812113	591.0561544576912	928.366182743433	1049.3842484492209	83.37647515776524	1042.5074904578116	NaN
0	0.10500000000000001	544.0738133363311	50.833469632148564	592.4805743577004	928.2450466411314	1049.3906474800117	83.37677850821053	1042.5142721436596	NaN
0	0.10500000000000001	544.1783685728502	50.710525252811166	593.9069447995413	928.1242817921509	1049.3969853888818	83.37714400779191	1042.5210071412398	NaN
0	0.10500000000000001	544.283013248218	50.58800829669243	595.3352659986192	928.0038889471093	1049.4032627139884	83.37757102166174	1042.5276856604587	NaN
0	0.10500000000000001	544.3877476055555	50.46591686613734	596.7655381041193	927.8838688187404	1049.4094799886575	83.37805735244972	1042.5342981088831	NaN
0	0.10500000000000001	544.4925718954262	50.344249063016946	598.1977613882832	927.7642220370524	1049.4156377422494	83.3785993368238	1042.5408353315693	NaN
0	0.10500000000000001	544.5974863619529	50.22300300491942	599.631936056727	927.644949138723	1049.4217364993688	83.37919197486036	1042.5472888323504	NaN
0	0.10500000000000001	544.7024912427955	50.102176825008584	601.0680622478035	927.5260505434044	1049.4277767799194	83.3798290884755	1042.5536509742808	NaN
0	0.10500000000000001	544.8075867830612	49.98176865595542	602.5061402226562	927.4075265177993	1049.4337590999457	83.38050350443679	1042.5599151548358	NaN
0	0.10500000000000001	544.9127732074406	49.86177666183331	603.9461699838116	927.2893771908055	1049.439683970084	83.38120725657866	1042.5660759489235	NaN
0	0.10500000000000001	545.0180507689854	49.74219898232608	605.3881519426469	927.1716024865021	1049.4455518983602	83.3819318025944	1042.572129223961	NaN
0	0.10500000000000001	545.1234197073002	49.623033780597495	606.8320863471714	927.0542021635481	1049.4513633878494	83.38266824871158	1042.5780722151446	NaN
0	0.10500000000000001	545.2288802694668	49.50427921944209	608.277973568416	926.9371757884217	1049.4571189378823	83.38340757756254	1042.5839035689276	NaN
0	0.10500000000000001	545.3344327170671	49.38593345360136	609.7258141969185	926.8205227289847	1049.4628190444364	83.384140873124	1042.5896233499402	NaN
0	0.10500000000000001	545.4400772982228	49.26799466124909	611.1756086592882	926.7042421909505	1049.468464198641	83.3848595371345	1042.5952330110483	NaN
0	0.10500000000000001	545.5458142755831	49.150461012610585	612.6273576020138	926.5883331964519	1049.474054888321	83.38555549252153	1042.600735333037	NaN
0	0.10500000000000001	545.651643905331	49.03333069348312	614.081061603373	926.472794620456	1049.479591596898	83.38622136844589	1042.6061343305253	NaN
0	0.10500000000000001	545.7575664582237	48.91660188192926	615.5367214623291	926.3576251843207	1049.4850748045246	83.38685066346075	1042.6114351320161	NaN
0	0.10500000000000001	545.8635821915345	48.80027277932769	616.9943378130215	926.2428235058024	1049.4905049866477	83.38743788271984	1042.6166438330097	NaN
0	0.10500000000000001	545.9696913771397	48.68434157941702	618.4539115106487	926.1283880901809	1049.4958826154943	83.38797864711424	1042.6217673317117	NaN
0	0.10500000000000001	546.0758942593309	48.568806514416735	619.9154430511174	926.0143173991496	1049.50120815796	83.38846977160638	1042.6268131456234	NaN
0	0.10500000000000001	546.1821910969934	48.45366580877537	621.3789331509009	925.90060982962	1049.5064820777975	83.3889093123804	1042.631789221442	NaN
0	0.10500000000000001	546.2885821283968	48.33891771738837	622.8443822622909	925.7872637763624	1049.5117048338893	83.38929658157348	1042.6367037354573	NaN
0	0.10500000000000001	546.395067606414	48.22456048736285	624.3117910580905	925.6742776189809	1049.516876882034	83.38963213068095	1042.6415648965542	NaN
0	0.10500000000000001	546.5016477703138	48.11059238843709	625.7811600429878	925.5616497759083	1049.521998673591	83.3899177032497	1042.6463807504986	NaN
0	0.10500000000000001	546.6083228527825	47.99701170519094	627.25248964991	925.4493787193107	1049.5270706558786	83.39015615917695	1042.6511589948652	NaN
0	0.10500000000000001	546.7150931011338	47.88381671444448	628.7257805324335	925.337462973448	1049.5320932732118	83.3903513730468	1042.6559068079757	NaN
0	0.10500000000000001	546.8219587277733	47.77100573775308	630.2010328811655	925.225901184921	1049.537066964602	83.3905081095356	1042.6606306920726	NaN
0	0.10500000000000001	546.9289199667951	47.6585770812419	631.6782472043882	925.1146920787768	1049.5419921664661	83.39063187990193	1042.665336342066	NaN
0	0.10500000000000001	547.035977059865	47.54652905082364	633.1574241335378	925.0038344860474	1049.5468693119594	83.39072878326449	1042.6700285348186	NaN
0	0.10500000000000001	547.1431302278372	47.434859981869046	634.6385640308955	924.8933273822919	1049.5516988297165	83.39080533721003	1042.6747110437295	NaN
0	0.10500000000000001	547.250379713334	47.32356819463627	636.1216675778184	924.7831698492192	1049.5564811458153	83.39086830229799	1042.6793865838217	NaN
0	0.10500000000000001	547.3577257523614	47.212652024004036	637.6067353825146	924.6733611062981	1049.5612166825094	83.39092450491792	1042.6840567818845	NaN
0	0.10500000000000001	547.4651685742849	47.102109819332085	639.0937679794124	924.5639005093291	1049.5659058582705	83.3909806631127	1042.688722176068	NaN
0	0.10500000000000001	547.5727084160623	46.99193992974827	640.5827660259753	924.4547875312082	1049.5705490884418	83.39104321968287	1042.693382243627	NaN
0	0.10500000000000001	547.6803455294057	46.88214069700684	642.0737304020485	924.346021747006	1049.5751467855541	83.39111818663065	1042.6980354545258	NaN
0	0.10500000000000001	547.7880801594105	46.77271047745091	643.5666619139693	924.2376028449851	1049.5796993584192	83.39121100460942	1042.7026793479922	NaN
0	0.10500000000000001	547.895912537383	46.66364764908603	645.0615611948225	924.1295306203443	1049.5842072118753	83.39132642060432	1042.7073106313157	NaN
0	0.10500000000000001	548.0038429237165	46.55495056817419	646.5584292987119	924.0218049167918	1049.588670748609	83.39146838658085	1042.7119252993607	NaN
0	0.10500000000000001	548.1118715578705	46.4466176198922	648.0572670073221	923.9144256596326	1049.5930903670817	83.39163998103382	1042.7165187651874	NaN
0	0.10500000000000001	548.2199986797964	46.3386471965122	649.5580751266795	923.8073928158335	1049.597466462465	83.391843355043	1042.721086005092	NaN
0	0.10500000000000001	548.3282245371126	46.23103769027163	651.060854586721	923.7007063679246	1049.6017994269525	83.3920797035588	1042.7256217103857	NaN
0	0.10500000000000001	548.4365493635911	46.123787514769035	652.5656061424913	923.5943663159826	1049.606089648921	83.39234926197962	1042.7301204412604	NaN
0	0.10500000000000001	548.5449734078546	46.016895076418216	654.0723307725417	923.4883726304047	1049.610337514105	83.39265132765813	1042.734576781987	NaN
0	0.10500000000000001	548.653496897462	45.91035880992001	655.5810291798477	923.3827252689383	1049.6145434042066	83.3929843049113	1042.7389854887015	NaN
0	0.10500000000000001	548.7621200748322	45.80417714275841	657.0917022908527	923.2774241245737	1049.6187076983356	83.39334577213721	1042.743341631689	NaN
0	0.10500000000000001	548.870843168471	45.69834852343643	658.6043508553679	923.1724690382875	1049.6228307719168	83.39373256839461	1042.7476407231118	NaN
0	0.10500000000000001	548.9796664145597	45.59287140028533	660.1189757466453	923.0678597647765	1049.6269129975508	83.39414089705437	1042.7518788318198	NaN
0	0.10500000000000001	549.0885900425427	45.487744235482175	661.6355777607735	922.9635959754106	1049.6309547444891	83.39456644314285	1042.7560526791644	NaN
0	0.10500000000000001	549.1976143040107	45.38296547719066	663.1541580187833	922.859677222187	1049.634956379729	83.39500450126332	1042.760159716851	NaN
0	0.10500000000000001	549.3067394293791	45.278533601359044	664.6747173633856	922.7561029734637	1049.6389182664266	83.39545011005812	1042.7641981808795	NaN
0	0.10500000000000001	549.4159656567716	45.174447083801084	666.1972567610022	922.6528725833275	1049.642840764997	83.39589819009251	1042.768167126172	NaN
0	0.10500000000000001	549.5252932248004	45.070704407164705	667.721777201188	922.5499852983521	1049.6467242328674	83.39634368105368	1042.7720664373912	NaN
0	0.10500000000000001	549.6347223870766	44.96730404723704	669.2482798989868	922.4474402465938	1049.6505690250062	83.39678167490459	1042.7758968183834	NaN
0	0.10500000000000001	549.7442533687006	44.86424451407064	670.7767656879511	922.3452364835471	1049.6543754924153	83.39720754127929	1042.7796597582735	NaN
0	0.10500000000000001	549.8538864242952	44.76152429713257	672.3072358296032	922.2433729453172	1049.6581439841914	83.3976170426391	1042.7833574811737	NaN
0	0.10500000000000001	549.9636217944702	44.65914190639748	673.8396914060039	922.1418484990828	1049.6618748460214	83.39800643560969	1042.7869928742712	NaN
0	0.10500000000000001	550.0734597276129	44.55709585184319	675.37413362377	922.0406619343061	1049.6655684209613	83.39837255680911	1042.790569402421	NaN
0	0.10500000000000001	550.1834004653404	44.455384657007244	676.9105636108412	921.939811989205	1049.6692250489627	83.39871289089598	1042.7940910084103	NaN
0	0.10500000000000001	550.2934442570637	44.354006845440054	678.448982619853	921.8392973514575	1049.672845067386	83.39902561970106	1042.797562004047	NaN
0	0.10500000000000001	550.4035913381116	44.25296096085624	679.9893917222462	921.7391166930207	1049.6764288103002	83.39930965139772	1042.8009869530952	NaN
0	0.10500000000000001	550.5138419442944	44.1522455535603	681.5317920116042	921.639268671807	1049.6799766089964	83.39956462964858	1042.80437055167	NaN
0	0.10500000000000001	550.6241963192205	44.05185917378927	683.0761847059881	921.5397519401063	1049.6834887922416	83.39979092283309	1042.8077175079595	NaN
0	0.10500000000000001	550.7346546923583	43.95180039166705	684.6225708408579	921.4405651788801	1049.6869656856002	83.39998959411218	1042.8110324238721	NaN
0	0.10500000000000001	550.8452173009701	43.85206777716593	686.1709515758633	921.341707091524	1049.6904076121577	83.40016235375921	1042.814319683921	NaN
0	0.10500000000000001	550.9558843901417	43.752659900203625	687.7213281953493	921.2431764163692	1049.6938148925324	83.40031149532534	1042.8175833521734	NaN
0	0.10500000000000001	551.0666561834377	43.653575356956715	689.2737016971631	921.1449719636422	1049.6971878439922	83.40043981778273	1042.8208270796504	NaN
0	0.10500000000000001	551.1775329195711	43.554812736837675	690.8280733061858	921.0470925918312	1049.7005267816126	83.4005505362086	1042.8240540271618	NaN
0	0.10500000000000001	551.2885148303889	43.456370642239044	692.3844441658352	920.9495372343795	1049.7038320176184	83.4006471835329	1042.8272668016778	NaN
0	0.10500000000000001	551.3996021408445	43.35824768840343	693.9428153374424	920.8523049045576	1049.707103861416	83.40073350634256	1042.830467409939	NaN
0	0.10500000000000001	551.5107950910857	43.26044248388479	695.5031881099936	920.755394678908	1049.7103426202652	83.40081335768897	1042.8336572301341	NaN
0	0.10500000000000001	551.6220939143764	43.162953650100114	697.0655636904402	920.6588057172067	1049.7135485986416	83.40089058983509	1042.836837000088	NaN
0	0.10500000000000001	551.7334988518409	43.06577980834374	698.6299434105163	920.5625372480088	1049.7167220986864	83.40096894992426	1042.8400068241544	NaN
0	0.10500000000000001	551.8450101377086	42.96891959269383	700.1963285195409	920.4665885777688	1049.7198634198007	83.40105198128616	1042.8431661962964	NaN
0	0.10500000000000001	551.9566280066871	42.872371643496834	701.7647202877812	920.370959078798	1049.7229728588804	83.40114293296827	1042.8463140397619	NaN
0	0.10500000000000001	552.0683527013687	42.77613460098255	703.3351201105161	920.2756481756327	1049.7260507105389	83.40124467974648	1042.8494487612415	NaN
0	0.10500000000000001	552.1801844574343	42.680207118045395	704.9075293000396	920.1806553489121	1049.7290972667129	83.40135965452397	1042.8525683170483	NaN
0	0.10500000000000001	552.2921235258871	42.58458784114013	706.4819493981985	920.0859801064848	1049.7321128172894	83.40148979471452	1042.8556702908386	NaN
0	0.10500000000000001	552.4041701434011	42.48927543569844	708.058381759389	919.9916219977148	1049.735097649315	83.40163650364754	1042.8587519780062	NaN
0	0.10500000000000001	552.5163245471343	42.39426857332368	709.6368277586756	919.8975805893693	1049.7380520474271	83.4018006277738	1042.861810476892	NaN
0	0.10500000000000001	552.6285869747306	42.29956593177138	711.2172887917354	919.8038554539407	1049.7409762938717	83.40198244985066	1042.8648427825065	NaN
0	0.10500000000000001	552.7409576643208	42.20516619492973	712.7997662748035	919.7104461580634	1049.743870668519	83.40218169790651	1042.8678458805118	NaN
0	0.10500000000000001	552.8534368545238	42.111068052799695	714.3842616446179	919.6173522513494	1049.7467354488863	83.40239756933924	1042.8708168388591	NaN
0	0.10500000000000001	552.9660247844486	42.017270201475235	715.9707763583666	919.524573255943	1049.749570910152	83.40262876909858	1042.8737528945985	NaN
0	0.10500000000000001	553.0787216862236	41.9237713493085	717.5593117883097	919.4321086631827	1049.7523773249904	83.40287356052013	1042.876651533371	NaN
0	0.10500000000000001	553.1915278074046	41.830570198288456	719.1498695375288	919.3399579069851	1049.755154964149	83.40312982715591	1042.879510560514	NaN
0	0.10500000000000001	553.3044433885769	41.73766546266745	720.7424511242373	919.248120375499	1049.7579040959013	83.40339514344178	1042.8823281601058	NaN
0	0.10500000000000001	553.4174686633287	41.64505586883641	722.337057981159	919.1565954057945	1049.7606249860755	83.40366685213685	1042.8851029423142	NaN
0	0.10500000000000001	553.5306038732218	41.55274014298694	723.9336916666258	919.065382268181	1049.763317898436	83.40394214619077	1042.8878339778073	NaN
0	0.10500000000000001	553.6438492603164	41.46071701728212	725.5323537591001	918.9744801705742	1049.7659830945156	83.40421815253978	1042.8905208176693	NaN
0	0.10500000000000001	553.7572050596565	41.36898523590411	727.1330457509946	918.8838882644926	1049.7686208334585	83.40449201547422	1042.8931634992014	NaN
0	0.10500000000000001	553.8706715218085	41.27754353678359	728.7357693668406	918.7936056287517	1049.771231372563	83.40476097731325	1042.8957625384774	NaN
0	0.10500000000000001	553.9842488903331	41.1863906698731	730.3405262451819	918.7036312908792	1049.773814966769	83.40502245399807	1042.8983189084734	NaN
0	0.10500000000000001	554.0979374092941	41.09552539101287	731.9473180444874	918.6139642259087	1049.776371868852	83.40527410377308	1042.9008340054852	NaN
0	0.10500000000000001	554.2117373232597	41.00494646190973	733.5561464430992	918.524603362531	1049.7789023294417	83.40551388709402	1042.90330960422	NaN
0	0.10500000000000001	554.325648877304	40.91465265011578	735.1670131391835	918.4355475903543	1049.781406597037	83.40574011630349	1042.9057478032928	NaN
0	0.10500000000000001	554.4396723170079	40.82464272900712	736.7799198506791	918.3467957680422	1049.7838849180216	83.40595149392026	1042.908150962932	NaN
0	0.10500000000000001	554.5538078808949	40.73491548369838	738.3948682081748	918.2583467379263	1049.7863375365212	83.40614713872849	1042.910521636706	NaN
0	0.10500000000000001	554.6680558231232	40.64546969317028	740.0118600759162	918.1701993175293	1049.7887646949066	83.40632659929594	1042.9128625001538	NaN
0	0.10500000000000001	554.7824163832225	40.556304154041165	741.6308971235202	918.0823523322304	1049.7911666331588	83.40648985471458	1042.9151762767394	NaN
0	0.10500000000000001	554.8968898012126	40.46741766858772	743.2519810397431	917.9948046125097	1049.7935435892173	83.406637303037	1042.9174656653295	NaN
0	0.10500000000000001	555.0114763252011	40.37880903886198	744.8751136400492	917.9075549967858	1049.7958957991489	83.40676973795559	1042.919733270147	NaN
0	0.10500000000000001	555.126176196207	40.29047707845521	746.5002966516297	917.820602350968	1049.7982234968492	83.40688831469019	1042.9219815348795	NaN
0	0.10500000000000001	555.2409896557435	40.20242060655374	748.1275318206709	917.7339455696897	1049.800526914218	83.40699450640113	1042.9242126836252	NaN
0	0.10500000000000001	555.3559169382008	40.11463845372524	749.7568208042807	917.6475835880366	1049.8028062810245	83.40709005258414	1042.9264286694643	NaN
0	0.10500000000000001	555.4709582936956	40.02712944443368	751.3881654943522	917.5615153691775	1049.8050618253776	83.40717690118787	1042.9286311328265	NaN
0	0.10500000000000001	555.5861139575975	39.93989242029562	753.0215675854739	917.4757399307701	1049.8072937731338	83.40725714622738	1042.930821369029	NaN
0	0.10500000000000001	555.7013841810359	39.85292621685396	754.6570290074714	917.3902563242683	1049.809502348513	83.40733296291491	1042.9330003078437	NaN
0	0.10500000000000001	555.8167692003653	39.76622968668968	756.2945514922261	917.3050636583955	1049.8116877735206	83.40740654216907	1042.9351685030938	NaN
0	0.10500000000000001	555.9322692524196	39.679801687775026	757.9341367898955	917.2201610870541	1049.8138502682639	83.40748002650645	1042.9373261343167	NaN
0	0.10500000000000001	556.0478845975063	39.59364106635242	759.5757869954011	917.135547790549	1049.8159900513876	83.40755544912655	1042.9394730194242	NaN
0	0.10500000000000001	556.1636154657947	39.507746696973136	761.2195037872381	917.0512230117183	1049.8181073390915	83.40763467784264	1042.9416086361657	NaN
0	0.10500000000000001	556.279462118634	39.422117436780454	762.8652892980773	916.9671860067315	1049.8202023462773	83.4077193655002	1042.9437321550301	NaN
0	0.10500000000000001	556.3954247948639	39.336752165394856	764.5131453522338	916.8834360789947	1049.8222752855788	83.40781090802616	1042.9458424781456	NaN
0	0.10500000000000001	556.5115037492	39.25164975646206	766.163074010859	916.7999725452005	1049.8243263680733	83.40791041128476	1042.9479382866202	NaN
0	0.10500000000000001	556.6276992214855	39.16680910026839	767.8150771349276	916.7167947509223	1049.8263558027468	83.40801866737887	1042.95001809181	NaN
0	0.10500000000000001	556.7440114674731	39.082229081152065	769.469156822713	916.6339020415099	1049.8283637970512	83.40813614095373	1042.9520802912232	NaN
0	0.10500000000000001	556.8604407280146	38.9979085999794	771.1253149716737	916.5512937770379	1049.830350556381	83.40826296554602	1042.9541232251079	NaN
0	0.10500000000000001	556.9769872676316	38.91384654613307	772.7835538269773	916.4689692978434	1049.832316284749	83.40839894994782	1042.956145234319	NaN
0	0.10500000000000001	557.0936513204708	38.83004183657445	774.4438752126142	916.386927956062	1049.834261183881	83.40854359396901	1042.958144714902	NaN
0	0.10500000000000001	557.2104331443759	38.7464933767666	776.106281300586	916.3051690711059	1049.8361854541458	83.40869611310143	1042.9601201712942	NaN
0	0.10500000000000001	557.3273329822316	38.663200088477275	777.7707740608045	916.2236919512957	1049.8380892939215	83.4088554708912	1042.96207026317	NaN
0	0.10500000000000001	557.4443510929345	38.580160887601934	779.4373557018826	916.1424958673747	1049.8399729001185	83.40902041803868	1042.9639938474309	NaN
0	0.10500000000000001	557.5614877281603	38.497374700752644	781.1060283403438	916.0615800648914	1049.8418364678105	83.409189536723	1042.9658900121465	NaN
0	0.10500000000000001	557.6787431323331	38.414840465146796	782.7767939999999	915.9809437612554	1049.8436801902544	83.40936128877935	1042.9677581029196	NaN
0	0.10500000000000001	557.7961175581592	38.33255711760924	784.449654833158	915.9005861332498	1049.8455042591527	83.40953406617218	1042.9695977409294	NaN
0	0.10500000000000001	557.9136112588691	38.25052360006683	786.1246130101085	915.8205063217787	1049.847308864538	83.40970624212392	1042.9714088317185	NaN
0	0.10500000000000001	558.0312244882202	38.16873885952674	787.8016707190849	915.7407034323228	1049.8490941947887	83.40987622137798	1042.9731915651948	NaN
0	0.10500000000000001	558.148957500498	38.08720184805485	789.4808301662239	915.6611765364577	1049.8508604366398	83.41004248808488	1042.974946406956	NaN
0	0.10500000000000001	558.2668105583297	38.00591151737579	791.162093686999	915.5819246691191	1049.8526077753136	83.41020364992944	1042.9766740815373	NaN
0	0.10500000000000001	558.3847839092555	37.92486683502399	792.8454634119298	915.5029468477653	1049.8543363941815	83.41035847720175	1042.9783755477447	NaN
0	0.10500000000000001	558.5028778013235	37.844066773456994	794.5309414888777	915.4242420659308	1049.856046475017	83.41050593585032	1042.9800519680484	NaN
0	0.10500000000000001	558.6210925066025	37.76351029404533	796.2185304186819	915.3458092824359	1049.8577381983398	83.41064521361524	1042.9817046726587	NaN
0	0.10500000000000001	558.739428274209	37.68319637919074	797.9082323846876	915.2676474579207	1049.8594117427524	83.41077573853465	1042.9833351184577	NaN
0	0.10500000000000001	558.8578853694781	37.60312400555855	799.6000498118118	915.1897555343102	1049.8610672855125	83.41089718964558	1042.9849448463453	NaN
0	0.10500000000000001	558.976464034723	37.52329217063583	801.2939848061147	915.1121324662945	1049.862705001995	83.41100949956571	1042.9865354360936	NaN
0	0.10500000000000001	559.0951645363557	37.443699860859425	802.9900398277218	915.0347771958975	1049.8643250663638	83.41111284926542	1042.9881084623944	NaN
0	0.10500000000000001	559.2139871255981	37.36434607809966	804.6882171295799	914.9576886835698	1049.8659276510361	83.4112076552259	1042.98966545112	NaN
0	0.10500000000000001	559.3329320778463	37.28522981329766	806.3885193199179	914.8808658875168	1049.8675129272303	83.41129454973694	1042.9912078393245	NaN
0	0.10500000000000001	559.451999637514	37.20635008322746	808.0909485738466	914.8043078038137	1049.869081064236	83.41137435498231	1042.9927369378793	NaN
0	0.10500000000000001	559.5711900653146	37.12770589892031	809.7955073090694	914.728013439487	1049.8706322300627	83.41144805203527	1042.9942539003553	NaN
0	0.10500000000000001	559.6905036145978	37.04929628137377	811.5021978475495	914.6519818307681	1049.8721665911366	83.41151674573226	1042.9957596967497	NaN
0	0.10500000000000001	559.8099405471546	36.97112025110306	813.2110226414856	914.5762120351317	1049.8736843125184	83.41158162671084	1042.9972550941432	NaN
0	0.10500000000000001	559.9295011332516	36.89317682820259	814.9219842738672	914.5007031326719	1049.875185557909	83.41164393183548	1042.9987406440189	NaN
0	0.10500000000000001	560.0491856199266	36.81546505297313	816.6350850046977	914.4254542465029	1049.876670489264	83.41170490429056	1043.0002166762702	NaN
0	0.10500000000000001	560.168994270606	36.737983960022916	818.3503273378129	914.3504645172094	1049.8781392673059	83.4117657546521	1043.001683301164	NaN
0	0.10500000000000001	560.2889273572208	36.660732583521515	820.0677139081644	914.2757331066629	1049.8795920514287	83.41182762407574	1043.0031404175375	NaN
0	0.10500000000000001	560.4089851284033	36.58370997764388	821.7872470263372	914.2012592157388	1049.8810289993246	83.41189155071763	1043.0045877271043	NaN
0	0.10500000000000001	560.5291678571958	36.50691518582028	823.508929361655	914.1270420518273	1049.8824502675736	83.41195844041373	1043.0060247554768	NaN
0	0.10500000000000001	560.6494758012714	36.43034726628765	825.2327633724498	914.0530808502275	1049.8838560111756	83.41202904234639	1043.007450877083	NaN
0	0.10500000000000001	560.7699092268216	36.354005276754314	826.958751648157	913.9793748555504	1049.8852463838464	83.41210393041445	1043.00886534487	NaN
0	0.10500000000000001	560.8904684005988	36.27788827949561	828.6868967952968	913.9059233225539	1049.8866215379333	83.41218349069575	1043.0102673225938	NaN
0	0.10500000000000001	561.0111535899181	36.20199534133265	830.4172014374423	913.8327255118504	1049.8879816244264	83.41226791525845	1043.0116559190744	NaN
0	0.10500000000000001	561.1319650546483	36.12632553861795	832.1496681003202	913.7597806904022	1049.8893267928795	83.4123572023378	1043.0130302230773	NaN
0	0.10500000000000001	561.252903079252	36.050877937167904	833.8842996712307	913.6870881079717	1049.890657191778	83.41245116273753	1043.0143893382349	NaN
0	0.10500000000000001	561.373967908678	35.975651632296284	835.6210984795638	913.6146470317311	1049.8919729678398	83.4125494319814	1043.0157324153683	NaN
0	0.10500000000000001	561.4951598365752	35.90064569381124	837.3600675620744	913.5424566896621	1049.8932742669938	83.41265148785791	1043.0170586839909	NaN
0	0.10500000000000001	561.6164791170229	35.82585922089375	839.101209396564	913.4705163202655	1049.89456123343	83.41275667239472	1043.018367478395	NaN
0	0.10500000000000001	561.7379260287756	35.75129130221715	840.8445268235583	913.3988251315762	1049.8958340103031	83.41286421769271	1043.019658261209	NaN
0	0.10500000000000001	561.8595008350658	35.67694104075618	842.5900224694161	913.3273823230763	1049.8970927393145	83.412973274476	1043.020930640959	NaN
0	0.10500000000000001	561.981203815812	35.602807533991545	844.3376992086071	913.256187065377	1049.8983375610603	83.41308294250508	1043.0221843851132	NaN
0	0.10500000000000001	562.1030352353799	35.528889893606284	846.087559700798	913.1852385185609	1049.8995686147077	83.41319230170016	1043.0234194268783	NaN
0	0.10500000000000001	562.2249953667726	35.455187230682164	847.839606738122	913.1145358180738	1049.9007860382553	83.41330044304803	1043.0246358669397	NaN
0	0.10500000000000001	562.3470844916664	35.3816986557557	849.5938432457535	913.0440780755897	1049.9019899685377	83.41340649822146	1043.0258339694033	NaN
0	0.10500000000000001	562.4693028761377	35.30842329341835	851.3502719331102	912.9738643944421	1049.9031805409963	83.41350966698036	1043.0270141522408	NaN
0	0.10500000000000001	562.5916508030424	35.235360262807475	853.1088957590323	912.9038938529288	1049.904357890009	83.41360924158649	1043.0281769734866	NaN
0	0.10500000000000001	562.7141285477253	35.16250869219759	854.8697175827168	912.8341655208003	1049.9055221486592	83.41370462741767	1043.02932311266	NaN
0	0.10500000000000001	562.8367363861167	35.089867714098304	856.6327402799822	912.7646784574614	1049.906673448828	83.41379535928326	1043.0304533490073	NaN
0	0.10500000000000001	562.9594745947334	35.01743646523396	858.3979667432408	912.695431715148	1049.9078119212036	83.41388111298626	1043.0315685369796	NaN
0	0.10500000000000001	563.0823434588261	34.945214081744744	860.1653999986622	912.6264243377219	1049.9089376953632	83.41396171189315	1043.0326695799822	NaN
0	0.10500000000000001	563.2053432479523	34.873199713535186	861.9350428547523	912.5576553778295	1049.9100508995612	83.4140371284041	1043.0337574029497	NaN
0	0.10500000000000001	563.3284742485615	34.80139250510127	863.7068983710355	912.4891238819806	1049.911151661035	83.41410748047305	1043.034832925478	NaN
0	0.10500000000000001	563.4517367313781	34.729791614608054	865.4809693887365	912.4208289120089	1049.91224010572	83.41417302335087	1043.0358970353163	NaN
0	0.10500000000000001	563.5751309840562	34.65839619482685	867.2572590006366	912.3527695298609	1049.9133163585504	83.41423413703599	1043.0369505642304	NaN
0	0.10500000000000001	563.6986572866831	34.587205407392915	869.0357701985034	912.2849448138334	1049.9143805432514	83.41429130989927	1043.0379942659179	NaN
0	0.10500000000000001	563.8223159199435	34.51621841801544	870.8165059905256	912.2173538562048	1049.91543278242	83.41434511918492	1043.039028797428	NaN
0	0.10500000000000001	563.9461071651215	34.445434396457806	872.5994694012898	912.1499957649324	1049.9164731975359	83.41439620910337	1043.0400547042645	NaN
0	0.10500000000000001	564.0700313041021	34.37485251651777	874.3846634717574	912.0828696648182	1049.9175019089696	83.41444526732258	1043.0410724096353	NaN
0	0.10500000000000001	564.1940886193728	34.304471956007845	876.1720912592427	912.0159746981193	1049.9185190359913	83.41449300069144	1043.0420822081026	NaN
0	0.10500000000000001	564.3182794022588	34.23429189209186	877.9617559560513	911.9493100201906	1049.9195246968463	83.4145401110389	1043.0430842637866	NaN
0	0.10500000000000001	564.4426039282325	34.16431151522808	879.7536605336408	911.8828748122555	1049.9205190085645	83.4145872718469	1043.0440786127347	NaN
0	0.10500000000000001	564.5670624981017	34.09453000592066	881.5478083361676	911.81666825834	1049.9215020872984	83.41463510660012	1043.0450651700398	NaN
0	0.10500000000000001	564.6916553802945	34.024946567142266	883.344202248551	911.7506895745954	1049.9224740478755	83.41468416943853	1043.0460437400423	NaN
0	0.10500000000000001	564.816382876874	33.95556038730283	885.1428456480514	911.6849379723117	1049.923435004326	83.41473492878912	1043.047014030917	NaN
0	0.10500000000000001	564.9412452740119	33.886370667980536	886.9437416902728	911.6194126820483	1049.9243850695016	83.41478775436218	1043.0479756711784	NaN
0	0.10500000000000001	565.0662428584945	33.817376614631584	888.746893547021	911.5541129423997	1049.9253243552157	83.41484290793103	1043.0489282288838	NaN
0	0.10500000000000001	565.1913759343159	33.74857742746616	890.5523046456992	911.4890379888004	1049.9262529723744	83.41490053808046	1043.0498712322922	NaN
0	0.10500000000000001	565.3166447812256	33.67997232426547	892.3599780712408	911.4241870724901	1049.9271710306755	83.41496067896776	1043.050804190805	NaN
0	0.10500000000000001	565.4420496961934	33.611560517521056	894.1699171642671	911.3595594362962	1049.9280786389245	83.4150232530883	1043.0517266165043	NaN
0	0.10500000000000001	565.567590968514	33.54334122809581	895.9821251618368	911.2951543250916	1049.9289759048625	83.41508807777328	1043.052638044429	NaN
0	0.10500000000000001	565.6932688964362	33.47531367613335	897.796605437423	911.2309709749546	1049.9298629352907	83.41515487513955	1043.0535380517167	NaN
0	0.10500000000000001	565.8190837705188	33.407477090084875	899.6133612605975	911.1670086197173	1049.9307398359624	83.41522328501635	1043.054426274443	NaN
0	0.10500000000000001	565.9450358902966	33.339830697669626	901.4323960376128	911.1032664808093	1049.9316067117086	83.41529288034994	1043.0553024221074	NaN
0	0.10500000000000001	566.0711255559594	33.27237373038743	903.2537131912459	911.0397437702803	1049.932463666384	83.4153631844529	1043.056166288926	NaN
0	0.10500000000000001	566.1973530599843	33.20510542795069	905.077316039868	910.9764396941563	1049.9333108028222	83.41543368945878	1043.0570177618	NaN
0	0.10500000000000001	566.3237187122354	33.13802502488209	906.9032081599992	910.9133534394542	1049.934148223011	83.4155038753226	1043.0578568249978	NaN
0	0.10500000000000001	566.4502228064899	33.071131768335114	908.7313929026737	910.8504841910242	1049.9349760278762	83.4155732286391	1043.0586835608724	NaN
0	0.10500000000000001	566.5768656455557	33.004424904699405	910.5618737562814	910.7878311194472	1049.9357943174575	83.41564126068752	1043.059498147469	NaN
0	0.10500000000000001	566.7036475244987	32.937903688452295	912.3946541041331	910.7253933902576	1049.936603190806	83.41570752403791	1043.0603008525388	NaN
0	0.10500000000000001	566.8305687726819	32.87156736012616	914.2297378321958	910.6631701445317	1049.9374027462593	83.41577162722798	1043.0610920249142	NaN
0	0.10500000000000001	566.9576296612499	32.80541519470455	916.0671279914823	910.6011605458598	1049.9381930808638	83.4158332469497	1043.061872082423	NaN
0	0.10500000000000001	567.0848305125061	32.739446444395085	917.906828379386	910.539363728472	1049.938974291073	83.41589213755421	1043.062641498933	NaN
0	0.10500000000000001	567.2121716325943	32.67366037382994	919.7488425663732	910.4777788322442	1049.9397464723297	83.41594813742593	1043.063400788701	NaN
0	0.10500000000000001	567.3396533198795	32.608056255575214	921.5931740169938	910.4164050005526	1049.940509719131	83.41600117221464	1043.0641504901912	NaN
0	0.10500000000000001	567.4672758818347	32.54263336138941	923.4398263341208	910.3552413741959	1049.9412641251356	83.41605125486367	1043.0648911495402	NaN
0	0.10500000000000001	567.5950396350797	32.47739096227011	925.2888032595711	910.2942870935055	1049.942009783171	83.41609848251404	1043.0656233041234	NaN
0	0.10500000000000001	567.7229448969413	32.41232833280534	927.140108551977	910.23354130435	1049.9427467851885	83.4161430304886	1043.0663474668602	NaN
0	0.10500000000000001	567.8509919599853	32.34744476403542	928.993745618055	910.1730031718749	1049.9434752221257	83.41618514365382	1043.0670641117495	NaN
0	0.10500000000000001	567.9791811513994	32.282739533271084	930.8497183721126	910.1126718538309	1049.9441951842557	83.41622512557498	1043.0677736616858	NaN
0	0.10500000000000001	568.1075127735864	32.218211934220314	932.7080303760719	910.0525465299	1049.9449067608539	83.41626332585174	1043.0684764778023	NaN
0	0.10500000000000001	568.2359871466424	32.15386125548822	934.5686854544023	909.9926263825288	1049.9456100404464	83.41630012621275	1043.0691728518934	NaN
0	0.10500000000000001	568.364604582852	32.08968679342561	936.4316873248063	909.9329106094494	1049.9463051106723	83.4163359258543	1043.0698630011796	NaN
0	0.10500000000000001	568.4933653866527	32.02568785204796	938.2970395975678	909.8733984237789	1049.946992058296	83.41637112660356	1043.0705470660403	NaN
0	0.10500000000000001	568.6222698887842	31.961863726061253	940.1647462702606	909.8140890380744	1049.9476709693934	83.41640611845027	1043.071225110753	NaN
0	0.10500000000000001	568.7513183950687	31.898213726303535	942.0348109856862	909.7549816874966	1049.9483419290882	83.41644126593077	1043.0718971265067	NaN
0	0.10500000000000001	568.880511237692	31.834737154337205	943.9072377748558	909.6960756054001	1049.949005021826	83.4164768958859	1043.0725630374832	NaN
0	0.10500000000000001	569.0098487152935	31.77143333194105	945.7820301887409	909.6373700496482	1049.9496603310733	83.41651328694289	1043.0732227086044	NaN
0	0.10500000000000001	569.1393311614939	31.708301567423927	947.6591922914233	909.5788642700702	1049.950307939675	83.41655066112075	1043.0738759558265	NaN
0	0.10500000000000001	569.268958902078	31.64534117668568	949.5387280395474	909.5205575265651	1049.9509479296412	83.41658917774207	1043.074522557327	NaN
0	0.10500000000000001	569.3987322549584	31.58255148313781	951.4206412816658	909.4624490874633	1049.9515803821546	83.41662892984775	1043.07516226592	NaN
0	0.10500000000000001	569.5286515473668	31.519931809337272	953.304936007465	909.4045382201836	1049.9522053776636	83.41666994317083	1043.075794822074	NaN
0	0.10500000000000001	569.6587170986476	31.457481485295336	955.1916160982096	909.3468241973443	1049.9528229958046	83.41671217761599	1043.076419966786	NaN
0	0.10500000000000001	569.7889292461201	31.39519983603519	957.0806857018571	909.2893062837611	1049.9534333155318	83.41675553114179	1043.077037454214	NaN
0	0.10500000000000001	569.9192883019447	31.333086202247404	958.9721486072738	909.2319837541572	1049.95403641492	83.41679984579699	1043.0776470630733	NaN
0	0.10500000000000001	570.0497945962707	31.271139919595555	960.8660088701477	909.1748558728526	1049.9546323713741	83.41684491567345	1043.0782486071382	NaN
0	0.10500000000000001	570.1804484686542	31.20936032290776	962.7622706885545	909.1179218966769	1049.9552212615936	83.41689049638028	1043.0788419438395	NaN
0	0.10500000000000001	570.3112502334102	31.147746762528346	964.6609379000301	909.0611810893105	1049.9558031614217	83.4169363156475	1043.0794269808257	NaN
0	0.10500000000000001	570.442200240272	31.086298575657693	966.562014861979	909.0046326944242	1049.9563781461243	83.41698208467311	1043.0800036808264	NaN
0	0.10500000000000001	570.5732988137063	31.02501511496093	968.4655055707943	908.9482759618577	1049.956946290125	83.41702750969124	1043.0805720637425	NaN
0	0.10500000000000001	570.704546296307	30.96389572815031	970.371414291757	908.8921101289267	1049.9575076672038	83.41707230339769	1043.0811322069437	NaN
0	0.10500000000000001	570.8359430227403	30.902939770187622	972.2797451807419	908.8361344320248	1049.9580623503884	83.41711619574771	1043.081684243065	NaN
0	0.10500000000000001	570.9674893284299	30.842146599185508	974.1905024102525	908.7803481034696	1049.958610411999	83.41715894377226	1043.0822283559075	NaN
0	0.10500000000000001	571.0991855495581	30.781515576390778	976.1036901694174	908.7247503723252	1049.959151923654	83.41720034005579	1043.0827647744659	NaN
0	0.10500000000000001	571.2310320405526	30.72104605816446	978.0193129180276	908.6693404580722	1049.9596869563472	83.41724021960033	1043.083293765472	NaN
0	0.10500000000000001	571.3630291216567	30.660737420027097	979.9373746247715	908.614117593798	1049.9602155802404	83.41727846483799	1043.0838156244392	NaN
0	0.10500000000000001	571.4951771576287	30.60058902058717	981.85787991067	908.5590809943934	1049.960737864988	83.41731500871362	1043.084330666376	NaN
0	0.10500000000000001	571.6274764702258	30.540600241511292	983.7808327773405	908.5042298944364	1049.9612538793913	83.41734983569081	1043.0848392153812	NaN
0	0.10500000000000001	571.7599274170424	30.480770451586555	985.7062377526831	908.449563516576	1049.961763691718	83.41738298079804	1043.0853415948307	NaN
0	0.10500000000000001	571.8925303301293	30.42109903457524	987.6340989987278	908.3950810982261	1049.962267369467	83.41741452672498	1043.085838117347	NaN
0	0.10500000000000001	572.0252855598859	30.361585369335348	989.5644209496032	908.3407818745117	1049.9627649795455	83.41744459920334	1043.086329075869	NaN
0	0.10500000000000001	572.1581934575187	30.302228837774187	991.4972080565584	908.2866650865185	1049.9632565882039	83.41747336085737	1043.0868147355095	NaN
0	0.10500000000000001	572.2912543750431	30.24302882483197	993.4324647879638	908.2327299820809	1049.963742261043	83.41750100382801	1043.0872953267901	NaN
0	0.10500000000000001	572.4244686476209	30.18398472628039	995.3701953723398	908.1789758234823	1049.9642220629567	83.41752774148286	1043.0877710403427	NaN
0	0.10500000000000001	572.5578366465381	30.12509592521169	997.3104045689183	908.125401866437	1049.964696058327	83.41755379957962	1043.088242023549	NaN
0	0.10500000000000001	572.691358708546	30.066361823341516	999.2530966398131	908.0720073887525	1049.9651643107777	83.41757940720267	1043.0887083785167	NaN
0	0.10500000000000001	572.8250351888792	30.007781817509727	1001.1982761212084	908.0187916688816	1049.9656268833683	83.4176047878822	1043.0891701622893	NaN
0	0.10500000000000001	572.9588664524672	29.949355303642346	1003.1459476955663	907.9657539892721	1049.9660838385669	83.41763015120125	1043.0896273885717	NaN
0	0.10500000000000001	573.0928528473256	29.891081688360202	1005.0961158043716	907.9128936464415	1049.9665352381633	83.41765568521255	1043.090080031016	NaN
0	0.10500000000000001	573.2269947489475	29.832960369620917	1007.0487852941691	907.8602099327733	1049.966981143427	83.41768154995572	1043.090528028187	NaN
0	0.10500000000000001	573.3612925070021	29.774990759885807	1009.0039606407403	907.8077021567575	1049.967421614931	83.41770787226459	1043.0909712894047	NaN
0	0.10500000000000001	573.4957464808731	29.717172270634567	1010.9616464663111	907.7553696280598	1049.9678567126791	83.41773474206653	1043.0914097018165	NaN
0	0.10500000000000001	573.6303570218518	29.659504320037193	1012.9218472802796	907.7032116635254	1049.9682864960505	83.41776221024749	1043.0918431379241	NaN
0	0.10500000000000001	573.7651245088402	29.601986317658426	1014.8845679991194	907.6512275723759	1049.9687110239208	83.41779028814254	1043.0922714635933	NaN
0	0.10500000000000001	573.900049303749	29.54461768358745	1016.849813296874	907.5994166725603	1049.9691303545226	83.41781894859554	1043.0926945457943	NaN
0	0.10500000000000001	574.0351317693282	29.487397840740908	1018.817587864755	907.547778282881	1049.9695445455097	83.4178481285276	1043.093112260221	NaN
0	0.10500000000000001	574.1703722781381	29.4303262110706	1020.787896541795	907.4963117187584	1049.9699536539886	83.41787773285272	1043.0935244982636	NaN
0	0.10500000000000001	574.3057711856596	29.37340222690335	1022.7607439230921	907.4450163017593	1049.9703577364419	83.41790763953723	1043.0939311729992	NaN
0	0.10500000000000001	574.4413288661665	29.316625315789338	1024.7361348823817	907.3938913453786	1049.9707568488416	83.41793770558789	1043.0943322242804	NaN
0	0.10500000000000001	574.5770457038126	29.259994904341003	1026.7140744422677	907.3429361581232	1049.971151046627	83.41796777367655	1043.0947276224294	NaN
0	0.10500000000000001	574.7129220566395	29.203510433223187	1028.6945672496277	907.2921500567784	1049.9715403846026	83.4179976791191	1043.0951173704882	NaN
0	0.10500000000000001	574.8489583195919	29.14717133088001	1030.6776184940004	907.2415323427308	1049.9719249171267	83.4180272569453	1043.0955015053323	NaN
0	0.10500000000000001	574.9851548614762	29.090977039762635	1032.6632329887225	907.1910823256891	1049.9723046979343	83.4180563487208	1043.0958800970034	NaN
0	0.10500000000000001	575.1215120519582	29.03492700502876	1034.651415564356	907.1407993138093	1049.9726797802223	83.41808480890025	1043.09625324695	NaN
0	0.10500000000000001	575.258030279671	28.979020667128065	1036.6421713327093	907.090682607496	1049.9730502167008	83.41811251044517	1043.0966210849967	NaN
0	0.10500000000000001	575.3947099251135	28.92325747296262	1038.6355052917113	907.0407315099908	1049.9734160595247	83.41813934949433	1043.0969837651176	NaN
0	0.10500000000000001	575.531551360612	28.867636875820143	1040.6314223247248	906.9909453279713	1049.973777360299	83.41816524893893	1043.097341460412	NaN
0	0.10500000000000001	575.668554977531	28.812158324292852	1042.6299275974163	906.9413233623712	1049.9741341701542	83.41819016078993	1043.0976943575097	NaN
0	0.10500000000000001	575.8057211590776	28.756821273352458	1044.6310261610938	906.8918649190774	1049.9744865396817	83.4182140672609	1043.098042650443	NaN
0	0.10500000000000001	575.9430502984728	28.70162517697821	1046.6347232177447	906.8425693031188	1049.974834518983	83.41823698058063	1043.0983865345124	NaN
0	0.10500000000000001	576.080542762531	28.646569502768056	1048.641023588606	906.7934358324692	1049.975178157583	83.41825894156439	1043.098726200143	NaN
0	0.10500000000000001	576.2181989645518	28.59165370269622	1050.6499327777392	906.7444638126434	1049.9755175046184	83.41828001706705	1043.0990618273902	NaN
0	0.10500000000000001	576.3560192731572	28.536877249604306	1052.661455641742	906.6956525698782	1049.9758526086146	83.41830029641471	1043.09939358064	NaN
0	0.10500000000000001	576.4940041035693	28.482239600773894	1054.675597721796	906.6470014191592	1049.976183517713	83.41831988704755	1043.0997216045491	NaN
0	0.10500000000000001	576.6321538445488	28.427740227018834	1056.6923641773756	906.5985096905432	1049.9765102794988	83.41833890952758	1043.1000460205316	NaN
0	0.10500000000000001	576.7704688766103	28.373378605324746	1058.7117600519427	906.5501767228326	1049.9768329410522	83.41835749217579	1043.100366924525	NaN
0	0.10500000000000001	576.9089496178907	28.31915420084151	1060.7337909426535	906.5020018476822	1049.9771515490565	83.41837576556387	1043.1006843859363	NaN
0	0.10500000000000001	577.0475964599768	28.265066492125737	1062.7584620634348	906.4539844120179	1049.977466149655	83.41839385707931	1043.1009984474665	NaN
0	0.10500000000000001	577.1864098045924	28.2111149566949	1064.7857787805842	906.4061237650271	1049.977776788539	83.41841188581563	1043.1013091262682	NaN
0	0.10500000000000001	577.3253900452144	28.157299078186178	1066.815746344286	906.3584192642254	1049.978083510912	83.41842995797262	1043.101616415999	NaN
0	0.10500000000000001	577.4645375947113	28.103618335634955	1068.8483702922617	906.3108702655575	1049.9783863615546	83.4184481629589	1043.1019202898794	NaN
0	0.10500000000000001	577.6038528484844	28.05007221773443	1070.8836559113827	906.2634761355566	1049.9786853847459	83.41846657032441	1043.1022207043538	NaN
0	0.10500000000000001	577.7433362213765	27.99666020858385	1072.9216087767984	906.2162362381775	1049.978980624351	83.41848522764576	1043.1025176034793	NaN
0	0.10500000000000001	577.8829881292446	27.943381794824354	1074.9622344827671	906.1691499405422	1049.979272123782	83.41850415940678	1043.1028109235592	NaN
0	0.10500000000000001	578.0228089704203	27.890236472659613	1077.005538371691	906.1222166185456	1049.9795599259646	83.41852336689973	1043.1031005979341	NaN
0	0.10500000000000001	578.1627991627533	27.837223733711028	1079.0515260753682	906.0754356437783	1049.979844073421	83.41854282912614	1043.103386561832	NaN
0	0.10500000000000001	578.3029591158225	27.78434307560003	1081.1002031089172	906.0288063923392	1049.9801246082136	83.418562504611	1043.103668756826	NaN
0	0.10500000000000001	578.4432892495046	27.731593994903978	1083.151575142125	905.9823282381448	1049.980401571989	83.418582334041	1043.1039471349466	NaN
0	0.10500000000000001	578.5837899753891	27.678975994155387	1085.2056477277815	905.9360005587047	1049.9806750059438	83.41860224357428	1043.1042216621106	NaN
0	0.10500000000000001	578.7244617153924	27.626488574832937	1087.262426573745	905.8898227286484	1049.980944950865	83.41862214866994	1043.1044923208933	NaN
0	0.10500000000000001	578.8653048924665	27.574131240860687	1089.321917407128	905.8437941226172	1049.9812114471167	83.4186419582455	1043.1047591124136	NaN
0	0.10500000000000001	579.0063199399526	27.521903495137778	1091.384126111068	905.7979141121355	1049.9814745346596	83.41866157897968	1043.1050220573704	NaN
0	0.10500000000000001	579.1475072641831	27.46980485336457	1093.4490581777704	905.7521820777845	1049.9817342529866	83.41868091955928	1043.10528119609	NaN
0	0.10500000000000001	579.2888673099603	27.417834819810796	1095.516719666092	905.7065973880583	1049.9819906412479	83.41869989470848	1043.1055365878854	NaN
0	0.10500000000000001	579.4304004950498	27.365992911507753	1097.5871162434753	905.6611594208416	1049.9822437381333	83.41871842879927	1043.1057883093565	NaN
0	0.10500000000000001	579.5721072476306	27.314278644403963	1099.6602537336485	905.6158675515763	1049.9824935819454	83.41873645893095	1043.1060364521568	NaN
0	0.10500000000000001	579.7139879969374	27.262691536812934	1101.7361379797346	905.5707211566796	1049.9827402105864	83.41875393733909	1043.1062811200754	NaN
0	0.10500000000000001	579.8560431732627	27.21123110940001	1103.8147748442761	905.5257196139719	1049.9829836615615	83.41877083305826	1043.106522425684	NaN
0	0.10500000000000001	579.9982732173924	27.1598968817717	1105.89617034728	905.4808623001693	1049.9832239719992	83.41878713278781	1043.1067604867071	NaN
0	0.10500000000000001	580.1406785617689	27.10868837928714	1107.980330390581	905.4361485973161	1049.9834611786202	83.41880284094333	1043.106995422227	NaN
0	0.10500000000000001	580.2832596588125	27.057605122856035	1110.0672611722878	905.391577884342	1049.9836953177924	83.41881797892663	1043.1072273490167	NaN
0	0.10500000000000001	580.4260169336865	27.006646645880757	1112.1569684954413	905.3471495522813	1049.9839264254526	83.41883258365704	1043.107456377961	NaN
0	0.10500000000000001	580.5689508315498	26.955812477284177	1114.2494584595825	905.3028629898402	1049.9841545371903	83.41884670547148	1043.1076826109972	NaN
0	0.10500000000000001	580.7120617891858	26.905102151656717	1116.3447370454517	905.2587175925654	1049.9843796882044	83.41886040548907	1043.10790613842	NaN
0	0.10500000000000001	580.855350263462	26.854515199153788	1118.4428105316497	905.2147127542864	1049.9846019133515	83.41887375258779	1043.1081270368738	NaN
0	0.10500000000000001	580.9988167028889	26.804051155593164	1120.5436850782341	905.1708478760646	1049.9848212471047	83.4188868201309	1043.1083453679207	NaN
0	0.10500000000000001	581.1424615571012	26.7537095590652	1122.6473668654942	905.1271223633017	1049.9850377235707	83.41889968260637	1043.1085611773763	NaN
0	0.10500000000000001	581.2862852768615	26.70348994992014	1124.7538620939804	905.083535625705	1049.9852513764952	83.4189124123292	1043.1087744953477	NaN
0	0.10500000000000001	581.4302883236123	26.653391867439566	1126.8631771244102	905.0400870742911	1049.9854622392793	83.41892507635471	1043.1089853369765	NaN
0	0.10500000000000001	581.5744711408454	26.603414859791727	1128.9753180582743	904.9967761298351	1049.9856703449407	83.41893773373167	1043.1091937037627	NaN
0	0.10500000000000001	581.7188341923006	26.553558470730987	1131.090291297343	904.9536022110823	1049.9858757261738	83.41895043321824	1043.1093995855415	NaN
0	0.10500000000000001	581.863377942896	26.5038222462574	1133.2081032643496	904.9105647402282	1049.9860784153238	83.41896321153882	1043.109602962824	NaN
0	0.10500000000000001	582.0081028395376	26.45420574117226	1135.3287601217692	904.8676631482447	1049.9862784443635	83.41897609224812	1043.109803809469	NaN
0	0.10500000000000001	582.1530093494626	26.404708505873593	1137.4522683335824	904.8248968630953	1049.9864758449514	83.41898908524104	1043.1100020956287	NaN
0	0.10500000000000001	582.2980979410976	26.355330092967808	1139.5786343848335	904.7822653151023	1049.986670648407	83.41900218689892	1043.1101977906692	NaN
0	0.10500000000000001	582.4433690840618	26.306070057257255	1141.707864781667	904.7397679365914	1049.9868628857137	83.4190153808527	1043.1103908660336	NaN
0	0.10500000000000001	582.5888232491718	26.256927955727843	1143.839966051362	904.6974041615663	1049.9870525875224	83.41902863930491	1043.1105812978997	NaN
0	0.10500000000000001	582.7344608987873	26.207903350781713	1145.9749446007897	904.6551734282226	1049.987239784142	83.41904192483196	1043.1107690694948	NaN
0	0.10500000000000001	582.8802825157754	26.158995800470628	1148.1128071409828	904.6130751703196	1049.987424505581	83.41905519257166	1043.1109541730405	NaN
0	0.10500000000000001	583.0262885745661	26.110204868257906	1150.2535602628413	904.5711088254443	1049.9876067815112	83.41906839267304	1043.1111366111224	NaN
0	0.10500000000000001	583.1724795508023	26.061530119741747	1152.3972105785463	904.5292738321056	1049.987786641285	83.41908147289557	1043.111316397567	NaN
0	0.10500000000000001	583.3188559310494	26.012971119429068	1154.5437648639436	904.4875696269542	1049.9879641139498	83.41909438122813	1043.1114935577436	NaN
0	0.10500000000000001	583.465418193411	25.964527437178873	1156.6932297742867	904.4459956503805	1049.988139228227	83.41910706840177	1043.1116681282713	NaN
0	0.10500000000000001	583.6121668269465	25.916198641750167	1158.8456121289566	904.4045513410975	1049.9883120125385	83.41911949018873	1043.1118401562383	NaN
0	0.10500000000000001	583.7591023122369	25.86798430721481	1161.0009186264347	904.3632361418246	1049.988482494986	83.41913160937972	1043.112009697898	NaN
0	0.10500000000000001	583.9062251506075	25.819884003352264	1163.15915627292	904.3220494912832	1049.98865070339	83.41914339736475	1043.1121768170187	NaN
0	0.10500000000000001	584.0535358153893	25.77189731160278	1165.3203316673641	904.2809908381251	1049.988816665234	83.41915483524431	1043.1123415828374	NaN
0	0.10500000000000001	584.2010348104587	25.724023805917852	1167.484451860214	904.2400596248171	1049.9889804077368	83.41916591445042	1043.1125040679285	NaN
0	0.10500000000000001	584.3487226312187	25.676263065518505	1169.6515237809992	904.199255298859	1049.989141957808	83.41917663684615	1043.1126643458717	NaN
0	0.10500000000000001	584.4965997743578	25.62861467168811	1171.8215543814847	904.1585773103202	1049.989301342065	83.41918701432911	1043.112822488989	NaN
0	0.10500000000000001	584.644666747674	25.581078204614254	1173.994550779817	904.1180251094103	1049.9894585868442	83.41919706796877	1043.1129785662115	NaN
0	0.10500000000000001	584.7929240308039	25.533653255974677	1176.1705196841694	904.0775981574476	1049.9896137181627	83.41920682673178	1043.1131326411182	NaN
0	0.10500000000000001	584.9413721439828	25.486339406880475	1178.3494684018624	904.0372959082382	1049.989766761794	83.41921632588048	1043.1132847703943	NaN
0	0.10500000000000001	585.0900115792551	25.439136249899263	1180.5314038297504	903.997117826997	1049.9899177431998	83.41922560511497	1043.1134350025277	NaN
0	0.10500000000000001	585.2388428595432	25.392043370218524	1182.7163333212209	903.9570633743907	1049.99006668759	83.41923470657505	1043.1135833770568	NaN
0	0.10500000000000001	585.3878664893932	25.345060361305332	1184.9042639631903	903.9171320199032	1049.9902136198784	83.41924367278797	1043.11372992416	NaN
0	0.10500000000000001	585.5370829845623	25.298186815506064	1187.095203010417	903.8773232338106	1049.990358564715	83.41925254467388	1043.113874664775	NaN
0	0.10500000000000001	585.6864928621668	25.251422327170754	1189.2891577408634	903.8376364897642	1049.9905015464774	83.41926135969707	1043.1140176111119	NaN
0	0.10500000000000001	585.8360966307662	25.20476649573008	1191.4861353100514	903.798071267275	1049.9906425892643	83.41927015025082	1043.1141587675584	NaN
0	0.10500000000000001	585.9858948300498	25.15821891331962	1193.686143333878	903.7586270410554	1049.9907817169367	83.41927894234897	1043.1142981319706	NaN
0	0.10500000000000001	586.1358879812644	25.111779180258022	1195.8891891606286	903.7193032939573	1049.9909189530722	83.41928775467073	1043.1144356971383	NaN
0	0.10500000000000001	586.286076607034	25.065446898822362	1198.0952801619917	903.6800995114738	1049.9910543209878	83.41929659800209	1043.1145714525	NaN
0	0.10500000000000001	586.4364612313648	25.01922167323706	1200.304423733109	903.6410151815088	1049.9911878437406	83.41930547508348	1043.1147053859288	NaN
0	0.10500000000000001	586.5870423896349	24.97310310661005	1202.5166274393318	903.6020497915708	1049.9913195441416	83.41931438085965	1043.1148374855277	NaN
0	0.10500000000000001	586.7378205986561	24.927090810098274	1204.7318985763704	903.5632028363143	1049.9914494447307	83.41932330310189	1043.1149677413025	NaN
0	0.10500000000000001	586.8887964166436	24.881184384585925	1206.9502450513726	903.5244738018878	1049.99157756783	83.41933222336827	1043.1150961467436	NaN
0	0.10500000000000001	587.039970363232	24.835383445083668	1209.1716742077463	903.4858621863857	1049.9917039354796	83.41934111822911	1043.1152227000482	NaN
0	0.10500000000000001	587.1913429794979	24.78968760241309	1211.3961937070344	903.4473674842768	1049.9918285694898	83.41934996070363	1043.1153474051694	NaN
0	0.10500000000000001	587.3429148079683	24.744096469309337	1213.623811235173	903.40898919149	1049.9919514914277	83.41935872181641	1043.1154702724587	NaN
0	0.10500000000000001	587.4946864026894	24.698609657399224	1215.854534650483	903.3707268028517	1049.992072722626	83.41936737219902	1043.1155913189803	NaN
0	0.10500000000000001	587.6466582990508	24.653226786241106	1218.0883715401362	903.3325798197114	1049.992192284163	83.41937588364989	1043.115710568433	NaN
0	0.10500000000000001	587.7988310641414	24.60794746825105	1220.3253299602843	903.2945477373311	1049.992310196903	83.41938423058274	1043.1158280507893	NaN
0	0.10500000000000001	587.9512052261807	24.562771329739878	1222.5654173987368	903.2566300626634	1049.992426481445	83.41939239128293	1043.11594380153	NaN
0	0.10500000000000001	588.1037813451376	24.517697989864548	1224.8086418130074	903.2188262968	1049.9925411581805	83.4194003489292	1043.1160578607214	NaN
0	0.10500000000000001	588.2565600027636	24.472727063708454	1227.0550114839289	903.1811359377352	1049.9926542472847	83.4194080923251	1043.1161702718193	NaN
0	0.10500000000000001	588.4095417316915	24.427858183137193	1229.3045339731264	903.1435584980145	1049.9927657686683	83.41941561631378	1043.116281080293	NaN
0	0.10500000000000001	588.562727116756	24.383090966965128	1231.557217612767	903.1060934799058	1049.9928757420532	83.4194229218776	1043.116390332306	NaN
0	0.10500000000000001	588.7161167240647	24.338425041829954	1233.813070462649	903.0687403930694	1049.992984186924	83.41943001591115	1043.1164980732767	NaN
0	0.10500000000000001	588.8697111110805	24.293860039156876	1236.072100458375	903.031498752163	1049.9930911225372	83.41943691070254	1043.1166043465757	NaN
0	0.10500000000000001	589.0235108571713	24.249395586280734	1238.3343158606374	902.9943680695619	1049.9931965679448	83.41944362315701	1043.1167091923787	NaN
0	0.10500000000000001	589.1775165330844	24.205031315320316	1240.5997248062808	902.9573478628942	1049.9933005419755	83.4194501738071	1043.116812646673	NaN
0	0.10500000000000001	589.3317287111246	24.160766860200628	1242.8683354579598	902.9204376526317	1049.9934030632437	83.41945658567364	1043.1169147405324	NaN
0	0.10500000000000001	589.4861479856406	24.116601850795366	1245.1401563055304	902.8836369572593	1049.9935041501656	83.41946288303821	1043.1170154996717	NaN
0	0.10500000000000001	589.640774921869	24.07253592757538	1247.4151954134547	902.8469453054981	1049.9936038209264	83.419469090193	1043.1171149442355	NaN
0	0.10500000000000001	589.7956101173833	24.02856872402511	1249.6934613248252	902.8103622216296	1049.993702093524	83.41947523023896	1043.1172130889472	NaN
0	0.10500000000000001	589.9506541405731	23.984699884166233	1251.9749621561919	902.7738872400324	1049.9937989857308	83.41948132398568	1043.1173099434484	NaN
0	0.10500000000000001	590.105907592259	23.940929045052897	1254.259706504154	902.7375198905328	1049.9938945151355	83.41948738901513	1043.1174055129547	NaN
0	0.10500000000000001	590.261371054316	23.897255851326037	1256.5477026893532	902.7012597104019	1049.9939886991117	83.41949343894484	1043.1174997990436	NaN
0	0.10500000000000001	590.4170451411863	23.853679940707572	1258.8389595145677	902.6651062321847	1049.9940815548525	83.41949948293058	1043.117592800653	NaN
0	0.10500000000000001	590.5729304380266	23.81020096136788	1261.1334853543847	902.6290589979835	1049.9941730993348	83.4195055254173	1043.1176845151056	NaN
0	0.10500000000000001	590.7290275626563	23.766818554576595	1263.4312890669714	902.5931175449294	1049.9942633493579	83.41951156615275	1043.1177749392423	NaN
0	0.10500000000000001	590.8853371035372	23.723532371993063	1265.732379081146	902.5572814193841	1049.9943523215093	83.41951760044444	1043.1178640704588	NaN
0	0.10500000000000001	591.0418596818901	23.680342058394157	1268.0367643107588	902.5215501625124	1049.9944400322036	83.41952361964742	1043.1179519077334	NaN
0	0.10500000000000001	591.1985958998995	23.637247266035395	1270.3444533921945	902.4859233220728	1049.9945264976527	83.41952961183911	1043.1180384524566	NaN
0	0.10500000000000001	591.3555463822404	23.59424764318369	1272.6554552957352	902.450400442852	1049.994611733893	83.41953556264791	1043.1181237091448	NaN
0	0.10500000000000001	591.5127117345064	23.55134284553931	1274.9697787134717	902.4149810760553	1049.9946957567633	83.41954145617741	1043.1182076859036	NaN
0	0.10500000000000001	591.6700925744141	23.508532527653344	1277.2874325187165	902.3796647721849	1049.9947785819245	83.41954727598097	1043.1182903947094	NaN
0	0.10500000000000001	591.827689542317	23.465816340125336	1279.6084259209053	902.3444510787448	1049.9948602248664	83.41955300602731	1043.118371851451	NaN
0	0.10500000000000001	591.9855032489976	23.423193943771388	1281.9327676967143	902.3093395519526	1049.9949407008817	83.41955863160469	1043.1184520757172	NaN
0	0.10500000000000001	592.1435343279029	23.380664995432433	1284.2604669593125	902.2743297450927	1049.9950200250962	83.41956414012314	1043.1185310904336	NaN
0	0.10500000000000001	592.3017834142764	23.338229153652726	1286.5915328510494	902.239421213277	1049.995098212458	83.41956952176707	1043.1186089212877	NaN
0	0.10500000000000001	592.4602511451646	23.295886078670076	1288.9259745435372	902.2046135135279	1049.9951752777424	83.4195747699733	1043.1186855960232	NaN
0	0.10500000000000001	592.6189381488996	23.25363543520305	1291.2638010826872	902.169906207169	1049.9952512355449	83.4195798817112	1043.1187611436367	NaN
0	0.10500000000000001	592.7778450872012	23.211476881243268	1293.605022008972	902.1352988507248	1049.995326100305	83.41958485756074	1043.1188355935494	NaN
0	0.10500000000000001	592.9369725814873	23.169410087642692	1295.9496462717555	902.1007910121118	1049.995399886274	83.41958970158436	1043.1189089747263	NaN
0	0.10500000000000001	593.0963212866205	23.127434718515456	1298.2976833157995	902.0663822546427	1049.9954726075498	83.41959442101617	1043.118981314909	NaN
0	0.10500000000000001	593.2558918593437	23.085550439649175	1300.649142616237	902.0320721440215	1049.9955442780647	83.41959902578358	1043.1190526398898	NaN
0	0.10500000000000001	593.4156849370918	23.043756924028898	1303.0040333663014	901.9978602529314	1049.9956149115765	83.41960352789762	1043.1191229729184	NaN
0	0.10500000000000001	593.5757011909413	23.002053837955824	1305.3623652576148	901.9637461497149	1049.9956845216957	83.41960794075243	1043.1191923342944	NaN
0	0.10500000000000001	593.7359412832875	22.960440852158655	1307.724147856495	901.9297294075013	1049.9957531218672	83.41961227837119	1043.119260741088	NaN
0	0.10500000000000001	593.8964058677907	22.91891764175033	1310.089390603121	901.8958096041669	1049.9958207253717	83.4196165546457	1043.1193282070644	NaN
0	0.10500000000000001	594.0570956212956	22.877483877956124	1312.4581032819904	901.8619863155562	1049.9958873453418	83.41962078261334	1043.1193947427982	NaN
0	0.10500000000000001	594.2180112332857	22.836139230908255	1314.8302958665429	901.8282591177374	1049.9959529947585	83.41962497380739	1043.1194603559375	NaN
0	0.10500000000000001	594.3791533525152	22.794883383325843	1317.2059777323866	901.7946275980997	1049.9960176864308	83.41962913771572	1043.1195250515955	NaN
0	0.10500000000000001	594.5405226616912	22.753716011294955	1319.5851587581994	901.7610913396001	1049.9960814330293	83.41963328137778	1043.1195888329148	NaN
0	0.10500000000000001	594.7021198562261	22.712636789798026	1321.9678490125846	901.7276499252059	1049.9961442470765	83.41963740913341	1043.1196517016733	NaN
0	0.10500000000000001	594.8639456121094	22.6716454008787	1324.354058280331	901.6943029444581	1049.9962061409378	83.4196415225334	1043.1197136589315	NaN
0	0.10500000000000001	595.0260006072886	22.63074152815078	1326.7437963776113	901.6610499889091	1049.996267126831	83.41964562041274	1043.1197747057101	NaN
0	0.10500000000000001	595.1882855432023	22.58992485138479	1329.1370734695374	901.627890647648	1049.9963272168357	83.4196496991165	1043.1198348436342	NaN
0	0.10500000000000001	595.3508010910186	22.549195060046554	1331.5338992773293	901.5948245182332	1049.9963864228744	83.41965375285623	1043.1198940754796	NaN
0	0.10500000000000001	595.5135479778082	22.50855183166446	1333.9342843491738	901.5618511890692	1049.9964447567468	83.41965777417855	1043.1199524056797	NaN
0	0.10500000000000001	595.6765269003864	22.46799485346303	1336.3382387895886	901.5289702569366	1049.996502230099	83.4196617545066	1043.1200098406412	NaN
0	0.10500000000000001	595.8397385576101	22.42752381421839	1338.7457727356857	901.4961813203488	1049.996558854437	83.4196656847276	1043.1200663889738	NaN
0	0.10500000000000001	596.0031836720653	22.387138398901957	1341.1568966771047	901.4634839752121	1049.996614641135	83.4196695557879	1043.120122061566	NaN
0	0.10500000000000001	596.1668629467773	22.3468382994079	1343.571620817425	901.4308778235287	1049.9966696014233	83.41967335925983	1043.1201768715005	NaN
0	0.10500000000000001	596.330777097707	22.30662320649266	1345.9899555535253	901.3983624668944	1049.9967237464002	83.41967708785046	1043.1202308338586	NaN
0	0.10500000000000001	596.4949268429351	22.266492812454906	1348.4119113160218	901.3659375087129	1049.9967770870292	83.41968073582356	1043.120283965395	NaN
0	0.10500000000000001	596.6593129244748	22.226446805824093	1350.8374988911276	901.333602549961	1049.9968296341485	83.41968429931374	1043.12033628413	NaN
0	0.10500000000000001	596.8239360538144	22.186484884643356	1353.2667286171234	901.3013571999767	1049.9968813984542	83.4196877765162	1043.1203878088525	NaN
0	0.10500000000000001	596.9887969554729	22.146606745805073	1355.6996110269797	901.2692010679035	1049.9969323905157	83.41969116774963	1043.1204385586186	NaN
0	0.10500000000000001	597.1538963780216	22.10681208243915	1358.136157011048	901.2371337606565	1049.9969826207807	83.4196944753899	1043.1204885522354	NaN
0	0.10500000000000001	597.3192350613209	22.067100591854356	1360.5763773335964	901.2051548893866	1049.9970320995662	83.41969770368296	1043.120537807763	NaN
0	0.10500000000000001	597.4848137364664	22.02747197549812	1363.0202826319398	901.1732640694904	1049.9970808370606	83.41970085845436	1043.1205863420776	NaN
0	0.10500000000000001	597.6506331697238	21.987925928443765	1365.4678840649199	901.1414609121912	1049.9971288433364	83.41970394673616	1043.120634170532	NaN
0	0.10500000000000001	597.8166940856336	21.94846215776446	1367.9191921779022	901.1097450393472	1049.9971761283307	83.41970697633406	1043.120681306677	NaN
0	0.10500000000000001	597.982997266031	21.909080358934307	1370.3742183644022	901.0781160644896	1049.997222701875	83.41970995536786	1043.1207277621415	NaN
0	0.10500000000000001	598.1495434620098	21.869780236789875	1372.8329735665545	901.0465736096724	1049.99726857367	83.41971289180704	1043.1207735465796	NaN
0	0.10500000000000001	598.316333426923	21.83056149763913	1375.2954687622207	901.0151172991089	1049.9973137532972	83.41971579303595	1043.1208186677575	NaN
0	0.10500000000000001	598.4833679385496	21.791423844070575	1377.7617152922608	900.9837467549847	1049.997358250227	83.41971866547057	1043.1208631317477	NaN
0	0.10500000000000001	598.6506477659484	21.75236698276341	1380.2317243711886	900.952461603685	1049.9974020738098	83.41972151424775	1043.1209069431902	NaN
0	0.10500000000000001	598.8181736916251	21.713390619287292	1382.7055074144434	900.9212614715799	1049.997445233283	83.41972434300506	1043.1209501056435	NaN
0	0.10500000000000001	598.9859464782238	21.674494465849808	1385.1830755465417	900.8901459911754	1049.9974877377645	83.41972715375927	1043.1209926219622	NaN
0	0.10500000000000001	599.153966924125	21.6356782283776	1387.664440422078	900.8591147907216	1049.9975295962677	83.41972994689007	1043.1210344947203	NaN
0	0.10500000000000001	599.3222358078502	21.596941619422036	1390.1496134047377	900.8281675044879	1049.9975708176887	83.41973272122196	1043.1210757266	NaN
0	0.10500000000000001	599.4907539326474	21.55828434785253	1392.6386062257352	900.7973037644764	1049.997611410819	83.41973547420045	1043.1211163207759	NaN
0	0.10500000000000001	599.6595220818584	21.51970612912505	1395.1314303246259	900.7665232085841	1049.997651384335	83.41973820214358	1043.121156281223	NaN
0	0.10500000000000001	599.8285410636372	21.481206675017752	1397.6280975097734	900.7358254723773	1049.9976907468108	83.41974090055442	1043.1211956129832	NaN
0	0.10500000000000001	599.9978116774114	21.442785701313742	1400.128619462983	900.705210195204	1049.9977295067101	83.41974356447021	1043.1212343223242	NaN
0	0.10500000000000001	600.1673347250692	21.40444292522424	1402.6330079047138	900.6746770181256	1049.9977676723925	83.4197461888262	1043.1212724168217	NaN
0	0.10500000000000001	600.337111044751	21.36617805777983	1405.14127509332	900.644225577866	1049.997805252119	83.4197487688114	1043.1213099053557	NaN
0	0.10500000000000001	600.5071414433972	21.32799081908081	1407.6534328285484	900.6138555189685	1049.9978422540405	83.41975130019226	1043.1213467979958	NaN
0	0.10500000000000001	600.6774267417325	21.28988092810733	1410.1694931160991	900.5835664857007	1049.9978786862087	83.41975377958813	1043.1213831058344	NaN
0	0.10500000000000001	600.8479677517214	21.25184810777688	1412.6894678345163	900.5533581261064	1049.9979145565703	83.41975620468038	1043.1214188407437	NaN
0	0.10500000000000001	601.0187653218244	21.213892074854552	1415.213369403907	900.5232300840266	1049.9979498729808	83.41975857434728	1043.121454015096	NaN
0	0.10500000000000001	601.1898202918305	21.17601255006441	1417.7412101185698	900.4931820071735	1049.9979846431936	83.41976088871489	1043.1214886414455	NaN
0	0.10500000000000001	601.3611334814368	21.138209260554895	1420.2730019781563	900.4632135491141	1049.9980188748598	83.41976314912763	1043.121522732206	NaN
0	0.10500000000000001	601.5327057470215	21.10048192734301	1422.8087575266716	900.4333243593478	1049.9980525755407	83.41976535804261	1043.1215562993618	NaN
0	0.10500000000000001	601.7045379362719	21.062830275364725	1425.3484891819717	900.4035140913089	1049.9980857526998	83.41976751885517	1043.1215893541903	NaN
0	0.10500000000000001	601.8766308995412	21.025254030949935	1427.892209403576	900.3737824003854	1049.9981184137064	83.41976963567201	1043.121621907047	NaN
0	0.10500000000000001	602.0489855127228	20.987752916848343	1430.4399310307972	900.3441289400014	1049.99815056584	83.41977171304781	1043.1216539672132	NaN
0	0.10500000000000001	602.2216026201538	20.950326664668754	1432.9916664387595	900.3145533714614	1049.9981822162813	83.41977375570193	1043.121685542799	NaN
0	0.10500000000000001	602.3944830917515	20.912975002419742	1435.5474283829476	900.2850553540919	1049.9982133721244	83.41977576823724	1043.1217166407414	NaN
0	0.10500000000000001	602.5676278116795	20.875697657026837	1438.1072298317256	900.255634547227	1049.9982440403742	83.41977775487689	1043.1217472668607	NaN
0	0.10500000000000001	602.7410376439236	20.838494361742637	1440.671083457396	900.2262906160377	1049.998274227943	83.41977971923558	1043.1217774259749	NaN
0	0.10500000000000001	602.9147134782409	20.801364846248518	1443.2390023155144	900.1970232236924	1049.9983039416586	83.41978166414077	1043.121807122087	NaN
0	0.10500000000000001	603.0886562072379	20.76430884161017	1445.810999506024	900.1678320352412	1049.998333188261	83.41978359151149	1043.1218363585954	NaN
0	0.10500000000000001	603.2628667148273	20.727326082718236	1448.3870880025481	900.1387167195021	1049.9983619744025	83.41978550230135	1043.1218651385373	NaN
0	0.10500000000000001	603.4373458993142	20.690416303364536	1450.9672809937513	900.1096769451484	1049.9983903066516	83.41978739650762	1043.1218934648414	NaN
0	0.10500000000000001	603.6120946618888	20.653579238701187	1453.5515917131863	900.0807123826154	1049.9984181914922	83.41978927324263	1043.1219213405673	NaN
0	0.10500000000000001	603.7871139182473	20.616814622798387	1456.1400336111576	900.0518227021516	1049.9984456353266	83.41979113085986	1043.121948769126	NaN
0	0.10500000000000001	603.9624045754216	20.5801221935232	1458.732620012059	900.0230075776315	1049.9984726444727	83.41979296712533	1043.1219757544548	NaN
0	0.10500000000000001	604.1379675433652	20.543501690079243	1461.3293642856834	899.9942666846008	1049.9984992251673	83.4197947794204	1043.1220023011524	NaN
0	0.10500000000000001	604.3138037699545	20.506952845738788	1463.9302803649687	899.965599694567	1049.998525383572	83.41979656496233	1043.1220284145588	NaN
0	0.10500000000000001	604.489914147768	20.470475407239757	1466.5353813671113	899.9370062902128	1049.9985511257591	83.41979832102403	1043.1220541007622	NaN
0	0.10500000000000001	604.6662996307319	20.43406911053484	1469.1446813189493	899.9084861463788	1049.998576457731	83.41980004514417	1043.1220793665768	NaN
0	0.10500000000000001	604.8429611641897	20.397733695355882	1471.7581941225972	899.8800389415002	1049.9986013854107	83.41980173530708	1043.1221042194416	NaN
0	0.10500000000000001	605.0198996848416	20.361468905178697	1474.3759335545049	899.851664357589	1049.9986259146422	83.41980339008575	1043.1221286672878	NaN
0	0.10500000000000001	605.1971161441946	20.325274482394892	1476.997913612358	899.8233620764714	1049.9986500511948	83.41980500873898	1043.1221527183739	NaN
0	0.10500000000000001	605.3746114968753	20.289150170723214	1479.624148342192	899.7951317816984	1049.9986738007635	83.41980659125726	1043.1221763810966	NaN
0	0.10500000000000001	605.5523867006436	20.253095715201756	1482.2546518385823	899.7669731585601	1049.9986971689677	83.41980813835556	1043.1221996637967	NaN
0	0.10500000000000001	605.7304427164055	20.217110862180252	1484.8894382448307	899.7388858940993	1049.998720161354	83.41980965141772	1043.1222225745719	NaN
0	0.10500000000000001	605.9087805200566	20.181195356934285	1487.5285219282205	899.7108696752681	1049.9987427833973	83.41981113239633	1043.1222451211106	NaN
0	0.10500000000000001	606.0874010788737	20.145348948431483	1490.1719171306654	899.6829241926599	1049.9987650405	83.41981258367699	1043.1222673105515	NaN
0	0.10500000000000001	606.2663053870548	20.109571382190136	1492.8196384946543	899.6550491349494	1049.9987869379956	83.4198140079187	1043.1222891493883	NaN
0	0.10500000000000001	606.44549441834	20.07386240978265	1495.4717003620758	899.6272441963036	1049.9988084811453	83.41981540788085	1043.122310643412	NaN
0	0.10500000000000001	606.6249691853989	20.03822177697503	1498.1281176531552	899.5995090671394	1049.9988296751435	83.41981678625142	1043.1223317977076	NaN
0	0.10500000000000001	606.8047306804524	20.00264923557585	1500.7889049876444	899.5718434433434	1049.9988505251154	83.41981814548599	1043.1223526166846	NaN
0	0.10500000000000001	606.9847798990218	19.967144538673967	1503.4540770362773	899.5442470225462	1049.998871036117	83.41981948766978	1043.122373104158	NaN
0	0.10500000000000001	607.165117863867	19.931707435937934	1506.123648875146	899.5167195004536	1049.998891213141	83.41982081441202	1043.1223932634616	NaN
0	0.10500000000000001	607.3457455892099	19.896337680687026	1508.7976354561274	899.489260576325	1049.9989110611116	83.41982212677699	1043.12241309758	NaN
0	0.10500000000000001	607.5266640926737	19.86103502751985	1511.47605178359	899.4618699511047	1049.9989305848878	83.4198234252568	1043.1224326093013	NaN
0	0.10500000000000001	607.7078744073181	19.825799229973708	1514.158913092575	899.4345473255868	1049.998949789266	83.41982470978571	1043.1224518013698	NaN
0	0.10500000000000001	607.8893775576514	19.790630045200594	1516.8462344936725	899.4072924040205	1049.9989686789763	83.41982597979255	1043.1224706766295	NaN
0	0.10500000000000001	608.071174619866	19.75552722231169	1519.5380318648583	899.3801048850622	1049.9989872586907	83.41982723428741	1043.1224892381567	NaN
0	0.10500000000000001	608.2532666134547	19.720490523353366	1522.2343202467614	899.3529844780129	1049.9990055330138	83.41982847197353	1043.1225074893518	NaN
0	0.10500000000000001	608.4356545976243	19.685519704645603	1524.935115270166	899.3259308883486	1049.9990235064913	83.41982969137679	1043.1225254340156	NaN
0	0.10500000000000001	608.6183396230733	19.65061452609696	1527.640432442006	899.2989438249291	1049.9990411836068	83.41983089098152	1043.1225430763782	NaN
0	0.10500000000000001	608.801322756205	19.615774746557545	1530.3502875039073	899.2720229964013	1049.9990585687847	83.41983206936384	1043.122560421096	NaN
0	0.10500000000000001	608.9846050792228	19.58100012383704	1533.0646964336333	899.2451681112207	1049.9990756663915	83.41983322531175	1043.1225774732147	NaN
0	0.10500000000000001	609.16818766587	19.54629041931954	1535.7836750857994	899.2183788812224	1049.999092480734	83.41983435792461	1043.122594238094	NaN
0	0.10500000000000001	609.3520716057632	19.511645393342437	1538.5072395522377	899.1916550180626	1049.9991090160606	83.4198354666851	1043.1226107213176	NaN
0	0.10500000000000001	609.5362579800511	19.477064809794097	1541.2354058015026	899.1649962367763	1049.9991252765628	83.41983655149994	1043.1226269285792	NaN
0	0.10500000000000001	609.7207478980677	19.442548429224445	1543.9681902217387	899.1384022504772	1049.999141266377	83.4198376127074	1043.1226428655689	NaN
0	0.10500000000000001	609.9055424484745	19.408096018013396	1546.7056088970191	899.1118727774369	1049.9991569895808	83.4198386510522	1043.1226585378504	NaN
0	0.10500000000000001	610.0906427482327	19.373707339204785	1549.4476783327264	899.0854075340313	1049.999172450199	83.4198396676319	1043.1226739507597	NaN
0	0.10500000000000001	610.2760499181828	19.33938215709488	1552.1944150938596	899.0590062382867	1049.9991876522022	83.41984066381826	1043.122689109313	NaN
0	0.10500000000000001	610.4617650830636	19.30512023722505	1554.9458358052896	899.0326686098762	1049.9992025995061	83.41984164116185	1043.1227040181423	NaN
0	0.10500000000000001	610.6477893591883	19.270921348639153	1557.7019569691765	899.0063943718551	1049.9992172959724	83.41984260128724	1043.1227186814558	NaN
0	0.10500000000000001	610.8341238914638	19.236785257070107	1560.4627955134213	898.9801832454218	1049.9992317454116	83.41984354578686	1043.1227331030327	NaN
0	0.10500000000000001	611.020769841191	19.20271172723819	1563.228368610982	898.9540349516842	1049.999245951584	83.41984447612207	1043.1227472862415	NaN
0	0.10500000000000001	611.2077283489597	19.168700529625	1565.998693130065	898.9279492168477	1049.9992599181949	83.41984539353713	1043.122761234085	NaN
0	0.10500000000000001	611.3950005717697	19.13475143367287	1568.7737861841463	898.9019257669811	1049.999273648901	83.41984629899454	1043.1227749492698	NaN
0	0.10500000000000001	611.5825876831341	19.100864207802015	1571.5536651335144	898.8759643280217	1049.9992871473091	83.4198471931333	1043.1227884342914	NaN
0	0.10500000000000001	611.7704908357841	19.06703862614766	1574.3383470326146	898.8500646309199	1049.9993004169748	83.41984807625342	1043.1228016915225	NaN
0	0.10500000000000001	611.9587112239535	19.03327445732476	1577.1278495530353	898.8242264030197	1049.9993134614072	83.41984894832773	1043.1228147233128	NaN
0	0.10500000000000001	612.1472500336192	18.999571473420858	1579.9221902461413	898.7984493749349	1049.9993262840662	83.41984980903668	1043.1228275320718	NaN
0	0.10500000000000001	612.3361084549657	18.965929447736894	1582.7213867277646	898.772733278805	1049.9993388883631	83.41985065782463	1043.1228401203462	NaN
0	0.10500000000000001	612.5252876949544	18.932348152556262	1585.525456864513	898.747077846581	1049.9993512776634	83.41985149397145	1043.1228524908786	NaN
0	0.10500000000000001	612.7147889648572	18.898827361381425	1588.3344185890123	898.7214828117291	1049.999363455286	83.41985231667343	1043.1228646466434	NaN
0	0.10500000000000001	612.9046134802768	18.865366848926737	1591.1482899001992	898.6959479092216	1049.9993754245031	83.41985312512644	1043.1228765908604	NaN
0	0.10500000000000001	613.0947624611666	18.831966391111344	1593.9670888636151	898.6704728755287	1049.9993871885422	83.41985391860591	1043.1228883269841	NaN
0	0.10500000000000001	613.285237144488	18.79862576284418	1596.7908337990364	898.6450574469318	1049.9993987505857	83.41985469653596	1043.122899858675	NaN
0	0.10500000000000001	613.4760387590004	18.765344742448494	1599.6195429067716	898.6197013629006	1049.9994101137713	83.41985545854442	1043.1229111897471	NaN
0	0.10500000000000001	613.667168563236	18.73212310503102	1602.4532348306204	898.5944043610457	1049.9994212811941	83.4198562044984	1043.122922324108	NaN
0	0.10500000000000001	613.8586278075893	18.69896062911038	1605.291928095866	898.5691661821753	1049.9994322559048	83.41985693451947	1043.1229332656856	NaN
0	0.10500000000000001	614.0504177596985	18.665857092202017	1608.1356414855723	898.5439865669391	1049.9994430409126	83.41985764897782	1043.1229440183574	NaN
0	0.10500000000000001	614.2425396790638	18.63281227521131	1610.9843936642487	898.5188652591764	1049.9994536391832	83.41985834846642	1043.122954585881	NaN
0	0.10500000000000001	614.4349948552843	18.599825955849717	1613.8382037448173	898.493802000913	1049.9994640536424	83.41985903375885	1043.1229649718346	NaN
0	0.10500000000000001	614.6277845698871	18.56689791521618	1616.6970907226305	898.468796537369	1049.9994742871743	83.41985970575378	1043.1229751795718	NaN
0	0.10500000000000001	614.8209101218852	18.534027933413263	1619.561073854456	898.4438486136268	1049.9994843426214	83.41986036541202	1043.1229852121928	NaN
0	0.10500000000000001	615.0143728150546	18.50121579173628	1622.4301724698223	898.418957976293	1049.9994942227875	83.4198610136914	1043.122995072534	NaN
0	0.10500000000000001	615.2081739579577	18.468461272666193	1625.3044059713527	898.3941243734873	1049.9995039304363	83.4198616514842	1043.123004763176	NaN
0	0.10500000000000001	615.4023148639656	18.435764159862813	1628.183793835101	898.3693475548303	1049.9995134682918	83.41986227956276	1043.1230142864683	NaN
0	0.10500000000000001	615.5967968770866	18.403124233834443	1631.0683559936417	898.3446272681556	1049.9995228390408	83.41986289853712	1043.1230236445726	NaN
0	0.10500000000000001	615.7916213204703	18.37054128060799	1633.9581120723008	898.3199632660691	1049.999532045331	83.41986350882756	1043.1230328395086	NaN
0	0.10500000000000001	615.9867895480418	18.338015083060107	1636.853082154998	898.2953552993732	1049.999541089773	83.41986411065395	1043.1230418732137	NaN
0	0.10500000000000001	616.1823028928234	18.305545429557117	1639.7532860177216	898.2708031235956	1049.999549974939	83.4198647040413	1043.1230507475984	NaN
0	0.10500000000000001	616.3781627317472	18.27313210316971	1642.6587440899118	898.246306490821	1049.9995587033663	83.41986528884193	1043.123059464604	NaN
0	0.10500000000000001	616.5743704469038	18.240774888162342	1645.5694768796839	898.2218651545967	1049.9995672775558	83.41986586476975	1043.1230680262452	NaN
0	0.10500000000000001	616.7709273994855	18.208473574264772	1648.4855045872669	898.1974788731469	1049.999575699971	83.41986643144446	1043.123076434646	NaN
0	0.10500000000000001	616.9678349818824	18.176227948078193	1651.4068478778224	898.1731474028768	1049.9995839730418	83.41986698844192	1043.123084692062	NaN
0	0.10500000000000001	617.1650946048061	18.14403779524488	1654.333527690482	898.1488705000121	1049.9995920991628	83.41986753534513	1043.1230928008868	NaN
0	0.10500000000000001	617.362707658077	18.111902906848258	1657.265564656558	898.124647925424	1049.9996000806934	83.41986807179212	1043.1231007636409	NaN
0	0.10500000000000001	617.5606755761345	18.07982306873862	1660.2029800715095	898.1004794365803	1049.9996079199605	83.4198685975173	1043.123108582954	NaN
0	0.10500000000000001	617.7589997462394	18.047798076439584	1663.1457945329003	898.0763647987799	1049.9996156192549	83.41986911238136	1043.1231162615284	NaN
0	0.10500000000000001	617.9576816267585	18.015827715996767	1666.094029695495	898.0523037707284	1049.9996231808375	83.41986961639059	1043.1231238021032	NaN
0	0.10500000000000001	618.1567226684318	17.983911776763417	1669.0477071030684	898.0282961141753	1049.9996306069354	83.41987010970134	1043.1231312074065	NaN
0	0.10500000000000001	618.3561243143055	17.952050051371625	1672.00684818736	898.0043415938899	1049.9996378997423	83.41987059261169	1043.1231384801122	NaN
0	0.10500000000000001	618.5558880394242	17.920242329383772	1674.9714748571157	897.9804399728889	1049.9996450614215	83.41987106554157	1043.1231456228015	NaN
0	0.10500000000000001	618.7560153112183	17.888488403638437	1677.9416089102344	897.9565910172099	1049.9996520941042	83.41987152900231	1043.1231526379277	NaN
0	0.10500000000000001	618.956507589435	17.85678807022196	1680.9172720327117	897.9327944958842	1049.9996589998898	83.41987198355997	1043.1231595277939	NaN
0	0.10500000000000001	619.157366406029	17.825141115864017	1683.8984869843864	897.9090501714762	1049.999665780849	83.41987242979637	1043.1231662945445	NaN
0	0.10500000000000001	619.3585932321683	17.793547338963467	1686.8852756250615	897.8853578158626	1049.9996724390198	83.41987286826865	1043.123172940159	NaN
0	0.10500000000000001	619.5601895981549	17.762006530673208	1689.8776606943916	897.8617171960327	1049.9996789764132	83.41987329947396	1043.1231794664702	NaN
0	0.10500000000000001	619.7621570268459	17.730518485406588	1692.8756648237038	897.8381280819672	1049.9996853950088	83.41987372382032	1043.1231858751821	NaN
0	0.10500000000000001	619.9644970470097	17.69908299872722	1695.879310734236	897.8145902450465	1049.9996916967568	83.41987414160698	1043.1231921679002	NaN
0	0.10500000000000001	620.1672111933563	17.667699867342307	1698.88862123758	897.7911034580374	1049.99969788358	83.41987455301499	1043.1231983461655	NaN
0	0.10500000000000001	620.3703010065675	17.636368889095866	1701.9036192361264	897.7676674950807	1049.9997039573718	83.41987495810817	1043.1232044114897	NaN
0	0.10500000000000001	620.5737680603277	17.605089858818783	1704.924328124372	897.7442821285812	1049.9997099199984	83.4198753568445	1043.1232103653908	NaN
0	0.10500000000000001	620.777613934505	17.573862572500673	1707.9507713908142	897.7209471323242	1049.9997157732985	83.41987574909659	1043.1232162094213	NaN
0	0.10500000000000001	620.981840201633	17.542686829348057	1710.9829724172284	897.6976622830073	1049.9997215190826	83.41987613467818	1043.12322194519	NaN
0	0.10500000000000001	621.1864484675688	17.511562425572244	1714.020955082331	897.6744273555936	1049.9997271591355	83.4198765133745	1043.1232275743778	NaN
0	0.10500000000000001	621.391440317323	17.48048916265684	1717.0647429574935	897.6512421294839	1049.9997326952143	83.41987688497427	1043.1232330987398	NaN
0	0.10500000000000001	621.5968173966512	17.449466834980985	1720.1143605182267	897.6281063792774	1049.9997381290516	83.4198772492988	1043.1232385201024	NaN
0	0.10500000000000001	621.8025813169261	17.41849524425535	1723.1698317317214	897.6050198855436	1049.9997434623524	83.41987760622659	1043.1232438403488	NaN
0	0.10500000000000001	622.0087337095785	17.38757419126117	1726.231180865179	897.5819824286564	1049.9997486967975	83.4198779557128	1043.1232490613982	NaN
0	0.10500000000000001	622.2152762262335	17.35670347586428	1729.2984324878757	897.5589937888078	1049.9997538340413	83.41987829779872	1043.123254185181	NaN
0	0.10500000000000001	622.4222105251177	17.325882899070468	1732.3716112693253	897.5360537475414	1049.9997588757149	83.41987863261386	1043.1232592136123	NaN
0	0.10500000000000001	622.6295382848509	17.29511226098066	1735.4507421841076	897.5131620862298	1049.9997638234233	83.41987896036947	1043.1232641485647	NaN
0	0.10500000000000001	622.8372611908029	17.264391362839483	1738.5358503092684	897.4903185876022	1049.999768678749	83.4198792813445	1043.1232689918434	NaN
0	0.10500000000000001	623.0453809489385	17.233720004997068	1741.6269610299566	897.467523034227	1049.99977344325	83.41987959586557	1043.1232737451703	NaN
0	0.10500000000000001	623.2538992444513	17.20309799300756	1744.724099425031	897.4447752130426	1049.9997781184597	83.41987990428393	1043.1232784101692	NaN
0	0.10500000000000001	623.4628178109016	17.172525127456762	1747.827291293942	897.4220749077963	1049.99978270589	83.41988020695082	1043.123282988363	NaN
0	0.10500000000000001	623.6721383750138	17.142001212103366	1750.9365623368542	897.3994219050904	1049.9997872070292	83.41988050419378	1043.1232874811749	NaN
0	0.10500000000000001	623.8818626566081	17.111526053852195	1754.0519381535773	897.3768159943546	1049.9997916233422	83.41988079629573	1043.1232918899411	NaN
0	0.10500000000000001	624.0919924521886	17.08109945063521	1757.1734454852751	897.3542569588528	1049.9997959562734	83.41988108348062	1043.1232962159252	NaN
0	0.10500000000000001	624.3025294958189	17.050721211626833	1760.3011101478126	897.3317445906728	1049.9998002072434	83.41988136590355	1043.1233004603368	NaN
0	0.10500000000000001	624.5134755845967	17.020391139056468	1763.4349588956816	897.3092786772329	1049.9998043776525	83.41988164364906	1043.1233046243551	NaN
0	0.10500000000000001	624.724832509003	16.990109038310685	1766.5750183873533	897.2868590087678	1049.9998084688784	83.41988191673505	1043.12330870915	NaN
0	0.10500000000000001	624.936602066886	16.959874715904036	1769.7213153929915	897.2644853768177	1049.999812482279	83.41988218512401	1043.1233127159014	NaN
0	0.10500000000000001	625.1487860775803	16.929687977473	1772.8738770042405	897.2421575727394	1049.9998164191898	83.41988244873762	1043.1233166458148	NaN
0	0.10500000000000001	625.3613863820573	16.89954862778903	1776.032730636498	897.2198753877143	1049.9998202809275	83.41988270747567	1043.1233205001317	NaN
0	0.10500000000000001	625.5744048006719	16.869456476751512	1779.1979034011006	897.1976386171763	1049.9998240687873	83.4198829612349	1043.1233242801331	NaN
0	0.10500000000000001	625.7878432321243	16.839411325410648	1782.3694235757687	897.1754470504794	1049.9998277840455	83.41988320992789	1043.1233279871392	NaN
0	0.10500000000000001	626.0017035121467	16.80941298592943	1785.5473185048888	897.1533004856468	1049.9998314279574	83.41988345349905	1043.1233316225	NaN
0	0.10500000000000001	626.2159875267428	16.779461265607615	1788.731616282102	897.1311987175652	1049.9998350017597	83.41988369193645	1043.1233351875849	NaN
0	0.10500000000000001	626.4306971840715	16.749555970895326	1791.9223453325899	897.1091415409531	1049.9998385066697	83.41988392527868	1043.1233386837669	NaN
0	0.10500000000000001	626.6458343860519	16.71969691136155	1795.1195339911144	897.087128753288	1049.9998419438857	83.41988415361662	1043.123342112407	NaN
0	0.10500000000000001	626.8614010569038	16.6898838957186	1798.3232109261435	897.0651601518719	1049.9998453145874	83.41988437708909	1043.1233454748356	NaN
0	0.10500000000000001	627.0773991289725	16.660116733806657	1801.5334049292153	897.0432355352948	1049.9998486199368	83.4198845958746	1043.123348772339	NaN
0	0.10500000000000001	627.293830557137	16.630395234618334	1804.7501451290748	897.0213547019785	1049.9998518610762	83.41988481017836	1043.1233520061503	NaN
0	0.10500000000000001	627.510697304579	16.600719208277123	1807.9734607801988	896.9995174516318	1049.9998550391313	83.41988502021854	1043.1233551774387	NaN
0	0.10500000000000001	627.7280013572508	16.571088464067945	1811.203381477829	896.9777235838004	1049.99985815521	83.41988522621051	1043.1233582873103	NaN
0	0.10500000000000001	627.9457446951383	16.541502814369323	1814.4399367308654	896.9559729007544	1049.9998612104027	83.4198854283529	1043.1233613368097	NaN
0	0.10500000000000001	628.1639293356296	16.511962068757285	1817.6831566064839	896.9342652031503	1049.9998642057824	83.41988562681507	1043.1233643269263	NaN
0	0.10500000000000001	628.3825573047804	16.48246603794441	1820.9330713030633	896.9126002929247	1049.9998671424053	83.41988582172912	1043.1233672586072	NaN
0	0.10500000000000001	628.6016306228249	16.453014535724236	1824.1897109347933	896.8909779747163	1049.999870021311	83.41988601318545	1043.1233701327671	NaN
0	0.10500000000000001	628.8211513623783	16.42360737115385	1827.4531063968882	896.8693980501223	1049.9998728435226	83.4198862012327	1043.1233729503044	NaN
0	0.10500000000000001	629.0411215904526	16.394244356383894	1830.723288503659	896.8478603234445	1049.9998756100472	83.41988638588182	1043.1233757121129	NaN
0	0.10500000000000001	629.2615433830163	16.36492530469116	1834.000288204936	896.8263646002396	1049.9998783218757	83.41988656711455	1043.1233784190927	NaN
0	0.10500000000000001	629.482418810387	16.335650032411476	1837.2841363688951	896.8049106887305	1049.9998809799827	83.41988674489288	1043.1233810721592	NaN
0	0.10500000000000001	629.703750039981	16.306418345359457	1840.5748653097135	896.7834983898542	1049.9998835853287	83.41988691917163	1043.1233836722477	NaN
0	0.10500000000000001	629.9255391604675	16.277230062135875	1843.872506173201	896.7621275143388	1049.9998861388576	83.41988708990976	1043.123386220313	NaN
0	0.10500000000000001	630.1477883285863	16.248084994703238	1847.177091119629	896.740797868468	1049.9998886414983	83.4198872570815	1043.123388717328	NaN
0	0.10500000000000001	630.37049971057	16.218982956164343	1850.4886524528424	896.7195092597809	1049.9998910941654	83.41988742068449	1043.123391164276	NaN
0	0.10500000000000001	630.5936754821983	16.18992376075573	1853.8072226210777	896.6982614970648	1049.9998934977589	83.41988758074521	1043.1233935621417	NaN
0	0.10500000000000001	630.8173178436965	16.16090722191889	1857.1328344385008	896.6770543889429	1049.9998958531635	83.41988773732088	1043.123395911903	NaN
0	0.10500000000000001	631.0414290050426	16.131933154231337	1860.4655208667427	896.6558877452863	1049.9998981612503	83.41988789049799	1043.1233982145181	NaN
0	0.10500000000000001	631.2660111860234	16.103001373400126	1863.8053150157484	896.6347613772069	1049.9999004228757	83.41988804038753	1043.1234004709193	NaN
0	0.10500000000000001	631.4910666461659	16.074111692427586	1867.1522505888886	896.6136750942566	1049.9999026388832	83.4198881871178	1043.1234026820027	NaN
0	0.10500000000000001	631.7165976251747	16.045263929285237	1870.5063609972215	896.5926287100275	1049.9999048101022	83.41988833082524	1043.1234048486253	NaN
0	0.10500000000000001	631.942606432737	16.016457895421265	1873.8676806950532	896.5716220337644	1049.9999069373482	83.41988847164542	1043.1234069716033	NaN
0	0.10500000000000001	632.1690953438697	15.987693409164859	1877.2362436235608	896.5506548801411	1049.9999090214242	83.41988860970386	1043.1234090517132	NaN
0	0.10500000000000001	632.3960666889798	15.958970284248817	1880.6120845502107	896.529727060887	1049.9999110631193	83.41988874510878	1043.1234110896964	NaN
0	0.10500000000000001	632.6235227788305	15.93028833935729	1883.9952379528086	896.5088383917433	1049.99991306321	83.41988887794592	1043.1234130862658	NaN
0	0.10500000000000001	632.8514659799881	15.901647388596512	1887.3857391416602	896.487988685518	1049.99991502246	83.41988900827609	1043.1234150421135	NaN
0	0.10500000000000001	633.0798986546296	15.873047249120328	1890.7836233643216	896.4671777576368	1049.9999169416212	83.41988913613507	1043.1234169579193	NaN
0	0.10500000000000001	633.3088231756706	15.844487739214046	1894.1889260305975	896.4464054247435	1049.9999188214326	83.41988926153681	1043.1234188343587	NaN
0	0.10500000000000001	633.5382419420566	15.81596867639854	1897.6016829400094	896.4256715033167	1049.9999206626203	83.41988938447834	1043.1234206721106	NaN
0	0.10500000000000001	633.7681573942192	15.787489875554519	1901.021930511765	896.404975808307	1049.9999224658998	83.41988950494722	1043.1234224718598	NaN
0	0.10500000000000001	633.9985719532358	15.759051156487347	1904.4497048797243	896.3843181586324	1049.999924231974	83.41988962292773	1043.1234242343016	NaN
0	0.10500000000000001	634.2294880972629	15.730652334478364	1907.8850430294422	896.3636983703103	1049.9999259615342	83.41988973840918	1043.1234259601401	NaN
0	0.10500000000000001	634.460908300566	15.7022932278458	1911.3279818911778	896.3431162619498	1049.9999276552603	83.4198898513917	1043.1234276500854	NaN
0	0.10500000000000001	634.6928350488481	15.67397365604474	1914.7785585679285	896.3225716533681	1049.9999293138208	83.41988996189042	1043.1234293048499	NaN
0	0.10500000000000001	634.9252708547475	15.64569343778707	1918.2368105660037	896.3020643642238	1049.9999309378732	83.41989006993848	1043.1234309251417	NaN
0	0.10500000000000001	635.1582182735045	15.617452389181077	1921.7027760281806	896.2815942126707	1049.9999325280642	83.41989017558667	1043.1234325116598	NaN
0	0.10500000000000001	635.3916798568204	15.589250329364594	1925.1764930472063	896.2611610194396	1049.999934085029	83.4198902789019	1043.1234340650858	NaN
0	0.10500000000000001	635.6256581838534	15.561087076749594	1928.6580001269926	896.2407646051148	1049.9999356093936	83.41989037996323	1043.1234355860815	NaN
0	0.10500000000000001	635.8601558614306	15.532962449032663	1932.1473361857993	896.2204047901416	1049.9999371017718	83.4198904788567	1043.1234370752823	NaN
0	0.10500000000000001	636.0951755086626	15.504876265066297	1935.644540327322	896.2000813961791	1049.9999385627684	83.41989057566953	1043.1234385332975	NaN
0	0.10500000000000001	636.3307197413849	15.476828346710702	1939.1496516091768	896.1797942474361	1049.999939992977	83.41989067048442	1043.1234399607108	NaN
0	0.10500000000000001	636.5667912504425	15.448818509531458	1942.6627102078482	896.1595431639408	1049.9999413929818	83.41989076337511	1043.123441358081	NaN
0	0.10500000000000001	636.8033927081016	15.420846573980018	1946.1837560260572	896.1393279696265	1049.999942763357	83.41989085440215	1043.1234427259471	NaN
0	0.10500000000000001	637.0405268150674	15.392912359801182	1949.712829392437	896.1191484882826	1049.9999441046668	83.41989094361097	1043.1234440648327	NaN
0	0.10500000000000001	637.278196284931	15.36501568789172	1953.2499708300845	896.0990045448953	1049.9999454174658	83.41989103103225	1043.1234453752513	NaN
0	0.10500000000000001	637.5164038916846	15.337156374756232	1956.7952217637517	896.0788959616434	1049.9999467023001	83.4198911166833	1043.1234466577112	NaN
0	0.10500000000000001	637.7551523909972	15.309334241767415	1960.3486233482363	896.0588225645823	1049.999947959705	83.4198912005709	1043.1234479127197	NaN
0	0.10500000000000001	637.9944445835453	15.281549107762581	1963.9102174109457	896.0387841782963	1049.9999491902074	83.4198912826957	1043.1234491407865	NaN
0	0.10500000000000001	638.2342832835478	15.253800792747198	1967.4800459836147	896.0187806285703	1049.9999503943254	83.41989136305644	1043.123450342425	NaN
0	0.10500000000000001	638.4746713028954	15.226089119724508	1971.058151066079	895.9988117437044	1049.999951572568	83.41989144165501	1043.1234515181518	NaN
0	0.10500000000000001	638.7156115150648	15.198413907337844	1974.64457557763	895.9788773492103	1049.9999527254354	83.41989151849954	1043.1234526684852	NaN
0	0.10500000000000001	638.9571068075564	15.170774975407019	1978.2393626491234	895.958977271801	1049.999953853419	83.41989159360759	1043.1234537939422	NaN
0	0.10500000000000001	639.1991600980534	15.14317214309282	1981.8425558635151	895.9391113380678	1049.999954957002	83.41989166700715	1043.123454895036	NaN
0	0.10500000000000001	639.4417743185563	15.115605230733227	1985.4541990197279	895.9192793758014	1049.9999560366591	83.41989173873668	1043.1234559722695	NaN
0	0.10500000000000001	639.6849523993338	15.088074061661157	1989.0743358937239	895.8994812152943	1049.999957092857	83.4198918088435	1043.1234570261352	NaN
0	0.10500000000000001	639.9286973335858	15.060578454894376	1992.7030112011462	895.8797166840836	1049.999958126054	83.41989187738136	1043.1234580571088	NaN
0	0.10500000000000001	640.173012129337	15.033118230635758	1996.3402698812174	895.8599856109065	1049.9999591367002	83.41989194440687	1043.1234590656495	NaN
0	0.10500000000000001	640.4178998095342	15.005693210266736	1999.9861570981907	895.8402878256921	1049.9999601252387	83.41989200997587	1043.1234600521993	NaN
0	0.10500000000000001	640.6633634284381	14.978303214525887	2003.6407184854118	895.8206231582509	1049.999961092104	83.4198920741402	1043.1234610171825	NaN
0	0.10500000000000001	640.9094060882092	14.950948061705644	2007.304000392299	895.8009914369801	1049.9999620377234	83.41989213694497	1043.123461961009	NaN
0	0.10500000000000001	641.15603087383	14.92362757491873	2010.976048915446	895.781392494077	1049.9999629625163	83.41989219842691	1043.1234628840762	NaN
0	0.10500000000000001	641.4032409349518	14.89634157301979	2014.6569111172373	895.7618261590217	1049.9999638668958	83.41989225861319	1043.1234637867722	NaN
0	0.10500000000000001	641.6510394371153	14.869089876063397	2018.346634299622	895.7422922624922	1049.9999647512661	83.41989231752264	1043.1234646694795	NaN
0	0.10500000000000001	641.8994295618567	14.841872305297482	2022.045266005699	895.7227906363571	1049.9999656160255	83.4198923751671	1043.1234655325775	NaN
0	0.10500000000000001	642.1484145233437	14.814688681355475	2025.7528542674447	895.7033211123763	1049.9999664615646	83.41989243155352	1043.1234663764446	NaN
0	0.10500000000000001	642.3979975686422	14.787538824265358	2029.4694476097222	895.6838835222079	1049.999967288268	83.41989248668725	1043.1234672014598	NaN
0	0.10500000000000001	642.6481819613764	14.76042255525546	2033.1950948069946	895.6644776986991	1049.9999680965118	83.41989254057384	1043.1234680080029	NaN
0	0.10500000000000001	642.8989709818409	14.733339696747946	2036.9298448849906	895.6451034758786	1049.999968886667	83.41989259322277	1043.1234687964532	NaN
0	0.10500000000000001	643.1503679604921	14.706290068767393	2040.6737476194878	895.625760686386	1049.9999696590967	83.41989264464857	1043.1234695671892	NaN
0	0.10500000000000001	643.4023762449256	14.679273492545523	2044.426853044583	895.6064491640501	1049.999970414159	83.41989269487223	1043.123470320584	NaN
0	0.10500000000000001	643.6549992335358	14.652289786938427	2048.1892119539943	895.5871687413266	1049.9999711522037	83.41989274392026	1043.1234710570054	NaN
0	0.10500000000000001	643.9082403087118	14.625338775594376	2051.960874906175	895.567919254419	1049.999971873576	83.41989279182518	1043.1234717768116	NaN
0	0.10500000000000001	644.1621029377511	14.598420276213897	2055.741893727272	895.5487005356043	1049.9999725786138	83.41989283862254	1043.1234724803512	NaN
0	0.10500000000000001	644.416590589166	14.571534109512315	2059.5323202646873	895.5295124196344	1049.9999732676497	83.41989288434978	1043.1234731679608	NaN
0	0.10500000000000001	644.6717067665165	14.54468009563887	2063.332206890992	895.5103547411774	1049.9999739410098	83.41989292904344	1043.123473839966	NaN
0	0.10500000000000001	644.9274549747441	14.51785805774016	2067.1416060024953	895.4912273373569	1049.9999745990137	83.41989297273781	1043.1234744966803	NaN
0	0.10500000000000001	645.1838387882171	14.49106781483714	2070.9605710327983	895.4721300426697	1049.9999752419767	83.41989301546282	1043.123475138407	NaN
0	0.10500000000000001	645.4408618001742	14.464309187183275	2074.78915569981	895.4530626928074	1049.9999758702068	83.41989305724267	1043.1234757654415	NaN
0	0.10500000000000001	645.6985276399632	14.437581994486708	2078.6274142625493	895.4340251233866	1049.9999764840077	83.41989309809634	1043.1234763780726	NaN
0	0.10500000000000001	645.9568399561963	14.410886057687723	2082.4754012702383	895.4150171712139	1049.9999770836764	83.41989313803728	1043.1234769765856	NaN
0	0.10500000000000001	646.2158024512705	14.384221195417867	2086.3331720765964	895.396038671762	1049.9999776695051	83.41989317707562	1043.123477561263	NaN
0	0.10500000000000001	646.4754188473792	14.357587227553054	2090.2007823335352	895.3770894616996	1049.9999782417806	83.41989321521908	1043.123478132386	NaN
0	0.10500000000000001	646.7356929039317	14.330983973443862	2094.0782882507024	895.3581693776296	1049.9999788007842	83.41989325247489	1043.1234786902348	NaN
0	0.10500000000000001	646.996628417871	14.304411251923549	2097.9657466002454	895.3392782560938	1049.9999793467923	83.41989328885136	1043.123479235089	NaN
0	0.10500000000000001	647.2582291718855	14.277868886593248	2101.8632139452816	895.3204159373284	1049.999979880076	83.41989332435918	1043.1234797672264	NaN
0	0.10500000000000001	647.5204990386828	14.251356695243945	2105.7707481934162	895.301582257742	1049.9999804009012	83.4198933590126	1043.1234802869221	NaN
0	0.10500000000000001	647.783441912015	14.224874496928274	2109.688407569198	895.2827770549444	1049.9999809095293	83.41989339282947	1043.1234807944468	NaN
0	0.10500000000000001	648.0470617068295	14.198422111953843	2113.616250616379	895.2640001677381	1049.9999814062164	83.4198934258311	1043.1234812900652	NaN
0	0.10500000000000001	648.3113624120692	14.171999356623106	2117.5543369846528	895.2452514323841	1049.999981891214	83.41989345804122	1043.1234817740358	NaN
0	0.10500000000000001	648.5763480033991	14.145606052015928	2121.5027261293294	895.2265306888339	1049.999982364769	83.41989348948486	1043.123482246608	NaN
0	0.10500000000000001	648.8420225312013	14.119242015217852	2125.4614786225025	895.2078377745039	1049.9999828271234	83.41989352018689	1043.1234827080248	NaN
0	0.10500000000000001	649.1083900682258	14.092907064592346	2129.430655373071	895.1891725280152	1049.999983278515	83.41989355017076	1043.12348315852	NaN
0	0.10500000000000001	649.3754547097535	14.066601019774188	2133.410317629185	895.1705347891861	1049.9999837191763	83.41989357945741	1043.1234835983207	NaN
0	0.10500000000000001	649.6432206271006	14.040323696438046	2137.400527775575	895.151924395324	1049.9999841493368	83.41989360806468	1043.1234840276484	NaN
0	0.10500000000000001	649.9116919792127	14.014074915032666	2141.401348016201	895.1333411874117	1049.9999845692203	83.419893636007	1043.1234844467187	NaN
0	0.10500000000000001	650.1808729839559	13.987854493794824	2145.4128414366296	895.1147850051567	1049.999984979047	83.41989366329564	1043.1234848557451	NaN
0	0.10500000000000001	650.4507679186664	13.961662248770681	2149.4350720123066	895.0962556870079	1049.9999853790328	83.41989368993957	1043.1234852549373	NaN
0	0.10500000000000001	650.7213811027384	13.93549799557113	2153.4681043491155	895.0777530713974	1049.9999857693897	83.41989371594644	1043.123485644504	NaN
0	0.10500000000000001	650.9927168619591	13.909361552843636	2157.512003151892	895.0592769991944	1049.9999861503254	83.41989374132312	1043.1234860246523	NaN
0	0.10500000000000001	651.264779582697	13.883252737060232	2161.5668340320194	895.0408273100168	1049.999986522044	83.41989376607762	1043.123486395589	NaN
0	0.10500000000000001	651.5375736762423	13.857171365995866	2165.632662976033	895.0224038446903	1049.999986884745	83.41989379021939	1043.1234867575174	NaN
0	0.10500000000000001	651.8111036153228	13.831117255267987	2169.7095568898744	895.0040064428017	1049.9999872386247	83.41989381376004	1043.1234871106387	NaN
0	0.10500000000000001	652.0853739164722	13.805090220082336	2173.797583336179	894.985634943933	1049.999987583875	83.41989383671336	1043.1234874551503	NaN
0	0.10500000000000001	652.360389122159	13.77909007696327	2177.8968102679296	894.9672891888807	1049.9999879206848	83.41989385909451	1043.1234877912455	NaN
0	0.10500000000000001	652.6361538376082	13.753116640303874	2182.007306577347	894.9489690172214	1049.9999882492386	83.4198938809203	1043.1234881191124	NaN
0	0.10500000000000001	652.9126726946756	13.727169725826087	2186.1291415574447	894.9306742697512	1049.999988569718	83.41989390220792	1043.1234884389341	NaN
0	0.10500000000000001	653.1899503704642	13.701249148855874	2190.2623851795556	894.9124047872675	1049.9999888823006	83.41989392297427	1043.1234887508867	NaN
0	0.10500000000000001	653.4679915877322	13.675354724330026	2194.4071080994677	894.8941604105738	1049.9999891871607	83.41989394323485	1043.1234890551418	NaN
0	0.10500000000000001	653.7468011338215	13.649486265088168	2198.56338193964	894.8759409792752	1049.999989484469	83.41989396300326	1043.1234893518665	NaN
0	0.10500000000000001	654.0263838055798	13.623643587031737	2202.731278468185	894.8577463354115	1049.9999897743935	83.41989398229127	1043.123489641223	NaN
0	0.10500000000000001	654.306744483847	13.597826502258737	2206.910870709308	894.8395763186212	1049.9999900570979	83.41989400110836	1043.1234899233712	NaN
0	0.10500000000000001	654.5878880596123	13.572034825935367	2211.1022318425275	894.8214307709783	1049.9999903327434	83.41989401946255	1043.123490198468	NaN
0	0.10500000000000001	654.8698195276482	13.546268367736191	2215.305436598636	894.8033095309688	1049.9999906014875	83.41989403736042	1043.1234904666694	NaN
0	0.10500000000000001	655.1525438749196	13.520526942127994	2219.520559596105	894.7852124407239	1049.9999908634854	83.41989405480857	1043.123490728129	NaN
0	0.10500000000000001	655.436066136882	13.49481036322278	2223.747676180428	894.7671393423974	1049.9999911188881	83.41989407181374	1043.1234909829993	NaN
0	0.10500000000000001	655.7203914356946	13.469118441378033	2227.9868629939037	894.7490900757762	1049.9999913678446	83.41989408838333	1043.1234912314308	NaN
0	0.10500000000000001	656.0055249432273	13.443450986631905	2232.238197424181	894.7310644806957	1049.9999916105003	83.4198941045259	1043.123491473572	NaN
0	0.10500000000000001	656.2914718435379	13.417807812109121	2236.5017570448235	894.7130623994303	1049.999991846998	83.41989412025137	1043.1234917095687	NaN
0	0.10500000000000001	656.5782374090863	13.392188727208241	2240.77762075171	894.6950836719077	1049.9999920774776	83.41989413557053	1043.1234919395633	NaN
0	0.10500000000000001	656.865826925237	13.366593544420395	2245.0658676373864	894.6771281404951	1049.9999923020762	83.41989415049513	1043.1234921636944	NaN
0	0.10500000000000001	657.1542457669191	13.3410220725291	2249.3665781341715	894.6591956452268	1049.9999925209277	83.41989416503684	1043.1234923820973	NaN
0	0.10500000000000001	657.4434993419136	13.31547412172266	2253.6798331685754	894.6412860273899	1049.9999927341637	83.41989417920725	1043.1234925949025	NaN
0	0.10500000000000001	657.7335931489224	13.289949498511152	2258.005715027248	894.6233991259605	1049.9999929419132	83.4198941930173	1043.1234928022377	NaN
0	0.10500000000000001	658.0245326818886	13.264448014210448	2262.3443059302717	894.6055347835495	1049.9999931443026	83.4198942064766	1043.123493004226	NaN
0	0.10500000000000001	658.316323526724	13.238969476465012	2266.6956894736004	894.5876928404596	1049.9999933414554	83.41989421959346	1043.1234932009886	NaN
0	0.10500000000000001	658.6089713039532	13.21351369434155	2271.059949773805	894.5698731382533	1049.9999935334924	83.41989423237479	1043.123493392644	NaN
0	0.10500000000000001	658.9024817274828	13.188080473264051	2275.4371723445493	894.5520755162072	1049.9999937205328	83.41989424482693	1043.1234935793084	NaN
0	0.10500000000000001	659.1968605273652	13.162669621782825	2279.8274429448243	894.5342998160486	1049.9999939026927	83.41989425695533	1043.1234937610975	NaN
0	0.10500000000000001	659.4921135283079	13.13728094482275	2284.230848749825	894.5165458772309	1049.9999940800858	83.41989426876529	1043.1234939381252	NaN
0	0.10500000000000001	659.7882466113293	13.11191424707698	2288.6474777791877	894.4988135393077	1049.9999942528236	83.41989428026277	1043.123494110503	NaN
0	0.10500000000000001	660.0852657142989	13.086569333012443	2293.0774189050903	894.4811026419364	1049.9999944210158	83.41989429145376	1043.123494278342	NaN
0	0.10500000000000001	660.3831768324824	13.061246006875335	2297.520761860448	894.4634130248814	1049.9999945847687	83.4198943023449	1043.1234944417502	NaN
0	0.10500000000000001	660.6819859992463	13.035944074374019	2301.9775969511516	894.4457445291877	1049.999994744187	83.41989431294392	1043.1234946008342	NaN
0	0.10500000000000001	660.9816993062855	13.0106633409963	2306.4480153578	894.4280969960034	1049.9999948993736	83.41989432325899	1043.1234947556977	NaN
0	0.10500000000000001	661.2823229640962	12.985403606990696	2310.932110037792	894.4104702630784	1049.9999950504287	83.41989433329839	1043.1234949064424	NaN
0	0.10500000000000001	661.583863203125	12.96016467577453	2315.4299742509415	894.3928641706328	1049.99999519745	83.41989434307048	1043.1234950531655	NaN
0	0.10500000000000001	661.8863263542312	12.934946347227234	2319.9417027597337	894.3752785566766	1049.9999953405347	83.41989435258309	1043.1234951959623	NaN
0	0.10500000000000001	662.1897187691518	12.90974842440201	2324.467390642993	894.3577132616896	1049.9999954797765	83.41989436184294	1043.1234953349256	NaN
0	0.10500000000000001	662.4940469014698	12.884570706829907	2329.007134503718	894.3401681239525	1049.9999956152676	83.41989437085628	1043.123495470146	NaN
0	0.10500000000000001	662.7993172468786	12.859412995552685	2333.56103157808	894.3226429830543	1049.9999957470982	83.41989437962883	1043.1234956017126	NaN
0	0.10500000000000001	663.105536404572	12.8342750881159	2338.12918065127	894.3051376764039	1049.9999958753567	83.4198943881655	1043.1234957297122	NaN
0	0.10500000000000001	663.4127109967462	12.809156785259159	2342.711680856709	894.2876520438894	1049.9999960001292	83.41989439647068	1043.1234958542307	NaN
0	0.10500000000000001	663.7208477710731	12.784057882576821	2347.308633204817	894.2701859220706	1049.9999961215003	83.41989440454901	1043.1234959753524	NaN
0	0.10500000000000001	664.0299535199674	12.758978177209489	2351.920139378707	894.2527391488389	1049.9999962395532	83.41989441240524	1043.1234960931606	NaN
0	0.10500000000000001	664.3400350809769	12.733917467837232	2356.546301740031	894.2353115634089	1049.9999963543682	83.41989442004409	1043.1234962077365	NaN
0	0.10500000000000001	664.6510993991747	12.7088755496916	2361.1872242598806	894.2179030028492	1049.9999964660249	83.41989442747065	1043.1234963191605	NaN
0	0.10500000000000001	664.9631534868835	12.683852217901851	2365.8430119179948	894.2005133044097	1049.999996574601	83.41989443469045	1043.1234964275104	NaN
0	0.10500000000000001	665.2762044243507	12.658847267499636	2370.5137707128874	894.1831423055249	1049.9999966801722	83.41989444170922	1043.123496532863	NaN
0	0.10500000000000001	665.5902593812972	12.633860491766837	2375.1996079834294	894.1657898426652	1049.9999967828128	83.41989444853262	1043.1234966352931	NaN
0	0.10500000000000001	665.9053255969452	12.608891683907231	2379.9006321109428	894.1484557524975	1049.9999968825953	83.41989445516636	1043.1234967348726	NaN
0	0.10500000000000001	666.2214103807221	12.583940637051043	2384.616952529754	894.131139871889	1049.9999969795908	83.41989446161593	1043.1234968316721	NaN
0	0.10500000000000001	666.5385211551114	12.559007140952795	2389.348680366662	894.1138420356141	1049.9999970738688	83.4198944678862	1043.1234969257603	NaN
0	0.10500000000000001	666.8566653723706	12.534090988627035	2394.095927198339	894.0965620809598	1049.9999971654968	83.41989447398181	1043.1234970172038	NaN
0	0.10500000000000001	667.175850599544	12.509191969726174	2398.8588063199054	894.0792998431293	1049.9999972545413	83.41989447990667	1043.1234971060687	NaN
0	0.10500000000000001	667.4960844984836	12.484309872217016	2403.6374324469116	894.0620551564081	1049.9999973410675	83.41989448566473	1043.1234971924193	NaN
0	0.10500000000000001	667.817374784188	12.459444485693961	2408.431921093742	894.044827856458	1049.9999974251386	83.4198944912596	1043.1234972763189	NaN
0	0.10500000000000001	668.1397292895447	12.434595596428865	2413.242389539792	894.0276177768883	1049.999997506817	83.41989449669484	1043.1234973578291	NaN
0	0.10500000000000001	668.4631559236933	12.40976299069067	2418.068956208245	894.0104247515553	1049.9999975861633	83.41989450197408	1043.123497437011	NaN
0	0.10500000000000001	668.7876626943788	12.38494645310385	2422.9117409997207	893.993248613426	1049.9999976632366	83.41989450710082	1043.1234975139248	NaN
0	0.10500000000000001	669.1132576657706	12.360145769952815	2427.77086466287	893.9760891968643	1049.9999977380953	83.4198945120795	1043.1234975886284	NaN
0	0.10500000000000001	669.4399490458181	12.335360722600603	2432.64645009813	893.9589463330772	1049.9999978107955	83.41989451691389	1043.1234976611788	NaN
0	0.10500000000000001	669.7677451008262	12.31059109409571	2437.5386210829515	893.9418198546867	1049.9999978813935	83.41989452160817	1043.123497731632	NaN
0	0.10500000000000001	670.0966541778546	12.285836667523823	2442.447502606157	893.9247095945882	1049.999997949943	83.41989452616635	1043.1234978000414	NaN
0	0.10500000000000001	670.4266847274988	12.26109722437119	2447.3732212080067	893.9076153848177	1049.999998016497	83.41989453059232	1043.1234978664602	NaN
0	0.10500000000000001	670.7578453050506	12.236372544539181	2452.315904997622	893.8905370565639	1049.9999980811072	83.41989453488945	1043.1234979309393	NaN
0	0.10500000000000001	671.0901445275091	12.211662409636348	2457.2756830114445	893.873474442441	1049.999998143824	83.41989453906132	1043.123497993529	NaN
0	0.10500000000000001	671.4235911849606	12.186966594782621	2462.252686875745	893.8564273708298	1049.9999982046972	83.41989454311111	1043.1234980542788	NaN
0	0.10500000000000001	671.7581941537621	12.162284875202399	2467.247049510955	893.8393956704324	1049.9999982637748	83.41989454704182	1043.1234981132359	NaN
0	0.10500000000000001	672.0939623751483	12.137617027864398	2472.2589048124223	893.8223791714024	1049.999998321104	83.41989455085618	1043.1234981704479	NaN
0	0.10500000000000001	672.4309049006381	12.112962828204841	2477.288388328231	893.8053777030826	1049.999998376731	83.41989455455708	1043.123498225961	NaN
0	0.10500000000000001	672.7690309157653	12.088322048507163	2482.335637613532	893.7883910928894	1049.9999984307	83.41989455814758	1043.1234982798196	NaN
0	0.10500000000000001	673.1083496740176	12.063694462826378	2487.400791244569	893.7714191697072	1049.999998483056	83.41989456163058	1043.1234983320676	NaN
0	0.10500000000000001	673.4488705427589	12.03907984371748	2492.483989504223	893.7544617616329	1049.9999985338413	83.4198945650086	1043.1234983827485	NaN
0	0.10500000000000001	673.7906030045389	12.014477962249241	2497.5853744016827	893.7375186959865	1049.999998583098	83.41989456828479	1043.123498431904	NaN
0	0.10500000000000001	674.133556681217	11.989888586386863	2502.7050900326835	893.7205897981975	1049.9999986308674	83.41989457146175	1043.1234984795753	NaN
0	0.10500000000000001	674.4777412670112	11.965311485905977	2507.8432815801507	893.7036748951896	1049.999998677189	83.41989457454243	1043.123498525802	NaN
0	0.10500000000000001	674.8231665980867	11.940746427498187	2513.0000963531356	893.6867738120102	1049.999998722102	83.41989457752942	1043.1234985706235	NaN
0	0.10500000000000001	675.1698426312321	11.9161931764229	2518.175683468613	893.6698863729694	1049.9999987656445	83.41989458042562	1043.123498614077	NaN
0	0.10500000000000001	675.5177794683962	11.891651494892658	2523.370194217916	893.6530124005303	1049.9999988078537	83.41989458323322	1043.1234986562004	NaN
0	0.10500000000000001	675.8669872888233	11.867121146977517	2528.583781053671	893.6361517186824	1049.9999988487662	83.41989458595471	1043.123498697029	NaN
0	0.10500000000000001	676.2174763731231	11.842601896972361	2533.816597949211	893.6193041518162	1049.9999988884167	83.4198945885922	1043.1234987365988	NaN
0	0.10500000000000001	676.5692571511627	11.818093506148974	2539.0688011137095	893.6024695224917	1049.9999989268401	83.41989459114818	1043.1234987749438	NaN
0	0.10500000000000001	676.9223402039011	11.793595732778579	2544.340549019724	893.5856476514564	1049.9999989640705	83.41989459362479	1043.1234988120982	NaN
0	0.10500000000000001	677.276736218138	11.76910833540297	2549.632001727693	893.5688383598932	1049.9999990001406	83.4198945960243	1043.1234988480946	NaN
0	0.10500000000000001	677.6324560349942	11.744631069590376	2554.943321609899	893.5520414671923	1049.9999990350825	83.41989459834878	1043.123498882965	NaN
0	0.10500000000000001	677.9895106043565	11.720163691203759	2560.2746726704113	893.5352567931964	1049.9999990689273	83.4198946006003	1043.1234989167406	NaN
0	0.10500000000000001	678.3479109861061	11.69570595640412	2565.626220563518	893.5184841582007	1049.9999991017062	83.41989460278081	1043.1234989494521	NaN
0	0.10500000000000001	678.7076684709439	11.671257613544467	2570.998134397998	893.5017233773963	1049.9999991334487	83.41989460489212	1043.1234989811292	NaN
0	0.10500000000000001	679.0687943914189	11.64681841618941	2576.3905839155645	893.4849742697985	1049.999999164184	83.41989460693623	1043.1234990118014	NaN
0	0.10500000000000001	679.4313002426233	11.622388114987373	2581.8037412931585	893.4682366526736	1049.99999919394	83.41989460891529	1043.1234990414969	NaN
0	0.10500000000000001	679.7951976842395	11.597966457692099	2587.2377811736924	893.4515103415547	1049.9999992227454	83.41989461083118	1043.123499070243	NaN
0	0.10500000000000001	680.1604985183366	11.573553190803576	2592.6928803346173	893.4347951513685	1049.9999992506262	83.41989461268552	1043.1234990980672	NaN
0	0.10500000000000001	680.5272146667262	11.5491480611994	2598.169217349908	893.4180908975511	1049.9999992776093	83.41989461448034	1043.1234991249955	NaN
0	0.10500000000000001	680.8953582457743	11.524750811282134	2603.6669737073817	893.401397392728	1049.99999930372	83.41989461621739	1043.1234991510532	NaN
0	0.10500000000000001	681.2649414952396	11.500361183863538	2609.1863327461515	893.3847144500575	1049.9999993289834	83.41989461789841	1043.1234991762653	NaN
0	0.10500000000000001	681.6359768537164	11.475978917314698	2614.727480783432	893.368041879914	1049.9999993534243	83.41989461952458	1043.1234992006557	NaN
0	0.10500000000000001	682.0084768621953	11.451603752064354	2620.290605674438	893.3513794943339	1049.9999993770664	83.41989462109726	1043.123499224249	NaN
0	0.10500000000000001	682.3824542397564	11.427235425743019	2625.8758979429354	893.3347271036936	1049.9999993999327	83.41989462261805	1043.1234992470677	NaN
0	0.10500000000000001	682.7579218609062	11.402873674819851	2631.4835504429216	893.3180845178307	1049.9999994220457	83.41989462408843	1043.1234992691354	NaN
0	0.10500000000000001	683.1348927825816	11.378518232998443	2637.113758762086	893.3014515449487	1049.9999994434274	83.41989462551018	1043.1234992904733	NaN
0	0.10500000000000001	683.5133802465227	11.354168831237027	2642.7667212574274	893.2848279916329	1049.9999994640993	83.41989462688485	1043.1234993111034	NaN
0	0.10500000000000001	683.8933976564174	11.329825199383775	2648.4426387140434	893.2682136639683	1049.9999994840823	83.41989462821412	1043.123499331046	NaN
0	0.10500000000000001	684.2749585545682	11.30548706780328	2654.1417139967825	893.2516083686498	1049.9999995033968	83.41989462949914	1043.1234993503217	NaN
0	0.10500000000000001	684.6580766745042	11.281154164150623	2659.864152836171	893.2350119107812	1049.999999522063	83.41989463074134	1043.1234993689498	NaN
0	0.10500000000000001	685.0427659434981	11.256826213391163	2665.6101638662126	893.2184240938894	1049.9999995400997	83.41989463194149	1043.123499386949	NaN
0	0.10500000000000001	685.4290405108167	11.232502936206163	2671.3799590465264	893.2018447188418	1049.9999995575258	83.41989463310071	1043.123499404339	NaN
0	0.10500000000000001	685.8169146475732	11.20818405547536	2677.173752166641	893.1852735882651	1049.99999957436	83.41989463422016	1043.1234994211384	NaN
0	0.10500000000000001	686.2064028516982	11.18386928981815	2682.99176041408	893.1687105021439	1049.9999995906194	83.41989463530142	1043.123499437365	NaN
0	0.10500000000000001	686.5975197730221	11.159558358460776	2688.834203255475	893.1521552611385	1049.9999996063218	83.41989463634583	1043.1234994530355	NaN
0	0.10500000000000001	686.9902803196136	11.135250974787398	2694.701304025187	893.1356076621936	1049.9999996214842	83.41989463735449	1043.1234994681668	NaN
0	0.10500000000000001	687.3846995565048	11.110946852826425	2700.5932884126773	893.1190675029571	1049.999999636123	83.41989463832834	1043.1234994827757	NaN
0	0.10500000000000001	687.7807927339669	11.086645705641196	2706.5103848850304	893.1025345806848	1049.999999650254	83.4198946392683	1043.123499496878	NaN
0	0.10500000000000001	688.1785753692903	11.062347240503508	2712.4528259088274	893.0860086889579	1049.9999996638933	83.41989464017556	1043.1234995104892	NaN
0	0.10500000000000001	688.5780631177471	11.03805116698992	2718.420846022679	893.0694896231922	1049.999999677056	83.41989464105106	1043.1234995236246	NaN
0	0.10500000000000001	688.9792719076058	11.013757188916058	2724.414683854386	893.0529771751542	1049.9999996897564	83.41989464189564	1043.1234995362988	NaN
0	0.10500000000000001	689.3822178636531	10.989465009207029	2730.434580978627	893.0364711362741	1049.999999702009	83.41989464271047	1043.1234995485268	NaN
0	0.10500000000000001	689.7869173097869	10.965174329908484	2736.4807819558787	893.0199712976553	1049.9999997138282	83.4198946434966	1043.123499560322	NaN
0	0.10500000000000001	690.1933867986905	10.940884850585565	2742.5535347759146	893.0034774489857	1049.999999725227	83.41989464425512	1043.1234995716977	NaN
0	0.10500000000000001	690.6016431421443	10.916596266729313	2748.65309131089	892.9869893774594	1049.999999736219	83.4198946449865	1043.1234995826671	NaN
0	0.10500000000000001	691.0117033874399	10.892308271394274	2754.7797069631947	892.9705068688905	1049.9999997468167	83.41989464569154	1043.1234995932432	NaN
0	0.10500000000000001	691.4235848206526	10.868020555216715	2760.9336407145615	892.9540297077277	1049.999999757033	83.41989464637115	1043.1234996034386	NaN
0	0.10500000000000001	691.8373049149279	10.843732809656892	2767.1151543535893	892.9375576792546	1049.9999997668797	83.4198946470263	1043.1234996132655	NaN
0	0.10500000000000001	692.2528814711054	10.819444718942275	2773.3245145770697	892.9210905641268	1049.999999776369	83.41989464765776	1043.123499622735	NaN
0	0.10500000000000001	692.6703324837973	10.7951559681677	2779.561990989243	892.9046281438675	1049.9999997855125	83.41989464826587	1043.1234996318594	NaN
0	0.10500000000000001	693.0896761996858	10.77086624007475	2785.8278569730523	892.8881701986846	1049.999999794321	83.4198946488514	1043.1234996406497	NaN
0	0.10500000000000001	693.5109311210841	10.746575215069706	2792.1223897435693	892.8717165074848	1049.9999998028054	83.41989464941547	1043.1234996491166	NaN
0	0.10500000000000001	693.9341160095589	10.72228257124146	2798.4458704023505	892.8552668478865	1049.9999998109765	83.41989464995872	1043.123499657271	NaN
0	0.10500000000000001	694.3592499744727	10.697987979541129	2804.7985852607544	892.83882099296	1049.9999998188441	83.41989465048174	1043.1234996651228	NaN
0	0.10500000000000001	694.7863523078117	10.67369111349726	2811.1808233720717	892.8223787178069	1049.9999998264184	83.41989465098561	1043.1234996726823	NaN
0	0.10500000000000001	695.215442600633	10.64939164276121	2817.5928782717824	892.8059397951922	1049.9999998337091	83.41989465147098	1043.1234996799583	NaN
0	0.10500000000000001	695.6465407474864	10.625089233131424	2824.035048043905	892.7895039955628	1049.9999998407254	83.41989465193802	1043.1234996869605	NaN
0	0.10500000000000001	696.079666950919	10.60078354657755	2830.5076353885856	892.7730710870669	1049.9999998474766	83.41989465238765	1043.1234996936978	NaN
0	0.10500000000000001	696.514841610236	10.576474247719752	2837.010945959998	892.7566408399375	1049.9999998539718	83.41989465281988	1043.1234997001793	NaN
0	0.10500000000000001	696.9520855858204	10.552160989300088	2843.5452923166035	892.7402130166727	1049.9999998602193	83.41989465323545	1043.1234997064134	NaN
0	0.10500000000000001	697.391419885069	10.52784342999663	2850.110989228004	892.7237873840786	1049.9999998662272	83.41989465363478	1043.123499712409	NaN
0	0.10500000000000001	697.8328658988764	10.503521221491631	2856.7083572092797	892.7073637045316	1049.999999872004	83.41989465401875	1043.123499718174	NaN
0	0.10500000000000001	698.2764453191182	10.479194013352998	2863.3377212881073	892.6909417392801	1049.9999998775575	83.4198946543879	1043.1234997237161	NaN
0	0.10500000000000001	698.7221801727477	10.454861451436209	2869.999411514619	892.6745212473675	1049.9999998828953	83.4198946547429	1043.123499729043	NaN
0	0.10500000000000001	699.1700927970825	10.430523179523844	2876.6937625923383	892.6581019867413	1049.9999998880248	83.41989465508402	1043.1234997341624	NaN
0	0.10500000000000001	699.6202059043209	10.406178836110236	2883.4211148427166	892.641683712087	1049.999999892953	83.41989465541195	1043.1234997390807	NaN
0	0.10500000000000001	700.0725425573137	10.38182805604753	2890.181813843343	892.6252661759418	1049.999999897687	83.4198946557271	1043.1234997438053	NaN
0	0.10500000000000001	700.5271261144449	10.357470473803568	2896.976209604425	892.6088491308939	1049.9999999022339	83.41989465602983	1043.1234997483427	NaN
0	0.10500000000000001	700.9839802947271	10.33310572023809	2903.804657541995	892.5924323274104	1049.9999999066001	83.41989465632035	1043.1234997526994	NaN
0	0.10500000000000001	701.4431292445053	10.30873341938918	2910.6675194752456	892.5760155116759	1049.9999999107918	83.41989465659886	1043.123499756882	NaN
0	0.10500000000000001	701.9045973908037	10.28435319660216	2917.565161434866	892.5595984310728	1049.999999914815	83.41989465686602	1043.1234997608967	NaN
0	0.10500000000000001	702.3684095687556	10.259964672058278	2924.4979555680175	892.5431808298226	1049.9999999186757	83.41989465712254	1043.1234997647498	NaN
0	0.10500000000000001	702.8345909660728	10.235567464043513	2931.4662793086486	892.5267624511911	1049.9999999223799	83.4198946573687	1043.123499768447	NaN
0	0.10500000000000001	703.3031672220055	10.211161184104087	2938.470516857041	892.5103430342308	1049.999999925933	83.41989465760523	1043.1234997719935	NaN
0	0.10500000000000001	703.7741643407046	10.186745441944286	2945.511057885144	892.493922317081	1049.9999999293407	83.41989465783234	1043.1234997753943	NaN
0	0.10500000000000001	704.2476087598735	10.16231984220008	2952.58829856313	892.4775000348003	1049.999999932608	83.4198946580501	1043.123499778655	NaN
0	0.10500000000000001	704.7235273261279	10.137883986090097	2959.70264119144	892.4610759204805	1049.9999999357403	83.41989465825883	1043.1234997817803	NaN
0	0.10500000000000001	705.2019472378112	10.113437474685933	2966.8544933462795	892.4446497074471	1049.9999999387423	83.41989465845822	1043.1234997847755	NaN
0	0.10500000000000001	705.6828961783679	10.088979902428049	2974.044269873742	892.4282211249039	1049.9999999416189	83.41989465864896	1043.123499787646	NaN
0	0.10500000000000001	706.1664023244639	10.064510857158563	2981.2723930116476	892.411789897962	1049.9999999443744	83.41989465883199	1043.1234997903962	NaN
0	0.10500000000000001	706.6524941924552	10.040029928283845	2988.5392900947227	892.3953557531241	1049.9999999470135	83.41989465900741	1043.1234997930305	NaN
0	0.10500000000000001	707.1412008711347	10.015536695395836	2995.8453970344467	892.3789184106479	1049.9999999495408	83.41989465917581	1043.1234997955532	NaN
0	0.10500000000000001	707.6325518681504	9.991030736452245	3003.191156023481	892.3624775900424	1049.99999995196	83.4198946593374	1043.1234997979677	NaN
0	0.10500000000000001	708.1265771166511	9.966511627795425	3010.5770156353883	892.346033010083	1049.9999999542756	83.41989465949192	1043.1234998002783	NaN
0	0.10500000000000001	708.6233070812909	9.9419789392827	3018.003432409824	892.3295843855469	1049.9999999564914	83.41989465963937	1043.1234998024886	NaN
0	0.10500000000000001	709.1227727340652	9.917432235949134	3025.4708704917457	892.3131314283343	1049.9999999586112	83.41989465977989	1043.1234998046036	NaN
0	0.10500000000000001	709.6250055628617	9.892871078035315	3032.979801759698	892.2966738474917	1049.9999999606384	83.41989465991422	1043.1234998066268	NaN
0	0.10500000000000001	710.1300375129222	9.868295024280473	3040.5307049510343	892.2802113514218	1049.999999962577	83.41989466004279	1043.1234998085615	NaN
0	0.10500000000000001	710.6379010957062	9.843703627041402	3048.124067289997	892.2637436446172	1049.99999996443	83.4198946601659	1043.1234998104112	NaN
0	0.10500000000000001	711.1486293647131	9.819096433959178	3055.760384126704	892.2472704287812	1049.999999966201	83.41989466028394	1043.1234998121788	NaN
0	0.10500000000000001	711.6622559247544	9.79447298798722	3063.440159076276	892.2307914028518	1049.999999967893	83.41989466039693	1043.1234998138677	NaN
0	0.10500000000000001	712.1788149758283	9.76983282578236	3071.1639046753294	892.2143062619298	1049.9999999695094	83.41989466050481	1043.123499815481	NaN
0	0.10500000000000001	712.6983412197662	9.74517548265138	3078.9321409866366	892.1978147005926	1049.9999999710528	83.41989466060788	1043.1234998170207	NaN
0	0.10500000000000001	713.2208700077344	9.720500486014487	3086.7453978051017	892.1813164085262	1049.9999999725264	83.41989466070568	1043.1234998184907	NaN
0	0.10500000000000001	713.7464372819069	9.695807358722103	3094.6042137861764	892.1648110727484	1049.9999999739332	83.41989466079876	1043.1234998198943	NaN
0	0.10500000000000001	714.2750795857736	9.671095619083427	3102.5091366005117	892.1482983776338	1049.9999999752754	83.41989466088754	1043.123499821234	NaN
0	0.10500000000000001	714.8068340392438	9.646364782538509	3110.4607225621776	892.1317780060338	1049.999999976556	83.4198946609727	1043.1234998225123	NaN
0	0.10500000000000001	715.3417384198247	9.621614358394856	3118.459537843085	892.1152496371013	1049.9999999777772	83.41989466105402	1043.1234998237314	NaN
0	0.10500000000000001	715.8798312102904	9.596843848213734	3126.506159186397	892.0987129452192	1049.9999999789413	83.41989466113178	1043.1234998248933	NaN
0	0.10500000000000001	716.4211515394959	9.572052749140315	3134.601173022076	892.0821676022298	1049.999999980051	83.4198946612059	1043.1234998260004	NaN
0	0.10500000000000001	716.9657391938663	9.547240553933253	3142.745175639253	892.0656132774603	1049.9999999811082	83.41989466127639	1043.123499827055	NaN
0	0.10500000000000001	717.5136347021466	9.522406747693863	3150.9387744541964	892.0490496355444	1049.9999999821155	83.41989466134284	1043.1234998280597	NaN
0	0.10500000000000001	718.0648792389934	9.497550812857217	3159.182586569185	892.0324763397582	1049.9999999830748	83.41989466140619	1043.1234998290172	NaN
0	0.10500000000000001	718.6195148211409	9.472672220952878	3167.4772417067534	892.0158930465318	1049.9999999839881	83.41989466146687	1043.123499829929	NaN
0	0.10500000000000001	719.1775841376709	9.44777044092056	3175.823379672064	891.9992994110005	1049.9999999848571	83.41989466152471	1043.1234998307968	NaN
0	0.10500000000000001	719.7391305993792	9.422844937482186	3184.221651091771	891.9826950859227	1049.999999985684	83.4198946615802	1043.1234998316224	NaN
0	0.10500000000000001	720.3041984648883	9.397895166198477	3192.672719300763	891.9660797183936	1049.9999999864706	83.41989466163291	1043.1234998324073	NaN
0	0.10500000000000001	720.8728327432491	9.37292057848734	3201.1772588862204	891.949452953194	1049.9999999872189	83.4198946616828	1043.1234998331533	NaN
0	0.10500000000000001	721.4450792458576	9.347920619994435	3209.7359564647236	891.9328144317109	1049.9999999879296	83.41989466172976	1043.1234998338625	NaN
0	0.10500000000000001	722.0209847166694	9.32289472563731	3218.3495126305165	891.9161637886464	1049.9999999886052	83.4198946617745	1043.1234998345367	NaN
0	0.10500000000000001	722.6005966574148	9.297842327972612	3227.0186393421086	891.8995006575931	1049.999999989247	83.41989466181717	1043.1234998351772	NaN
0	0.10500000000000001	723.183963458056	9.272762852226485	3235.7440618741516	891.8828246677332	1049.9999999898562	83.41989466185755	1043.1234998357852	NaN
0	0.10500000000000001	723.7711344139408	9.247655716332162	3244.5265190747937	891.8661354438701	1049.9999999904346	83.41989466189594	1043.1234998363627	NaN
0	0.10500000000000001	724.3621597827607	9.222520329296769	3253.3667642184096	891.8494326053524	1049.9999999909837	83.41989466193273	1043.1234998369105	NaN
0	0.10500000000000001	724.9570907242478	9.197356094586835	3262.2655641044425	891.83271576833	1049.9999999915046	83.4198946619673	1043.1234998374302	NaN
0	0.10500000000000001	725.55597935746	9.172162408490623	3271.22369991505	891.8159845446738	1049.9999999919987	83.41989466199992	1043.1234998379236	NaN
0	0.10500000000000001	726.1588787796175	9.146938660157192	3280.241967497673	891.7992385420093	1049.9999999924669	83.41989466203144	1043.1234998383911	NaN
0	0.10500000000000001	726.7658430449168	9.121684233315168	3289.3211770489893	891.7824773648642	1049.9999999929107	83.41989466206114	1043.1234998388338	NaN
0	0.10500000000000001	727.3769272646622	9.096398502949382	3298.4621546135454	891.7657006124692	1049.999999993331	83.41989466208922	1043.123499839253	NaN
0	0.10500000000000001	727.9921876696054	9.071080833658929	3307.6657430172086	891.7489078776798	1049.9999999937288	83.41989466211574	1043.12349983965	NaN
0	0.10500000000000001	728.6116815089882	9.045730584756804	3316.9328003579185	891.7320987503665	1049.9999999941056	83.41989466214086	1043.1234998400257	NaN
0	0.10500000000000001	729.235467195434	9.02034710524731	3326.2642021740276	891.7152728140929	1049.999999994462	83.41989466216405	1043.1234998403816	NaN
0	0.10500000000000001	729.8636041614583	8.994929740630658	3335.660839298763	891.6984296506349	1049.9999999947995	83.41989466218615	1043.1234998407183	NaN
0	0.10500000000000001	730.4961531325332	8.969477822789903	3345.1236219460893	891.6815688332863	1049.9999999951185	83.41989466220744	1043.123499841037	NaN
0	0.10500000000000001	731.1331759422582	8.943990678510984	3354.653476946781	891.6646899325148	1049.9999999954198	83.41989466222788	1043.123499841338	NaN
0	0.10500000000000001	731.7747356829799	8.91846762443515	3364.2513500026776	891.6477925126261	1049.9999999957045	83.41989466224707	1043.1234998416217	NaN
0	0.10500000000000001	732.4208966891699	8.892907968804648	3373.918205439092	891.6308761329309	1049.9999999959732	83.41989466226481	1043.12349984189	NaN
0	0.10500000000000001	733.0717245633282	8.867311011509331	3383.655026593408	891.6139403477847	1049.999999996227	83.41989466228164	1043.123499842143	NaN
0	0.10500000000000001	733.7272862462687	8.841676042428993	3393.4628168677186	891.5969847055002	1049.9999999964664	83.41989466229734	1043.1234998423818	NaN
0	0.10500000000000001	734.3876500015781	8.81600234318909	3403.3425994974436	891.5800087495197	1049.9999999966922	83.4198946623123	1043.1234998426075	NaN
0	0.10500000000000001	735.0528854435556	8.790289187210194	3413.2954179704875	891.563012018457	1049.9999999969048	83.41989466232675	1043.1234998428204	NaN
0	0.10500000000000001	735.7230636552899	8.76453583633212	3423.3223377950226	891.5459940438758	1049.9999999971053	83.41989466234057	1043.1234998430202	NaN
0	0.10500000000000001	736.3982571306275	8.73874154429583	3433.4244456324823	891.528954352602	1049.9999999972945	83.41989466235314	1043.1234998432083	NaN
0	0.10500000000000001	737.078539985931	8.712905549920848	3443.602852467127	891.5118924622292	1049.9999999974725	83.41989466236454	1043.1234998433858	NaN
0	0.10500000000000001	737.763987813624	8.68702708404145	3453.85869141614	891.4948078857121	1049.9999999976399	83.41989466237538	1043.1234998435527	NaN
0	0.10500000000000001	738.4546777140699	8.661105369562014	3464.193118207877	891.4777001314135	1049.9999999977972	83.41989466238554	1043.1234998437103	NaN
0	0.10500000000000001	739.1506883747238	8.635139619786283	3474.6073123674655	891.4605687020105	1049.9999999979452	83.41989466239599	1043.1234998438583	NaN
0	0.10500000000000001	739.8521001987549	8.609129035012803	3485.1024791427412	891.4434130922607	1049.9999999980844	83.41989466240561	1043.1234998439973	NaN
0	0.10500000000000001	740.558995343912	8.58307280258964	3495.6798500872815	891.4262327890526	1049.9999999982153	83.41989466241425	1043.1234998441273	NaN
0	0.10500000000000001	741.2714576197848	8.556970102181337	3506.340681524597	891.4090272748919	1049.9999999983381	83.41989466242225	1043.1234998442496	NaN
0	0.10500000000000001	741.9895727160242	8.530820098871473	3517.086257964533	891.3917960233657	1049.9999999984534	83.41989466242946	1043.1234998443647	NaN
0	0.10500000000000001	742.713428100971	8.50462194844973	3527.9178905879885	891.3745385026424	1049.9999999985616	83.41989466243643	1043.1234998444727	NaN
0	0.10500000000000001	743.4431131592073	8.478374793983216	3538.8369193067633	891.3572541732237	1049.9999999986628	83.41989466244338	1043.1234998445743	NaN
0	0.10500000000000001	744.1787192359378	8.452077765878407	3549.844713429332	891.3399424880014	1049.9999999987576	83.41989466245012	1043.1234998446691	NaN
0	0.10500000000000001	744.9203396330896	8.425729983698542	3560.9426716041626	891.3226028934665	1049.9999999988465	83.41989466245627	1043.1234998447574	NaN
0	0.10500000000000001	745.6680697544186	8.399330552717583	3572.1322239928695	891.3052348274571	1049.9999999989298	83.41989466246142	1043.12349984484	NaN
0	0.10500000000000001	746.4220071049987	8.372878565745532	3583.414832264363	891.2878377203737	1049.9999999990073	83.41989466246619	1043.1234998449177	NaN
0	0.10500000000000001	747.1822513407816	8.346373103198108	3594.7919903383427	891.2704109952405	1049.9999999990798	83.41989466247112	1043.1234998449906	NaN
0	0.10500000000000001	747.9489044219614	8.319813229632283	3606.2652266822697	891.2529540654435	1049.9999999991478	83.41989466247631	1043.1234998450582	NaN
0	0.10500000000000001	748.7220705139569	8.293197999129278	3617.836102831508	891.235466338285	1049.9999999992112	83.41989466248029	1043.1234998451212	NaN
0	0.10500000000000001	749.5018561958663	8.26652645004786	3629.5062165108898	891.2179472115514	1049.9999999992701	83.41989466248414	1043.1234998451803	NaN
0	0.10500000000000001	750.2883704670178	8.239797606875763	3641.2772017348248	891.2003960747465	1049.9999999993256	83.41989466248765	1043.123499845235	NaN
0	0.10500000000000001	751.0817248059565	8.213010480308034	3653.150729692183	891.1828123091603	1049.999999999377	83.41989466249102	1043.1234998452867	NaN
0	0.10500000000000001	751.8820332846151	8.186164065540591	3665.1285104571507	891.1651952867659	1049.999999999425	83.41989466249426	1043.1234998453347	NaN
0	0.10500000000000001	752.6894126326918	8.159257342350006	3677.212293954977	891.1475443702906	1049.9999999994698	83.41989466249731	1043.123499845379	NaN
0	0.10500000000000001	753.5039823039399	8.132289275176289	3689.4038709564	891.1298589132886	1049.9999999995114	83.41989466249974	1043.1234998454206	NaN
0	0.10500000000000001	754.3258644895125	8.105258815009151	3701.705073279705	891.1121382613959	1049.99999999955	83.41989466250257	1043.1234998454595	NaN
0	0.10500000000000001	755.1551844079512	8.078164892264393	3714.117778133435	891.0943817476808	1049.9999999995857	83.41989466250507	1043.1234998454952	NaN
0	0.10500000000000001	755.9920702158634	8.051006422288067	3726.643906782042	891.0765886962723	1049.9999999996194	83.41989466250706	1043.1234998455284	NaN
0	0.10500000000000001	756.836653026174	8.02378230726676	3739.2854248215876	891.0587584236303	1049.9999999996503	83.41989466250901	1043.1234998455595	NaN
0	0.10500000000000001	757.6890672678622	7.996491427244566	3752.0443475668026	891.0408902326826	1049.999999999679	83.41989466251125	1043.1234998455884	NaN
0	0.10500000000000001	758.5494504286926	7.969132651140667	3764.922736203075	891.0229834200611	1049.9999999997056	83.41989466251326	1043.1234998456146	NaN
0	0.10500000000000001	759.4179435391507	7.941704824080528	3777.9227050328113	891.0050372678295	1049.99999999973	83.41989466251441	1043.1234998456387	NaN
0	0.10500000000000001	760.2946910333433	7.9142067748078375	3791.0464193963617	890.9870510483581	1049.9999999997528	83.41989466251583	1043.123499845662	NaN
0	0.10500000000000001	761.1798407792224	7.886637317635018	3804.2960961273134	890.9690240256218	1049.9999999997738	83.41989466251783	1043.123499845683	NaN
0	0.10500000000000001	762.0735445270307	7.8589952415176585	3817.674010268261	890.9509554480774	1049.9999999997933	83.41989466251925	1043.1234998457019	NaN
0	0.10500000000000001	762.9759577142975	7.831279319379036	3831.1824921550715	890.932844554787	1049.9999999998113	83.41989466251958	1043.1234998457198	NaN
0	0.10500000000000001	763.8872397469861	7.80348830268434	3844.823931628657	890.9146905718953	1049.9999999998279	83.41989466252073	1043.123499845737	NaN
0	0.10500000000000001	764.807554046643	7.775620923412459	3858.600778744193	890.8964927139453	1049.999999999843	83.41989466252224	1043.1234998457521	NaN
0	0.10500000000000001	765.7370680979955	7.747675896046581	3872.5155444870725	890.8782501852011	1049.999999999857	83.41989466252328	1043.1234998457662	NaN
0	0.10500000000000001	766.6759538109876	7.719651910245195	3886.570806196113	890.8599621748898	1049.99999999987	83.41989466252441	1043.1234998457785	NaN
0	0.10500000000000001	767.6243874550887	7.691547636579732	3900.7692065839283	890.8416278609764	1049.9999999998815	83.41989466252437	1043.1234998457899	NaN
0	0.10500000000000001	768.5825499084966	7.663361722925743	3915.11345747136	890.8232464078346	1049.9999999998922	83.41989466252505	1043.1234998458015	NaN
0	0.10500000000000001	769.5506267884343	7.635092794602743	3929.6063417420746	890.8048169663695	1049.9999999999022	83.41989466252653	1043.1234998458112	NaN
0	0.10500000000000001	770.5288085858185	7.606739454521842	3944.250715362727	890.7863386741407	1049.9999999999116	83.4198946625272	1043.1234998458197	NaN
0	0.10500000000000001	771.5172908044617	7.578300283341669	3959.049509471171	890.7678106554957	1049.9999999999197	83.41989466252681	1043.123499845828	NaN
0	0.10500000000000001	772.5162741049835	7.54977383963319	3974.005732535267	890.7492320217075	1049.9999999999275	83.41989466252735	1043.1234998458365	NaN
0	0.10500000000000001	773.5259646563616	7.521158654329491	3989.122475620613	890.7306018673903	1049.9999999999345	83.41989466252876	1043.1234998458435	NaN
0	0.10500000000000001	774.5465742303022	7.492453232794838	4004.402913808169	890.7119192718824	1049.999999999941	83.41989466252899	1043.1234998458492	NaN
0	0.10500000000000001	775.5783201594097	7.463656060760795	4019.85030557273	890.6931833031423	1049.999999999947	83.41989466252865	1043.1234998458553	NaN
0	0.10500000000000001	776.6214258483861	7.434765594907774	4035.4680004415077	890.6743930116522	1049.9999999999523	83.41989466252912	1043.123499845861	NaN
0	0.10500000000000001	777.6761208159286	7.405780266907325	4051.25943962663	890.6555474330851	1049.9999999999573	83.41989466253011	1043.123499845866	NaN
0	0.10500000000000001	778.7426409494717	7.3766984816907355	4067.2281598445466	890.6366455872123	1049.9999999999618	83.41989466253018	1043.12349984587	NaN
0	0.10500000000000001	779.8212287704818	7.347518615712645	4083.377797293708	890.6176864768145	1049.9999999999657	83.41989466252974	1043.123499845874	NaN
0	0.10500000000000001	780.9121334185215	7.318239023023471	4099.712087421605	890.598669091663	1049.999999999969	83.4198946625305	1043.1234998458779	NaN
0	0.10500000000000001	782.0156114430952	7.288858019847644	4116.234876787025	890.579592398542	1049.9999999999723	83.41989466253092	1043.1234998458808	NaN
0	0.10500000000000001	783.1319263658247	7.259373902470728	4132.950116510583	890.5604553529058	1049.9999999999752	83.41989466253088	1043.1234998458833	NaN
0	0.10500000000000001	784.2613492711612	7.229784937671982	4149.861871125825	890.5412568927032	1049.9999999999777	83.41989466253087	1043.123499845886	NaN
0	0.10500000000000001	785.4041591974872	7.200089359021269	4166.974324442056	890.5219959360185	1049.99999999998	83.41989466253105	1043.1234998458885	NaN
0	0.10500000000000001	786.5606430812222	7.1702853750876985	4184.291778714142	890.5026713864384	1049.9999999999823	83.41989466253143	1043.123499845891	NaN
0	0.10500000000000001	787.7310964761682	7.140371157781826	4201.8186654210185	890.4832821255353	1049.999999999984	83.41989466253204	1043.123499845893	NaN
0	0.10500000000000001	788.9158234373344	7.110344852639046	4219.5595435333635	890.4638270195803	1049.999999999986	83.41989466253192	1043.123499845894	NaN
0	0.10500000000000001	790.1151370341861	7.0802045731333205	4237.519107206626	890.4443049159	1049.9999999999873	83.41989466253153	1043.1234998458958	NaN
0	0.10500000000000001	791.3293595635267	7.0499484030275195	4255.702188976627	890.4247146444462	1049.9999999999886	83.41989466253196	1043.1234998458974	NaN
0	0.10500000000000001	792.5588231807492	7.019574388628634	4274.113769220563	890.4050550128275	1049.99999999999	83.41989466253231	1043.1234998458983	NaN
0	0.10500000000000001	793.8038699791749	6.98908054522934	4292.7589773535465	890.3853248105307	1049.9999999999914	83.41989466253159	1043.1234998458995	NaN
0	0.10500000000000001	795.0648522353849	6.958464859555248	4311.643095511021	890.3655228105514	1049.9999999999923	83.41989466253209	1043.1234998459013	NaN
0	0.10500000000000001	796.3421331759682	6.927725279945547	4330.771570040158	890.34564776309	1049.999999999993	83.41989466253268	1043.1234998459017	NaN
0	0.10500000000000001	797.6360870910622	6.896859722933882	4350.150013209554	890.3256983998615	1049.9999999999936	83.41989466253251	1043.123499845902	NaN
0	0.10500000000000001	798.9470997094976	6.865866073722058	4369.784208836872	890.3056734344515	1049.9999999999945	83.41989466253176	1043.1234998459026	NaN
0	0.10500000000000001	800.2755688562611	6.834742180448508	4389.680122145051	890.2855715586646	1049.9999999999952	83.41989466253219	1043.1234998459038	NaN
0	0.10500000000000001	801.6219047821511	6.8034858567665015	4409.843904709717	890.2653914442459	1049.999999999996	83.41989466253237	1043.123499845904	NaN
0	0.10500000000000001	802.9865305043121	6.772094884483947	4430.281899569848	890.2451317446382	1049.9999999999964	83.41989466253243	1043.1234998459047	NaN
0	0.10500000000000001	804.3698824366003	6.740567009947589	4451.0006506796335	890.2247910927027	1049.999999999997	83.41989466253213	1043.1234998459056	NaN
0	0.10500000000000001	805.7724108626139	6.708899944645627	4472.006910004535	890.204368101164	1049.9999999999977	83.41989466253264	1043.123499845906	NaN
0	0.10500000000000001	807.1945805237106	6.677091363726593	4493.307646340065	890.1838613617126	1049.999999999998	83.4198946625325	1043.123499845906	NaN
0	0.10500000000000001	808.6368708467287	6.6451389130777825	4514.910048734687	890.1632694496243	1049.9999999999982	83.41989466253241	1043.123499845907	NaN
0	0.10500000000000001	810.0997769585765	6.613040199371607	4536.821541698697	890.1425909174023	1049.9999999999984	83.41989466253288	1043.123499845907	NaN
0	0.10500000000000001	811.5838097611781	6.580792801575003	4559.049786339924	890.1218243022503	1049.9999999999986	83.41989466253209	1043.1234998459067	NaN
0	0.10500000000000001	813.0894969047102	6.548394263165065	4581.602694954497	890.1009681211139	1049.9999999999986	83.41989466253244	1043.1234998459079	NaN
0	0.10500000000000001	814.6173830958685	6.515842099517054	4604.4884356582215	890.080020875496	1049.9999999999986	83.419894662533	1043.123499845907	NaN
0	0.10500000000000001	816.1680311389144	6.483133790133063	4627.715447994527	890.0589810465093	1049.9999999999986	83.41989466253214	1043.123499845907	NaN
0	0.10500000000000001	817.7420220824736	6.450266790592051	4651.292445148371	890.0378471026248	1049.9999999999986	83.41989466253256	1043.1234998459079	NaN
0	0.10500000000000001	819.3399562145333	6.417238527052839	4675.228428865729	890.0166174961865	1049.9999999999986	83.41989466253293	1043.1234998459065	NaN
0	0.10500000000000001	820.9624537836854	6.384046397391731	4699.532700273348	889.9952906641986	1049.9999999999986	83.41989466253162	1043.1234998459076	NaN
0	0.10500000000000001	822.6101553083305	6.350687781341966	4724.2148645269735	889.9738650348942	1049.9999999999986	83.41989466253342	1043.1234998459072	NaN
0	0.10500000000000001	824.2837227841444	6.3171600328999915	4749.28484891574	889.9523390229035	1049.9999999999989	83.4198946625322	1043.123499845907	NaN
0	0.10500000000000001	825.983840044973	6.283460490719289	4774.752908285988	889.9307110359775	1049.9999999999989	83.4198946625324	1043.123499845908	NaN
0	0.10500000000000001	827.7112137038314	6.249586477395851	4800.629639155541	889.9089794745727	1049.9999999999989	83.41989466253291	1043.1234998459074	NaN
0	0.10500000000000001	829.4665737846673	6.215535305648515	4826.92598919633	889.8871427358549	1049.9999999999989	83.41989466253246	1043.1234998459072	NaN
0	0.10500000000000001	831.2506746127001	6.18130428008547	4853.65327059126	889.8651992148696	1049.9999999999989	83.41989466253223	1043.1234998459076	NaN
0	0.10500000000000001	833.0642952550331	6.1468907082886775	4880.823166654458	889.8431473116767	1049.9999999999989	83.41989466253301	1043.1234998459074	NaN
0	0.10500000000000001	834.9082407055835	6.1122918982536305	4908.4477496026775	889.8209854297314	1049.999999999999	83.41989466253175	1043.1234998459074	NaN
0	0.10500000000000001	836.7833422474043	6.0775051721721445	4936.539486003908	889.7987119847329	1049.9999999999993	83.41989466253303	1043.1234998459083	NaN
0	0.10500000000000001	838.690458189315	6.042527873493921	4965.111247833889	889.7763254091493	1049.9999999999995	83.41989466253231	1043.1234998459079	NaN
0	0.10500000000000001	840.6304747532188	6.007357371830232	4994.176325790781	889.753824155352	1049.9999999999998	83.41989466253283	1043.1234998459083	NaN
0	0.10500000000000001	842.6043065940062	5.971991075128431	5023.748437105892	889.7312067033934	1049.9999999999998	83.41989466253236	1043.1234998459079	NaN
0	0.10500000000000001	844.6128973166595	5.936426442131829	5053.841733312694	889.708471568944	1049.9999999999998	83.41989466253268	1043.1234998459086	NaN
0	0.10500000000000001	846.6572201264323	5.900660992732665	5084.470810009886	889.6856173098677	1050.0	83.41989466253213	1043.1234998459079	NaN
0	0.10500000000000001	848.7382780637685	5.864692325807769	5115.650710403003	889.662642537556	1050.0	83.41989466253287	1043.123499845909	NaN
0	0.10500000000000001	850.8571044908364	5.8285181325797035	5147.396932615795	889.6395459253799	1050.0	83.41989466253273	1043.1234998459083	NaN
0	0.10500000000000001	853.0147635656572	5.792136210269977	5179.725436815798	889.6163262173019	1050.0	83.41989466253234	1043.1234998459088	NaN
0	0.10500000000000001	855.212349515148	5.755544495662697	5212.652634343553	889.5929822491677	1050.0	83.41989466253253	1043.123499845908	NaN
0	0.10500000000000001	857.4509872885872	5.718741074605524	5246.195397524083	889.5695129546009	1050.0	83.41989466253261	1043.1234998459086	NaN
0	0.10500000000000001	859.7318318267862	5.681724214032234	5280.371048736495	889.5459173852315	1050.0	83.4198946625325	1043.1234998459083	NaN
0	0.10500000000000001	862.0560675116027	5.644492389532983	5315.197352184243	889.5221947280352	1050.0	83.41989466253297	1043.1234998459088	NaN
0	0.10500000000000001	864.4249076595136	5.607044310846397	5350.692506324219	889.4983443213017	1050.0	83.41989466253212	1043.1234998459083	NaN
0	0.10500000000000001	866.839592762818	5.569378965392811	5386.875117528332	889.474365682041	1050.0	83.41989466253307	1043.1234998459088	NaN
0	0.10500000000000001	869.3013893282432	5.531495649705003	5423.764182694023	889.450258525614	1050.0	83.41989466253135	1043.1234998459088	NaN
0	0.10500000000000001	871.811587865877	5.49339401142127	5461.379059120244	889.4260227920247	1050.0	83.41989466253288	1043.123499845908	NaN
0	0.10500000000000001	874.3715004516212	5.455074094278658	5499.739427989264	889.4016586740444	1050.0	83.41989466253214	1043.123499845909	NaN
0	0.10500000000000001	876.9824576455314	5.416536388653053	5538.865248192294	889.3771666487802	1050.0	83.41989466253273	1043.1234998459079	NaN
0	0.10500000000000001	879.6458054204666	5.377781877238716	5578.776710304907	889.3525475060645	1050.0	83.41989466253287	1043.1234998459088	NaN
0	0.10500000000000001	882.3629006501924	5.338812096539594	5619.4941689700945	889.3278023868013	1050.0	83.41989466253256	1043.1234998459088	NaN
0	0.10500000000000001	885.1351066843554	5.2996291906510615	5661.038076576652	889.3029328163052	1050.0	83.41989466253253	1043.1234998459079	NaN
0	0.10500000000000001	887.963788282234	5.260235967552139	5703.4289073217315	889.277940739137	1050.0	83.41989466253298	1043.1234998459095	NaN
0	0.10500000000000001	890.8503052680969	5.220635965696289	5746.68706210782	889.252828560362	1050.0	83.4198946625318	1043.1234998459079	NaN
0	0.10500000000000001	893.7960079678022	5.180833488089214	5790.832800125793	889.2275991660823	1050.0	83.41989466253317	1043.123499845908	NaN
0	0.10500000000000001	896.8022277791795	5.140833694288667	5835.886097502651	889.202255980591	1050.0	83.41989466253278	1043.1234998459086	NaN
0	0.10500000000000001	899.8702689426307	5.1006426645778	5881.866523924708	889.1768030057407	1050.0000000000002	83.41989466253196	1043.123499845909	NaN
0	0.10500000000000001	903.0014015124284	5.060267438215883	5928.79313724531	889.1512448437871	1050.0000000000002	83.41989466253276	1043.1234998459083	NaN
0	0.10500000000000001	906.1968529275628	5.019716060435586	5976.684357094545	889.12558672569	1050.0000000000002	83.41989466253314	1043.1234998459088	NaN
0	0.10500000000000001	909.4577998251153	4.978997616070603	6025.55784211347	889.0998345308714	1050.0000000000002	83.4198946625324	1043.1234998459088	NaN
0	0.10500000000000001	912.7853604135727	4.938122246575221	6075.430375570835	889.073994796413	1050.0000000000002	83.41989466253276	1043.1234998459086	NaN
0	0.10500000000000001	916.180585471171	4.897101174729624	6126.317730362964	889.0480747310731	1050.0000000000002	83.41989466253229	1043.1234998459088	NaN
0	0.10500000000000001	919.6444530098179	4.8559466760668695	6178.234588944005	889.0220821956189	1050.0000000000002	83.41989466253233	1043.1234998459088	NaN
0	0.10500000000000001	923.1778637703896	4.814672035379732	6231.194475711895	888.9960256737875	1050.0000000000002	83.41989466253239	1043.1234998459083	NaN
0	0.10500000000000001	926.7816313559074	4.773291560337397	6285.209609019619	888.9699142793594	1050.0000000000002	83.41989466253335	1043.123499845908	NaN
0	0.10500000000000001	930.4564800502169	4.73182049923218	6340.290868373156	888.9437577027581	1050.0000000000002	83.41989466253256	1043.12349984591	NaN
0	0.10500000000000001	934.2030434458215	4.6902749494993525	6396.4477737574925	888.9175661519918	1050.0000000000002	83.41989466253165	1043.123499845909	NaN
0	0.10500000000000001	938.0218621709289	4.648671776924699	6453.6884514615285	888.8913503004965	1050.0000000000002	83.41989466253223	1043.123499845908	NaN
0	0.10500000000000001	941.9133855957563	4.607028492899041	6512.019659549914	888.8651212087233	1050.0000000000002	83.41989466253314	1043.123499845909	NaN
0	0.10500000000000001	945.8779744818148	4.565363127006961	6571.4468274749	888.8388902430208	1050.0000000000002	83.41989466253258	1043.1234998459088	NaN
0	0.10500000000000001	949.9159046364302	4.523694095762326	6631.974110762887	888.8126689923366	1050.0000000000002	83.4198946625325	1043.123499845909	NaN
0	0.10500000000000001	954.0273721846152	4.48204006280097	6693.604469952699	888.7864691797988	1050.0000000000002	83.41989466253249	1043.1234998459086	NaN
0	0.10500000000000001	958.2125011339313	4.440419786035001	6756.339783915678	888.7603025663694	1050.0000000000002	83.41989466253297	1043.1234998459079	NaN
0	0.10500000000000001	962.4713493789611	4.398851991926924	6820.1809397970155	888.7341808718236	1050.0000000000002	83.41989466253307	1043.1234998459097	NaN
0	0.10500000000000001	966.8039181474612	4.3573552272531515	6885.127974559843	888.7081156818343	1050.0000000000002	83.4198946625321	1043.1234998459097	NaN
0	0.10500000000000001	971.2101604111535	4.31594773417456	6951.18020102215	888.6821183699609	1050.0000000000002	83.4198946625314	1043.1234998459088	NaN
0	0.10500000000000001	975.6899886615217	4.2746473432953085	7018.336324386793	888.6562000311571	1050.0000000000002	83.41989466253227	1043.1234998459083	NaN
0	0.10500000000000001	980.2432846618547	4.233471360162027	7086.594588408656	888.630371411364	1050.0000000000002	83.41989466253295	1043.1234998459079	NaN
0	0.10500000000000001	984.8699075528344	4.1924364790146695	7155.952896892205	888.604642854388	1050.0000000000002	83.4198946625337	1043.1234998459088	NaN
0	0.10500000000000001	989.5697016538624	4.15155870973548	7226.408930638346	888.5790242572037	1050.0000000000002	83.41989466253288	1043.1234998459101	NaN
0	0.10500000000000001	994.3425025831289	4.110853328784626	7297.960239196394	888.5535250404059	1050.0000000000002	83.41989466253192	1043.1234998459092	NaN
0	0.10500000000000001	999.1881453974547	4.070334821040478	7370.604362903538	888.5281541130461	1050.0000000000002	83.41989466253197	1043.1234998459083	NaN
0	0.10500000000000001	1004.1064709240582	4.030016845497466	7444.338927827044	888.5029198524946	1050.0000000000002	83.41989466253294	1043.1234998459076	NaN
0	0.10500000000000001	1009.0973277290543	3.989912242581376	7519.161675299072	888.4778301103794	1050.0000000000002	83.41989466253354	1043.123499845908	NaN
0	0.10500000000000001	1014.1605805420835	3.950032993439494	7595.0705882453685	888.4528921884767	1050.0000000000002	83.4198946625334	1043.1234998459088	NaN
0	0.10500000000000001	1019.2961115379642	3.91039024194577	7672.063910432084	888.4281128538473	1050.0000000000002	83.41989466253267	1043.1234998459101	NaN
0	0.10500000000000001	1024.5038239831715	3.870994300010641	7750.14020116826	888.4034983434923	1050.0000000000002	83.41989466253204	1043.1234998459083	NaN
0	0.10500000000000001	1029.783644902561	3.83185466306409	7829.298375322156	888.379054375332	1050.0000000000002	83.4198946625325	1043.1234998459079	NaN
0	0.10500000000000001	1035.1355266799048	3.7929800350350216	7909.537727354284	888.3547861650712	1050.0000000000002	83.41989466253325	1043.123499845908	NaN
0	0.10500000000000001	1040.559449326658	3.7543783493024843	7990.857965369852	888.3306984404892	1050.0000000000002	83.41989466253342	1043.1234998459088	NaN
0	0.10500000000000001	1046.0554208951633	3.7160568035535886	8073.259217351679	888.3067954643491	1050.0000000000002	83.41989466253307	1043.1234998459092	NaN
0	0.10500000000000001	1051.6234777615389	3.678021894882564	8156.742035438644	888.2830810573805	1050.0000000000002	83.41989466253276	1043.123499845909	NaN
0	0.10500000000000001	1057.2636859141335	3.640279447415136	8241.307415280093	888.2595586165298	1050.0000000000002	83.41989466253258	1043.1234998459095	NaN
0	0.10500000000000001	1062.9761414187844	3.6028346452259092	8326.95680304767	888.2362311364446	1050.0000000000002	83.41989466253251	1043.1234998459088	NaN
0	0.10500000000000001	1068.7609684523159	3.5656920799105514	8413.692065985324	888.2131012400096	1050.0000000000002	83.41989466253243	1043.1234998459088	NaN
0	0.10500000000000001	1074.6183214087268	3.5288557700652627	8501.515524021645	888.1901711913085	1050.0000000000002	83.41989466253244	1043.1234998459088	NaN
0	0.10500000000000001	1080.5483830469207	3.492329205373736	8590.42992202986	888.1674429238467	1050.0000000000002	83.41989466253253	1043.1234998459088	NaN
0	0.10500000000000001	1086.5513648296337	3.4561153749924	8680.438434940175	888.1449180589223	1050.0000000000002	83.41989466253249	1043.1234998459083	NaN
0	0.10500000000000001	1092.6275063694782	3.420216800253293	8771.544659463103	888.1225979266275	1050.0000000000002	83.41989466253263	1043.1234998459076	NaN
0	0.10500000000000001	1098.7770730994605	3.3846355759716666	8863.752579188556	888.1004835921273	1050.0000000000002	83.41989466253304	1043.1234998459083	NaN
0	0.10500000000000001	1105.0003583062664	3.349373384503434	8957.066595099177	888.0785758649412	1050.0000000000002	83.41989466253321	1043.123499845909	NaN
0	0.10500000000000001	1111.2976818315392	3.314431528482928	9051.49150612225	888.0568753197853	1050.0000000000002	83.4198946625328	1043.1234998459095	NaN
0	0.10500000000000001	1117.6693877667408	3.2798109669942885	9147.03247458878	888.035382319489	1050.0000000000002	83.41989466253239	1043.123499845909	NaN
0	0.10500000000000001	1124.1158458318987	3.245512329775559	9243.695046928933	888.0140970242173	1050.0000000000002	83.41989466253234	1043.1234998459088	NaN
0	0.10500000000000001	1130.6374492782593	3.2115359493219553	9341.485122243888	887.9930194117632	1050.0000000000002	83.41989466253246	1043.123499845909	NaN
0	0.10500000000000001	1137.2346161457544	3.1778818737494494	9440.408971180743	887.9721492858561	1050.0000000000002	83.41989466253244	1043.1234998459088	NaN
0	0.10500000000000001	1143.9077869634643	3.1445498971712675	9540.473201469811	887.9514862953	1050.0000000000002	83.41989466253243	1043.1234998459086	NaN
0	0.10500000000000001	1150.6574245270244	3.111539577719444	9641.68475460376	887.9310299454033	1050.0000000000002	83.41989466253249	1043.123499845908	NaN
0	0.10500000000000001	1157.4840145322669	3.0788502505902677	9744.050915355268	887.9107796062968	1050.0000000000002	83.41989466253241	1043.1234998459083	NaN
0	0.10500000000000001	1164.3880634270392	3.0464810536170486	9847.57927957988	887.8907345289832	1050.0000000000002	83.41989466253247	1043.1234998459083	NaN
0	0.10500000000000001	1171.3700984380594	3.0144309409614656	9952.27775463253	887.870893853991	1050.0000000000002	83.41989466253273	1043.1234998459088	NaN
0	0.10500000000000001	1178.430668981281	2.9826986900042245	10058.154580529897	887.851256615799	1050.0000000000002	83.41989466253273	1043.123499845909	NaN
0	0.10500000000000001	1185.5703433345698	2.9512829290083435	10165.218280068235	887.8318217600936	1050.0000000000002	83.41989466253277	1043.123499845909	NaN
0	0.10500000000000001	1192.789709440463	2.9201821446943814	10273.477670872322	887.812588148565	1050.0000000000002	83.41989466253249	1043.123499845908	NaN
0	0.10500000000000001	1200.0893767020484	2.8893946855569714	10382.941892336963	887.7935545610591	1050.0000000000002	83.41989466253239	1043.1234998459076	NaN
0	0.10500000000000001	1207.4699704357126	2.8589187955786177	10493.62032245195	887.7747197165023	1050.0000000000002	83.41989466253253	1043.123499845908	NaN
0	0.10500000000000001	1214.9321384788168	2.8287525958949784	10605.522676898827	887.7560822616321	1050.0000000000002	83.41989466253273	1043.1234998459086	NaN
0	0.10500000000000001	1222.4765450054288	2.7988941194750057	10718.658916321592	887.7376407924827	1050.0000000000002	83.41989466253281	1043.1234998459088	NaN
0	0.10500000000000001	1230.1038741863663	2.7693413044457484	10833.039301220624	887.719393850299	1050.0000000000002	83.41989466253281	1043.1234998459092	NaN
0	0.10500000000000001	1237.8148273176917	2.740092013316557	10948.674348899374	887.7013399334381	1050.0000000000002	83.41989466253246	1043.1234998459086	NaN
0	0.10500000000000001	1245.6101260305438	2.711144028040118	11065.57488160688	887.6834774943391	1050.0000000000002	83.41989466253271	1043.1234998459086	NaN
0	0.10500000000000001	1253.490506159226	2.682495079793423	11183.751934588869	887.6658049579112	1050.0000000000002	83.41989466253223	1043.1234998459079	NaN
0	0.10500000000000001	1261.4567245852904	2.654142829849832	11303.21685872989	887.6483207097314	1050.0000000000002	83.41989466253277	1043.1234998459088	NaN
0	0.10500000000000001	1269.509554577949	2.6260848928805265	11423.981250682802	887.6310231104134	1050.0000000000002	83.41989466253253	1043.1234998459083	NaN
0	0.10500000000000001	1277.6497873979529	2.5983188366740513	11546.056976926651	887.6139104954206	1050.0000000000002	83.41989466253216	1043.1234998459074	NaN
0	0.10500000000000001	1285.8782317682746	2.5708421892946425	11669.456165834103	887.5969811794598	1050.0000000000002	83.41989466253236	1043.123499845908	NaN
0	0.10500000000000001	1294.1957138547527	2.5436524440552732	11794.191207386035	887.5802334595219	1050.0000000000002	83.41989466253263	1043.1234998459088	NaN
0	0.10500000000000001	1302.603077228618	2.5167470642506804	11920.274752614208	887.5636656177677	1050.0000000000002	83.4198946625326	1043.1234998459083	NaN
0	0.10500000000000001	1311.101183379283	2.490123485893799	12047.719721295827	887.5472759231806	1050.0000000000002	83.41989466253271	1043.1234998459086	NaN
0	0.10500000000000001	1319.6909110885856	2.463779123845333	12176.53929257332	887.5310626353046	1050.0000000000002	83.41989466253233	1043.1234998459079	NaN
0	0.10500000000000001	1328.3731551737658	2.4377113793180087	12306.746886106495	887.5150240088211	1050.0000000000002	83.41989466253247	1043.1234998459083	NaN
0	0.10500000000000001	1337.148831022063	2.4119176298304765	12438.356230081466	887.499158287325	1050.0000000000002	83.4198946625324	1043.1234998459083	NaN
0	0.10500000000000001	1346.0188698555198	2.3863952470170124	12571.38129020051	887.4834637142374	1050.0000000000002	83.41989466253239	1043.123499845908	NaN
0	0.10500000000000001	1354.9842191241019	2.3611415981642696	12705.836275580388	887.4679385336997	1050.0000000000002	83.41989466253246	1043.123499845908	NaN
0	0.10500000000000001	1364.0458465469023	2.3361540377582655	12841.73569936199	887.4525809853268	1050.0000000000002	83.41989466253231	1043.123499845908	NaN
0	0.10500000000000001	1373.2047363874235	2.3114299209924987	12979.09432285304	887.437389312461	1050.0000000000002	83.41989466253231	1043.1234998459079	NaN
0	0.10500000000000001	1382.4618917084113	2.2869666001468296	13117.92718934701	887.4223617598942	1050.0000000000002	83.41989466253249	1043.1234998459083	NaN
0	0.10500000000000001	1391.8183323509934	2.262761432495142	13258.249593818091	887.4074965786708	1050.0000000000002	83.41989466253241	1043.123499845908	NaN
0	0.10500000000000001	1401.275097854681	2.2388117749879584	13400.077126715902	887.3927920227679	1050.0000000000002	83.41989466253264	1043.1234998459086	NaN
0	0.10500000000000001	1410.8332466828047	2.2151149887750465	13543.425662351541	887.378246351819	1050.0000000000002	83.41989466253229	1043.1234998459083	NaN
0	0.10500000000000001	1420.493853451024	2.1916684480953843	13688.31131733415	887.3638578365142	1050.0000000000002	83.41989466253237	1043.1234998459083	NaN
0	0.10500000000000001	1430.2580131824752	2.168469531642693	13834.750514389461	887.3496247532429	1050.0000000000002	83.41989466253213	1043.123499845908	NaN
0	0.10500000000000001	1440.126839834779	2.1455156282640737	13982.759960270641	887.3355453875372	1050.0000000000002	83.41989466253213	1043.123499845908	NaN
0	0.10500000000000001	1450.1014647325512	2.1228041422703074	14132.35662225123	887.3216180372701	1050.0000000000002	83.41989466253213	1043.123499845908	NaN
0	0.10500000000000001	1460.1830423254364	2.100332482003065	14283.557814484244	887.3078410055888	1050.0000000000002	83.41989466253222	1043.123499845908	NaN
0	0.10500000000000001	1470.3727426018313	2.0780980787060415	14436.381084226867	887.2942126124307	1050.0000000000002	83.41989466253224	1043.123499845908	NaN
0	0.10500000000000001	1480.6717603125317	2.056098367610737	14590.844350176278	887.2807311828709	1050.0000000000002	83.41989466253239	1043.1234998459086	NaN
0	0.10500000000000001	1491.0813051699915	2.0343308107768596	14746.965755481342	887.2673950610668	1050.0000000000002	83.41989466253233	1043.1234998459086	NaN
0	0.10500000000000001	1501.6026112218387	2.0127928783399813	14904.763808326616	887.2542025987095	1050.0000000000002	83.41989466253234	1043.1234998459086	NaN
0	0.10500000000000001	1512.2369296354543	1.9914820650002008	15064.257273717509	887.2411521650713	1050.0000000000002	83.41989466253244	1043.1234998459086	NaN
0	0.10500000000000001	1522.9855369053398	1.9703958745948782	15225.465296575387	887.228242137502	1050.0000000000002	83.41989466253241	1043.1234998459083	NaN
0	0.10500000000000001	1533.849728946858	1.9495318334338632	15388.407313157002	887.2154709095431	1050.0000000000002	83.4198946625323	1043.1234998459083	NaN
0	0.10500000000000001	1544.8308229388267	1.928887487633158	15553.103078690732	887.2028368892398	1050.0000000000002	83.41989466253219	1043.1234998459083	NaN
0	0.10500000000000001	1555.9301592529944	1.9084604006376475	15719.572696316252	887.1903384975731	1050.0000000000002	83.41989466253233	1043.1234998459083	NaN
0	0.10500000000000001	1567.149099718281	1.8882481576178383	15887.836591052532	887.177974171098	1050.0000000000002	83.4198946625324	1043.1234998459083	NaN
0	0.10500000000000001	1578.489029570811	1.868248362923059	16057.91553904579	887.1657423603339	1050.0000000000002	83.41989466253223	1043.1234998459083	NaN
0	0.10500000000000001	1589.9513556586332	1.848458644269295	16229.830640644474	887.1536415322763	1050.0000000000002	83.41989466253229	1043.1234998459086	NaN
0	0.10500000000000001	1601.5375130651307	1.828876642351056	16403.60341974002	887.1416701639932	1050.0000000000002	83.4198946625325	1043.1234998459086	NaN
0	0.10500000000000001	1613.2489532608072	1.8095000320077947	16579.255646064823	887.1298267555195	1050.0000000000002	83.41989466253267	1043.1234998459086	NaN
0	0.10500000000000001	1625.087159330062	1.7903264973986808	16756.809563569037	887.1181098146307	1050.0000000000002	83.41989466253234	1043.1234998459086	NaN
0	0.10500000000000001	1637.0536363805704	1.7713537491795586	16936.287746578444	887.1065178672956	1050.0000000000002	83.41989466253243	1043.1234998459086	NaN
0	0.10500000000000001	1649.1499151745695	1.7525795192981544	17117.713154258552	887.0950494544498	1050.0000000000002	83.41989466253226	1043.1234998459083	NaN
0	0.10500000000000001	1661.3775534880988	1.7340015598447063	17301.109151002034	887.083703131247	1050.0000000000002	83.4198946625321	1043.123499845908	NaN
0	0.10500000000000001	1673.7381325618599	1.7156176492858164	17486.499453197892	887.0724774708212	1050.0000000000002	83.41989466253226	1043.1234998459086	NaN
0	0.10500000000000001	1686.2332642150413	1.6974255825715368	17673.9082359289	887.061371058202	1050.0000000000002	83.41989466253223	1043.1234998459083	NaN
0	0.10500000000000001	1698.8645848020788	1.6794231810274336	17863.360042332915	887.0503824963106	1050.0000000000002	83.41989466253233	1043.1234998459086	NaN
0	0.10500000000000001	1711.6337616408368	1.6616082838242494	18054.87988001709	887.0395104007105	1050.0000000000002	83.41989466253243	1043.1234998459086	NaN
0	0.10500000000000001	1724.5424859489663	1.643978758736779	18248.49311511395	887.028753406132	1050.0000000000002	83.41989466253256	1043.1234998459086	NaN
0	0.10500000000000001	1737.5924837195755	1.626532487846356	18444.2256354022	887.0181101577061	1050.0000000000002	83.41989466253244	1043.1234998459086	NaN
0	0.10500000000000001	1750.785506862916	1.6092673805674726	18642.103717445025	887.0075793188745	1050.0000000000002	83.41989466253236	1043.1234998459086	NaN
0	0.10500000000000001	1764.1233390171687	1.5921813664882343	18842.15411374474	886.9971595669803	1050.0000000000002	83.4198946625324	1043.1234998459086	NaN
0	0.10500000000000001	1777.607795342865	1.5752723965514912	19044.404049660247	886.9868495939517	1050.0000000000002	83.41989466253264	1043.1234998459086	NaN
0	0.10500000000000001	1791.2407204582946	1.5585384463594445	19248.881192441502	886.9766481082786	1050.0000000000002	83.41989466253229	1043.1234998459083	NaN
0	0.10500000000000001	1805.023995468246	1.5419775082564595	19455.613756652674	886.9665538301498	1050.0000000000002	83.4198946625323	1043.1234998459083	NaN
0	0.10500000000000001	1818.9595304324114	1.5255876013428418	19664.63039120824	886.9565654975207	1050.0000000000002	83.41989466253224	1043.1234998459086	NaN
0	0.10500000000000001	1833.0492743156544	1.5093667603420262	19875.960328615885	886.9466818592927	1050.0000000000002	83.4198946625324	1043.1234998459088	NaN
0	0.10500000000000001	1847.2952054395964	1.4933130475884635	20089.63324176226	886.9369016825847	1050.0000000000002	83.4198946625326	1043.1234998459088	NaN
0	0.10500000000000001	1861.699338736418	1.4774245451987547	20305.6793527122	886.9272237479274	1050.0000000000002	83.41989466253294	1043.123499845909	NaN
0	0.10500000000000001	1876.2637265612152	1.4616993550786315	20524.12944489404	886.9176468492358	1050.0000000000002	83.41989466253267	1043.1234998459086	NaN
0	0.10500000000000001	1890.9904595238238	1.4461355989205222	20745.01487557701	886.9081697937753	1050.0000000000002	83.41989466253261	1043.1234998459088	NaN
0	0.10500000000000001	1905.8816633517663	1.4307314222744723	20968.367528819505	886.8987914046097	1050.0000000000002	83.41989466253234	1043.1234998459086	NaN
0	0.10500000000000001	1920.9395056342184	1.4154849882136604	21194.219916622227	886.8895105167123	1050.0000000000002	83.41989466253243	1043.1234998459086	NaN
0	0.10500000000000001	1936.1661917038755	1.4003944824380108	21422.605117161303	886.880325980044	1050.0000000000002	83.41989466253253	1043.1234998459088	NaN
0	0.10500000000000001	1951.563965412569	1.3854581130555699	21653.556786422323	886.871236659389	1050.0000000000002	83.4198946625328	1043.1234998459088	NaN
0	0.10500000000000001	1967.1351182672863	1.37067410252714	21887.109295232553	886.8622414294243	1050.0000000000002	83.41989466253281	1043.1234998459088	NaN
0	0.10500000000000001	1982.8819758536636	1.3560407015071518	22123.297525627193	886.8533391831139	1050.0000000000002	83.41989466253281	1043.1234998459088	NaN
0	0.10500000000000001	1998.8069143856587	1.3415561738544795	22362.15711907947	886.8445288225603	1050.0000000000002	83.41989466253281	1043.1234998459088	NaN
0	0.10500000000000001	2014.9123512052342	1.327218806444917	22603.7243340057	886.8358092649474	1050.0000000000002	83.41989466253287	1043.1234998459088	NaN
0	0.10500000000000001	2031.2007532495325	1.3130269022927632	22848.036172766024	886.8271794383318	1050.0000000000002	83.41989466253276	1043.123499845909	NaN
0	0.10500000000000001	2047.6746294206089	1.2989787881121089	23095.13026721799	886.8186382862135	1050.0000000000002	83.41989466253253	1043.1234998459086	NaN
0	0.10500000000000001	2064.336541454735	1.2850728056651228	23345.04504174744	886.8101847622503	1050.0000000000002	83.41989466253229	1043.1234998459086	NaN
0	0.10500000000000001	2081.1890973235368	1.2713073183064274	23597.81961429211	886.801817834213	1050.0000000000002	83.41989466253244	1043.1234998459088	NaN
0	0.10500000000000001	2098.2349556340987	1.2576807080251455	23853.493862340267	886.7935364821622	1050.0000000000002	83.41989466253261	1043.1234998459088	NaN
0	0.10500000000000001	2115.4768290942175	1.244191373576546	24112.108474907593	886.7853396972897	1050.0000000000002	83.41989466253253	1043.1234998459086	NaN
0	0.10500000000000001	2132.9174799615193	1.2308377349315893	24373.70488427848	886.777226484599	1050.0000000000002	83.41989466253247	1043.1234998459086	NaN
0	0.10500000000000001	2150.559730552627	1.2176182260118729	24638.32542363617	886.769195858469	1050.0000000000002	83.41989466253281	1043.1234998459088	NaN
0	0.10500000000000001	2168.4064492178936	1.2045313061414615	24906.013116695303	886.761246849589	1050.0000000000002	83.41989466253274	1043.123499845909	NaN
0	0.10500000000000001	2186.460571739569	1.1915754449191776	25176.811998659214	886.7533784957483	1050.0000000000002	83.4198946625326	1043.1234998459088	NaN
0	0.10500000000000001	2204.72508845971	1.1787491327978683	25450.76692314921	886.7455898482399	1050.0000000000002	83.41989466253293	1043.123499845909	NaN
0	0.10500000000000001	2223.20305040861	1.166050877448349	25727.92365412736	886.7378799696335	1050.0000000000002	83.41989466253277	1043.1234998459088	NaN
0	0.10500000000000001	2241.897571994533	1.1534792028657164	26008.328906241615	886.7302479332117	1050.0000000000002	83.4198946625325	1043.1234998459086	NaN
0	0.10500000000000001	2260.8118287353227	1.1410326518298048	26292.03031080243	886.722692824445	1050.0000000000002	83.41989466253217	1043.1234998459086	NaN
0	0.10500000000000001	2279.949063782674	1.1287097824652126	26579.076513643333	886.7152137388833	1050.0000000000002	83.41989466253244	1043.1234998459088	NaN
0	0.10500000000000001	2299.312588297991	1.1165091690763733	26869.517180759707	886.7078097826462	1050.0000000000002	83.41989466253266	1043.1234998459086	NaN
0	0.10500000000000001	2318.905780483624	1.1044294037177678	27163.402983778844	886.7004800733556	1050.0000000000002	83.41989466253254	1043.1234998459088	NaN
0	0.10500000000000001	2338.7320911454235	1.0924690936804262	27460.785683395803	886.6932237385942	1050.0000000000002	83.4198946625329	1043.123499845909	NaN
0	0.10500000000000001	2358.7950401229627	1.0806268646402775	27761.718075829853	886.6860399177978	1050.0000000000002	83.41989466253257	1043.1234998459088	NaN
0	0.10500000000000001	2379.0982314968073	1.0689013526944602	28066.254220925577	886.6789277574072	1050.0000000000002	83.41989466253254	1043.1234998459086	NaN
0	0.10500000000000001	2399.6453352284134	1.0572912161899788	28374.449166763166	886.6718864180272	1050.0000000000002	83.41989466253293	1043.123499845909	NaN
0	0.10500000000000001	2420.440106645534	1.0457951253787183	28686.35924192916	886.6649150681345	1050.0000000000002	83.41989466253277	1043.1234998459088	NaN
0	0.10500000000000001	2441.486380254406	1.0344117671210251	29002.041962703985	886.6580128869159	1050.0000000000002	83.41989466253254	1043.1234998459086	NaN
0	0.10500000000000001	2462.7880773821234	1.023139841783214	29321.55614769442	886.6511790623717	1050.0000000000002	83.41989466253293	1043.123499845909	NaN
0	0.10500000000000001	2484.3491997669603	1.0119780677439165	29644.961821692934	886.6444127940313	1050.0000000000002	83.41989466253271	1043.1234998459088	NaN
0	0.10500000000000001	2506.173849017338	1.000925172387323	29972.320507553242	886.6377132874798	1050.0000000000002	83.41989466253244	1043.1234998459086	NaN
0	0.10500000000000001	2528.2662072122093	0.9899799033115964	30303.694935207244	886.6310797611376	1050.0000000000002	83.41989466253253	1043.1234998459088	NaN
0	0.10500000000000001	2550.630555199852	0.9791410200671523	30639.14931613864	886.6245114412387	1050.0000000000002	83.41989466253268	1043.123499845909	NaN
0	0.10500000000000001	2573.2712783022666	0.9684072928629156	30978.749428947653	886.6180075610332	1050.0000000000002	83.41989466253263	1043.1234998459088	NaN
0	0.10500000000000001	2596.1928446244715	0.9577775140492742	31322.562294001917	886.6115673677322	1050.0000000000002	83.41989466253241	1043.1234998459086	NaN
0	0.10500000000000001	2619.3998363793044	0.9472504843631439	31670.656643294722	886.6051901141597	1050.0000000000002	83.41989466253277	1043.123499845909	NaN
0	0.10500000000000001	2642.8969405656635	0.9368250187815422	32023.102780624526	886.5988750622872	1050.0000000000002	83.41989466253247	1043.1234998459088	NaN
0	0.10500000000000001	2666.6889549112507	0.9264999451224774	32379.972670734678	886.5926214823736	1050.0000000000002	83.41989466253285	1043.1234998459088	NaN
0	0.10500000000000001	2690.780784403829	0.9162741068057835	32741.339887285034	886.5864286546248	1050.0000000000002	83.41989466253277	1043.1234998459088	NaN
0	0.10500000000000001	2715.1774555003162	0.9061463580278797	33107.279825983576	886.5802958662599	1050.0000000000002	83.41989466253256	1043.1234998459088	NaN
0	0.10500000000000001	2739.8841079465997	0.8961155685775428	33477.86958188838	886.5742224144159	1050.0000000000002	83.41989466253249	1043.1234998459088	NaN
0	0.10500000000000001	2764.9060111358267	0.8861806184306824	33853.18819477664	886.5682076028628	1050.0000000000002	83.41989466253274	1043.1234998459088	NaN
0	0.10500000000000001	2790.248559316598	0.8763404011966838	34233.316577270976	886.5622507440798	1050.0000000000002	83.41989466253253	1043.1234998459086	NaN
0	0.10500000000000001	2815.9172784229995	0.8665938227994588	34618.337617288606	886.5563511584461	1050.0000000000002	83.41989466253231	1043.1234998459083	NaN
0	0.10500000000000001	2841.917834975123	0.8569397996032428	35008.33631154725	886.5505081730953	1050.0000000000002	83.41989466253239	1043.1234998459088	NaN
0	0.10500000000000001	2868.256024231297	0.8473772642768371	35403.39958785454	886.5447211254555	1050.0000000000002	83.41989466253251	1043.1234998459086	NaN
0	0.10500000000000001	2894.9377968122235	0.8379051574257882	35803.616704461594	886.5389893581734	1050.0000000000002	83.41989466253251	1043.1234998459086	NaN
0	0.10500000000000001	2921.9692470527048	0.8285224334874071	36209.079075344875	886.5333122226738	1050.0000000000002	83.41989466253258	1043.1234998459088	NaN
0	0.10500000000000001	2949.3566243206747	0.8192280582050798	36619.880439989145	886.5276890776192	1050.0000000000002	83.4198946625327	1043.1234998459088	NaN
0	0.10500000000000001	2977.1063393611967	0.8100210081026807	37036.116958546874	886.5221192885857	1050.0000000000002	83.41989466253253	1043.1234998459086	NaN
0	0.10500000000000001	3005.2249671360105	0.8009002712031036	37457.88725443218	886.5166022284853	1050.0000000000002	83.41989466253229	1043.1234998459088	NaN
0	0.10500000000000001	3033.719255428654	0.7918648458969231	37885.29254339652	886.511137276875	1050.0000000000002	83.41989466253273	1043.1234998459088	NaN
0	0.10500000000000001	3062.59611642062	0.7829137452318695	38318.43650717536	886.5057238225411	1050.0000000000002	83.41989466253256	1043.1234998459088	NaN
0	0.10500000000000001	3091.8626587726058	0.7740459885478166	38757.42577469845	886.500361258432	1050.0000000000002	83.41989466253253	1043.1234998459086	NaN
0	0.10500000000000001	3121.5261759250457	0.7652606070883915	39202.3697466036	886.4950489850437	1050.0000000000002	83.41989466253227	1043.1234998459086	NaN
0	0.10500000000000001	3151.594157613187	0.7565566423013643	39653.38076796093	886.4897864093838	1050.0000000000002	83.41989466253251	1043.1234998459086	NaN
0	0.10500000000000001	3182.0742876566674	0.7479331482583353	40110.5740951191	886.4845729464272	1050.0000000000002	83.41989466253253	1043.1234998459088	NaN
0	0.10500000000000001	3212.9744662830035	0.7393891871024799	40574.06823055299	886.4794080163541	1050.0000000000002	83.41989466253253	1043.1234998459088	NaN
0	0.10500000000000001	3244.302810657605	0.7309238309841344	41043.984930815895	886.4742910457151	1050.0000000000002	83.41989466253253	1043.1234998459088	NaN
0	0.10500000000000001	3276.0676637472116	0.7225361616399038	41520.44933949065	886.4692214671677	1050.0000000000002	83.41989466253253	1043.1234998459088	NaN
0	0.10500000000000001	3308.2775949165716	0.7142252722070362	42003.58999614162	886.4641987205669	1050.0000000000002	83.41989466253253	1043.1234998459088	NaN
0	0.10500000000000001	3340.941413478919	0.7059902656339907	42493.53903957026	886.4592222519958	1050.0000000000002	83.41989466253253	1043.1234998459088	NaN
0	0.10500000000000001	3374.068189632391	0.6978302515714322	42990.43252185827	886.454291511882	1050.0000000000002	83.41989466253254	1043.1234998459088	NaN
0	0.10500000000000001	3407.667245026795	0.6897443509913987	43494.41026687375	886.4494059577804	1050.0000000000002	83.41989466253287	1043.1234998459088	NaN
0	0.10500000000000001	3441.7481675344807	0.6817316946452205	44005.61609183268	886.4445650534361	1050.0000000000002	83.4198946625327	1043.1234998459088	NaN
0	0.10500000000000001	3476.3208268001595	0.6737914216238394	44524.19804054485	886.4397682679062	1050.0000000000002	83.4198946625325	1043.1234998459088	NaN
0	0.10500000000000001	3511.3953976818193	0.6659226764488234	45050.30873502456	886.4350150737995	1050.0000000000002	83.41989466253258	1043.1234998459088	NaN
0	0.10500000000000001	3546.9823276865295	0.6581246187927	45584.10488703756	886.4303049531386	1050.0000000000002	83.41989466253266	1043.1234998459088	NaN
0	0.10500000000000001	3583.09240355099	0.6503964109912991	46125.74829679667	886.4256373898148	1050.0000000000002	83.41989466253278	1043.1234998459086	NaN
0	0.10500000000000001	3619.7367116163027	0.6427372292851008	46675.40525859465	886.421011876367	1050.0000000000002	83.41989466253253	1043.1234998459086	NaN
0	0.10500000000000001	3656.926699803787	0.6351462531363485	47233.24749043076	886.4164279075287	1050.0000000000002	83.4198946625324	1043.1234998459086	NaN
0	0.10500000000000001	3694.674152539681	0.6276226732535489	47799.45175788929	886.4118849850659	1050.0000000000002	83.4198946625324	1043.1234998459088	NaN
0	0.10500000000000001	3732.9912225658327	0.6201656876930233	48374.20035129601	886.4073826154191	1050.0000000000002	83.41989466253253	1043.1234998459086	NaN
0	0.10500000000000001	3771.8904438251625	0.6127745021503452	48957.68127900041	886.4029203098721	1050.0000000000002	83.41989466253236	1043.1234998459088	NaN
0	0.10500000000000001	3811.3847475144494	0.605448329751055	49550.088508167326	886.3984975844222	1050.0000000000002	83.41989466253276	1043.1234998459088	NaN
0	0.10500000000000001	3851.4874680904204	0.5981863927907721	50151.622054869935	886.3941139608249	1050.0000000000002	83.41989466253256	1043.1234998459088	NaN
0	0.10500000000000001	3892.2123738637442	0.5909879200591872	50762.48844299707	886.3897689649732	1050.0000000000002	83.41989466253254	1043.1234998459088	NaN
0	0.10500000000000001	3933.573688321802	0.5838521462437055	51382.90102409411	886.3854621265338	1050.0000000000002	83.41989466253283	1043.1234998459088	NaN
0	0.10500000000000001	3975.586081455086	0.5767783165522212	52013.079847263674	886.3811929817317	1050.0000000000002	83.41989466253258	1043.1234998459086	NaN
0	0.10500000000000001	4018.264720054865	0.5697656812475613	52653.25241362504	886.376961070047	1050.0000000000002	83.41989466253243	1043.1234998459088	NaN
0	0.10500000000000001	4061.625286409478	0.5628134960945681	53303.65395675909	886.3727659344813	1050.0000000000002	83.41989466253263	1043.1234998459088	NaN
0	0.10500000000000001	4105.6839622233465	0.5559210282863436	53964.5272014993	886.368607125128	1050.0000000000002	83.4198946625325	1043.1234998459086	NaN
0	0.10500000000000001	4150.45750689935	0.5490875474485126	54636.12353815851	886.3644841937407	1050.0000000000002	83.41989466253251	1043.1234998459088	NaN
0	0.10500000000000001	4195.96323737768	0.5423123325594752	55318.702720118585	886.3603966979045	1050.0000000000002	83.4198946625327	1043.1234998459086	NaN
0	0.10500000000000001	4242.219086397513	0.5355946668132869	56012.533737750324	886.3563441979327	1050.0000000000002	83.4198946625324	1043.1234998459088	NaN
0	0.10500000000000001	4289.243595123662	0.5289338425735529	56717.89470781832	886.3523262598504	1050.0000000000002	83.41989466253253	1043.1234998459088	NaN
0	0.10500000000000001	4337.055968588102	0.5223291572279942	57435.07370509957	886.3483424528907	1050.0000000000002	83.41989466253254	1043.1234998459088	NaN
0	0.10500000000000001	4385.676111962714	0.515779912373676	58164.369306473905	886.3443923489997	1050.0000000000002	83.4198946625328	1043.1234998459088	NaN
0	0.10500000000000001	4435.124625580675	0.5092854186855592	58906.09051624963	886.3404755257695	1050.0000000000002	83.41989466253271	1043.1234998459086	NaN
0	0.10500000000000001	4485.4228695429265	0.5028449914816442	59660.55773525621	886.3365915637577	1050.0000000000002	83.41989466253243	1043.1234998459086	NaN
0	0.10500000000000001	4536.592991434949	0.4964579516882251	60428.103176596764	886.3327400470695	1050.0000000000002	83.41989466253253	1043.1234998459086	NaN
0	0.10500000000000001	4588.657948186303	0.4901236276000955	61209.07119354299	886.3289205644114	1050.0000000000002	83.41989466253249	1043.123499845909	NaN
0	0.10500000000000001	4641.641592795998	0.4838413490155893	62003.819580409836	886.3251327055561	1050.0000000000002	83.41989466253271	1043.1234998459086	NaN
0	0.10500000000000001	4695.56863292049	0.4776104571118266	62812.71895138532	886.3213760672891	1050.0000000000002	83.41989466253244	1043.1234998459086	NaN
0	0.10500000000000001	4750.464765471983	0.4714302935395246	63636.15475949415	886.3176502468341	1050.0000000000002	83.41989466253249	1043.1234998459086	NaN
0	0.10500000000000001	4806.3566410563235	0.46530020982607695	64474.52676317555	886.3139548475151	1050.0000000000002	83.41989466253251	1043.1234998459088	NaN
0	0.10500000000000001	4863.271999877344	0.4592195575686656	65328.25106483859	886.3102894728455	1050.0000000000002	83.4198946625326	1043.1234998459088	NaN
0	0.10500000000000001	4921.239642544512	0.45318769735165276	66197.75967298589	886.3066537318966	1050.0000000000002	83.41989466253253	1043.1234998459086	NaN
0	0.10500000000000001	4980.289523533874	0.4472039943595888	67083.50190412332	886.3030472366534	1050.0000000000002	83.4198946625325	1043.1234998459088	NaN
0	0.10500000000000001	5040.452823027893	0.4412678170586528	67985.9454603563	886.2994696012152	1050.0000000000002	83.41989466253263	1043.1234998459088	NaN
0	0.10500000000000001	5101.761961283079	0.4353785418696665	68905.57664490888	886.2959204446089	1050.0000000000002	83.41989466253251	1043.1234998459086	NaN
0	0.10500000000000001	5164.250738441559	0.4295355458873985	69842.90245929013	886.2923993864002	1050.0000000000002	83.41989466253254	1043.1234998459088	NaN
0	0.10500000000000001	5227.9543220206015	0.4237382147676577	70798.45041564463	886.2889060514426	1050.0000000000002	83.41989466253263	1043.1234998459088	NaN
0	0.10500000000000001	5292.909383767709	0.4179859367208903	71772.7705895732	886.2854400662558	1050.0000000000002	83.41989466253251	1043.1234998459088	NaN
0	0.10500000000000001	5359.154148803555	0.4122781052832569	72766.43635727945	886.2820010606926	1050.0000000000002	83.4198946625326	1043.1234998459086	NaN
0	0.10500000000000001	5426.728469239191	0.40661412005208397	73780.04549982876	886.2785886683782	1050.0000000000002	83.41989466253261	1043.1234998459088	NaN
0	0.10500000000000001	5495.673962370387	0.4009933825323601	74814.2222760592	886.2752025242089	1050.0000000000002	83.41989466253251	1043.1234998459086	NaN
0	0.10500000000000001	5566.034045271606	0.3954153012039742	75869.61794149618	886.2718422673989	1050.0000000000002	83.41989466253254	1043.1234998459088	NaN
0	0.10500000000000001	5637.854153338964	0.3898792822748331	76946.91402648763	886.2685075359091	1050.0000000000002	83.41989466253263	1043.1234998459088	NaN
0	0.10500000000000001	5711.181813982383	0.38438473315183536	78046.82344158978	886.2651979685361	1050.0000000000002	83.41989466253251	1043.1234998459088	NaN
0	0.10500000000000001	5786.066632079715	0.3789310722810782	79170.09025938889	886.2619132108382	1050.0000000000002	83.41989466253267	1043.1234998459088	NaN
0	0.10500000000000001	5862.5604807312875	0.37351772359445823	80317.4925758138	886.2586529117862	1050.0000000000002	83.41989466253256	1043.1234998459088	NaN
0	0.10500000000000001	5940.717644045676	0.36814411564363203	81489.84465192168	886.2554167232398	1050.0000000000002	83.41989466253254	1043.1234998459086	NaN
0	0.10500000000000001	6020.5949643314325	0.362809681185725	82687.99912177357	886.252204299697	1050.0000000000002	83.41989466253268	1043.1234998459088	NaN
0	0.10500000000000001	6102.2519439741645	0.35751386037268673	83912.84852059373	886.2490153002096	1050.0000000000002	83.41989466253254	1043.1234998459088	NaN
0	0.10500000000000001	6185.7509874663465	0.3522560953617415	85165.32891521146	886.2458493851399	1050.0000000000002	83.41989466253263	1043.1234998459088	NaN
0	0.10500000000000001	6271.157484343049	0.3470358361163224	86446.42114810277	886.2427062196473	1050.0000000000002	83.41989466253253	1043.1234998459088	NaN
0	0.10500000000000001	6358.540047219028	0.3418525368941534	87757.15440794324	886.2395854715743	1050.0000000000002	83.41989466253263	1043.1234998459088	NaN
0	0.10500000000000001	6447.970684082688	0.3367056578193722	89098.60881401908	886.2364868123897	1050.0000000000002	83.41989466253254	1043.1234998459088	NaN
0	0.10500000000000001	6539.524993658516	0.3315946657284137	90471.91834666443	886.2334099176954	1050.0000000000002	83.41989466253261	1043.1234998459088	NaN
0	0.10500000000000001	6633.282449973514	0.3265190309512309	91878.27511575462	886.2303544652891	1050.0000000000002	83.41989466253254	1043.1234998459088	NaN
0	0.10500000000000001	6729.326534261861	0.3214782334494141	93318.93133928232	886.2273201388531	1050.0000000000002	83.41989466253261	1043.1234998459088	NaN
0	0.10500000000000001	6827.745097381708	0.31647175725688037	94795.20477960385	886.2243066246085	1050.0000000000002	83.41989466253256	1043.1234998459088	NaN
0	0.10500000000000001	6928.630569272431	0.31149909430923833	96308.48188530176	886.2213136136182	1050.0000000000002	83.41989466253254	1043.1234998459088	NaN
0	0.10500000000000001	7032.080285117408	0.30655974315117096	97860.22268362527	886.2183408010053	1050.0000000000002	83.4198946625326	1043.1234998459088	NaN
0	0.10500000000000001	7138.196765069142	0.30165321107851784	99451.9649763692	886.2153878872409	1050.0000000000002	83.41989466253256	1043.1234998459088	NaN
0	0.10500000000000001	7247.088093790422	0.2967790126368521	101085.33003298996	886.2124545772391	1050.0000000000002	83.41989466253256	1043.1234998459088	NaN
0	0.10500000000000001	7358.868209082031	0.29193667347685875	102762.02692002495	886.2095405826723	1050.0000000000002	83.41989466253256	1043.1234998459088	NaN
0	0.10500000000000001	7473.657402620287	0.2871257260038532	104483.86001215132	886.2066456193545	1050.0000000000002	83.41989466253256	1043.1234998459088	NaN
0	0.10500000000000001	7591.582608857308	0.28234571562469485	106252.73332569624	886.2037694109947	1050.0000000000002	83.41989466253257	1043.1234998459088	NaN
0	0.10500000000000001	7712.777954810148	0.27759619715637385	108070.6587654704	886.2009116870364	1050.0000000000002	83.41989466253261	1043.1234998459086	NaN
0	0.10500000000000001	7837.385155198992	0.2728767391378675	109939.76205184506	886.198072185246	1050.0000000000002	83.41989466253261	1043.1234998459086	NaN
0	0.10500000000000001	7965.554115398752	0.2681869213744619	111862.2917650237	886.1952506502358	1050.0000000000002	83.41989466253261	1043.1234998459086	NaN
0	0.10500000000000001	8097.443389569258	0.2635263396076222	113840.62621699952	886.1924468362703	1050.0000000000002	83.41989466253261	1043.1234998459086	NaN
0	0.10500000000000001	8233.220806333673	0.25889460534121184	115877.2828367315	886.1896605071568	1050.0000000000002	83.41989466253261	1043.1234998459086	NaN
0	0.10500000000000001	8373.064117357197	0.254291346711592	117974.92789882573	886.186891436768	1050.0000000000002	83.41989466253261	1043.1234998459086	NaN
0	0.10500000000000001	8500.0	0.2502524432901792	119878.96209956435	886.1844619705686	1050.0000000000002	83.41989466253261	1043.1234998459086	NaN
