FB	rho	time	Z1	Z2	X1	XC	A	M
1	0.1	0.0	485.50755353492013	61.79100568379159	1000.0	1000.0	83.42386696976199	993.7165994732338	NaN
1	0.1	9.999999999999999e-5	485.50755353492013	61.79100568379159	1000.0	1000.0	83.42386696976199	993.7165994732338	NaN
1	0.1	0.0010999999999999998	485.50755353492013	61.79100568379159	1000.0	1000.0	83.42386696976199	993.7165994732338	NaN
1	0.1	0.011099999999999997	485.50755353492013	61.79100568379159	1000.0	1000.0	83.42386696976199	993.7165994732338	NaN
1	0.1	0.11109999999999996	485.50755353492013	61.79100568379159	1000.0	1000.0	83.423866969762	993.7165994732338	NaN
1	0.1	1.1110999999999995	485.50755353492013	61.79100568379159	1000.0	1000.0	83.42386696976192	993.7165994732338	NaN
1	0.1	7.145291392776968	485.50755353492013	61.791005683791596	999.9999999999999	1000.0000000000001	83.42386696976185	993.716599473234	NaN
1	0.1	45.30824431697118	485.5075535349205	61.79100568379154	1000.0000000000003	1000.0	83.42386696976213	993.7165994732337	NaN
1	0.1	293.89099664795083	485.50755353492036	61.79100568379157	1000.0000000000003	1000.0000000000002	83.42386696976197	993.716599473234	NaN
1	0.1	500.0	485.50755353492036	61.79100568379158	1000.0000000000005	1000.0000000000003	83.42386696976196	993.7165994732342	NaN
1	0.10500000000000001	500.0	485.50755353492013	61.79100568379159	1000.0	1000.0	83.42386696976199	993.7165994732338	NaN
1	0.10500000000000001	500.0075401888007	485.50755302001085	61.791047799001944	999.9999971246594	1000.0376867332187	83.42365651044072	993.7166002660957	NaN
1	0.10500000000000001	500.01834589817935	485.50754622805033	61.79125065159416	999.9999811973926	1000.0916453877512	83.42262297928536	993.716610880262	NaN
1	0.10500000000000001	500.0321806729465	485.50751483629114	61.79174284930333	999.9999351479005	1000.160644674891	83.42004707932026	993.716660947093	NaN
1	0.10500000000000001	500.04950481034314	485.50741590759657	61.792703070867894	999.9998258575584	1000.2469121041103	83.4148510110523	993.7168228339551	NaN
1	0.10500000000000001	500.07013392672957	485.5071727820704	61.79430539321192	999.9996012954521	1000.3494419369057	83.4058306264683	993.7172330663955	NaN
1	0.10500000000000001	500.0941338912372	485.5066612794334	61.79673850062929	999.999179199596	1000.4684587262517	83.39150463196532	993.7181270539223	NaN
1	0.10500000000000001	500.1213295486716	485.50570835746066	61.800156587383896	999.9984447218228	1000.6029766889559	83.37036228278106	993.7198591246986	NaN
1	0.10500000000000001	500.1516287898662	485.5040860110971	61.80469467725611	999.9972401255703	1000.7524126694021	83.34077610194166	993.722936233464	NaN
1	0.10500000000000001	500.18485893900447	485.50151990720076	61.81044416763245	999.9953639912126	1000.915778829884	83.30118178607627	993.728028879893	NaN
1	0.10500000000000001	500.2208649678818	485.4976941400651	61.817463728368836	999.9925660742791	1001.0921713178268	83.25006966163262	993.7359893126115	NaN
1	0.10500000000000001	500.25944865039116	485.4922685842583	61.82577070014006	999.9885518099579	1001.2804743508717	83.18612923402253	993.7478412462274	NaN
1	0.10500000000000001	500.3003924113928	485.4848946164386	61.83534804013783	999.9829875030109	1001.4794820519613	83.10830761399804	993.7647631605114	NaN
1	0.10500000000000001	500.3434442413345	485.475237175678	61.84614538684386	999.9755136833912	1001.6878298025947	83.01591772202202	993.7880439237244	NaN
1	0.10500000000000001	500.3883356037132	485.4629918366408	61.85808809036135	999.9657592419135	1001.9040863494508	82.90867589035948	993.8190324481552	NaN
1	0.10500000000000001	500.4347939808582	485.4478980051316	61.8710859225573	999.9533570112003	1002.1268180603666	82.78671325794788	993.8590809542274	NaN
1	0.10500000000000001	500.4825618240903	485.4297434558871	61.885043503013826	999.9379558685982	1002.3546818301867	82.65053302659916	993.9094986432101	NaN
1	0.10500000000000001	500.531405795565	485.4083641535951	61.89986751515491	999.9192307233494	1002.5864690256767	82.50095703175246	993.9715126966457	NaN
1	0.10500000000000001	500.5811229627511	485.38363940419197	61.91547196129875	999.8968888273201	1002.8211333200103	82.33905942033851	994.0462421955743	NaN
1	0.10500000000000001	500.6315414288729	485.35548547110744	61.93178066013037	999.8706738521721	1003.0577911353595	82.16610658226836	994.1346804965956	NaN
1	0.10500000000000001	500.68252167697557	485.3238465773229	61.948729092996885	999.8403659618765	1003.2957249456842	81.98349249542557	994.2376920630371	NaN
1	0.10500000000000001	500.73394832812534	485.2886909886584	61.966262440311596	999.8057848503462	1003.5343417036642	81.79271170822058	994.3560000668749	NaN
1	0.10500000000000001	500.78573104504375	485.2500023615894	61.98433614466364	999.7667865812855	1003.7731744273634	81.59530763688232	994.4901955915741	NaN
1	0.10500000000000001	500.8377993416488	485.20777552712303	62.00291422551426	999.7232630356136	1004.0118555960854	81.39284978140421	994.640738535637	NaN
1	0.10500000000000001	500.89010046362824	485.1620113464948	62.02196849271952	999.6751391307486	1004.2501052128215	81.18690737569999	994.807966508456	NaN
1	0.10500000000000001	500.9425961404049	485.11271348558483	62.04147731062327	999.6223709101123	1004.4877140147427	80.9790341790719	994.9921010168299	NaN
1	0.10500000000000001	500.99526031469924	485.0598855040129	62.061424684956265	999.5649431800772	1004.7245315307979	80.77075550344001	995.1932553990068	NaN
1	0.10500000000000001	501.0480768554746	485.00352894160585	62.081799340465714	999.5028676437698	1004.9604543856736	80.56356025653274	995.4114411519356	NaN
1	0.10500000000000001	501.10103764171015	484.94364196189696	62.10259393608549	999.4361812764945	1005.1954165876203	80.35889544989661	995.6465734757047	NaN
1	0.10500000000000001	501.1541408703448	484.8802185561591	62.123804366184615	999.3649450966025	1005.4293810961093	80.15816277537924	995.8984754551761	NaN
1	0.10500000000000001	501.2073895093072	484.8132482935014	62.14542911451771	999.2892434269473	1005.6623322918869	79.96271666933094	996.1668805063753	NaN
1	0.10500000000000001	501.26078999959327	484.74271639363735	62.167468699955336	999.2091834623515	1005.8942697813769	79.7738626932739	996.4514337137059	NaN
1	0.10500000000000001	501.31435104502106	484.66860422292774	62.189925147775504	999.1248952831031	1006.1252027992073	79.59285618406088	996.7516915463367	NaN
1	0.10500000000000001	501.3680825509969	484.59089006865236	62.21280150890322	999.0365321475623	1006.355145460916	79.4209003845017	997.0671205341811	NaN
1	0.10500000000000001	501.4219946736298	484.509550172036	62.23610141069218	998.9442710109663	1006.5841126774765	79.25914376267895	997.3970950896856	NaN
1	0.10500000000000001	501.4760970006159	484.42455992611065	62.259828648701145	998.8483131135366	1006.812116803651	79.10867614638599	997.7408950394645	NaN
1	0.10500000000000001	501.53039780332193	484.33589527251956	62.283986794353005	998.748884612667	1007.0391647431944	78.97052367004304	998.0977029661027	NaN
1	0.10500000000000001	501.5849034907431	484.2435340332922	62.30857887804425	998.6462368919621	1007.2652560381566	78.84564213192789	998.466602692396	NaN
1	0.10500000000000001	501.6396181240393	484.1474573367399	62.333607089227115	998.5406466612448	1007.4903813181969	78.73490926891333	998.8465785221595	NaN
1	0.10500000000000001	501.69454318337495	484.0476507522556	62.35907258380628	998.432415365753	1007.7145218748918	78.63911575091413	999.2365169941891	NaN
1	0.10500000000000001	501.74967746203066	483.94410526074796	62.38497534925145	998.3218680216853	1007.9376497958605	78.5589556494953	999.6352107591185	NaN
1	0.10500000000000001	501.8050171582551	483.8368178650153	62.41131416546042	998.2093512667674	1008.15972890665	78.49501675518562	1000.0413653672305	NaN
1	0.10500000000000001	501.86055615936436	483.72579176558173	62.438086666150326	998.0952305908758	1008.3807164470577	78.44777139931365	1000.4536091188187	NaN
1	0.10500000000000001	501.91628643762203	483.61103618847557	62.46528946849629	997.9798869143222	1008.600565114919	78.41756848560736	1000.8705053900644	NaN
1	0.10500000000000001	501.97219857489955	483.4925657822598	62.492918383307774	997.8637125293435	1008.8192255120244	78.4046272208036	1001.2905673869749	NaN
1	0.10500000000000001	502.02828230218626	483.37039978403135	62.52096865300532	997.7471067246164	1009.0366485177971	78.40903299736064	1001.7122741713356	NaN
1	0.10500000000000001	502.0845270415766	483.2445609793228	62.549435210926134	997.6304712272886	1009.2527875373629	78.43073558157897	1002.1340874630862	NaN
1	0.10500000000000001	502.14092236301116	483.11507466256325	62.57831291617615	997.5142057576783	1009.4676002899315	78.46954958326054	1002.5544681366505	NaN
1	0.10500000000000001	502.1974583304238	482.9819676974628	62.607596746682205	997.3987038507088	1009.681050063074	78.52515696436446	1002.9718918360586	NaN
1	0.10500000000000001	502.25412570073314	482.84526781530843	62.63728192614787	997.2843490963509	1009.8931063245225	78.59711121378373	1003.3848631414199	NaN
1	0.10500000000000001	502.31091599945256	482.705003154259	62.667363991201455	997.1715117975946	1010.1037448160238	78.6848428084677	1003.7919282790714	NaN
1	0.10500000000000001	502.3678214485079	482.5612021535256	62.69783878035483	997.0605461138898	1010.3129470708826	78.78766554504926	1004.1916861225726	NaN
1	0.10500000000000001	502.4248348165329	482.41389367868015	62.72870237692008	996.9517875452444	1010.5206996459152	78.90478351122218	1004.5827980056978	NaN
1	0.10500000000000001	502.4819491911181	482.2631074099139	62.7599510024661	996.8455507440868	1010.7269930846859	79.03529848103959	1004.9639963963701	NaN
1	0.10500000000000001	502.5391577523342	482.10887430684056	62.79158090180838	996.7421274873086	1010.9318209126538	79.17821776908121	1005.334093039111	NaN
1	0.10500000000000001	502.59645357839474	481.9512270620203	62.823588237004785	996.6417847523788	1011.1351787728443	79.33246261364013	1005.6919867682756	NaN
1	0.10500000000000001	502.653829495558	481.7902004949666	62.85596899859516	996.5447628905173	1011.3370637371679	79.49687715688665	1006.0366710139384	NaN
1	0.10500000000000001	502.71127807200475	481.625831580338	62.88871899306785	996.4512737624277	1011.537474130325	79.67023836462236	1006.3672414663941	NaN
1	0.10500000000000001	502.768791684432	481.45815926455674	62.92183387112034	996.3614990231171	1011.7364095914289	79.85126675184813	1006.6829032089748	NaN
1	0.10500000000000001	502.82636272265194	481.2872238482526	62.955309237785144	996.2755885133904	1011.933871583522	80.03863808355919	1006.9829774363926	NaN
1	0.10500000000000001	502.8839839212324	481.11306591752907	62.98914084346111	996.1936588586859	1012.1298642894263	80.23099594729325	1007.2669073547199	NaN
1	0.10500000000000001	502.9416487036274	480.9357251346052	63.0233247926758	996.1157925039735	1012.3243954891421	80.42696463835601	1007.5342624176557	NaN
1	0.10500000000000001	502.9993516568486	480.7552385141469	63.05785784208026	996.0420370498023	1012.5174778161845	80.6251624901805	1007.7847413248568	NaN
1	0.10500000000000001	503.05708892244917	480.5716388279193	63.092737662864	995.9724051977257	1012.7091296668764	80.82421463384705	1008.0181726829037	NaN
1	0.10500000000000001	503.1148586296959	480.38495276211535	63.127963141454785	995.9068751011779	1012.8993761985744	81.02276530101241	1008.2345140165037	NaN
1	0.10500000000000001	503.17266121048596	480.1951993463589	63.16353462107535	995.8453912694432	1013.0882498935684	81.21948884910614	1008.4338486320402	NaN
1	0.10500000000000001	503.23049964234525	480.002388543972	63.1994541085183	995.7878658714958	1013.2757908651967	81.41309946309227	1008.6163808852099	NaN
1	0.10500000000000001	503.28837960887927	479.80652006702036	63.23572543675638	995.7341803574114	1013.4620468884741	81.60235938135884	1008.7824301698269	NaN
1	0.10500000000000001	503.34630954414934	479.60758256195174	63.272354359001625	995.6841873273289	1013.6470730647783	81.78608551130776	1008.932423923801	NaN
1	0.10500000000000001	503.4043005694413	479.405553176403	63.30934857523038	995.6377125334775	1013.8309311670064	81.96315454229892	1009.0668901031163	NaN
1	0.10500000000000001	503.4623663305621	479.2003975142008	63.34671769235185	995.5945569166557	1014.0136887067162	82.1325067448943	1009.1864495207302	NaN
1	0.10500000000000001	503.5205227856673	478.9920698302505	63.38447314684559	995.5544985700149	1014.1954178917739	82.2931488218907	1009.2918084503136	NaN
1	0.10500000000000001	503.57878785049	478.7805138199046	63.42262802678154	995.5172946489491	1014.376194190236	82.44415580392199	1009.3837515300917	NaN
1	0.10500000000000001	503.63718103037206	478.56566356898355	63.461196873498274	995.4826831014171	1014.5560949149236	82.58467266077257	1009.4631353845222	NaN
1	0.10500000000000001	503.6957229209401	478.3474451088362	63.500195383393404	995.4503842936098	1014.7351974651826	82.71391561002896	1009.5308828163493	NaN
1	0.10500000000000001	503.7544346823753	478.1257782187271	63.539640075391254	995.4201024754016	1014.9135775581586	82.83117371052275	1009.587977737966	NaN
1	0.10500000000000001	503.8133373823304	477.90057888503196	63.57954785153916	995.3915271818576	1015.0913071331361	82.93581079449429	1009.6354606196469	NaN
1	0.10500000000000001	503.87245132736484	477.6717619915171	63.61993552757808	995.3643345609935	1015.2684523021171	83.02726826838853	1009.6744244276093	NaN
1	0.10500000000000001	503.93179524919395	477.43924476914333	63.660819240311724	995.3381887725311	1015.4450709488308	83.10506874849803	1009.7060106852531	NaN
1	0.10500000000000001	503.99138546603075	477.20295057175707	63.702213809592465	995.3127434919958	1015.6212103498302	83.16882092763278	1009.7314054551541	NaN
1	0.10500000000000001	504.05123499219843	476.9628130924147	63.7441320347641	995.2876436478991	1015.7969047429589	83.21822566087646	1009.7518348191775	NaN
1	0.10500000000000001	504.11135264970784	476.7187808167173	63.78658396127525	995.2625274905035	1015.9721730087373	83.25308325145325	1009.7685594445984	NaN
1	0.10500000000000001	504.1717422470804	476.470821441501	63.829576164002255	995.2370290864496	1016.1470166570406	83.27330171113903	1009.7828677932325	NaN
1	0.10500000000000001	504.2324019151586	476.21892586049137	63.87311111460132	995.2107813050179	1016.3214183729528	83.27890553617199	1009.7960675640506	NaN
1	0.10500000000000001	504.29332369445297	475.96311126444635	63.91718670806904	995.1834193179243	1016.4953413764214	83.27004427679864	1009.8094750657285	NaN
1	0.10500000000000001	504.3544934927711	475.70342276455784	63.96179604605575	995.1545845558353	1016.6687299040696	83.24699994062205	1009.8244024192235	NaN
1	0.10500000000000001	504.4158914935488	475.43993306928644	64.00692755195966	995.1239289892098	1016.8415109941759	83.21019210075434	1009.8421427719462	NaN
1	0.10500000000000001	504.47749303672003	475.1727399713022	64.05256545317478	995.0911195272498	1017.0135975775185	83.16017960750843	1009.8639540383999	NaN
1	0.10500000000000001	504.5392699109858	474.90196176057964	64.09869060469649	995.0558422843151	1017.1848926403426	83.0976580736353	1009.8910419852676	NaN
1	0.10500000000000001	504.6011920093272	474.6277306471153	64.14528163505534	995.0178064035322	1017.3552942668358	83.02345267686954	1009.924543718518	NaN
1	0.10500000000000001	504.6632291283384	474.3501850681316	64.1923162625497	994.9767472198291	1017.5247009056797	82.93850647779307	1009.9655126390605	NaN
1	0.10500000000000001	504.72535273535766	474.06946164091113	64.23977265234554	994.932428591493	1017.6930163549918	82.84386499540489	1010.0149057974123	NaN
1	0.10500000000000001	504.7875375301456	473.7856875759348	64.28763067851983	994.8846443370494	1017.8601539945219	82.74065821070242	1010.0735742682207	NaN
1	0.10500000000000001	504.84976270424227	473.4989740746221	64.33587300623171	994.8332187904168	1018.0260400255311	82.6300813052268	1010.1422568176475	NaN
1	0.10500000000000001	504.91201277260376	473.2094114030907	64.38448588227509	994.7780066365209	1018.1906154212602	82.51337554015761	1010.2215766853536	NaN
1	0.10500000000000001	504.9742780589458	472.91706539938696	64.43345967996721	994.7188921238378	1018.3538368551764	82.39181019716932	1010.3120411608683	NaN
1	0.10500000000000001	505.03655476746616	472.6219758475774	64.4827891300664	994.6557879277652	1018.5156764779467	82.26666650598055	1010.4140432486519	NaN
1	0.10500000000000001	505.09884478999646	472.3241561319827	64.53247334005928	994.5886337739445	1018.6761209847413	82.13922379357899	1010.5278648650843	NaN
1	0.10500000000000001	505.1611552659032	472.02359416768206	64.58251560511538	994.517395029345	1018.8351700560893	82.01074804041687	1010.6536808638972	NaN
1	0.10500000000000001	505.22349798522276	471.7202542366044	64.63292307457961	994.4420613705219	1018.992834439559	81.88248265227422	1010.7915633634731	NaN
1	0.10500000000000001	505.285888678394	471.41407955756046	64.68370630372442	994.3626456411504	1019.1491338076856	81.75564117008851	1010.941485903384	NaN
1	0.10500000000000001	505.34834623399684	471.10499541204194	64.73487872103027	994.2791829706968	1019.3040945164738	81.63140152663301	1011.10332708732	NaN
1	0.10500000000000001	505.41089190075496	470.7929125584647	64.78645605550909	994.1917301586569	1019.4577474185655	81.51090136472975	1011.27687356329	NaN
1	0.10500000000000001	505.4735484625521	470.47773098966786	64.83845571486586	994.1003653751472	1019.6101257116985	81.39523404746403	1011.4618221649256	NaN
1	0.10500000000000001	505.53633942396186	470.15934384403624	64.89089614567638	994.0051881333053	1019.7612629224294	81.28544490065548	1011.6577812728485	NaN
1	0.10500000000000001	505.5992882270682	469.83764135456545	64.94379619421436	993.9063194746055	1019.9111910780659	81.18252730427196	1011.8642715398126	NaN
1	0.10500000000000001	505.6624174578852	469.5125150370495	64.99717443437008	993.8039023823227	1020.0599389687754	81.08741840722321	1012.0807260077752	NaN
1	0.10500000000000001	505.7257481516431	469.1838615459022	65.05104855609922	993.6981021825698	1020.2075307595949	81.00099406065196	1012.3064902121673	NaN
1	0.10500000000000001	505.78929907735505	468.8515867933117	65.10543471579479	993.5891070357878	1020.3539846641906	80.92406302235315	1012.5408221791874	NaN
1	0.10500000000000001	505.85308619396926	468.5156093165454	65.1603470142525	993.4771281037912	1020.4993121222653	80.85736012436172	1012.782893334991	NaN
1	0.10500000000000001	505.91712213203647	468.1758636209253	65.21579698174516	993.3623995268051	1020.643517123239	80.80153870307011	1013.0317901890576	NaN
1	0.10500000000000001	505.9814158343159	467.8323027729211	65.27179318778965	993.245177883393	1020.7865959660527	80.7571623222803	1013.2865176320458	NaN
1	0.10500000000000001	506.0459723476931	467.48490023932715	65.32834097454878	993.1257410473858	1020.928537406751	80.72469615243315	1013.5460041570858	NaN
1	0.10500000000000001	506.1107927593832	467.1336509686455	65.3854423128867	993.0043863830375	1021.0693231466267	80.704498438696	1013.8091092168987	NaN
1	0.10500000000000001	506.1758743007528	466.778571547727	65.44309580666844	992.8814281937073	1021.2089286785648	80.69681253332062	1014.074632939507	NaN
1	0.10500000000000001	506.24121060773103	466.41969945039125	65.50129684100806	992.757194436283	1021.3473244309935	80.70176002293978	1014.341328160024	NaN
1	0.10500000000000001	506.3067920777453	466.05709167139764	65.56003782559452	992.63202284584	1021.4844770490797	80.71933543938601	1014.6079143852626	NaN
1	0.10500000000000001	506.37260636553475	465.6908224861763	65.61930857427397	992.5062564556648	1021.6203508761988	80.74940296736955	1014.87309359998	NaN
1	0.10500000000000001	506.43863884944915	465.32098124994053	65.67909667233822	992.3802389269607	1021.7549092640583	80.79169540450162	1015.135566869699	NaN
1	0.10500000000000001	506.50487319433284	464.94766953390973	65.73938794518192	992.2543095590208	1021.8881159657225	80.84581556587653	1015.3940518312368	NaN
1	0.10500000000000001	506.57129183027064	464.57099860677835	65.80016686537247	992.1287984432674	1022.0199362357624	80.9112400866208	1015.6472998998122	NaN
1	0.10500000000000001	506.63787648097104	464.1910865208437	65.8614170182912	992.0040216240383	1022.1503379136634	80.98732562671087	1015.8941132829417	NaN
1	0.10500000000000001	506.7046085942504	463.80805564480744	65.92312149089912	991.8802766563543	1022.2792922002085	81.07331719139944	1016.1333608130568	NaN
1	0.10500000000000001	506.7714698177759	463.4220298424985	65.9852633134609	991.757838389203	1022.4067744193812	81.16835846947036	1016.3639927686031	NaN
1	0.10500000000000001	506.83844245201294	463.0331316879586	66.04782589176965	991.6369551913355	1022.5327646354148	81.27150385383426	1016.585054074862	NaN
1	0.10500000000000001	506.9055099228292	462.64147947867053	66.11079346888673	991.5178456140607	1022.6572482135933	81.38173187278944	1016.7956957415726	NaN
1	0.10500000000000001	506.97265727231684	462.24718405601556	66.17415161554858	991.400695552721	1022.780216326034	81.49795967958168	1016.9951842801245	NaN
1	0.10500000000000001	507.03987164880056	461.8503455467966	66.23788773165205	991.2856559792893	1022.9016663732989	81.61905818084857	1017.1829088649168	NaN
1	0.10500000000000001	507.10714280404045	461.451049983626	66.30199156638956	991.1728412478988	1023.021602344819	81.74386740944165	1017.3583861747477	NaN
1	0.10500000000000001	507.1744635527035	461.04936607645124	66.36645571413752	991.062328041757	1023.1400350471756	81.87121165356581	1017.5212627956743	NaN
1	0.10500000000000001	507.24183016752136	460.6453423079581	66.4312760592661	990.9541549671083	1023.2569821690071	81.99991390227746	1017.6713152535141	NaN
1	0.10500000000000001	507.3092426752753	460.2390045811605	66.4964521340903	990.8483227860222	1023.3724681410267	82.12880920520082	1017.8084478439803	NaN
1	0.10500000000000001	507.37670509974646	459.83035416274424	66.5619874318197	990.7447951322144	1023.4865238902715	82.25675677898205	1017.9326886840006	NaN
1	0.10500000000000001	507.4442255015905	459.4193668503258	66.62788952619063	990.6434998488062	1023.5991862522668	82.38265041422805	1018.0441840718537	NaN
1	0.10500000000000001	507.5118159733762	459.0059924355487	66.69417014700099	990.5443305964124	1023.7104973332576	82.50542743211462	1018.1431919096208	NaN
1	0.10500000000000001	507.5794924392827	458.5901553978241	66.76084506173612	990.4471488651791	1023.8205035860389	82.62407595860313	1018.2300743262439	NaN
1	0.10500000000000001	507.64727436752526	458.1717561969146	66.82793386448773	990.3517861372377	1023.9292547987931	82.7376408683709	1018.3052900885991	NaN
1	0.10500000000000001	507.7151843278697	457.7506735984608	66.89545960220873	990.2580462290797	1024.0368028995965	82.84522850300495	1018.3693870268039	NaN
1	0.10500000000000001	507.7832474461765	457.32676773422065	66.96344828557186	990.1657076886092	1024.143200674861	82.94601054446177	1018.4229948027989	NaN
1	0.10500000000000001	507.8514907164792	456.89988415956543	67.03192824159386	990.0745262775491	1024.248500350318	83.03922730604926	1018.4668181456718	NaN
1	0.10500000000000001	507.91994217867534	456.46985887920374	67.10092931175599	989.9842375271537	1024.3527520612004	83.12419081212676	1018.5016306492906	NaN
1	0.10500000000000001	507.98862993648993	456.03652452100243	67.17048186566332	989.8945594287684	1024.456002187181	83.2002879946569	1018.5282691017053	NaN
1	0.10500000000000001	508.0575810571335	455.5997174187468	67.24061566735735	989.8051952618019	1024.558291630772	83.26698439707924	1018.5476282443238	NaN
1	0.10500000000000001	508.12682032088946	455.1592858220225	67.31135855790177	989.7158366879306	1024.6596540062537	83.32382862378347	1018.5606557046358	NaN
1	0.10500000000000001	508.1963688436585	454.71509910693516	67.38273497302724	989.6261671935666	1024.7601137917454	83.37045776363288	1018.5683467768876	NaN
1	0.10500000000000001	508.2662426393751	454.2670575740793	67.45476436081086	989.5358659282069	1024.8596845579548	83.40660390452972	1018.5717386246832	NaN
1	0.10500000000000001	508.3364512362285	453.81510210276645	67.52745961567398	989.4446119346816	1024.958367445144	83.43210165863286	1018.5719033961846	NaN
1	0.10500000000000001	508.40699645436547	453.3592229477904	67.60082564278767	989.3520887617633	1025.0561500363826	83.44689633263755	1018.569939717392	NaN
1	0.10500000000000001	508.4778715597572	452.89946624820743	67.67485828317234	989.2579892664727	1025.1530059059426	83.45105210679283	1018.5669620984274	NaN
1	0.10500000000000001	508.54906098121216	452.4359369568328	67.7495438087907	989.162020365806	1025.2488950523634	83.44475923518415	1018.5640879676271	NaN
1	0.10500000000000001	508.6205407594615	451.9687969830924	67.82485918496202	989.0639074042688	1025.343765371985	83.42833905257943	1018.5624223700726	NaN
1	0.10500000000000001	508.69227978271573	451.4982580657545	67.90077318223166	988.9633978246692	1025.437555150589	83.40224554136448	1018.5630407881149	NaN
1	0.10500000000000001	508.7642418309737	451.02456909910376	67.97724838743133	988.8602637529505	1025.5301964960297	83.36706242132558	1018.5669709745824	NaN
1	0.10500000000000001	508.83638812793174	450.54799977932413	68.05424381802689	988.7543034899403	1025.6216192178606	83.32349529316144	1018.5751750175094	NaN
1	0.10500000000000001	508.90868014558134	450.068822194046	68.13171788181312	988.6453418661193	1025.711754758788	83.27235904468424	1018.5885329441513	NaN
1	0.10500000000000001	508.9810823208355	449.5872926016276	68.20963132146574	988.5332296348657	1025.800539714399	83.21456140210938	1018.607829007563	NaN
1	0.10500000000000001	509.05356434130886	449.10363572608065	68.28794976811399	988.4178422503517	1025.8879185275364	83.15108402904093	1018.6337413955512	NaN
1	0.10500000000000001	509.1261028639774	448.61803256835884	68.36664574015187	988.2990782432678	1025.9738452426177	83.08296266584045	1018.6668356308253	NaN
1	0.10500000000000001	509.1986825392578	448.1306126952227	68.44569992840128	988.1768575435348	1026.058284240235	83.01126774772608	1018.7075614476108	NaN
1	0.10500000000000001	509.2712963990179	447.6414507276072	68.52510180856964	988.0511199095209	1026.1412101081332	82.93708653849313	1018.7562526105892	NaN
1	0.10500000000000001	509.34394572053225	447.15056637108506	68.60484968358934	987.9218235686792	1026.222606858825	82.86150739908419	1018.8131289755162	NaN
1	0.10500000000000001	509.41663944640175	446.6579275227304	68.68495022778788	987.7889442237332	1026.3024666547049	82.78560647900488	1018.8783000124379	NaN
1	0.10500000000000001	509.4893933306661	446.1634553557545	68.76541770832672	987.6524743820792	1026.3807882879878	82.71043671147847	1018.951769136366	NaN
1	0.10500000000000001	509.5622288484321	445.6670311589617	68.84627291788051	987.5124231449231	1026.4575754977354	82.63701889236317	1019.0334382237764	NaN
1	0.10500000000000001	509.63517203297744	445.1685038324242	68.92754199562074	987.3688162984957	1026.532835331501	82.56633433832182	1019.1231119797766	NaN
1	0.10500000000000001	509.70825224217936	444.6676980265183	69.00925513762675	987.2216967853161	1026.606576569782	82.49931871133694	1019.220501857255	NaN
1	0.10500000000000001	509.7815008774623	444.1644227635774	69.09144522205474	987.0711255538389	1026.6788082529206	82.43685654579944	1019.3252293891067	NaN
1	0.10500000000000001	509.85495011077745	443.6584801546074	69.17414641166914	986.9171826741782	1026.749538377161	82.37977600173203	1019.4368289916443	NaN
1	0.10500000000000001	509.9286316507362	443.14967398422544	69.2573927704639	986.7599686114668	1026.8187727936615	82.3288434549844	1019.5547504150522	NaN
1	0.10500000000000001	510.0025754718444	442.6378186758381	69.34121681027176	986.5996057488909	1026.886514240909	82.28475768840534	1019.678360950865	NaN
1	0.10500000000000001	510.0768086320361	442.1227477613283	69.42564811013405	986.4362398070165	1026.9527616315709	82.24814338876654	1019.8069479015462	NaN
1	0.10500000000000001	510.15135413055225	441.6043221687912	69.51071195696431	986.2700411479183	1027.017509541448	82.21954391614327	1019.9397216272864	NaN
1	0.10500000000000001	510.2262298639281	441.08243791087705	69.59642807566458	986.1012057202728	1027.080747943432	82.19941337069992	1020.0758196829277	NaN
1	0.10500000000000001	510.3014477325028	440.55703278692874	69.68280951225886	985.9299554055056	1027.1424622118175	82.1881081571898	1020.2143125603926	NaN
1	0.10500000000000001	510.3770129896996	440.0280914276527	69.76986178090287	985.7565374407487	1027.2026334409857	82.18587842049611	1020.3542115816578	NaN
1	0.10500000000000001	510.45292381560665	439.4956487793842	69.85758225990077	985.5812228688762	1027.261239017939	82.19285990478343	1020.4944791793553	NaN
1	0.10500000000000001	510.52917129500156	438.95979073237976	69.94596005161799	985.4043035497573	1027.3182535356395	82.20906689990528	1020.6340420053363	NaN
1	0.10500000000000001	510.6057397000613	438.4206525538062	70.03497620002935	985.2260879588322	1027.3736498985409	82.23438702787875	1020.7718065779884	NaN
1	0.10500000000000001	510.68260723369025	437.87841399594197	70.12460445505558	985.0468954720361	1027.4274006664532	82.26857861858589	1020.9066774057532	NaN
1	0.10500000000000001	510.75974712316065	437.333291822002	70.21481246494311	984.8670495132444	1027.4794794773318	82.31127129617542	1021.0375767896844	NaN
1	0.10500000000000001	510.83712900772343	436.7855301265341	70.30556333787624	984.6868698723309	1027.5298624482766	82.36197016146201	1021.1634654199944	NaN
1	0.10500000000000001	510.9147205836042	436.23538869753463	70.39681753541372	984.5066644905944	1027.5785294812206	82.42006370584525	1021.2833627964415	NaN
1	0.10500000000000001	510.99248931537744	435.6831307726879	70.48853487670179	984.3267213805219	1027.625465320538	82.48483518806178	1021.3963662385959	NaN
1	0.10500000000000001	511.07040417284475	435.12901049353695	70.58067660502495	984.1473009794017	1027.6706603365299	82.5554769935354	1021.5016676110803	NaN
1	0.10500000000000001	511.1484372279927	434.5732612536006	70.67320731929557	983.9686294836566	1027.7141109528743	82.63110717646482	1021.59856689024	NaN
1	0.10500000000000001	511.22656505070614	434.01608540640433	70.76609669290505	983.79089340889	1027.7558197242467	82.71078730831755	1021.6864821309864	NaN
1	0.10500000000000001	511.3047698294987	433.4576458903329	70.859320886265	983.6142355828764	1027.795795076332	82.79354070705355	1021.7649556557647	NaN
1	0.10500000000000001	511.3830402145477	432.8980598208688	70.95286364288106	983.4387525530562	1027.8340507668222	82.87837024315147	1021.8336566355847	NaN
1	0.10500000000000001	511.4613718113047	432.33739459084745	71.04671697634075	983.2644934926041	1027.8706050924407	82.96427497206984	1021.8923803815603	NaN
1	0.10500000000000001	511.53976739553787	431.7756659970741	71.14088152575506	983.091460328291	1027.9054799377257	83.05026516783994	1021.9410449662723	NaN
1	0.10500000000000001	511.6182368547446	431.21283837548583	71.23536657982358	982.9196089445599	1027.9386997171484	83.13537546153825	1021.979685786428	NaN
1	0.10500000000000001	511.69679686077194	430.64882672347983	71.33018977000339	982.7488513120048	1027.970290256783	83.21867597590042	1022.0084487088434	NaN
1	0.10500000000000001	511.7754703396379	430.08350034444766	71.42537650772779	982.5790582639992	1028.0002776793501	83.29928158418628	1022.0275824325282	NaN
1	0.10500000000000001	511.85428567206156	429.51668849639503	71.52095908148036	982.4100629539249	1028.028687295452	83.37635942253998	1022.0374305683781	NaN
1	0.10500000000000001	511.9332757950786	428.9481868216518	71.61697561643429	982.2416645408787	1028.0555425901878	83.44913513557478	1022.0384238979924	NaN
1	0.10500000000000001	512.0124769905794	428.3777660956927	71.71346863426841	982.0736325138579	1028.0808642456388	83.51689801644477	1022.0310730626743	NaN
1	0.10500000000000001	512.0919275238828	427.8051821202016	71.81048340728972	981.9057112862894	1028.1046692829907	83.57900563158454	1022.0159618946171	NaN
1	0.10500000000000001	512.1716660093637	427.2301876407252	71.90806595420504	981.7376253462824	1028.1269703045675	83.63488824987797	1021.993741417244	NaN
1	0.10500000000000001	512.2517295658895	426.6525458311919	72.00626075037046	981.5690848904721	1028.14777488329	83.68405354504277	1021.9651244097955	NaN
1	0.10500000000000001	512.3321517021084	426.07204576908117	72.10510807590927	981.3997921690095	1028.1670851107847	83.72609187147587	1021.9308802964377	NaN
1	0.10500000000000001	512.4129600369665	425.4885191300082	72.20464112792882	981.2294484554712	1028.184897362564	83.76068240977943	1021.8918299322326	NaN
1	0.10500000000000001	512.4941739569648	424.90185735320586	72.3048830208404	981.0577615883033	1028.2012023249504	83.78760024815693	1021.8488397021699	NaN
1	0.10500000000000001	512.5758024522397	424.31202750960796	72.40584397529507	980.8844537343434	1028.2159853405478	83.80672422718092	1021.8028141887028	NaN
1	0.10500000000000001	512.6578423965017	423.71908493404976	72.507519029974	980.7092689386758	1028.229227098165	83.81804499107545	1021.7546866408188	NaN
1	0.10500000000000001	512.7402777346297	423.1231792450823	72.60988686301444	980.5319795137332	1028.2409046799798	83.82167231423236	1021.7054065053243	NaN
1	0.10500000000000001	512.8230798237157	422.5245519540909	72.7129100472304	980.3523906403494	1028.2509928811107	83.81784036568057	1021.6559237272076	NaN
1	0.10500000000000001	512.906209252218	421.9235233050068	72.81653716557796	980.1703422106881	1028.2594656819153	83.8069094654597	1021.6071699802486	NaN
1	0.10500000000000001	512.9896189267245	421.32046986940856	72.92070654887728	979.9857079357257	1028.266297656849	83.78936308655675	1021.5600378698426	NaN
1	0.10500000000000001	513.0732582370462	420.7157942856435	73.02535141819835	979.7983916102004	1028.2714651301305	83.76579945961329	1021.515359595882	NaN
1	0.10500000000000001	513.1570774838956	420.10989307334233	73.13040542251493	979.6083218343443	1028.2749468907566	83.73691805563175	1021.4738870979286	NaN
1	0.10500000000000001	513.2410321435814	419.50312563910893	73.23580803598092	979.4154457854032	1028.2767244092167	83.70350199265356	1021.4362752846887	NaN
1	0.10500000000000001	513.3250862654463	418.8957895997977	73.34150891999415	979.2197234724237	1028.276781567097	83.66639804722334	1021.4030696070593	NaN
1	0.10500000000000001	513.4092147649667	418.2881041604019	73.44747093247537	979.0211230960624	1028.2751040122857	83.62649603033023	1021.3746983417914	NaN
1	0.10500000000000001	513.4934046046935	417.6802016124418	73.55367175375983	978.8196177733164	1028.2716782832044	83.58470901209265	1021.3514692841441	NaN
1	0.10500000000000001	513.5776549359517	417.07212642237266	73.66010420244774	978.6151837922962	1028.2664908457393	83.54195545265411	1021.3335701179653	NaN
1	0.10500000000000001	513.6619764145835	416.46384035569724	73.76677549560836	978.4078002536279	1028.259527166573	83.49914376428328	1021.3210714899643	NaN
1	0.10500000000000001	513.7463899484176	415.8552317569122	73.87370576922606	978.1974498039415	1028.250770910725	83.45715936798197	1021.3139318165667	NaN
1	0.10500000000000001	513.8309250567655	415.24612766238494	73.98092608183266	977.9841202798493	1028.2402033222422	83.41685401212867	1021.3120030085595	NaN
1	0.10500000000000001	513.9156179875417	414.6363076734321	74.08847608381284	977.7678070869351	1028.227802824962	83.37903692026207	1021.3150365000187	NaN
1	0.10500000000000001	514.0005096749658	414.0255189690245	74.19640145787828	977.5485162178267	1028.213544868846	83.34446724878806	1021.3226891917163	NaN
1	0.10500000000000001	514.085643632427	413.4134917547374	74.3047512525707	977.3262677132597	1028.19740203222	83.31384729760485	1021.3345291386054	NaN
1	0.10500000000000001	514.1710637251006	412.7999555238103	74.41357504087584	977.1010996989261	1028.179344407867	83.28781600514463	1021.3500409957971	NaN
1	0.10500000000000001	514.256811928645	412.1846553413592	74.52292004207912	976.8730726669587	1028.1593402710528	83.2669422637509	1021.3686314225844	NaN
1	0.10500000000000001	514.3429260347233	411.56736840969586	74.63282816034678	976.642274005949	1028.1373570470105	83.25171776737537	1021.389634782007	NaN
1	0.10500000000000001	514.4294373867309	410.94792029110215	74.74333305000478	976.4088224316617	1028.1133625653943	83.24254921776682	1021.4123196068307	NaN
1	0.10500000000000001	514.5163687313685	410.3262001520589	74.85445732116035	976.1728719370503	1028.0873265714952	83.23974993038998	1021.4358963841277	NaN
1	0.10500000000000001	514.6037323866763	409.7021735778362	74.96621014697986	975.9346145582438	1028.0592224074012	83.24353112907238	1021.4595272493058	NaN
1	0.10500000000000001	514.6915288663753	409.0758919561189	75.07858545709888	975.6942814261022	1028.0290287584382	83.2539935163721	1021.4823380759777	NaN
1	0.10500000000000001	514.7797463174885	408.4474958988595	75.19156117977742	975.4521410197508	1027.9967312495787	83.27111999553408	1021.5034332925097	NaN
1	0.10500000000000001	514.868360871343	407.81721203555355	75.3050996667494	975.2084943084798	1027.9623237126586	83.29477063278834	1021.5219133416106	NaN
1	0.10500000000000001	514.9573381251274	407.18534170308754	75.41914958316717	974.9636662512734	1027.9258088773233	83.32468100669534	1021.5368942903032	NaN
1	0.10500000000000001	515.046635674517	406.55224219498893	75.53364916298518	974.7179940498237	1027.8871983343183	83.36046488964442	1021.5475285723409	NaN
1	0.10500000000000001	515.1362064440704	405.91830247260344	75.64853050413497	974.4718131300883	1027.8465117211595	83.40162173911447	1021.5530254830384	NaN
1	0.10500000000000001	515.2260024926924	405.28391572082535	75.7637244857318	974.2254420732514	1027.8037751680515	83.44754888984053	1021.5526699267061	NaN
1	0.10500000000000001	515.3159788420795	404.64945201904607	75.87916572129353	973.9791680654356	1027.7590191746424	83.49755769605953	1021.5458380601575	NaN
1	0.10500000000000001	515.406096821089	404.01523473921446	75.99479689022003	973.7332345147541	1027.7122762045967	83.55089233810979	1021.5320089091151	NaN
1	0.10500000000000001	515.4963267331561	403.3815220177247	76.11057219321863	973.4878315084927	1027.6635782037429	83.60674990027302	1021.5107715889586	NaN
1	0.10500000000000001	515.586649749238	402.74849394791903	76.22645980129363	973.2430894031728	1027.6129542256049	83.66430038641124	1021.4818282510698	NaN
1	0.10500000000000001	515.6770588148797	402.11624691208755	76.34244302381892	972.9990760404075	1027.5604284273857	83.7227054414171	1021.444993362129	NaN
1	0.10500000000000001	515.7675588894847	401.484792742755	76.45852060272153	972.7557965673186	1027.5060184024712	83.78113518323222	1021.4001900712037	NaN
1	0.10500000000000001	515.8581664690822	400.85406298166254	76.57470607092765	972.5131958038327	1027.4497339859224	83.83878267308957	1021.347444596017	NaN
1	0.10500000000000001	515.9489085943104	400.22391675269364	76.6910264358479	972.2711624167086	1027.3915765054082	83.89487602776498	1021.2868794655149	NaN
1	0.10500000000000001	516.0398214330746	399.59415156109753	76.80752030551108	972.0295344885453	1027.331538485493	83.94868836755207	1021.2187063602868	NaN
1	0.10500000000000001	516.1309484359155	398.96451696913067	76.92423545846708	971.7881063510955	1027.2696038565941	83.99954592926925	1021.1432191961102	NaN
1	0.10500000000000001	516.222338198569	398.33473015401427	77.04122603405125	971.5466362371019	1027.2057486198144	84.0468348794479	1021.0607878034494	NaN
1	0.10500000000000001	516.3140418923043	397.70449424892286	77.1585491693455	971.3048550854904	1027.1399420957027	84.09000726390836	1020.971852559299	NaN
1	0.10500000000000001	516.406110356436	397.0735187417925	77.27626120970712	971.0624762675761	1027.0721487318328	84.12858667387259	1020.8769199499217	NaN
1	0.10500000000000001	516.4985907789103	396.4415423648885	77.39441340501087	970.8192065030786	1027.0023305602388	84.16217405782893	1020.776558971951	NaN
1	0.10500000000000001	516.5915230915773	395.8083575243383	77.51304726167818	970.5747577545635	1026.9304502528441	84.19045407320382	1020.6713978858587	NaN
1	0.10500000000000001	516.6849361971827	395.17383539739575	77.63218970874667	970.3288599529227	1026.8564747161975	84.2132021283526	1020.5621206405054	NaN
1	0.10500000000000001	516.7788445047157	394.53794840827214	77.75184869446137	970.0812734724843	1026.7803788599072	84.23029202566906	1020.4494617337313	NaN
1	0.10500000000000001	516.8732452593335	393.9007868091755	77.87200983805883	969.8318002144221	1026.702149099923	84.24170362128687	1020.3341981995378	NaN
1	0.10500000000000001	516.96811735809	393.2625648088017	77.99263501601366	969.5802915187687	1026.6217859144363	84.24752945852393	1020.2171373226413	NaN
1	0.10500000000000001	517.0634223161641	392.6236120092438	78.11366371773752	969.3266510287225	1026.5393046927345	84.2479789051893	1020.0990990984047	NaN
1	0.10500000000000001	517.1591075973109	391.98434907004963	78.23501742077916	969.0708316208339	1026.4547344198158	84.24337818832555	1019.9808936284088	NaN
1	0.10500000000000001	517.255112033321	391.34524984195616	78.35660660675839	968.8128266425227	1026.3681141480477	84.23416510542904	1019.8632949353738	NaN
1	0.10500000000000001	517.3513725589536	390.70679549163617	78.47833940573196	968.552656958617	1026.2794877038514	84.22087802731703	1019.7470137938626	NaN
1	0.10500000000000001	517.447830961251	390.0694294892101	78.60013019628927	968.2903568091212	1026.1888976852044	84.20413989612302	1019.6326729033215	NaN
1	0.10500000000000001	517.5444396712608	389.43351991492534	78.72190692064744	968.0259608161579	1026.0963796754595	84.18463878997213	1019.5207869339782	NaN
1	0.10500000000000001	517.6411658107357	388.79933412655566	78.84361612307084	967.7594942440671	1026.0019575594872	84.1631070339268	1019.4117490549255	NaN
1	0.10500000000000001	517.7379933686104	388.1670263309393	78.96522556867603	967.4909670469693	1025.9056402808171	84.14030066619088	1019.3058240237855	NaN
1	0.10500000000000001	517.8349235565232	387.53663742098496	79.08672452618052	967.220371898746	1025.8074202209295	84.1169806067548	1019.2031471481272	NaN
1	0.10500000000000001	517.9319738105468	386.9081037277356	79.20812232536824	966.9476852902535	1025.7072729423514	84.09389621200957	1019.1037276615252	NaN
1	0.10500000000000001	518.0291758103413	386.2812720383387	79.32944567615472	966.6728710003295	1025.6051580724086	84.07177137599194	1019.0074551396532	NaN
1	0.10500000000000001	518.1265727421089	385.6559192281436	79.45073505204118	966.3958855809292	1025.5010212081474	84.05129296172224	1018.9141078619325	NaN
1	0.10500000000000001	518.2242161988805	385.0317738300354	79.57204064624793	966.1166849315669	1025.3947965080708	84.03310104279525	1018.8233620951079	NaN
1	0.10500000000000001	518.3221626797776	384.40853968809745	79.69341786730408	965.8352321654264	1025.2864100612214	84.01778040612281	1018.7348019807629	NaN
1	0.10500000000000001	518.4204698716052	383.7859204261209	79.81492261729589	965.5515062629936	1025.1757838792582	84.00585269372738	1018.6479297562929	NaN
1	0.10500000000000001	518.5191927030853	383.1636447112194	79.93660635537162	965.2655114839715	1025.062840552454	83.99776867085113	1018.5621764815594	NaN
1	0.10500000000000001	518.6183792333266	382.5414918372483	80.05851103836008	964.9772872457482	1024.9475085274005	83.99390023551848	1018.4769135945761	NaN
1	0.10500000000000001	518.7180666097167	381.91931607968513	80.18066424252683	964.6869176232753	1024.8297277459515	83.99453200411989	1018.3914656433877	NaN
1	0.10500000000000001	518.8182773118801	381.29706844249887	80.30307474186222	964.3945396477536	1024.709455368479	83.99985263745279	1018.3051246452904	NaN
1	0.10500000000000001	518.91901631373	380.6748119139076	80.42572931638725	964.1003483754871	1024.5866707571784	84.00994647480198	1018.2171661113654	NaN
1	0.10500000000000001	519.0202696016017	380.0527277102562	80.54859130657837	963.8045973141238	1024.4613790379385	84.02478649126955	1018.1268666823355	NaN
1	0.10500000000000001	519.1220047353281	379.43110860782065	80.67160171094321	963.5075921817908	1024.333612176338	84.0442299481758	1018.0335226206948	NaN
1	0.10500000000000001	519.224173705206	378.81033830840994	80.79468307082696	963.2096774055952	1024.2034269601597	84.06801818687033	1017.9364681248684	NaN
1	0.10500000000000001	519.3267179343337	378.19085832427436	80.9177458844428	962.9112161228281	1024.0708997773245	84.09578167526342	1017.8350921455815	NaN
1	0.10500000000000001	519.4295747523922	377.57312699777793	81.04069666346095	962.6125661046254	1023.936118806403	84.12705066072034	1017.7288524657657	NaN
1	0.10500000000000001	519.5326843161598	376.9575771947611	81.16344634682036	962.3140550682482	1023.7991748230191	84.1612708246562	1017.617286180466	NaN
1	0.10500000000000001	519.6359958600744	376.34457946909714	81.28591771432102	962.0159590121671	1023.6601521144045	84.19782248729274	1017.5000163203268	NaN
1	0.10500000000000001	519.7394725775487	375.7344147084208	81.40805098035142	961.7184858109116	1023.5191205894137	84.23604153929668	1017.3767547316628	NaN
1	0.10500000000000001	519.8430947236237	375.1272583509481	81.52980712176894	961.4217652622556	1023.3761298653982	84.27524029665246	1017.2473018288542	NaN
1	0.10500000000000001	519.9468608923427	374.5231760114629	81.65116894122832	961.1258455595314	1023.2312056493454	84.31472686631454	1017.1115440764785	NaN
1	0.10500000000000001	520.0507877773261	373.92212827016544	81.77214028853113	960.8306950408454	1023.084348215618	84.35382220882207	1016.9694499756798	NaN
1	0.10500000000000001	520.1549087157592	373.3239825009891	81.89274384521853	960.5362080643868	1022.9355327356918	84.3918745829768	1016.8210653870804	NaN
1	0.10500000000000001	520.2592712470275	372.7285300872861	82.0130177892203	960.2422140771004	1022.7847112606241	84.42827145976925	1016.6665089929934	NaN
1	0.10500000000000001	520.3639338539582	372.13550779161505	82.13301157682339	959.9484891764175	1022.631816208097	84.46244928917612	1016.5059685622683	NaN
1	0.10500000000000001	520.4689620296068	371.54462222970693	82.25278104590993	959.6547696077572	1022.4767652136015	84.49390169366498	1016.3396984225814	NaN
1	0.10500000000000001	520.5744237119843	370.95557699344545	82.37238292678552	959.3607670026973	1022.319467334064	84.52218670931774	1016.1680183780626	NaN
1	0.10500000000000001	520.6803839321369	370.36810305742324	82.49186862662758	959.0661857859513	1022.159830884415	84.54693362888293	1015.9913143370007	NaN
1	0.10500000000000001	520.7868989830787	369.78199050460813	82.61127768217472	958.7707419599569	1021.9977725012182	84.56785001277615	1015.8100398814248	NaN
1	0.10500000000000001	520.8940103122534	369.19712026305405	82.73063114716223	958.4741828382008	1021.8332271562047	84.5847291155971	1015.6247178647717	NaN
1	0.10500000000000001	521.001738856762	368.6134918147009	82.8499257438943	958.1763059048379	1021.6661580193754	84.59745765776489	1015.4359400369601	NaN
1	0.10500000000000001	521.1100808845082	368.0312412402061	82.96912994707273	957.8769740291725	1021.4965644527003	84.60602331920079	1015.2443620046937	NaN
1	0.10500000000000001	521.2190065743991	367.45064344672454	83.08818328920935	957.5761237266561	1021.3244860287133	84.61052070603048	1015.0506907169796	NaN
1	0.10500000000000001	521.3284624937662	366.8720932933453	83.20700001374823	957.2737632186293	1021.1500004514785	84.61115406778566	1014.8556623263084	NaN
1	0.10500000000000001	521.4383781335838	366.29606600641256	83.32547704432473	956.9699595979813	1020.9732147399263	84.6082350016861	1014.6600108649686	NaN
1	0.10500000000000001	521.5486755862967	365.72306296372676	83.44350506102128	956.6648171983893	1020.7942507705367	84.60217406227291	1014.4644309328942	NaN
1	0.10500000000000001	521.6592804091167	365.1535539821613	83.56098041082318	956.3584520745474	1020.6132280936251	84.59346641335833	1014.2695399106306	NaN
1	0.10500000000000001	521.7701313910243	364.5879281887028	83.67781535319149	956.0509684876826	1020.4302476959393	84.58267294638924	1014.0758456132394	NaN
1	0.10500000000000001	521.8811877708614	364.0264605197604	83.79394515420168	955.7424412058089	1020.2453792499066	84.57039903985289	1013.8837230984741	NaN
1	0.10500000000000001	521.992433055938	363.46929731472	83.90933127007357	955.4329059979516	1020.0586535329617	84.55727319231165	1013.693402333488	NaN
1	0.10500000000000001	522.1038758552659	362.9164578677933	84.02396122724609	955.1223573726172	1019.8700596404058	84.5439271832966	1013.5049654219886	NaN
1	0.10500000000000001	522.2155481925662	362.3678486795582	84.13784584318189	954.8107525489514	1019.6795464769041	84.53097868979059	1013.3183515771991	NaN
1	0.10500000000000001	522.3275020506052	361.82328591985373	84.25101469905982	954.4980198476446	1019.4870274624484	84.5190165644156	1013.1333674488935	NaN
1	0.10500000000000001	522.4398046638156	361.28252301152986	84.36351049694083	954.1840702759839	1019.2923877124418	84.50858848543488	1012.9497009898639	NaN
1	0.10500000000000001	522.5525328918494	360.74528130547293	84.47538272130349	953.8688115007087	1019.0954932174047	84.50019039461712	1012.7669376682059	NaN
1	0.10500000000000001	522.6657667703253	360.2112830411715	84.5866807750583	953.552163956988	1018.8962019284216	84.49425703066015	1012.5845785879509	NaN
1	0.10500000000000001	522.7795823972856	359.68028551698575	84.69744681933314	953.2340785622949	1018.694376531303	84.49115288567762	1012.4020603528248	NaN
1	0.10500000000000001	522.8940443343687	359.1521153416294	84.80770856016485	952.9145553522974	1018.4898986351418	84.49116309481307	1012.2187768236624	NaN
1	0.10500000000000001	523.0091980358635	358.62670017337956	84.91747253390675	952.5936613577289	1018.2826834728369	84.4944841027879	1012.0341026478392	NaN
1	0.10500000000000001	523.1250632302568	358.1040937057057	85.02671879131418	952.2715448901798	1018.0726934018072	84.5012144747239	1011.8474178773176	NaN
1	0.10500000000000001	523.2416296717	357.58448786412043	85.13539825932818	951.9484421325311	1017.8599474879735	84.5113468892896	1011.658132004828	NaN
1	0.10500000000000001	523.3588568806084	357.0682059277138	85.24343411478745	951.6246716063947	1017.6445239370876	84.52476300935099	1011.465704822789	NaN
1	0.10500000000000001	523.4766788638794	356.555673765292	85.35072777515592	951.3006141810201	1017.426553150638	84.5412332091926	1011.2696615586943	NaN
1	0.10500000000000001	523.5950136016853	356.04737202822577	85.45716891998931	950.9766799565216	1017.2062013594743	84.56042271659368	1011.0696006677433	NaN
1	0.10500000000000001	523.7137756328452	355.54377825900417	85.56264766322158	950.6532675329544	1016.9836475849766	84.58190456547503	1010.8651944328465	NaN
1	0.10500000000000001	523.8328888973973	355.045312063373	85.6670661063179	950.3307242660443	1016.7590591012535	84.60517821586828	1010.6561846716947	NaN
1	0.10500000000000001	523.9522974938113	354.552293185061	85.7703471884786	950.0093143502298	1016.5325699201437	84.6296916146325	1010.4423759900515	NaN
1	0.10500000000000001	524.0719726926975	354.06491846927577	85.87243955871986	949.6891992261164	1016.3042657314054	84.65486409127254	1010.2236291740136	NaN
1	0.10500000000000001	524.1919160526105	353.5832569097902	85.97331862477533	949.3704303468188	1016.0741759650299	84.68010798030285	1009.9998558411977	NaN
1	0.10500000000000001	524.3121590457985	353.1072596525718	86.0729844293658	949.0529526310858	1015.8422725322176	84.70484764441582	1009.7710151143347	NaN
1	0.10500000000000001	524.4327600074054	352.6367804150134	86.17145730826716	948.7366158197507	1015.6084739387796	84.72853543882613	1009.5371124934936	NaN
1	0.10500000000000001	524.5537989957223	352.1716029951253	86.26877203542438	948.4211916393122	1015.3726538050048	84.75066478220573	1009.2982013079351	NaN
1	0.10500000000000001	524.6753709087411	351.71147370938024	86.36497092035036	948.1063954393525	1015.1346532295569	84.77078092205913	1009.0543871997177	NaN
1	0.10500000000000001	524.7975769743143	351.25613757917637	86.46009612099208	947.791911698187	1014.8942968407734	84.78849020111485	1008.8058360618105	NaN
1	0.10500000000000001	524.9205145461901	350.805377782889	86.55418129331771	947.4774233909789	1014.6514127260986	84.80346866579313	1008.552785728035	NaN
1	0.10500000000000001	525.0442655367966	350.35905639137553	86.64724301618801	947.1626443054678	1014.4058556369982	84.81547076780173	1008.295560398729	NaN
1	0.10500000000000001	525.1688841944652	349.9171531927077	86.73927268508216	946.8473525645512	1014.1575320900149	84.8243385265554	1008.0345855156672	NaN
1	0.10500000000000001	525.2943864039748	349.47979463702734	86.83023055946157	946.5314200319443	1013.9064229907424	84.83001090601313	1007.7703973805624	NaN
1	0.10500000000000001	525.4207433539862	349.0472637437636	86.92004387769052	946.2148307821395	1013.6525979369721	84.83253213189607	1007.5036403769011	NaN
1	0.10500000000000001	525.5478832797687	348.6199804016113	87.00861121278182	945.8976797588266	1013.3962134480383	84.83205668269937	1007.2350434173939	NaN
1	0.10500000000000001	525.6757026466438	348.19845112241234	87.09581319718347	945.5801486050241	1013.1374919184519	84.82884819387124	1006.9653734288622	NaN
1	0.10500000000000001	525.8040852528229	347.7831973975442	87.18152762432803	945.2624625979255	1012.8766839247753	84.82327034027269	1006.6953712987014	NaN
1	0.10500000000000001	525.932924060927	347.37468266191695	87.26564469516109	944.9448413690934	1012.6140241346578	84.81576976203002	1006.4256843583825	NaN
1	0.10500000000000001	526.0621399129744	346.9732572558036	87.34807835765542	944.6274573709925	1012.3496927276585	84.80685330478482	1006.1568105115198	NaN
1	0.10500000000000001	526.1916936146373	346.5791307030986	87.42877183142957	944.3104101916557	1012.0837897680582	84.79706296161258	1005.8890628079854	NaN
1	0.10500000000000001	526.3215904653756	346.1923711033209	87.50769741818198	943.9937185710274	1011.8163247919193	84.78695163570633	1005.6225562075009	NaN
1	0.10500000000000001	526.4518785939566	345.8129243217807	87.58485217752698	943.6773265884934	1011.5472191615576	84.77706167075557	1005.3572123953811	NaN
1	0.10500000000000001	526.5826428450561	345.4406452487646	87.6602511255879	943.3611197260693	1011.2763178367402	84.76790683002437	1005.0927773399196	NaN
1	0.10500000000000001	526.7139954397776	345.0753357273573	87.73391912563845	943.04494783764	1011.0034081889827	84.75995745449477	1004.8288475442332	NaN
1	0.10500000000000001	526.846064110318	344.7167857677182	87.8058822210628	942.7286532522104	1010.7282444998008	84.75362795407976	1004.564902519283	NaN
1	0.10500000000000001	526.978977729585	344.36481676937393	87.87615873475141	942.412103717661	1010.4505781577569	84.74926557046533	1004.3003430243184	NaN
1	0.10500000000000001	527.1128495699638	344.01932513009524	87.94475053428992	942.0952294086861	1010.1701933128825	84.74713940068453	1004.0345350745652	NaN
1	0.10500000000000001	527.2477591715327	343.68032251257387	88.01163528161604	941.7780610506247	1009.8869459387381	84.74742906398492	1003.7668586756264	NaN
1	0.10500000000000001	527.3837353610197	343.34796573572174	88.07676111160578	941.4607625684748	1009.6008008950379	84.75021323726676	1003.4967575706536	NaN
1	0.10500000000000001	527.5207454981006	343.0225646949111	88.14004599634053	941.143646195444	1009.3118561095517	84.75545959914014	1003.2237811328417	NaN
1	0.10500000000000001	527.6586965973335	342.70455831295885	88.20138357944995	940.8271577083341	1009.0203416084097	84.76301914495924	1002.947607347079	NaN
1	0.10500000000000001	527.7974519106962	342.3944564253637	88.26065555131542	940.5118255981903	1008.7265853660369	84.77262838762444	1002.6680379532213	NaN
1	0.10500000000000001	527.9368597243291	342.0927623196636	88.31774730793941	940.198184578798	1008.4309524632763	84.7839215911528	1002.3849684445075	NaN
1	0.10500000000000001	528.0767855440113	341.79990045670945	88.37256189243662	939.8866960800294	1008.1337761590887	84.79645219642954	1002.0983462040446	NaN
1	0.10500000000000001	528.2171380626503	341.51617042390177	88.42502817958378	939.5776884119773	1007.8353014942188	84.80971980852117	1001.8081330943738	NaN
1	0.10500000000000001	528.357883819459	341.2417339115818	88.47510224460828	939.2713271960822	1007.535652661726	84.82319824328914	1001.5142822625165	NaN
1	0.10500000000000001	528.4990506358214	340.97662892588687	88.52276334180002	938.9676140015689	1007.2348243616393	84.83636117036207	1001.2167305527187	NaN
1	0.10500000000000001	528.6407225284546	340.7208008072596	88.56800675343234	938.666405203155	1006.9326916438641	84.84870367663638	1000.9154035134211	NaN
1	0.10500000000000001	528.7830286223623	340.4741414685668	88.61083534200195	938.3674438476268	1006.6290329638816	84.85975961021342	1000.6102302653902	NaN
1	0.10500000000000001	528.9261273810507	340.23653167402574	88.65125095057513	938.0704003744962	1006.3235636313296	84.86911556784084	1000.3011673536463	NaN
1	0.10500000000000001	529.0701863622073	340.0078836255876	88.68924633423958	937.7749207351228	1006.0159791282756	84.87642291125678	999.9882321380563	NaN
1	0.10500000000000001	529.2153569973246	339.7881822041053	88.72479813347356	937.4806821353045	1005.7060092422797	84.88140931049293	999.6715467855471	NaN
1	0.10500000000000001	529.3617455425443	339.57752046861157	88.75786187057975	937.187453439207	1005.3934803986889	84.883891038955	999.3513892883528	NaN
1	0.10500000000000001	529.5093844493109	339.37612143648334	88.78837042736204	936.8951515096334	1005.0783769259775	84.88378620978646	999.0282402281863	NaN
1	0.10500000000000001	529.6582140962029	339.18433352460363	88.81623783691704	936.6038744494617	1004.7608798598675	84.88112718179929	998.7028013233946	NaN
1	0.10500000000000001	529.8080870865948	339.0025905099189	88.84136899570238	936.3138899143252	1004.4413572029415	84.87606786024759	998.3759581668016	NaN
1	0.10500000000000001	529.958801203708	338.8313413631982	88.8636730376025	936.0255699946397	1004.1202928574851	84.86888052166762	998.0486761036972	NaN
1	0.10500000000000001	530.1101511562458	338.67097572265385	88.88307514033957	935.7392947432843	1003.798175705202	84.85993926243302	997.7218563988387	NaN
1	0.10500000000000001	530.2619787119256	338.52177479603023	88.89952201041525	935.4553641283967	1003.475392735468	84.84969234724777	997.3962034126181	NaN
1	0.10500000000000001	530.4142045723449	338.38390148972746	88.91297987636248	935.1739481047024	1003.1521618339805	84.83862960713303	997.0721423953429	NaN
1	0.10500000000000001	530.5668385593866	338.25742262952383	88.92342732005304	934.895078227651	1002.8285113909137	84.82725099576436	996.7497948041494	NaN
1	0.10500000000000001	530.7199730126636	338.1423480022046	88.93084618231167	934.6186691569891	1002.5042960155153	84.81603986083182	996.4289975356181	NaN
1	0.10500000000000001	530.8737658885289	338.03867300823913	88.9352130246618	934.3445565521577	1002.1792342589371	84.80544176097989	996.1093485890915	NaN
1	0.10500000000000001	531.028416751044	337.94641762269487	88.93649258579974	934.0725446083665	1001.85296128558	84.79584798680986	995.7902694557773	NaN
1	0.10500000000000001	531.1841364993891	337.8656574401011	88.93463421611925	933.8024607492016	1001.5250943970067	84.78758211983441	995.4710806660725	NaN
1	0.10500000000000001	531.3411103276501	337.7965435184806	88.92957222320894	933.5342169844515	1001.1953120997555	84.78088783761574	995.1510910398031	NaN
1	0.10500000000000001	531.4994556654095	337.7393064854668	88.92123104842905	933.2678731007808	1000.8634425798816	84.77591660398082	994.8296978576149	NaN
1	0.10500000000000001	531.6591835887837	337.69423961968727	88.90953539084053	933.0036857965254	1000.5295433305998	84.77271516358847	994.5064825928459	NaN
1	0.10500000000000001	531.8201808033878	337.6616595564271	88.89442310232496	932.7421159143785	1000.1939360535754	84.77121513251733	994.1812697960125	NaN
1	0.10500000000000001	531.9822306085748	337.641854367337	88.87585560737122	932.4837685796182	999.857159143132	84.77122957018092	993.8541127629713	NaN
1	0.10500000000000001	532.1450737929092	337.63504115021215	88.8538199645149	932.2292739482301	999.5198374687316	84.77246168302574	993.5252016446243	NaN
1	0.10500000000000001	532.3084836865797	337.6413541216245	88.82832092420333	931.9791583336528	999.182524840276	84.7745268087805	993.19474054488	NaN
1	0.10500000000000001	532.4723231622087	337.6608664033879	88.79936691003674	931.7337586695484	998.8455866738043	84.77698317913806	992.8628532475494	NaN
1	0.10500000000000001	532.6365688320676	337.6936317237038	88.76695568580065	931.4931986590923	998.5091527287739	84.77936452395899	992.5295452145613	NaN
1	0.10500000000000001	532.8013077248667	337.73972901460706	88.73106335904542	931.2574115273644	998.1731277281705	84.7812093384223	992.1947124515925	NaN
1	0.10500000000000001	532.966716484227	337.7992983371689	88.6916382446814	931.0261884521545	997.8372379938879	84.78208484239873	991.8581797467052	NaN
1	0.10500000000000001	533.1330299685704	337.8725616981387	88.64860022796739	930.799238621062	997.5010990317463	84.78160617452772	991.5197568898584	NaN
1	0.10500000000000001	533.3005004286088	337.9598236063873	88.60184674526145	930.5762564521373	997.1643007746569	84.77945271835972	991.1793117244775	NaN
1	0.10500000000000001	533.46934675722	338.0614457777517	88.55126683193822	930.3569943184442	996.8265104995317	84.77538386994293	990.8368604936858	NaN
1	0.10500000000000001	533.6396966761491	338.1777922505766	88.49676369080643	930.1413350469613	996.4875865605705	84.76925586771522	990.4926672375722	NaN
1	0.10500000000000001	533.8115365581974	338.30915229568	88.43828165183191	929.9293449187317	996.1476728611367	84.76103886449442	990.1473190563672	NaN
1	0.10500000000000001	533.9846971192877	338.4556700712924	88.37582596247213	929.7212755128782	995.807218803857	84.75082913937204	989.8017186229029	NaN
1	0.10500000000000001	534.1589001578029	338.61732588892875	88.30946037620194	929.5174930446683	995.4668784187344	84.73884801697257	989.4569475908902	NaN
1	0.10500000000000001	534.3338545800436	338.7939921635807	88.23927859964442	929.3183610566829	995.1273169584679	84.72542210960789	989.1140354754973	NaN
1	0.10500000000000001	534.5093528839279	338.9855373971649	88.16536372572085	929.1241393775006	994.7890238849462	84.71094869046685	988.7737426436239	NaN
1	0.10500000000000001	534.6853260679325	339.1919272403378	88.08775480968346	928.934943052627	994.4522132436712	84.69585651987306	988.4364444196848	NaN
1	0.10500000000000001	534.861852551224	339.41329262548857	88.00642878117938	928.7507565201317	994.1168163410725	84.68057078210056	988.1021205712151	NaN
1	0.10500000000000001	535.0391360769559	339.64995906653394	87.92129687925	928.5714785495907	993.7825342706387	84.66548570933377	987.7704134104852	NaN
1	0.10500000000000001	535.2174661803427	339.9024394187964	87.83221291104759	928.3969787159294	993.4489217922414	84.65094460379228	987.4407215963118	NaN
1	0.10500000000000001	535.3971648167833	340.17138610691023	87.73899364987729	928.227158564481	993.1154939030368	84.63722538356878	987.1123180826946	NaN
1	0.10500000000000001	535.5785176675984	340.4574928669554	87.64145386433752	928.0620153919145	992.7818559750957	84.62452932252978	986.7844921991112	NaN
1	0.10500000000000001	535.7616923351856	340.7613410324527	87.5394566097867	927.9017021141759	992.4478511620011	84.61297089217788	986.4567110094355	NaN
1	0.10500000000000001	535.946664519751	341.08322006797505	87.43296803192943	927.7465610656087	992.1136847725984	84.60256759315023	986.1287635462353	NaN
1	0.10500000000000001	536.1331984208992	341.4230125909808	87.3220875143353	927.5970960349279	991.7799432054004	84.59323126333555	985.8008100333001	NaN
1	0.10500000000000001	536.3209221373968	341.7802542108891	87.20702044029788	927.4538662588612	991.4474415652301	84.58476620948473	985.4732700651012	NaN
1	0.10500000000000001	536.5094715707277	342.1543693782215	87.08799810028451	927.3173485630334	991.1169584377394	84.57688080787693	985.1465990310144	NaN
1	0.10500000000000001	536.6986166229821	342.54494082089553	86.96519308014618	927.1878468462153	990.789016637211	84.5692136779357	984.8210988732966	NaN
1	0.10500000000000001	536.8883137928892	342.9518793760825	86.83867091661973	927.0654810884926	990.463804346368	84.56136779805641	984.4968519626686	NaN
1	0.10500000000000001	537.0786931666274	343.37546967866604	86.70838228723721	926.9502309498694	990.1412140825532	84.55294437631174	984.1737586570687	NaN
1	0.10500000000000001	537.2700065916554	343.81631739086	86.57418492480352	926.8420002034325	989.8209459959525	84.54357245566283	983.8516311166095	NaN
1	0.10500000000000001	537.462552060758	344.2752132195722	86.43588878157053	926.7406827413101	989.5026450101806	84.5329346796843	983.5303176027757	NaN
1	0.10500000000000001	537.6565768112404	344.752907554969	86.29332495950833	926.6462219926186	989.1860636682545	84.52079194734196	983.2098511577439	NaN
1	0.10500000000000001	537.8521675629376	345.24980634099285	86.14643395621755	926.5586543067936	988.8712331087993	84.5070089089259	982.8906040514458	NaN
1	0.10500000000000001	538.0491644945051	345.76567884237187	85.99534573373596	926.4781187466349	988.5585813456647	84.49157729350752	982.5733831893453	NaN
1	0.10500000000000001	538.2471657509215	346.2995736815062	85.84039552538717	926.4048164034259	988.2488978579994	84.47462611126635	982.259361265943	NaN
1	0.10500000000000001	538.4456559853426	346.8500876736179	85.68203805134435	926.3389327415017	987.9431076660957	84.45640628383818	981.9498088547537	NaN
1	0.10500000000000001	538.6441846041251	347.4158399767388	85.52070813812618	926.2805752239949	987.6419880614891	84.4372510597294	981.6457719531952	NaN
1	0.10500000000000001	538.8427132229076	347.9965300332673	85.35652412803182	926.2297090169817	987.3456607233309	84.41750513185563	981.3475380027721	NaN
1	0.10500000000000001	539.0412418416902	348.5919590984283	85.18957449612009	926.1863117513154	987.0541857935142	84.39752293933172	981.0552297982257	NaN
1	0.10500000000000001	539.2397704604726	349.2019253124588	85.01994814059971	926.1503862729379	986.7676220343964	84.37764152493341	980.7688665484269	NaN
1	0.10500000000000001	539.4382990792552	349.8262237315768	84.84773434748526	926.1219576364124	986.4860273488763	84.35815309220843	980.4883732427019	NaN
1	0.10500000000000001	539.6368276980377	350.46464633463387	84.6730227593372	926.1010681945124	986.2094592076916	84.33928285832967	980.2135974407132	NaN
1	0.10500000000000001	539.8353563168203	351.1169820083521	84.4959033444415	926.0877713056254	985.9379749516625	84.3211738162636	979.9443316545526	NaN
1	0.10500000000000001	540.0338849356027	351.7830165158466	84.31646636302702	926.0821242712744	985.6716319490455	84.30387934244484	979.6803391105972	NaN
1	0.10500000000000001	540.2324135543853	352.46253245444643	84.13480232764715	926.0841811493681	985.4104876016308	84.28736386473092	979.4213805072621	NaN
1	0.10500000000000001	540.4309421731678	353.1553092095624	83.95100195560697	926.0939860650709	985.1545992065201	84.27151110422871	979.1672394265192	NaN
1	0.10500000000000001	540.6294707919503	353.86112291147003	83.7651561122199	926.1115675655204	984.9040236925149	84.25613878263027	978.9177442969533	NaN
1	0.10500000000000001	540.8279994107328	354.57974640141526	83.57735574464392	926.1369344462723	984.6588172597957	84.24101819291532	978.6727852130333	NaN
1	0.10500000000000001	541.0265280295154	355.310949212459	83.38769180698498	926.1700733287387	984.4190349583273	84.22589670094423	978.4323244454334	NaN
1	0.10500000000000001	541.2250566482978	356.05449756908416	83.19625517818956	926.2109481033158	984.1847302438163	84.21052109795308	978.1964000787342	NaN
1	0.10500000000000001	541.4235852670804	356.8101544079227	83.00313657490761	926.2595011873028	983.9559545499178	84.1946597620011	977.965122830461	NaN
1	0.10500000000000001	541.6221138858629	357.5776794201786	82.80842646194617	926.3156563942777	983.7327569119695	84.17812179682416	977.7386666855557	NaN
1	0.10500000000000001	541.8206425046454	358.3568291145914	82.61221496312699	926.379323084648	983.515183671268	84.16077167216964	977.517254475489	NaN
1	0.10500000000000001	542.0191711234279	359.14735689823675	82.4145917753019	926.4504011751155	983.3032782805034	84.1425383525137	977.301139903538	NaN
1	0.10500000000000001	542.2176997422105	359.94901317122896	82.21564608799005	926.528786533788	983.0970812212398	84.1234184259571	977.0905877419538	NaN
1	0.10500000000000001	542.4162283609929	360.76154543056026	82.01546651061717	926.6143762798414	982.8966300341945	84.10347328400343	976.8858539915349	NaN
1	0.10500000000000001	542.6147569797755	361.5846983779323	81.8141410087104	926.7070735403522	982.7019594534047	84.08282090908746	976.6871677023338	NaN
1	0.10500000000000001	542.813285598558	362.418214026518	81.611756849697	926.8067912871344	982.513101626985	84.06162325858111	976.4947159219923	NaN
1	0.10500000000000001	543.0118142173405	363.26183180210757	81.40840055823598	926.9134549751784	982.3300864007081	84.04007055848402	976.3086328927723	NaN
1	0.10500000000000001	543.210342836123	364.11528863496767	81.20415788033894	927.0270038216499	982.152941636565	84.018364014932	976.1289941952837	NaN
1	0.10500000000000001	543.4088714549056	364.9783190398952	80.99911375497071	927.1473906893341	981.9816935369656	83.99669850710625	975.9558160765106	NaN
1	0.10500000000000001	543.607400073688	365.8506551832498	80.79335229139932	927.2745806597964	981.8163669463497	83.97524674367355	975.7890597434485	NaN
1	0.10500000000000001	543.8059286924706	366.7320269370968	80.58695675031991	927.4085484891727	981.6569856054366	83.9541461607524	975.6286399903405	NaN
1	0.10500000000000001	544.0044573112531	367.622161921854	80.38000952671813	927.5492752248937	981.5035723387402	83.93348953660124	975.4744371902904	NaN
1	0.10500000000000001	544.2029859300357	368.52078553991475	80.17259213256014	927.6967443186657	981.3561491627427	83.91331992800387	975.3263114457801	NaN
1	0.10500000000000001	544.4015145488181	369.42762100353286	79.9647851776778	927.8509375962986	981.214737309609	83.89363013105235	975.1841175721701	NaN
1	0.10500000000000001	544.6000431676007	370.34238936073734	79.75666834762308	928.0118314380212	981.0793571688458	83.87436647091137	975.0477195877592	NaN
1	0.10500000000000001	544.7985717863831	371.26480952318457	79.54832037775716	928.179393486078	980.9500281562324	83.85543636508947	974.917003497029	NaN
1	0.10500000000000001	544.9971004051657	372.19459829964353	79.3398190233634	928.3535801344174	980.8267685250951	83.83671881152608	974.791887364553	NaN
1	0.10500000000000001	545.1956290239482	373.1314704382952	79.13124102608667	928.5343349747974	980.70959513916	83.81807674792323	974.6723279624059	NaN
1	0.10500000000000001	545.3941576427308	374.07513868025876	78.9226620774582	928.7215882825527	980.5985232285008	83.79937012497379	974.5583236053815	NaN
1	0.10500000000000001	545.5926862615132	375.02531382581924	78.71415678062756	928.9152575319215	980.4935661504244	83.78046853689796	974.4499131350665	NaN
1	0.10500000000000001	545.7912148802958	375.9817048138119	78.50579861166761	929.1152488433388	980.394735175582	83.76126235232549	974.3471713453873	NaN
1	0.10500000000000001	545.9897434990783	376.94401881361	78.29765988192798	929.3214591906311	980.3020393163733	83.74167147324786	974.2502014310702	NaN
1	0.10500000000000001	546.1882721178608	377.91196132824405	78.0898117028854	929.5337791402662	980.2154852102173	83.72165109919688	974.1591252641431	NaN
1	0.10500000000000001	546.3868007366433	378.88523630644016	77.88232395478738	929.7520958615014	980.1350770649249	83.70119416322378	974.0740724464819	NaN
1	0.10500000000000001	546.5853293554259	379.86354626084017	77.67526526012684	929.9762961370764	980.0608166677401	83.6803304087933	973.995169140556	NaN
1	0.10500000000000001	546.7838579742083	380.84659238940395	77.46870296264849	930.2062691185317	979.9927034541145	83.6591223658032	973.9225276460434	NaN
1	0.10500000000000001	546.9823865929909	381.83407469699796	77.26270311220841	930.4419086057941	979.9307346274122	83.63765873556954	973.8562375745205	NaN
1	0.10500000000000001	547.1809152117734	382.82569211442825	77.05733045541798	930.6831146831959	979.8749053168857	83.61604588921352	973.7963592921883	NaN
1	0.10500000000000001	547.3794438305559	383.821142612652	76.8526484316405	930.9297946081948	979.8252087586928	83.59439830781119	973.7429200707161	NaN
1	0.10500000000000001	547.5779724493384	384.82012331053886	76.64871917359964	931.1818629186057	979.7816364836084	83.5728288390333	973.6959131310037	NaN
1	0.10500000000000001	547.776501068121	385.82233057529453	76.44560351162947	931.4392407929247	979.7441784954083	83.55143961396406	973.6552995071984	NaN
1	0.10500000000000001	547.9750296869034	386.82746011543605	76.24336098045987	931.7018547604555	979.7128234255981	83.53031436612243	973.6210124208189	NaN
1	0.10500000000000001	548.173558305686	387.83520706694367	76.04204982739603	931.9696349084642	979.6875586529812	83.50951273490426	973.5929636566378	NaN
1	0.10500000000000001	548.3720869244685	388.84526607385715	75.8417270208121	932.2425127688009	979.6683703802195	83.48906693453989	973.5710512879057	NaN
1	0.10500000000000001	548.570615543251	389.85733136507946	75.64244825802817	932.5204190841263	979.655243663672	83.46898094667877	973.55516801803	NaN
1	0.10500000000000001	548.7691441620335	390.87109682946027	75.4442679718557	932.8032816534937	979.6481623970308	83.44923217016506	973.5452093924106	NaN
1	0.10500000000000001	548.9676727808161	391.88625609134425	75.24723933535968	933.0910234395739	979.6471092532321	83.42977525478123	973.54108118534	NaN
1	0.10500000000000001	549.1662013995985	392.9025025886813	75.05141426466724	933.3835610876733	979.6520655924802	83.41054767347066	973.5427053748316	NaN
1	0.10500000000000001	549.3647300183811	393.9195296555252	74.85684341993043	933.6808039634428	979.6630113467418	83.39147646269208	973.5500242706466	NaN
1	0.10500000000000001	549.5632586371636	394.9370306103291	74.66357620479792	933.9826537660848	979.6799248925552	83.37248549123906	973.5630025422219	NaN
1	0.10500000000000001	549.7617872559462	395.9546988509225	74.47166076494945	934.289004721617	979.7027829243987	83.35350260701262	973.5816270865505	NaN
1	0.10500000000000001	549.9603158747286	396.97222795647565	74.28114398638212	934.5997443109118	979.7315603401914	83.33446605664241	973.6059048641596	NaN
1	0.10500000000000001	550.1588444935112	397.9893117961736	74.09207149420178	934.9147544439498	979.766230148877	83.31532966759812	973.6358589983465	NaN
1	0.10500000000000001	550.3573731122937	399.0056446437931	73.90448765266417	935.2339129583421	979.8067634076485	83.29606641576258	973.6715235656173	NaN
1	0.10500000000000001	550.5559017310762	400.02092129692977	73.71843556713382	935.55709529903	979.8531291934714	83.27667015987343	973.7129375942912	NaN
1	0.10500000000000001	550.7544303498587	401.03483719930745	73.53395708849557	935.884176228301	979.9052946104057	83.25715549287962	973.760138828233	NaN
1	0.10500000000000001	550.9529589686413	402.04708856442863	73.35109282037737	936.2150314208168	979.963224831128	83.23755582412282	973.8131578028524	NaN
1	0.10500000000000001	551.1514875874237	403.0573724988083	73.16988212934376	936.5495388160534	980.0268831682439	83.21791995157027	973.8720127243727	NaN
1	0.10500000000000001	551.3500162062063	404.0653871231562	72.9903631580119	936.8875796282149	980.096231168711	83.19830749864386	973.93670554824	NaN
1	0.10500000000000001	551.5485448249888	405.07083169013293	72.81257284085052	937.2290389484211	980.1712287231072	83.17878366723947	974.0072195286192	NaN
1	0.10500000000000001	551.7470734437713	406.0734066976563	72.6365469222552	937.5738059124134	980.2518341806947	83.15941379275743	974.0835183704061	NaN
1	0.10500000000000001	551.9456020625538	407.0728139971553	72.46231997637142	937.921773445686	980.3380044612554	83.14025817774112	974.1655469709713	NaN
1	0.10500000000000001	552.1441306813364	408.06875689660995	72.28992542806121	938.2728376335148	980.4296951554752	83.12136763116399	974.2532336035124	NaN
1	0.10500000000000001	552.3426593001188	409.06094025864473	72.11939557438858	938.6268967929265	980.5268606071104	83.10278005694254	974.3464932785326	NaN
1	0.10500000000000001	552.5411879189014	410.04907059431997	71.95076160602959	938.9838503450366	980.6294539721383	83.08451832686453	974.4452319333932	NaN
1	0.10500000000000001	552.7397165376839	411.0328561535621	71.7840536280896	939.3435975979828	980.7374272523477	83.06658955044324	974.5493510479647	NaN
1	0.10500000000000001	552.9382451564665	412.01200701336745	71.61930067992407	939.7060365524047	980.8507313031948	83.04898572853168	974.6587522697001	NaN
1	0.10500000000000001	553.1367737752489	412.98623516499856	71.45653075369846	940.0710628334613	980.9693158179931	83.03168565978447	974.7733416532155	NaN
1	0.10500000000000001	553.3353023940315	413.9552546013548	71.29577081157292	940.4385688369524	981.0931292924555	83.01465786889307	974.8930331738612	NaN
1	0.10500000000000001	553.533831012814	414.91878140556605	71.13704680154615	940.8084431540744	981.2221189751057	82.99786425057486	975.0177512553589	NaN
1	0.10500000000000001	553.7323596315965	415.87653384162894	70.9803836721269	941.1805703120234	981.3562308100223	82.98126407860865	975.1474321500641	NaN
1	0.10500000000000001	553.930888250379	416.8282324476172	70.82580538611047	941.5548308386434	981.4954093787215	82.96481801696798	975.2820241173674	NaN
1	0.10500000000000001	554.1294168691616	417.77360013167316	70.67333493381297	941.9311016311614	981.6395978477208	82.94849178959034	975.4214864515887	NaN
1	0.10500000000000001	554.327945487944	418.7123622706573	70.52299434615513	942.3092565841338	981.7887379275242	82.93225921315317	975.5657875064076	NaN
1	0.10500000000000001	554.5264741067266	419.64424681102633	70.37480470798698	942.6891674120028	981.9427698475156	82.91610436776848	975.7149019408072	NaN
1	0.10500000000000001	554.7250027255091	420.568984371252	70.22878617200811	943.0707045885225	982.1016323496723	82.90002276649422	975.8688074659533	NaN
1	0.10500000000000001	554.9235313442916	421.486308344904	70.08495797357183	943.453738319552	982.265262702282	82.88402147779168	976.0274814000135	NaN
1	0.10500000000000001	555.1220599630741	422.3959550034117	69.9433384465712	943.8381394673975	982.4335967331036	82.86811824716531	976.1908973377289	NaN
1	0.10500000000000001	555.3205885818567	423.29766359749766	69.8039450405005	944.2237803534899	982.6065688798075	82.85233974737385	976.3590222151123	NaN
1	0.10500000000000001	555.5191172006391	424.1911764563371	69.6667943386781	944.6105353805773	982.7841122542114	82.83671915416932	976.531814000638	NaN
1	0.10500000000000001	555.7176458194217	425.07623908363524	69.53190207751446	944.9982814342625	982.9661587158606	82.82129329155755	976.7092201781464	NaN
1	0.10500000000000001	555.9161744382042	425.95260025000584	69.39928316661965	945.3868980447915	983.1526389499812	82.80609961416482	976.8911771099836	NaN
1	0.10500000000000001	556.1147030569867	426.8200120812713	69.26895170947928	945.7762673115548	983.343482544763	82.79117329369105	977.0776102887945	NaN
1	0.10500000000000001	556.3132316757692	427.67823014255094	69.14092102438434	946.1662736129429	983.5386180632853	82.77654465299807	977.2684354099158	NaN
1	0.10500000000000001	556.5117602945518	428.52701351825317	69.0152036652882	946.5568031413335	983.7379731061504	82.7622371483671	977.4635601298311	NaN
1	0.10500000000000001	556.7102889133342	429.36612488830093	68.89181144227643	946.94774331579	983.9414743619225	82.74826604261749	977.6628863248005	NaN
1	0.10500000000000001	556.9088175321168	430.1953306010994	68.77075544137486	947.3389821326463	984.1490476437033	82.7346378448692	977.8663126311418	NaN
1	0.10500000000000001	557.1073461508993	431.0144007438708	68.65204604347791	947.7304075161874	984.3606179114807	82.72135052298466	978.0737370364786	NaN
1	0.10500000000000001	557.3058747696819	431.82310921103914	68.53569294225376	948.1219067282373	984.5761092811498	82.70839442826728	978.285059299521	NaN
1	0.10500000000000001	557.5044033884643	432.621233771337	68.42170516095975	948.5133658872028	984.7954450222267	82.69575381433692	978.5001830027788	NaN
1	0.10500000000000001	557.7029320072469	433.4085561342405	68.31009106818314	948.9046696350019	985.0185475471582	82.68340878770526	978.7190170847203	NaN
1	0.10500000000000001	557.9014606260293	434.1848620162154	68.20085839259193	949.2957009755412	985.2453383957154	82.6713374995079	978.9414767508258	NaN
1	0.10500000000000001	558.0999892448119	434.9499412071032	68.09401423684228	949.6863412924346	985.4757382182175	82.6595183776294	979.1674837216456	NaN
1	0.10500000000000001	558.2985178635944	435.7035876367932	67.98956509083018	950.0764705378866	985.7096667612487	82.64793220597558	979.3969658350015	NaN
1	0.10500000000000001	558.497046482377	436.4455994421443	67.88751684449862	950.465967570456	985.9470428591468	82.63656388129512	979.6298560738119	NaN
1	0.10500000000000001	558.6955751011594	437.1757790339452	67.78787480041503	950.8547106078765	986.1877844338871	82.62540371481839	979.8660911362674	NaN
1	0.10500000000000001	558.894103719942	437.8939331635513	67.690643686316	951.2425777531168	986.4318085051503	82.61444819219275	980.1056096978766	NaN
1	0.10500000000000001	559.0926323387245	438.5998729887289	67.59582766778449	951.6294475478545	986.6790312114135	82.60370015627895	980.3483505330968	NaN
1	0.10500000000000001	559.291160957507	439.2934141381658	67.50343036117783	952.0151995076977	986.9293678419376	82.59316842869744	980.5942506671171	NaN
1	0.10500000000000001	559.4896895762895	439.9743767740921	67.41345484687167	952.3997145975206	987.1827328786192	82.58286693316784	980.8432437164684	NaN
1	0.10500000000000001	559.6882181950721	440.6425856524816	67.32590368282752	952.7828756126697	987.4390400459072	82.57281342286177	981.0952585523033	NaN
1	0.10500000000000001	559.8867468138545	441.2978701803745	67.24077891843729	953.164567441698	987.6982023664116	82.56302794227342	981.3502183852777	NaN
1	0.10500000000000001	560.0857130597127	441.9414655134165	67.1579024984593	953.5455132641143	987.9607125973519	82.55351056922102	981.6086117569765	NaN
1	0.10500000000000001	560.2854423021154	442.5741418378823	67.0771620677583	953.9262095550208	988.2269358443602	82.54426829940282	981.8707971570255	NaN
1	0.10500000000000001	560.4862418071413	443.19652720037084	66.99846790114928	954.3071069003839	988.4972278893825	82.53530887997111	982.1371195617369	NaN
1	0.10500000000000001	560.6883770073937	443.8090393721038	66.92176082066675	954.6885641337506	988.7719003834634	82.52664059238968	982.4078766433299	NaN
1	0.10500000000000001	560.8920932388485	444.4119608920767	66.8470019479063	955.0708891118128	989.0512470253466	82.51827013508561	982.6833453473805	NaN
1	0.10500000000000001	561.097616384134	445.00544512177066	66.77417142349849	955.4543390443567	989.335542197466	82.51020179751077	982.9637816360777	NaN
1	0.10500000000000001	561.3051606022112	445.5895419526886	66.7032647943182	955.8391339581465	989.6250496508534	82.50243671162434	983.2494303634498	NaN
1	0.10500000000000001	561.5149322024872	446.16420988365815	66.63429122875925	956.2254626027328	989.9200263270252	82.4949727086436	983.5405304973004	NaN
1	0.10500000000000001	561.7271343633789	446.7293286764114	66.5672717686104	956.6134896440187	990.220727644156	82.48780460917904	983.8373218146791	NaN
1	0.10500000000000001	561.9419713015639	447.2847084722226	66.50223811517517	957.0033615178896	990.5274122735548	82.48092499858359	984.1400509979997	NaN
1	0.10500000000000001	562.1596523800774	447.830096736334	66.43923177215045	957.3952118346247	990.8403470268663	82.47432542537895	984.4489776116131	NaN
1	0.10500000000000001	562.3803960120988	448.36518258263345	66.3783035904774	957.7891660445513	991.1598115990228	82.46799794492561	984.76437958096	NaN
1	0.10500000000000001	562.6044333616051	448.8895984479372	66.31951370970576	958.1853453370602	991.4861031103189	82.46193688693329	985.0865580108839	NaN
1	0.10500000000000001	562.8320117137212	449.4029187962299	66.26293192274919	958.5838695090885	991.819540200938	82.45614069693438	985.4158410236196	NaN
1	0.10500000000000001	563.0633978031383	449.9046565013578	66.20863838316588	958.9848592585291	992.1604670344584	82.45061366870607	985.7525869358202	NaN
1	0.10500000000000001	563.2988814514747	450.39425747851834	66.15672459415742	959.3884384038143	992.5092576750482	82.4453673779699	986.0971872546116	NaN
1	0.10500000000000001	563.5387801203202	450.87109435772834	66.10729461050701	959.7947368775533	992.8663216969692	82.44042163447743	986.4500704239664	NaN
1	0.10500000000000001	563.7834451102585	451.33445972108683	66.06046643835181	960.2038954022762	993.2321120862491	82.43580480296251	986.8117075192413	NaN
1	0.10500000000000001	564.033270041282	451.7835586042614	66.0163737314325	960.6160724045435	993.6071363570147	82.43155340654576	987.1826210191838	NaN
1	0.10500000000000001	564.2887035737697	452.2175014830003	65.9751677743929	961.0314556447742	993.9919737812526	82.42771099377794	987.5633997980641	NaN
1	0.10500000000000001	564.5502622073511	452.6352876592199	65.93702086020808	961.4502707904251	994.3872923648818	82.42432645551116	987.9547143503777	NaN
1	0.10500000000000001	564.8185412680989	453.0357753251351	65.90213141072265	961.8727833920117	994.793862402796	82.42145199841119	988.3573294121314	NaN
1	0.10500000000000001	565.094231427917	453.41764836939956	65.87072998717917	962.2993052261737	995.2125773750428	82.41914098711138	988.7721249047962	NaN
1	0.10500000000000001	565.3781286041758	453.77935962841525	65.8430880601456	962.7301848970203	995.6444633554806	82.41744620428321	989.2001067646131	NaN
1	0.10500000000000001	565.6711432540133	454.1190608642389	65.81952852684599	963.1657920468748	996.0906854318318	82.4164189001516	989.6424161555914	NaN
1	0.10500000000000001	565.974309087113	454.4345185504843	65.80043808925491	963.6064945013437	996.5525505588911	82.41610918914658	990.1003364291794	NaN
1	0.10500000000000001	566.2887955714178	454.7230181391806	65.78628147267396	964.0526336935416	997.0315127602097	82.41656839705759	990.5753033977333	NaN
1	0.10500000000000001	566.6159214621632	454.9812496741145	65.77761826223706	964.5044925729784	997.5291754912668	82.41785394682417	991.0689131594532	NaN
1	0.10500000000000001	566.9571368898891	455.2051524898889	65.77512272364665	964.9622115154364	998.0472406619102	82.42003684488947	991.5828763445425	NaN
1	0.10500000000000001	567.313876871496	455.3897044212299	65.77960030585561	965.4255363846062	998.5872571368637	82.4232100013521	992.1187711777571	NaN
1	0.10500000000000001	567.687121088409	455.52874124228504	65.79197456309407	965.8932386351979	999.1499260296796	82.42749174220516	992.6773521124688	NaN
1	0.10500000000000001	568.0766470664271	455.6151413600517	65.81319650814906	966.3623061298687	999.7339671624057	82.43301567648341	993.2574151035454	NaN
1	0.10500000000000001	568.480629224734	455.64176440320745	65.84407869189404	966.8277857450714	1000.3355590311369	82.43990707428064	993.8552234739269	NaN
1	0.10500000000000001	568.8963447378402	455.6026813419215	65.88518532914297	967.2840021312244	1000.9494770974554	82.44826363463719	994.4656190528344	NaN
1	0.10500000000000001	569.3210683324581	455.49371773957256	65.93683652441605	967.7257824045879	1001.5704978833442	82.45814394420616	995.0834085978418	NaN
1	0.10500000000000001	569.7523625401682	455.3124082128461	65.99914306441427	968.148802895318	1002.193873387855	82.46955654880904	995.7038424531845	NaN
1	0.10500000000000001	570.1885097674875	455.0575265926825	66.07211165146862	968.5499412655488	1002.8159740855372	82.48246986145837	996.3232732788953	NaN
1	0.10500000000000001	570.6290074901511	454.728104718443	66.15582563398455	968.927499468498	1003.4349534279004	82.49684648987389	996.9398395734066	NaN
1	0.10500000000000001	571.0744956855735	454.3225194689648	66.2505665313603	969.2807828237834	1004.0505388624489	82.51267466954243	997.5532727668601	NaN
1	0.10500000000000001	571.5260474190269	453.83839565537767	66.35676703753701	969.6092411422354	1004.6629396650519	82.52997380431829	998.1638120043301	NaN
1	0.10500000000000001	571.9839181130578	453.2739197174526	66.47472131921006	969.9115372876764	1005.2711286941665	82.54875947915508	998.7704813234227	NaN
1	0.10500000000000001	572.4461504179803	452.6305679001511	66.60408543882599	970.1850484393707	1005.8711594460984	82.56897197658378	999.3693895919251	NaN
1	0.10500000000000001	572.908382722903	451.9151565432813	66.74357329776561	970.4265557060272	1006.4562944628182	82.59042850445579	999.9538323935959	NaN
1	0.10500000000000001	573.3706150278255	451.129590482976	66.89296494321786	970.6359331625487	1007.0256854059761	82.61311632759485	1000.5229526814073	NaN
1	0.10500000000000001	573.8328473327481	450.2758816220274	67.05203217983177	970.8131167262684	1007.5785177764063	82.63700544248353	1001.0759076316813	NaN
1	0.10500000000000001	574.2950796376706	449.35614394078675	67.22053836701525	970.9581000925714	1008.1140122257392	82.66204271438012	1001.6118832174733	NaN
1	0.10500000000000001	574.7573119425931	448.37258833397397	67.39823820579224	971.0709305733036	1008.6314256063293	82.68815601417379	1002.1301093260438	NaN
1	0.10500000000000001	575.2195442475157	447.3275173057292	67.58487751370821	971.1517064329661	1009.1300518073155	82.71526536873453	1002.6298693063762	NaN
1	0.10500000000000001	575.6817765524382	446.2233195512105	67.78019299314776	971.2005764266966	1009.6092224785974	82.74329548702141	1003.1105009659518	NaN
1	0.10500000000000001	576.1440088573607	445.06246444154453	67.9839120018379	971.2177411614757	1010.0683077471645	82.77218413510175	1003.5713900633293	NaN
1	0.10500000000000001	576.5584950967868	443.9754261213829	68.17350280443613	971.2063787279943	1010.4624057178761	82.79877919259694	1003.9674091350831	NaN
1	0.10500000000000001	576.9729813362129	442.84675792527685	68.36941373508992	971.1699478406985	1010.8394794786764	82.82599749176067	1004.3466950117512	NaN
1	0.10500000000000001	577.387467575639	441.67838364082456	68.57142828032909	971.1087053734539	1011.199156919487	82.85381102247736	1004.70887003057	NaN
1	0.10500000000000001	577.7574790185959	440.60343056740527	68.75674130876529	971.03331002943	1011.5052622295514	82.87911652077385	1005.0174350393085	NaN
1	0.10500000000000001	578.1274904615526	439.4998172876653	68.94657754285498	970.9386034089367	1011.7970012937882	82.90484202064401	1005.3118374462831	NaN
1	0.10500000000000001	578.4975019045094	438.36898300321997	69.14076966587277	970.8248347330232	1012.0741641313701	82.93095402639001	1005.5918540931895	NaN
1	0.10500000000000001	578.8675133474661	437.2123849687288	69.3391460757597	970.6922718394513	1012.3365582549311	82.95741519678108	1005.8572815528314	NaN
1	0.10500000000000001	579.1993682907192	436.15435261821847	69.5204803542581	970.557626416438	1012.5591868192714	82.98141257465613	1006.0827773582017	NaN
1	0.10500000000000001	579.5312232339725	435.07785380628974	69.70490913332583	970.4083105565511	1012.7696804648192	83.0056316520798	1006.2962743639819	NaN
1	0.10500000000000001	579.8630781772256	433.98396923659527	69.89229979555006	970.244553214471	1012.9679364008501	83.03004626476405	1006.4976694004569	NaN
1	0.10500000000000001	580.1949331204787	432.873786468289	70.08251691256736	970.0665943751633	1013.1538632288301	83.05463250083646	1006.6868717679959	NaN
1	0.10500000000000001	580.5267880637319	431.74839879800015	70.27542226151661	969.8746850556246	1013.3273809486719	83.0793687701409	1006.863802074837	NaN
1	0.10500000000000001	580.8586430069851	430.6089041376291	70.47087483791077	969.6690872568129	1013.4884209641923	83.10423532920522	1007.028391180366	NaN
1	0.10500000000000001	581.1904979502383	429.45640389671405	70.66873087347577	969.4500738060344	1013.6369260849875	83.12921342619589	1007.1805794778858	NaN
1	0.10500000000000001	581.4880379782215	428.41292430125486	70.84805125251768	969.2425329425243	1013.7593797623664	83.15168815454001	1007.306445810043	NaN
1	0.10500000000000001	581.7855780062048	427.3606734931125	71.02907853534526	969.0246462320623	1013.8716946353533	83.17422336872593	1007.4222729575388	NaN
1	0.10500000000000001	582.083118034188	426.300448169484	71.21170355628277	968.7966310356144	1013.97385281599	83.19680401688764	1007.5280376338654	NaN
1	0.10500000000000001	582.3806580621713	425.2330445882712	71.39581544000606	968.5587105836735	1014.0658437230928	83.21941396983654	1007.6237235038415	NaN
1	0.10500000000000001	582.6781980901546	424.15925795377245	71.58130163778692	968.3111136300788	1014.1476640433413	83.24203611196624	1007.7093216515335	NaN
1	0.10500000000000001	582.9757381181379	423.0798818052091	71.76804796267949	968.0540741280449	1014.2193176831362	83.2646526260331	1007.7848309624617	NaN
1	0.10500000000000001	583.2732781461211	421.99570741276506	71.95593862755621	967.7878309469429	1014.2808157124925	83.28724540490005	1007.8502583475764	NaN
1	0.10500000000000001	583.5708181741045	420.90752318278203	72.14485628699597	967.5126276387788	1014.3321763026175	83.30979650499965	1007.905618771049	NaN
1	0.10500000000000001	583.8683582020877	419.816114072958	72.33468208338623	967.2287122528493	1014.3734246588917	83.3322885553975	1007.9509350827672	NaN
1	0.10500000000000001	584.165898230071	418.72226101810963	72.52529569745857	966.9363371877607	1014.4045929507272	83.35470505164832	1007.9862376919509	NaN
1	0.10500000000000001	584.4634382580542	417.62674036690504	72.71657540343213	966.635759063535	1014.4257202392849	83.3770304909496	1008.0115641441266	NaN
1	0.10500000000000001	584.7609782860375	416.5303233298717	72.90839812890168	966.3272385938676	1014.4368524034294	83.39925033832193	1008.0269586757697	NaN
1	0.10500000000000001	585.0585183140208	415.4337754389383	73.10063951956427	966.011040439936	1014.4380420636787	83.42135084597211	1008.0324718181342	NaN
1	0.10500000000000001	585.3560583420041	414.3378560187634	73.29317400882879	965.6874330319101	1014.429348503412	83.44331877363359	1008.0281601058367	NaN
1	0.10500000000000001	585.6535983699873	413.2433176701364	73.4858748923044	965.3566883513189	1014.4108375862949	83.46514107227287	1008.0140859207397	NaN
1	0.10500000000000001	585.9511383979707	412.15090576579394	73.67861440712298	965.0190816751792	1014.3825816688226	83.48680459527775	1007.9903174729966	NaN
1	0.10500000000000001	586.2486784259539	411.0613579590545	73.87126381602046	964.6748912897981	1014.3446595070548	83.50829589082642	1007.9569288944436	NaN
1	0.10500000000000001	586.5462184539372	409.9754037057281	74.06369349608576	964.3243981871433	1014.2971561569672	83.52960110951491	1007.9140003996965	NaN
1	0.10500000000000001	586.8437584819204	408.89376379978484	74.255773032082	963.9678857588945	1014.2401628683043	83.55070603691686	1007.8616184604632	NaN
1	0.10500000000000001	587.1115211418144	407.92464943101584	74.42822186912537	963.6421425958589	1014.1808408377436	83.56951565854345	1007.8064737789076	NaN
1	0.10500000000000001	587.3792838017083	406.9601176388685	74.60018499405129	963.3119651712445	1014.1139871153061	83.58814084892816	1007.7438204080476	NaN
1	0.10500000000000001	587.6470464616023	406.00067400087465	74.77156611649463	962.9775638964134	1014.0396806095484	83.6065712217837	1007.6737346888519	NaN
1	0.10500000000000001	587.9148091214962	405.0468173410956	74.94226868299393	962.6391501140808	1013.9580039946763	83.62479667830335	1007.5962970741122	NaN
1	0.10500000000000001	588.1825717813902	404.0990394995935	75.11219594593744	962.2969359840462	1013.8690436352705	83.64280752153705	1007.5115919888163	NaN
1	0.10500000000000001	588.4503344412841	403.15782510897554	75.28125103349196	961.9511343786302	1013.7728895099771	83.66059452876114	1007.4197076526872	NaN
1	0.10500000000000001	588.718097101178	402.22365137892086	75.44933702135084	961.6019587827924	1013.6696351343907	83.6781489745332	1007.320735883471	NaN
1	0.10500000000000001	588.985859761072	401.2969878889318	75.61635700648235	961.2496231936942	1013.5593774832089	83.6954626051641	1007.2147719008834	NaN
1	0.10500000000000001	589.2536224209659	400.37829638936	75.78221418286854	960.8943420150898	1013.4422169115936	83.71252757268054	1007.1019141493075	NaN
1	0.10500000000000001	589.5213850808599	399.4680306107027	75.9468119191604	960.5363299432207	1013.3182570755678	83.72933634192181	1006.982264152906	NaN
1	0.10500000000000001	589.7891477407538	398.5666360811537	76.11005383814614	960.1758018426078	1013.1876048512115	83.74588158749037	1006.8559264106319	NaN
1	0.10500000000000001	590.0569104006478	397.6745499523933	76.27184389791158	959.8129726119828	1013.0503702524064	83.76215609757521	1006.723008331752	NaN
1	0.10500000000000001	590.3246730605417	396.792200833611	76.43208647455981	959.4480570422961	1012.9066663469174	83.77815269934293	1006.5836202060649	NaN
1	0.10500000000000001	590.5924357204357	395.9200086337591	76.5906864463487	959.0812696700198	1012.7566091706788	83.79386421619532	1006.4378751979158	NaN
1	0.10500000000000001	590.8601983803296	395.05838441203605	76.74754927910038	958.7128246296746	1012.6003176402554	83.80928346154239	1006.285889350089	NaN
1	0.10500000000000001	591.1279610402236	394.2077302365977	76.90258111273488	958.3429355095842	1012.4379134635603	83.82440326779344	1006.1277815829953	NaN
1	0.10500000000000001	591.3957237001175	393.3684390514795	77.05568884877967	957.9718152143205	1012.2695210490175	83.83921654395651	1005.9636736761905	NaN
1	0.10500000000000001	591.6634863600115	392.5408945516998	77.2067802387083	957.5996758362901	1012.0952674134304	83.85371635131987	1005.7936902227559	NaN
1	0.10500000000000001	591.9312490199054	391.7254710664872	77.35576397296175	957.226728537613	1011.9152820888653	83.86789598466714	1005.6179585517741	NaN
1	0.10500000000000001	592.1990116797994	390.9225334505537	77.50254977050625	956.8531834420619	1011.7296970288601	83.88174904652084	1005.4366086192217	NaN
1	0.10500000000000001	592.4667743396933	390.13243698330797	77.64704846877882	956.4792495356062	1011.5386465142377	83.89526950385809	1005.2497728722901	NaN
1	0.10500000000000001	592.7345369995872	389.35552727587805	77.78917211386883	956.1051345731929	1011.342267058742	83.90845172016213	1005.0575860957317	NaN
1	0.10500000000000001	593.0022996594812	388.59214018579445	77.92883405077735	955.7310449889252	1011.1406973146344	83.92129045993458	1004.8601852508539	NaN
1	0.10500000000000001	593.2700623193751	387.8426017391697	78.0659490135901	955.3571858068028	1010.9340779783082	83.93378086718246	1004.6577093180478	NaN
1	0.10500000000000001	593.5378249792691	387.10722806020027	78.20043321539092	954.98376054963	1010.7225516958985	83.94591842323288	1004.4502991523349	NaN
1	0.10500000000000001	593.805587639163	386.3863253078137	78.33220443773617	954.610971144484	1010.5062629688135	83.95769889197108	1004.2380973586677	NaN
1	0.10500000000000001	594.073350299057	385.68018961928533	78.46118211950336	954.2390178241102	1010.2853580590843	83.96911826190158	1004.0212481901635	NaN
1	0.10500000000000001	594.3411129589509	384.989107060652	78.58728744492221	953.8680990246264	1010.0599848944245	83.98017269420869	1003.7998974686731	NaN
1	0.10500000000000001	594.6088756188449	384.3133535837537	78.71044343059386	953.4984112807934	1009.8302929729238	83.99085848438075	1003.5741925236824	NaN
1	0.10500000000000001	594.8766382787388	383.65319498974134	78.83057501130322	953.1301491207489	1009.5964332673423	84.00117204231664	1003.3442821430201	NaN
1	0.10500000000000001	595.1444009386328	383.0088868988869	78.94760912443112	952.7635049623913	1009.3585581290304	84.01110989262214	1003.1103165274976	NaN
1	0.10500000000000001	595.4121635985267	382.38067472653427	79.06147479277678	952.3986690135551	1009.1168211915605	84.02066869357273	1002.8724472415871	NaN
1	0.10500000000000001	595.6799262584207	381.7687936650245	79.17210320560606	952.0358291777405	1008.8713772742104	84.02984527045145	1002.6308271534258	NaN
1	0.10500000000000001	595.9476889183146	381.17346867142095	79.2794277977467	951.6751709665486	1008.6223822854724	84.03863665706012	1002.3856103595784	NaN
1	0.10500000000000001	596.2154515782086	380.594914460853	79.38338432655826	951.3168774192276	1008.3699931267819	84.04704013838246	1002.1369520926794	NaN
1	0.10500000000000001	596.4832142381025	380.0333355052843	79.48391094660934	950.9611290289915	1008.1143675966536	84.05505328768297	1001.8850086128672	NaN
1	0.10500000000000001	596.7509768979965	379.48892603750755	79.58094828190113	950.6081036751216	1007.8556642953894	84.06267399264652	1001.6299370863879	NaN
1	0.10500000000000001	597.0187395578904	378.961870060153	79.67443949547902	950.257976559425	1007.5940425304858	84.06990046720321	1001.3718954565119	NaN
1	0.10500000000000001	597.2865022177843	378.4523413595007	79.764330356279	949.9109201454236	1007.3296622228188	84.07673124809374	1001.1110423127809	NaN
1	0.10500000000000001	597.5542648776783	377.9605035238796	79.8505693030584	949.5671040987185	1007.0626838136399	84.08316517761197	1000.8475367644974	NaN
1	0.10500000000000001	597.8220275375722	377.48650996644244	79.93310750526292	949.2266952272743	1006.7932681723767	84.08920137594878	1000.5815383233667	NaN
1	0.10500000000000001	598.0897901974662	377.03050395210784	80.01189892068682	948.8898574208347	1006.5215765052023	84.0948392078833	1000.3132067985491	NaN
1	0.10500000000000001	598.3586793518795	376.5908148722329	80.08720782187547	948.5553582990631	1006.2466141053181	84.10009944725019	1000.0415598109442	NaN
1	0.10500000000000001	598.6295212954569	376.1665318513868	80.15915862182369	948.222396429931	1005.9676649649651	84.10499109568536	999.7658890249609	NaN
1	0.10500000000000001	598.9031608605252	375.7569417982261	80.22783327221822	947.8902008290738	1005.6839764631061	84.10951857553381	999.485448880458	NaN
1	0.10500000000000001	599.1803800770841	375.3616569310857	80.29324932514675	947.5581350647573	1005.3948485999304	84.11368032067251	999.199544832943	NaN
1	0.10500000000000001	599.4619718403031	374.98050417764307	80.35537823767194	947.2256118771179	1005.0995631970203	84.11747007433094	998.9074634238493	NaN
1	0.10500000000000001	599.7487508188636	374.61352533111346	80.41414442084634	946.8920879969467	1004.7973769474626	84.12087679866976	998.6084653990829	NaN
1	0.10500000000000001	600.0415917376001	374.2609516872174	80.46942791562881	946.5570298831018	1004.4874855947114	84.12388472567825	998.3017502226666	NaN
1	0.10500000000000001	600.3414626686533	373.9232039041439	80.52106206966275	946.2198906825588	1004.1689932511225	84.12647297278026	997.9864255969819	NaN
1	0.10500000000000001	600.6494822427632	373.6008870792565	80.56883063734035	945.8800671427068	1003.8408568046535	84.12861492770936	997.6614522260696	NaN
1	0.10500000000000001	600.9669572628258	373.29483731694324	80.61245525885462	945.5368880241298	1003.5018523067705	84.13027688499596	997.3256102198546	NaN
1	0.10500000000000001	601.2954795835069	373.00614615224606	80.65158365994013	945.1895504243431	1003.1504804349166	84.1314163121398	996.9774049993395	NaN
1	0.10500000000000001	601.6370325499787	372.73624119251406	80.68576525388188	944.8370675663914	1002.7848653462788	84.13197887574071	996.6149663980948	NaN
1	0.10500000000000001	601.9941419201542	372.4870163575159	80.71441322524142	944.4782003186112	1002.402612494347	84.13189389349058	996.2359067599632	NaN
1	0.10500000000000001	602.3700227451135	372.26108328086207	80.73674129423341	944.1114355784459	1002.0006819058456	84.13106751437412	995.8371939291121	NaN
1	0.10500000000000001	602.768468028702	372.06227817819325	80.75166441362992	943.7352584076257	1001.5755546033148	84.12937464381596	995.4153146882333	NaN
1	0.10500000000000001	603.1923086252884	371.89664574799804	80.75769801240749	943.3497126300051	1001.1249354423218	84.12666189722943	994.9679638250475	NaN
1	0.10500000000000001	603.6380806838903	371.77323144300664	80.75316377297797	942.9608741672278	1000.6534245367396	84.12280802329781	994.4996794493196	NaN
1	0.10500000000000001	604.0939911231472	371.7005777813483	80.7370846625863	942.5812820229756	1000.174462133428	84.11782138331948	994.0237902333506	NaN
1	0.10500000000000001	604.5519591938886	371.68175639148546	80.70940944472112	942.2188070879967	999.697388592471	84.11176629092644	993.5495702468619	NaN
1	0.10500000000000001	605.0099272646298	371.7167628981601	80.67033658407901	941.8755903520264	999.2250882434739	84.10468257704377	993.0798873302248	NaN
1	0.10500000000000001	605.4678953353712	371.8050699805227	80.62004281008203	941.5519850229693	998.7582610891906	84.09659145106309	992.6154399316569	NaN
1	0.10500000000000001	605.9258634061124	371.9460791217375	80.55872877421827	941.2483114244031	998.2975916204997	84.08751562807375	992.1569113824748	NaN
1	0.10500000000000001	606.3838314768537	372.1391219480668	80.48661819897288	940.9648569592449	997.8437479641741	84.0774792266247	991.7049688942153	NaN
1	0.10500000000000001	606.841799547595	372.38346160397487	80.40395694823704	940.7018760935653	997.3973810676221	84.06650759446596	991.2602626536977	NaN
1	0.10500000000000001	607.2997676183363	372.67829416459074	80.3110120255557	940.4595903527822	996.9591239196624	84.05462712306998	990.8234250452816	NaN
1	0.10500000000000001	607.7581775199419	373.0231060703468	80.2079664625786	940.2379848697888	996.5291808140448	84.04185238014426	990.3946610146915	NaN
1	0.10500000000000001	608.2209480736674	373.42067587814404	80.09409375194296	940.0356536929085	996.1046208361291	84.02808895000653	989.9710458984474	NaN
1	0.10500000000000001	608.6908163782647	373.87415044838826	79.96869491084291	939.8523291690889	995.683894780282	84.01325368859565	989.5510273645964	NaN
1	0.10500000000000001	609.1713898764503	374.38868445056266	79.83062749518263	939.687973022195	995.2649862297011	83.99721680990442	989.132581012386	NaN
1	0.10500000000000001	609.6649341659447	374.9691501331942	79.67893590303953	939.5436094359975	994.8474135653655	83.97987531396195	988.7152095161115	NaN
1	0.10500000000000001	610.1700442376242	375.6162934509978	79.5137856647383	939.4215208000111	994.4339773156481	83.96125406382593	988.3016944922044	NaN
1	0.10500000000000001	610.6775382464473	376.3188926321168	79.33828332999913	939.3249768255381	994.0334218441839	83.94169925848514	987.9007726686677	NaN
1	0.10500000000000001	611.1850322552704	377.07224846423594	79.15372521238749	939.2545494730268	993.6483555582336	83.92134245438397	987.5150552919349	NaN
1	0.10500000000000001	611.6925262640935	377.8745121504851	78.9606659116198	939.2101257707627	993.2793661969853	83.90023025862153	987.1451335812131	NaN
1	0.10500000000000001	612.2000202729166	378.7237603081048	78.75967217806483	939.1915461336938	992.9270053229914	83.87841000357841	986.7915629898986	NaN
1	0.10500000000000001	612.7075142817397	379.61799831735584	78.55132070612954	939.1986049812932	992.5917877063081	83.85592967809997	986.4548626876473	NaN
1	0.10500000000000001	613.2150082905628	380.5551637924346	78.33619596078121	939.2310514261808	992.2741907730137	83.83283792031828	986.1355150689732	NaN
1	0.10500000000000001	613.722502299386	381.53313017486937	78.1148880475339	939.2885900406133	991.9746541188284	83.80918402392267	985.8339652588379	NaN
1	0.10500000000000001	614.173158758508	382.4340066873684	77.91366173509961	939.3604460189235	991.7241287826895	83.78774832517755	985.5814370605295	NaN
1	0.10500000000000001	614.62381521763	383.36376393398575	77.7084445580139	939.4515558181008	991.4884174289882	83.76594402588367	985.3435251031615	NaN
1	0.10500000000000001	615.074471676752	384.3207999451448	77.49965326444476	939.5616275620048	991.2677514181242	83.74380670305216	985.1204654440156	NaN
1	0.10500000000000001	615.4765406631009	385.19635094204364	77.31069415444792	939.6755797729473	991.0837451395549	83.72380410171469	984.934164617097	NaN
1	0.10500000000000001	615.8786096494499	386.0911375640369	77.1195145864498	939.804131057352	990.9120106828046	83.70359032865092	984.7599894495404	NaN
1	0.10500000000000001	616.280678635799	387.00396434468513	76.92640643141358	939.947023727552	990.7526632157932	83.6831908667066	984.5980588604015	NaN
1	0.10500000000000001	616.682747622148	387.93362044671903	76.73165914535521	940.1039849689787	990.6058023883782	83.66263120285672	984.4484764074157	NaN
1	0.10500000000000001	617.084816608497	388.8788810674899	76.53555930242571	940.2747272078512	990.4715123255628	83.64193681511556	984.3113302896572	NaN
1	0.10500000000000001	617.4458007009064	389.7398276718914	76.35857854060124	940.4395148433695	990.3617109062438	83.62326323107183	984.1988536172832	NaN
1	0.10500000000000001	617.8067847933157	390.6114522437961	76.18093826388973	940.6149396426487	990.2621369744339	83.6045199781038	984.0965026649587	NaN
1	0.10500000000000001	618.1677688857251	391.49284526516135	76.00283820156649	940.8007646386865	990.1728195015472	83.5857254324121	984.0043096724319	NaN
1	0.10500000000000001	618.5287529781344	392.3830916997837	75.82447515985012	940.9967442803448	990.0937774486371	83.56689792580949	983.9222969492639	NaN
1	0.10500000000000001	618.8897370705439	393.2812718744719	75.64604282110047	941.2026246902819	990.0250198065544	83.54805572658172	983.8504769043515	NaN
1	0.10500000000000001	619.2507211629533	394.18646236245496	75.46773155005006	941.4181439293023	989.9665456444055	83.52921701765456	983.7888520866127	NaN
1	0.10500000000000001	619.6117052553626	395.0977368738276	75.28972821276876	941.6430322667115	989.9183441662475	83.51039987417808	983.737415237739	NaN
1	0.10500000000000001	619.972689347772	396.01416715311484	75.11221600932832	941.8770124566204	989.8803947759469	83.49162224260846	983.6961493567461	NaN
1	0.10500000000000001	620.3336734401813	396.93482388310264	74.93537432019785	942.1198000203945	989.8526671501413	83.47290192277849	983.6650277750755	NaN
1	0.10500000000000001	620.6946575325907	397.85877759387967	74.75937856618636	942.3711035355641	989.8351213192483	83.45425655351116	983.644014240432	NaN
1	0.10500000000000001	621.055641625	398.78509957596117	74.5844000816753	942.6306249314813	989.8277077564827	83.43570360133575	983.63306300752	NaN
1	0.10500000000000001	621.4166257174095	399.71286279632824	74.41060600083881	942.8980597918571	989.8303674748531	83.41726035109133	983.6321189342981	NaN
1	0.10500000000000001	621.7776098098188	400.641142816182	74.23815915651348	943.173097664076	989.8430321321109	83.39894389683234	983.6411175831565	NaN
1	0.10500000000000001	622.1385939022282	401.5690187091817	74.06721799134696	943.4554223749413	989.8656241436136	83.38077113155074	983.65998532727	NaN
1	0.10500000000000001	622.4995779946375	402.495573978914	73.89793648082649	943.7447123523141	989.8980568030544	83.36275873473039	983.6886394630582	NaN
1	0.10500000000000001	622.8605620870469	403.4198974743188	73.7304640677616	944.0406409520045	989.9402344109844	83.34492315746523	983.7269883300362	NaN
1	0.10500000000000001	623.2215461794563	404.341084301786	73.5649456077733	944.3428767892989	989.9920524110377	83.32728060560667	983.7749314392755	NaN
1	0.10500000000000001	623.5825302718656	405.2582367326265	73.40152132532263	944.6510840745937	990.0533975337441	83.30984702193655	983.8323596112868	NaN
1	0.10500000000000001	623.943514364275	406.17046510461915	73.2403267797948	944.9649229527736	990.1241479478124	83.29263806857973	983.8991551235288	NaN
1	0.10500000000000001	624.3044984566843	407.0768887163365	73.08149284114347	945.2840498461157	990.2041734187472	83.27566911074307	983.9751918671021	NaN
1	0.10500000000000001	624.6654825490938	407.97663671295606	72.92514567459004	945.608117800615	990.2933354746741	83.25895520245376	984.0603355117088	NaN
1	0.10500000000000001	625.0264666415031	408.86884896227434	72.77140673386756	945.9367768356595	990.39148757924	83.24251107442731	984.154443677731	NaN
1	0.10500000000000001	625.3874507339125	409.75267691965036	72.6203927624959	946.2696742969429	990.4984753114626	83.22635112366423	984.2573661143682	NaN
1	0.10500000000000001	625.7484348263218	410.6272844806198	72.47221580257488	946.6064552123889	990.6141365523985	83.21048940401575	984.3689448830888	NaN
1	0.10500000000000001	626.1094189187312	411.49184881993745	72.32698321058432	946.9467626507335	990.7383016784942	83.19493961683933	984.4890145461121	NaN
1	0.10500000000000001	626.4704030111405	412.34556121582614	72.18479767968434	947.2902380822754	990.8707937614732	83.17971510100539	984.6174023600812	NaN
1	0.10500000000000001	626.8313871035499	413.1876278582313	72.04575726801527	947.6365217412182	991.0114287745981	83.1648288218436	984.7539284754087	NaN
1	0.10500000000000001	627.1923711959594	414.0172706399078	71.9099554325042	947.9852529889943	991.1600158051284	83.15029335903328	984.8984061418837	NaN
1	0.10500000000000001	627.5533552883687	414.83372792919545	71.77748106769465	948.3360706779894	991.3163572727808	83.13612089381786	985.0506419210255	NaN
1	0.10500000000000001	627.9143393807781	415.63625532337016	71.64841854912669	948.6886135151568	991.4802491539841	83.1223231961671	985.2104359053848	NaN
1	0.10500000000000001	628.2753234731874	416.4241263814961	71.522847780807	949.0425204251023	991.6514812117109	83.10891161256124	985.377581944638	NaN
1	0.10500000000000001	628.6363075655968	417.1966333357397	71.40084424632273	949.3974309123042	991.8298372306616	83.09589705494238	985.5518678779806	NaN
1	0.10500000000000001	628.9972916580061	417.9530877801472	71.28247906316739	949.7529854221841	992.0150952575748	83.08328999111535	985.7330757720974	NaN
1	0.10500000000000001	629.3582757504155	418.69282133592685	71.16781903986397	950.1088257007541	992.2070278464321	83.07110043656915	985.9209821639206	NaN
1	0.10500000000000001	629.7192598428248	419.4151862923228	71.05692673548745	950.4645951525321	992.4054023083282	83.05933794742491	986.1153583074756	NaN
1	0.10500000000000001	630.0802439352342	420.11955622220495	70.94986052120633	950.8199391963599	992.6099809657674	83.04801161405439	986.3159704243257	NaN
1	0.10500000000000001	630.4412280276435	420.80532657154936	70.8466746434816	951.174505618683	992.8205214111433	83.03713005490073	986.5225799573801	NaN
1	0.10500000000000001	630.8022121200529	421.4719152220252	70.74741928858022	951.5279449238	993.0367767691531	83.02670141014755	986.7349438280622	NaN
1	0.10500000000000001	631.1631962124623	422.1187630259519	70.6521406480778	951.8799106805468	993.2584959628788	83.01673333508825	986.9528146969678	NaN
1	0.10500000000000001	631.5241803048716	422.7453343129386	70.56088098504542	952.2300598648922	993.4854239832687	83.00723299327626	987.1759412281642	NaN
1	0.10500000000000001	631.885164397281	423.35111736756505	70.47367870063302	952.5780531979468	993.717302161732	82.99820704972252	987.4040683571843	NaN
1	0.10500000000000001	632.2461484896903	423.93562487751564	70.39056840078182	952.9235554789448	993.9538684455603	82.98966166450762	987.6369375625912	NaN
1	0.10500000000000001	632.6071325820997	424.4983943516253	70.31158096281536	953.2662359128124	994.1948576758783	82.98160248716722	987.8742871407908	NaN
1	0.10500000000000001	632.968116674509	425.0389885073503	70.23674360167988	953.6057684319914	994.4400018678296	82.97403465210849	988.1158524835977	NaN
1	0.10500000000000001	633.3291007669184	425.5569956272255	70.16607993562113	953.9418320122135	994.6890304926957	82.96696277515619	988.3613663579613	NaN
1	0.10500000000000001	633.6900848593277	426.0520298839216	70.09961005110496	954.2741109819262	994.9416707616509	82.96039095115552	988.6105591872554	NaN
1	0.10500000000000001	634.0510689517371	426.5237316335673	70.03735056680671	954.6022953250584	995.1976479108512	82.95432275243041	988.8631593336081	NaN
1	0.10500000000000001	634.4120530441464	426.97176767705025	69.9793146965119	954.9260809767856	995.456685487557	82.94876122783359	989.1188933808808	NaN
1	0.10500000000000001	634.7730371365558	427.39583148906195	69.92551231078934	955.245170111926	995.7185056369864	82.94370890213962	989.3774864180454	NaN
1	0.10500000000000001	635.1340212289651	427.79564341470206	69.8759499973134	955.5592714255798	995.9828293895882	82.9391677756182	989.638662322823	NaN
1	0.10500000000000001	635.4967188584301	428.1726735556984	69.83042611890522	955.8695533523305	996.2506470659941	82.9351214255841	989.903399809839	NaN
1	0.10500000000000001	635.8628613347014	428.52796089907804	69.78881508843774	956.1770974050182	996.522996160109	82.93156257220247	990.172726162837	NaN
1	0.10500000000000001	636.2339676943191	428.861890933262	69.75109170899199	956.4826945701578	996.800776288355	82.92849512333278	990.4475341666288	NaN
1	0.10500000000000001	636.6115108909099	429.1743836953591	69.71730624745886	956.7869808674578	997.0848575460969	82.92593183960466	990.7286890820214	NaN
1	0.10500000000000001	636.9969080920506	429.4648839504518	69.68758430985301	957.090419123182	997.3760602690194	82.92389427668866	991.0170085704718	NaN
1	0.10500000000000001	637.3915617847018	429.7323876183637	69.66212323673497	957.3933198829374	997.6751728430525	82.92241249695284	991.3132802975226	NaN
1	0.10500000000000001	637.7968663357113	429.9754295718785	69.64119332740243	957.6958312141842	997.9829430057616	82.92152520979974	991.6182533379983	NaN
1	0.10500000000000001	638.2141689713752	430.19204600452804	69.62514115494001	957.9978940055273	998.3000332242201	82.92127995994186	991.9325939727706	NaN
1	0.10500000000000001	638.6447055587389	430.3797466970012	69.61439017962645	958.2991844870058	998.6269555473217	82.92173286050736	992.256821044067	NaN
1	0.10500000000000001	639.0894775168712	430.53550534825337	69.60943591725695	958.5990278084172	998.9639615401405	82.92294739722156	992.5911965905344	NaN
1	0.10500000000000001	639.549067719327	430.6558094298049	69.6108290875547	958.8962955932144	999.3108887418941	82.92499149844676	992.9355730315845	NaN
1	0.10500000000000001	640.0234459941299	430.73682338647785	69.61914070695478	959.189335988967	999.6670073670067	82.92793235809354	993.289240146334	NaN
1	0.10500000000000001	640.5118671847649	430.77468467571344	69.63491097550713	959.4760050346225	1000.0309506069614	82.93182968329282	993.6508546279834	NaN
1	0.10500000000000001	641.0129690465438	430.7658683806269	69.65859713763844	959.7538428891037	1000.4008100363876	82.93672967731251	994.0185334811102	NaN
1	0.10500000000000001	641.5250585949705	430.70748107950334	69.69054167077759	960.0203429501072	1000.7743799249434	82.94266231487245	994.3900957089519	NaN
1	0.10500000000000001	642.04644176077	430.59737898398845	69.73097037232014	960.2731927840803	1001.1494302936446	82.94964246450216	994.7633332634641	NaN
1	0.10500000000000001	642.5756568145816	430.4341183188649	69.78001230904053	960.5104047853621	1001.5238975626046	82.95767328769973	995.1362007406973	NaN
1	0.10500000000000001	643.1115417080083	430.21683201602775	69.83772344064826	960.7303253684098	1001.8959427127146	82.96674941173207	995.5068736740079	NaN
1	0.10500000000000001	643.6531391899306	429.9451467532829	69.90409624337427	960.9315646741851	1002.263889421963	82.97685776890849	995.8736873619284	NaN
1	0.10500000000000001	644.1995267478135	429.61919708302855	69.97905052748273	961.112919064171	1002.62611608579	82.9879759139147	996.2350294737752	NaN
1	0.10500000000000001	644.7495370791528	429.23981122996696	70.06239253481999	961.2733008926422	1002.9808925919821	83.00006621114122	996.5891770644238	NaN
1	0.10500000000000001	645.3014772700212	428.8088429320906	70.15375128328051	961.4117342599404	1003.3262487906374	83.01306750403232	996.9341645192723	NaN
1	0.10500000000000001	645.8534174608897	428.32911338759715	70.25260054857486	961.5275261784346	1003.6602213569465	83.0268993762731	997.2680291650328	NaN
1	0.10500000000000001	646.4053576517581	427.80230385299524	70.35868099522203	961.6206411876316	1003.9821437041496	83.04152063071712	997.5901017718168	NaN
1	0.10500000000000001	646.9572978426265	427.23019155069505	70.47172178953947	961.691098849372	1004.2913846088798	83.05688855230203	997.8997478623162	NaN
1	0.10500000000000001	647.509238033495	426.6146439575027	70.59144084328408	961.7389731157789	1004.5873493972142	83.07295903070164	998.1963689143493	NaN
1	0.10500000000000001	648.0611782243634	425.9576129202997	70.71754507235161	961.7643915608527	1004.8694810275049	83.08968668527037	998.4794034608865	NaN
1	0.10500000000000001	648.6131184152318	425.2611286187956	70.84973067315748	961.7675344792201	1005.1372610679405	83.10702499156199	998.7483280859988	NaN
1	0.10500000000000001	649.1650586061003	424.5272933960419	70.98768341980858	961.7486338559188	1005.3902105671098	83.12492640923402	999.0026583155428	NaN
1	0.10500000000000001	649.7169987969687	423.7582754776222	71.13107898514347	961.7079722115717	1005.6278908161643	83.14334251149458	999.2419494013908	NaN
1	0.10500000000000001	650.2689389878371	422.9563026005412	71.2795832886211	961.645881327781	1005.8499040015091	83.16222411619671	999.4657969978722	NaN
1	0.10500000000000001	650.8208791787056	422.1236555728545	71.43285287390799	961.5627408579811	1006.0558937472941	83.1815214183488	999.6738377291407	NaN
1	0.10500000000000001	651.372819369574	421.2626617850098	71.59053531885212	961.4589768292857	1006.2455455473211	83.20118412342188	999.8657496465325	NaN
1	0.10500000000000001	651.9247595604425	420.3756886937169	71.75226968033965	961.335060041074	1006.4185870863232	83.2211615806258	1000.0412525756018	NaN
1	0.10500000000000001	652.4766997513109	419.46513729891325	71.91768697630519	961.1915043662412	1006.5747884509004	83.24140291541073	1000.2001083531864	NaN
1	0.10500000000000001	653.0286399421793	418.53343563406617	72.08641070690919	961.0288649612285	1006.7139622307225	83.2618571607294	1000.3421209553626	NaN
1	0.10500000000000001	653.520571771054	417.68719360660083	72.23926581219939	960.8683059766898	1006.8235347312394	83.28022564206582	1000.4543717963932	NaN
1	0.10500000000000001	654.0125035999288	416.82783851815077	72.39416714950188	960.6935052519327	1006.9193910235288	83.29868684236794	1000.5530392703181	NaN
1	0.10500000000000001	654.5044354288035	415.957119056099	72.55083533589074	960.504931395054	1007.0014835127777	83.31720498514129	1000.6380690604657	NaN
1	0.10500000000000001	654.9963672576782	415.0767856909758	72.7089877018226	960.3030743455765	1007.0697910550521	83.33574454016029	1000.7094331393268	NaN
1	0.10500000000000001	655.488299086553	414.1885872192408	72.86833872155745	960.0884441752069	1007.124318732391	83.35427029264179	1000.7671295599115	NaN
1	0.10500000000000001	655.9802309154277	413.2942673442253	73.0286004448215	959.8615698624808	1007.1650975775781	83.37274741095119	1000.8111821966497	NaN
1	0.10500000000000001	656.4721627443024	412.3955613213022	73.18948294843669	959.6229980442282	1007.1921842497601	83.39114151260779	1000.8416404370086	NaN
1	0.10500000000000001	656.9137754332546	411.58646514146494	73.33419801405576	959.3993284565377	1007.2049041585182	83.40755551150471	1000.8574642649297	NaN
1	0.10500000000000001	657.3553881222069	410.77646012232776	73.47896696436702	959.1671032957066	1007.2067317595431	83.42385119648522	1000.8624632565858	NaN
1	0.10500000000000001	657.7970008111591	409.9667715041217	73.62357791822215	958.926749350897	1007.1977592385336	83.44000486663437	1000.8567241662744	NaN
1	0.10500000000000001	658.2386135001115	409.15861122406557	73.76781893925028	958.6787017011922	1007.178094350344	83.455993264039	1000.8403492829697	NaN
1	0.10500000000000001	658.6802261890637	408.35317620275805	73.91147836434602	958.4234029484418	1007.1478601049099	83.47179360676505	1000.8134561253676	NaN
1	0.10500000000000001	659.121838878016	407.55164667455404	74.05434513311175	958.1613024474691	1007.1071944318784	83.48738362067805	1000.7761771155014	NaN
1	0.10500000000000001	659.5634515669682	406.75518457112884	74.19620912469273	957.8928555349901	1007.0562498247742	83.50274157003739	1000.7286592317168	NaN
1	0.10500000000000001	660.0050642559205	405.96493196099175	74.33686150210974	957.6185227586468	1006.9951929655587	83.5178462867912	1000.6710636418419	NaN
1	0.10500000000000001	660.4466769448727	405.1820095467478	74.47609506335081	957.3387691075332	1006.9242043304645	83.532677198507	1000.6035653174375	NaN
1	0.10500000000000001	660.888289633825	404.4075152216211	74.61370459831315	957.0540632455579	1006.8434777780164	83.54721435489544	1000.5263526300446	NaN
1	0.10500000000000001	661.3299023227772	403.6425226865462	74.74948725060392	956.7648767489592	1006.7532201201633	83.56143845289883	1000.4396269303722	NaN
1	0.10500000000000001	661.7715150117295	402.8880801289402	74.88324288313676	956.4716833492457	1006.6536506774702	83.57533086033763	1000.343602111381	NaN
1	0.10500000000000001	662.2131277006818	402.1452089640756	75.01477444639747	956.1749581828091	1006.5450008193343	83.58887363811247	1000.2385041562145	NaN
1	0.10500000000000001	662.6547403896341	401.4149026397905	75.14388834819313	955.8751770484088	1006.4275134902007	83.60204956095649	1000.1245706719419	NaN
1	0.10500000000000001	663.0963530785863	400.6981255050837	75.27039482364633	955.5728156736909	1006.3014427227665	83.61484213672728	1000.0020504100697	NaN
1	0.10500000000000001	663.5379657675386	399.99581174296935	75.39410830414816	955.2683489918512	1006.1670531391735	83.62723562421785	999.8712027747998	NaN
1	0.10500000000000001	663.9795784564908	399.3088643677897	75.51484778394594	954.9622504295065	1006.0246194411883	83.63921504946207	999.732297320023	NaN
1	0.10500000000000001	664.4211911454431	398.6381542870209	75.63243718300653	954.6549912067807	1005.8744258903812	83.65076622051545	999.5856132360489	NaN
1	0.10500000000000001	664.8628038343953	397.9845194274473	75.74670570477448	954.3470396505596	1005.7167657793103	83.66187574069906	999.4314388270882	NaN
1	0.10500000000000001	665.3044165233476	397.3487639254323	75.85748818742537	954.0388605218161	1005.5519408947176	83.67253102030719	999.2700709805072	NaN
1	0.10500000000000001	665.7460292122998	396.731657380869	75.96462544720913	953.7309143578499	1005.3802609737405	83.68272028679432	999.1018146288636	NaN
1	0.10500000000000001	666.1876419012522	396.1339341742674	76.0679646124777	953.4236568302391	1005.2020431541351	83.69243259346125	998.9269822057282	NaN
1	0.10500000000000001	666.6292545902044	395.55629284630925	76.16735944700267	953.1175381192438	1005.017611419498	83.7016578266658	998.7458930962739	NaN
1	0.10500000000000001	667.0708672791567	394.9993955390943	76.2626706612072	952.81300230535	1004.8272960404692	83.71038671157977	998.5588730836049	NaN
1	0.10500000000000001	667.5124799681089	394.4638674981975	76.35376620996549	952.5104867785893	1004.6314330128764	83.71861081651153	998.3662537917802	NaN
1	0.10500000000000001	667.9540926570612	393.95029663457245	76.44052157566068	952.2104216662127	1004.4303634937787	83.7263225558085	998.1683721264761	NaN
1	0.10500000000000001	668.3957053460134	393.4592331452525	76.52282003523852	951.9132292792428	1004.2244332363388	83.73351519135727	997.9655697142231	NaN
1	0.10500000000000001	668.8373180349657	392.99118919173765	76.60055291004983	951.6193235783742	1004.0139920244463	83.74018283269966	997.7581923411389	NaN
1	0.10500000000000001	669.2789307239179	392.5466386348977	76.67361979733863	951.3291096596413	1003.7993931079891	83.74632043579155	997.5465893920657	NaN
1	0.10500000000000001	669.7205434128703	392.1260168251758	76.7419287823052	951.0429832602204	1003.5809926396478	83.75192380043914	997.3311132909992	NaN
1	0.10500000000000001	670.1621561018225	391.7297204468422	76.80539662975184	950.7613302846852	1003.3591491140721	83.75698956645114	997.1121189436714	NaN
1	0.10500000000000001	670.6037687907748	391.358107415024	76.86394895440827	950.484526351994	1003.1342228102673	83.76151520855059	996.8899631831232	NaN
1	0.10500000000000001	671.0494563932918	391.00841585007913	76.9179913168538	950.2104556977629	1002.9044631131698	83.76553326398181	996.662916511515	NaN
1	0.10500000000000001	671.5017110552201	390.6798988365343	76.96758472626887	949.9381487048543	1002.668867153062	83.76904548510056	996.4299849186954	NaN
1	0.10500000000000001	671.963556469346	390.37205132771965	77.01272502865065	949.6664785056555	1002.4261296946299	83.77204474102712	996.1898728596218	NaN
1	0.10500000000000001	672.4379103029285	390.0851759801432	77.05325304186967	949.3945880481534	1002.1749931493582	83.77450823180841	995.9413290085971	NaN
1	0.10500000000000001	672.9278176384094	389.8202800387144	77.0888677417684	949.1217877635455	1001.9141513365898	83.77639830372667	995.6830509921349	NaN
1	0.10500000000000001	673.4359827599839	389.5793783838719	77.11908351231381	948.8478528529503	1001.6425284300728	83.77766004230988	995.4139615217996	NaN
1	0.10500000000000001	673.963848795298	389.36577436290816	77.14320793836093	948.573501990603	1001.3598081004876	83.7782226431665	995.1337333416951	NaN
1	0.10500000000000001	674.5099604683404	389.1841326539406	77.16038571266151	948.3011009964932	1001.0673424751548	83.77801003064297	994.8436925719622	NaN
1	0.10500000000000001	675.0694462027188	389.03950858503254	77.1698096915408	948.0345871967248	1000.7684264353564	83.7769641236109	994.5470951748546	NaN
1	0.10500000000000001	675.6364994750957	388.9356247874876	77.17097585110933	947.7779314278959	1000.4669154707269	83.77506129114322	994.2477596268594	NaN
1	0.10500000000000001	676.206758974584	388.87427375333283	77.16371803817607	947.5339633756589	1000.1658922371658	83.77230669270271	993.9487436216095	NaN
1	0.10500000000000001	676.7774936133393	388.85583799201424	77.14809735804151	947.304424500709	999.8675357687649	83.768722008842	993.6522120168635	NaN
1	0.10500000000000001	677.3482282520947	388.8799588658978	77.12424870818109	947.0899209413128	999.5728005256681	83.7643276647636	993.3591151629378	NaN
1	0.10500000000000001	677.91896289085	388.94611305355926	77.09232774063739	946.8908087611217	999.282372080523	83.75914386432146	993.0701367316709	NaN
1	0.10500000000000001	678.4896975296055	389.0536838784154	77.0525125725939	946.7074028699409	998.9969175053719	83.75319246352124	992.7859423540159	NaN
1	0.10500000000000001	679.0604321683608	389.20196368285417	77.00500287391588	946.5399767896117	998.7170839934693	83.74649689603079	992.5071782400539	NaN
1	0.10500000000000001	679.6311668071162	389.39015635200724	76.95001887394625	946.388762512294	998.4434975466414	83.73908209658187	992.2344698637424	NaN
1	0.10500000000000001	680.2042529006434	389.6183955856336	76.88752933641096	946.2534291656957	998.175677745601	83.73093962307081	991.9673391633572	NaN
1	0.10500000000000001	680.7813699823785	389.8870197625661	76.81749354953756	946.134008928186	997.91354902649	83.72206230543961	991.7057097504035	NaN
1	0.10500000000000001	681.3647927383922	390.1970338052175	76.73973351271219	946.0305988550653	997.6568666045167	83.7124273557242	991.4493344170555	NaN
1	0.10500000000000001	681.9565183648094	390.54972466780447	76.65403854890133	945.9435704690976	997.4056434000491	83.70200977597698	991.1982210438025	NaN
1	0.10500000000000001	682.5581728742075	390.94647150103896	76.56020585394492	945.8735423695096	997.1601865768065	83.69078666247411	990.9526696571805	NaN
1	0.10500000000000001	683.170009141937	391.3878392312526	76.45824236880645	945.8213950019483	996.9214648695205	83.67876026992404	990.7136411078334	NaN
1	0.10500000000000001	683.7898206144177	391.8722492693435	76.34864035739308	945.7880933764942	996.6913816405122	83.6659882644163	990.483033667897	NaN
1	0.10500000000000001	684.4121467561189	392.3945706020619	76.23264689383126	945.7742941754342	996.4727903108851	83.65261209078827	990.2637038258081	NaN
1	0.10500000000000001	685.0344728978201	392.95100112149265	76.11115269176621	945.7799827874841	996.2671384792989	83.63872772593439	990.0571053442785	NaN
1	0.10500000000000001	685.6567990395214	393.53955184230506	75.98462689108393	945.8049159834429	996.0748725286213	83.62438139323467	989.8636896178365	NaN
1	0.10500000000000001	686.2791251812225	394.15816290967194	75.85354700195657	945.8487982331571	995.8963948188964	83.60962006645927	989.683864539917	NaN
1	0.10500000000000001	686.9014513229238	394.80470982064577	75.71839684795253	945.9112830797202	995.7320630734381	83.59449133386474	989.5179938700653	NaN
1	0.10500000000000001	687.523777464625	395.4770097902267	75.57966455117098	945.9919746331934	995.5821898928662	83.5790432624088	989.3663967278944	NaN
1	0.10500000000000001	688.1461036063263	396.1728282481819	75.43784056932164	946.090429180137	995.4470423968214	83.56332426232754	989.2293472135583	NaN
1	0.10500000000000001	688.7684297480275	396.88988545261236	75.29341579454561	946.206156905015	995.3268419928686	83.54738295231334	989.1070741542817	NaN
1	0.10500000000000001	689.3907558897287	397.62586320535416	75.14687972274199	946.3386237193114	995.2217642718668	83.53126802553167	988.9997609762626	NaN
1	0.10500000000000001	690.0130820314299	398.3784116533261	74.99871870104164	946.4872531939495	995.1319390288633	83.51502811671652	988.9075457010408	NaN
1	0.10500000000000001	690.6354081731312	399.14515615899774	74.84941425992956	946.6514285903402	995.0574504083307	83.49871167058372	988.8305210652042	NaN
1	0.10500000000000001	691.2577343148323	399.92370422225247	74.69944153537725	946.8304949851149	994.9983371723405	83.48236681181126	988.7687347620755	NaN
1	0.10500000000000001	691.8800604565336	400.71165243508364	74.54926778522483	947.0237614833162	994.9545930900194	83.46604121683792	988.7221898037919	NaN
1	0.10500000000000001	692.4390816049143	401.4254796211261	74.41457626776074	947.2088790047617	994.9283615159048	83.45143154844479	988.6933411407005	NaN
1	0.10500000000000001	692.998102753295	402.1432061900684	74.28041696285068	947.4043235541953	994.9144240220625	83.43690910435609	988.676698193662	NaN
1	0.10500000000000001	693.5571239016758	402.86309512556437	74.14710706609733	947.6095293738238	994.9126855239743	83.42250702348039	988.6721731077922	NaN
1	0.10500000000000001	694.1161450500565	403.5834194541415	74.01495554486868	947.8239132136875	994.9230232984839	83.40825784966682	988.6796505203591	NaN
1	0.10500000000000001	694.6751661984373	404.3024662589972	73.8842625619864	948.04687582464	994.9452875307597	83.39419346385338	988.6989880897855	NaN
1	0.10500000000000001	695.234187346818	405.01854063593106	73.75531893802324	948.2778034794292	994.9793019175788	83.38034501794988	988.7300170807277	NaN
1	0.10500000000000001	695.7932084951988	405.7299695936069	73.62840566371871	948.5160695183699	995.0248643253698	83.36674287058919	988.772543003713	NaN
1	0.10500000000000001	696.3522296435794	406.4351058889187	73.50379346233254	948.7610359161278	995.08174750134	83.35341652488046	988.8263463077145	NaN
1	0.10500000000000001	696.9112507919602	407.13233178735726	73.3817424005864	949.0120548660637	995.1496998359066	83.34039456830281	988.8911831239222	NaN
1	0.10500000000000001	697.4702719403409	407.8200627382963	73.26250154656086	949.2684703784967	995.2284461745392	83.32770461486732	988.9667860588596	NaN
1	0.10500000000000001	698.0292930887217	408.4967509552577	73.14630867272632	949.5296198891687	995.3176886770137	83.31537324966986	989.0528650348914	NaN
1	0.10500000000000001	698.5883142371024	409.16088889141054	73.03339000214001	949.7948358741256	995.4171077219776	83.30342597595526	989.1491081760645	NaN
1	0.10500000000000001	699.1473353854832	409.81101260080175	72.92395999572125	950.0634474671755	995.5263628546139	83.2918871648071	989.2551827371287	NaN
1	0.10500000000000001	699.7063565338639	410.4457049761072	72.81822117843049	950.3347820760382	995.6450937751001	83.28078000758259	989.3707360734846	NaN
1	0.10500000000000001	700.2653776822447	411.06359885402645	72.71636400211563	950.6081669932761	995.7729213654544	83.27012647120924	989.495396649706	NaN
1	0.10500000000000001	700.8243988306253	411.6633799798206	72.61856674275509	950.882930998074	995.9094487522723	83.25994725645411	989.6287750841934	NaN
1	0.10500000000000001	701.3834199790061	412.2437898229098	72.52499542981808	951.1584059449406	996.0542624027662	83.25026175927441	989.7704652274185	NaN
1	0.10500000000000001	701.9424411273868	412.80362823590065	72.43580380547354	951.4339283354105	996.2069332514379	83.24108803534455	989.9200452711349	NaN
1	0.10500000000000001	702.5014622757676	413.34175594990216	72.35113331141501	951.7088408688516	996.3670178546357	83.23244276784877	990.0770788858583	NaN
1	0.10500000000000001	703.0604834241483	413.8570968995065	72.27111310111873	951.9824939685241	996.5340595701746	83.22434123861977	990.2411163838425	NaN
1	0.10500000000000001	703.6195045725291	414.3486403713611	72.19586007542301	952.2542472790873	996.7075897591378	83.21679730269734	990.4116959047152	NaN
1	0.10500000000000001	704.1785257209098	414.81544297082814	72.12547893939943	952.523471131818	996.8871290069128	83.20982336637415	990.5883446208818	NaN
1	0.10500000000000001	704.7375468692906	415.25663040182405	72.06006227858381	952.7895479738883	997.0721883604662	83.2034303687881	990.7705799597481	NaN
1	0.10500000000000001	705.2965680176712	415.67139905554507	71.9996906527412	953.0518737581435	997.262270578824	83.19762776711659	990.9579108397676	NaN
1	0.10500000000000001	705.855589166052	416.0590174044119	71.94443270545636	953.3098592899321	997.4568713936808	83.19242352540878	991.1498389172797	NaN
1	0.10500000000000001	706.4146103144327	416.4188271982087	71.89434528796444	953.5629315276553	997.6554807770402	83.18782410708668	991.3458598410781	NaN
1	0.10500000000000001	706.9736314628135	416.7502444600436	71.8494735957651	953.8105348338433	997.85758421277	83.18383447113209	991.5454645116274	NaN
1	0.10500000000000001	707.5326526111942	417.0527602804106	71.80985131669738	954.0521321737012	998.0626639689448	83.18045807196427	991.7481403418396	NaN
1	0.10500000000000001	708.091673759575	417.32594140829855	71.77550078928674	954.2872062582303	998.2702003678523	83.17769686300952	991.9533725163175	NaN
1	0.10500000000000001	708.6506949079557	417.56943063894437	71.74643317031355	954.515260629191	998.4796730505448	83.1755513039485	992.1606452459785	NaN
1	0.10500000000000001	709.2114156317642	417.7835502170226	71.7225843466042	954.7364793526547	998.6912050248112	83.17401665216187	992.3700796181058	NaN
1	0.10500000000000001	709.7769466916299	417.96875256395543	71.70390376818382	954.9514955941611	998.9054642648113	83.17309262438633	992.5823379275768	NaN
1	0.10500000000000001	710.3489396472769	418.1245195881174	71.69047575011915	955.1602429134471	999.1225611564079	83.17279109388683	992.7975319973774	NaN
1	0.10500000000000001	710.9288676042264	418.2499979186306	71.68243831735175	955.3624865239368	999.3425108420937	83.17312941250265	993.0156802870472	NaN
1	0.10500000000000001	711.5174821815822	418.3439752032594	71.67997389442398	955.5576513622642	999.5650149485755	83.17412807196547	993.2364910144577	NaN
1	0.10500000000000001	712.1151145978918	418.4051110432652	71.68327651547817	955.7449704062682	999.7895704166701	83.17580751203148	993.4594694338927	NaN
1	0.10500000000000001	712.7216335535227	418.43206655605087	71.69252900861196	955.923510882142	1000.0154551635478	83.17818535572766	993.6839030758019	NaN
1	0.10500000000000001	713.3366186695922	418.42364368375905	71.70788387499354	956.0922689502328	1000.2418005487675	83.18127456732013	993.9089332342362	NaN
1	0.10500000000000001	713.9594556469992	418.37887330642076	71.72945128469642	956.2502296961089	1000.4676372831307	83.18508228473883	994.1336002551715	NaN
1	0.10500000000000001	714.5894596564842	418.2970642101269	71.75729437878277	956.3964243334347	1000.6919524251294	83.18960957295852	994.3568999994618	NaN
1	0.10500000000000001	715.2259393854098	418.1778189337057	71.79142873098387	956.5299606438759	1000.913723498307	83.19485154081582	994.5778176927682	NaN
1	0.10500000000000001	715.868226837915	418.0210333187045	71.83182364676466	956.6500385011992	1001.1319390371419	83.20079760660586	994.7953483488952	NaN
1	0.10500000000000001	716.5156562267429	417.82689915782186	71.87840168674754	956.755952593827	1001.3456010148846	83.2074314671558	995.0084991710983	NaN
1	0.10500000000000001	717.1675092729972	417.5959232242179	71.93103464802168	956.847092688585	1001.5537177926154	83.21473061659722	995.216282467082	NaN
1	0.10500000000000001	717.8229346984206	417.32897101901983	71.98953487186085	956.9229479960741	1001.7552930932062	83.22266531883072	995.4177045158743	NaN
1	0.10500000000000001	718.4808653724484	417.02733085292135	72.0536431965948	956.9831219575804	1001.9493210069751	83.23119724968403	995.6117603509742	NaN
1	0.10500000000000001	719.1399556214685	416.6927831390598	72.12301658135624	957.0273588217516	1002.134794568614	83.24027820784076	995.7974420138721	NaN
1	0.10500000000000001	719.7990458704887	416.32737079810147	72.1972762299851	957.0555933504592	1002.3108583675355	83.2498566594821	995.9738911566001	NaN
1	0.10500000000000001	720.4581361195088	415.9327188206133	72.27613965179337	957.0679337539401	1002.4770442376113	83.2598943811085	996.1406359989921	NaN
1	0.10500000000000001	721.1172263685289	415.51052969009856	72.35931310666001	957.0645404470903	1002.6329228951241	83.27035206073454	996.2972430985151	NaN
1	0.10500000000000001	721.776316617549	415.06257636903865	72.4464923780907	957.045624822006	1002.7781049143887	83.28118944726728	996.4433183485543	NaN
1	0.10500000000000001	722.4354068665691	414.5906951379735	72.53736357741369	957.0114478559365	1002.9122415533238	83.29236550154356	996.5785078282303	NaN
1	0.10500000000000001	723.0944971155893	414.09677831808466	72.63160397977715	956.962318562201	1003.0350254277761	83.303838548425	996.7024985024148	NaN
1	0.10500000000000001	723.7535873646094	413.5827669078347	72.72888289252903	956.8985922921628	1003.1461910339974	83.3155664293468	996.8150187712118	NaN
1	0.10500000000000001	724.4126776136295	413.0506431639738	72.82886255625378	956.8206688968418	1003.2455151192723	83.32750665471951	996.9158388687619	NaN
1	0.10500000000000001	725.0717678626497	412.50242315681106	72.93119907838846	956.7289907571864	1003.3328169012865	83.3396165555944	997.0047711118195	NaN
1	0.10500000000000001	725.7308581116698	411.9401493290889	73.03554339895486	956.6240406924217	1003.4079581374007	83.35185343401132	997.0816699991291	NaN
1	0.10500000000000001	726.3899483606899	411.3658830870999	73.14154228753054	956.5063397562287	1003.4708430455709	83.36417471145926	997.1464321631925	NaN
1	0.10500000000000001	727.04903860971	410.7816974518479	73.24883937014552	956.3764449307961	1003.5214180792002	83.37653807489968	997.1989961765773	NaN
1	0.10500000000000001	727.7081288587301	410.1896697970951	73.35707618433469	956.2349467290186	1003.5596715587483	83.38890161981644	997.2393422154511	NaN
1	0.10500000000000001	728.3672191077503	409.5918747000606	73.46589326010975	956.082466715303	1003.5856331634342	83.40122398978188	997.2674915835382	NaN
1	0.10500000000000001	729.0263093567704	408.99037692935036	73.57493122413916	955.9196549555567	1003.5993732868653	83.413464512049	997.2835061001992	NaN
1	0.10500000000000001	729.6853996057905	408.3872245934228	73.68383192395108	955.7471874070187	1003.6010022608891	83.42558332870512	997.2874873567957	NaN
1	0.10500000000000001	730.3444898548107	407.78444247153146	73.79223956850711	955.565763258607	1003.5906694524016	83.43754152294945	997.2795758459553	NaN
1	0.10500000000000001	731.0035801038308	407.18402554765686	73.89980188104074	955.3761022324207	1003.5685622382691	83.44930124009113	997.2599499687592	NaN
1	0.10500000000000001	731.6626703528509	406.58793276644775	74.00617125962218	955.1789418569657	1003.5349048638881	83.46082580288359	997.2288249252749	NaN
1	0.10500000000000001	732.321760601871	405.99808102866183	74.11100594050679	954.9750347225302	1003.4899571912686	83.47207982085777	997.1864514941996	NaN
1	0.10500000000000001	732.9808508508911	405.41633944202937	74.21397115895473	954.7651457289707	1003.43401334284	83.48302929333843	997.1331147077117	NaN
1	0.10500000000000001	733.6399410999113	404.8445238418808	74.3147403018816	954.550049335944	1003.3674002474636	83.49364170586719	997.0691324279172	NaN
1	0.10500000000000001	734.2990313489314	404.28439159429416	74.41299604642037	954.3305268253678	1003.2904760953854	83.50388611978762	996.9948538315329	NaN
1	0.10500000000000001	734.9581215979515	403.7376366929377	74.50843147824955	954.1073635855874	1003.2036287090796	83.51373325478723	996.9106578096711	NaN
1	0.10500000000000001	735.6172118469717	403.20588515922435	74.60075118337579	953.881346426405	1003.107273837112	83.52315556422154	996.8169512897812	NaN
1	0.10500000000000001	736.2763020959918	402.6906907538689	74.68967230695762	953.6532609337581	1003.0018533783024	83.53212730308384	996.7141674869489	NaN
1	0.10500000000000001	736.9353923450119	402.19353100645264	74.77492557272244	953.4238888724498	1002.8878335435717	83.54062458851564	996.6027640918825	NaN
1	0.10500000000000001	737.594482594032	401.7158035681674	74.85625625656444	953.1940056449207	1002.7657029629394	83.54862545279265	996.4832214029893	NaN
1	0.10500000000000001	738.2535728430521	401.2588228915395	74.93342510802006	952.9643778136198	1002.6359707451835	83.5561098887471	996.3560404100041	NaN
1	0.10500000000000001	738.9126630920723	400.8238172396269	75.00620921349942	952.7357606940813	1002.4991644976832	83.56305988762539	996.2217408366454	NaN
1	0.10500000000000001	739.5717533410924	400.4119260259532	75.07440279540526	952.5088960253629	1002.3558283139479	83.56945946941008	996.0808591497653	NaN
1	0.10500000000000001	740.2308435901125	400.02419748528695	75.13781794159739	952.2845097240225	1002.2065207362865	83.57529470566257	995.9339465424101	NaN
1	0.10500000000000001	740.8899338391327	399.66158667430244	75.1962852600541	952.0633097273432	1002.0518127009931	83.5805537349742	995.781566898144	NaN
1	0.10500000000000001	741.5494593196595	399.3247402606909	75.24968798226408	951.8458418475417	1001.8921786664902	83.5852296615652	995.62418940054	NaN
1	0.10500000000000001	742.2144165553309	399.01223100909283	75.29822952005742	951.6311875797181	1001.7269442434557	83.58934222522761	995.4611492584112	NaN
1	0.10500000000000001	742.8869687361403	398.72453936060634	75.34179563407967	951.419455764696	1001.5560683321398	83.59288115060639	995.2924037877724	NaN
1	0.10500000000000001	743.5685148006652	398.46273813156773	75.38017355193826	951.2110739529575	1001.3797064652105	83.59582686319956	995.1181034690447	NaN
1	0.10500000000000001	744.258567785051	398.22869111615876	75.4130346903403	951.0070924733304	1001.1985385941425	83.59815081194003	994.9389170278159	NaN
1	0.10500000000000001	744.9553234325085	398.0244636306422	75.4400388073578	950.8089260889336	1001.0136521601039	83.5998257936689	994.7559174964331	NaN
1	0.10500000000000001	745.6562638062646	397.85185803846105	75.46091257286534	950.6181002642121	1000.8263832876419	83.60083320911485	994.5704261548011	NaN
1	0.10500000000000001	746.3589819955691	397.71207576753517	75.47549931825651	950.4359728629298	1000.6380767312348	83.60116670039874	994.3837752077922	NaN
1	0.10500000000000001	747.0617001848736	397.6056618366278	75.48375978235191	950.2635931133036	1000.4499197142167	83.60083107446403	994.1971428168998	NaN
1	0.10500000000000001	747.7644183741781	397.53255811804274	75.48574167623092	950.1014711696772	1000.2626152865873	83.59983692696387	994.0112281741365	NaN
1	0.10500000000000001	748.4671365634828	397.4925850801782	75.48151819519511	949.9500720196082	1000.0768535182432	83.59819714850299	993.8267180366388	NaN
1	0.10500000000000001	749.1698547527873	397.48544413380716	75.47118737659714	949.8098144384905	999.8933091228001	83.59592684131329	993.6442843544669	NaN
1	0.10500000000000001	749.8725729420918	397.51072034613304	75.45487133422074	949.6810701246967	999.7126391746859	83.59304322947673	993.4645819898001	NaN
1	0.10500000000000001	750.5752911313964	397.5678855089788	75.43271537593198	949.5641630148504	999.535480926022	83.58956556315373	993.2882465340766	NaN
1	0.10500000000000001	751.2780093207009	397.656301546913	75.40488701208417	949.4593687783394	999.3624497293301	83.58551501727835	993.115892229137	NaN
1	0.10500000000000001	751.9807275100054	397.7752242506874	75.37157486295531	949.3669144896932	999.1941370716053	83.58091458518244	992.9481099979464	NaN
1	0.10500000000000001	752.6843699436239	397.9240218701401	75.3329333465324	949.286881647178	999.0308980223631	83.57578189174573	992.7852552962134	NaN
1	0.10500000000000001	753.3913186388608	398.10251086324706	75.28901390785454	949.2192437148997	998.8727726335071	83.57012142390519	992.6273686705158	NaN
1	0.10500000000000001	754.1033068421771	398.3105749601862	75.23987029894735	949.1641448625581	998.7200019834316	83.56393896455212	992.4746902397683	NaN
1	0.10500000000000001	754.8223505481021	398.54833695525156	75.18551313499701	949.1217962147094	998.5728246686948	83.55723547052703	992.3274567193398	NaN
1	0.10500000000000001	755.5500818932755	398.8159267141118	75.1259635731582	949.0925227645108	998.431627862037	83.55001371275	992.1860524896764	NaN
1	0.10500000000000001	756.2877377978926	399.1133753799264	75.0612726525492	949.0767258592152	998.2969378795375	83.5422802698483	992.0510006298367	NaN
1	0.10500000000000001	757.0356208956016	399.4402729443695	74.99159007760265	949.0748382326726	998.1694912214725	83.53405331838972	991.9230348699391	NaN
1	0.10500000000000001	757.7926755106919	399.7953880127057	74.91723516282738	949.0872189334591	998.0502400528809	83.5253703085923	991.8031065173501	NaN
1	0.10500000000000001	758.5560906689497	400.17625512537643	74.83876971118721	949.114001966238	997.9403084172533	83.51629563191523	991.6923425337505	NaN
1	0.10500000000000001	759.3214475367042	400.5790434402403	74.75700988339997	949.1549413004849	997.8408360002466	83.50692116671804	991.591890733332	NaN
1	0.10500000000000001	760.0868044044589	401.0007380984255	74.67257893464527	949.2096032621182	997.7524002060961	83.49731497911068	991.5023367894726	NaN
1	0.10500000000000001	760.8521612722136	401.43920967573905	74.585909131943	949.2775492351125	997.6752326567403	83.48752279976615	991.4239191873941	NaN
1	0.10500000000000001	761.6175181399682	401.89228367967036	74.49743476680966	949.3582883694428	997.6095119110453	83.47759051468151	991.3568238357434	NaN
1	0.10500000000000001	762.3828750077228	402.3577505312434	74.40758994660196	949.451280416295	997.5553634433621	83.46756396651874	991.3011840078285	NaN
1	0.10500000000000001	763.1482318754774	402.8333756017429	74.31680646203468	949.5559387380924	997.5128598499417	83.4574887587457	991.2570805091492	NaN
1	0.10500000000000001	763.9135887432321	403.3169092625503	74.22551174100562	949.671633479621	997.4820212794109	83.44741006327678	991.2245420675805	NaN
1	0.10500000000000001	764.6789456109867	403.80609690619053	74.13412689776234	949.7976948859626	997.4628160827074	83.4373724323052	991.2035459417792	NaN
1	0.10500000000000001	765.4443024787413	404.29868889640187	74.0430648850082	949.9334167524072	997.4551616770847	83.42741961500174	991.19401874259	NaN
1	0.10500000000000001	766.209659346496	404.7924504049322	73.95272875510985	950.0780599910194	997.4589256180257	83.41759437973724	991.195837461473	NaN
1	0.10500000000000001	766.9750162142507	405.2851710928767	73.86351003518054	950.2308562980817	997.4739268721585	83.40793834246757	991.2088306992264	NaN
1	0.10500000000000001	767.7403730820052	405.77467459471694	73.77578721948676	950.3910119062306	997.4999372835339	83.39849180189889	991.2327800875595	NaN
1	0.10500000000000001	768.5057299497598	406.2588277638083	73.68992438137775	950.5577114047588	997.5366832249275	83.38929358203539	991.2674218953758	NaN
1	0.10500000000000001	769.2710868175145	406.7355496388993	73.60626990578362	950.7301216112721	997.5838474251483	83.38038088268303	991.3124488109479	NaN
1	0.10500000000000001	770.0364436852692	407.20282009235905	73.52515534227206	950.9073954776666	997.6410709626934	83.37178913845817	991.3675118905252	NaN
1	0.10500000000000001	770.8018005530238	407.65868812213455	73.44689437771142	951.0886760132516	997.7079554154756	83.36355188682	991.4322226633054	NaN
1	0.10500000000000001	771.5671574207784	408.1012797510511	73.37178192675535	951.273100207773	997.7840651557748	83.35570064560925	991.5061553821245	NaN
1	0.10500000000000001	772.332514288533	408.52880549891194	73.30009333765184	951.4598029370903	997.86892977903	83.34826480054423	991.5888494086865	NaN
1	0.10500000000000001	773.0978711562877	408.9395673949234	73.23208371027822	951.6479208343702	997.9620466545962	83.34127150308946	991.6798117216651	NaN
1	0.10500000000000001	773.8632280240423	409.33196550026486	73.16798732282088	951.8365961098184	998.0628835861448	83.33474557906797	991.7785195355435	NaN
1	0.10500000000000001	774.6285848917969	409.7045039131244	73.108017163142	952.02498030225	998.1708815689933	83.3287094483425	991.8844230176824	NaN
1	0.10500000000000001	775.3939417595516	410.05579623120735	73.05236456060152	952.2122379461356	998.2854576313025	83.32318305585244	991.9969480907355	NaN
1	0.10500000000000001	776.1592986273063	410.3845704495821	73.0011989139312	952.3975501382057	998.4060077458003	83.3181838142334	992.1154993072529	NaN
1	0.10500000000000001	776.9246554950608	410.6896732747335	72.95466751066718	952.5801179882146	998.5319097984536	83.31372655820529	992.2394627830693	NaN
1	0.10500000000000001	777.6900123628154	410.9700738388231	72.91289543364225	952.7591659390699	998.6625266003514	83.30982351085696	992.3682091759013	NaN
1	0.10500000000000001	778.4553692305701	411.22486680138763	72.87598555010227	952.9339449422233	998.7972089289465	83.30648426190774	992.5010966954519	NaN
1	0.10500000000000001	779.2207260983248	411.4532748290147	72.84401857913315	953.1037354749802	998.9352985847727	83.30371575795975	992.6374741312763	NaN
1	0.10500000000000001	779.9860829660794	411.65465044689864	72.8170532332599	953.2678503872245	999.0761314497676	83.30152230470667	992.7766838846698	NaN
1	0.10500000000000001	780.751439833834	411.8284772595639	72.7951264302919	953.4256375659603	999.2190405334269	83.29990558100803	992.9180649909124	NaN
1	0.10500000000000001	781.5167967015886	411.97437054143614	72.77825357173221	953.5764824070412	999.3633589931703	83.29886466467435	993.0609561183536	NaN
1	0.10500000000000001	782.2821535693433	412.09207720130837	72.76642888433365	953.7198100844827	999.5084231155171	83.2983960697632	993.204698531013	NaN
1	0.10500000000000001	783.0475104370979	412.1814751280682	72.7596258216592	953.8550876088328	999.6535752449604	83.29849379511772	993.3486390016545	NaN
1	0.10500000000000001	783.8128673048525	412.2425719283055	72.7577975227825	953.9818256671917	999.7981666477754	83.29914938383237	993.4921326626206	NaN
1	0.10500000000000001	784.5782241726072	412.27550306957204	72.7608773255363	954.0995802386283	999.9415602984104	83.30035199327426	993.6345457821101	NaN
1	0.10500000000000001	785.3435810403619	412.28052944611096	72.7687793319759	954.2079539799288	1000.0831335765838	83.30208847523896	993.7752584540394	NaN
1	0.10500000000000001	786.1098679578381	412.2579905009988	72.78141718119076	954.3067112014269	1000.2224482375638	83.30434651453722	993.913833741428	NaN
1	0.10500000000000001	786.8783344617968	412.20818814525273	72.79871674093606	954.395650295604	1000.3591255708793	83.30711532638585	994.0498940303692	NaN
1	0.10500000000000001	787.6496233339383	412.1314435433655	72.82059538854605	954.4744912395373	1000.4926758496202	83.31038230689755	994.1829512701229	NaN
1	0.10500000000000001	788.424356415274	412.02811894523916	72.8469647396294	954.5429632209383	1000.6226060056397	83.31413399147048	994.3125139230641	NaN
1	0.10500000000000001	789.2029196610455	411.89866512716293	72.87771995774456	954.6007918838616	1000.7483846607461	83.31835464981866	994.4380520176937	NaN
1	0.10500000000000001	789.9856173164683	411.7436310051314	72.9127397933644	954.6477252343849	1000.8694727094144	83.32302648719391	994.5590275117919	NaN
1	0.10500000000000001	790.7726131764314	411.563693823587	72.95188075304466	954.683538946075	1000.9853187979019	83.32812897829369	994.6748896800347	NaN
1	0.10500000000000001	791.5639592480954	411.3596741476193	72.99497488693	954.7080491999516	1001.0953705480629	83.3336387089029	994.7850862123314	NaN
1	0.10500000000000001	792.3595698510796	411.13255922658686	73.04182559807661	954.721122641992	1001.199078775027	83.33952895884255	994.8890673149979	NaN
1	0.10500000000000001	793.159220434676	410.88351896419556	73.09220503424116	954.722688251963	1001.2959070420609	83.34576950179869	994.9862951464941	NaN
1	0.10500000000000001	793.9625412212367	410.61391928580093	73.1458519148463	954.7127488412353	1001.3853417126335	83.3523264636063	995.0762537577787	NaN
1	0.10500000000000001	794.769027674603	410.3253249201149	73.20247136348753	954.691391561602	1001.4669047233708	83.35916242785528	995.1584617790326	NaN
1	0.10500000000000001	795.5780634475448	410.0194902438605	73.26173689342963	954.6587955932467	1001.5401671739241	83.36623679155625	995.2324859653742	NaN
1	0.10500000000000001	796.3889587246914	409.69833563158795	73.323294964183	954.6152353846987	1001.6047625603616	83.37350640725185	995.2979544451381	NaN
1	0.10500000000000001	797.2010007619028	409.36390999440385	73.3867719119583	954.5610782148	1001.6603977704222	83.3809264738507	995.3545677975077	NaN
1	0.10500000000000001	798.013511294384	409.01834269835376	73.45178261998984	954.4967757193842	1001.7068601578057	83.38845159071623	995.4021062740977	NaN
1	0.10500000000000001	798.8260218268651	408.66373820952253	73.51794959902288	954.4228386720271	1001.7440242865125	83.39603795642803	995.4404369165733	NaN
1	0.10500000000000001	799.6385323593462	408.3020259984678	73.58492969916635	954.339790643933	1001.7718477921086	83.40364632484739	995.4695100305355	NaN
1	0.10500000000000001	800.4510428918272	407.93513988073755	73.65237962783475	954.2481929085706	1001.7903361063017	83.41123795758769	995.4893234187149	NaN
1	0.10500000000000001	801.2635534243084	407.5650081054286	73.71995759794153	954.1486409670218	1001.799541672929	83.41877481475736	995.4999216412241	NaN
1	0.10500000000000001	802.0760639567895	407.1935436605832	73.78732497380146	954.0417609570372	1001.7995629354438	83.42621973883121	995.5013950477453	NaN
1	0.10500000000000001	802.8885744892706	406.8226348419012	73.85414790661747	953.9282059670207	1001.7905431050813	83.43353663076692	995.4938785905841	NaN
1	0.10500000000000001	803.7010850217516	406.4541361284946	73.92009895104397	953.8086522762326	1001.7726687199146	83.44069061755124	995.4775504285577	NaN
1	0.10500000000000001	804.5139618671078	406.0896963947076	73.98488753458908	953.6837381624155	1001.7461541517899	83.4476512980352	995.452617197555	NaN
1	0.10500000000000001	805.3282961175667	405.7306094715647	74.04828531133745	953.5539924886674	1001.7112040669937	83.45439525474298	995.4192772773514	NaN
1	0.10500000000000001	806.1450597749388	405.3782114166377	74.11005484038202	953.4199586837892	1001.6680262407707	83.46089825987177	995.3777319774359	NaN
1	0.10500000000000001	806.9652881931617	405.0338117424578	74.16996195285003	953.2821718577002	1001.6168274997119	83.46713660305971	995.3281817723475	NaN
1	0.10500000000000001	807.7899096096007	404.69877666822805	74.22776139454145	953.1411924593921	1001.5578265996893	83.47308559195963	995.2708387782768	NaN
1	0.10500000000000001	808.6196569149434	404.37456472039287	74.28319127849421	952.9976282399913	1001.4912697871077	83.4787190432955	995.2059420834987	NaN
1	0.10500000000000001	809.4549306204174	404.0627659745125	74.33596736619776	952.8521636057162	1001.4174547751056	83.48400881116592	995.1337814299056	NaN
1	0.10500000000000001	810.2956866508026	403.7651095282814	74.3857833385951	952.7055815898398	1001.3367570771251	83.4889249840438	995.0547233621828	NaN
1	0.10500000000000001	811.1413758691913	403.48342994762913	74.43231845522854	952.5587711722297	1001.249652596505	83.49343685672986	994.9692338153673	NaN
1	0.10500000000000001	811.9909816990421	403.2195848354499	74.4752535322266	952.4127105498605	1001.1567270079662	83.49751471096533	994.8778877630461	NaN
1	0.10500000000000001	812.8431574270378	402.9753404253192	74.51429183340913	952.2684271806135	1001.0586665552181	83.50113199481879	994.7813605159649	NaN
1	0.10500000000000001	813.6964204180116	402.7522578152666	74.5491789642622	952.1269455282766	1000.9562322828334	83.50426727208374	994.6804025497831	NaN
1	0.10500000000000001	814.5496834089854	402.55153446211506	74.57972792944037	951.9891830642898	1000.8501827004484	83.50690639313382	994.5757632440334	NaN
1	0.10500000000000001	815.4029463999593	402.37390565262996	74.6058310634046	951.8558388012142	1000.7411635744903	83.5090430297913	994.4680817082332	NaN
1	0.10500000000000001	816.2562093909332	402.2199678066679	74.62740794064547	951.7275756929743	1000.629826336942	83.51067373784366	994.3580032275396	NaN
1	0.10500000000000001	817.109472381907	402.0901776499108	74.6444055250445	951.6050176221994	1000.5168243922965	83.51179792453854	994.2461755938912	NaN
1	0.10500000000000001	817.9627353728808	401.98485214342355	74.65679813733392	951.4887466550487	1000.4028094794172	83.51241780102843	994.1332454887881	NaN
1	0.10500000000000001	818.8159983638548	401.90416915486185	74.66458724196966	951.3793005727066	1000.2884281071927	83.51253832037054	994.0198549365707	NaN
1	0.10500000000000001	819.6692613548287	401.84816885309186	74.66780105640062	951.2771706870845	1000.174318082053	83.51216710174201	993.9066378462401	NaN
1	0.10500000000000001	820.5225243458025	401.8167558051537	74.66649398739659	951.1827999466407	1000.0611051445077	83.51131434159197	993.7942166589835	NaN
1	0.10500000000000001	821.3757873367763	401.80970175184893	74.66074590071698	951.0965813366238	999.9493997309037	83.50999271249594	993.6831991176109	NaN
1	0.10500000000000001	822.2290503277502	401.82664903574255	74.6506612319288	951.0188565764844	999.8397938755754	83.50821725052353	993.5741751730966	NaN
1	0.10500000000000001	823.0823133187241	401.8671146530349	74.63636794759506	950.9499151156651	999.7328582674896	83.5060052319592	993.4677140423689	NaN
1	0.10500000000000001	823.9355763096979	401.93049489856753	74.618016367331	950.8899934274905	999.6291394743695	83.50337604025498	993.3643614303818	NaN
1	0.10500000000000001	824.7888393006717	402.0160705711734	74.59577785834917	950.8392745994291	999.5291573461363	83.50035102411347	993.2646369283706	NaN
1	0.10500000000000001	825.6430031762065	402.1231365867336	74.56981415219043	950.7978494838055	999.4333039082364	83.49694957199614	993.1689329997637	NaN
1	0.10500000000000001	826.5012625867955	402.251337903621	74.5402071758504	950.7657223446223	999.3417225611958	83.49318079648582	993.0773935852109	NaN
1	0.10500000000000001	827.3655418409944	402.40026761223413	74.50706042905196	950.7430132537622	999.2547301271611	83.48905711825333	992.9903352201491	NaN
1	0.10500000000000001	828.2382331618082	402.56965401321514	74.4704523222459	950.729870649953	999.1726293734424	83.48458806027803	992.9080599377177	NaN
1	0.10500000000000001	829.1212290031765	402.75916694142285	74.43047861984888	950.7264935682978	999.0958124326992	83.47978548223288	992.8309588319702	NaN
1	0.10500000000000001	830.0162116356873	402.96840909584216	74.38725173217837	950.7331031310994	999.024726238486	83.4746632989302	992.7594777313528	NaN
1	0.10500000000000001	830.9241764592311	403.19674467458884	74.34093390402187	950.7499132453429	998.9598989843331	83.46924125597381	992.6941441688332	NaN
1	0.10500000000000001	831.8452085675206	403.44315595517514	74.29176231293167	950.7770774441507	998.9019242181599	83.46354758830687	992.635552129147	NaN
1	0.10500000000000001	832.7780705902019	403.706043620214	74.24008376703053	950.81461351668	998.8514368908154	83.45762269782959	992.5843390173383	NaN
1	0.10500000000000001	833.7200527654743	403.983104246464	74.18637237900461	950.8623211494144	998.8090506614446	83.45152077688957	992.5411238132515	NaN
1	0.10500000000000001	834.6671821907341	404.27135514396326	74.13121838657862	950.9197239575597	998.7752713668608	83.44530817024217	992.5064209576136	NaN
1	0.10500000000000001	835.6149107385766	404.56737379363256	74.07527768542646	950.9860742706178	998.7504119688422	83.43905746410394	992.4805548715854	NaN
1	0.10500000000000001	836.5626392864189	404.8688341787986	74.01898395685966	951.0607288467198	998.7345052161005	83.43281559525269	992.4635671491517	NaN
1	0.10500000000000001	837.5103678342612	405.1735898617167	73.96273015237651	951.143032235442	998.7274987594743	83.42662476926537	992.455414092072	NaN
1	0.10500000000000001	838.4580963821036	405.47950901432347	73.90690045461002	951.2322886122414	998.7292807649455	83.42052610178882	992.4559928151374	NaN
1	0.10500000000000001	839.405824929946	405.78448862478814	73.85186781905206	951.3277671717562	998.7396817178548	83.41455936149391	992.4651429850921	NaN
1	0.10500000000000001	840.3535534777883	406.0864682991956	73.7979916749888	951.4287076688983	998.7584765834596	83.40876272610365	992.4826489152512	NaN
1	0.10500000000000001	841.3012820256306	406.3834435699273	73.74561579572578	951.5343260689427	998.7853873037773	83.40317255288522	992.5082419961981	NaN
1	0.10500000000000001	842.249010573473	406.6734786261492	73.69506634604606	951.6438202674892	998.8200856087707	83.39782316487944	992.5416034410725	NaN
1	0.10500000000000001	843.1967391213154	406.9547183862392	73.64665011278106	951.7563758410805	998.8621961181938	83.39274665404291	992.5823673222058	NaN
1	0.10500000000000001	844.1444676691577	407.2253998370302	73.6006529224548	951.8711717894363	998.9112997088434	83.3879727023576	992.6301238742957	NaN
1	0.10500000000000001	845.092196217	407.4838625703694	73.55733824820332	951.987386230687	998.966937120555	83.3835284218459	992.684423037891	NaN
1	0.10500000000000001	846.0399247648425	407.7285584536723	73.51694600658954	952.1042020116818	999.0286127730582	83.37943821430459	992.7447782157146	NaN
1	0.10500000000000001	846.9876533126849	407.9580603778269	73.47969154353189	952.2208121963927	999.0957987647713	83.37572365142806	992.810670213311	NaN
1	0.10500000000000001	847.9353818605272	408.1710700329313	73.44576480734455	952.3364253966411	999.1679390237754	83.37240337586269	992.8815513346384	NaN
1	0.10500000000000001	848.8831104083695	408.3664246698607	73.41532970584485	952.4502709108203	999.2444535805674	83.36949302358555	992.9568496025685	NaN
1	0.10500000000000001	849.8308389562119	408.543102813496	73.38852364360899	952.5616036379905	999.324742931768	83.36700516786107	993.035973073803	NaN
1	0.10500000000000001	850.7785675040543	408.70022890153035	73.36545723474129	952.6697087366373	999.4081924637331	83.36494928487774	993.1183142174622	NaN
1	0.10500000000000001	851.7262960518966	408.83707683102864	73.34621418594703	952.7739059995314	999.4941769050179	83.36333174101807	993.2032543265711	NaN
1	0.10500000000000001	852.6740245997389	408.95307240327014	73.33085134424998	952.8735539184638	999.582064776846	83.36215580157145	993.2901679318331	NaN
1	0.10500000000000001	853.6217531475813	409.04779466577963	73.31939890335462	952.9680534151463	999.6712228111568	83.3614216605411	993.3784271874787	NaN
1	0.10500000000000001	854.5694816954237	409.1209761587629	73.31186076239747	953.0568512172549	999.7610203064314	83.3611264910678	993.4674061995561	NaN
1	0.10500000000000001	855.517210243266	409.172502081337	73.30821503064641	953.1394428614094	999.850833392333	83.36126451583834	993.5564852678291	NaN
1	0.10500000000000001	856.4649387911084	409.2024084008983	73.30841467156986	953.2153753078094	999.940049175227	83.36182709671199	993.6450550134421	NaN
1	0.10500000000000001	857.4126673389508	409.210878936645	73.31238827959244	953.284249154275	1000.0280697378657	83.36280284267526	993.7325203656941	NaN
1	0.10500000000000001	858.3603958867932	409.1982414555714	73.32004098275995	953.3457204405191	1000.1143159679262	83.36417773510628	993.8183043826195	NaN
1	0.10500000000000001	859.3081244346355	409.16496282614304	73.33125546444543	953.3995020365987	1000.1982311916535	83.36593526921808	993.9018518816074	NaN
1	0.10500000000000001	860.2558529824778	409.1116432812592	73.34589309711912	953.4453646126199	1000.2792845905888	83.36805661044455	993.982632857971	NaN
1	0.10500000000000001	861.2035815303202	409.0390098479784	73.36379518107282	953.48313718988	1000.3569743812238	83.37052076443503	994.0601456712102	NaN
1	0.10500000000000001	862.1513100781626	408.9479090067677	73.38478428082362	953.5127072766961	1000.4308307394112	83.37330475924722	994.1339199806631	NaN
1	0.10500000000000001	863.102283594849	408.8388978824503	73.40875215119517	953.5340793744709	1000.5006489172213	83.37639485794642	994.2037500774017	NaN
1	0.10500000000000001	864.0577432015466	408.71269912748943	73.43555122553907	953.5471834924729	1000.5660623791999	83.37977190129841	994.2692687748447	NaN
1	0.10500000000000001	865.0195882976059	408.56997263802674	73.46504839592782	953.5519648831862	1000.6267485682993	83.3834185520051	994.3301528463902	NaN
1	0.10500000000000001	865.9891375487172	408.4114889065322	73.49708819107161	953.5483673943875	1000.6823408180999	83.38731467748813	994.3860347826806	NaN
1	0.10500000000000001	866.9677924450609	408.23806498512306	73.53150711232075	953.5363508833336	1000.7324757752903	83.3914392469246	994.436550183169	NaN
1	0.10500000000000001	867.9567325581771	408.0506329302859	73.568120185349	953.515899566387	1000.7767783619453	83.39576876358119	994.4813225402304	NaN
1	0.10500000000000001	868.9570504024348	407.8502393640833	73.60672166371685	953.4870319854338	1000.8148751100858	83.40027744513023	994.5199764965669	NaN
1	0.10500000000000001	869.969627166287	407.6380890398922	73.64707706755277	953.4498153118069	1000.846396480363	83.40493637951045	994.552139980198	NaN
1	0.10500000000000001	870.9950729174548	407.4155770645293	73.68891771444441	953.4043823796471	1000.8709871158113	83.40971301108195	994.5774542719386	NaN
1	0.10500000000000001	872.0335640951637	407.1843397971283	73.73193198072602	953.3509560965458	1000.8883187544109	83.41457028739777	994.5955866431244	NaN
1	0.10500000000000001	873.0846603859671	406.94630438321497	73.77575725183108	953.2898795953357	1000.8981112714504	83.41946593932218	994.6062510805217	NaN
1	0.10500000000000001	874.1471134418457	406.70372647291515	73.81997449614015	953.2216494129962	1000.9001622458998	83.42435210937774	994.609237531179	NaN
1	0.10500000000000001	875.2187788276469	406.4591820889485	73.8641115629879	953.1469403490349	1000.8943829976499	83.42917598397722	994.6044477592071	NaN
1	0.10500000000000001	876.296734861502	406.21548436247565	73.90766005597435	953.0666066047625	1000.8808318667917	83.43388189672383	994.59192875459	NaN
1	0.10500000000000001	877.3776340030923	405.9755245507554	73.9501051925584	952.9816490088513	1000.8597314583376	83.43841474206216	994.5718904980959	NaN
1	0.10500000000000001	878.4585331446826	405.7420044514846	73.99097356705057	952.893124273037	1000.8314505078165	83.44272510594583	994.5446889803537	NaN
1	0.10500000000000001	879.539432286273	405.51685642274134	74.02993230203474	952.8018904805704	1000.7963878427682	83.44677938096734	994.5107131155455	NaN
1	0.10500000000000001	880.6203314278634	405.30189792944054	74.06667149407318	952.7088117491699	1000.7549941394835	83.45054694021249	994.4704038126309	NaN
1	0.10500000000000001	881.7012305694537	405.09881798789223	74.10090665485706	952.6147504401318	1000.7077668321022	83.4540003461032	994.4242489674499	NaN
1	0.10500000000000001	882.782129711044	404.90916505198624	74.13238089194195	952.5205595558192	1000.6552447149109	83.45711552598112	994.3727781440599	NaN
1	0.10500000000000001	883.8630288526344	404.73433641053106	74.16086680802401	952.4270753886408	1000.5980022930287	83.45987191364061	994.3165569999028	NaN
1	0.10500000000000001	884.9439279942249	404.5755691501541	74.18616810065437	952.335110480678	1000.5366439375903	83.4622525563719	994.2561815103899	NaN
1	0.10500000000000001	886.0248271358151	404.43393272316035	74.20812084754863	952.2454469487625	1000.4717979019149	83.46424418739943	994.1922720489314	NaN
1	0.10500000000000001	887.1057262774054	404.31032314499816	74.22659446620794	952.1588302251117	1000.4041102550052	83.46583726392946	994.1254673783484	NaN
1	0.10500000000000001	888.1866254189958	404.2054588316002	74.2414923403673	952.0759632586562	1000.334238788066	83.46702597131376	994.0564186090053	NaN
1	0.10500000000000001	889.2675245605863	404.1198780729529	74.25275210975659	951.9975012169826	1000.2628469486021	83.46780819412649	993.9857831779511	NaN
1	0.10500000000000001	890.3484237021765	404.05393812586084	74.26034562372092	951.9240467234531	1000.1905978550612	83.46818545523031	993.9142189018066	NaN
1	0.10500000000000001	891.4293228437668	404.0078158960887	74.26427856332485	951.8561456585596	1000.1181484429867	83.46816282415004	993.8423781542142	NaN
1	0.10500000000000001	892.5102219853572	403.9815101679233	74.26458974056979	951.79428354903	1000.046143791239	83.4677487963175	993.7709022162959	NaN
1	0.10500000000000001	893.5911211269477	403.9748453277524	74.2613500872182	951.7388825626118	999.9752116740996	83.46695514493211	993.7004158458956	NaN
1	0.10500000000000001	894.672020268538	403.9874765175236	74.25466134935279	951.6902991209141	999.9059573819945	83.4657967473933	993.6315221083659	NaN
1	0.10500000000000001	895.7529194101282	404.0188961439749	74.24465450714767	951.6488221371857	999.8389588502351	83.46429138842075	993.5647975083572	NaN
1	0.10500000000000001	896.8338185517187	404.0684416603225	74.2314879423214	951.6146718805213	999.7747621315727	83.46245954209697	993.5007874585286	NaN
1	0.10500000000000001	897.9147176933091	404.1353045286824	74.21534537833259	951.5879994627209	999.7138772445711	83.46032413520945	993.4400021173673	NaN
1	0.10500000000000001	898.9956168348994	404.21854026391617	74.196433620528	951.5688869389285	999.6567744258368	83.4579102943509	993.3829126243678	NaN
1	0.10500000000000001	900.0765159764896	404.3170794528358	74.17498012513212	951.5573480082727	999.6038808100432	83.45524507930818	993.3299477567855	NaN
1	0.10500000000000001	901.157738593484	404.42977533992985	74.15122300170836	951.5533292087406	999.5555638235448	83.45235631073264	993.2814772361157	NaN
1	0.10500000000000001	902.246399638804	404.55622166722395	74.12524559410532	951.5567649699872	999.5118922465083	83.44925306676018	993.237571015242	NaN
1	0.10500000000000001	903.3451450598584	404.6956192966784	74.097218609063	951.5676564133146	999.473173050587	83.44595540136129	993.1985373590211	NaN
1	0.10500000000000001	904.4575507945117	404.8472583128575	74.06729559887246	951.5860210545289	999.4397007727185	83.44248141084891	993.1646718212955	NaN
1	0.10500000000000001	905.5849097970447	405.01004877626485	74.03570499893632	951.6118308444426	999.4118542697113	83.4388578937543	993.1363552569497	NaN
1	0.10500000000000001	906.7270910568293	405.1825413007019	74.0027410463684	951.6449590357009	999.3900183431123	83.43511891104599	993.1139758307777	NaN
1	0.10500000000000001	907.8814047431596	405.362705445638	73.96880171349977	951.6850901279263	999.3745487510008	83.43130976285556	993.0978951013766	NaN
1	0.10500000000000001	909.0431673003045	405.5480005058835	73.93436985090639	951.7316763757393	999.36568749009	83.42748446145079	993.0883635297814	NaN
1	0.10500000000000001	910.2065985819756	405.7355720765692	73.89997283025612	951.783946968662	999.3635000241218	83.42370097557372	993.0854573141431	NaN
1	0.10500000000000001	911.3700298636468	405.9231918518545	73.86601105086298	951.8411809505336	999.3678790023888	83.42000246887382	993.0890784211799	NaN
1	0.10500000000000001	912.5334611453179	406.1089372175701	73.83282256709504	951.9026835341997	999.3786350909284	83.41642490613958	993.0990461296003	NaN
1	0.10500000000000001	913.696892426989	406.2909462733404	73.80072929874231	951.9677313950234	999.3955178724445	83.41300223371516	993.1151187622229	NaN
1	0.10500000000000001	914.8603237086602	406.4674356167672	73.77003415845628	952.0355806748321	999.418219733767	83.40976607719068	993.136997481307	NaN
1	0.10500000000000001	916.0237549903313	406.6367169646224	73.74101846172151	952.1054750284308	999.4463802526807	83.40674546886143	993.164330584714	NaN
1	0.10500000000000001	917.1871862720025	406.7972124615401	73.71393963468871	952.1766536300464	999.479591029318	83.40396660712457	993.1967182489847	NaN
1	0.10500000000000001	918.3506175536736	406.94746854254555	73.68902923130251	952.2483590588762	999.5174009038964	83.40145264960238	993.2337176619792	NaN
1	0.10500000000000001	919.5140488353447	407.0861682328681	73.66649126744234	952.3198449855153	999.5593214997963	83.39922354144251	993.2748484849155	NaN
1	0.10500000000000001	920.6774801170159	407.21214178669965	73.64650087632685	952.3903835844183	999.6048330288523	83.3972958798694	993.3195985814456	NaN
1	0.10500000000000001	921.840911398687	407.3243755856683	73.62920328623154	952.4592726016526	999.653390294262	83.39568281567745	993.3674299498717	NaN
1	0.10500000000000001	923.0043426803581	407.42201923757244	73.6147131186422	952.5258420119943	999.7044288257297	83.39439399196016	993.4177847937726	NaN
1	0.10500000000000001	924.1677739620293	407.5043908361254	73.60311400231188	952.5894602048278	999.7573710813522	83.39343552000695	993.4700916661025	NaN
1	0.10500000000000001	925.3312052437004	407.5709803628485	73.59445849629564	952.6495396443108	999.8116326513102	83.39280999191128	993.5237716223164	NaN
1	0.10500000000000001	926.4946365253716	407.62145123256437	73.5887683128823	952.7055419557424	999.8666283996479	83.39251652905658	993.578244319187	NaN
1	0.10500000000000001	927.6580678070427	407.65564000394954	73.58603482941261	952.7569823969783	999.9217784822838	83.39255086529108	993.6329339977685	NaN
1	0.10500000000000001	928.8214990887138	407.6735542960357	73.58621987623124	952.8034336809832	999.9765141818652	83.3929054632688	993.6872752913365	NaN
1	0.10500000000000001	929.984930370385	407.6753689701952	73.58925678645275	952.8445291231036	1000.0302835031264	83.39356966210696	993.740718802076	NaN
1	0.10500000000000001	931.1483616520561	407.6614206547698	73.59505169179128	952.8799650943105	1000.0825564760048	83.39452985420394	993.7927363937964	NaN
1	0.10500000000000001	932.3117929337272	407.63220070590364	73.60348504739714	952.9095027693808	1000.132830117854	83.39576968880144	993.8428261519564	NaN
1	0.10500000000000001	933.4752242153984	407.5883467131422	73.61441336743628	952.9329691667103	1000.180633010616	83.39727029963886	993.8905169667036	NaN
1	0.10500000000000001	934.6386554970695	407.5306326717941	73.62767115202644	952.9502574840526	1000.2255294537329	83.39901055382693	993.9353726994558	NaN
1	0.10500000000000001	935.8020867787407	407.45995795579165	73.6430729850998	952.9613267418782	1000.2671231588164	83.40096731889295	993.9769958987355	NaN
1	0.10500000000000001	936.9676169649622	407.3771760383843	73.66044869362753	952.9662039909433	1000.305125401798	83.40311977827093	994.015096217425	NaN
1	0.10500000000000001	938.1407003832527	407.2828822954345	73.67968173598369	952.964923273855	1000.3393549766637	83.40545367899692	994.0494911957453	NaN
1	0.10500000000000001	939.3244345041047	407.17781955673576	73.70062311767141	952.9574908041087	1000.3695375346248	83.4079505976994	994.0799052059164	NaN
1	0.10500000000000001	940.5224302019456	407.06271953400835	73.7231259938496	952.9439112550677	1000.3954008211883	83.41059235526183	994.1060647441471	NaN
1	0.10500000000000001	941.7372477765057	406.9384782969352	73.74701151893699	952.9242114595962	1000.4166392033076	83.41335704009555	994.1276624827943	NaN
1	0.10500000000000001	942.9707352087547	406.8061766671354	73.77206668030355	952.8984667990424	1000.4329408434523	83.41621895239545	994.1443842039189	NaN
1	0.10500000000000001	944.2230875471704	406.6672198781856	73.79801959603193	952.8668519623558	1000.4440017178731	83.41914598851477	994.1559221893659	NaN
1	0.10500000000000001	945.492333475725	406.5234230559309	73.8245263611777	952.8296978200075	1000.4495683835175	83.4220984848118	994.1620174009796	NaN
1	0.10500000000000001	946.7739834241032	406.377041320953	73.85116881351603	952.7875432141458	1000.4494951243507	83.42502935857739	994.1625161715749	NaN
1	0.10500000000000001	948.0618010656112	406.2306191258413	73.87748513086714	952.7411334597193	1000.4437993983586	83.42788784868307	994.1574259127381	NaN
1	0.10500000000000001	949.3496187071191	406.08667933341394	73.90302730161739	952.6913424569984	1000.4326771685388	83.43062594529195	994.1469315699482	NaN
1	0.10500000000000001	950.637436348627	405.9469655168327	73.92749305045746	952.6388776487541	1000.4164007644418	83.43321223889309	994.1312970478854	NaN
1	0.10500000000000001	951.925253990135	405.81312506559533	73.95060050506625	952.5844625829737	1000.3953005106132	83.43561800182832	994.1108442804082	NaN
1	0.10500000000000001	953.2130716316431	405.68669096203155	73.97209131895359	952.528827429665	1000.3697591466271	83.43781748287465	994.0859477548435	NaN
1	0.10500000000000001	954.500889273151	405.56906546082223	73.99173343824934	952.4726996552013	1000.3402057271612	83.43978815674085	994.0570285118614	NaN
1	0.10500000000000001	955.7887069146589	405.4615058233056	74.00932348062655	952.416794967349	1000.3071090923294	83.44151092651273	994.0245477100134	NaN
1	0.10500000000000001	957.0765245561669	405.3651122283373	74.02468870003295	952.3618086375026	1000.2709710015166	83.44297027773554	993.9889998471727	NaN
1	0.10500000000000001	958.3643421976749	405.2808179510082	74.0376885168471	952.308407298906	1000.2323190257297	83.44415438348551	993.9509057329858	NaN
1	0.10500000000000001	959.6521598391828	405.2093818700184	74.04821559941381	952.2572213109082	1000.1916992939592	83.44505516043007	993.9108053070546	NaN
1	0.10500000000000001	960.9399774806907	405.1513833343309	74.05619648953125	952.2088377697198	1000.149669188336	83.44566827648144	993.8692503969581	NaN
1	0.10500000000000001	962.2277951221987	405.10721939020084	74.06159177122137	952.1637942358672	1000.1067900809497	83.4459931112495	993.8267975084702	NaN
1	0.10500000000000001	963.5156127637067	405.0771043411066	74.06439578888131	952.1225732377392	1000.0636202021941	83.44603267105956	993.7840007374219	NaN
1	0.10500000000000001	964.8034304052146	405.06107158576805	74.0646359275376	952.085597599427	1000.0207077264581	83.44579346080798	993.7414048887604	NaN
1	0.10500000000000001	966.0912480467225	405.0589776535562	74.0623714742661	952.0532266296178	999.9785841559847	83.44528531539619	993.6995388834752	NaN
1	0.10500000000000001	967.3790656882305	405.07050833240527	74.05769208576972	952.0257531967665	999.9377580778731	83.44452119391082	993.6589095283606	NaN
1	0.10500000000000001	968.6668833297385	405.0951867620158	74.05071589249438	952.0034017042713	999.8987093625935	83.44351694009153	993.6199957170805	NaN
1	0.10500000000000001	969.9547009712464	405.1323833448551	74.04158727441397	951.9863269680401	999.861883865126	83.44229101291677	993.5832431238542	NaN
1	0.10500000000000001	971.2425186127543	405.181327309362	74.03047434763593	951.9746139877716	999.8276886820339	83.44086419141514	993.5490594434406	NaN
1	0.10500000000000001	972.5303362542624	405.24111974398016	74.017566204211	951.9682785926351	999.796488009547	83.43925925802593	993.5178102229025	NaN
1	0.10500000000000001	973.8208152259995	405.3109012282014	74.0030384996151	951.96727228962	999.7685456305427	83.43749688923933	993.4897610351939	NaN
1	0.10500000000000001	975.122273216778	405.3901432889128	73.98699903333218	951.9715535962918	999.7440083649373	83.4355896027201	993.4650598905845	NaN
1	0.10500000000000001	976.4388945191097	405.47811368560394	73.96959997916483	951.9811071379361	999.7231352777263	83.43355545874354	993.4439671738597	NaN
1	0.10500000000000001	977.7750632439886	405.57403761909524	73.9510016499038	951.9959103560154	999.7061920499278	83.43141345147087	993.4267500117917	NaN
1	0.10500000000000001	979.1320416509329	405.6768123278785	73.93142631069568	952.0158725823557	999.693478989113	83.42918958865395	993.4137112314922	NaN
1	0.10500000000000001	980.5079615877307	405.78493424999965	73.91116765878351	952.0407708676922	999.6852736823395	83.42691759967568	993.4051326374374	NaN
1	0.10500000000000001	981.8967306808635	405.8963930073813	73.8906060572445	952.0701732930602	999.6817697061937	83.42464025673686	993.4012144986555	NaN
1	0.10500000000000001	983.2898003887633	406.00885763200205	73.87016957688017	952.1034361462071	999.6830018868035	83.4224046701726	993.4020005254695	NaN
1	0.10500000000000001	984.6828700966632	406.1203208532878	73.85021632577256	952.1398883328335	999.6888452402926	83.42024937688069	993.4073743027571	NaN
1	0.10500000000000001	986.0759398045632	406.2291758981835	73.83102552206354	952.1789120811435	999.6990927547661	83.41820382111692	993.4171363117271	NaN
1	0.10500000000000001	987.469009512463	406.3338961362068	73.8128574968446	952.2198681462964	999.7134783740263	83.41629507051795	993.4310280277028	NaN
1	0.10500000000000001	988.8620792203628	406.4330553841017	73.79595043535394	952.2621057260053	999.7316824364899	83.41454748234536	993.4487372476831	NaN
1	0.10500000000000001	990.2551489282628	406.52534622403255	73.7805175425182	952.3049722910057	999.7533377564126	83.41298241776562	993.469904064055	NaN
1	0.10500000000000001	991.6482186361627	406.6095961140946	73.76674465829753	952.3478231888133	999.7780362423194	83.41161800712902	993.4941273808578	NaN
1	0.10500000000000001	993.0412883440625	406.684781107503	73.75478834080526	952.3900308858149	999.805335942313	83.41046896841486	993.520971863648	NaN
1	0.10500000000000001	994.4343580519624	406.7500370364553	73.74477442790126	952.4309937212032	999.8347684024257	83.40954648017807	993.5499752103709	NaN
1	0.10500000000000001	995.8274277598623	406.8046680577113	73.7367970810056	952.4701440564097	999.8658462224007	83.40885810952055	993.5806556287474	NaN
1	0.10500000000000001	997.2204974677622	406.84815249875	73.73091830830323	952.5069557153582	999.8980706932394	83.40840779479562	993.6125194054343	NaN
1	0.10500000000000001	998.6135671756621	406.8801459852573	73.72716795835251	952.540950623826	999.9309394024859	83.40819588195026	993.6450684537203	NaN
1	0.10500000000000001	1000.0066368835619	406.90048187200654	73.72554416939323	952.5717045702643	999.9639536965022	83.40821921266371	993.6778077295868	NaN
1	0.10500000000000001	1001.3997065914618	406.9091690392543	73.72601425438212	952.5988520253501	999.9966258938186	83.40847126169528	993.710252410624	NaN
1	0.10500000000000001	1002.7927762993618	406.90638715495896	73.72851599697265	952.6220899730664	1000.0284861499291	83.40894232020672	993.7419347383981	NaN
1	0.10500000000000001	1004.1858460072616	406.892479538862	73.73295932929567	952.641180722002	1000.0590888815228	83.40961972121488	993.7724104322742	NaN
1	0.10500000000000001	1005.5789157151614	406.86794379721044	73.73922835848818	952.6559536815495	1000.0880186669496	83.41048810277783	993.8012645913358	NaN
1	0.10500000000000001	1006.9719854230614	406.83342042619006	73.74718370545637	952.6663061035216	1000.1148955495511	83.41152970406941	993.8281170107131	NaN
1	0.10500000000000001	1008.3650551309613	406.78967960757916	73.75666511634833	952.6722028051466	1000.13937968119	83.41272468914597	993.8526268491452	NaN
1	0.10500000000000001	1009.7628779102013	406.73741560728035	73.76753334303979	952.6736724440487	1000.1612447195416	83.41405621960371	993.8745663941778	NaN
1	0.10500000000000001	1011.1732432172188	406.677190977989	73.77967583592425	952.6707383497703	1000.1803074118078	83.4155106536676	993.8937512810882	NaN
1	0.10500000000000001	1012.6013290525206	406.6096714045494	73.79295796050054	952.6634130742507	1000.1963308691105	83.417071582573	993.9099434235202	NaN
1	0.10500000000000001	1014.0520621079294	406.5355941786554	73.80723145821764	952.6517230344813	1000.2090692309059	83.4187210434629	993.9228955363991	NaN
1	0.10500000000000001	1015.5277429600724	406.45593466374135	73.82230362604994	952.6357509132374	1000.2182604080348	83.42043609066991	993.9323432721411	NaN
1	0.10500000000000001	1017.0271373194945	406.3720101776514	73.83792061245774	952.6156937255946	1000.223663435717	83.42218720150244	993.9380419469724	NaN
1	0.10500000000000001	1018.5439418021878	406.2855833901936	73.85375191560233	952.5919347624986	1000.2251144069685	83.42393693413747	993.9398217396575	NaN
1	0.10500000000000001	1020.0681410590025	406.19873912684466	73.8694170149504	952.5650609533532	1000.2225964414387	83.42564330700013	993.9376577273329	NaN
1	0.10500000000000001	1021.5923403158173	406.11341742745697	73.8845711250007	952.535737686546	1000.2162517689397	83.42726930881835	993.9316837208961	NaN
1	0.10500000000000001	1023.1165395726321	406.03106863471976	73.89896317837922	952.5045494404322	1000.2063019993207	83.42878876859179	993.9221143538372	NaN
1	0.10500000000000001	1024.640738829447	405.9530489019443	73.91236246365801	952.4720964373074	1000.1930255081173	83.43017814162984	993.9092210578453	NaN
1	0.10500000000000001	1026.1649380862616	405.88059920475564	73.92456213089186	952.4389836665694	1000.176750911307	83.43141684611791	993.8933256581776	NaN
1	0.10500000000000001	1027.6891373430763	405.8148269904296	73.93538218760365	952.4058101470324	1000.1578498490308	83.43248753769821	993.8747932717096	NaN
1	0.10500000000000001	1029.2133365998911	405.75669070493666	73.94467194268633	952.3731586095073	1000.136729225406	83.43337631909644	993.8540246529959	NaN
1	0.10500000000000001	1030.737535856706	405.7069873800544	73.95231186654277	952.3415857677485	1000.1138230566771	83.43407288307935	993.8314481389754	NaN
1	0.10500000000000001	1032.2617351135207	405.66634340407757	73.95821484719743	952.3116133303621	1000.089584082231	83.43457058823546	993.8075113454844	NaN
1	0.10500000000000001	1033.7859343703353	405.6352085407401	73.96232683384585	952.2837198886045	1000.064475292491	83.4348664683018	993.7826727684236	NaN
1	0.10500000000000001	1035.3101336271502	405.6138532029605	73.9646268710955	952.2583337955791	1000.0389615244984	83.43496117686415	993.7573934395015	NaN
1	0.10500000000000001	1036.834332883965	405.60236893184157	73.96512653871244	952.2358271315533	1000.0135012702475	83.43485887037073	993.7321287809767	NaN
1	0.10500000000000001	1038.3585321407797	405.60067197785537	73.96386882275483	952.2165108283856	999.9885388347521	83.43456703335278	993.7073207959646	NaN
1	0.10500000000000001	1039.8827313975944	405.60850983107395	73.9609264542788	952.2006310037488	999.9644969705934	83.43409625063008	993.6833907209434	NaN
1	0.10500000000000001	1041.4069306544093	405.62547050136425	73.95639976111616	952.1883665333826	999.9417701035985	83.4334599320799	993.6607322552005	NaN
1	0.10500000000000001	1042.9311299112242	405.6509943082345	73.95041408633801	952.1798278673693	999.9207182505822	83.43267399615178	993.6397054685076	NaN
1	0.10500000000000001	1044.4553291680388	405.6843879040181	73.9431168337757	952.1750570747657	999.901661715047	83.43175651886773	993.6206314734826	NaN
1	0.10500000000000001	1045.984654103681	405.7249871663492	73.93464408328607	952.1740318540021	999.8848242880588	83.43072372967178	993.6037353272078	NaN
1	0.10500000000000001	1047.5296998846961	405.77228167092545	73.92510017984617	952.1767296219141	999.8703707597399	83.42958800826584	993.5891828349061	NaN
1	0.10500000000000001	1049.0967854803757	405.8256377400725	73.91461571017797	952.1831370747421	999.8585251763177	83.42836497398294	993.5771991874751	NaN
1	0.10500000000000001	1050.6915637328775	405.8843265130839	73.90333902298683	952.1932187074352	999.8495183915151	83.42707223854065	993.5680167139983	NaN
1	0.10500000000000001	1052.3145321057273	405.9473077541745	73.8914757719926	952.2068566338797	999.8435906853827	83.42573376864603	993.5618783288533	NaN
1	0.10500000000000001	1053.9597195774118	406.0131267396738	73.87930391354386	952.2237767137982	999.8409331174222	83.42438118446593	993.558979634809	NaN
1	0.10500000000000001	1055.6146656833635	406.0799311878909	73.8671657631765	952.2434969330383	999.8416126298133	83.42305244275735	993.5593944041461	NaN
1	0.10500000000000001	1057.2696117893151	406.1459394079148	73.85538027863592	952.2654347984891	999.8455359863325	83.42178199316443	993.5630369045329	NaN
1	0.10500000000000001	1058.9245578952668	406.20981537413604	73.84417922592147	952.289068884884	999.8525210008787	83.42059419937262	993.5697312419941	NaN
1	0.10500000000000001	1060.5795040012185	406.27030856423676	73.83377491018922	952.3138590489698	999.862328071319	83.41951096334188	993.579244113641	NaN
1	0.10500000000000001	1062.2344501071702	406.32627710216485	73.82435644379166	952.3392581419974	999.8746669042331	83.41855135070647	993.5912914022942	NaN
1	0.10500000000000001	1063.889396213122	406.37670795081476	73.81608661741564	952.364723505553	999.8892040750717	83.41773128602888	993.6055456130244	NaN
1	0.10500000000000001	1065.5443423190736	406.42073382570953	73.80909941580144	952.3897280204803	999.9055712424772	83.41706332207076	993.6216439727065	NaN
1	0.10500000000000001	1067.1992884250253	406.45764657847667	73.80349820489	952.4137704946511	999.9233738275473	83.41655648557158	993.6391970055022	NaN
1	0.10500000000000001	1068.854234530977	406.48690687957924	73.79935460284054	952.4363851953249	999.9421999649645	83.41621620042754	993.6577973930031	NaN
1	0.10500000000000001	1070.5091806369287	406.5081501118196	73.79670803344725	952.4571503552877	999.961629533143	83.41604428749324	993.6770289276838	NaN
1	0.10500000000000001	1072.1641267428804	406.5211884677857	73.79556594726986	952.4756955082804	999.98124307473	83.41603903871514	993.696475372188	NaN
1	0.10500000000000001	1073.819072848832	406.52600932391005	73.79590468344954	952.4917075378411	1000.0006304267677	83.41619536181648	993.7157290445246	NaN
1	0.10500000000000001	1075.4740189547838	406.52277003947853	73.79767093384676	952.5049353538618	1000.0193988912874	83.41650499039811	993.7343989604086	NaN
1	0.10500000000000001	1077.1289650607355	406.51178939923136	73.8007837609347	952.5151931422807	1000.0371807917485	83.41695675314162	993.7521183782238	NaN
1	0.10500000000000001	1078.7839111666872	406.4935359817432	73.80513711189246	952.5223621646738	1000.0536402781532	83.41753689471342	993.768551609144	NaN
1	0.10500000000000001	1080.4388572726389	406.46861379137397	73.81060276366361	952.5263911153868	1000.06847926342	83.41822944016309	993.7833999744084	NaN
1	0.10500000000000001	1082.101867308932	406.43758188232533	73.81706706521103	952.5272919319519	1000.0815006059946	83.41902063010116	993.796465317784	NaN
1	0.10500000000000001	1083.7838393071675	406.400941858236	73.82442815211253	952.5250756389757	1000.092527829666	83.41989812383672	993.80757024985	NaN
1	0.10500000000000001	1085.4926436458695	406.3592794688525	73.83256694692274	952.5197545829187	1000.1013541139117	83.4208474986006	993.8165068878075	NaN
1	0.10500000000000001	1087.2343251579086	406.31330535154245	73.84134114074416	952.5113715188756	1000.1077653137615	83.42185173354564	993.8230595799594	NaN
1	0.10500000000000001	1089.0086243636397	406.2640255955903	73.8505548052343	952.5000575161347	1000.1115516962071	83.42288794685608	993.8270159068406	NaN
1	0.10500000000000001	1090.806338134687	406.2128512231904	73.85994201575843	952.4861075194178	1000.1125663610223	83.42392596483727	993.8282243287491	NaN
1	0.10500000000000001	1092.6110424888193	406.1615073143079	73.86918801507353	952.470010924394	1000.1108004068749	83.424931121968	993.8266692616244	NaN
1	0.10500000000000001	1094.4157468429516	406.1114469638702	73.87803595547076	952.452282818348	1000.1063826280883	83.42587599346388	993.8224730635573	NaN
1	0.10500000000000001	1096.220451197084	406.06385156129755	73.88628265444389	952.4334127267982	1000.099511489505	83.42673950359767	993.8158284115843	NaN
1	0.10500000000000001	1098.0251555512164	406.0198018099819	73.89374645864645	952.4139014231873	1000.0904387472186	83.42750328817196	993.8069813518891	NaN
1	0.10500000000000001	1099.8298599053487	405.98025473840175	73.90027098953391	952.3942482857982	1000.079461465531	83.42815205149695	993.7962234537724	NaN
1	0.10500000000000001	1101.634564259481	405.94602452900415	73.9057281474669	952.3749391234488	1000.0669131976604	83.42867383586204	993.783883117377	NaN
1	0.10500000000000001	1103.4392686136134	405.91776749957273	73.91002032211802	952.3564347516743	1000.0531545750879	83.42906019996137	993.7703162773058	NaN
1	0.10500000000000001	1105.2439729677458	405.8959714587141	73.91308177842265	952.339160572796	1000.0385635563817	83.429306305058	993.755896750618	NaN
1	0.10500000000000001	1107.0486773218781	405.880949542868	73.91487920907251	952.3234973797969	1000.0235255859342	83.42941091000992	993.7410064777721	NaN
1	0.10500000000000001	1108.8533816760105	405.87283852966664	73.91541146605438	952.3097735663215	1000.008423906518	83.42937627844987	993.7260258989967	NaN
1	0.10500000000000001	1110.6580860301428	405.87160151411916	73.91470850437557	952.2982588844474	999.9936302573071	83.42920800344884	993.7113246968286	NaN
1	0.10500000000000001	1112.4627903842752	405.87703473238844	73.91282959030887	952.289159849228	999.9794961715289	83.42891475682784	993.6972531185635	NaN
1	0.10500000000000001	1114.2674947384075	405.88877822497784	73.9098608437141	952.2826168454975	999.9663450658362	83.42850797182902	993.6841340707845	NaN
1	0.10500000000000001	1116.07219909254	405.9063299488248	73.9059121987925	952.2787029491136	999.9544652875085	83.42800146922875	993.6722561526299	NaN
1	0.10500000000000001	1117.8826590315862	405.92914290823796	73.90109737051677	952.2774245253512	999.9440738708633	83.42740903881814	993.6618372477736	NaN
1	0.10500000000000001	1119.71465552636	405.9567787889628	73.89550618136334	952.278770030427	999.9353226629212	83.42674144259058	993.653030014247	NaN
1	0.10500000000000001	1121.5772454560151	405.9886917411703	73.889250842297	952.2827301787622	999.9284074807363	83.42601216873508	993.6460312391249	NaN
1	0.10500000000000001	1123.4784481409329	406.0242353789393	73.88246181638618	952.2892660284907	999.923523127551	83.42523670413696	993.6410370938385	NaN
1	0.10500000000000001	1125.4163580449274	406.0624493728224	73.87532646202851	952.2982448562817	999.9208597247061	83.42443675947672	993.6382403207783	NaN
1	0.10500000000000001	1127.3766377482198	406.1019754050603	73.8680998825697	952.3093631568674	999.920532661304	83.42364103767724	993.637760926045	NaN
1	0.10500000000000001	1129.3374234290718	406.1412202837254	73.86107047586665	952.322137824213	999.9225087267029	83.42288100391508	993.6395721130792	NaN
1	0.10500000000000001	1131.2982091099238	406.17905294480084	73.85443540431353	952.3361368688115	999.9266463019128	83.42217745432662	993.6435375157525	NaN
1	0.10500000000000001	1133.258994790776	406.21443447319257	73.84837129107007	952.3509114497087	999.9327462976275	83.42154858975205	993.6494632787326	NaN
1	0.10500000000000001	1135.219780471628	406.24643491275873	73.84303171058536	952.3660069101467	999.9405603873013	83.42100978717019	993.6571061762075	NaN
1	0.10500000000000001	1137.18056615248	406.27425608749485	73.83854363783084	952.3809761014784	999.9497999810033	83.42057326032928	993.6661824434755	NaN
1	0.10500000000000001	1139.141351833332	406.29724978476906	73.83500479773394	952.3953920019077	999.9601460299102	83.42024782397074	993.6763774523421	NaN
1	0.10500000000000001	1141.102137514184	406.3149309434635	73.83248195463366	952.4088592917902	999.9712593484574	83.4200387646392	993.687355920544	NaN
1	0.10500000000000001	1143.062923195036	406.32698564731317	73.8310101533982	952.4210245894759	999.9827911376077	83.41994781795877	993.698772341389	NaN
1	0.10500000000000001	1145.0237088758881	406.3332738815317	73.83059289667358	952.4315851010714	999.9943933983892	83.41997324916336	993.7102813247235	NaN
1	0.10500000000000001	1146.9844945567402	406.3338271643097	73.83120321721422	952.4402954922439	1000.005728939305	83.4201100307963	993.7215475542112	NaN
1	0.10500000000000001	1148.9452802375922	406.3288413095774	73.83278558094126	952.4469728486094	1000.0164807037179	83.42035010893225	993.7322550876232	NaN
1	0.10500000000000001	1150.9060659184443	406.3186647095277	73.83525853575556	952.4514996514284	1000.0263601729263	83.42068274698488	993.7421157558226	NaN
1	0.10500000000000001	1152.8668515992963	406.30378264134526	73.8385180035915	952.4538247555133	1000.0351146362655	83.42109493436053	993.7508764510263	NaN
1	0.10500000000000001	1154.846151617041	406.28460155936756	73.84248087522195	952.4539534874808	1000.0425962773425	83.42157660658141	993.7583886458106	NaN
1	0.10500000000000001	1156.8559451366125	406.261588120978	73.84705117251438	952.4518853910223	1000.0486266569648	83.42211609365049	993.7644731361709	NaN
1	0.10500000000000001	1158.9083356673946	406.23526990506093	73.85212193484082	952.4476389659285	1000.0530292292348	83.42270052958477	993.7689523622001	NaN
1	0.10500000000000001	1161.0060948009827	406.2064015468747	73.85754456770498	952.4412951601795	1000.0556236653196	83.42331245138999	993.7716441170206	NaN
1	0.10500000000000001	1163.1366716167338	406.17609725627153	73.86310791185362	952.4330747355299	1000.0562778917312	83.4239278239429	993.7724127595962	NaN
1	0.10500000000000001	1165.273329678149	406.14577996837204	73.86855242131993	952.4233834267101	1000.0549873339777	83.42451809183584	993.7712481876224	NaN
1	0.10500000000000001	1167.4099877395643	406.11656826442413	73.87368155393393	952.4126317272295	1000.051869722822	83.42506238888912	993.768263067795	NaN
1	0.10500000000000001	1169.5466458009796	406.0894157878645	73.87833263222745	952.4012296476861	1000.0471050149366	83.42554396327544	993.7636325681963	NaN
1	0.10500000000000001	1171.6833038623947	406.0651674455437	73.88236580542991	952.3895929299036	1000.0409222162698	83.42594888067727	993.7575810403404	NaN
1	0.10500000000000001	1173.8199619238098	406.04453492866116	73.88566793133589	952.3781286102299	1000.0335895826279	83.42626638703518	993.7503723733421	NaN
1	0.10500000000000001	1175.9566199852252	406.028077772761	73.88815539109878	952.3672214630869	1000.0254038736863	83.42648914791039	993.7422993854487	NaN
1	0.10500000000000001	1178.0932780466405	406.0161903777117	73.88977578061319	952.3572217521591	1000.0166790659905	83.42661336130125	993.7336726545013	NaN
1	0.10500000000000001	1180.2299361080557	406.00909518831446	73.89050846324388	952.3484346545068	1000.0077349325179	83.42663874519913	993.7248091916668	NaN
1	0.10500000000000001	1182.3665941694708	406.00684201832667	73.89036400893092	952.3411116508668	999.9988858843559	83.42656840539547	993.7160213517726	NaN
1	0.10500000000000001	1184.5032522308861	406.00931329248203	73.88938258268337	952.3354440964233	999.9904304450263	83.4264085929415	993.7076063494401	NaN
1	0.10500000000000001	1186.6399102923015	406.0162347890939	73.88763137982274	952.3315591033058	999.9826416913447	83.4261683639854	993.6998367145827	NaN
1	0.10500000000000001	1188.7765683537166	406.02719129579236	73.88520123489064	952.3295177819974	999.9757589481878	83.42585915758056	993.6929519752352	NaN
1	0.10500000000000001	1190.9339898490834	406.04180206518737	73.88217102782822	952.3293226964661	999.9699307836173	83.42549053817983	993.687101305513	NaN
1	0.10500000000000001	1193.1278826776916	406.0596434299231	73.87862843866083	952.3309756120178	999.9653210606799	83.42507312885311	993.6824492513059	NaN
1	0.10500000000000001	1195.3724087146247	406.08021470894397	73.87467521283358	952.3344564633879	999.9620940491076	83.42461909958678	993.6791610632498	NaN
1	0.10500000000000001	1197.6684692599913	406.10277979994316	73.87045578161211	952.339674954828	999.9604106421143	83.42414528972347	993.677399554238	NaN
1	0.10500000000000001	1199.9940373861423	406.1262328889733	73.86617794502777	952.3463867658638	999.9603684578552	83.42367511529118	993.6772660798987	NaN
1	0.10500000000000001	1202.319605512293	406.14931849406645	73.86206811830293	952.3542015056735	999.9619285080363	83.42323320607343	993.678726782839	NaN
1	0.10500000000000001	1204.6451736384438	406.17112037861756	73.85828489793316	952.3627554826664	999.9649578773664	83.42283617289638	993.6816531110846	NaN
1	0.10500000000000001	1206.9707417645948	406.1908140877905	73.8549667317773	952.3716710149263	999.9692701182662	83.42249809029789	993.6858629394085	NaN
1	0.10500000000000001	1209.2963098907458	406.2076962503092	73.85222722154505	952.3805722907845	999.9746351134872	83.4222300387884	993.691130259165	NaN
1	0.10500000000000001	1211.6218780168965	406.22120771611986	73.85015163610518	952.3891004639656	999.9807902722697	83.4220397878775	993.6971962177817	NaN
1	0.10500000000000001	1213.9474461430473	406.230949861326	73.84879472078896	952.3969274068585	999.9874525500919	83.42193162653203	993.7037810036217	NaN
1	0.10500000000000001	1216.2730142691983	406.2366936969956	73.84817983210873	952.4037676245225	999.9943307708792	83.42190634157666	993.7105960595823	NaN
1	0.10500000000000001	1218.5985823953492	406.23838172547744	73.84829937315989	952.4093879278201	1000.0011377408887	83.42196133844907	993.7173561179121	NaN
1	0.10500000000000001	1220.9241505215	406.2361227841308	73.84911645441258	952.4136145720364	1000.0076016740064	83.42209089332786	993.7237905779001	NaN
1	0.10500000000000001	1223.2497186476508	406.2301803902126	73.85056765935562	952.4163376825883	1000.0134764968291	83.42228652070041	993.7296537953661	NaN
1	0.10500000000000001	1225.5800224492077	406.2209335416131	73.85257131720405	952.4175137239488	1000.0185600584223	83.42253799559612	993.7347433375421	NaN
1	0.10500000000000001	1227.944520924922	406.20871568434745	73.8550585211394	952.4171395447245	1000.0227211008904	83.42283692977166	993.7389274224508	NaN
1	0.10500000000000001	1230.3589496027357	406.19395195295147	73.85794191915313	952.4152173759097	1000.0258005470558	83.42317273577518	993.7420462556403	NaN
1	0.10500000000000001	1232.836473138812	406.17717768595435	73.86111467750976	952.4117884515804	1000.0276490084608	83.42353274534652	993.7439492437378	NaN
1	0.10500000000000001	1235.3620684587204	406.1592514040847	73.86441268078683	952.4070066821511	1000.0281432638355	83.42389815945478	993.744510544015	NaN
1	0.10500000000000001	1237.8935889756472	406.1413351755294	73.86762355048963	952.401198819799	1000.0272734983754	83.42424557945797	993.7437158636124	NaN
1	0.10500000000000001	1240.425109492574	406.12432309086813	73.87059079543542	952.39470007165	1000.0251432449716	83.42455845112868	993.7416646320565	NaN
1	0.10500000000000001	1242.9566300095007	406.1089841964973	73.8731843036366	952.3878533868524	1000.0219139622336	83.42482347979559	993.738514349684	NaN
1	0.10500000000000001	1245.4881505264275	406.0959711849762	73.87529795327576	952.3810020484343	1000.0177919062121	83.42503028532445	993.7344675032035	NaN
1	0.10500000000000001	1248.0196710433543	406.0857947745268	73.87685355241629	952.374473273321	1000.0130161597339	83.42517175919225	993.7297597659314	NaN
1	0.10500000000000001	1250.551191560281	406.0788060808451	73.87780325869264	952.368563358612	1000.0078456633569	83.42524424839395	993.72464717433	NaN
1	0.10500000000000001	1253.0827120772078	406.07518744071854	73.87813043334152	952.3635250092299	1000.0025459144687	83.42524756569327	993.7193929416688	NaN
1	0.10500000000000001	1255.6142325941346	406.0749517223357	73.87784896147213	952.3595573476347	999.9973759851019	83.42518483396015	993.7142545553794	NaN
1	0.10500000000000001	1258.1457531110614	406.07794975140655	73.87700114304427	952.3567989545062	999.992576462802	83.42506217999733	993.709471760325	NaN
1	0.10500000000000001	1260.6772736279881	406.08388511355093	73.87565432321341	952.3553241281836	999.9883588460459	83.42488829957699	993.7052559592393	NaN
1	0.10500000000000001	1263.2383045524907	406.09244662491363	73.8738739659617	952.3551477441584	999.9848614870047	83.42467122979039	993.7017458993884	NaN
1	0.10500000000000001	1265.852381443582	406.10327690645937	73.87173427358354	952.3562751061826	999.9822276546168	83.42441999672921	993.6990853959218	NaN
1	0.10500000000000001	1268.5386272609219	406.11592351668014	73.8693265517814	952.3586814884603	999.980597040077	83.42414548308993	993.697415078421	NaN
1	0.10500000000000001	1271.2861575003813	406.129668485032	73.86678930385348	952.362251521432	999.9800903797241	83.42386364091622	993.6968577702546	NaN
1	0.10500000000000001	1274.0427141037142	406.1434698990182	73.86431385730674	952.3667023286299	999.980729825025	83.4235956222743	993.6974395582923	NaN
1	0.10500000000000001	1276.799270707047	406.1565041204405	73.86204456318589	952.3717279074216	999.9824236629184	83.42335672261022	993.6990724874461	NaN
1	0.10500000000000001	1279.55582731038	406.1680751785874	73.86009881926029	952.3770150747816	999.9850219964869	83.42315892178587	993.7016102651985	NaN
1	0.10500000000000001	1282.312383913713	406.17760550600093	73.85856970615264	952.382252017042	999.9883316138983	83.42301126376802	993.7048630786284	NaN
1	0.10500000000000001	1285.0689405170458	406.18466243864066	73.85752199749564	952.3871458142289	999.9921291209465	83.42291949746453	993.7086105457065	NaN
1	0.10500000000000001	1287.8254971203787	406.18897517473954	73.8569899724239	952.3914379967383	999.9961751006712	83.42288592193235	993.712615724817	NaN
1	0.10500000000000001	1290.5820537237116	406.19044172455176	73.8569770590835	952.3949173574238	1000.0002284482872	83.42290943421439	993.716639337606	NaN
1	0.10500000000000001	1293.3386103270445	406.18912597274954	73.85745723375452	952.3974294369159	1000.004060063475	83.42298576670184	993.7204533916013	NaN
1	0.10500000000000001	1296.0951669303774	406.18524552786147	73.85837800589755	952.3988823177381	1000.0074651603326	83.42310789089618	993.7238534646431	NaN
1	0.10500000000000001	1298.8774210723009	406.1790856697191	73.85967817868658	952.3992469568813	1000.0102965065503	83.4232681740385	993.7266920830432	NaN
1	0.10500000000000001	1301.7192920218654	406.17095641917234	73.86129319189051	952.3985151087286	1000.0124250068727	83.42345872443958	993.7288397061138	NaN
1	0.10500000000000001	1304.643944726015	406.16126568801593	73.86314054181194	952.3967054305507	1000.0137199125302	83.42366966845404	993.7301647672992	NaN
1	0.10500000000000001	1307.640276328612	406.1506568192928	73.86509613251317	952.39392021458	1000.0140715985024	83.4238866933827	993.7305557796805	NaN
1	0.10500000000000001	1310.6397432538238	406.1400862413205	73.86698485968702	952.3904248706154	1000.0134673273548	83.42409048082294	993.7299963479514	NaN
1	0.10500000000000001	1313.6392101790357	406.130266028501	73.86868275161487	952.3864942244123	1000.0119999826111	83.42426798316018	993.7285760259455	NaN
1	0.10500000000000001	1316.6386771042476	406.12180817630684	73.8700873897458	952.3824143943635	1000.0098155654543	83.42440884976162	993.7264375612217	NaN
1	0.10500000000000001	1319.6381440294595	406.1151997093869	73.8711216076653	952.3784654247987	1000.0070996636105	83.42450574904119	993.7237635412366	NaN
1	0.10500000000000001	1322.6376109546713	406.11077724649925	73.87173722473047	952.374902976515	1000.0040628766187	83.42455468774416	993.7207620042267	NaN
1	0.10500000000000001	1325.6370778798832	406.1087130042743	73.87191663952471	952.371942666329	1000.000925391254	83.42455508999342	993.7176511605967	NaN
1	0.10500000000000001	1328.6365448050951	406.1090125300312	73.87167229526496	952.3697479498722	999.9979017819004	83.42450964435615	993.7146442921456	NaN
1	0.10500000000000001	1331.636011730307	406.1115236573516	73.87104417112093	952.3684221558115	999.995187035416	83.42442394210144	993.7119358247377	NaN
1	0.10500000000000001	1334.659476438135	406.11599763703975	73.87008690515763	952.3680052734355	999.992928988558	83.42430489337607	993.7096736903718	NaN
1	0.10500000000000001	1337.7516164763929	406.12216106913183	73.86885783176803	952.3685085265149	999.9912467402186	83.42415952694691	993.7079773495872	NaN
1	0.10500000000000001	1340.9404324892448	406.1296429700986	73.86743223161774	952.3699169766114	999.9902619021047	83.42399685828836	993.7069691417133	NaN
1	0.10500000000000001	1344.2096264708443	406.13784692479254	73.86592494211591	952.3721325103144	999.9900717515685	83.42383009932603	993.7067480957508	NaN
1	0.10500000000000001	1347.4788204524436	406.14591677623395	73.86449198718303	952.3749085359514	999.9906757398875	83.4236763866333	993.7073170079323	NaN
1	0.10500000000000001	1350.748014434043	406.15322458051924	73.86324179045651	952.3779921586453	999.9919779703704	83.42354704291867	993.7085830005791	NaN
1	0.10500000000000001	1354.0172084156425	406.1592406350932	73.86226176891519	952.3811216129477	999.9938333398675	83.42345078173327	993.7104038976182	NaN
1	0.10500000000000001	1357.286402397242	406.16356926331383	73.86161272484249	952.3840474353243	999.996061967562	83.42339317925394	993.7126024282106	NaN
1	0.10500000000000001	1360.5555963788413	406.165971859595	73.8613256769014	952.3865513804849	999.9984654880235	83.42337642543838	993.7149823333432	NaN
1	0.10500000000000001	1363.8247903604406	406.16637615123625	73.86140123016823	952.3884617273624	1000.0008438110303	83.4233993572026	993.717344990188	NaN
1	0.10500000000000001	1367.0939843420401	406.1648717835302	73.86181137938009	952.3896639872931	1000.0030109986826	83.4234577539174	993.719505212385	NaN
1	0.10500000000000001	1370.382100300731	406.16167077732223	73.86250814911824	952.3901067914054	1000.0048181411302	83.42354542756178	993.7213141446001	NaN
1	0.10500000000000001	1373.7483751738253	406.1570146526313	73.86344062895554	952.3897765392887	1000.0061551508214	83.42365610585125	993.7226614086603	NaN
1	0.10500000000000001	1377.226766357006	406.1512406003524	73.86454027008033	952.3886846995907	1000.0069087037463	83.42378155845067	993.7234330356537	NaN
1	0.10500000000000001	1380.7950077807172	406.1448995682245	73.86570126208308	952.3869246724022	1000.0069926057934	83.42390962848354	993.7235411914963	NaN
1	0.10500000000000001	1384.3632492044285	406.1387514184863	73.86678575169911	952.3847226311623	1000.0064170362004	83.42402523282593	993.7229930291418	NaN
1	0.10500000000000001	1387.9314906281397	406.13335832818444	73.8676973801203	952.3823137573426	1000.0052794677011	83.42411838564897	993.7218832496033	NaN
1	0.10500000000000001	1391.499732051851	406.12917465099594	73.86836232636628	952.3799370070702	1000.0037234773803	83.42418186173576	993.720352806038	NaN
1	0.10500000000000001	1395.0679734755622	406.126511568859	73.86873472310505	952.3778125152884	1000.0019222679713	83.42421168939579	993.7185726606293	NaN
1	0.10500000000000001	1398.6362148992735	406.1255174721195	73.86879909965755	952.3761222562318	1000.0000605096791	83.4242073064684	993.7167258105312	NaN
1	0.10500000000000001	1402.2044563229847	406.1261748602425	73.8685698191808	952.3749955528608	999.9983163118254	83.42417138716146	993.7149893783848	NaN
1	0.10500000000000001	1405.777044241178	406.12831635541573	73.86808704314466	952.3745002591927	999.9968434286739	83.42410928918716	993.7135168610303	NaN
1	0.10500000000000001	1409.4342708215281	406.13173318300557	73.8673952405777	952.3746533444421	999.9957439385496	83.42402652500382	993.7124105470346	NaN
1	0.10500000000000001	1413.2183148367099	406.13612833974025	73.86655526943366	952.3754500827246	999.9951247897832	83.42393043727787	993.7117779104772	NaN
1	0.10500000000000001	1417.1110816429427	406.1410175200789	73.86566045406286	952.3768118106764	999.9950663097957	83.42383177188628	993.7117006932929	NaN
1	0.10500000000000001	1421.0038484491758	406.14571616563853	73.86483494908049	952.3785342348582	999.9955586150999	83.42374410761133	993.7121717425056	NaN
1	0.10500000000000001	1424.896615255409	406.1497174500723	73.86416521488349	952.3804005757728	999.9965075216279	83.42367636441925	993.7130994101991	NaN
1	0.10500000000000001	1428.7893820616418	406.1526282808988	73.86371422853756	952.382193712325	999.997775040093	83.42363461337224	993.7143480588079	NaN
1	0.10500000000000001	1432.6821488678747	406.15420466518657	73.86351620033375	952.3837202602678	999.9991978157053	83.42362160906576	993.7157562535606	NaN
1	0.10500000000000001	1436.5749156741078	406.15436801153317	73.86357485704222	952.3848302883848	1000.0006070510307	83.4236367231207	993.7171565036806	NaN
1	0.10500000000000001	1440.467682480341	406.153201933115	73.86386522431488	952.3854308017654	1000.0018475981162	83.42367625724914	993.7183942538877	NaN
1	0.10500000000000001	1444.4245730816956	406.1508864125087	73.86434743179257	952.3854885385401	1000.0028067599923	83.42373513725796	993.7193567722591	NaN
1	0.10500000000000001	1448.5198516862356	406.14766012324014	73.86497186514688	952.3849985465358	1000.0033869960663	83.42380731141243	993.7199461643696	NaN
1	0.10500000000000001	1452.7607945350296	406.14391385333334	73.86566209731257	952.3840105885922	1000.0035053145831	83.423883871734	993.7200784047021	NaN
1	0.10500000000000001	1457.0017373838236	406.14027205817234	73.86630394491229	952.3826997807435	1000.0031558270327	83.4239522370231	993.7197452021976	NaN
1	0.10500000000000001	1461.2426802326174	406.1372029821442	73.86681722221209	952.3812628345696	1000.0024208164779	83.42400410436925	993.7190265248325	NaN
1	0.10500000000000001	1465.4836230814112	406.13506334737025	73.86714482789475	952.3798975869958	1000.0014265680329	83.42403397810129	993.7180465173019	NaN
1	0.10500000000000001	1469.7245659302052	406.13406040723567	73.8672584130268	952.3787770318747	1000.0003234090268	83.42403966927871	993.7169538075295	NaN
1	0.10500000000000001	1473.9655087789993	406.13423651874484	73.86715984421885	952.3780286315981	999.9992641643177	83.42402232354621	993.7159001498062	NaN
1	0.10500000000000001	1478.2137998418502	406.13547943557217	73.86687797971476	952.3777210644093	999.998382663981	83.42398593460386	993.7150190196021	NaN
1	0.10500000000000001	1482.5899006277214	406.13761458619234	73.86645032601861	952.3778724571014	999.9977694817927	83.42393517983923	993.714401135578	NaN
1	0.10500000000000001	1487.1507650147673	406.1403696647966	73.86593208109926	952.3784713534891	999.9975132287607	83.42387666807147	993.714135646724	NaN
1	0.10500000000000001	1491.7750486447653	406.14324872123194	73.86541637396054	952.3794079710226	999.9976574175676	83.42382089803877	993.714267743779	NaN
1	0.10500000000000001	1496.3993322747638	406.14576354055527	73.86498902337605	952.380503878208	999.9981516074796	83.4237769878083	993.7147491904065	NaN
1	0.10500000000000001	1501.0236159047618	406.14755616990374	73.86470860745013	952.3815760841084	999.9988896604664	83.42375072039952	993.7154758744624	NaN
1	0.10500000000000001	1505.6478995347602	406.1484107261827	73.86460600886262	952.3824608003789	999.9997367409829	83.42374465961915	993.7163146017521	NaN
1	0.10500000000000001	1510.2721831647582	406.148274717568	73.86468199255064	952.3830371384944	1000.0005526029169	83.42375802692563	993.7171261618073	NaN
1	0.10500000000000001	1514.9177983897162	406.14724684637474	73.86491097847949	952.3832422226568	1000.0012162728926	83.42378726767231	993.7177899125842	NaN
1	0.10500000000000001	1519.7297932383094	406.14549338397	73.86525736203986	952.3830601234433	1000.0016432558068	83.42382795008359	993.7182212104858	NaN
1	0.10500000000000001	1524.7581214702698	406.14329393768554	73.86566531702518	952.3825127326115	1000.0017559923687	83.42387346336977	993.7183418642568	NaN
1	0.10500000000000001	1529.7864497022304	406.14114785402353	73.86604287990653	952.3817321974376	1000.0015393223325	83.42391361063837	993.7181348543685	NaN
1	0.10500000000000001	1534.814777934191	406.13944013481597	73.86632424767643	952.3808817736975	1000.0010629096236	83.42394159128582	993.7176679293312	NaN
1	0.10500000000000001	1539.8431061661515	406.1384407249804	73.86646714605789	952.3801223984935	1000.0004372018784	83.42395344073172	993.7170498288904	NaN
1	0.10500000000000001	1544.8714343981121	406.13826605182055	73.86645834727797	952.3795836638411	999.9997896124436	83.42394848985263	993.7164067572227	NaN
1	0.10500000000000001	1549.8997626300727	406.13887199324995	73.86631340250175	952.3793431551829	999.9992398108659	83.42392918341933	993.7158578472418	NaN
1	0.10500000000000001	1555.0964471909324	406.1401242987779	73.8660619765171	952.3794247071793	999.9988705673458	83.4238992895733	993.7154859028731	NaN
1	0.10500000000000001	1560.5539511284244	406.14179494266136	73.86575028521938	952.3798186802713	999.9987560220773	83.42386434164465	993.7153655151798	NaN
1	0.10500000000000001	1566.0114550659164	406.143443855826	73.86545986256661	952.3804144419677	999.998917260435	83.42383342680398	993.7155193623312	NaN
1	0.10500000000000001	1571.4689590034084	406.14472273744514	73.86525032002686	952.3810653071935	999.9992925945066	83.42381271473138	993.715887481325	NaN
1	0.10500000000000001	1576.9264629409004	406.14539656061976	73.86515815163723	952.3816274622302	999.9997809653311	83.42380559323684	993.7163703291903	NaN
1	0.10500000000000001	1582.3839668783924	406.14538226454516	73.86519127681203	952.3819902456034	1000.0002673361786	83.4238122247725	993.7168538748268	NaN
1	0.10500000000000001	1587.8945015984505	406.1447427112006	73.86533194738959	952.3820961068403	1000.0006514542426	83.42383004266836	993.7172382139113	NaN
1	0.10500000000000001	1593.6681648827964	406.1436191324619	73.86554986086105	952.3819308133515	1000.0008606178939	83.4238552703847	993.7174505241971	NaN
1	0.10500000000000001	1599.6888605583122	406.14228941643296	73.86579084709977	952.3815319307597	1000.0008387008724	83.4238816111634	993.7174339272177	NaN
1	0.10500000000000001	1605.709556233828	406.14115210172577	73.86598343143373	952.3810280643813	1000.0006042734813	83.42390132678499	993.7172053276757	NaN
1	0.10500000000000001	1611.7302519093437	406.14047761371467	73.86608354733181	952.3805597733628	1000.0002405865451	83.42391008824802	993.7168464277239	NaN
1	0.10500000000000001	1617.7509475848594	406.14038828592527	73.86607562889854	952.3802431672918	999.9998549291407	83.42390684561418	993.7164634034198	NaN
1	0.10500000000000001	1623.7913554112542	406.14084538843787	73.86597303721275	952.3801428685106	999.9995477307198	83.42389368465555	993.7161562404976	NaN
1	0.10500000000000001	1630.1397348664054	406.141719961993	73.86580357257166	952.3802734236332	999.9993874316276	83.42387408059385	993.7159934772574	NaN
1	0.10500000000000001	1636.748258323537	406.1427463304769	73.86561880402259	952.3805962411229	999.9994241432984	83.42385400718587	993.7160259652976	NaN
1	0.10500000000000001	1643.3567817806684	406.14356733385034	73.8654822334542	952.3809894341825	999.9996324287591	83.42384028446477	993.7162298124025	NaN
1	0.10500000000000001	1649.9653052377998	406.1439565783255	73.86542984868969	952.3813244883833	999.9999282198733	83.42383634904257	993.7165223320848	NaN
1	0.10500000000000001	1656.5738286949313	406.1438465451163	73.86546763079086	952.3815059550327	1000.0002107223446	83.42384223795914	993.7168035906442	NaN
1	0.10500000000000001	1663.3466512580935	406.14331392631794	73.86557646360453	952.3814941189332	1000.000398054691	83.42385534727255	993.7169918922756	NaN
1	0.10500000000000001	1670.5648080903052	406.1425283553743	73.86572179158362	952.3812940253994	1000.0004322446587	83.42387152387118	993.7170289460003	NaN
1	0.10500000000000001	1677.7829649225168	406.1418248246015	73.86584211283258	952.3809966560119	1000.0003062095183	83.42388396734535	993.7169064034828	NaN
1	0.10500000000000001	1685.0011217547285	406.1414463169789	73.86589729006579	952.3807217762663	1000.0000860957152	83.42388867507073	993.7166890709278	NaN
1	0.10500000000000001	1692.2192785869402	406.1414872426756	73.86587585704557	952.3805655598533	999.9998634082301	83.42388495033576	993.7164675427842	NaN
1	0.10500000000000001	1699.605865713676	406.1418905672657	73.86579314094487	952.3805708927521	999.9997167390135	83.42387496054714	993.7163201680842	NaN
1	0.10500000000000001	1707.5257744865407	406.1425012750372	73.8656807466675	952.3807334787801	999.9996994815842	83.42386250637841	993.7163006291352	NaN
1	0.10500000000000001	1715.4456832594055	406.1430143236879	73.8655943788519	952.380966875988	999.9998133201966	83.42385371807408	993.7164117908699	NaN
1	0.10500000000000001	1723.3655920322703	406.14322381684633	73.86556734757652	952.3811611794575	999.9999910432188	83.42385184171671	993.7165876434487	NaN
1	0.10500000000000001	1731.2855008051351	406.14308283551617	73.86560286486237	952.3812387084844	1000.0001475581823	83.42385670669718	993.7167437815841	NaN
1	0.10500000000000001	1739.6340432988673	406.1426773410629	73.86568129780434	952.3811765122558	1000.0002196738905	83.42386576729464	993.7168170528623	NaN
1	0.10500000000000001	1748.2954898207342	406.1422218643849	73.86576145276928	952.3810111263981	1000.000174049019	83.42387429269054	993.7167734760885	NaN
1	0.10500000000000001	1756.9569363426012	406.14196335645005	73.86580063548291	952.380841408614	1000.0000476012692	83.4238778194839	993.7166487863699	NaN
1	0.10500000000000001	1765.6183828644682	406.14200209216233	73.86578534780467	952.3807536400367	999.999916486095	83.42387533327307	993.7165182966586	NaN
1	0.10500000000000001	1774.6173641069147	406.14228608264744	73.86572920377314	952.3807826190488	999.9998466508607	83.42386873546442	993.7164477666062	NaN
1	0.10500000000000001	1784.1948313062219	406.1426456423772	73.86566545667795	952.3809075069843	999.9998751514088	83.42386190733838	993.7164746948805	NaN
1	0.10500000000000001	1793.772298505529	406.1428411855772	73.8656360435981	952.3810386010249	999.9999743986293	83.42385928651007	993.7165725909578	NaN
1	0.10500000000000001	1803.3497657048363	406.14278192158133	73.86565300075225	952.3810955571853	1000.0000724924092	83.4238617529822	993.7166703350038	NaN
1	0.10500000000000001	1813.4761477306197	406.14253109321146	73.86570107819578	952.3810518044271	1000.0001101022093	83.42386726632165	993.7167087010688	NaN
1	0.10500000000000001	1823.780785763171	406.1422833734212	73.86574347814984	952.3809475038681	1000.0000662622336	83.42387165480558	993.7166660876903	NaN
1	0.10500000000000001	1834.0854237957224	406.1422114799485	73.86575145884643	952.3808652444652	999.999984619758	83.42387202930314	993.7165852094406	NaN
1	0.10500000000000001	1844.4602166024536	406.1423347218556	73.86572544346005	952.3808579744468	999.9999280051164	83.42386882285868	993.7165284491105	NaN
1	0.10500000000000001	1855.9346649561535	406.1425516660686	73.86568637597239	952.3809260540169	999.9999355599386	83.42386457725395	993.7165351123951	NaN
1	0.10500000000000001	1867.4091133098532	406.1426614463633	73.8656701077417	952.38100259271	999.9999951771409	83.42386315675176	993.7165939479562	NaN
1	0.10500000000000001	1878.8835616635529	406.1425939554776	73.86568566409795	952.3810223172886	1000.0000470509989	83.42386518496846	993.7166457779741	NaN
1	0.10500000000000001	1891.5334108663646	406.14242572287486	73.86571632222967	952.3809738839271	1000.0000469722474	83.42386855269001	993.7166463563432	NaN
1	0.10500000000000001	1904.1832600691764	406.142341113305	73.86572884975028	952.380914765572	1000.000000853681	83.42386964527024	993.7166008412107	NaN
1	0.10500000000000001	1916.8331092719882	406.1424051329624	73.86571485602455	952.3809052224323	999.9999637999452	83.42386787990841	993.7165637570776	NaN
1	0.10500000000000001	1930.953811043087	406.14253375079414	73.86569201856138	952.3809494807997	999.9999734444444	83.42386543024345	993.7165728424201	NaN
1	0.10500000000000001	1945.0745128141857	406.1425620585928	73.86568927795157	952.3809866998555	1000.000011993355	83.42386536631436	993.7166110524948	NaN
1	0.10500000000000001	1959.5702672541083	406.1424779066313	73.86570557088478	952.3809739819799	1000.0000272108992	83.42386724993334	993.716626508364	NaN
1	0.10500000000000001	1974.499155271052	406.14240888492924	73.86571672961534	952.3809370457545	1000.00000455619	83.42386833649066	993.7166042572584	NaN
1	0.10500000000000001	1989.4280432879955	406.142440656767	73.86570950206696	952.3809289110684	999.999981661743	83.42386740159516	993.716581374413	NaN
1	0.10500000000000001	2006.3353397958304	406.14251306108355	73.86569686082579	952.380956409547	999.9999905159751	83.42386606725975	993.716589893585	NaN
1	0.10500000000000001	2023.2426363036652	406.1425054087408	73.86569958045507	952.3809701361434	1000.0000116294718	83.42386649594344	993.7166109118854	NaN
1	0.10500000000000001	2042.0646776839633	406.1424474987627	73.86570985998533	952.3809501727969	1000.0000072392148	83.42386759827708	993.7166067736711	NaN
1	0.10500000000000001	2060.8867190642613	406.14245488359035	73.86570750266569	952.3809401386496	999.9999911225642	83.42386724013986	993.7165907236621	NaN
1	0.10500000000000001	2082.06771568476	406.142496890241	73.865700243772	952.3809569957646	999.9999974570705	83.42386648162503	993.7165968566839	NaN
1	0.10500000000000001	2103.248712305259	406.1424776363396	73.86570435521851	952.3809586978232	1000.0000070525701	83.4238669923568	993.7166064704976	NaN
1	0.10500000000000001	2126.389090925566	406.14245811843483	73.865707337293	952.380946168699	999.9999978832128	83.42386726356503	993.7165974316381	NaN
1	0.10500000000000001	2149.529469545874	406.1424825317941	73.8657028192418	952.380952367176	999.99999679434	83.42386676049763	993.7165962539235	NaN
1	0.10500000000000001	2172.6698481661815	406.14247911945597	73.86570386228715	952.3809564481674	1000.0000035049936	83.42386691637584	993.7166029381459	NaN
1	0.10500000000000001	2199.478882633508	406.14246590971396	73.86570598271197	952.3809491964804	999.9999989271056	83.42386712116846	993.716598438936	NaN
1	0.10500000000000001	2226.2879171008344	406.1424796898983	73.86570347222363	952.3809531729321	999.9999989457559	83.42386684547242	993.7165984036883	NaN
1	0.10500000000000001	2253.4491991424356	406.14247340018596	73.86570479409127	952.3809534737625	1000.0000017420537	83.42386700790098	993.7166012079726	NaN
1	0.10500000000000001	2283.4595779040806	406.14247240677184	73.8657047828106	952.3809508758136	999.9999986767654	83.42386698780315	993.7165981647189	NaN
1	0.10500000000000001	2317.334839266023	406.1424762675171	73.86570421564157	952.3809536270437	1000.000000852285	83.42386693887657	993.7166003122825	NaN
1	0.10500000000000001	2353.5761555433974	406.14247239352505	73.86570483258986	952.3809514414031	999.9999994315855	83.42386699791572	993.7165989151194	NaN
1	0.10500000000000001	2392.8833153170153	406.1424753968587	73.865704349001	952.3809530721632	1000.0000004485871	83.42386695104405	993.7165999143743	NaN
1	0.10500000000000001	2436.6692648104345	406.14247363384266	73.86570461707024	952.3809519248509	999.9999995996826	83.42386697527233	993.7165990773799	NaN
1	0.10500000000000001	2487.0065530397133	406.14247392092574	73.86570460723436	952.3809525181904	1000.0000002768099	83.42386697835768	993.7165997493756	NaN
1	0.10500000000000001	2540.9781930201934	406.14247475511115	73.86570443475456	952.380952512379	999.9999999511325	83.42386695740481	993.7165994223712	NaN
1	0.10500000000000001	2599.4214340717494	406.14247385707387	73.86570459401413	952.3809522009955	999.9999998806613	83.42386697446797	993.7165993558227	NaN
1	0.10500000000000001	2671.3672828096055	406.1424739403964	73.86570458981716	952.3809523570699	1000.0000000557993	83.42386697508441	993.7165995295978	NaN
1	0.10500000000000001	2752.3071695194553	406.14247423461927	73.86570453689632	952.3809524501581	1000.0000000670501	83.42386696933956	993.7165995396338	NaN
1	0.10500000000000001	2860.0584717082916	406.14247426650286	73.86570452864865	952.3809524300369	1000.0000000282231	83.42386696819462	993.7165995009124	NaN
1	0.10500000000000001	2989.5893580044894	406.1424742316675	73.86570453386442	952.3809524063932	1000.0000000101589	83.42386696865643	993.7165994830913	NaN
1	0.10500000000000001	3158.4334296889647	406.14247419755657	73.86570453979697	952.3809523931623	1000.0000000056217	83.42386696928035	993.7165994787141	NaN
1	0.10500000000000001	3398.569097855645	406.1424741764514	73.86570454349692	952.3809523853289	1000.0000000032821	83.42386696967243	993.7165994764707	NaN
1	0.10500000000000001	3791.3518862061455	406.1424741692896	73.86570454464903	952.3809523814276	1000.0000000008401	83.42386696978397	993.7165994740711	NaN
1	0.10500000000000001	4571.396596846655	406.14247416952423	73.86570454455406	952.3809523808673	1000.0000000000081	83.42386696976843	993.716599473243	NaN
1	0.10500000000000001	5500.0	406.14247416982255	73.86570454449853	952.3809523809392	999.9999999999894	83.42386696976222	993.7165994732234	NaN
0	0.1	0.0	485.50755353492013	61.79100568379159	1000.0	1000.0	83.42386697784312	993.7165994969157	NaN
0	0.1	0.809627510420137	485.50755353492013	61.79100568379159	1000.0	1000.0	83.42386699125319	993.7165994760358	NaN
0	0.1	2.363264423725152	485.50755353492013	61.79100568379159	1000.0	1000.0	83.42386695897893	993.7165994588507	NaN
0	0.1	4.47966612189655	485.50755353492013	61.79100568379159	1000.0	1000.0	83.42386697651978	993.7165994849887	NaN
0	0.1	7.573885114823289	485.50755353492013	61.79100568379159	1000.0	1000.0	83.42386696044136	993.7165994709045	NaN
0	0.1	12.128234354105789	485.50755353492013	61.79100568379159	1000.0	1000.0	83.42386696887945	993.7165994668429	NaN
0	0.1	18.985935707667846	485.50755353492013	61.79100568379159	1000.0	1000.0	83.42386697091108	993.7165994698229	NaN
0	0.1	30.13307208592345	485.50755353492013	61.79100568379159	1000.0	1000.0	83.42386696985933	993.7165994716482	NaN
0	0.1	49.915149632643335	485.50755353492013	61.79100568379159	1000.0	1000.0	83.42386696947831	993.7165994728774	NaN
0	0.1	90.30165609470929	485.50755353492013	61.79100568379159	1000.0	1000.0	83.42386696970338	993.7165994732435	NaN
0	0.1	195.11153253802547	485.50755353492013	61.79100568379159	1000.0	1000.0	83.42386696976205	993.7165994732371	NaN
0	0.1	500.0	485.50755353492013	61.79100568379159	1000.0	1000.0	83.42386696976203	993.7165994732339	NaN
0	0.10500000000000001	500.0	485.50755353492013	61.79100568379159	1000.0	1000.0	83.42386697784312	993.7165994969157	NaN
0	0.10500000000000001	500.00754018879377	485.50755302001085	61.791047799001895	999.9999973362623	1000.037686733226	83.42365651877027	993.716600289685	NaN
0	0.10500000000000001	500.01834628686447	485.5075462275898	61.7912506618217	999.9999842402657	1000.0916473290799	83.42262293531674	993.7166109044381	NaN
0	0.10500000000000001	500.03218163905507	485.5075148328558	61.791742892455474	999.9999515413315	1000.1606495037626	83.42004685950569	993.716660975891	NaN
0	0.10500000000000001	500.0495070641795	485.50741588920494	61.792703219659984	999.9998853962106	1000.2469233950268	83.41485020178318	993.716822887443	NaN
0	0.10500000000000001	500.07013854374566	485.5071727091159	61.79430580559772	999.9997700970961	1000.3494651715321	83.40582826911198	993.717233214015	NaN
0	0.10500000000000001	500.09414292769543	485.5066610324768	61.796739529391914	999.9995859257909	1000.4685044908875	83.39149845168834	993.7181275151705	NaN
0	0.10500000000000001	500.12134655528234	485.5057076193753	61.80015894609556	999.9993120052064	1000.6030634614439	83.37034736070801	993.7198605132821	NaN
0	0.10500000000000001	500.1516599502854	485.5040839998259	61.80469976175171	999.998924772452	1000.7525728416341	83.34074216002647	993.7229401467723	NaN
0	0.10500000000000001	500.1849144941247	485.50151484852177	61.81045453888754	999.9983998238539	1000.9160662777485	83.3011086460291	993.7280391542357	NaN
0	0.10500000000000001	500.2209613169205	485.49768228548817	61.81748384922457	999.9977112712597	1001.0926724471226	83.24991973652395	993.7360145436189	NaN
0	0.10500000000000001	500.25961020953156	485.4922426735082	61.825807760714014	999.9968331369859	1001.2813180485541	83.18583773978527	993.7478991370564	NaN
0	0.10500000000000001	500.3006531732584	485.48484173269077	61.83541278880121	999.9957397205161	1001.4808482672106	83.10777114154767	993.76488726145	NaN
0	0.10500000000000001	500.34384708683376	485.4751365066193	61.846252404887494	999.9944068969922	1001.6899472812776	83.01498658035536	993.7882919781783	NaN
0	0.10500000000000001	500.3889305205344	485.46281268369887	61.85825562804086	999.9928127134193	1001.9072252674086	82.90715132957554	993.8194955226601	NaN
0	0.10500000000000001	500.4356341236921	485.4475989230375	61.87133495944794	999.9909379365806	1002.1312725039486	82.78435465258741	993.8598906495833	NaN
0	0.10500000000000001	500.48370022816636	485.42927226260167	61.88539678257631	999.9887659310693	1002.3607557530672	82.6470696757671	993.9108320496575	NaN
0	0.10500000000000001	500.5328924500213	485.40765888586077	61.90034857697198	999.9862824698288	1002.5944641469265	82.49610396501394	993.9735939398013	NaN
0	0.10500000000000001	500.5830029675704	485.38262976045934	61.91610445246954	999.9834753096708	1002.8313422972241	82.33253326693439	994.0493410620139	NaN
0	0.10500000000000001	500.63385383249715	485.35409457519324	61.93258785613108	999.9803338118718	1003.0704939406188	82.15764055655703	994.1391082063246	NaN
0	0.10500000000000001	500.6852984922504	485.32199307969364	61.949733480561214	999.9768483913846	1003.311186029233	81.97285065077313	994.2437939385006	NaN
0	0.10500000000000001	500.7372155247983	485.28629011793504	61.96748596816035	999.9730104001618	1003.5528161897149	81.77969479844091	994.3641497462067	NaN
0	0.10500000000000001	500.78950790592523	485.2469679283707	61.985799950809934	999.9688116836926	1003.7949064738183	81.57976271381743	994.5007846463984	NaN
0	0.10500000000000001	500.84209933121286	485.2040208251977	62.00463888333218	999.964244348528	1004.0370835801676	81.37467202728824	994.6541685862425	NaN
0	0.10500000000000001	500.8949315619753	485.15745020904814	62.02397408800187	999.95930050427	1004.2790642305243	81.16604157752624	994.8246401013052	NaN
0	0.10500000000000001	500.94796152526413	485.10726083912135	62.04378365292753	999.9539720800111	1004.5206397851773	80.95547271528716	995.0124139065631	NaN
0	0.10500000000000001	501.00115893706476	485.0534577555691	62.06405149471902	999.9482506551169	1004.7616636342754	80.74453484648191	995.2175894077515	NaN
0	0.10500000000000001	501.05450403281907	484.99604410967993	62.084766455790714	999.942127339659	1005.0020394169585	80.53475583325154	995.4401581975168	NaN
0	0.10500000000000001	501.1079856224105	484.9350196050275	62.10592152258065	999.9355926816389	1005.2417110259125	80.32761537066172	995.6800107844838	NaN
0	0.10500000000000001	501.16159933481555	484.870379561083	62.127513115348634	999.9286366106911	1005.4806537446525	80.12454088209803	995.9369418679019	NaN
0	0.10500000000000001	501.2153460816362	484.8021144602223	62.149540458620386	999.9212484111769	1005.7188666144344	79.926904911912	996.2106542253998	NaN
0	0.10500000000000001	501.2692307041957	484.73020991018734	62.17200501634868	999.9134167241447	1005.9563658373121	79.73602335965519	996.5007611871326	NaN
0	0.10500000000000001	501.32326076336915	484.65464698089306	62.194909972857644	999.9051295795745	1006.1931790043693	79.55315402788726	996.806787707649	NaN
0	0.10500000000000001	501.377445503265	484.57540278993645	62.2182597712572	999.8963744501497	1006.429340258835	79.37949482169184	997.128170514555	NaN
0	0.10500000000000001	501.4317949288744	484.49245133960466	62.24205968421202	999.8871383308441	1006.6648861046034	79.21618139226226	997.4642573961174	NaN
0	0.10500000000000001	501.48631902303225	484.40576450316877	62.26631542825012	999.8774078363621	1006.8998519489342	79.06428384016624	997.814306186745	NaN
0	0.10500000000000001	501.5410270815516	484.3153131260318	62.29103281425714	999.8671693150911	1007.1342692648063	78.92480238422084	998.1774837837154	NaN
0	0.10500000000000001	501.5959271819623	484.22106815617366	62.316217443510645	999.8564089718013	1007.3681634181252	78.79866191584132	998.5528657554268	NaN
0	0.10500000000000001	501.6510258170656	484.1230016836216	62.34187446765159	999.8451129863766	1007.6015522687841	78.68670548231829	998.9394372246422	NaN
0	0.10500000000000001	501.7063276268339	484.0210879374155	62.36800838683367	999.8332676343306	1007.8344452383677	78.58968708496006	999.3360949960802	NaN
0	0.10500000000000001	501.7618353307601	483.9153039965774	62.39462293851092	999.8208593806263	1008.0668432540692	78.50826390587972	999.7416519879305	NaN
0	0.10500000000000001	501.81754975836924	483.8056303298425	62.421721035230206	999.8078749586358	1008.2987391100731	78.44298859715404	1000.154843517119	NaN
0	0.10500000000000001	501.87347004396014	483.6920509838282	62.44930478806553	999.7943014114212	1008.5301185022058	78.3943019601103	1000.5743360473422	NaN
0	0.10500000000000001	501.92959385169956	483.57455363167276	62.47737555550844	999.7801261182908	1008.7609611586312	78.36252660432565	1000.9987374246786	NaN
0	0.10500000000000001	501.9859177442712	483.45312922124543	62.505934076548215	999.7653367734891	1008.9912425227669	78.34786181833583	1001.426609335105	NaN
0	0.10500000000000001	502.04243747265554	483.32777166089477	62.534980579393846	999.7499213677107	1009.2209350624589	78.35038006278643	1001.8564801118766	NaN
0	0.10500000000000001	502.09914829813283	483.1984773209223	62.564514919975004	999.7338681448595	1009.45000966626	78.37002507606017	1002.2868584700798	NaN
0	0.10500000000000001	502.1560452144086	483.065244650911	62.59453668138123	999.7171655701258	1009.6784365924674	78.4066116090688	1002.7162469073631	NaN
0	0.10500000000000001	502.2131230599047	482.9280739810664	62.62504522389921	999.6998023188527	1009.9061859484477	78.45982658111335	1003.1431544703681	NaN
0	0.10500000000000001	502.2703765483012	482.7869674852987	62.656039695539555	999.6817672847981	1010.1332278301676	78.52923145689083	1003.5661089410793	NaN
0	0.10500000000000001	502.3278001470653	482.6419295209436	62.6875189602798	999.6630496370126	1010.3595318599513	78.61426554588468	1003.9836678358523	NaN
0	0.10500000000000001	502.3853878970073	482.49296716640436	62.71948148864827	999.6436389052341	1010.5850665118646	78.71425009821796	1004.3944289016963	NaN
0	0.10500000000000001	502.4431331299739	482.3400910959234	62.75192518357142	999.6235251140251	1010.8097980684609	78.82839301298041	1004.797039823863	NaN
0	0.10500000000000001	502.5010282219272	482.18331645772463	62.784847215158614	999.6026989242055	1011.0336897554525	78.95579434559028	1005.1902081558541	NaN
0	0.10500000000000001	502.5590643402205	482.02266385426736	62.81824384231843	999.5811517950391	1011.2567008903482	79.09545262639323	1005.5727111352796	NaN
0	0.10500000000000001	502.6172312938558	481.8581601145236	62.85211028470783	999.5588761260136	1011.4787864599344	79.24627233383077	1005.9434060214458	NaN
0	0.10500000000000001	502.67551752363903	481.6898387058145	62.88644067184949	999.5358653554545	1011.6998972483033	79.40707279974966	1006.3012409273632	NaN
0	0.10500000000000001	502.7339102459782	481.51773968484025	62.921228084342914	999.5121139987896	1011.9199805428426	79.57659872588984	1006.6452658474427	NaN
0	0.10500000000000001	502.7923957984552	481.3419089777068	62.95646472361681	999.4876175927697	1012.1389815713144	79.7535325039468	1006.9746436846794	NaN
0	0.10500000000000001	502.8509601221972	481.1623971075245	62.99214217989487	999.4623725561174	1012.3568453944807	79.93650808401503	1007.2886603500178	NaN
0	0.10500000000000001	502.90958938448676	480.9792573047842	63.028251806808235	999.4363759521084	1012.5735192436694	80.12412616536278	1007.5867334780039	NaN
0	0.10500000000000001	502.9682706937883	480.79254310033275	63.06478517907617	999.409625161567	1012.7889551047062	80.31497020425716	1007.8684190929697	NaN
0	0.10500000000000001	503.02699281205076	480.60230567928517	63.10173457707094	999.3821175017459	1013.0031121872593	80.50762246810727	1008.1334155287745	NaN
0	0.10500000000000001	503.08574681573896	480.4085911641861	63.139093466724105	999.3538498134062	1013.2159591056156	80.70067946805547	1008.3815644078325	NaN
0	0.10500000000000001	503.14452668499274	480.21143792361573	63.17685695868261	999.3248180295867	1013.4274757066421	80.89276623067762	1008.6128488055567	NaN
0	0.10500000000000001	503.20332971562766	480.01087430256837	63.2150221743235	999.2950167854164	1013.637654182961	81.08254868078406	1008.8273885677627	NaN
0	0.10500000000000001	503.26215682878535	479.806916587908	63.2535885594441	999.2644390447857	1013.8464997667015	81.26874412978019	1009.0254336355168	NaN
0	0.10500000000000001	503.3210126824915	479.59956759228754	63.29255807702292	999.2330758043325	1014.0540306850776	81.45012945488973	1009.2073555919741	NaN
0	0.10500000000000001	503.37990566888396	479.38881563350543	63.33193532619684	999.2009158463444	1014.2602777035722	81.62554728040924	1009.3736383379967	NaN
0	0.10500000000000001	503.43884775606944	479.1746341038393	63.37172755446371	999.1679455743434	1014.4652831334071	81.79391019265614	1009.5248682843659	NaN
0	0.10500000000000001	503.497854261759	478.9569813639554	63.411944615905696	999.1341488954464	1014.6690996287545	81.95420350249269	1009.6617247582902	NaN
0	0.10500000000000001	503.5569434732	478.73580130717534	63.45259881351317	999.0995072068588	1014.8717884921034	82.1054866236595	1009.784970737834	NaN
0	0.10500000000000001	503.61613626137625	478.51102408328694	63.493704722220535	999.063999411677	1015.0734180148279	82.24689383154336	1009.8954445153457	NaN
0	0.10500000000000001	503.6754555822936	478.28256739570605	63.53527891726793	999.0276020316019	1015.2740614916888	82.37763445688364	1009.9940521462348	NaN
0	0.10500000000000001	503.73492590538655	478.0503382530703	63.57733963158481	998.9902894027005	1015.4737950612658	82.49699300433905	1010.0817608427336	NaN
0	0.10500000000000001	503.79457262434926	477.81423497801524	63.619906378867014	998.9520339263709	1015.6726955675884	82.60432964726732	1010.1595933355627	NaN
0	0.10500000000000001	503.8544213390914	477.57414992524156	63.66299946129682	998.9128064521436	1015.8708380783662	82.69908118090181	1010.2286228974933	NaN
0	0.10500000000000001	503.91449708569246	477.32997263881106	63.70663941238432	998.8725767544929	1016.0682933331303	82.7807629004331	1010.289968960304	NaN
0	0.10500000000000001	503.97482348448835	477.0815935884965	63.750846350687965	998.831314131409	1016.2651250333546	82.84897157490776	1010.3447929943922	NaN
0	0.10500000000000001	504.0354217837137	476.8289086074495	63.79563922395678	998.7889881512224	1016.4613869163833	82.90338967448973	1010.3942942865409	NaN
0	0.10500000000000001	504.0963098407591	476.57182388857484	63.841034970379965	998.7455695307832	1016.6571197668762	82.94379099987042	1010.4397052430112	NaN
0	0.10500000000000001	504.15750108992887	476.3102613501043	63.887047630844684	998.7010311187073	1016.8523485335822	82.9700476827322	1010.4822857707325	NaN
0	0.10500000000000001	504.21900350858215	476.0441643214806	63.93368742037151	998.6553489796722	1017.0470795934091	82.98213831426123	1010.5233162345977	NaN
0	0.10500000000000001	504.2808187613703	475.77350275623377	63.98095989638861	998.6085034459268	1017.241298727802	82.98015679143101	1010.5640886288625	NaN
0	0.10500000000000001	504.34294154209397	475.49827781721433	64.02886524674504	998.5604801051114	1017.434969843715	82.96432109684197	1010.6058955864112	NaN
0	0.10500000000000001	504.40535934319905	475.218524722175	64.07739788586808	998.5112705224526	1017.6280351153421	82.93498101058873	1010.6500172021272	NaN
0	0.10500000000000001	504.468052715398	474.9343134063588	64.12654642759625	998.4608726014611	1017.8204166645497	82.8926235011709	1010.6977058514145	NaN
0	0.10500000000000001	504.53099607029077	474.64574657827654	64.17629409900609	998.4092904852005	1018.0120198550504	82.83787457686257	1010.7501695666127	NaN
0	0.10500000000000001	504.59415909513405	474.3529546494858	64.22661967540085	998.3565338775658	1018.2027383126378	82.77149651806737	1010.8085549461417	NaN
0	0.10500000000000001	504.6575085683348	474.05608831693894	64.27749879387615	998.3026168942464	1018.3924599325715	82.694380029188	1010.873930651131	NaN
0	0.10500000000000001	504.72101042333395	473.75530938620625	64.32890553983789	998.2475565268045	1018.5810733516724	82.60753145545495	1010.9472726589362	NaN
0	0.10500000000000001	504.7846318628355	473.4507807106999	64.38081415522748	998.1913708632635	1018.7684742594836	82.51205583546016	1011.0294522722307	NaN
0	0.10500000000000001	504.8483432244414	473.14265669646375	64.43320062339889	998.1340773261967	1018.9545706697675	82.40913722180363	1011.1212273982695	NaN
0	0.10500000000000001	504.9121194938792	472.83107498513607	64.4860440323626	998.0756910489885	1019.1392868966108	82.30001775035089	1011.2232373297846	NaN
0	0.10500000000000001	504.9759413801639	472.5161498777552	64.53932762795337	998.0162235089145	1019.3225660526763	82.18597691667586	1011.3360008281317	NaN
0	0.10500000000000001	505.03979584769576	472.1979681892424	64.59303944792099	997.9556815667004	1019.5043708494437	82.06831241000602	1011.4599168354571	NaN
0	0.10500000000000001	505.10367630148187	471.87658673613765	64.64717267915174	997.8940667840598	1019.6846833460015	81.94832302273942	1011.5952673931558	NaN
0	0.10500000000000001	505.1675823286924	471.55203207349496	64.7017256394421	997.831375155453	1019.8635034374915	81.82729431779465	1011.7422217437354	NaN
0	0.10500000000000001	505.2315192558337	471.2243012945562	64.75670158810235	997.7675970452452	1020.0408468756624	81.70648676970018	1011.9008412875957	NaN
0	0.10500000000000001	505.2954974498682	470.8933643235033	64.81210829527352	997.7027174256993	1020.2167426565981	81.58712644416293	1012.0710845246691	NaN
0	0.10500000000000001	505.35953156069985	470.5591667445766	64.86795753206886	997.6367162411425	1020.3912303540652	81.47039759753083	1012.252811849015	NaN
0	0.10500000000000001	505.4236396675011	470.2216333775777	64.92426444646972	997.5695689454658	1020.564357306454	81.35743691180284	1012.4457897040554	NaN
0	0.10500000000000001	505.4878424548996	469.8806719505362	64.98104693325483	997.501247089717	1020.7361760082254	81.24932873385768	1012.6496941894452	NaN
0	0.10500000000000001	505.5521623698032	469.5361771166915	65.03832495580774	997.4317190106316	1020.9067415697789	81.14710101388475	1012.8641138835195	NaN
0	0.10500000000000001	505.61662281061183	469.18803453380497	65.09611986601023	997.3609505659258	1021.0761093835958	81.05172148048058	1013.0885520356817	NaN
0	0.10500000000000001	505.68124738793546	468.836124774935	65.15445375942498	997.2889058695168	1021.2443330920587	80.96409368676538	1013.3224283847744	NaN
0	0.10500000000000001	505.74605922365294	468.48032722540876	65.21334883885048	997.2155480570378	1021.4114627595667	80.88505274960252	1013.5650806907109	NaN
0	0.10500000000000001	505.81108032408633	468.12052375058227	65.272826820893	997.140840036801	1021.5775433336427	80.81536057517809	1013.815766348763	NaN
0	0.10500000000000001	505.87633101264964	467.7566021896611	65.33290837526303	997.064745235743	1021.742613346102	80.75570052565082	1014.0736643171705	NaN
0	0.10500000000000001	505.94182944714333	467.3884595122738	65.39361262273793	996.9872283044227	1021.9067039076797	80.70667151884419	1014.3378777488563	NaN
0	0.10500000000000001	506.0075911961416	467.01600475491296	65.45495667142417	996.9082558029434	1022.0698379194918	80.6687816898856	1014.6074375164904	NaN
0	0.10500000000000001	506.0736289106825	466.6391615100594	65.51695522785722	996.8277968172977	1022.2320295806807	80.64244176296387	1014.8813070377043	NaN
0	0.10500000000000001	506.1399520588646	466.25787012478685	65.57962025618063	996.7458235357818	1022.393284098435	80.62795840504938	1015.1583884911327	NaN
0	0.10500000000000001	506.20656672168985	465.87208959847504	65.64296068640807	996.6623117806153	1022.5535975863988	80.6255278409775	1015.4375305745558	NaN
0	0.10500000000000001	506.2734754711661	465.48179903730176	65.70698219447922	996.5772414608673	1022.7129571913521	80.63523004877611	1015.7175379877084	NaN
0	0.10500000000000001	506.34067724979076	465.08699911709624	65.77168697944418	996.4905970417858	1022.8713412447328	80.6570238636476	1015.9971823222203	NaN
0	0.10500000000000001	506.40816734323363	464.6877130078737	65.83707362710126	996.4023679096191	1023.0287196519995	80.69074331076028	1016.2752146907737	NaN
0	0.10500000000000001	506.47593738299037	464.2839871098275	65.9031370022455	996.3125487044733	1023.185054358511	80.73609548911963	1016.5503797001475	NaN
0	0.10500000000000001	506.54397539515	463.8758914938971	65.96986818677694	996.2211395952135	1023.3402999230832	80.79266028679166	1016.8214306291661	NaN
0	0.10500000000000001	506.6122659887536	463.46351946632944	66.03725455825996	996.1281463618417	1023.4944044004395	80.859892269173	1017.087145890864	NaN
0	0.10500000000000001	506.6807905967372	463.0469867476971	66.10527992829367	996.0335803875743	1023.6473103142403	80.93712491108856	1017.3463460329194	NaN
0	0.10500000000000001	506.7495279443755	462.6264291779871	66.17392491823982	995.9374583066133	1023.7989560941907	81.02357749821704	1017.5979114695705	NaN
0	0.10500000000000001	506.8184546523456	462.20199945937827	66.24316748830404	995.8398014095612	1023.9492777346026	81.11836470430562	1017.8407999776118	NaN
0	0.10500000000000001	506.88754606603413	461.7738623329642	66.31298371843206	995.7406346553742	1024.0982108458352	81.22050889140124	1018.0740636397619	NaN
0	0.10500000000000001	506.95677723232535	461.3421886251948	66.3833487699819	995.6399853744696	1024.245692890796	81.3289548230618	1018.2968642632101	NaN
0	0.10500000000000001	507.02612401137554	460.9071482100564	66.45423802114716	995.5378816612057	1024.3916655535438	81.44258637020783	1018.5084866196781	NaN
0	0.10500000000000001	507.09556423618403	460.4689024121725	66.52562829129386	995.4343505681753	1024.5360770356185	81.56024452154274	1018.7083487403573	NaN
0	0.10500000000000001	507.1650788413484	460.02759634974734	66.59749907398994	995.3294162151137	1024.6788841114044	81.68074589815103	1018.8960087627204	NaN
0	0.10500000000000001	507.2346528508834	459.5833519423915	66.66983366186969	995.2230979858261	1024.8200537266766	81.80290087343883	1019.0711680147039	NaN
0	0.10500000000000001	507.30427622273635	459.1362616468483	66.7426201543151	995.1154088356482	1024.9595641616108	81.9255306283142	1019.2336705843632	NaN
0	0.10500000000000001	507.37394440241815	458.6863839228989	66.8158521858525	995.0063539612041	1025.0974054945743	82.04748233766688	1019.3834994715049	NaN
0	0.10500000000000001	507.4436586753964	458.23373992668417	66.88952945798965	994.8959297282623	1025.233579592989	82.16764227032857	1019.5207701858828	NaN
0	0.10500000000000001	507.5134262572126	457.77831188576613	66.96365800104718	994.784122982883	1025.3680995503728	82.28494651372473	1019.6457223279361	NaN
0	0.10500000000000001	507.5832601205215	457.3200432274008	67.03825015457384	994.6709107816439	1025.5009886143073	82.3983893315877	1019.7587098751401	NaN
0	0.10500000000000001	507.6531786964945	456.8588396135356	67.11332440403301	994.5562603485602	1025.6322789074998	82.50702955230196	1019.8601910453247	NaN
0	0.10500000000000001	507.7232053090617	456.39457184971513	67.18890491599336	994.4401295107849	1025.7620097026947	82.60999504296899	1019.9507180136603	NaN
0	0.10500000000000001	507.7933675502471	455.92707933424714	67.26502098836613	994.3224672962156	1025.890225675186	82.70648597853932	1020.0309272145046	NaN
0	0.10500000000000001	507.8636964410865	455.45617509815713	67.34170624398007	994.20321496523	1026.0169748636688	82.79577708226205	1020.1015302533056	NaN
0	0.10500000000000001	507.934225498224	454.98165166728876	67.418997691755	994.0823072970012	1026.1423065879599	82.8772194653513	1020.1633057355529	NaN
0	0.10500000000000001	508.0049896332538	454.5032882533978	67.49693457193436	993.9596742694761	1026.2662692126162	82.950242399952	1020.2170919298774	NaN
0	0.10500000000000001	508.07602391647436	454.0208590869703	67.5755570146635	993.8352430991999	1026.388907840126	83.01435548256724	1020.2637801934915	NaN
0	0.10500000000000001	508.1473621504337	453.5341432856695	67.65490444632067	993.7089407565559	1026.5102618661542	83.0691514954942	1020.3043088918358	NaN
0	0.10500000000000001	508.21903528667457	453.0429360604049	67.7350137741803	993.5806969225255	1026.6303624878751	83.11431029645524	1020.3396575054014	NaN
0	0.10500000000000001	508.2910696918473	452.5470612395841	67.81591735070043	993.4504473982979	1026.749230206249	83.14960390636908	1020.3708404749386	NaN
0	0.10500000000000001	508.363485358609	452.0463844710905	67.8976408198933	993.3181378148806	1026.8668725068549	83.17490284098592	1020.3989002850672	NaN
0	0.10500000000000001	508.4362941161384	451.54082671988823	67.98020090622019	993.1837275511524	1026.9832818208365	83.19018345469195	1020.4248992039164	NaN
0	0.10500000000000001	508.50949816160045	451.0303758030302	68.0636035132193	993.0471932608571	1027.0984342722852	83.19553583221278	1020.4499092095605	NaN
0	0.10500000000000001	508.5830890370493	450.51509500966563	68.14784228719147	992.9085317321269	1027.212289349322	83.19117128978941	1020.4749996752514	NaN
0	0.10500000000000001	508.6570473969547	449.9951262721569	68.2328980611711	992.7677613604087	1027.3247909411725	83.17742828557459	1020.5012227517129	NaN
0	0.10500000000000001	508.7313437842668	449.4706861799916	68.31873946193532	992.6249217066432	1027.4358699202119	83.15477528437842	1020.5295967665743	NaN
0	0.10500000000000001	508.8059404276881	448.94205454472046	68.40532473322543	992.4800709774617	1027.5454481002075	83.12380923821522	1020.5610884111913	NaN
0	0.10500000000000001	508.88079402783217	448.40955555347705	68.49260477588123	992.3332813494551	1027.6534433322065	83.08524876101455	1020.596594943072	NaN
0	0.10500000000000001	508.95585906692384	447.87353466719446	68.58052689506512	992.1846329261609	1027.7597748973271	83.03992191228771	1020.63692772667	NaN
0	0.10500000000000001	509.03109132851904	447.3343334424362	68.66903890309739	992.0342068844509	1027.8643686632417	82.98874927004637	1020.6827984378268	NaN
0	0.10500000000000001	509.1064510491296	446.7922664374212	68.75809289892406	991.882078954365	1027.9671611819413	82.93272378819157	1020.7348087597426	NaN
0	0.10500000000000001	509.1819054677066	446.2476019975281	68.84764842979327	991.7283137632683	1028.0681024864753	82.87288914926054	1020.7934439872251	NaN
0	0.10500000000000001	509.25743048903746	445.7005491209023	68.9376746713986	991.5729607158174	1028.1671573309789	82.8103183945142	1020.859070310074	NaN
0	0.10500000000000001	509.3330115393257	445.1512500149445	69.02815168615933	991.4160513695156	1028.2643051396421	82.74609410788906	1020.9319352809201	NaN
0	0.10500000000000001	509.40864367757825	444.59977803337244	69.1190708058126	991.2575982835517	1028.3595388952183	82.68129101531159	1021.0121706840819	NaN
0	0.10500000000000001	509.4843311216459	444.0461399612605	69.21043430331498	991.0975951050931	1028.452863299219	82.61696134472993	1021.0997969943402	NaN
0	0.10500000000000001	509.5600863583848	443.49028149663576	69.3022545393318	990.9360176085034	1028.5442925138495	82.55412289442582	1021.1947286900026	NaN
0	0.10500000000000001	509.6359290200287	442.93209464481936	69.3945527915199	990.7728253484481	1028.6338477736779	82.49374946326944	1021.2967798739961	NaN
0	0.10500000000000001	509.7118845946726	442.3714265479574	69.48735784270802	990.6079638082051	1028.721554985748	82.43676322022746	1021.4056697298288	NaN
0	0.10500000000000001	509.78798309514946	441.80808883941734	69.58070447631783	990.4413667897281	1028.807442485212	82.38402846162337	1021.521027613605	NaN
0	0.10500000000000001	509.8642577019104	441.24186739813047	69.67463189820262	990.2729590141447	1028.891538969298	82.33634628046872	1021.6423976342169	NaN
0	0.10500000000000001	509.940743423423	440.67253216742574	69.76918213921124	990.1026588368051	1028.9738716592985	82.29444968110224	1021.769242766392	NaN
0	0.10500000000000001	510.01747578625293	440.0998469306411	69.86439845537065	989.9303810455225	1029.0544646993067	82.25899876220478	1021.9009486313125	NaN
0	0.10500000000000001	510.0944895259071	439.5235792426236	69.96032369163058	989.7560398026862	1029.1333377571168	82.23057569194934	1022.0368271106809	NaN
0	0.10500000000000001	510.1718172903002	438.94351041507014	70.05699862499168	989.5795517032334	1029.2105048397302	82.20967926305109	1022.1761201039305	NaN
0	0.10500000000000001	510.2494883692715	438.35944544051574	70.15446030515072	989.4008389155066	1029.2859733357036	82.19671892971631	1022.3180038069739	NaN
0	0.10500000000000001	510.3275274297217	437.771222993629	70.25274036850607	989.2198324492069	1029.3597432628508	82.19200835605575	1022.461593865661	NaN
0	0.10500000000000001	510.4059532431409	437.1787255970492	70.35186330970446	989.0364755809746	1029.4318067111126	82.19575860966421	1022.6059517762072	NaN
0	0.10500000000000001	510.4847776100804	436.5818883896465	70.45184497119732	988.8507269548804	1029.5021476649479	82.2080712882575	1022.7500932858547	NaN
0	0.10500000000000001	510.5640043226266	435.98070766915225	70.55269105516848	988.6625637112784	1029.5707420361523	82.22893204163465	1022.8929988032334	NaN
0	0.10500000000000001	510.64362851239923	435.37524654779503	70.65439610457263	988.4719838037122	1029.6375581894044	82.25820511884703	1023.033626618796	NaN
0	0.10500000000000001	510.72363637870035	434.76563770867165	70.7569429592739	988.2790074660188	1029.7025578856649	82.29562972518946	1023.1709288644827	NaN
0	0.10500000000000001	510.80400542494397	434.15208223567623	70.86030286487747	988.0836774663217	1029.7656976710714	82.34081902534209	1023.3038701028568	NaN
0	0.10500000000000001	510.88470539167986	433.5348430195366	70.96443649380078	987.8860576173892	1029.826930754583	82.39326265831191	1023.4314481947699	NaN
0	0.10500000000000001	510.9656998146495	432.9142332224801	71.06929580702702	987.6862296287904	1029.8862091887938	82.45233334427617	1023.5527163186881	NaN
0	0.10500000000000001	511.0469482113931	432.29059972558787	71.17482677933965	987.4842882103803	1029.9434862346154	82.51729786596324	1023.6668049177915	NaN
0	0.10500000000000001	511.128408657317	431.6643033599066	71.28097269326943	987.2803349474434	1029.9987186285794	82.58733212734134	1023.7729419059733	NaN
0	0.10500000000000001	511.21004057059906	431.03569730568574	71.38767777444879	987.0744713569936	1030.0518685614452	82.66153956871388	1023.8704697185003	NaN
0	0.10500000000000001	511.2918073895705	430.40510611564326	71.49489075595046	986.8667919093116	1030.1029051347757	82.73897173299676	1023.9588579546997	NaN
0	0.10500000000000001	511.3736789230285	429.772807101604	71.60256807588291	986.6573775978796	1030.1518051889198	82.81864962614534	1024.037710992455	NaN
0	0.10500000000000001	511.45563315378797	429.13901584173107	71.71067640528457	986.446290673618	1030.1985534446294	82.89958448566523	1024.1067704811549	NaN
0	0.10500000000000001	511.5376574628142	428.5038761280207	71.8191944447624	986.2335707035138	1030.2431420475664	82.98079690141462	1024.1659132664015	NaN
0	0.10500000000000001	511.6197492546402	427.86745456315936	71.9281139460002	986.0192320817458	1030.2855696182437	83.06133352546216	1024.2151455862113	NaN
0	0.10500000000000001	511.70191599701616	427.2297397567493	72.03743995775793	985.8032630367964	1030.325839928206	83.14028096248695	1024.254594560696	NaN
0	0.10500000000000001	511.7841748036984	426.5906451583988	72.14719045251452	985.5856258657359	1030.3639603709346	83.21677686288398	1024.2844980674379	NaN
0	0.10500000000000001	511.8665516008176	425.9500152361566	72.2573953763024	985.3662583427765	1030.3999403292544	83.29001841684116	1024.3051939144364	NaN
0	0.10500000000000001	511.9490800224811	425.3076338798154	72.3680953076897	985.1450759586181	1030.4337895727544	83.35926873639835	1024.3171090862613	NaN
0	0.10500000000000001	512.0317999466333	424.6632357234901	72.4793396007623	984.9219752604304	1030.4655166999808	83.42386152320076	1024.3207495654758	NaN
0	0.10500000000000001	512.1147558602432	424.01651891345847	72.59118426038852	984.69683781641	1030.495127754418	83.48320473046718	1024.316691100507	NaN
0	0.10500000000000001	512.1979949140847	423.3671604003023	72.70368935871463	984.4695352033192	1030.5226249991765	83.53678365279664	1024.305571021966	NaN
0	0.10500000000000001	512.2815647072872	422.714833432227	72.81691604247082	984.2399349382273	1030.5480059182676	83.58416401506237	1024.288081080653	NaN
0	0.10500000000000001	512.3655107827484	422.0592273820577	72.93092310180613	984.0079074340292	1030.571262489737	83.6249955068985	1024.2649610884491	NaN
0	0.10500000000000001	512.4498738121403	421.40007005493146	73.04576306808468	983.7733340674887	1030.5923807812649	83.65901609570572	1024.2369929882198	NaN
0	0.10500000000000001	512.5346865855897	420.7371515531031	73.16147799428087	983.5361160688968	1030.6113409541406	83.68605733408853	1024.2049947906462	NaN
0	0.10500000000000001	512.619971011261	420.07034806153064	73.27809519841072	983.2961836728094	1030.6281177552137	83.70605060703411	1024.1698136424513	NaN
0	0.10500000000000001	512.7057353893264	419.3996434474411	73.39562333714265	983.0535047739706	1030.6426815425664	83.71903389643269	1024.1323172122372	NaN
0	0.10500000000000001	512.7919725076905	418.7251443513143	73.51404957203619	982.8080914902794	1030.6549998697108	83.7251582524063	1024.0933825379768	NaN
0	0.10500000000000001	512.8786590009188	418.0470852772756	73.63333845723616	982.5600032673169	1030.665039521567	83.72469267413453	1024.0538817808895	NaN
0	0.10500000000000001	512.9657565298008	417.36581929828776	73.75343334608105	982.3093447679273	1030.6727688043218	83.71802584819147	1024.0146647629697	NaN
0	0.10500000000000001	513.053214806615	416.68179418133406	73.8742603875276	982.0562582661462	1030.678159740046	83.70566323987073	1023.9765390342033	NaN
0	0.10500000000000001	513.1409762448357	415.9955156969364	73.99573483869892	981.8009109852896	1030.6811898030903	83.68821860900056	1023.940248924385	NaN
0	0.10500000000000001	513.2289815089305	415.3075038399593	74.11776871269196	981.5434793307546	1030.6818428865963	83.66639995810043	1023.9064555875351	NaN
0	0.10500000000000001	513.3171750895632	414.61824887666666	74.24027855331428	981.284132509899	1030.680109353493	83.64099094587291	1023.8757200169042	NaN
0	0.10500000000000001	513.4055100307249	413.9281741155732	74.36319211081704	981.0230181422169	1030.675985221601	83.61282956079347	1023.8484905025942	NaN
0	0.10500000000000001	513.4939513181888	413.2376092820752	74.48645321033028	980.7602514315872	1030.6694706930057	83.58278606394028	1023.825095127722	NaN
0	0.10500000000000001	513.5824777721256	412.54677574100776	74.61002456377385	980.4959085308616	1030.6605683076452	83.55174195045672	1023.8057390883263	NaN
0	0.10500000000000001	513.6710825729331	411.85578254871336	74.73388867712185	980.2300238805535	1030.6492809931476	83.52057112693342	1023.7905060428432	NaN
0	0.10500000000000001	513.7597726565167	411.1646314606664	74.85804716101256	979.9625909562184	1030.6356102335074	83.49012390331607	1023.7793624378944	NaN
0	0.10500000000000001	513.8485673767149	410.47322775269487	74.98251898642148	979.6935653334903	1030.6195544927207	83.46121383139749	1023.772163734614	NaN
0	0.10500000000000001	513.9374966343054	409.78139525933784	75.10733795738557	979.4228695326846	1030.601107984448	83.43460711723009	1023.7686616605267	NaN
0	0.10500000000000001	514.0265987522521	409.0888934101728	75.23254979027418	979.1503988321828	1030.5802598138541	83.41101408238514	1023.7685118330818	NaN
0	0.10500000000000001	514.1159181151771	408.3954360858197	75.3582088257169	978.876028011627	1030.556993528794	83.39108212931619	1023.771281371824	NaN
0	0.10500000000000001	514.2055027548149	407.7007108433504	75.48437463098003	978.5996184764414	1030.5312870645316	83.37538960368917	1023.7764563414174	NaN
0	0.10500000000000001	514.2954017920342	407.00439917001916	75.61110837073392	978.321026037173	1030.5031131171188	83.36444007244226	1023.7834490811891	NaN
0	0.10500000000000001	514.3856628263784	406.3061970211436	75.73846907807454	978.04010906441	1030.472439937237	83.35865658422323	1023.7916056519265	NaN
0	0.10500000000000001	514.4763291793109	405.60583632887244	75.86650969794898	977.756737309165	1030.439232588845	83.3583756447618	1023.8002137688854	NaN
0	0.10500000000000001	514.5674371152163	404.90310647836606	75.99527308271371	977.4708010033816	1030.40345465004	83.36384077875306	1023.8085117140133	NaN
0	0.10500000000000001	514.6590130952529	404.1978752866083	76.12478802362092	977.1822200598363	1030.3650703384762	83.3751957887657	1023.8156987750034	NaN
0	0.10500000000000001	514.7510713082069	403.49010757057084	76.2550656704481	976.8909525855258	1030.3240469459945	83.39247809345372	1023.8209477483474	NaN
0	0.10500000000000001	514.8436117428365	402.77987926169817	76.38609672203846	976.5970018330818	1030.2803574052996	83.41561284603794	1023.823419894015	NaN
0	0.10500000000000001	514.9366192596086	402.06738357871404	76.51785004544305	976.3004200710473	1030.233982655074	83.44440886682689	1023.822282427817	NaN
0	0.10500000000000001	515.0300639413293	401.352927199695	76.65027312897371	976.0013083829234	1030.1849134665144	83.47855759603289	1023.8167281500382	NaN
0	0.10500000000000001	515.1239030925484	400.6369137416168	76.78329490041608	975.6998110911595	1030.13315128141	83.51763629521119	1023.8059962330509	NaN
0	0.10500000000000001	515.2180847108255	399.9198160898115	76.91683066280392	975.3961052401681	1030.0787078553637	83.56111627088684	1023.7893926691144	NaN
0	0.10500000000000001	515.3125521646567	399.2021397986661	77.0507887689035	975.0903858845176	1030.0216035926721	83.60837627228787	1023.7663086142775	NaN
0	0.10500000000000001	515.4072494671987	398.48438239220826	77.18507815980671	974.7828490870422	1029.9618647417572	83.65872036901376	1023.7362349751608	NaN
0	0.10500000000000001	515.5021263217175	397.7669949341418	77.3196155865297	974.473675291287	1029.8995198973582	83.71139882991166	1023.6987721374418	NaN
0	0.10500000000000001	515.5971423724897	397.05035017678443	77.45433169803592	974.1630149659151	1029.8345962547698	83.76563022442244	1023.6536344543484	NaN
0	0.10500000000000001	515.6922702709561	396.33472017836823	77.58917543083403	973.8509778885082	1029.7671160557284	83.82062299397735	1023.600649845139	NaN
0	0.10500000000000001	515.7874974259286	395.62026425689817	77.72411650650379	973.5376266103991	1029.6970935526933	83.87559511348239	1023.5397553941996	NaN
0	0.10500000000000001	515.8828264689633	394.9070268915861	77.85914607824458	973.2229741100593	1029.624532716267	83.92979097142185	1023.4709901498813	NaN
0	0.10500000000000001	515.9782747023878	394.19494340436734	77.99427590665965	972.9069848467208	1029.549425709523	83.98249520209869	1023.3944862811226	NaN
0	0.10500000000000001	516.0738727093499	393.48385193492385	78.12953632309437	972.5895786887182	1029.4717521648845	84.03304356500347	1023.3104596735399	NaN
0	0.10500000000000001	516.169662298098	392.77351029247075	78.2649732309406	972.2706371938522	1029.3914792636915	84.08083127204085	1023.2192008309306	NaN
0	0.10500000000000001	516.2656939545068	392.06361627344194	78.40064439934734	971.9500116944131	1029.3085625784593	84.12531935720187	1023.1210666499395	NaN
0	0.10500000000000001	516.3620237930094	391.3538314093955	78.53661504508372	971.6275332390223	1029.2229477664137	84.16603968064592	1023.0164735098814	NaN
0	0.10500000000000001	516.4587101111761	390.6438072546695	78.6729528626234	971.3030240543608	1029.1345730979453	84.20259922578393	1022.905891741823	NaN
0	0.10500000000000001	516.5558094846167	389.9332145655959	78.80972242611435	970.9763107478493	1029.043372943602	84.23468419894125	1022.7898414561681	NaN
0	0.10500000000000001	516.653372474819	389.22177471004244	78.94697908098759	970.6472390151894	1028.9492822247905	84.26206436394169	1022.6688893476144	NaN
0	0.10500000000000001	516.7514391640931	388.5092916227861	79.08476264316862	970.3156891301619	1028.852241678717	84.28459784578702	1022.543645711897	NaN
0	0.10500000000000001	516.8500348296424	387.79568195151154	79.2230913599844	969.9815911463143	1028.752203646077	84.30223631379337	1022.414760625609	NaN
0	0.10500000000000001	516.9491663181718	387.0809993086664	79.36195693202822	969.6449378719961	1028.6491377655962	84.31503008136455	1022.282917870896	NaN
0	0.10500000000000001	517.0488200188175	386.36544626768125	79.50132185468348	969.3057925018828	1028.5430354838243	84.32313222268908	1022.1488248417877	NaN
0	0.10500000000000001	517.148962093565	385.64936967733064	79.64111998409868	968.9642885566385	1028.4339123699785	84.32680036245186	1022.013197308401	NaN
0	0.10500000000000001	517.2495415329998	384.93323571702217	79.78126108352578	968.6206200699099	1028.3218071953136	84.32639470239835	1021.8767386015537	NaN
0	0.10500000000000001	517.350495802112	384.21758699113667	79.92163896618318	968.2750227010832	1028.2067775495018	84.32237114879234	1021.7401145116671	NaN
0	0.10500000000000001	517.4517582237621	383.50298830438146	80.06214198731463	967.9277486040775	1028.08889254509	84.31526921784554	1021.6039265397934	NaN
0	0.10500000000000001	517.5532657735131	382.7899709052662	80.20266399212841	967.5790395733083	1027.9682239088247	84.30569541688608	1021.4686869028835	NaN
0	0.10500000000000001	517.6549658756187	382.07898523998716	80.34311373824498	967.229103351378	1027.8448371332836	84.29430366238728	1021.3347984722108	NaN
0	0.10500000000000001	517.7568213253029	381.3703681561871	80.48342158624408	966.8780962005568	1027.7187839758758	84.281774658588	1021.2025414474343	NaN
0	0.10500000000000001	517.85881300531	380.6643264784022	80.62354302771588	966.5261129924116	1027.590097070484	84.26879598900769	1021.0720671369714	NaN
0	0.10500000000000001	517.9609405018504	379.9609357431639	80.76345923751201	966.1731845548882	1027.4587869067311	84.25604415699262	1020.9433980978653	NaN
0	0.10500000000000001	518.0632210952124	379.2601503448141	80.9031753485433	965.8192807120688	1027.324840911566	84.24416917282599	1020.8164331404083	NaN
0	0.10500000000000001	518.1656875893771	378.561821523724	81.04271712604357	965.4643174564626	1027.1882242807603	84.23378175634842	1020.6909557072303	NaN
0	0.10500000000000001	518.2683852589757	377.86572099994174	81.18212645713801	965.1081673114099	1027.0488823656688	84.22544286652764	1020.5666445208186	NaN
0	0.10500000000000001	518.3713683745922	377.1715668944551	81.32145631343417	964.750671289487	1026.9067441081638	84.21965503528637	1020.4430854146575	NaN
0	0.10500000000000001	518.4746961882825	376.47905257792587	81.46076505171179	964.3916528474074	1026.7617267470796	84.21685496209832	1020.3197842434801	NaN
0	0.10500000000000001	518.5784287125102	375.78787604213375	81.60011053019358	964.0309326670277	1026.6137413918536	84.21740681281136	1020.196180479273	NaN
0	0.10500000000000001	518.6826221903177	375.09777035748664	81.73954392613028	963.6683445967535	1026.462699634115	84.22159581960844	1020.0716618599836	NaN
0	0.10500000000000001	518.7873244438114	374.40853383950684	81.8791035318057	963.3037520797642	1026.3085209590336	84.22962195222924	1019.9455802883053	NaN
0	0.10500000000000001	518.8925703097075	373.7200584566448	82.01880882938194	962.9370643140231	1026.1511406525567	84.24159370898644	1019.8172692519454	NaN
0	0.10500000000000001	518.9983776910543	373.0323529999097	82.15865555983545	962.5682502675128	1025.9905173735083	84.2575224422464	1019.6860626170175	NaN
0	0.10500000000000001	519.1047448033407	372.3455574009362	82.29861254079478	962.1973484955577	1025.8266393875772	84.27731803035131	1019.5513143558783	NaN
0	0.10500000000000001	519.2116493761858	371.65994363277764	82.43862119528055	961.8244700692052	1025.659528067891	84.30078705913576	1019.4124180925382	NaN
0	0.10500000000000001	519.319050431657	370.97589981899597	82.57859852461102	961.4497924196319	1025.4892373550072	84.32763481207219	1019.2688248730763	NaN
0	0.10500000000000001	519.4268927655951	370.29389756640217	82.71844357332873	961.0735436466123	1025.3158485631272	84.35747209943813	1019.1200575206291	NaN
0	0.10500000000000001	519.5351136876288	369.61444621057683	82.85804667639685	960.6959788551451	1025.1394608420048	84.3898272821532	1018.9657202288897	NaN
0	0.10500000000000001	519.6436507967553	368.9380423853641	82.99729979091315	960.3173528259897	1024.9601789900785	84.42416284286057	1018.805503123104	NaN
0	0.10500000000000001	519.7524496255442	368.2651225537743	83.13610634420208	959.9378931442835	1024.7781004474064	84.45989508529266	1018.6391819939349	NaN
0	0.10500000000000001	519.8614698551191	367.59602649784574	83.27438892930886	959.5577783662617	1024.5933037323314	84.49641501279764	1018.4666144936447	NaN
0	0.10500000000000001	519.970689503303	366.93097500085145	83.41209414075796	959.1771233468955	1024.4058396016771	84.5331085780765	1018.287734020728	NaN
0	0.10500000000000001	520.0801068586015	366.2700624621194	83.54919435248041	958.7959725386813	1024.215725661949	84.56937491986564	1018.1025426629267	NaN
0	0.10500000000000001	520.1897404417998	365.6132620228133	83.6856868977987	958.4143002760939	1024.0229442841355	84.60464187172924	1017.9111041153103	NaN
0	0.10500000000000001	520.2996273001274	364.9604407241802	83.8215911334191	958.0320169636586	1023.8274435713117	84.63837855742736	1017.7135374579342	NaN
0	0.10500000000000001	520.4098200111197	364.3113818938421	83.95694394743246	957.6489798231543	1023.6291409338079	84.67010533766948	1017.510012350628	NaN
0	0.10500000000000001	520.5203826316293	363.6658129113354	84.09179408188501	957.2650073413513	1023.4279290137719	84.69940161259223	1017.3007461211726	NaN
0	0.10500000000000001	520.6313858275488	363.0234365810513	84.2261956313494	956.8798965538284	1023.2236836556102	84.72591212130146	1017.0860028562549	NaN
0	0.10500000000000001	520.7429011574136	362.3839659165695	84.36020075468355	956.493443206126	1023.0162740675629	84.74935231584912	1016.8660947446705	NaN
0	0.10500000000000001	520.85499471938	361.74716077075215	84.49385192661552	956.105464006038	1022.8055748753821	84.76951334379649	1016.6413851635083	NaN
0	0.10500000000000001	520.9677203979436	361.11286466050507	84.62717407904591	955.715820085781	1022.5914796835483	84.7862669343828	1016.412292646856	NaN
0	0.10500000000000001	521.0811133857957	360.4810377820998	84.76016748283708	955.3244392794965	1022.3739148752932	84.79957019254901	1016.1792937787856	NaN
0	0.10500000000000001	521.195184890656	359.8517812128163	84.89280244216498	954.9313340376397	1022.1528518210728	84.80946984119437	1015.9429224664382	NaN
0	0.10500000000000001	521.3099194497388	359.22534492740937	85.02501738469024	954.5366100814863	1021.928314517649	84.81610498931944	1015.7037621014117	NaN
0	0.10500000000000001	521.4252760722846	358.60211403259194	85.15672156951548	954.1404616795189	1021.7003798687359	84.81970708484249	1015.4624279046222	NaN
0	0.10500000000000001	521.5411937505736	357.98257187540037	85.28780274107203	953.7431518517261	1021.4691690075271	84.82059567958225	1015.2195388038527	NaN
0	0.10500000000000001	521.6576007586361	357.36724492078906	85.41813872918385	953.3449797144463	1021.2348302675758	84.81916914471273	1014.9756812330777	NaN
0	0.10500000000000001	521.7744258784605	356.7566407530116	85.54761060632828	952.9462415556152	1020.9975171313104	84.81589045508656	1014.7313703690834	NaN
0	0.10500000000000001	521.891609175204	356.1511923781537	85.67611459774501	952.5471939170884	1020.7573658497087	84.81126924238858	1014.4870153570416	NaN
0	0.10500000000000001	522.0091103770357	355.55121865551683	85.80357062663803	952.1480253489032	1020.5144768831316	84.8058420030455	1014.2428936226269	NaN
0	0.10500000000000001	522.1269138790167	354.9569048696742	85.9299266009984	951.7488400959832	1020.2689025698826	84.80015240091781	1013.999136576362	NaN
0	0.10500000000000001	522.2450302935907	354.3683024479397	86.05515861558133	951.3496538306641	1020.0206416424514	84.79473314459632	1013.7557264458727	NaN
0	0.10500000000000001	522.3634952138168	353.7853431025719	86.17926804625301	950.9503989994951	1019.7696396138896	84.79009022912066	1013.512502033039	NaN
0	0.10500000000000001	522.4823657275186	353.2078635860078	86.30227633421936	950.5509377985792	1019.5157942140877	84.78668971207202	1013.269171379218	NaN
0	0.10500000000000001	522.6017153424245	352.6356369061292	86.42421834129698	950.1510803992192	1019.25896469892	84.78494673011114	1013.0253292262813	NaN
0	0.10500000000000001	522.721627630036	352.0684078110844	86.54513474792734	949.7506072529284	1018.9989845197073	84.78521622210789	1012.7804781808917	NaN
0	0.10500000000000001	522.8421888333048	351.5059307728273	86.66506388193753	949.3492945219394	1018.7356769282625	84.78778475966361	1012.534052964251	NaN
0	0.10500000000000001	522.9634794626801	350.9480098001535	86.78403313577321	948.9469424170967	1018.4688735421644	84.7928629803953	1012.2854479216746	NaN
0	0.10500000000000001	523.0855654026685	350.3945371489029	86.90205061648689	948.5434045692033	1018.1984347811936	84.80057837379658	1012.03404722925	NaN
0	0.10500000000000001	523.2084892423981	349.84552739178974	87.01909780519436	948.1386159657461	1017.9242705893566	84.8109686004979	1011.7792569727939	NaN
0	0.10500000000000001	523.3322632693024	349.30114051004585	87.13512460023523	947.7326146724766	1017.6463581336363	84.82397610754764	1011.5205366473757	NaN
0	0.10500000000000001	523.4568661509715	348.761685952862	87.25004847848122	947.3255508042374	1017.3647516721011	84.83944543059391	1011.2574258823412	NaN
0	0.10500000000000001	523.5822451162264	348.22760169947907	87.36375904917543	946.917677152455	1017.0795800458914	84.85712492813897	1010.9895617034828	NaN
0	0.10500000000000001	523.7083243825738	347.69940790729044	87.47612807004651	946.5093195762843	1016.7910295097394	84.87667442822435	1010.7166827871226	NaN
0	0.10500000000000001	523.835018635024	347.17764321836535	87.58702316548336	946.1008316775284	1016.4993140594106	84.89767921507182	1010.4386205358982	NaN
0	0.10500000000000001	523.9622486397875	346.66279813069315	87.69632212867121	945.692543726368	1016.2046395971461	84.91966929099874	1010.1552806041612	NaN
0	0.10500000000000001	524.0899552972778	346.15526127646325	87.80392439451815	945.2847179794331	1015.9071704551	84.94214157998262	1009.8666212620955	NaN
0	0.10500000000000001	524.2181097839748	345.6552870839951	87.90975786121152	944.8775178092857	1015.6070040448832	84.96458243942341	1009.5726335826752	NaN
0	0.10500000000000001	524.346718610618	345.16298739556953	88.01378052023207	944.4709940131773	1015.3041568462719	84.98648828064073	1009.273327160273	NaN
0	0.10500000000000001	524.475824085889	344.67834267662477	88.1159778470981	944.0650862495429	1014.9985610826806	85.00738310678737	1008.9687220644355	NaN
0	0.10500000000000001	524.6055008485085	344.20122804969543	88.21635700130837	943.6596370185899	1014.6900709200428	85.02683264080557	1008.6588474264526	NaN
0	0.10500000000000001	524.7358493201568	343.73144906031894	88.31493895824822	943.2544150594623	1014.3784764644976	85.0444554366051	1008.3437462987067	NaN
0	0.10500000000000001	524.8669864945495	343.26878407503705	88.41174927851826	942.8491464627793	1014.0635247722003	85.0599317321197	1008.023486911688	NaN
0	0.10500000000000001	524.9990341056165	342.8130316794129	88.50680791807882	942.4435529594457	1013.7449479210404	85.07301093359028	1007.6981807593316	NaN
0	0.10500000000000001	525.1321042708846	342.3640612177585	88.60011853961583	942.0373966484276	1013.4224980387494	85.08351856252541	1007.3680072274769	NaN
0	0.10500000000000001	525.2662833200583	341.9218625817162	88.69165821552191	941.6305285363811	1013.095987654967	85.0913631992397	1007.033242401011	NaN
0	0.10500000000000001	525.4016158026866	341.48658762577895	88.78136917438786	941.2229344726563	1012.7653305224153	85.09654334330364	1006.6942860362836	NaN
0	0.10500000000000001	525.5380927451615	341.0585703718703	88.8691552659342	940.8147661735945	1012.4305727773038	85.09915316711016	1006.3516753409244	NaN
0	0.10500000000000001	525.6756494932503	340.6383120160651	88.95488593552425	940.4063419964721	1012.0919008830574	85.09938502423404	1006.0060714633198	NaN
0	0.10500000000000001	525.8141770067706	340.2264247294565	89.03840870197996	939.9981074731276	1011.7496160985515	85.09752596644984	1005.6582095016075	NaN
0	0.10500000000000001	525.9535457300768	339.82354460963677	89.11956767615077	939.5905603066227	1011.4040768274489	85.09394625651309	1005.3088164008707	NaN
0	0.10500000000000001	526.0936352464291	339.4302402057233	89.19822243031821	939.1841616743185	1011.0556251492537	85.08908004412856	1004.9585170567109	NaN
0	0.10500000000000001	526.2343606522854	339.04694472126596	89.27426140173026	938.7792610592536	1010.7045200732731	85.08340083774407	1004.6077543087237	NaN
0	0.10500000000000001	526.3756895847139	338.6739260604284	89.3476070842114	938.3760515986258	1010.3508931417628	85.07739557691123	1004.2567393826317	NaN
0	0.10500000000000001	526.5176485294711	338.31129283526093	89.41821364375227	937.9745584438565	1009.9947305070947	85.07154056225305	1003.9054357569311	NaN
0	0.10500000000000001	526.6603201608423	337.95902579983994	89.48605934952987	937.5746535036529	1009.6358776984546	85.066281014001	1003.553570483853	NaN
0	0.10500000000000001	526.8038341563315	337.6170236613892	89.55113626517404	937.1760882590632	1009.2740613341914	85.06201455848517	1003.200665030355	NaN
0	0.10500000000000001	526.9483528237258	337.28515631993025	89.61343878879569	936.7785397728875	1008.9089246176319	85.05907795985142	1002.8460808467786	NaN
0	0.10500000000000001	527.0940517731817	336.96332181889267	89.67295198959016	936.3816682080615	1008.5400761224098	85.05773592802294	1002.4890783278953	NaN
0	0.10500000000000001	527.2410951767291	336.65150474376105	89.72964043580717	935.9851859773111	1008.1671530542458	85.05817078534311	1002.1288903924616	NaN
0	0.10500000000000001	527.3896059989495	336.3498316040211	89.78343865141395	935.5889361930084	1007.7898979880441	85.06047217500819	1001.764810701106	NaN
0	0.10500000000000001	527.539635040718	336.0586122093543	89.83424546957806	935.1929689579698	1007.4082391884084	85.06462703003547	1001.3962886609526	NaN
0	0.10500000000000001	527.6911381710154	335.7783486833331	89.88192554546586	934.7975904690164	1007.022350345885	85.07051181414369	1001.0230096017902	NaN
0	0.10500000000000001	527.8439755086544	335.50969321464265	89.92632067300424	934.4033509272523	1006.6326541448535	85.07789103421095	1000.6449260451674	NaN
0	0.10500000000000001	527.9979414380306	335.2533542125233	89.96726947057746	934.0109532442004	1006.23974640877	85.08642644154533	1000.2622148596439	NaN
0	0.10500000000000001	528.1528185615737	335.00998193356753	90.00462840078345	933.6211067204927	1005.8442580876258	85.09569847910822	999.875171339348	NaN
0	0.10500000000000001	528.308433824974	334.78008120910926	90.03828525749283	933.2343853093713	1005.4467108574569	85.1052365758993	999.484088439001	NaN
0	0.10500000000000001	528.4646969126663	334.56397995701394	90.0681609372355	932.8511401123649	1005.0474177885626	85.11455183829786	999.0891684922611	NaN
0	0.10500000000000001	528.6216147166131	334.36184973635267	90.09420153508083	932.4714774499805	1004.6464455374029	85.12316653012446	998.6904847175766	NaN
0	0.10500000000000001	528.779286377143	334.1737573576824	90.11636554289552	932.0952865520512	1004.243626895349	85.13063769173336	998.2879850827167	NaN
0	0.10500000000000001	528.9378853200672	333.9997278592662	90.1346102728693	931.7222973490667	1003.8386072946993	85.13657491179607	997.8815260867436	NaN
0	0.10500000000000001	529.0976317505016	333.83980685541474	90.14888011923793	931.3521572196406	1003.4309162333838	85.14065381321309	997.4709302132962	NaN
0	0.10500000000000001	529.2587555086704	333.69411584984897	90.15909841656692	930.9845243924469	1003.0200635078525	85.14262745134057	997.0560682105436	NaN
0	0.10500000000000001	529.4214483398151	333.562894407418	90.1651647221787	930.6191773686361	1002.6056621553126	85.14233780480994	996.636967780145	NaN
0	0.10500000000000001	529.5858087821288	333.44651917635855	90.16695964446481	930.2561300855481	1002.1875692459319	85.139728613509	996.2139378720007	NaN
0	0.10500000000000001	529.7517945477243	333.34548534178344	90.1643584197466	929.8957180848613	1001.7660059411918	85.1348583228656	995.7876668128131	NaN
0	0.10500000000000001	529.9192108548449	333.26034169029043	90.15725049466354	929.5385966583004	1001.3415842474169	85.1279077782548	995.3592191334126	NaN
0	0.10500000000000001	530.0877581679331	333.1915958354684	90.14555646001499	929.1856115253661	1000.9151819118904	85.11917448132475	994.929874209142	NaN
0	0.10500000000000001	530.2571269628859	333.13963544279864	90.12923225655148	928.8375838284069	1000.4876990769765	85.10904869842128	994.5008480602985	NaN
0	0.10500000000000001	530.4270908020287	333.10470743170475	90.10825813261182	928.4951206751255	1000.0598220567063	85.0979759697956	994.0730331240227	NaN
0	0.10500000000000001	530.5975587056752	333.08695659019696	90.08261898031529	928.1585280611074	999.6318932039158	85.08641657421192	993.6468591255488	NaN
0	0.10500000000000001	530.7685834710118	333.08649440116534	90.05228450699697	927.8278216767781	999.2038941579341	85.07481046856992	993.2222799153444	NaN
0	0.10500000000000001	530.9403414901967	333.1034688694151	90.01719430706439	927.5027940758926	998.7755017538798	85.0635508359951	992.7988404056634	NaN
0	0.10500000000000001	531.1130973094708	333.1381184303028	89.97724999896582	927.1831056940366	998.3461820138791	85.05296552894985	992.375784551	NaN
0	0.10500000000000001	531.2871568483738	333.1908006394891	89.9323161884252	926.8683880801335	997.9153112458318	85.04330418512784	991.9521907510745	NaN
0	0.10500000000000001	531.462807772795	333.2619869066481	89.88223279428723	926.5583582662667	997.4823266750329	85.03472858602956	991.527136443744	NaN
0	0.10500000000000001	531.640246593031	333.35221343723583	89.82684131919602	926.2529405055335	997.0469060021358	85.02730443332277	991.0998927091019	NaN
0	0.10500000000000001	531.8195053830449	333.46198642681617	89.76602313296091	925.9523689676512	996.6091424459868	85.02099410752483	990.6701190311741	NaN
0	0.10500000000000001	532.0004147737226	333.5916682346996	89.69973602627738	925.6572110851232	996.1696252477368	85.01565248572311	990.237972617768	NaN
0	0.10500000000000001	532.1826468806995	333.7414086628395	89.62802432177689	925.3682539836541	995.7293227167053	85.0110307785332	989.8040300660832	NaN
0	0.10500000000000001	532.3658372192712	333.91117980492703	89.55098753722854	925.0862813840346	995.2892775882052	85.00679327993333	989.3690233016747	NaN
0	0.10500000000000001	532.549717477754	334.10089989735883	89.46872393562859	924.8118680349586	994.85028590637	85.00254654460468	988.9335479872634	NaN
0	0.10500000000000001	532.7341916701755	334.3105741963668	89.3812801295585	924.5452925543664	994.41272199921	84.99787407549448	988.4978997409619	NaN
0	0.10500000000000001	532.9193467705933	334.54039910416395	89.2886224377588	924.2865629137486	993.976525804379	84.99236870674044	988.0620570068554	NaN
0	0.10500000000000001	533.1054216217377	334.7908142266211	89.19062962824869	924.0355013626563	993.5412903026279	84.98565888436518	987.62575510898	NaN
0	0.10500000000000001	533.2927531297527	335.06250049512045	89.08710394295903	923.7918504326038	993.1064000735898	84.97742929420049	987.1886081530827	NaN
0	0.10500000000000001	533.4817043341742	335.3563155639097	88.97780159175564	923.5553864583817	992.671207126346	84.9674387020536	986.7502678437921	NaN
0	0.10500000000000001	533.6725716246808	335.67314876335524	88.8624873877507	923.3260370704738	992.2352470068853	84.9555384175663	986.3106224030884	NaN
0	0.10500000000000001	533.8654797909522	336.0136956650111	88.74101143246737	923.103984557487	991.7984714819399	84.94169268924247	985.8700094046736	NaN
0	0.10500000000000001	534.0603058244019	336.37822102473206	88.61338243764018	922.8897052872032	991.3614029519536	84.92599616591623	985.4293433411369	NaN
0	0.10500000000000001	534.2567023857865	336.7664746638386	88.47978306602649	922.6838816419765	990.9250563007769	84.90867531232216	984.9900011934728	NaN
0	0.10500000000000001	534.4542456443804	337.17788755221443	88.34049161101498	922.4871986219506	990.4905887662302	84.89006195595039	984.5534321183727	NaN
0	0.10500000000000001	534.6526199404326	337.61194510948155	88.19575345363269	922.3001523998454	990.0588884296935	84.87054451112851	984.1207145950285	NaN
0	0.10500000000000001	534.8517261463959	338.0684991038168	88.04568367649775	922.1229837841615	989.630352167614	84.85051659692661	983.6923206751655	NaN
0	0.10500000000000001	535.0516913229285	338.5479053461205	87.89023275946484	921.9557272213724	989.204889892333	84.83033717784974	983.2681225925149	NaN
0	0.10500000000000001	535.252814949067	339.05100391660915	87.729203773261	921.7983119361019	988.78206518604	84.81030487112805	982.8475451325152	NaN
0	0.10500000000000001	535.4554766329345	339.57896221647144	87.56231045877612	921.6506737999878	988.3613094137553	84.79064390644791	982.4297951615281	NaN
0	0.10500000000000001	535.6600062549242	340.132956494349	87.38928087785705	921.5128623524499	987.9421992980433	84.77149873301272	982.0141558074992	NaN
0	0.10500000000000001	535.8665169745968	340.71366658255096	87.21001125119295	921.3851273390803	987.5247881593881	84.75293449583201	981.6003367710795	NaN
0	0.10500000000000001	536.0747479799229	341.32069633174814	87.02473233300041	921.2679435403759	987.1098880864746	84.73493951637437	981.1887830612685	NaN
0	0.10500000000000001	536.2840411684999	341.9523089644805	86.83407085500507	921.1619165714643	986.699060076516	84.71742498846643	980.7807043447218	NaN
0	0.10500000000000001	536.4935421640491	342.60586316127115	86.6388995694718	921.0675843833624	986.2941653881562	84.70022343049298	980.3776736545777	NaN
0	0.10500000000000001	536.7030431595982	343.2804766092425	86.43954244623116	920.9850523636155	985.8957404489398	84.68305350431179	979.9800409125423	NaN
0	0.10500000000000001	536.9125441551473	343.9758771058589	86.23613777714768	920.9143110225916	985.5039079053225	84.66559447726262	979.5878462513551	NaN
0	0.10500000000000001	537.1220451506965	344.69178611213067	86.02882513844175	920.855347133122	985.118787613615	84.64753643539221	979.2012296166864	NaN
0	0.10500000000000001	537.3315461462456	345.42791877299356	85.81774523496864	920.8081437400874	984.7404966165717	84.62860984434667	978.8204226121757	NaN
0	0.10500000000000001	537.5410471417947	346.1839839403822	85.60303974574141	920.7726801702182	984.3691491206746	84.60860948074925	978.4457318881425	NaN
0	0.10500000000000001	537.7505481373439	346.95968419920064	85.38485117094517	920.7489320421396	984.0048564741063	84.58741080911774	978.0775161639822	NaN
0	0.10500000000000001	537.960049132893	347.7547158963973	85.16332268069245	920.7368712766878	983.6477271453992	84.56497771272574	977.7161594502177	NaN
0	0.10500000000000001	538.1695501284422	348.5687691733458	84.93859796576409	920.7364661075312	983.2978667027563	84.5413613729136	977.362043239917	NaN
0	0.10500000000000001	538.3790511239913	349.4015280017271	84.71082109057198	920.7476810921283	982.9553777940349	84.51669094316541	977.0155203679283	NaN
0	0.10500000000000001	538.5885521195404	350.2526702230977	84.48013634857121	920.7704771230564	982.6203601273886	84.4911574031697	976.6768929135543	NaN
0	0.10500000000000001	538.7980531150896	351.1218675923203	84.24668812033799	920.8048114397477	982.2929104525608	84.46499254079525	976.3463959937711	NaN
0	0.10500000000000001	539.0075541106387	352.00878582502156	84.01062073451989	920.8506376406716	981.9731225428269	84.4384453536137	976.0241886224832	NaN
0	0.10500000000000001	539.2170551061878	352.9130846492316	83.77207833185251	920.9079056959978	981.6610871775806	84.41175826682175	975.7103520690746	NaN
0	0.10500000000000001	539.426556101737	353.83441786134745	83.53120473242613	920.9765619607853	981.3568921255636	84.38514543555291	975.4048954114206	NaN
0	0.10500000000000001	539.6360570972861	354.7724333865505	83.28814330637309	921.0565491887319	981.0606221287352	84.35877506306758	975.1077673144542	NaN
0	0.10500000000000001	539.8455580928353	355.72677334379875	83.04303684813533	921.1478065465303	980.7723588867823	84.3327571668328	974.818872533917	NaN
0	0.10500000000000001	540.0550590883844	356.6970741154985	82.79602745445824	921.2502696288691	980.4921810422703	84.30713761954058	974.5380912884394	NaN
0	0.10500000000000001	540.2645600839335	357.6829664219495	82.54725640624528	921.3638704741206	980.2201641664365	84.28189864569029	974.2652994847598	NaN
0	0.10500000000000001	540.4740610794827	358.684075400646	82.2968640543952	921.4885375807606	979.9563807456256	84.25696533049788	974.0003878235526	NaN
0	0.10500000000000001	540.6835620750318	359.70002069050037	82.04498970973037	921.624195924558	979.7009001683738	84.23221715448612	973.7432780406193	NaN
0	0.10500000000000001	540.8930630705809	360.7304165210468	81.79177153711316	921.7707669765778	979.4537887131438	84.20750315078642	973.4939349171339	NaN
0	0.10500000000000001	541.1025640661301	361.7748718066667	81.53734645383402	921.9281687220415	979.2151095367136	84.18265902459787	973.2523731779576	NaN
0	0.10500000000000001	541.3120650616792	362.8329902458665	81.28185003234273	922.0963156800814	978.9849226632276	84.15752449002689	973.0186589361535	NaN
0	0.10500000000000001	541.5215660572284	363.9043704256244	81.02541640738202	922.2751189244317	978.7632849739155	84.13195916596528	972.7929058802865	NaN
0	0.10500000000000001	541.7310670527775	364.9886059308125	80.76817818757064	922.4644861050971	978.5502501974831	84.10585561106139	972.5752668878713	NaN
0	0.10500000000000001	541.9405680483266	366.08528545868506	80.51026637147056	922.6643214710346	978.3458689011878	84.07914843628839	972.3659221404401	NaN
0	0.10500000000000001	542.1500690438758	367.19399293841377	80.25181026816222	922.8745258938891	978.150188482602	84.05181887079708	972.1650650817397	NaN
0	0.10500000000000001	542.3595700394249	368.3143076556391	79.99293742233914	923.094996892818	977.9632531620769	84.02389462641614	971.972887683026	NaN
0	0.10500000000000001	542.569071034974	369.44580438199296	79.73377354392342	923.3256286604395	977.7851039759155	83.99544536180849	971.7895664554566	NaN
0	0.10500000000000001	542.7785720305232	370.58805350953924	79.47444244219186	923.5663120899395	977.6157787702632	83.96657444653489	971.6152504904087	NaN
0	0.10500000000000001	542.9880730260722	371.7406211900652	79.2150659643923	923.8169348033683	977.4553121957299	83.93740803364273	971.4500525375421	NaN
0	0.10500000000000001	543.1975740216214	372.90306947914866	78.95576393882047	924.0773811811591	977.3037357027507	83.90808264312284	971.294043780154	NaN
0	0.10500000000000001	543.4070750171705	374.07495648491283	78.6966541223172	924.3475323928959	977.1610775377019	83.8787325262351	971.147252575952	NaN
0	0.10500000000000001	543.6165760127196	375.2558365213731	78.43785215213714	924.6272664293584	977.027362739778	83.84947802354279	971.0096670385093	NaN
0	0.10500000000000001	543.8260770082688	376.44526026627057	78.1794715021314	924.9164581358694	976.9026131386473	83.8204159605905	970.8812409777762	NaN
0	0.10500000000000001	544.0355780038179	377.64277492327506	77.92162344317865	925.2149792469675	976.7868473528961	83.79161286741753	970.761902428826	NaN
0	0.10500000000000001	544.245078999367	378.8479243884368	77.66441700779089	925.5226984224257	976.6800807892737	83.76310149149997	970.6515637998135	NaN
0	0.10500000000000001	544.4545799949162	380.0602494207535	77.40795895881345	925.8394812846383	976.5823256427534	83.73488073199182	970.5501325761718	NaN
0	0.10500000000000001	544.6640809904653	381.279287816715	77.1523537621319	926.1651904573871	976.4935908974201	83.70691879034017	970.4575215308573	NaN
0	0.10500000000000001	544.8735819860145	382.50457458867857	76.89770356329231	926.4996856060072	976.4138823281987	83.67915903955863	970.3736575021821	NaN
0	0.10500000000000001	545.0830829815636	383.7356421469239	76.64410816793564	926.8428234789632	976.3432025034376	83.65152788701133	970.2984879947218	NaN
0	0.10500000000000001	545.2925839771127	384.97202048522706	76.39166502594185	927.1944579508444	976.2815507883579	83.62394376103991	970.231985111453	NaN
0	0.10500000000000001	545.5020849726619	386.213237369792	76.14046921917496	927.5544400667892	976.2289233493825	83.59632629875155	970.1741466090516	NaN
0	0.10500000000000001	545.711585968211	387.45881853136905	75.89061345271553	927.922618088344	976.1853131593597	83.56860485014904	970.1249941542835	NaN
0	0.10500000000000001	545.9210869637601	388.7082878603871	75.64218804946381	928.2988375407589	976.1507100036905	83.54072553330963	970.0845691203785	NaN
0	0.10500000000000001	546.1305879593093	389.96116760492345	75.39528094799378	928.6829412617222	976.125100487376	83.51265626012587	970.0529264749418	NaN
0	0.10500000000000001	546.3400889548584	391.2169785713288	75.14997770353511	929.0747694515337	976.1084680429938	83.48438938063555	970.0301274581368	NaN
0	0.10500000000000001	546.5495899504076	392.4752403273247	74.90636149195811	929.4741597247103	976.1007929396181	83.45594184180929	970.0162318216207	NaN
0	0.10500000000000001	546.7590909459567	393.7354714073869	74.66451311663516	929.8809471630216	976.1020522926933	83.42735299910822	970.0112903928766	NaN
0	0.10500000000000001	546.9685919415058	394.9971895202263	74.42451101805057	930.2949643699452	976.1122200748723	83.39868043347697	970.0153386514932	NaN
0	0.10500000000000001	547.178092937055	396.25991175817694	74.18643128602956	930.7160415265325	976.1312671278325	83.36999429406325	970.0283918654894	NaN
0	0.10500000000000001	547.3875939326041	397.5231548083011	73.95034767445759	931.144006448673	976.1591611750769	83.34137079480213	970.0504421538191	NaN
0	0.10500000000000001	547.5970949281532	398.7864351650187	73.71633161835975	931.5786846457411	976.1958668357322	83.31288553449743	970.081457635722	NaN
0	0.10500000000000001	547.8065959237024	400.04926934406893	73.48445225321147	932.0198993806106	976.2413456393523	83.28460728532853	970.1213836195692	NaN
0	0.10500000000000001	548.0160969192515	401.3111740976123	73.25477643635179	932.467471731018	976.295556041736	83.25659281023937	970.1701455932249	NaN
0	0.10500000000000001	548.2255979148007	402.571666630281	73.02736877037108	932.9212206522523	976.3584534417669	83.22888313716376	970.2276536217438	NaN
0	0.10500000000000001	548.4350989103498	403.83026481598694	72.80229162834729	933.3809630411498	976.4299901992841	83.20150155308833	970.2938076491583	NaN
0	0.10500000000000001	548.6445999058989	405.08648741529726	72.57960518080516	933.846513801372	976.5101156539884	83.17445340124442	970.3685031466215	NaN
0	0.10500000000000001	548.8541009014481	406.33985429318926	72.359367424276	934.3176859099337	976.5987761453916	83.14772758827364	970.4516365510469	NaN
0	0.10500000000000001	549.0636018969972	407.58988663699716	72.14163421133605	934.7942904849608	976.6959150338146	83.12129955158437	970.5431099929448	NaN
0	0.10500000000000001	549.2731028925463	408.83610717436676	71.92645928200557	935.2761368546426	976.8014727224371	83.09513531397934	970.6428349109299	NaN
0	0.10500000000000001	549.4826038880955	410.07804039103485	71.71389429639173	935.7630326273498	976.9153866804053	83.06919617258689	970.750734281234	NaN
0	0.10500000000000001	549.6921048836446	411.31521274825377	71.50398886846185	936.2547837628841	977.0375914669978	83.04344353710385	970.8667433390649	NaN
0	0.10500000000000001	549.9016058791938	412.5471528996828	71.29679060083639	936.7511946448249	977.1680187568551	83.0178434483915	970.9908088196075	NaN
0	0.10500000000000001	550.1111068747429	413.7733919075731	71.09234512049377	937.2520681539388	977.3065973662717	82.99237036804786	971.1228868853772	NaN
0	0.10500000000000001	550.320607870292	414.99346345807334	70.89069611528252	937.7572057426116	977.4532532805523	82.96700992433122	971.2629400210456	NaN
0	0.10500000000000001	550.5301088658412	416.20690407548847	70.69188537113898	938.2664075102672	977.6079096824324	82.94176041853953	971.4109332574574	NaN
0	0.10500000000000001	550.7396098613902	417.41325333532683	70.49595280991322	938.7794722797313	977.7704869815619	82.91663302588552	971.5668301277636	NaN
0	0.10500000000000001	550.9491108569393	418.6120540759746	70.30293652770797	939.2961976745012	977.9409028450493	82.89165075300926	971.7305887589729	NaN
0	0.10500000000000001	551.1586118524885	419.80285260883784	70.1128728336394	939.8163801968768	978.1190722290647	82.86684632847401	971.9021584642734	NaN
0	0.10500000000000001	551.3681128480376	420.9851989268009	69.92579628893252	940.3398153069134	978.3049074114972	82.84225929291772	972.0814771311985	NaN
0	0.10500000000000001	551.5776138435868	422.15864691084863	69.74173974626653	940.8662975021488	978.4983180256622	82.81793261488058	972.2684696067978	NaN
0	0.10500000000000001	551.7871148391359	423.32275453470726	69.5607343892903	941.3956203980623	978.6992110950545	82.79390918299102	972.463047173823	NaN
0	0.10500000000000001	551.996615834685	424.4770840673611	69.38280977223013	941.92757680922	978.9074910691382	82.77022851498947	972.6651081025727	NaN
0	0.10500000000000001	552.2061168302342	425.6212022733069	69.20799385951732	942.4619588310578	979.123059860171	82.7469239821515	972.874539161963	NaN
0	0.10500000000000001	552.4156178257833	426.7546806104106	69.03631306536496	942.9985579222586	979.3458168810479	82.72402078000805	973.0912178897221	NaN
0	0.10500000000000001	552.6251188213324	427.87709542523777	68.8677922932281	943.5371649876732	979.5756590841637	82.70153479089926	973.3150153621749	NaN
0	0.10500000000000001	552.8346198168816	428.9880281457291	68.70245497508417	944.0775704617395	979.8124810012779	82.67947239006432	973.5457991730384	NaN
0	0.10500000000000001	553.0441208124307	430.0870654711008	68.54032311047415	944.6195643923485	980.0561747843739	82.65783115411558	973.7834363291425	NaN
0	0.10500000000000001	553.2536218079799	431.17379955885053	68.3814173052489	945.1629365251126	980.306630247503	82.6366013476367	974.0277957973237	NaN
0	0.10500000000000001	553.463122803529	432.247828208755	68.22575680996725	945.7074763879821	980.5637349095981	82.61576799756612	974.2787504866482	NaN
0	0.10500000000000001	553.6726237990781	433.30875504374893	68.07335955789694	946.252973376164	980.8273740382449	82.59531332118952	974.5361785173893	NaN
0	0.10500000000000001	553.8821247946273	434.35618968757996	67.92424220257158	946.7992168372945	981.0974306943973	82.57521925472902	974.7999637053277	NaN
0	0.10500000000000001	554.0916257901764	435.38974793913644	67.77842015486068	947.3459961568091	981.3737857780228	82.5554698358999	975.0699952690078	NaN
0	0.10500000000000001	554.3011267857255	436.40905194335033	67.63590761951247	947.8931008434697	981.6563180746608	82.5360532232117	975.3461668409515	NaN
0	0.10500000000000001	554.5106277812747	437.4137303585812	67.49671763113177	948.4403206149914	981.9449043028791	82.51696318297543	975.6283749248703	NaN
0	0.10500000000000001	554.7201287768238	438.4034185203902	67.36086208955909	948.987445483722	982.2394191626111	82.49819993617884	975.9165169846367	NaN
0	0.10500000000000001	554.929629772373	439.3777586016185	67.2283517946184	949.5342658423264	982.5397353843564	82.47977032497768	976.2104893740861	NaN
0	0.10500000000000001	555.1391307679221	440.33639976868585	67.09919648020491	950.0805725494213	982.8457237792262	82.46168732569495	976.5101853187183	NaN
0	0.10500000000000001	555.3486317634712	441.2789983340312	66.97340484768587	950.6261570151163	983.1572532898133	82.44396899557323	976.8154931421897	NaN
0	0.10500000000000001	555.5581327590204	442.20521790462027	66.85098459859054	951.1708112864089	983.4741910418693	82.42663698878262	977.1262948951521	NaN
0	0.10500000000000001	555.7676337545695	443.1147295264461	66.73194246656698	951.714328132384	983.7964023967673	82.40971480952452	977.4424654959165	NaN
0	0.10500000000000001	555.9771347501186	444.007211824957	66.61628424858635	952.256501129172	984.1237510047283	82.39322598442523	977.7638724370007	NaN
0	0.10500000000000001	556.1866357456678	444.8823511413444	66.50401483537723	952.7971247446142	984.4560988587906	82.37719233255345	978.0903760545588	NaN
0	0.10500000000000001	556.3961367412169	445.7398416646315	66.3951382410741	953.335994422589	984.7933063495003	82.36163249084285	978.4218303045349	NaN
0	0.10500000000000001	556.6056377367661	446.57938555950284	66.28965763206686	953.8729066669518	985.1352323202993	82.34656081846485	978.7580839449147	NaN
0	0.10500000000000001	556.8151387323152	447.4006930898201	66.1875753550395	954.4076591250397	985.4817341235871	82.33198675989601	979.0989819913558	NaN
0	0.10500000000000001	557.0246397278643	448.2034827377742	66.08889296418802	954.9400506706958	985.8326676774329	82.31791469783141	979.4443672960109	NaN
0	0.10500000000000001	557.2341407234135	448.9874813186232	65.9936112476092	955.469881486766	986.1878875229154	82.30434427862416	979.7940820972594	NaN
0	0.10500000000000001	557.4436417189626	449.7524240909722	65.9017302528537	955.9969531470234	986.5472468820603	82.29127114918803	980.147969400546	NaN
0	0.10500000000000001	557.6531427145117	450.49805486255224	65.81324931163809	956.5210686974752	986.9105977163566	82.27868800913004	980.5058740754866	NaN
0	0.10500000000000001	557.8626437100609	451.22412609145914	65.72816706371219	957.0420327370061	987.2777907858202	82.26658585808663	980.8676435886703	NaN
0	0.10500000000000001	558.07214470561	451.93039898281694	65.64648147987866	957.5596514973159	987.6486757085819	82.25495530734872	981.2331283313243	NaN
0	0.10500000000000001	558.2816457011592	452.6166435808306	65.56818988416437	958.0737329221078	988.023101020972	82.2437878270973	981.6021815420947	NaN
0	0.10500000000000001	558.4911466967083	453.28263885619975	65.49328897514259	958.5840867454842	988.4009142380747	82.23307681487819	981.9746588636316	NaN
0	0.10500000000000001	558.7006476922573	453.9281727888639	65.4217748464075	959.0905245695079	988.7819619147233	82.22281839519886	982.3504176039932	NaN
0	0.10500000000000001	558.9101486878066	454.55304244605526	65.35364300620263	959.5928599408879	989.1660897069115	82.21301189139183	982.7293157974038	NaN
0	0.10500000000000001	559.1203375445493	455.1590026661101	65.2886813419066	960.0925364231051	989.5544179021601	82.20362999443512	983.1124698401412	NaN
0	0.10500000000000001	559.3318083127896	455.7472824269053	65.2267483640278	960.590719524782	989.9479263501961	82.19465849364946	983.5008585870831	NaN
0	0.10500000000000001	559.545096846101	456.31871796702126	65.16775632573176	961.0883835590076	990.3475108822165	82.18609367694354	983.8953780866401	NaN
0	0.10500000000000001	559.7606956248097	456.87381191832054	65.111663203232	961.5863466366845	990.7540038660275	82.17794081340374	984.296861030589	NaN
0	0.10500000000000001	559.9790722090794	457.41279217099594	65.05846537320514	962.0853122149724	991.168203150951	82.1702125426183	984.7061046172399	NaN
0	0.10500000000000001	560.2006829717006	457.9356481282258	65.00819322995594	962.5858974569397	991.5908934196186	82.1629275143716	985.1238911079042	NaN
0	0.10500000000000001	560.4259866205875	458.4421572815859	64.96090830782805	963.0886588640401	992.022867981474	82.15610911080216	985.5510090665186	NaN
0	0.10500000000000001	560.6554566950058	458.93189998403057	64.91670207778677	963.5941130464869	992.4649491660296	82.14978433683171	985.9882735198215	NaN
0	0.10500000000000001	560.8895940966198	459.404264617354	64.87569618062321	964.1027546961411	992.9180090479667	82.143982926029	986.4365467957685	NaN
0	0.10500000000000001	561.1289401178611	459.8584431636003	64.83804411354907	964.6150722526747	993.3829911264219	82.13873676382791	986.8967606854329	NaN
0	0.10500000000000001	561.374094768112	460.29342400091895	64.80393391308478	965.1315706069425	993.8609420338367	82.13407968019632	987.369948919402	NaN
0	0.10500000000000001	561.6257268688252	460.7079545624614	64.77359416568818	965.6527710271384	994.3530265995615	82.1300480548606	987.8572635282666	NaN
0	0.10500000000000001	561.8845957173597	461.100508399762	64.74730062752772	966.1792293681342	994.8605642961649	82.12668197370124	988.3600126623426	NaN
0	0.10500000000000001	562.1515754410206	461.469232474784	64.72538586289885	966.7115508652905	995.3850693770094	82.12402738527145	988.8797022690275	NaN
0	0.10500000000000001	562.427682800664	461.8118700854912	64.70825258216973	967.25040051521	995.9282953205627	82.12213942642319	989.4180820872888	NaN
0	0.10500000000000001	562.7141059185997	462.12564962797325	64.69639171293102	967.7965010018623	996.492277398719	82.12108707878006	989.9771896355453	NaN
0	0.10500000000000001	563.0122212219848	462.4071223943534	64.69040606486818	968.3505916465253	997.0793466654792	82.12095918637905	990.5593654591968	NaN
0	0.10500000000000001	563.323562829837	462.6519316323295	64.691038009614	968.9132854001957	997.69204299006	82.1218713157334	991.167167472861	NaN
0	0.10500000000000001	563.6496599496346	462.85451877684716	64.69919095812568	969.4846937676976	998.33276036402	82.12397129479399	991.8030182543537	NaN
0	0.10500000000000001	563.9915890148968	463.0078780073519	64.71591247300161	970.0636216811112	999.0028294082264	82.1274373264599	992.468291083735	NaN
0	0.10500000000000001	564.3491499703568	463.1037404162579	64.74227719985225	970.646332865457	999.7008837060936	82.13245742360755	993.1616802469305	NaN
0	0.10500000000000001	564.7201694929088	463.1337597161107	64.77914820402572	971.2258819566536	1000.4215378160998	82.13918608711647	993.8778754407223	NaN
0	0.10500000000000001	565.1010774756252	463.0913797366368	64.82698861277021	971.7936873538328	1001.1566212681004	82.14770761566199	994.6087759858526	NaN
0	0.10500000000000001	565.488480641264	462.9727227814192	64.88591916625985	972.3423184665387	1001.8983417626501	82.15804017025106	995.3466335346252	NaN
0	0.10500000000000001	565.8801083508711	462.775972629466	64.95591101284204	972.8667712777195	1002.6411451540688	82.17016462382435	996.0859118942428	NaN
0	0.10500000000000001	566.2749637163083	462.50020207239294	65.03696419922274	973.3642917401044	1003.3819650265032	82.18405565008536	996.8235494363701	NaN
0	0.10500000000000001	566.6730229702462	462.14443496883325	65.12920269963112	973.8335633280706	1004.1195747796351	82.19970260219067	997.5583251297937	NaN
0	0.10500000000000001	567.0749578688059	461.70703207634216	65.23292737049827	974.2740294710082	1004.8539802641814	82.21712469480461	998.2902588223474	NaN
0	0.10500000000000001	567.4816853192724	461.18564866337493	65.3485723686837	974.6851637440933	1005.5855151545678	82.23636888783771	999.0197093376495	NaN
0	0.10500000000000001	567.8937262122372	460.5780229431235	65.4765282058382	975.0657899590111	1006.3136618840709	82.25748343011958	999.7461931957001	NaN
0	0.10500000000000001	568.3101945156089	459.88415780105464	65.61673470312931	975.4134500049471	1007.0353649556894	82.28045119989187	1000.4666910538682	NaN
0	0.10500000000000001	568.7278349453499	459.1095435645431	65.768135712578	975.7243721063217	1007.7436757632249	82.30509878350307	1001.174279364418	NaN
0	0.10500000000000001	569.1454753750908	458.257829898059	65.93016338900539	975.9972807023732	1008.435546459699	82.33133297520122	1001.8659081198664	NaN
0	0.10500000000000001	569.5631158048316	457.33094127195403	66.1026216373658	976.2319944536933	1009.1100127163456	82.35911321177326	1002.5405973217212	NaN
0	0.10500000000000001	569.9807562345725	456.33091310962124	66.28530654689418	976.428394984354	1009.7661432228224	82.38838677089898	1003.1973961820214	NaN
0	0.10500000000000001	570.3983966643134	455.2598872397247	66.47800606554212	976.5864267062408	1010.4030410374661	82.41909016419021	1003.8353904830711	NaN
0	0.10500000000000001	570.8160370940543	454.12010717439057	66.68049966548688	976.7060965289128	1011.0198448722956	82.45115344015421	1004.4537080752863	NaN
0	0.10500000000000001	571.2336775237952	452.9139132234852	66.89255800152478	976.787473456043	1011.6157303105335	82.48450554344342	1005.0515212435963	NaN
0	0.10500000000000001	571.651317953536	451.64373745627665	67.11394256505535	976.8306880697137	1012.1899109545649	82.5190787335707	1005.6280459195965	NaN
0	0.10500000000000001	572.0240432007417	450.4581813767977	67.31919232856602	976.8371830356336	1012.6834030160359	82.550914023837	1006.1239847830869	NaN
0	0.10500000000000001	572.3967684479474	449.2255153809433	67.53148982494379	976.8136110612269	1013.1585077255565	82.58363106610018	1006.6018723309212	NaN
0	0.10500000000000001	572.769493695153	447.9476331720413	67.7506457433387	976.760186551934	1013.6147467901517	82.61719022856629	1007.0612279992658	NaN
0	0.10500000000000001	573.1007526312233	446.77553323028184	67.95101835207947	976.6878525690379	1014.0040285780034	82.64769018846698	1007.4535546387991	NaN
0	0.10500000000000001	573.4320115672936	445.57063845392213	68.15651139224639	976.5923380209782	1014.3777522590481	82.67879365931567	1007.8305746246508	NaN
0	0.10500000000000001	573.7632705033639	444.3343627180428	68.3669784388991	976.4738663412126	1014.7356354835624	82.71046845922253	1008.1919968852591	NaN
0	0.10500000000000001	574.094529439434	443.0681426287064	68.58226859310088	976.332683094537	1015.0774131276567	82.74267991752433	1008.5375469546652	NaN
0	0.10500000000000001	574.3904056895916	441.9130415727754	68.7785142630121	976.1875952106841	1015.3688651620134	82.77187449942551	1008.8325584608385	NaN
0	0.10500000000000001	574.6862819397492	440.7362655044812	68.9783698820539	976.0248062401854	1015.647105922062	82.80144052315937	1009.1145320648899	NaN
0	0.10500000000000001	574.9821581899066	439.5388771425849	69.18171860747059	975.8445343632802	1015.9119820301656	82.8313502279883	1009.3833096970477	NaN
0	0.10500000000000001	575.2780344400642	438.3219492773202	69.38844055704178	975.6470108154975	1016.1633514606929	82.86157591472896	1009.638745605266	NaN
0	0.10500000000000001	575.5739106902217	437.0865637347705	69.59841278403647	975.4324796150051	1016.4010836045402	82.89209037195486	1009.8807062284399	NaN
0	0.10500000000000001	575.8697869403792	435.83381033160066	69.81150924778804	975.2011972795391	1016.6250593232652	82.9228671490328	1010.1090699127436	NaN
0	0.10500000000000001	576.1355362172241	434.69471375803687	70.00546458738026	974.9794063274803	1016.8144136566481	82.95071265956604	1010.3024993286537	NaN
0	0.10500000000000001	576.4012854940689	433.543289620077	70.20174039971289	974.7445214038617	1016.9925133628964	82.97873110107302	1010.4847987355314	NaN
0	0.10500000000000001	576.6670347709138	432.38033993958175	70.40023889198287	974.4967529816336	1017.1592959294264	83.00690480755651	1010.6559031527568	NaN
0	0.10500000000000001	576.9327840477587	431.20666935242036	70.60086020201847	974.2363189111604	1017.3147063811184	83.03521628787983	1010.8157545954534	NaN
0	0.10500000000000001	577.1985333246034	430.02308450941854	70.80350240029834	973.9634442283922	1017.4586972831504	83.06364802865	1010.9643020440147	NaN
0	0.10500000000000001	577.4642826014483	428.83039347658547	71.00806149125981	973.6783609586818	1017.5912287384141	83.09218231603353	1011.1015014893765	NaN
0	0.10500000000000001	577.7300318782932	427.6294051382623	71.21443141710829	973.3813079164038	1017.7122683795392	83.12080110373958	1011.2273160408221	NaN
0	0.10500000000000001	577.995781155138	426.4209286045824	71.42250406508784	973.0725305005649	1017.8217913555529	83.14948594526815	1011.3417160739817	NaN
0	0.10500000000000001	578.2615304319829	425.2057726240391	71.63216927858298	972.752280486604	1017.9197803132073	83.17821799741063	1011.4446793916595	NaN
0	0.10500000000000001	578.5272797088278	423.9847450017987	71.84331487226568	972.4208158145879	1018.0062253730134	83.20697809072037	1011.5361913696105	NaN
0	0.10500000000000001	578.7930289856727	422.75865202434613	72.05582665145558	972.0784003740104	1018.0811241000251	83.2357468529538	1011.6162450631032	NaN
0	0.10500000000000001	579.0587782625175	421.5282978910356	72.26958843584669	971.7253037854085	1018.1444814694173	83.26450486464658	1011.6848412571557	NaN
0	0.10500000000000001	579.2975388526015	420.41992128275575	72.46260996677042	971.3991840801236	1018.1915717585645	83.29031722237346	1011.7367066729093	NaN
0	0.10500000000000001	579.5362994426855	419.3093312352905	72.6564581565673	971.0648677470579	1018.2293697335587	83.31609149658111	1011.7793417861659	NaN
0	0.10500000000000001	579.7750600327695	418.19710446760536	72.85104477570447	970.7225612748434	1018.2578941371145	83.34181410826488	1011.8127629275225	NaN
0	0.10500000000000001	580.0138206228536	417.08381497606274	73.04628038353769	970.3724743297181	1018.277168424869	83.36747176427286	1011.8369912353926	NaN
0	0.10500000000000001	580.2525812129376	415.9700337274949	73.24207435775452	970.0148196205492	1018.2872207312316	83.39305147424606	1011.852052549762	NaN
0	0.10500000000000001	580.4913418030216	414.856328355842	73.43833492484512	969.649812762867	1018.2880838326819	83.41854054123648	1011.8579773046683	NaN
0	0.10500000000000001	580.7301023931055	413.74326286371655	73.63496919277999	969.2776721419978	1018.2797951085539	83.44392652991216	1011.854800428206	NaN
0	0.10500000000000001	580.9688629831896	412.63139732945746	73.83188318627971	968.8986187754053	1018.2623964993463	83.46919721869446	1011.8425612569996	NaN
0	0.10500000000000001	581.2076235732736	411.52128761999023	74.02898188481691	968.5128761743418	1018.2359344625952	83.494340543659	1011.8213034695237	NaN
0	0.10500000000000001	581.4463841633576	410.41348510972506	74.22616926341003	968.120670204921	1018.2004599263552	83.51934454245732	1011.7910750397322	NaN
0	0.10500000000000001	581.6851447534416	409.3085364056955	74.42334833624038	967.7222289487196	1018.1560282403286	83.5441973059001	1011.7519282095908	NaN
0	0.10500000000000001	581.9239053435257	408.2069830791215	74.62042120311061	967.3177825630158	1018.1026991246912	83.56888694334253	1011.7039194766194	NaN
0	0.10500000000000001	582.1626659336097	407.10936140356966	74.81728909875402	966.9075631407746	1018.0405366166581	83.59340156586934	1011.6471095907133	NaN
0	0.10500000000000001	582.4014265236937	406.0162020998741	75.01385244499689	966.491804570486	1017.9696090148407	83.61772928880308	1011.5815635535341	NaN
0	0.10500000000000001	582.6401871137776	404.9280300879676	75.21001090576866	966.0707423959643	1017.8899888214438	83.64185825257533	1011.507350613652	NaN
0	0.10500000000000001	582.8789477038617	403.8453642457654	75.4056634449476	965.6446136762167	1017.8017526823527	83.66577665881427	1011.4245442513767	NaN
0	0.10500000000000001	583.1177082939457	402.76871717522914	75.60070838702231	965.2136568454861	1017.7049813251655	83.68947281685739	1011.3332221486514	NaN
0	0.10500000000000001	583.3564688840297	401.69859497572986	75.79504348054108	964.7781115735733	1017.5997594952225	83.71293519495218	1011.2334661412872	NaN
0	0.10500000000000001	583.5952294741137	400.63549702481686	75.98856596431474	964.3382186265437	1017.4861758896907	83.7361524702333	1011.1253621529287	NaN
0	0.10500000000000001	583.8339900641978	399.5799157664849	76.18117263632891	963.894219727922	1017.3643230897567	83.75911357211912	1011.00900011217	NaN
0	0.10500000000000001	584.0727506542818	398.5323365070227	76.37275992531453	963.446357420474	1017.2342974909892	83.78180771494114	1010.8844738559709	NaN
0	0.10500000000000001	584.3115112443658	397.49323721851295	76.5632239649178	962.9948749286801	1017.096199231929	83.80422441721221	1010.7518810237384	NaN
0	0.10500000000000001	584.5502718344497	396.46308835003924	76.75246067040077	962.5400160219947	1016.950132120965	83.82635350673743	1010.6113229470541	NaN
0	0.10500000000000001	584.7890324245338	395.4423526466458	76.94036581779714	962.082024878992	1016.7962035615603	83.8481851125324	1010.4629045399874	NaN
0	0.10500000000000001	585.0277930146178	394.4314849760809	77.12683512543886	961.6211459524908	1016.634524475888	83.86970964603407	1010.3067341943123	NaN
0	0.10500000000000001	585.2665536047018	393.430932163343	77.31176433776018	961.1576238357522	1016.465209226941	83.89091777519398	1010.1429236828394	NaN
0	0.10500000000000001	585.5053141947858	392.44113283303574	77.49504931127906	960.6917031298417	1016.2883755391794	83.91180039563258	1009.971588072674	NaN
0	0.10500000000000001	585.7440747848699	391.46251725952453	77.67658610264564	960.2236283122421	1016.1041444177778	83.93234860307106	1009.7928456486875	NaN
0	0.10500000000000001	585.9828353749539	390.4955072248763	77.85627105864135	959.7536436068058	1015.9126400665432	83.95255367077563	1009.6068178460582	NaN
0	0.10500000000000001	586.2215959650379	389.54051588454854	78.03400090800282	959.2819928551274	1015.7139898045605	83.97240703484842	1009.4136291895466	NaN
0	0.10500000000000001	586.4603565551218	388.5979476407854	78.20967285493785	958.8089193894198	1015.5083239816412	83.99190028901737	1009.2134072363648	NaN
0	0.10500000000000001	586.699117145206	387.6681980236614	78.38318467419268	958.3346659069696	1015.295775892634	84.01102518927648	1009.0062825191412	NaN
0	0.10500000000000001	586.9378777352899	386.75165357970565	78.55443480752265	957.8594743462486	1015.0764816906686	84.02977366748131	1008.7923884855784	NaN
0	0.10500000000000001	587.1766383253739	385.8486917680245	78.72332246141147	957.3835857647522	1014.8505802993994	84.04813785195104	1008.571861431925	NaN
0	0.10500000000000001	587.4153989154579	384.9596808638312	78.88974770587728	956.9072402186346	1014.6182133243138	84.06611009239252	1008.3448404282163	NaN
0	0.10500000000000001	587.654159505542	384.0849798692782	79.05361157419748	956.4306766442057	1014.3795249631756	84.08368298610237	1008.1114672342786	NaN
0	0.10500000000000001	587.892920095626	383.2249384314786	79.21481616337839	955.9541327413532	1014.1346619156694	84.10084940244386	1007.8718862065836	NaN
0	0.10500000000000001	588.13168068571	382.3798967675906	79.37326473519026	955.4778448589474	1013.8837732923123	84.11760250299449	1007.6262441970537	NaN
0	0.10500000000000001	588.370441275794	381.550185596832	79.52886181758252	955.0020478822871	1013.6270105227027	84.13393575545494	1007.3746904457331	NaN
0	0.10500000000000001	588.609201865878	380.7361260792789	79.68151330629036	954.5269751226357	1013.3645272631696	84.14984294028193	1007.1173764697695	NaN
0	0.10500000000000001	588.847962455962	379.9380297612968	79.83112656643863	954.0528582088984	1013.0964793038924	84.16531814994748	1006.854455951355	NaN
0	0.10500000000000001	589.086723046046	379.1561985274412	79.97761053394625	953.5799269814851	1012.8230244755546	84.18035578161148	1006.586084627149	NaN
0	0.10500000000000001	589.32548363613	378.3909245586599	80.12087581653051	953.1084093883995	1012.5443225555986	84.19495052471785	1006.3124201812874	NaN
0	0.10500000000000001	589.5642442262141	377.6424902966192	80.26083479410855	952.6385313835951	1012.2605351741458	84.2090973455159	1006.0336221434463	NaN
0	0.10500000000000001	589.8030048162981	376.9111684139711	80.39740171839108	952.1705168276287	1011.9718257196475	84.22279147071826	1005.7498517926676	NaN
0	0.10500000000000001	590.0417654063821	376.19722179037296	80.53049281146235	951.7045873906449	1011.6783592443292	84.23602837243247	1005.4612720668651	NaN
0	0.10500000000000001	590.280525996466	375.5009034940644	80.66002636313955	951.2409624577173	1011.3803023694909	84.2488037561749	1005.1680474772209	NaN
0	0.10500000000000001	590.5192865865502	374.822456768803	80.7859228269043	950.7798590365711	1011.0778231907284	84.26111355324959	1004.8703440261188	NaN
0	0.10500000000000001	590.7580471766341	374.16211502595615	80.90810491420007	950.3214916677049	1010.7710911831322	84.27295391813001	1004.5683291269229	NaN
0	0.10500000000000001	590.9968077667181	373.52010184154216	81.0264976868903	949.8660723369296	1010.4602771065281	84.28432123080522	1004.2621715237935	NaN
0	0.10500000000000001	591.2355683568021	372.89663095801353	81.1410286476736	949.4138103903376	1010.145552910816	84.29521210342864	1003.9520412098695	NaN
0	0.10500000000000001	591.4743289468862	372.2919062905712	81.25162782825514	948.96491245171	1009.8270916414668	84.30562339010999	1003.6381093424716	NaN
0	0.10500000000000001	591.7130895369702	371.7061219377988	81.35822787507648	948.5195823423682	1009.5050673452329	84.31555219837007	1003.3205481544585	NaN
0	0.10500000000000001	591.9518501270542	371.1394621964057	81.4607641324098	948.0780210034741	1009.1796549761278	84.32499590066031	1002.9995308614313	NaN
0	0.10500000000000001	592.1906107171382	370.5921015798686	81.55917472262674	947.6404264207765	1008.8510303017306	84.33395214443819	1002.6752315650322	NaN
0	0.10500000000000001	592.4293713072223	370.06420484076057	81.65340062345739	947.2069935518006	1008.5193698098659	84.34241885955116	1002.3478251530937	NaN
0	0.10500000000000001	592.6681318973062	369.555926996561	81.7433857420605	946.7779142554737	1008.1848506157124	84.35039426208422	1002.0174871977612	NaN
0	0.10500000000000001	592.9068924873902	369.06741335874057	81.82907698573187	946.3533772241784	1007.8476503693915	84.35787685429831	1001.684393852939	NaN
0	0.10500000000000001	593.1456530774742	368.59879956491926	81.91042432908577	945.9335679182188	1007.5079471640802	84.36486542077353	1001.3487217524502	NaN
0	0.10500000000000001	593.3852653893116	368.1486473710662	81.98764748917567	945.5171974509086	1007.1646953946744	84.37138129882189	1001.0094378247462	NaN
0	0.10500000000000001	593.6266283509417	367.7157160227017	82.06091934300181	945.1029673609002	1006.8167519750224	84.37744011318362	1000.6654111592982	NaN
0	0.10500000000000001	593.8705207455284	367.2992688383157	82.13031317921711	944.6898637917756	1006.4631237753674	84.38304748897262	1000.3156576642683	NaN
0	0.10500000000000001	594.1177168780746	366.898848202911	82.19584124259111	944.2769596812843	1006.1028093635376	84.38820245647436	999.9591837169619	NaN
0	0.10500000000000001	594.3689829145359	366.51428941825037	82.2574516709543	943.8634280589048	1005.7348102131323	84.39289725223149	999.5949972493505	NaN
0	0.10500000000000001	594.625121867678	366.1456662955699	82.31503605029648	943.4484772817618	1005.3580705983267	84.3971178854388	999.222048233268	NaN
0	0.10500000000000001	594.8870023595694	365.79328471378	82.36842789313884	943.0313200676196	1004.9714404343831	84.40084385398289	998.8391917685527	NaN
0	0.10500000000000001	595.1556064212517	365.45767310045625	82.41740000746707	942.6111198263552	1004.5736101460411	84.40404761044269	998.445123374455	NaN
0	0.10500000000000001	595.4320826170482	365.13960038564	82.46165524166237	942.1869404950364	1004.1630382223268	84.40669330693063	998.0383068887619	NaN
0	0.10500000000000001	595.7178127367242	364.8401211020892	82.50080987373674	941.7576911508867	1003.7378603481468	84.40873469936768	997.616883929591	NaN
0	0.10500000000000001	596.014527759776	364.5606318436819	82.53436970642304	941.3220200968595	1003.2957284347667	84.41011198138288	997.1785136061134	NaN
0	0.10500000000000001	596.3244593958729	364.30299735885933	82.56168718380377	940.8781955211844	1002.8336023609231	84.41074645813919	996.7201648999887	NaN
0	0.10500000000000001	596.6505434306782	364.0697825517798	82.58188993491783	940.4239698832602	1002.3474752012825	84.41053199874581	996.2378424425848	NaN
0	0.10500000000000001	596.996531797875	363.8647407975349	82.59376146165452	939.95664957353	1001.8322534558393	84.40932235048676	995.72646527302	NaN
0	0.10500000000000001	597.3660885004713	363.6938873432292	82.59559248234262	939.4745495811547	1001.2831748868347	84.40692274425665	995.1812718537959	NaN
0	0.10500000000000001	597.7575055782457	363.5670304610541	82.58536572135293	938.9836129609737	1000.703701987931	84.40314611467356	994.6056618101716	NaN
0	0.10500000000000001	598.1580290178274	363.49461975238245	82.56203099296017	938.5027113198139	1000.1137296629963	84.39798181765728	994.0193708107336	NaN
0	0.10500000000000001	598.5585722836382	363.479976201763	82.52579158411488	938.0439769146026	999.5275253989386	84.39151997609211	993.4365707153991	NaN
0	0.10500000000000001	598.959115549449	363.5227449139457	82.4767914184312	937.6078913167088	998.9458938549368	84.38377997971604	992.8580634368983	NaN
0	0.10500000000000001	599.3596588152599	363.62249983682733	82.41519989088695	937.1948788120096	998.3695981283655	84.37478240371001	992.2846098209159	NaN
0	0.10500000000000001	599.7602020810707	363.7787496346389	82.34121202706595	936.8053305736095	997.7993881602865	84.36454918847268	991.716957911705	NaN
0	0.10500000000000001	600.1607453468816	363.9909385532904	82.25504771615543	936.4396045222636	997.2359998838876	84.35310362141391	991.1558421397174	NaN
0	0.10500000000000001	600.5612886126925	364.25844729959954	82.15695085720256	936.0980252196066	996.6801544012861	84.34047033171623	990.6019825155852	NaN
0	0.10500000000000001	600.9618318785033	364.58059393664286	82.04718842429118	935.7808837930955	996.1325571889136	84.3266752827953	990.0560838272472	NaN
0	0.10500000000000001	601.3623751443141	364.9566347977916	81.9260494566458	935.4884378916678	995.5938973316446	84.31174574960036	989.5188348456998	NaN
0	0.10500000000000001	601.7629184101249	365.3857654223626	81.79384398005385	935.2209116712146	995.064846785791	84.29571027429304	988.990907550788	NaN
0	0.10500000000000001	602.1667007444411	365.87122448428846	81.64970311145049	934.9766382700741	994.5419079825236	84.27845592175984	988.4688102920236	NaN
0	0.10500000000000001	602.5772858700223	366.41830893730054	81.49231388458271	934.7545818232144	994.0215252933294	84.25982202812664	987.9489845937125	NaN
0	0.10500000000000001	602.9982488156875	367.0340726188751	81.32003008209254	934.5546180432094	993.5005798104648	84.23961306305416	987.4282984528978	NaN
0	0.10500000000000001	603.4317349461884	367.7249271509257	81.13153586776153	934.3781279374961	992.9781818914132	84.21767471801492	986.9058392324994	NaN
0	0.10500000000000001	603.8741594466933	368.48799039262974	80.92807685067841	934.2288508973438	992.4604544317609	84.19414788141938	986.3877077037524	NaN
0	0.10500000000000001	604.3165839471983	369.30805594675536	80.71397968286185	934.1107638352976	991.9590636550261	84.16952003022847	985.8855704748908	NaN
0	0.10500000000000001	604.7590084477032	370.18348211578746	80.48981846445295	934.0238412867662	991.4747194757493	84.14383944536574	985.4001406187255	NaN
0	0.10500000000000001	605.2014329482081	371.11255037937303	80.25618251719834	933.9680093729622	991.0080988180652	84.11715562779085	984.9320987494929	NaN
0	0.10500000000000001	605.643857448713	372.0934675608908	80.01367412105411	933.9431461989016	990.5598448523549	84.08951924332122	984.482092233346	NaN
0	0.10500000000000001	606.0862819492179	373.12436811063026	79.76290626954848	933.9490822996357	990.1305662841241	84.06098204762264	984.0507344418907	NaN
0	0.10500000000000001	606.5287064497228	374.2033165067006	79.50450045195169	933.9856011352003	989.7208366950466	84.03159679269449	983.6386040619524	NaN
0	0.10500000000000001	606.9188302465873	375.19298724407236	79.27080512260227	934.0429678326944	989.3761914559385	84.00502440995483	983.2915794396813	NaN
0	0.10500000000000001	607.3089540434519	376.21704570045057	79.03209216990304	934.1237001240719	989.0475105692778	83.97787161577541	982.9602774876067	NaN
0	0.10500000000000001	607.6599925212261	377.1666998028706	78.81336555891588	934.2161199334366	988.7656720309286	83.95297423607377	982.6758774694778	NaN
0	0.10500000000000001	608.0110309990002	378.14193691942273	78.59124523394001	934.3270743536862	988.4972411073837	83.92766520815256	982.4046962128878	NaN
0	0.10500000000000001	608.3620694767744	379.1416507311881	78.36604778128593	934.4563541276366	988.2424228617843	83.90197251596747	982.1469422942251	NaN
0	0.10500000000000001	608.7131079545487	380.16471311902814	78.13808879537453	934.6037327277352	988.0014073890932	83.87592435679123	981.9028095029967	NaN
0	0.10500000000000001	609.0641464323229	381.20997519286203	77.90768232607087	934.7689666119783	987.7743697115139	83.84954912287763	981.6724767351793	NaN
0	0.10500000000000001	609.3769002864022	382.1589917647858	77.70059588765196	934.9310094963474	987.5839973733856	83.82579807221116	981.4790222077488	NaN
0	0.10500000000000001	609.6896541404817	383.12386350824954	77.4920332469164	935.1068239322326	987.4049501822144	83.80183037975232	981.296757901743	NaN
0	0.10500000000000001	610.002407994561	384.1037403717845	77.28221139622534	935.2962046198539	987.2373213595946	83.77766643546141	981.125780112693	NaN
0	0.10500000000000001	610.3151618486404	385.09776181436837	77.07134513150302	935.4989362264075	987.0811944556566	83.75332669727867	980.9661755598868	NaN
0	0.10500000000000001	610.6279157027197	386.10505747114985	76.85964680936263	935.7147935659737	986.9366433253914	83.72883167499539	980.8180213586955	NaN
0	0.10500000000000001	610.9406695567991	387.1247478283052	76.64732611145476	935.9435417864785	986.803732111636	83.70420191365837	980.6813850005906	NaN
0	0.10500000000000001	611.2534234108786	388.155944911502	76.4345898211401	936.1849365636618	986.6825152347415	83.67945797707385	980.5563243409364	NaN
0	0.10500000000000001	611.5661772649579	389.1977529886211	76.22164161376504	936.4387243020481	986.5730373889431	83.65462043189676	980.4428875943943	NaN
0	0.10500000000000001	611.8471982199177	390.1421630907044	76.03028419590703	936.6771163535452	986.4847093437194	83.63224007079074	980.3509071090267	NaN
0	0.10500000000000001	612.1282191748775	391.0937520918759	75.83906045766085	936.9251055029373	986.4059060692698	83.60981562212156	980.2683640353538	NaN
0	0.10500000000000001	612.4092401298373	392.0518570297111	75.64811099997108	937.1824894649498	986.3366399238927	83.58736195478689	980.1952734602125	NaN
0	0.10500000000000001	612.6902610847969	393.01581169829933	75.45757395612901	937.4490604497107	986.276916956858	83.56489390546511	980.1316442153195	NaN
0	0.10500000000000001	612.9712820397567	393.9849470987369	75.26758491105129	937.7246052997473	986.2267369250665	83.54242627134019	980.0774788926232	NaN
0	0.10500000000000001	613.2523029947165	394.9585918925119	75.07827682500674	938.0089056306108	986.1860933132842	83.51997380276293	980.032773862725	NaN
0	0.10500000000000001	613.5333239496763	395.9360728592782	74.88977996358875	938.3017379750726	986.1549733579632	83.49755119568002	979.9975192964323	NaN
0	0.10500000000000001	613.8143449046361	396.916715359103	74.70222183432064	938.6028739308398	986.1333580746466	83.47517308371151	979.9716991895698	NaN
0	0.10500000000000001	614.0953658595959	397.89984379887716	74.5157271298857	938.9120803117441	986.1212222889641	83.45285402982722	979.9552913912087	NaN
0	0.10500000000000001	614.3763868145556	398.8847821024611	74.33041767785713	939.2291193023478	986.1185346712191	83.430608517643	979.9482676354797	NaN
0	0.10500000000000001	614.6574077695154	399.8708541840961	74.14641239676075	939.5537486159064	986.1252577745624	83.40845094241784	979.9505935771186	NaN
0	0.10500000000000001	614.9384287244752	400.85738442459393	73.96382725828514	939.8857216556252	986.1413480767548	83.38639560188211	979.9622288308381	NaN
0	0.10500000000000001	615.2194496794349	401.84369814980346	73.78277525544107	940.224787679131	986.16675602551	83.3644566870401	979.9831270145703	NaN
0	0.10500000000000001	615.5004706343947	402.8291221108452	73.60336637646226	940.5706919660857	986.2014260874147	83.34264827309065	980.0132357965614	NaN
0	0.10500000000000001	615.7814915893545	403.8129849655973	73.42570758423189	940.9231759888535	986.2452968004127	83.32098431057705	980.0524969462388	NaN
0	0.10500000000000001	616.0625125443142	404.7946177609093	73.24990280101223	941.2819775861312	986.298300829845	83.29947861683581	980.1008463887423	NaN
0	0.10500000000000001	616.343533499274	405.77335441501776	73.07605289824907	941.646831139446	986.3603650280309	83.27814486776367	980.1582142629849	NaN
0	0.10500000000000001	616.6245544542338	406.7485321996316	72.90425569121867	942.0174677524134	986.4314104973747	83.25699658987074	980.224524983115	NaN
0	0.10500000000000001	616.9055754091936	407.71949222115614	72.7346059382813	942.3936154326508	986.5113526569779	83.2360471525516	980.2996973032726	NaN
0	0.10500000000000001	617.1865963641533	408.6855799005232	72.56719534450295	942.7749992762314	986.600101312736	83.2153097604822	980.3836443855665	NaN
0	0.10500000000000001	617.4676173191131	409.64614545109305	72.4021125694058	943.1613416545556	986.6975607308954	83.19479744604659	980.4762738712393	NaN
0	0.10500000000000001	617.7486382740728	410.60054435410007	72.23944323860772	943.5523624035195	986.8036297150439	83.17452306171005	980.577487955027	NaN
0	0.10500000000000001	618.0296592290326	411.5481378311127	72.07926995911077	943.9477790148454	986.9182016865029	83.15449927228322	980.6871834627468	NaN
0	0.10500000000000001	618.3106801839924	412.4882933129849	71.92167233800107	944.3473068294445	987.0411647680892	83.13473854705708	980.8052519321666	NaN
0	0.10500000000000001	618.5917011389522	413.42038490478	71.76672700432334	944.7506592326694	987.1724018712097	83.11525315182425	980.9315796972053	NaN
0	0.10500000000000001	618.872722093912	414.34379384615426	71.61450763389743	945.1575478513125	987.3117907862502	83.09605514083768	981.0660479755053	NaN
0	0.10500000000000001	619.1537430488718	415.25790896669525	71.46508497684626	945.5676827522052	987.4592042762145	83.07715634877646	981.2085329593867	NaN
0	0.10500000000000001	619.4347640038316	416.16212713571514	71.31852688760961	945.9807726422629	987.6145101735692	83.0585683828024	981.3589059101655	NaN
0	0.10500000000000001	619.7157849587912	417.05585370601096	71.17489835722253	946.396525069824	987.7775714802441	83.04030261478464	981.5170332557767	NaN
0	0.10500000000000001	619.996805913751	417.9385029511113	71.03426154764168	946.8146466271238	987.9482464707378	83.02237017375643	981.6827766916213	NaN
0	0.10500000000000001	620.2778268687108	418.8094984955389	70.89667582790945	947.2348431537392	988.1263887982706	83.0047819386437	981.8559932845276	NaN
0	0.10500000000000001	620.5588478236706	419.66827373763033	70.76219781195073	947.6568199408449	988.3118476039288	82.98754853127977	982.0365355797101	NaN
0	0.10500000000000001	620.8398687786304	420.5142722644643	70.6308813978037	948.0802819361097	988.504467628737	82.97068030969399	982.2242517106046	NaN
0	0.10500000000000001	621.1208897335902	421.3469482584623	70.50277780809294	948.5049339490702	988.7040893285938	82.95418736164171	982.4189855114735	NaN
0	0.10500000000000001	621.40191068855	422.16576689523873	70.37793563155941	948.9304808568041	988.9105489920024	82.93807949833182	982.620576632686	NaN
0	0.10500000000000001	621.6829316435096	422.970204732288	70.25640086546903	949.3566278097381	989.1236788605273	82.92236624830637	982.8288606586017	NaN
0	0.10500000000000001	621.9639525984694	423.75975008811264	70.13821695872916	949.7830804374117	989.3433072518991	82.90705685143121	983.0436692279998	NaN
0	0.10500000000000001	622.2449735534292	424.53390341140766	70.02342485554892	950.2095450540255	989.5692586856933	82.89216025297345	983.2648301570168	NaN
0	0.10500000000000001	622.525994508389	425.2921776399309	69.91206303948712	950.6357288635973	989.8013540115016	82.87768509775874	983.4921675645538	NaN
0	0.10500000000000001	622.8070154633488	426.034098548705	69.804167577739	951.0613401645517	990.039410539513	82.86363972441976	983.7255020001211	NaN
0	0.10500000000000001	623.0880364183085	426.7592050872088	69.69977216552009	951.4860885535644	990.2832421734189	82.85003215976485	983.9646505740758	NaN
0	0.10500000000000001	623.3690573732683	427.46704970523245	69.59890817041372	951.9096851284887	990.5326595455526	82.83687011330676	984.2094270901914	NaN
0	0.10500000000000001	623.6500783282281	428.1571986670861	69.5016046765552	952.3318426901857	990.7874701541742	82.82416097199744	984.4596421804855	NaN
0	0.10500000000000001	623.9310992831879	428.8292323538638	69.40788852853375	952.7522759430847	991.0474785028041	82.81191179521015	984.7151034422067	NaN
0	0.10500000000000001	624.2121202381476	429.4827455534853	69.3177843749005	953.1707016942994	991.3124862415116	82.80012931000473	984.975615576872	NaN
0	0.10500000000000001	624.4931411931074	430.11734773824764	69.2313147111782	953.5868390511245	991.5822923100576	82.78881990669858	985.2409805312275	NaN
0	0.10500000000000001	624.7741621480671	430.7326633296393	69.14849992227457	954.0004096167436	991.8566930827926	82.7779896347505	985.5109976400028	NaN
0	0.10500000000000001	625.0551831030269	431.328331950181	69.06935832420953	954.411137683975	992.1354825152047	82.76764419895355	985.7854637703279	NaN
0	0.10500000000000001	625.3362040579867	431.90400866207614	68.99390620507259	954.8187504268893	992.4184522920123	82.75778895592052	986.0641734676844	NaN
0	0.10500000000000001	625.6172250129465	432.4593641924685	68.9221578651334	955.222978090128	992.705391976698	82.74842891083972	986.3469191032755	NaN
0	0.10500000000000001	625.8982459679063	432.9940851451186	68.85412565603525	955.6235541757625	992.9960891623689	82.73956871447835	986.6334910227004	NaN
0	0.10500000000000001	626.179266922866	433.5078741983289	68.78982001900793	956.0202156275276	993.2903296238368	82.7312126604122	986.9236776958398	NaN
0	0.10500000000000001	626.4602878778257	434.00045028896227	68.72924952204167	956.4127030122714	993.587897470804	82.72336468247055	987.2172658678555	NaN
0	0.10500000000000001	626.7418023647139	434.47235708980446	68.67232438768431	956.8014381645338	993.8891059630556	82.71601592025779	987.514564586702	NaN
0	0.10500000000000001	627.0251417950221	434.9253076491576	68.618826857595	957.1879487497883	994.1951958593415	82.70914123093522	987.8167996237186	NaN
0	0.10500000000000001	627.3111456086386	435.35987795263406	68.56869232016724	957.5730091499198	994.5069150294462	82.70273565137698	988.1247118858076	NaN
0	0.10500000000000001	627.6007464115169	435.7765071319229	68.5218864723066	957.9574456572097	994.825133130041	82.69679857346937	988.4391639502954	NaN
0	0.10500000000000001	627.894778037704	436.17519409579575	68.47843995302051	958.3418689482218	995.1506256601334	82.69133823564611	988.7609267708646	NaN
0	0.10500000000000001	628.1940912602103	436.555666611739	68.43842823231547	958.7268216304801	995.4841924249704	82.68636920454776	989.0907966803147	NaN
0	0.10500000000000001	628.4995400911578	436.9173435596637	68.40197591951637	959.1127487111851	995.8266355107052	82.68191298965412	989.429573668947	NaN
0	0.10500000000000001	628.8120177188016	437.2593549812054	68.3692552853326	959.5000297641734	996.178792044294	82.67799794815633	989.7780938623482	NaN
0	0.10500000000000001	629.1324753786434	437.5805244775401	68.34048963123152	959.8889838520215	996.5415477396067	82.67465982911106	990.1372430691326	NaN
0	0.10500000000000001	629.4619286219533	437.87932723169064	68.31595961025715	960.2798544112123	996.9158349845663	82.67194270094977	990.5079550718776	NaN
0	0.10500000000000001	629.8014651423564	438.15384190432655	68.29601054359128	960.6727919472036	997.302630697475	82.6699000165567	990.8912097168337	NaN
0	0.10500000000000001	630.152234639902	438.4016819550572	68.28106165863879	961.0678119132787	997.7029311406279	82.66859589828815	991.2880081916354	NaN
0	0.10500000000000001	630.5154021634687	438.61990914645014	68.27161554468869	961.4647113821807	998.1176817844837	82.66810635055741	991.6993037026773	NaN
0	0.10500000000000001	630.8920422911141	438.8049489301368	68.2682632739607	961.8629304762525	998.5476363914865	82.66851968677176	992.1258617865235	NaN
0	0.10500000000000001	631.282944440896	438.95255087139276	68.27167666002276	962.2613473650362	998.9931135006511	82.66993486758871	992.5680184310868	NaN
0	0.10500000000000001	631.688333573168	439.05788021225595	68.28257498961466	962.6580431714242	999.4536612359981	82.67245593525914	993.025346474724	NaN
0	0.10500000000000001	632.1076092303143	439.1158396149379	68.30165842722431	963.0501693264291	999.9277580759339	82.67618166897253	993.4963567096985	NaN
0	0.10500000000000001	632.5393148930501	439.1216138653734	68.32952390341406	963.4341117632325	1000.4127990348593	82.68119325113095	993.9784816834937	NaN
0	0.10500000000000001	632.9814616115939	439.0712136474818	68.36660605356757	963.8059865388545	1000.905502447937	82.68754638247579	994.4684775927373	NaN
0	0.10500000000000001	633.4320242081737	438.96173332331006	68.41317387281535	964.1621972416759	1001.402511647912	82.69527184771025	994.9630211945797	NaN
0	0.10500000000000001	633.8893151855051	438.7912662084891	68.46937102536877	964.4997600485119	1001.9008415576199	82.70438210775663	995.4591541058138	NaN
0	0.10500000000000001	634.3521445584271	438.55862814135617	68.53527015801983	964.8163609202854	1002.3980637565828	82.71487942649094	995.9544680048847	NaN
0	0.10500000000000001	634.8197144874229	438.2631244157961	68.61090218473677	965.1101865140974	1002.892186725902	82.7267598042489	996.4469866360104	NaN
0	0.10500000000000001	635.291464019786	437.90443170797414	68.69626434454727	965.3797502373033	1003.3814829690101	82.7400137733314	996.9349944875047	NaN
0	0.10500000000000001	635.7667531075836	437.482749581979	68.79127670368116	965.6236855138944	1003.864163977056	82.75461951813195	997.4167129998166	NaN
0	0.10500000000000001	636.2444964991478	436.9992414712742	68.89569173576865	965.8406253706023	1004.3380456799758	82.77052936093364	997.8899660009886	NaN
0	0.10500000000000001	636.7228023909402	436.4567277074501	69.00896625243557	966.0292151736884	1004.8002787541011	82.7876512188988	998.3519084649909	NaN
0	0.10500000000000001	637.2011082827323	435.8573297277825	69.1307566618635	966.1890151969457	1005.249460803471	82.80592399749241	998.80113679965	NaN
0	0.10500000000000001	637.6794141745247	435.2027415378157	69.26082608939087	966.3199187121457	1005.6847866368012	82.82530249643838	999.2368429602486	NaN
0	0.10500000000000001	638.1577200663169	434.49475927378637	69.39892666584296	966.4218796062914	1006.105484934365	82.84573950553612	999.658252070364	NaN
0	0.10500000000000001	638.6360259581093	433.7352762464264	69.54479953182019	966.4949120357544	1006.5108196306106	82.86718591894095	1000.0646238198249	NaN
0	0.10500000000000001	639.1143318499014	432.92627779870884	69.69817484826594	966.539089944961	1006.9000912118848	82.88959085335834	1000.4552537792706	NaN
0	0.10500000000000001	639.5926377416938	432.06983599303277	69.85877181643612	966.5545464517015	1007.2726379266394	82.91290176972667	1000.8294746286679	NaN
0	0.10500000000000001	640.070943633486	431.16810414399936	70.02629871069138	966.541473101505	1007.6278369057222	82.93706459802435	1001.1866572974216	NaN
0	0.10500000000000001	640.5492495252784	430.22331121332303	70.20045292759605	966.5001189938637	1007.9651051906022	82.96202386491487	1001.526212013952	NaN
0	0.10500000000000001	641.0275554170705	429.23775608374035	70.38092105483463	966.430789783443	1008.2839006676172	82.98772282398654	1001.8475892627947	NaN
0	0.10500000000000001	641.5058613088629	428.2138017290326	70.56737896345712	966.3338465597371	1008.5837229065884	83.01410358833404	1002.1502806474568	NaN
0	0.10500000000000001	641.9841672006551	427.1538692974825	70.75949192694483	966.2097046089632	1008.8641139023997	83.04110726518155	1002.4338196574585	NaN
0	0.10500000000000001	642.4077960005718	426.1870437492378	70.93408902873094	966.0774160203691	1009.0958916621333	83.06549622678935	1002.6686112095257	NaN
0	0.10500000000000001	642.8314248004883	425.19568391617577	71.11260496393237	965.9245171301825	1009.3118409454132	83.09028495039412	1002.8877793892174	NaN
0	0.10500000000000001	643.2550536004051	424.1815637794498	71.29478702270077	965.7513976682329	1009.5117291039492	83.11543105530076	1003.0910846807099	NaN
0	0.10500000000000001	643.6786824003216	423.14647906155193	71.48037640134164	965.5584772371227	1009.6953507712342	83.1408918613414	1003.2783145823349	NaN
0	0.10500000000000001	644.0578077370506	422.20384051400237	71.64914181578011	965.369400066046	1009.8457432646478	83.16390967891559	1003.4320922575002	NaN
0	0.10500000000000001	644.4369330737793	421.24717438445435	71.82023065689147	965.1651630844037	1009.9828557067106	83.18711433247891	1003.5727315716238	NaN
0	0.10500000000000001	644.8160584105083	420.2777992930212	71.99344575202369	964.9461241380938	1010.1065969436006	83.21047491362016	1003.7001357739396	NaN
0	0.10500000000000001	645.195183747237	419.2970397758026	72.16858648354646	964.7126577959514	1010.2168935219177	83.23396050510708	1003.8142256820788	NaN
0	0.10500000000000001	645.574309083966	418.3062244270563	72.34544894345852	964.4651547200918	1010.3136896711082	83.25754022369013	1003.9149396741509	NaN
0	0.10500000000000001	645.9534344206947	417.3066840459113	72.52382608915345	964.2040210185463	1010.396947261597	83.28118326258861	1004.0022336565916	NaN
0	0.10500000000000001	646.3325597574237	416.2997498007429	72.70350791071463	963.9296775812754	1010.4666457388571	83.30485893358981	1004.076081007982	NaN
0	0.10500000000000001	646.7116850941525	415.286751415785	72.8842816115933	963.6425594007724	1010.52278203369	83.3285367086863	1004.1364724990771	NaN
0	0.10500000000000001	647.0519288325677	414.3735698977563	73.04726847502165	963.374378652042	1010.5616254307487	83.34976303298058	1004.1792200890527	NaN
0	0.10500000000000001	647.3921725709829	413.4575281401891	73.21080396210478	963.0966028756523	1010.589579227117	83.37094486754675	1004.2111541194978	NaN
0	0.10500000000000001	647.7324163093981	412.5395773410579	73.37472933844894	962.8095727370917	1010.6066766747794	83.39206063651625	1004.2323032364541	NaN
0	0.10500000000000001	648.0726600478133	411.62066345461426	73.53888458165642	962.5136363010632	1010.6129620110623	83.4130889668946	1004.2427070346712	NaN
0	0.10500000000000001	648.4129037862284	410.70172622597397	73.70310853144125	962.2091486033252	1010.6084903434978	83.43400871096128	1004.2424159480081	NaN
0	0.10500000000000001	648.7531475246436	409.7836982404833	73.86723904219487	961.8964712183323	1010.5933275234244	83.45479896822924	1004.231491128529	NaN
0	0.10500000000000001	649.0933912630588	408.867503992873	74.03111314187358	961.5759718232338	1010.5675500085624	83.47543910693884	1004.2100043145225	NaN
0	0.10500000000000001	649.4336350014739	407.9540589779532	74.1945671978466	961.2480237588259	1010.5312447148184	83.49590878506181	1004.1780376876893	NaN
0	0.10500000000000001	649.7738787398891	407.0442688039252	74.35743708969619	960.9130055880595	1010.4845088575792	83.51618797079271	1004.135683719756	NaN
0	0.10500000000000001	650.1141224783044	406.13902832920763	74.51955838880778	960.5713006527042	1010.4274497827734	83.53625696250441	1004.0830450087798	NaN
0	0.10500000000000001	650.4543662167196	405.2392208235856	74.68076654452858	960.2232966287628	1010.36018478799	83.55609640814276	1004.0202341054257	NaN
0	0.10500000000000001	650.7946099551348	404.345717154419	74.84089707663253	959.869385081228	1010.2828409339494	83.5756873240397	1003.9473733295081	NaN
0	0.10500000000000001	651.1348536935499	403.4593749985814	74.99978577379153	959.5099610187615	1010.1955548466408	83.59501111311992	1003.8645945770982	NaN
0	0.10500000000000001	651.4750974319651	402.5810380807263	75.15726889771592	959.1454224488726	1010.0984725104435	83.61404958248123	1003.7720391185153	NaN
0	0.10500000000000001	651.8153411703803	401.7115354384131	75.31318339259127	958.7761699341612	1009.9917490525609	83.63278496032784	1003.669857387523	NaN
0	0.10500000000000001	652.1555849087954	400.85168071455234	75.46736709940174	958.4026061501771	1009.8755485191067	83.65119991223922	1003.5582087620681	NaN
0	0.10500000000000001	652.4958286472106	400.00227147756067	75.61965897469658	958.0251354454431	1009.7500436431881	83.66927755675815	1003.4372613369042	NaN
0	0.10500000000000001	652.8360723856258	399.1640885695459	75.76989931332072	957.6441634041691	1009.6154156053377	83.68700148028518	1003.3071916884508	NaN
0	0.10500000000000001	653.176316124041	398.33789548277485	75.91792997459893	957.2600964121765	1009.4718537866571	83.70435575126587	1003.1681846322473	NaN
0	0.10500000000000001	653.5165598624562	397.52443776460535	76.06359461143101	956.8733412265331	1009.319555515034	83.72132493366306	1003.0204329733616	NaN
0	0.10500000000000001	653.8568036008713	396.7244424509991	76.20673890172563	956.4843045493882	1009.1587258048062	83.7378940997024	1002.8641372501238	NaN
0	0.10500000000000001	654.1970473392865	395.9386175286666	76.34721078157344	956.0933926064757	1008.9895770902463	83.75404884188508	1002.6995054715569	NaN
0	0.10500000000000001	654.5372910777018	395.16765142582733	76.48486067953347	955.7010107307416	1008.8123289532459	83.76977528425948	1002.5267528488795	NaN
0	0.10500000000000001	654.8775348161168	394.412212531512	76.61954175138499	955.307562951529	1008.6272078455822	83.78506009294678	1002.3461015214616	NaN
0	0.10500000000000001	655.2177785545321	393.6729487432698	76.7511101146745	954.9134515897401	1008.4344468061482	83.79989048591375	1002.1577802776153	NaN
0	0.10500000000000001	655.5580222929473	392.9504870430868	76.87942508237155	954.519076859373	1008.2342851735358	83.81425424199078	1001.9620242706038	NaN
0	0.10500000000000001	655.8982660313625	392.24543310127075	77.00434939493078	954.1248364758106	1008.0269682943547	83.82813970913166	1001.7590747302576	NaN
0	0.10500000000000001	656.2385097697777	391.5583709080003	77.12574945004611	953.7311252712235	1007.8127472276748	83.84153581191457	1001.5491786705821	NaN
0	0.10500000000000001	656.5787535081928	390.8898624321951	77.24349552937466	953.3383348174233	1007.5918784459773	83.85443205828696	1001.3325885937447	NaN
0	0.10500000000000001	656.918997246608	390.24044730731345	77.35746202150226	952.946853056484	1007.364623532999	83.86681854555489	1001.1095621908273	NaN
0	0.10500000000000001	657.2592409850232	389.6106425436465	77.46752764042093	952.5570639394315	1007.1312488788515	83.87868596562397	1000.8803620397266	NaN
0	0.10500000000000001	657.5994847234383	389.00094226664004	77.5735756387907	952.1693470732746	1006.8920253727949	83.89002560949598	1000.6452553005845	NaN
0	0.10500000000000001	657.9397284618535	388.4118174807403	77.67549401526276	951.7840773766367	1006.6472280940427	83.9008293710298	1000.4045134091257	NaN
0	0.10500000000000001	658.2799722002687	387.84371585823413	77.7731757151511	951.4016247442197	1006.397136000968	83.91108974997465	1000.1584117682745	NaN
0	0.10500000000000001	658.6202159386839	387.2970615525254	77.86651882375163	951.0223537203174	1006.1420316190816	83.92079985428528	999.9072294384223	NaN
0	0.10500000000000001	658.9604596770992	386.77225503527205	77.95542675162476	950.6466231815706	1005.8822007281426	83.92995340172791	999.6512488267069	NaN
0	0.10500000000000001	659.3007034155142	386.26967295678855	78.03980841117726	950.2747860291396	1005.617932048757	83.93854472078996	999.3907553756651	NaN
0	0.10500000000000001	659.6409471539295	385.7896680291077	78.1195783839024	949.9071888904468	1005.3495169288183	83.94656875090409	999.1260372516076	NaN
0	0.10500000000000001	659.9811908923447	385.3325689310874	78.19465707766543	949.5441718306262	1005.0772490301317	83.95402104199943	998.8573850330664	NaN
0	0.10500000000000001	660.3214346307598	384.8986802349426	78.26497087345089	949.1860680737942	1004.801424015559	83.96089775339432	998.585091399652	NaN
0	0.10500000000000001	660.661678369175	384.48828235358314	78.33045226102215	948.8332037342435	1004.5223392370127	83.96719565204508	998.3094508216527	NaN
0	0.10500000000000001	661.0035123089369	384.0998805397709	78.39131155472865	948.48428788896	1004.2389687417884	83.97293745874192	998.0294500291835	NaN
0	0.10500000000000001	661.3489884765045	383.7319340628713	78.44774377768425	948.1376762445769	1003.9498522309501	83.97814205192961	997.7436441025121	NaN
0	0.10500000000000001	661.6998969448273	383.38373483654163	78.49978802827648	947.7921371817906	1003.6537061370527	83.982811136877	997.4507601028452	NaN
0	0.10500000000000001	662.0581629339335	383.0549888746009	78.54739141452418	947.4464692562304	1003.3491099136955	83.98693533976297	997.1493870459049	NaN
0	0.10500000000000001	662.4258213368279	382.74591957959177	78.5903893254558	947.0995622553455	1003.034540665382	83.99049222328841	996.8380098747061	NaN
0	0.10500000000000001	662.8051717978376	382.45723881361437	78.62850300152502	946.750296508543	1002.7082561258768	83.99344563442978	996.5148932456359	NaN
0	0.10500000000000001	663.1988012788195	382.190291246765	78.66130913813126	946.3975895204522	1002.36829344181	83.99574237641315	996.1780796795571	NaN
0	0.10500000000000001	663.609544710377	381.94726475987096	78.68819985168253	946.0405119393274	1002.012529162631	83.99730806119705	995.8254482741504	NaN
0	0.10500000000000001	664.0399485771329	381.73162970539875	78.70832430627767	945.6788227204074	1001.6391811157905	83.99804271269629	995.4552117395044	NaN
0	0.10500000000000001	664.4905424217527	381.54871428047386	78.72057055746139	945.3143605888147	1001.248353662267	83.99782508268859	995.0674502048181	NaN
0	0.10500000000000001	664.957219754379	381.40543701574273	78.72377124457486	944.9527377354215	1000.844329851635	83.99654485385251	994.6663913840557	NaN
0	0.10500000000000001	665.4325195789388	381.3076920378426	78.71716976912238	944.6015616284758	1000.4343966352035	83.99414954795695	994.2592542081362	NaN
0	0.10500000000000001	665.9106932410996	381.25822102189886	78.70057010762638	944.2662405420366	1000.0243555734642	83.99064257983872	993.8517948392443	NaN
0	0.10500000000000001	666.3888669032604	381.25747522102546	78.67409189091899	943.9494554520904	999.617476523674	83.98605148271542	993.447262514728	NaN
0	0.10500000000000001	666.8670405654211	381.30508014301165	78.63786981427619	943.6516711785446	999.2145322523285	83.98039456284691	993.0464274256127	NaN
0	0.10500000000000001	667.3452142275819	381.4005756067797	78.59206273048628	943.3733123864074	998.8162812419584	83.97369198811337	992.6500459273905	NaN
0	0.10500000000000001	667.8233878897427	381.54341716766754	78.53685293147944	943.1147632006928	998.4234663796077	83.9659657283322	992.258859228144	NaN
0	0.10500000000000001	668.3015615519034	381.7329776386462	78.47244534089735	942.8763668924566	998.0368136894289	83.95723949352677	991.8735921202743	NaN
0	0.10500000000000001	668.7797352140642	381.9685487069069	78.39906662347063	942.6584256349954	997.6570311108044	83.94753867031112	991.494951757235	NaN
0	0.10500000000000001	669.257908876225	382.2493426453897	78.31696421739936	942.4612003292511	997.2848073232778	83.93689025654173	991.1236264765688	NaN
0	0.10500000000000001	669.7380545851014	382.5759256519293	78.2260146989138	942.2842270655408	996.9193273895651	83.92527322683536	990.7588036375731	NaN
0	0.10500000000000001	670.2226322549604	382.9498991446594	78.1258752191284	942.1272050990149	996.5595500839506	83.91264036799535	990.3994410143234	NaN
0	0.10500000000000001	670.7139596024477	383.3735160665895	78.01609906057124	941.9902799005608	996.2047347422728	83.89893308140319	990.044792315838	NaN
0	0.10500000000000001	671.2140664170013	383.84943555705007	77.89619589633737	941.8740556848909	995.8545615606293	83.88408839246607	989.6945278790951	NaN
0	0.10500000000000001	671.7236188410255	384.3793928090095	77.76595065314996	941.7797149021568	995.509846337164	83.8680774496056	989.3494511818776	NaN
0	0.10500000000000001	672.2403663908559	384.96175154394047	77.62597170554587	941.7088728534764	995.1733835025645	83.85097086864401	989.0123478437404	NaN
0	0.10500000000000001	672.7579896926529	385.58880677868166	77.47824290742952	941.6629347025198	994.8502509258268	83.83300346660494	988.6883005981832	NaN
0	0.10500000000000001	673.2756129944501	386.25787568606034	77.32347017707517	941.641941909224	994.5416525968652	83.81425125878967	988.3785183365824	NaN
0	0.10500000000000001	673.7932362962471	386.9671435923105	77.16214168174312	941.6457401026007	994.2481727437685	83.7947632939971	988.0835898871655	NaN
0	0.10500000000000001	674.3108595980442	387.71471899555183	76.99475646022874	941.674121091576	993.9703565051655	83.77458980189475	987.8040655286063	NaN
0	0.10500000000000001	674.8284828998412	388.4986377338941	76.82182245317492	941.7268236943861	993.7087090731131	83.75378207899436	987.5404561209826	NaN
0	0.10500000000000001	675.3461062016383	389.3168673044382	76.64385455814397	941.8035346636611	993.4636949257147	83.73239237391337	987.2932323255312	NaN
0	0.10500000000000001	675.8637295034354	390.1673113295437	76.461372719791	941.9038897059762	993.235737149976	83.71047377204187	987.0628239136983	NaN
0	0.10500000000000001	676.3813528052325	391.0478141664343	76.27490006525828	942.0274745945749	993.0252168553201	83.688080079727	986.8496191658954	NaN
0	0.10500000000000001	676.8989761070295	391.95616565534556	76.08496109409886	942.1738263738953	992.8324726780841	83.66526570808996	986.6539643602827	NaN
0	0.10500000000000001	677.362861285578	392.7920241470618	75.91222581588215	942.3239108725359	992.6750858666195	83.64450744470052	986.4937835519409	NaN
0	0.10500000000000001	677.8267464641264	393.64677757109473	75.73750343068552	942.4914723150491	992.5323973533002	83.62349517504782	986.3481320127217	NaN
0	0.10500000000000001	678.2906316426748	394.51874297171116	75.56116761932141	942.6760830061584	992.4045625578864	83.60226884399047	986.2171715590081	NaN
0	0.10500000000000001	678.7545168212232	395.40621455324606	75.3835888988568	942.8772872840548	992.2917088244504	83.58086850143884	986.1010361912163	NaN
0	0.10500000000000001	679.2184019997717	396.30746677288124	75.20513380515688	943.0946024550581	992.1939353851836	83.55933423512728	985.9998320459141	NaN
0	0.10500000000000001	679.6333219706304	397.12383940912054	75.045068818796	943.3022134697	992.1193177443416	83.539992290654	985.922025358233	NaN
0	0.10500000000000001	680.0482419414892	397.9485874607885	74.884847339396	943.5219259819368	992.0568540007633	83.52060385475295	985.8562642763025	NaN
0	0.10500000000000001	680.4631619123479	398.7804482406321	74.72472060450207	943.7533435096815	992.0065581520944	83.50119743037791	985.8025681944209	NaN
0	0.10500000000000001	680.8780818832067	399.61815410392245	74.56493552718015	943.99605477431	991.9684263869881	83.48180138298788	985.7609388256307	NaN
0	0.10500000000000001	681.2930018540654	400.4604343194397	74.40573435656975	944.2496343439688	991.9424371912257	83.46244390287326	985.7313602999219	NaN
0	0.10500000000000001	681.7079218249243	401.3060169411677	74.24735435382239	944.5136432954495	991.9285514773793	83.44315296774553	985.7137992857721	NaN
0	0.10500000000000001	682.122841795783	402.15363068601386	74.09002749166142	944.7876298937908	991.9267127378333	83.42395630562778	985.7082051348434	NaN
0	0.10500000000000001	682.5377617666418	403.0020068156048	73.93398017850832	945.0711302888068	991.9368472209563	83.40488135808549	985.7145100496367	NaN
0	0.10500000000000001	682.9526817375005	403.8498810190779	73.7794330069626	945.3636692277173	991.9588641301855	83.38595524383821	985.7326292738776	NaN
0	0.10500000000000001	683.3676017083593	404.6959952935635	73.62660052616577	945.6647607830114	991.9926558457616	83.3672047227946	985.7624613053828	NaN
0	0.10500000000000001	683.782521679218	405.5390998189687	73.47569103746301	945.9739090946294	992.0380981688257	83.3486561605534	985.8038881311284	NaN
0	0.10500000000000001	684.1974416500768	406.3779548236241	73.32690641268726	946.2906091255104	992.0950505875574	83.33033549341502	985.856775484216	NaN
0	0.10500000000000001	684.6123616209355	407.21133243732015	73.18044193431409	946.6143474295051	992.1633565650086	83.3122681939499	985.9209731224029	NaN
0	0.10500000000000001	685.0272815917943	408.03801852823545	73.03648615666897	946.9446029306179	992.2428438482582	83.29447923717106	985.9963151278348	NaN
0	0.10500000000000001	685.442201562653	408.8568145202565	72.89522078731324	947.2808477125008	992.3333247984784	83.27699306735687	986.0826202275902	NaN
0	0.10500000000000001	685.8571215335119	409.66653918718845	72.75682058768612	947.6225478170845	992.4345967414797	83.25983356557451	986.1796921346134	NaN
0	0.10500000000000001	686.2720415043706	410.4660304203773	72.62145329204301	947.9691640512002	992.5464423382654	83.24302401795056	986.2873199085881	NaN
0	0.10500000000000001	686.6869614752294	411.25414696629343	72.48927954369978	948.3201528000073	992.6686299750994	83.22658708473773	986.4052783362673	NaN
0	0.10500000000000001	687.1018814460881	412.0297701306694	72.36045284757286	948.674966846019	992.8009141725577	83.21054477022727	986.5333283307519	NaN
0	0.10500000000000001	687.5168014169469	412.7918054458385	72.23511953798952	949.0330561924842	992.9430360130053	83.1949183935559	986.6712173491725	NaN
0	0.10500000000000001	687.9317213878056	413.539184297987	72.11341876073917	949.3938688898666	993.094723585908	83.17972856045459	986.8186798282044	NaN
0	0.10500000000000001	688.3466413586644	414.2708655111089	71.99548246833555	949.7568518641302	993.2556924503585	83.16499513598917	986.9754376368144	NaN
0	0.10500000000000001	688.7615613295231	414.9858368845394	71.88143542746874	950.121451745535	993.4256461141682	83.15073721833873	987.1412005456069	NaN
0	0.10500000000000001	689.176481300382	415.6831166810383	71.77139523763849	950.487115696619	993.604276528842	83.13697311366	987.3156667121074	NaN
0	0.10500000000000001	689.5914012712407	416.3617550625009	71.66547235997983	950.8532922380406	993.7912645997294	83.12372031208288	987.498523181295	NaN
0	0.10500000000000001	690.0063212420995	417.02083547048835	71.56377015531578	951.2194320709413	993.986280710615	83.11099546488202	987.6894464006662	NaN
0	0.10500000000000001	690.4212412129582	417.65947594889053	71.46638493050035	951.5849888944848	994.1889852619828	83.09881436286786	987.8881027490825	NaN
0	0.10500000000000001	690.836161183817	418.2768304061627	71.37340599214738	951.9494202172289	994.3990292221654	83.08719191603807	988.0941490786334	NaN
0	0.10500000000000001	691.2510811546757	418.87208981471537	71.2849157068765	952.3121881609853	994.6160546905611	83.0761421345296	988.307233268716	NaN
0	0.10500000000000001	691.6660011255345	419.4444833451773	71.2009895672467	952.6727602558321	994.83969547208	83.06567811091027	988.5269947915097	NaN
0	0.10500000000000001	692.0809210963932	419.9932794333973	71.1216962625888	953.0306102249468	995.0695776619561	83.05581200384361	988.753065288005	NaN
0	0.10500000000000001	692.4958410672521	420.5177867782076	71.04709775399247	953.385218757945	995.3053202400413	83.046555023163	988.9850691537187	NaN
0	0.10500000000000001	692.9107610381108	421.017355268122	70.97724935274786	953.7360742714228	995.5465356736778	83.03791741638553	989.2226241332091	NaN
0	0.10500000000000001	693.3256810089696	421.4913768353073	70.91219980158935	954.0826736554197	995.792830528226	83.02990845669484	989.4653419224899	NaN
0	0.10500000000000001	693.7406009798283	421.93928623532776	70.85199135813639	954.4245230045432	996.0438060843089	83.02253643241973	989.7128287784167	NaN
0	0.10500000000000001	694.1555209506871	422.36056175132956	70.79665987997465	954.7611383325168	996.2990589608197	83.01580863803277	989.9646861341128	NaN
0	0.10500000000000001	694.5704409215458	422.7547258214996	70.74623491087009	955.0920462689472	996.5581817427224	83.00973136668883	990.220511219479	NaN
0	0.10500000000000001	694.9853608924046	423.12134558880484	70.70073976765696	955.416784737133	996.8207636126699	83.00430990432254	990.4798976858272	NaN
0	0.10500000000000001	695.4002808632633	423.46003337218826	70.6601916273902	955.734903611773	997.0863909854492	82.99954852532	990.7424362336616	NaN
0	0.10500000000000001	695.8168810693618	423.77164619334604	70.6244675801491	956.0472100848093	997.3557392425387	82.99543524656397	991.0087945111372	NaN
0	0.10500000000000001	696.237623368527	424.0571221010828	70.59346678536316	956.3549635310334	997.6300262765269	82.99196211252382	991.2801791002017	NaN
0	0.10500000000000001	696.6642819933993	424.3163440406825	70.5672409081161	956.6587478595975	997.9100445293666	82.98914034711264	991.5573783770691	NaN
0	0.10500000000000001	697.098594127378	424.5486855211783	70.54592629111791	956.9589584812738	998.1965565463505	82.98699234181998	991.841153285906	NaN
0	0.10500000000000001	697.5419899668042	424.75288859622026	70.52975193225026	957.2556070479635	998.4900968284276	82.98555228140198	992.132040914871	NaN
0	0.10500000000000001	697.9956547902577	424.9271820450489	70.51902087341014	957.5483752680999	998.7909919399291	82.98486371421451	992.4303739588161	NaN
0	0.10500000000000001	698.4604035786373	425.0693297007371	70.51409615330248	957.836551172433	999.0992597594093	82.98497739605915	992.7361803523041	NaN
0	0.10500000000000001	698.9366023474536	425.1767576888724	70.51537601396966	958.1190185718395	999.4145439634538	82.98594773674964	993.04911757161	NaN
0	0.10500000000000001	699.4240909688622	425.24673432212023	70.52326111268093	958.3942703710208	999.7360571575342	82.98782815151463	993.368415294049	NaN
0	0.10500000000000001	699.9222197260794	425.27660541890725	70.53811787151183	958.6605069770609	1000.0626093965934	82.99066607651179	993.6929026904845	NaN
0	0.10500000000000001	700.4299661754171	425.26401795534895	70.56024760544273	958.9157801866331	1000.3926992468636	82.99449891101432	994.021097939131	NaN
0	0.10500000000000001	700.9461340801314	425.20707693077077	70.58987024439115	959.158162144766	1000.7246641098293	82.99935209251558	994.3513569495911	NaN
0	0.10500000000000001	701.4695227160012	425.1044051776312	70.62712278287707	959.3858674990305	1001.0568108366001	83.00523914018149	994.6820029297025	NaN
0	0.10500000000000001	701.9990427113927	424.95512673885935	70.67206784097239	959.5973203765683	1001.3875075427417	83.01216300027144	995.0114177264526	NaN
0	0.10500000000000001	702.533754020892	424.75881508856776	70.72470452038002	959.7911668654068	1001.7152205314148	83.02011759288996	995.3380787587812	NaN
0	0.10500000000000001	703.0728193893524	424.5154575052881	70.78497301184302	959.9662492046975	1002.0384958132464	83.02908839830577	995.6605408026759	NaN
0	0.10500000000000001	703.6153992261775	424.2254719364831	70.85274824611736	960.1215712278628	1002.3559078136929	83.03905150437173	995.9773849216698	NaN
0	0.10500000000000001	704.160506981979	423.88979694518906	70.92782019402395	960.2562766152437	1002.6659941504893	83.0499708499091	996.2871532204025	NaN
0	0.10500000000000001	704.7068616767294	423.51004594479133	71.00986379847585	960.3696590259947	1002.9672043111626	83.06179415778942	996.5882971260532	NaN
0	0.10500000000000001	705.25321637148	423.08833193305844	71.09848007861986	960.4612759695236	1003.2581164175213	83.07445919422327	996.8793936601126	NaN
0	0.10500000000000001	705.7995710662306	422.626150235353	71.19342113251128	960.5310763919673	1003.5380611761767	83.08792573145944	997.1597707455521	NaN
0	0.10500000000000001	706.345925760981	422.1250907101117	71.29442668740742	960.5790675794983	1003.8064036750687	83.10215172618783	997.4287900354116	NaN
0	0.10500000000000001	706.8922804557315	421.5868323502601	71.4012244539296	960.605314633893	1004.0625447984193	83.11709344835577	997.6858483444846	NaN
0	0.10500000000000001	707.438635150482	421.01313768214	71.51353050076538	960.6099397881292	1004.3059225326552	83.13270561403756	997.9303789737736	NaN
0	0.10500000000000001	707.9849898452326	420.4058469825113	71.63104965235011	960.5931215654695	1004.53601316026	83.14894152191445	998.1618529245816	NaN
0	0.10500000000000001	708.531344539983	419.76687233487536	71.75347591217903	960.5550937860017	1004.7523323388856	83.16575319292042	998.3797799994747	NaN
0	0.10500000000000001	709.0776992347335	419.0981915466996	71.88049291433295	960.4961444250778	1004.9544360634306	83.18309151259109	998.5837097877172	NaN
0	0.10500000000000001	709.624053929484	418.4018419493519	72.0117744056793	960.4166143285694	1005.1419215091778	83.20090637565536	998.7732325331575	NaN
0	0.10500000000000001	710.1704086242346	417.6799141026715	72.14698476105137	960.3168957902953	1005.3144277544677	83.21914683239095	998.9479798829367	NaN
0	0.10500000000000001	710.716763318985	416.93454542612903	72.28577953351527	960.1974309973975	1005.4716363817813	83.23776123627239	999.1076255157706	NaN
0	0.10500000000000001	711.2631180137355	416.1679137784501	72.42780604160461	960.058710349833	1005.6132719564954	83.25669739243273	999.2518856489496	NaN
0	0.10500000000000001	711.809472708486	415.38223100740396	72.57270399513942	959.9012706605153	1005.7391023829706	83.27590270645774	999.3805194235954	NaN
0	0.10500000000000001	712.3558274032366	414.57973649118054	72.72010616094714	959.7256932429741	1005.8489391380206	83.29532433303662	999.4933291681032	NaN
0	0.10500000000000001	712.9021820979871	413.76269069241255	72.86963906947348	959.5326018937045	1005.942637382206	83.31490932399883	999.590160540085	NaN
0	0.10500000000000001	713.4485367927375	412.9333687454295	73.02092376290885	959.3226607766519	1006.0200959497773	83.33460477526457	999.6709025475195	NaN
0	0.10500000000000001	713.9948914874881	412.0940540967763	73.17357658506467	959.0965722175154	1006.0812572184689	83.35435797225361	999.7354874501893	NaN
0	0.10500000000000001	714.5412461822386	411.2470322183817	73.32721001281732	958.8550744157579	1006.1261068607223	83.37411653329934	999.7838905428612	NaN
0	0.10500000000000001	715.0876008769891	410.39458441203516	73.4814335284963	958.5989390823796	1006.1546734782729	83.39382855063272	999.8161298220284	NaN
0	0.10500000000000001	715.5792286173719	409.62476294764076	73.62038892265723	958.3566111982046	1006.1665183166417	83.41148388489286	999.8313724183521	NaN
0	0.10500000000000001	716.0708563577546	408.85403081938347	73.75921735882585	958.1036857693426	1006.1653165657971	83.42902312770538	999.8336482242534	NaN
0	0.10500000000000001	716.5624840981372	408.0840176163334	73.89763182631037	957.8407848409454	1006.1511760216846	83.44640998493229	999.8230569644321	NaN
0	0.10500000000000001	717.05411183852	407.3163354888492	74.03534573970286	957.5685461965663	1006.1242310489077	83.46360880509798	999.7997248630603	NaN
0	0.10500000000000001	717.5457395789028	406.55257589478504	74.17207356591155	957.2876218229343	1006.0846420599933	83.48058465249882	999.7638041416827	NaN
0	0.10500000000000001	718.0373673192855	405.7943064314022	74.3075314561833	956.9986763605971	1006.0325949419315	83.49730337785337	999.7154724641796	NaN
0	0.10500000000000001	718.5289950596682	405.04306776781857	74.44143789031581	956.7023855442694	1005.9683004319046	83.51373168633764	999.6549323306634	NaN
0	0.10500000000000001	719.020622800051	404.30037068421933	74.57351433193331	956.3994346367735	1005.891993444221	83.52983720286835	999.5824104222908	NaN
0	0.10500000000000001	719.5122505404338	403.5676932227372	74.70348589269399	956.0905168604237	1005.8039323505724	83.54558853450492	999.4981568990665	NaN
0	0.10500000000000001	720.0038782808165	402.8464779543322	74.83108200303613	955.7763318296264	1005.7043982158184	83.5609553298488	999.4024446528133	NaN
0	0.10500000000000001	720.4955060211992	402.1381293654892	74.9560370868903	955.4575839883987	1005.593693991591	83.57590833533402	999.2955685175577	NaN
0	0.10500000000000001	720.987133761582	401.44401136805624	75.07809123763187	955.1349810564055	1005.4721436700786	83.59041944830511	999.1778444396689	NaN
0	0.10500000000000001	721.4787615019648	400.76544493505327	75.19699089240973	954.8092324870233	1005.3400914004216	83.60446176679658	999.0496086101467	NaN
0	0.10500000000000001	721.9703892423474	400.1037058648019	75.31248950187006	954.4810479408178	1005.1979005702019	83.61800963593477	998.9112165615253	NaN
0	0.10500000000000001	722.4620169827301	399.46002267525853	75.42434819219538	954.1511357777108	1005.0459528545655	83.6310386908984	998.7630422319057	NaN
0	0.10500000000000001	722.9536447231129	398.8355746299822	75.53233641630547	953.8202015709785	1004.8846472355489	83.6435258963863	998.6054769986742	NaN
0	0.10500000000000001	723.4452724634957	398.23148989673376	75.63623259101529	953.4889466460883	1004.714398994218	83.65544958255282	998.4389286844985	NaN
0	0.10500000000000001	723.9369002038784	397.64884383929353	75.73582471691964	953.1580666472439	1004.5356386782456	83.66678947738461	998.2638205382149	NaN
0	0.10500000000000001	724.4285279442611	397.08865744269536	75.83091097777513	952.8282501343591	1004.3488110475752	83.67752673550093	998.0805901932384	NaN
0	0.10500000000000001	724.9201556846439	396.5518958717115	75.92130031617779	952.5001772130314	1004.1543740008168	83.68764396337137	997.8896886061345	NaN
0	0.10500000000000001	725.4117834250267	396.039467162089	76.00681298238975	952.1745181999357	1003.9527974850268	83.69712524095364	997.6915789779943	NaN
0	0.10500000000000001	725.9034111654094	395.55222104372893	76.08728105325115	951.8519323259004	1003.7445623915105	83.7059561397669	997.486735661245	NaN
0	0.10500000000000001	726.395038905792	395.09094789472294	76.1625489182236	951.5330664787737	1003.5301594402672	83.71412373742274	997.2756430545182	NaN
0	0.10500000000000001	726.8866666461748	394.6563778249136	76.23247372974873	951.2185539880328	1003.310088055683	83.72161662865005	997.0587944881721	NaN
0	0.10500000000000001	727.3782943865576	394.24917988742584	76.29692581526785	950.9090134529291	1003.084855236035	83.72842493285631	996.8366911030371	NaN
0	0.10500000000000001	727.8699221269403	393.869961416429	76.355789048437	950.6050476158167	1002.8549744193416	83.73454029827897	996.6098407249189	NaN
0	0.10500000000000001	728.3626032744648	393.51854704215117	76.40906893310023	950.3066112012201	1002.6204588771146	83.73996675140324	996.3782574203744	NaN
0	0.10500000000000001	728.8611128677749	393.19262850307916	76.45707124865315	950.0115253042286	1002.3794859395153	83.74473667859881	996.1401394976289	NaN
0	0.10500000000000001	729.3685166534183	392.89197438679906	76.49974859302202	949.7188709682607	1002.130973516296	83.74884321120163	995.8944122497554	NaN
0	0.10500000000000001	729.8878807068008	392.61710822209363	76.5369068907957	949.4279619362391	1001.8738202774496	83.7522620107303	995.639978465011	NaN
0	0.10500000000000001	730.4210389581679	392.36988904577385	76.56813288356771	949.1390438343905	1001.6075576271637	83.75494527524633	995.3763640332116	NaN
0	0.10500000000000001	730.9679220590594	392.15338130284084	76.592843759887	948.8535565187096	1001.3327412843972	83.75682911871615	995.1041078486187	NaN
0	0.10500000000000001	731.5258546420536	391.9714048128379	76.61040033628109	948.5742923993287	1001.0513443733283	83.7578482955541	994.8251546414315	NaN
0	0.10500000000000001	732.0906728665576	391.82732739658803	76.62030820346843	948.3045600717563	1000.7661940611238	83.75795755713517	994.5423002758356	NaN
0	0.10500000000000001	732.6584899954291	391.72321348522263	76.62232610182811	948.0471751099594	1000.4800361603145	83.75714067401073	994.2582655677651	NaN
0	0.10500000000000001	733.2265186712817	391.6598264396223	76.61643691252513	947.8040974121905	1000.195068768959	83.75540514500976	993.9752326053643	NaN
0	0.10500000000000001	733.7945473471343	391.6370108250197	76.60272423006145	947.5759611435931	999.9121781604681	83.75276488269778	993.6940833511311	NaN
0	0.10500000000000001	734.362576022987	391.6544580734186	76.58129887394443	947.3632558906493	999.6321305221994	83.74923600476916	993.4155810523404	NaN
0	0.10500000000000001	734.9306046988396	391.71175468020687	76.55229601652137	947.1664243416749	999.3556767506329	83.74483689434973	993.1404742122446	NaN
0	0.10500000000000001	735.4986333746922	391.80838422627767	76.51587443693583	946.9858615929152	999.08355055561	83.7395881236996	992.8694946949663	NaN
0	0.10500000000000001	736.0666620505449	391.9437296165869	76.47221567422395	946.8219145833845	998.8164666327945	83.73351237342885	992.6033558974141	NaN
0	0.10500000000000001	736.6346907263975	392.11707552968517	76.42152308603276	946.6748816577725	998.5551189080317	83.72663434751607	992.342750991911	NaN
0	0.10500000000000001	737.2027194022501	392.32761107277895	76.36402082006323	946.5450122565509	998.3001788570383	83.7189806844202	992.0883512429795	NaN
0	0.10500000000000001	737.7722976241611	392.57515469107517	76.29976918725743	946.4322237219569	998.0516279122237	83.71055595300528	991.8401390565797	NaN
0	0.10500000000000001	738.345602429304	392.86014722752265	76.22869825402195	946.3364818095725	997.8092485900704	83.70134832088888	991.5978962944688	NaN
0	0.10500000000000001	738.9244160920271	393.1832158600088	76.15072389897428	946.2580265083018	997.5730973474401	83.69134479944073	991.3616763315608	NaN
0	0.10500000000000001	739.5103396277991	393.54515992830426	76.06574509019309	946.1972955822255	997.343412576781	83.68053054263234	991.1317126466621	NaN
0	0.10500000000000001	740.1041275541952	393.946396424682	75.97376735849886	946.1549342279457	997.1208595213996	83.66890421554702	990.9086647833383	NaN
0	0.10500000000000001	740.7051635567309	394.38629155687755	75.87503852766612	946.1316677281696	996.9066467526724	83.65649449063454	990.6937371219603	NaN
0	0.10500000000000001	741.3107688396858	394.862210884672	75.77023483121731	946.1280637642118	996.7026184173309	83.64338263980683	990.4887748131542	NaN
0	0.10500000000000001	741.9163741226407	395.3691568549113	75.66050682810501	946.1441961118717	996.5109731673737	83.62970754240392	990.2959859466122	NaN
0	0.10500000000000001	742.5219794055956	395.9052675010231	75.54628687602302	946.179826775695	996.332193976429	83.61551741545364	990.1158589160414	NaN
0	0.10500000000000001	743.1275846885505	396.46860637500583	75.42801653607138	946.2346595828213	996.166718932637	83.60086158345113	989.9488378072969	NaN
0	0.10500000000000001	743.7331899715056	397.057168826755	75.30614461245861	946.3083415905878	996.0149403297079	83.58579032079426	989.7953214683467	NaN
0	0.10500000000000001	744.3387952544605	397.6688884627326	75.18112521956996	946.4004646463563	995.877203903013	83.570354693176	989.6556627228015	NaN
0	0.10500000000000001	744.9444005374154	398.30164376729147	75.0534158861351	946.510567094951	995.7538082114307	83.55460639830127	989.5301677277741	NaN
0	0.10500000000000001	745.5500058203704	398.9532648701944	74.92347570655555	946.6381356287743	995.6450041653424	83.5385976062926	989.4190954765064	NaN
0	0.10500000000000001	746.1556111033253	399.62154044294897	74.7917635485769	946.7826072753489	995.5509947008288	83.52238080014956	989.3226574458624	NaN
0	0.10500000000000001	746.7612163862802	400.30422470560075	74.65873632548855	946.943371516709	995.4719345997853	83.50600861663048	989.241017388463	NaN
0	0.10500000000000001	747.3668216692352	400.9990445246668	74.52484733999302	947.1197725347189	995.4079304553306	83.48953368792337	989.1742912688958	NaN
0	0.10500000000000001	747.9724269521901	401.70370658198294	74.39054470583278	947.3111115760594	995.3590407815512	83.4730084844779	989.1225473431055	NaN
0	0.10500000000000001	748.5780322351451	402.41590459339005	74.25626985220984	947.516649430265	995.3252762662776	83.45648515936372	989.0858063797281	NaN
0	0.10500000000000001	749.1836375181	403.1333265554126	74.12245611499446	947.7356090138429	995.3066001652454	83.44001539452749	989.0640420218072	NaN
0	0.10500000000000001	749.7892428010549	403.8536619974082	73.98952741771124	947.9671780531528	995.3029288356568	83.42365024932387	989.0571812869828	NaN
0	0.10500000000000001	750.3948480840099	404.5746092160862	73.85789704432234	948.2105118583765	995.3141324068023	83.40744001169334	989.06510520391	NaN
0	0.10500000000000001	751.0004533669648	405.2938824688355	73.72796650490942	948.4647361805648	995.3400355850646	83.39143405236452	989.087649582322	NaN
0	0.10500000000000001	751.6060586499198	406.00921910196047	73.60012449449901	948.7289501434178	995.3804185902728	83.37568068245942	989.1246059138098	NaN
0	0.10500000000000001	752.2116639328747	406.7183865897153	73.47474594448343	949.002229241141	995.4350182200342	83.36022701487916	989.175722400047	NaN
0	0.10500000000000001	752.8172692158296	407.41918945995144	73.35219116537128	949.2836283934245	995.5035290383196	83.34511882984056	989.2407051048522	NaN
0	0.10500000000000001	753.4228744987846	408.10947608225916	73.23280507895767	949.5721850483128	995.5856046842422	83.33040044493777	989.3192192261398	NaN
0	0.10500000000000001	754.0284797817395	408.78714529468584	73.11691653744037	949.86692232349	995.6808592966237	83.31611459009312	989.4108904834803	NaN
0	0.10500000000000001	754.6340850646944	409.45015284546156	73.00483772652349	950.1668521762822	995.7888690496183	83.30230228775939	989.515306616657	NaN
0	0.10500000000000001	755.2396903476495	410.09651762664697	72.89686364914458	950.4709785924913	995.9091737943268	83.28900273872482	989.6320189902865	NaN
0	0.10500000000000001	755.8452956306044	410.724327677239	72.79327168613527	950.7783007840246	996.0412788010286	83.27625321386503	989.7605442992541	NaN
0	0.10500000000000001	756.4509009135593	411.33174593402526	72.69432122987381	951.0878163851642	996.1846565963403	83.26408895217361	989.9003663694086	NaN
0	0.10500000000000001	757.0565061965142	411.9170157093615	72.60025338681044	951.3985246372473	996.3387488893244	83.25254306538838	990.0509380476661	NaN
0	0.10500000000000001	757.6621114794692	412.47846587604585	72.51129074463753	951.7094295514926	996.5029685802838	83.24164644951419	990.2116831753965	NaN
0	0.10500000000000001	758.2677167624242	413.0145157405859	72.42763719983186	952.0195430397141	996.676701845716	83.23142770352824	990.3819986386949	NaN
0	0.10500000000000001	758.8733220453792	413.52367958737426	72.34947784131055	952.3278880027161	996.8593102926515	83.22191305553385	990.561256488896	NaN
0	0.10500000000000001	759.4789273283341	414.004570877612	72.27697888601296	952.6335013662562	997.0501331753717	83.21312629660687	990.7488061264529	NaN
0	0.10500000000000001	760.0845326112891	414.4559060882275	72.21028766233694	952.9354370546048	997.2484896672964	83.20508872255506	990.943976541098	NaN
0	0.10500000000000001	760.6901378942441	414.8765081775277	72.14953263752015	953.2327688919117	997.4536811806391	83.19781908379044	991.1460786010066	NaN
0	0.10500000000000001	761.295743177199	415.2653096658751	72.09482348525434	953.5245934218202	997.6649937262711	83.1913335434832	991.3544073835226	NaN
0	0.10500000000000001	761.9013484601539	415.6213553213033	72.04625119005227	953.8100326360383	997.8817003060972	83.1856456441431	991.5682445398602	NaN
0	0.10500000000000001	762.506953743109	415.94380444164585	72.00388818514175	954.0882366028925	998.1030633301328	83.180766282742	991.7868606860796	NaN
0	0.10500000000000001	763.112559026064	416.2319327264605	71.96778852094052	954.3583859872447	998.3283370503887	83.17670369446232	992.0095178125457	NaN
0	0.10500000000000001	763.7181643090189	416.48513373376306	71.93798806145738	954.6196944535444	998.556770003614	83.17346344512781	992.2354717040133	NaN
0	0.10500000000000001	764.3237695919738	416.70291991833614	71.91450470627184	954.8714109442204	998.787607454924	83.17104843233938	992.4639743624489	NaN
0	0.10500000000000001	764.9293748749288	416.88492325013925	71.89733863605224	955.1128218260893	999.0200938343332	83.16945889530642	992.6942764246934	NaN
0	0.10500000000000001	765.5349801578839	417.030895413105	71.88647257988829	955.3432528979477	999.2534751582559	83.16869243333372	992.9256295670899	NaN
0	0.10500000000000001	766.1405854408388	417.1407075863546	71.88187210302196	955.5620712530547	999.4870014280913	83.16874403288853	993.1572888892617	NaN
0	0.10500000000000001	766.7461907237937	417.21434981159643	71.88348591386749	955.768686990768	999.7199289981052	83.16960610314308	993.388515269295	NaN
0	0.10500000000000001	767.3533788262221	417.25198109384246	71.8912744551568	955.9630443184127	999.9521258190865	83.17127390291084	993.6191768195129	NaN
0	0.10500000000000001	767.9628942413816	417.25352500403295	71.90522174282951	956.1447514309397	1000.1831294816038	83.17374446140853	993.8488142874118	NaN
0	0.10500000000000001	768.5751928455809	417.21887480468814	71.9253128222739	956.3133115035547	1000.41235681426	83.17701421557571	994.0768484995982	NaN
0	0.10500000000000001	769.1904009273316	417.1479888612445	71.951516551057	956.4681442941779	1000.6390918873653	83.18107672025451	994.3025680066376	NaN
0	0.10500000000000001	769.8085144198928	417.04095062046264	71.98378018830608	956.6086693215061	1000.8625671373268	83.18592216698492	994.5252094593544	NaN
0	0.10500000000000001	770.4294123174537	416.898005442172	72.02202364600825	956.7343271633234	1001.0819751553793	83.1915366723161	994.7439691612599	NaN
0	0.10500000000000001	771.0529013073036	416.71958084724366	72.0661372707218	956.8446049073445	1001.2964926123847	83.19790207144538	994.9580267601632	NaN
0	0.10500000000000001	771.6786898944075	416.50631522284385	72.1159765847528	956.9390454828823	1001.5052801080042	83.20499525803531	995.1665449678811	NaN
0	0.10500000000000001	772.3063589078229	416.25909335019776	72.17135584151696	957.0172606728835	1001.7074838569703	83.21278738795827	995.3686710756718	NaN
0	0.10500000000000001	772.9353120032172	415.9790961981091	72.2320388127079	957.0789468999471	1001.9022349656514	83.22124273202556	995.5635360101392	NaN
0	0.10500000000000001	773.5647382846205	415.6678531178752	72.29772954537663	957.1239090135392	1002.0886578753879	83.23031757162804	995.7502624914093	NaN
0	0.10500000000000001	774.1941645660238	415.326963407327	72.3681309386759	957.1521073978241	1002.2660457015105	83.23996839791606	995.92814059327	NaN
0	0.10500000000000001	774.8235908474271	414.9579166699496	72.44297677863513	957.1636133705573	1002.4338778437952	83.25015617091618	996.0966460592184	NaN
0	0.10500000000000001	775.4530171288304	414.5622851151663	72.52198873702903	957.1585556340187	1002.591671890246	83.26084035206259	996.2552922131904	NaN
0	0.10500000000000001	776.0824434102337	414.1417169805405	72.60487713096889	957.1371192330572	1002.7389849304834	83.27197906261242	996.4036312956567	NaN
0	0.10500000000000001	776.711869691637	413.697929755156	72.69134171726367	957.0995443189578	1002.8754147159551	83.28352924559788	996.5412556484952	NaN
0	0.10500000000000001	777.3412959730404	413.2327032341176	72.78107252228887	957.0461247259806	1003.0006006640907	83.29544683064938	996.6677987456231	NaN
0	0.10500000000000001	777.9707222544437	412.74787243442205	72.87375070792326	956.9772063681221	1003.1142247041638	83.30768690101944	996.7829360670114	NaN
0	0.10500000000000001	778.600148535847	412.24532040252154	72.9690494738244	956.8931854643123	1003.2160119632655	83.3202038621287	996.886385814333	NaN
0	0.10500000000000001	779.2295748172503	411.72697094381056	73.06663499598287	956.7945066008706	1003.3057312914342	83.33295161095613	996.9779094671425	NaN
0	0.10500000000000001	779.8590010986536	411.1947813040164	73.16616740112356	956.6816606406103	1003.3831956256322	83.3458837056005	997.0573121791184	NaN
0	0.10500000000000001	780.4884273800569	410.65073483206874	73.26730177612157	956.5551824884868	1003.448262192894	83.35895353433934	997.1244430145357	NaN
0	0.10500000000000001	781.1178536614602	410.0968336534724	73.36968921116544	956.4156487241472	1003.5008325536029	83.37211448352643	997.1791950257663	NaN
0	0.10500000000000001	781.7472799428635	409.5350913825082	73.47297787494692	956.2636751121336	1003.5408524864662	83.38532010367855	997.2215051732184	NaN
0	0.10500000000000001	782.3767062242669	408.96752590076414	73.57681411968088	956.0999140008354	1003.5683117173699	83.398524273116	997.251354089739	NaN
0	0.10500000000000001	783.0061325056702	408.3961522285404	73.68084361327274	955.9250516215686	1003.5832434948757	83.41168135854306	997.2687656920849	NaN
0	0.10500000000000001	783.6355587870735	407.82297551460704	73.78471249545912	955.7398052993859	1003.585724015693	83.42474637197526	997.273806642642	NaN
0	0.10500000000000001	784.2649850684768	407.2499841686193	73.88806855425568	955.5449205873791	1003.5758717040048	83.43767512344186	997.2665856651197	NaN
0	0.10500000000000001	784.8944113498801	406.67914315923224	73.99056241856528	955.341168336347	1003.5538463490444	83.45042436892001	997.2472527184777	NaN
0	0.10500000000000001	785.5238376312834	406.1123874996136	74.09184876233178	955.1293417117405	1003.5198481058173	83.46295195298856	997.2159980338322	NaN
0	0.10500000000000001	786.1532639126867	405.5516159406399	74.19158751518411	954.9102531697904	1003.4741163643245	83.47521694571651	997.1730510195641	NaN
0	0.10500000000000001	786.78269019409	404.9986848906027	74.28944507410384	954.6847314046496	1003.416928493077	83.48717977333574	997.1186790402951	NaN
0	0.10500000000000001	787.4121164754933	404.45540257874217	74.38509551027703	954.4536182782668	1003.3485984630945	83.49880234228443	997.0531860757966	NaN
0	0.10500000000000001	788.0415427568967	403.9235234783995	74.47822176496652	954.2177657445268	1003.2694753589483	83.5100481562422	996.9769112662799	NaN
0	0.10500000000000001	788.6709690383	403.40474300403395	74.56851682796757	953.9780327789766	1003.1799417837358	83.52088242581453	996.8902273508462	NaN
0	0.10500000000000001	789.3003953197033	402.90069249480945	74.65568489199633	953.7352823251842	1003.0804121651789	83.53127217056608	996.793539006187	NaN
0	0.10500000000000001	789.9298216011066	402.41293449592257	74.73944247621318	953.4903782684676	1002.971330970288	83.5411863131358	996.6872810928854	NaN
0	0.10500000000000001	790.5592478825099	401.94295834733975	74.81951951200294	953.2441824473788	1002.8531708362634	83.55059576521249	996.5719168169026	NaN
0	0.10500000000000001	791.1886741639132	401.49217608813984	74.89566038413057	952.9975517129459	1002.7264306254873	83.55947350518194	996.4479358140258	NaN
0	0.10500000000000001	791.8181004453165	401.0619186832306	74.96762492046118	952.7513350452558	1002.5916334126085	83.56779464730221	996.3158521652115	NaN
0	0.10500000000000001	792.4475267267198	400.65343257783724	75.03518932358355	952.5063707365155	1002.4493244118318	83.57553650230032	996.1762023508724	NaN
0	0.10500000000000001	793.0769530081232	400.2678765838483	75.09814703790376	952.2634836492662	1002.3000688526054	83.58267862932102	996.0295431522394	NaN
0	0.10500000000000001	793.7063792895265	399.9063191008592	75.15630954608288	952.0234825579328	1002.144449811929	83.58920287919285	995.8764495079851	NaN
0	0.10500000000000001	794.3369700897968	399.5691366562261	75.20960081401462	951.7867242360425	1001.9827624649911	83.59510373129656	995.7172132366634	NaN
0	0.10500000000000001	794.9726769608301	399.2554894220488	75.25812688679261	951.5525645615993	1001.8145313855207	83.6003949092716	995.5513654890844	NaN
0	0.10500000000000001	795.6152521436987	398.96607969977873	75.3017373926533	951.3212674898216	1001.6397974912602	83.60506070657142	995.3789438503095	NaN
0	0.10500000000000001	796.2655967236594	398.7021913290725	75.3401879221098	951.0934733077861	1001.458840181495	83.60907482575986	995.2002204015853	NaN
0	0.10500000000000001	796.9229985262346	398.46576231414844	75.37314208742993	950.8704216627937	1001.2724325076182	83.6124015579256	995.0159550847922	NaN
0	0.10500000000000001	797.5856527812973	398.2588467737506	75.40026630659521	950.6536877002145	1001.0817291649465	83.61500682585101	994.8272867562117	NaN
0	0.10500000000000001	798.2512241172193	398.08319249992905	75.4213003889577	950.4449194040329	1000.8881074892233	83.61686606471285	994.6355769972032	NaN
0	0.10500000000000001	798.9175231731535	397.9399563771906	75.4360985758996	950.2455747791756	1000.6929503342491	83.61796830649831	994.4421955244311	NaN
0	0.10500000000000001	799.5838222290879	397.82953781844714	75.44463549555597	950.0565424427573	1000.4972300713042	83.61831535844827	994.2481073491325	NaN
0	0.10500000000000001	800.2501212850223	397.75200125718453	75.44693864391284	949.8784312087224	1000.3017020482386	83.61791430341188	994.0540632176713	NaN
0	0.10500000000000001	800.9164203409565	397.70728711495053	75.44306162539114	949.7118016375232	1000.1071124878513	83.61677498860267	993.8608053554777	NaN
0	0.10500000000000001	801.5827193968908	397.69521341426537	75.43308366752606	949.557164500479	999.9141957565294	83.61490995334036	993.6690647430461	NaN
0	0.10500000000000001	802.2490184528251	397.71547779682976	75.41710900272317	949.4149794462063	999.7236717119148	83.612334347888	993.4795584687977	NaN
0	0.10500000000000001	802.9153175087595	397.7676599357121	75.39526612244217	949.2856538706418	999.5362431382389	83.6090658438485	993.2929871674648	NaN
0	0.10500000000000001	803.5816165646937	397.85122432950885	75.36770691014871	949.1695419915203	999.352593277486	83.60512453659861	993.1100325521802	NaN
0	0.10500000000000001	804.247915620628	397.9655234658473	75.33460566033493	949.0669441275394	999.1733834640577	83.60053284025405	992.9313550479661	NaN
0	0.10500000000000001	804.9142146765623	398.1098013409866	75.29615799177694	948.9781061818211	998.9992508701107	83.59531537566701	992.757591533825	NaN
0	0.10500000000000001	805.5805137324967	398.28319732164283	75.25257966395402	948.9032193286938	998.8308063682314	83.58949885196566	992.5893532001228	NaN
0	0.10500000000000001	806.2489763067929	398.48544952846055	75.20394020142052	948.8422455315833	998.6681167510003	83.5830903070793	992.4267076419427	NaN
0	0.10500000000000001	806.9214340999722	398.71642588489823	75.15029536562214	948.7952968223522	998.5113866900713	83.57609535700107	992.269858944475	NaN
0	0.10500000000000001	807.5996337143602	398.97612871009824	75.0916827579087	948.7625926035366	998.3609021616988	83.56851746423821	992.1190914169706	NaN
0	0.10500000000000001	808.2849083867454	399.26450553121714	75.02816227775075	948.7444554746243	998.2171042116559	83.56036305942203	991.9748437719472	NaN
0	0.10500000000000001	808.9780134531876	399.58126613033824	74.95985131911478	948.7412628487865	998.0806033966619	83.5516458563176	991.8377242977301	NaN
0	0.10500000000000001	809.6787530031688	399.92556796182924	74.88698534406915	948.753368767288	997.9522109577458	83.54239433780997	991.7085432525284	NaN
0	0.10500000000000001	810.3856890031699	400.29569096907665	74.8099762130293	948.7809799487263	997.8329156356521	83.53265886872751	991.5882912643796	NaN
0	0.10500000000000001	811.0960286507552	400.6887958448854	74.72944994628187	948.8240095024307	997.7237968523191	83.52251619651297	991.4780540963214	NaN
0	0.10500000000000001	811.8063682983407	401.10122466046806	74.64617408660578	948.8820044593508	997.6258058141284	83.51206016165786	991.378793684535	NaN
0	0.10500000000000001	812.5167079459261	401.530984385927	74.56055980117452	948.9545470991962	997.5392421172879	83.50133947331992	991.2908167146642	NaN
0	0.10500000000000001	813.2270475935114	401.9760278148401	74.47302231510236	949.0411616304132	997.4643526092412	83.49040342770051	991.2143776675438	NaN
0	0.10500000000000001	813.9373872410968	402.4342627529592	74.3839788051791	949.1413168211146	997.4013309191712	83.47930169422034	991.1496783130067	NaN
0	0.10500000000000001	814.6477268886822	402.90356133626597	74.29384634734694	949.254428835643	997.3503172176823	83.46808410242718	991.0968674310059	NaN
0	0.10500000000000001	815.3580665362676	403.3817694400884	74.20303992833239	949.3798642641214	997.3113982042978	83.45680043041797	991.0560407588381	NaN
0	0.10500000000000001	816.068406183853	403.86671614070127	74.11197053118157	949.5169433316654	997.284607320561	83.44550019555845	991.0272411624145	NaN
0	0.10500000000000001	816.7787458314383	404.3562231901586	74.02104330321686	949.6649432732653	997.2699251857035	83.43423244826961	991.0104590287015	NaN
0	0.10500000000000001	817.4890854790237	404.8481144645732	73.93065581366066	949.8231018597259	997.2672802510168	83.42304556964075	991.0056328756389	NaN
0	0.10500000000000001	818.1994251266092	405.3402253457067	73.84119640691316	949.9906210594651	997.2765496682565	83.41198707361606	991.0126501750447	NaN
0	0.10500000000000001	818.9097647741945	405.8304119955861	73.75304265624207	950.1666708204281	997.2975603666155	83.40110341448604	991.0313483832251	NaN
0	0.10500000000000001	819.6201044217798	406.31656048392796	73.66655992146119	950.3503929558758	997.3300903320215	83.39043980039798	991.0615161732426	NaN
0	0.10500000000000001	820.3304440693653	406.796595728448	73.58210001305737	950.5409051173639	997.3738700817615	83.3800400135844	991.1028948620426	NaN
0	0.10500000000000001	821.0407837169507	407.2684902086572	73.49999996418175	950.7373048378473	997.4285843266968	83.36994623798701	991.1551800249081	NaN
0	0.10500000000000001	821.751123364536	407.7302724145161	73.42058091096406	950.9386736275201	997.4938738126225	83.3601988949247	991.2180232890042	NaN
0	0.10500000000000001	822.4614630121214	408.18003499232316	73.34414708074212	951.1440811047515	997.5693373316443	83.35083648743672	991.2910342970974	NaN
0	0.10500000000000001	823.1718026597068	408.6159425514639	73.2709848870322	951.3525891443031	997.6545338937915	83.34189545389185	991.373782831883	NaN
0	0.10500000000000001	823.8821423072923	409.0362390971276	73.20136212939816	951.5632560249062	997.7489850484724	83.3334100314277	991.4658010907393	NaN
0	0.10500000000000001	824.5924819548776	409.4392550558143	73.13552729581319	951.7751405582636	997.8521773447964	83.32541212974573	991.566586100152	NaN
0	0.10500000000000001	825.3028216024629	409.82341386238465	73.07370896464305	951.9873061816054	997.9635649192536	83.3179312157519	991.6756022585083	NaN
0	0.10500000000000001	826.0131612500484	410.18723807954797	73.01611530301463	952.198824996071	998.0825721987467	83.31099420948699	991.7922839954662	NaN
0	0.10500000000000001	826.7235008976338	410.52935502301676	72.962933658062	952.4087817334413	998.208596706527	83.3046253917458	991.9160385356571	NaN
0	0.10500000000000001	827.4338405452191	410.84850186807034	72.9143302373588	952.616277634057	998.3410119581923	83.29884632374134	992.0462487540794	NaN
0	0.10500000000000001	828.1441801928045	411.1435302159424	72.87044987474593	952.8204342191873	998.479170434565	83.29367577911485	992.1822761101889	NaN
0	0.10500000000000001	828.8545198403899	411.413410101263	72.83141587773765	953.0203969416065	998.6224066179844	83.28912968853821	992.3234636474043	NaN
0	0.10500000000000001	829.5648594879754	411.65723342472	72.79732995272953	953.2153386987305	998.7700400783206	83.28522109710462	992.4691390445128	NaN
0	0.10500000000000001	830.2751991355607	411.8742167981417	72.76827220433218	953.4044631933363	998.9213785948576	83.28196013464583	992.618617705281	NaN
0	0.10500000000000001	830.985538783146	412.06370379231623	72.74430120530351	953.587008127638	999.075721300089	83.27935399905287	992.771205872466	NaN
0	0.10500000000000001	831.6958784307315	412.2251665810285	72.72545413374004	953.7622482173296	999.2323618314308	83.27740695262052	992.9262037523657	NaN
0	0.10500000000000001	832.4062180783169	412.3582069780009	72.71174697441117	953.9294980130995	999.3905914768884	83.27612033137376	993.0829086360691	NaN
0	0.10500000000000001	833.1165577259022	412.4625568666324	72.70317478136123	954.088114518099	999.5497023008022	83.27549256727131	993.2406180036356	NaN
0	0.10500000000000001	833.8268973734876	412.5380780256278	72.69971199916294	954.2374995908744	999.7089902359613	83.27551922312679	993.3986325975842	NaN
0	0.10500000000000001	834.537237021073	412.58476135677404	72.70131284046911	954.3771021243624	999.867758128594	83.27619304001887	993.5562594522725	NaN
0	0.10500000000000001	835.2475766686584	412.6027255242233	72.70791171776847	954.5064199926859	1000.0253187230364	83.27750399690758	993.7128148660262	NaN
0	0.10500000000000001	835.9579163162438	412.5922150176727	72.71942372750483	954.625001758665	1000.180997573231	83.27943938211344	993.867627303209	NaN
0	0.10500000000000001	836.6682559638291	412.5535976547566	72.73574518495117	954.7324481361765	1000.3341358686251	83.28198387626173	994.0200402138207	NaN
0	0.10500000000000001	837.3796501307501	412.48724296633077	72.7567888144354	954.8285469793722	1000.4843131036965	83.28512473115286	994.169633941332	NaN
0	0.10500000000000001	838.0925655211983	412.3935667460931	72.782453383832	954.9130049645898	1000.630986145841	83.28884682245642	994.3158667083616	NaN
0	0.10500000000000001	838.8074864693617	412.2730324684825	72.81263151150353	954.9855514865375	1000.773621164847	83.29313405259207	994.4582057651829	NaN
0	0.10500000000000001	839.5246710132308	412.12620491670725	72.84719706795953	955.0459187788299	1000.9116459273671	83.29796761131585	994.5960797230262	NaN
0	0.10500000000000001	840.2443064218858	411.95375256714834	72.88600681890263	955.0938713192901	1001.0444862494385	83.30332631452586	994.7289147815718	NaN
0	0.10500000000000001	840.9664421490062	411.7564797126596	72.92889404548447	955.12921065547	1001.1715587224694	83.30918579168888	994.8561273530871	NaN
0	0.10500000000000001	841.6910214408563	411.53533794335164	72.97566705352753	955.1517897794438	1001.292284189914	83.31551836694584	994.9771374082532	NaN
0	0.10500000000000001	842.4178584024114	411.2914474340973	73.02610534475637	955.1615238390136	1001.4060924670976	83.32229262196688	995.0913730726521	NaN
0	0.10500000000000001	843.1466450735606	411.0261071862211	73.07995810533953	955.1584024759195	1001.5124337225119	83.3294732816908	995.1982818954209	NaN
0	0.10500000000000001	843.876953710505	410.7408014313334	73.13694331754537	955.1425007606708	1001.6107896638824	83.3370211850365	995.2973419412908	NaN
0	0.10500000000000001	844.608256875565	410.43719314681243	73.19674928874522	955.1139878657409	1001.700687203147	83.3448935754827	995.3880754051256	NaN
0	0.10500000000000001	845.3399559660838	410.1171059834202	73.25903821936728	955.07313165113	1001.7817117386162	83.35304465131647	995.4700618981836	NaN
0	0.10500000000000001	846.0716550566027	409.7823837216171	73.32347300259721	955.0202790683549	1001.8535405618886	83.36142911791548	995.5429722912149	NaN
0	0.10500000000000001	846.8033541471216	409.434757942998	73.38974105029577	954.9558169890092	1001.9159479373142	83.37000524859607	995.6065743593781	NaN
0	0.10500000000000001	847.5350532376405	409.0759988959579	73.4575239818639	954.8801817987966	1001.9687545901508	83.37873090893383	995.6606818903298	NaN
0	0.10500000000000001	848.2667523281593	408.7079066430842	73.5264990063905	954.7938567386345	1002.0118279981959	83.38756376114088	995.7051550149704	NaN
0	0.10500000000000001	848.9984514186782	408.3323021967864	73.5963403323514	954.6973690562102	1002.0450824586484	83.39646146695323	995.7399003148046	NaN
0	0.10500000000000001	849.7301505091971	407.95101868738624	73.66672059998785	954.5912869846799	1002.0684789326398	83.40538188802626	995.764870708119	NaN
0	0.10500000000000001	850.461849599716	407.5658926067502	73.73731233101157	954.476216565835	1002.0820246709616	83.41428328285899	995.7800651182688	NaN
0	0.10500000000000001	851.1935486902348	407.17875516914415	73.807789389771	954.3527983355737	1002.0857726255712	83.42312449929943	995.7855279284198	NaN
0	0.10500000000000001	851.9252477807537	406.79142382937493	73.87782844951435	954.221703889921	1002.0798206524701	83.43186516172152	995.781348228112	NaN
0	0.10500000000000001	852.6569468712726	406.40569399647904	73.94711045691827	954.083632350135	1002.0643105125205	83.44046585201103	995.7676588579837	NaN
0	0.10500000000000001	853.3886459617914	406.02333097925	74.01532208762318	953.9393067456167	1002.03942667768	83.44888828354081	995.7446352599106	NaN
0	0.10500000000000001	854.1203450523103	405.6460621977808	74.08215718514084	953.789470333413	1002.0053949510019	83.45709546736909	995.7124941406962	NaN
0	0.10500000000000001	854.8520441428292	405.2755696929659	74.14731817518616	953.634882873067	1001.9624809095418	83.4650518699479	995.6714919582447	NaN
0	0.10500000000000001	855.5843942901787	404.91316499730516	74.2105727246862	953.4761742453695	1001.9109386407926	83.47273025139236	995.621875415321	NaN
0	0.10500000000000001	856.3191149105176	404.55963254976683	74.27177858035223	953.3137351747796	1001.8509365859154	83.48011442019578	995.5638084366859	NaN
0	0.10500000000000001	857.0575048355047	404.2160065750111	74.3307470090467	953.1480417477152	1001.7826480118024	83.48718255595678	995.4974586294165	NaN
0	0.10500000000000001	857.8008198253203	403.8833939260462	74.38727442874284	952.9795880557349	1001.7062388877055	83.49391110680429	995.4229860250344	NaN
0	0.10500000000000001	858.5500040214197	403.5630990251894	74.44112181596151	952.8089581160067	1001.6219076553821	83.5002723848743	995.3405820581085	NaN
0	0.10500000000000001	859.3055950129994	403.2566404786576	74.49201354575013	952.6368568230406	1001.5299178841533	83.50623454932648	995.2505019572684	NaN
0	0.10500000000000001	860.0675668696367	402.9657656646893	74.53963732163533	952.4641486635156	1001.4306417237628	83.5117617559105	995.1531078803274	NaN
0	0.10500000000000001	860.8352646418507	402.69239622005614	74.58365637325319	952.2918662483579	1001.3245936719799	83.51681577451413	995.0489027302922	NaN
0	0.10500000000000001	861.6074609611092	402.43850882293333	74.62373245887369	952.1211805939391	1001.2124425023834	83.52135884055743	994.938542548404	NaN
0	0.10500000000000001	862.3825515655953	402.20597264959514	74.65955515545487	951.9533325037272	1001.0949915726551	83.52535714483284	994.8228176653416	NaN
0	0.10500000000000001	863.1588134084913	401.9963985089797	74.69086766524678	951.789548830976	1000.9731349069391	83.52878378962421	994.7026097144351	NaN
0	0.10500000000000001	863.9350752513872	401.8109440871482	74.71749587605353	951.6308818293481	1000.8477332229354	83.53162185844641	994.5787692517722	NaN
0	0.10500000000000001	864.7113370942832	401.6502642210283	74.73935000836437	951.4780904947609	1000.7194829667992	83.53386410294955	994.4519857746382	NaN
0	0.10500000000000001	865.4875989371792	401.5148779171542	74.75636740279307	951.3318936248829	1000.5890865158664	83.5355064644279	994.3229552871294	NaN
0	0.10500000000000001	866.2638607800751	401.4051675278384	74.76851264338933	951.1929666518311	1000.457248455628	83.53654805044164	994.1923766013673	NaN
0	0.10500000000000001	867.040122622971	401.32137861591315	74.77577750682717	951.0619387417802	1000.3246718969127	83.53699109545285	994.0609476756164	NaN
0	0.10500000000000001	867.816384465867	401.26362049751646	74.7781807384563	950.939390171596	1000.1920548516188	83.53684090598243	993.9293620076064	NaN
0	0.10500000000000001	868.592646308763	401.2318674497596	74.77576765776291	950.8258499910594	1000.0600866847001	83.53610579084943	993.7983051007417	NaN
0	0.10500000000000001	869.368908151659	401.22596056767117	74.76860959738488	950.7217939777221	999.9294446593951	83.53479697712481	993.6684510201799	NaN
0	0.10500000000000001	870.1451699945549	401.2456102524858	74.75680318136851	950.6276428899171	999.800790591915	83.53292851247765	993.5404590550019	NaN
0	0.10500000000000001	870.9214318374509	401.2903993111302	74.7404694498172	950.5437610219528	999.6747676309666	83.53051715465172	993.4149705018638	NaN
0	0.10500000000000001	871.6976936803469	401.35978664464125	74.71975283844164	950.4704550640548	999.5519971765966	83.52758224884214	993.292605584647	NaN
0	0.10500000000000001	872.4739555232428	401.45311150121637	74.69482002275474	950.4079732681706	999.433075951905	83.52414559379099	993.173960523696	NaN
0	0.10500000000000001	873.2502173661387	401.56959826765654	74.66585863775173	950.3565049193513	999.3185732401928	83.52023129744683	993.0596047672594	NaN
0	0.10500000000000001	874.0264792090347	401.70836177108623	74.63307588485355	950.3161801110372	999.209028299097	83.51586562306764	992.9500783967525	NaN
0	0.10500000000000001	874.8053434431088	401.8689842360879	74.59656929874272	950.2869911212327	999.1046087675167	83.51106009406413	992.8455499472356	NaN
0	0.10500000000000001	875.5887795900608	402.0510597162462	74.55644313729947	950.2690325027796	999.005608120745	83.50582735141022	992.746312998601	NaN
0	0.10500000000000001	876.3787363631811	402.2542507947101	74.51279247200333	950.2624542009696	998.9123619930484	83.50017893866611	992.652702732467	NaN
0	0.10500000000000001	877.1767153876392	402.4781349690886	74.46573492395558	950.2674517993183	998.8252998026804	83.49412936204719	992.5651479422861	NaN
0	0.10500000000000001	877.9837808517502	402.72213051515286	74.41542319454342	950.2842298000761	998.7449286507616	83.48769759302846	992.4841553569729	NaN
0	0.10500000000000001	878.8002605008489	402.9853290150265	74.36207609885466	950.3129513904456	998.6718388473188	83.48091092834701	992.4103158826692	NaN
0	0.10500000000000001	879.6255623979315	403.26634725883355	74.30600366695114	950.3536692076333	998.6066769846917	83.47380804792483	992.3442784948544	NaN
0	0.10500000000000001	880.4580102111838	403.5631910339058	74.2476285232204	950.4062449142023	998.5500996919927	83.46644158687468	992.2867048716752	NaN
0	0.10500000000000001	881.2949280581063	403.87323238785575	74.18748422400793	950.4702830314851	998.5026982752562	83.45887780801118	992.2381945766402	NaN
0	0.10500000000000001	882.1329961726052	404.1933393449595	74.12618500775461	950.5451087065397	998.4649160143348	83.45119273410707	992.1992022605883	NaN
0	0.10500000000000001	882.9710642871041	404.52103466967975	74.06420425460769	950.6300487360256	998.4369243995851	83.44344447282728	992.1699094444822	NaN
0	0.10500000000000001	883.8091324016032	404.8542396926688	74.00193107582943	950.7244570892414	998.418762821537	83.43568058754394	992.150364539874	NaN
0	0.10500000000000001	884.6472005161022	405.19086845378996	73.93974966080943	950.8276390312393	998.4104108551213	83.4279481152903	992.1405565261857	NaN
0	0.10500000000000001	885.4852686306011	405.5288403355031	73.87803697753345	950.9388558969209	998.4117891599043	83.42029329347604	992.1404157904002	NaN
0	0.10500000000000001	886.3233367451	405.86609254009	73.81716058614242	951.0573300709679	998.4227607199632	83.41276129452558	992.1498153050153	NaN
0	0.10500000000000001	887.1614048595991	406.2005923370566	73.75747657593428	951.182250142547	998.4431324121446	83.40539596985683	992.1685721333754	NaN
0	0.10500000000000001	887.9994729740981	406.5303490084586	73.6993276345176	951.3127762029003	998.4726568897024	83.3982396045672	992.1964492497527	NaN
0	0.10500000000000001	888.837541088597	406.85342542169036	73.64304125613998	951.4480452532687	998.5110347666362	83.39133268412456	992.2331576598748	NaN
0	0.10500000000000001	889.675609203096	407.1679491615637	73.58892809460458	951.5871766901171	998.557917086453	83.38471367428882	992.2783588060133	NaN
0	0.10500000000000001	890.513677317595	407.47212315627405	73.5372804646818	951.7292778343368	998.6129080575934	83.37841881541691	992.3316672392581	NaN
0	0.10500000000000001	891.351745432094	407.76423573510544	73.4883709945301	951.8734494709943	998.6755680363624	83.3724819322198	992.3926535402038	NaN
0	0.10500000000000001	892.189813546593	408.04267005944484	73.44245143038218	952.0187913662954	998.7454167369331	83.36693425995232	992.4608474679964	NaN
0	0.10500000000000001	893.0278816610919	408.30591287283613	73.39975159362557	952.1644077287285	998.821936646825	83.36180428791359	992.5357413165149	NaN
0	0.10500000000000001	893.8659497755909	408.5525625203839	73.36047848942445	952.3094125818556	998.9045766252347	83.35711762104424	992.616793455429	NaN
0	0.10500000000000001	894.70401789009	408.78133619277816	73.32481556518573	952.4529350169204	998.9927556606897	83.35289686028848	992.703432032954	NaN
0	0.10500000000000001	895.5420860045889	408.9910763555145	73.2929221164642	952.5941242943604	999.0858667637456	83.34916150228769	992.7950588163575	NaN
0	0.10500000000000001	896.3801541190878	409.18075632949495	73.26493283732503	952.7321547644082	999.1832809698282	83.3459278588469	992.8910531456394	NaN
0	0.10500000000000001	897.2182222335869	409.34948499505737	73.24095751172533	952.866230578279	999.2843514268703	83.34320899650298	992.9907759753246	NaN
0	0.10500000000000001	898.0562903480859	409.4965105975496	73.22108084212921	952.9955901629278	999.3884175420776	83.34101469639289	993.093573978981	NaN
0	0.10500000000000001	898.8943584625848	409.6212236387896	73.20536241132092	953.1195104340275	999.4948091620181	83.33935143450339	993.1987836909011	NaN
0	0.10500000000000001	899.7324265770837	409.72315884507515	73.19383677321274	953.2373107236585	999.6028507602409	83.33822238224901	993.3057356593724	NaN
0	0.10500000000000001	900.5704946915828	409.80199620877306	73.1865136683447	953.3483564011891	999.7118656067989	83.33762742720636	993.4137585861012	NaN
0	0.10500000000000001	901.4085628060818	409.8575611068744	73.18337835972511	953.452062167953	999.8211798943904	83.33756321370004	993.522183426662	NaN
0	0.10500000000000001	902.2466309205807	409.8898235061912	73.18439208465107	953.5478950085983	999.9301267963191	83.3380232028151	993.6303474273031	NaN
0	0.10500000000000001	903.0846990350797	409.8988962710372	73.18949261815956	953.6353767843306	1000.0380504321282	83.33899775128954	993.7375980740508	NaN
0	0.10500000000000001	903.9227671495787	409.8850325952323	73.19859494378022	953.7140864557396	1000.1443097175543	83.3404742086187	993.8432969308204	NaN
0	0.10500000000000001	904.7608352640777	409.8486225860358	73.21159202727492	953.7836619254157	1000.2482820763992	83.34243703159191	993.9468233441572	NaN
0	0.10500000000000001	905.5989033785767	409.79018903311345	73.22835568904766	953.8438014931447	1000.3493669929976	83.34486791537033	994.0475779932781	NaN
0	0.10500000000000001	906.4369714930756	409.7103824008248	73.24873757087857	953.8942649190699	1000.4469893851801	83.34774594012217	994.144986265265	NaN
0	0.10500000000000001	907.2750396075746	409.6099750869351	73.27257019256861	953.9348740928326	1000.5406027789629	83.3510477321201	994.2385014365733	NaN
0	0.10500000000000001	908.1131077220737	409.48985499528794	73.29966809397273	953.965513309312	1000.6296922676557	83.35474763813865	994.3276076434341	NaN
0	0.10500000000000001	908.9526047194252	409.3507663903077	73.32988297498687	953.9861557403012	1000.7139160702891	83.35882515122891	994.411961773093	NaN
0	0.10500000000000001	909.7946601117121	409.1934967901576	73.36305747371661	953.9967660619094	1000.7929034418524	83.3632584588511	994.4911917201214	NaN
0	0.10500000000000001	910.640271525463	409.0188816006579	73.39902543389782	953.9973178035783	1000.8662748552654	83.36802455609767	994.5649164294191	NaN
0	0.10500000000000001	911.4902788853944	408.82783175298937	73.43760681464786	953.987803022775	1000.9336428103768	83.37309862480183	994.6327465766251	NaN
0	0.10500000000000001	912.3454193781877	408.6213420096373	73.47860656552733	953.9682421650582	1000.9946209206546	83.3784539417746	994.6942935644828	NaN
0	0.10500000000000001	913.2063315051057	408.40050507891965	73.52181217465136	953.9386925307235	1001.0488288026619	83.38406160924605	994.7491743206169	NaN
0	0.10500000000000001	914.0735757261991	408.16651871725395	73.56699256840886	953.8992558256052	1001.0958987153595	83.38989046368224	994.7970178664407	NaN
0	0.10500000000000001	914.9476378835619	407.9206939398228	73.61389674318981	953.8500854115696	1001.1354813571061	83.39590695037964	994.8374710438394	NaN
0	0.10500000000000001	915.8289312307635	407.6644610788725	73.66225280605774	953.7913932702238	1001.1672521966816	83.40207505302308	994.8702047825249	NaN
0	0.10500000000000001	916.7177846412003	407.3993772472835	73.71176676550682	953.7234575822032	1001.1909180109682	83.40835619392762	994.8949205666744	NaN
0	0.10500000000000001	917.614418085826	407.1271350219426	73.76212115702887	953.646631474874	1001.2062244138923	83.41470911785021	994.9113578816973	NaN
0	0.10500000000000001	918.5188977287869	406.8495740357118	73.81297324185128	953.5613540155905	1001.2129650503624	83.42108972847245	994.9193033033768	NaN
0	0.10500000000000001	919.4310724209816	406.5686934957085	73.86395321099815	953.4681636738233	1001.2109935683934	83.4274509349134	994.9186023449506	NaN
0	0.10500000000000001	920.3504942508764	406.286662181359	73.91466307830115	953.3677137323905	1001.2002391451991	83.43374259527344	994.9091748488509	NaN
0	0.10500000000000001	921.2763438010923	406.00581612307514	73.9646780536479	953.260786290151	1001.180725367766	83.43991177800632	994.8910337686908	NaN
0	0.10500000000000001	922.2073900210551	405.72863188223766	74.01355248573908	953.1482990051668	1001.152590035976	83.44590358937222	994.8643049778657	NaN
0	0.10500000000000001	923.1420204148145	405.45766473712837	74.060832067578	953.0312971184978	1001.1161008238071	83.45166275486147	994.8292431176842	NaN
0	0.10500000000000001	924.0783552679171	405.1954531715621	74.10607172744007	952.9109264092031	1001.0716606613582	83.45713585558482	994.7862373771633	NaN
0	0.10500000000000001	925.0146901210197	404.9443369760205	74.14886768703853	952.7883545057485	1001.0197831864581	83.46227520139064	994.7357879038062	NaN
0	0.10500000000000001	925.9510249741223	404.70604226934455	74.1889265944775	952.6645410819771	1000.9609723344661	83.46704695076865	994.6783879555512	NaN
0	0.10500000000000001	926.8873598272249	404.4821717614986	74.22597965115072	952.5404404856238	1000.8957768678443	83.47142056969848	994.6145759146893	NaN
0	0.10500000000000001	927.8236946803275	404.2741947150554	74.25978449006644	952.4169946078518	1000.8247855281867	83.47536901091648	994.5449305128614	NaN
0	0.10500000000000001	928.7600295334302	404.08343807643405	74.290126829382	952.2951259657601	1000.7486219621217	83.47886886350094	994.4700658258386	NaN
0	0.10500000000000001	929.6963643865328	403.9110788186691	74.31682188536332	952.1757310461965	1000.6679394636178	83.48190047219646	994.3906260801899	NaN
0	0.10500000000000001	930.6326992396354	403.7581375277769	74.3397155313095	952.0596739561792	1000.5834155758121	83.48444802614155	994.3072803145839	NaN
0	0.10500000000000001	931.569034092738	403.6254732552199	74.3586851915703	951.9477804219346	1000.4957465957173	83.4864996169105	994.2207169387623	NaN
0	0.10500000000000001	932.5053689458406	403.51377964959846	74.37364046258837	951.840832175043	1000.4056420250764	83.4880472660305	994.1316382331688	NaN
0	0.10500000000000001	933.4417037989432	403.4235823715746	74.38452345587238	951.7395617604988	1000.313819010192	83.48908692235706	994.0407548318233	NaN
0	0.10500000000000001	934.3780386520458	403.35523778718766	74.39130886089659	951.6446477976477	1000.2209968128245	83.48961842991037	993.9487802303394	NaN
0	0.10500000000000001	935.3143735051484	403.308932926186	74.39400372907146	951.5567107210187	1000.1278913532017	83.48964546697864	993.8564253599835	NaN
0	0.10500000000000001	936.250708358251	403.2846866837983	74.39264698307697	951.4763090240317	1000.0352098648609	83.48917545750301	993.7643932673988	NaN
0	0.10500000000000001	937.1870432113536	403.2823522365142	74.38730865893885	951.40393602449	999.9436456994591	83.48821945593089	993.6733739380506	NaN
0	0.10500000000000001	938.1233780644562	403.30162063495453	74.37808889119876	951.3400171666567	999.8538733178523	83.48679200688598	993.5840392996845	NaN
0	0.10500000000000001	939.0597129175588	403.3420255297969	74.3651166543269	951.2849078706214	999.7665435016979	83.4849109811589	993.4970384400616	NaN
0	0.10500000000000001	939.9960477706614	403.402948979984	74.34854827610113	951.2388919355903	999.6822788175826	83.48259738966277	993.412993071039	NaN
0	0.10500000000000001	940.932382623764	403.48362828610334	74.32856574098636	951.202180499715	999.6016693632445	83.47987517711248	993.332493268655	NaN
0	0.10500000000000001	941.8687174768667	403.5831637858846	74.30537480355339	951.174911555119	999.5252688228765	83.47677099729538	993.2560935163392	NaN
0	0.10500000000000001	942.8050523299693	403.7005275432333	74.27920293364991	951.1571500129245	999.4535908557725	83.47331397188755	993.1843090756759	NaN
0	0.10500000000000001	943.7413871830719	403.8345728571227	74.25029711635909	951.1488883093198	999.3871058397411	83.46953543484582	993.117612706349	NaN
0	0.10500000000000001	944.6777220361745	403.9840445120156	74.21892153073767	951.150047540077	999.3262379877846	83.46546866446988	993.0564317540071	NaN
0	0.10500000000000001	945.6191952856382	404.148523396614	74.18516541467791	951.160561567016	999.2710788674918	83.4611242653885	993.0008591182517	NaN
0	0.10500000000000001	946.5676781460852	404.32713134341776	74.14921842879428	951.180410098224	999.221969976589	83.45652601581517	992.9512382194363	NaN
0	0.10500000000000001	947.5254762795264	404.5190387692683	74.11126076597667	951.2095836151552	999.1792460950625	83.45169650298116	992.907905578877	NaN
0	0.10500000000000001	948.4931721195367	404.7229972334416	74.07155448268142	951.2480008020714	999.1433245927724	83.44666872182542	992.8712816956141	NaN
0	0.10500000000000001	949.4703692482617	404.93740556156797	74.03042542482912	951.2954626068446	999.1146190212424	83.44148361559175	992.841784847472	NaN
0	0.10500000000000001	950.4551062848734	405.1601441164769	73.9882909346684	951.3515714507988	999.093504828576	83.43619345689427	992.8197977482921	NaN
0	0.10500000000000001	951.4443310407205	405.3886727635497	73.94563659152223	951.4157049969042	999.0802449077875	83.43085879901221	992.8055930943746	NaN
0	0.10500000000000001	952.4343609210698	405.620181158013	73.90298504829401	951.4870257822948	999.0749392493767	83.42554450818417	992.799282840718	NaN
0	0.10500000000000001	953.4243908014191	405.8524888815917	73.86073124134896	951.564772167913	999.0775218249602	83.42029929778163	992.8008110777895	NaN
0	0.10500000000000001	954.4144206817684	406.08362331264357	73.81922544059259	951.6481885003321	999.0878473660113	83.41516627492035	992.8100421920611	NaN
0	0.10500000000000001	955.4044505621177	406.3116515889156	73.7788051162515	951.7364830000639	999.105707631829	83.41018693867932	992.8267777912657	NaN
0	0.10500000000000001	956.394480442467	406.5346963363871	73.7397923566538	951.8288349636045	999.1308341306692	83.40540085693559	992.8507593398701	NaN
0	0.10500000000000001	957.3845103228164	406.75095071901336	73.7024914847686	951.9244021044954	999.1629013047022	83.40084536388643	992.8816712585447	NaN
0	0.10500000000000001	958.3745402031657	406.95869268928266	73.66718688634123	952.022327970392	999.2015301456663	83.39655528046833	992.9191444552255	NaN
0	0.10500000000000001	959.364570083515	407.1562983272052	73.63414105985144	952.121749373138	999.2462922049714	83.39256265968187	992.9627602522297	NaN
0	0.10500000000000001	960.3545999638643	407.342254164043	73.60359289602785	952.2218037693544	999.2967139592101	83.38889655861573	993.0120546710702	NaN
0	0.10500000000000001	961.3446298442136	407.51516839672695	73.57575619231648	952.3216365300966	999.3522814895765	83.38558283872167	993.0665230341364	NaN
0	0.10500000000000001	962.3346597245629	407.6737809094039	73.55081840555337	952.4204080396707	999.4124454315925	83.38264399565398	993.1256248402931	NaN
0	0.10500000000000001	963.3246896049122	407.8169720298151	73.52893964413306	952.5173005657645	999.4766261498303	83.38009901974122	993.1887888696776	NaN
0	0.10500000000000001	964.3147194852615	407.94376996010726	73.51025189920281	952.6115248455784	999.5442190909808	83.37796328787792	993.2554184716133	NaN
0	0.10500000000000001	965.3047493656109	408.05335683411363	73.49485851284123	952.7023263356564	999.6146002676911	83.37624848736723	993.3248969885789	NaN
0	0.10500000000000001	966.2947792459602	408.14507336596523	73.48283387978607	952.7889910765603	999.6871318250735	83.37496257196486	993.396593268599	NaN
0	0.10500000000000001	967.2848091263095	408.21842206797766	73.47422337805087	952.8708511273952	999.7611676416752	83.37410975010859	993.469867218263	NaN
0	0.10500000000000001	968.2748390066588	408.2730690289647	73.46904352268787	952.9472895294288	999.8360589170035	83.37369050503783	993.5440753487974	NaN
0	0.10500000000000001	969.2648688870081	408.3088442573066	73.46728233600018	953.0177447626098	999.9111596984028	83.37370164623013	993.6185762682899	NaN
0	0.10500000000000001	970.2548987673574	408.32574060611046	73.46889992665228	953.0817146636626	999.9858323011988	83.37413639132872	993.6927360741861	NaN
0	0.10500000000000001	971.2449286477067	408.3239113105073	73.47382926935724	953.1387597795244	1000.059452577515	83.37498447747133	993.7659336016296	NaN
0	0.10500000000000001	972.234958528056	408.3036661793868	73.48197717610235	953.1885061351946	1000.1314149910436	83.37623230069003	993.8375654849946	NaN
0	0.10500000000000001	973.2249884084054	408.26546649556167	73.49322544919895	953.230647400493	1000.2011374572797	83.3778630818096	993.9070509921396	NaN
0	0.10500000000000001	974.2150182887547	408.20991868934976	73.50743220578437	953.2649464457415	1000.2680659112872	83.37985705706132	993.9738365933953	NaN
0	0.10500000000000001	975.205048169104	408.13776686075505	73.52443336275041	953.2912362819309	1000.3316785679266	83.38219169143791	994.0374002300997	NaN
0	0.10500000000000001	976.1950780494533	408.04988423472514	73.54404427041179	953.3094203864466	1000.3914898426276	83.38484191262114	994.0972552505652	NaN
0	0.10500000000000001	977.1851079298026	407.94726364226966	73.5660614825547	953.3194724208706	1000.4470539041705	83.38778036316873	994.1529539847043	NaN
0	0.10500000000000001	978.1751378101519	407.8310071274771	73.59026464981207	953.3214353526705	1000.4979678345471	83.39097766850608	994.2040909320718	NaN
0	0.10500000000000001	979.1685506310055	407.70185517468326	73.6165109539541	953.3153859495657	1000.5440222852754	83.39441477510533	994.2504546464743	NaN
0	0.10500000000000001	980.1675527848075	407.5606630314627	73.64463235839237	953.3013822385677	1000.5849360442197	83.39806922820614	994.2917617219322	NaN
0	0.10500000000000001	981.1744716800639	407.4082875467801	73.67446027937976	953.2794807756426	1000.6204251880807	83.40191849739016	994.3277260476947	NaN
0	0.10500000000000001	982.1911551981109	407.24570222999614	73.70580329420783	953.2497575143548	1000.650181795014	83.40593712919521	994.3580371299681	NaN
0	0.10500000000000001	983.2192123640552	407.0739969130731	73.73844824677055	953.2123229471625	1000.6738933921969	83.41009696606756	994.3823794274283	NaN
0	0.10500000000000001	984.2597341859926	406.89445177889166	73.77214700654991	953.1673511261184	1000.6912491543837	83.41436553110826	994.4004381821225	NaN
0	0.10500000000000001	985.313138909346	406.70858901102065	73.80660809139356	953.1151122457533	1000.7019599695706	83.418705072819	994.411919136826	NaN
0	0.10500000000000001	986.3788544997537	406.5182409868581	73.84148572350888	953.0560168280849	1000.705786434137	83.42307132111269	994.4165760616365	NaN
0	0.10500000000000001	987.4551029523133	406.32557974312954	73.87637666760783	952.990657080465	1000.7025793824085	83.42741326108941	994.4142509155431	NaN
0	0.10500000000000001	988.5389051417939	406.1330751396215	73.9108303166608	952.9198280588981	1000.6923243559006	83.43167457132525	994.4049182443913	NaN
0	0.10500000000000001	989.6264714016927	405.9433515776126	73.94437660261428	952.8445058923368	1000.6751735357132	83.43579723175385	994.388717569898	NaN
0	0.10500000000000001	990.7140376615916	405.7589519304373	73.97656897313428	952.7657695183184	1000.6514442272146	83.43972687541927	994.3659529419173	NaN
0	0.10500000000000001	991.8016039214906	405.5816593754196	74.0071006631354	952.6844802137557	1000.6214922238214	83.44342681488425	994.3369700805206	NaN
0	0.10500000000000001	992.8891701813894	405.41315318922926	74.03568655992517	952.6015101355698	1000.5857305290695	83.44686335178316	994.3021720508143	NaN
0	0.10500000000000001	993.9767364412883	405.2549935826435	74.06206586517563	952.5177332374624	1000.54462413703	83.45000606775888	994.2620141418379	NaN
0	0.10500000000000001	995.0643027011872	405.1086080305621	74.08600447602065	952.4340163360625	1000.498684375185	83.45282807631399	994.2169983036117	NaN
0	0.10500000000000001	996.1518689610862	404.97527920357146	74.10729705952937	952.3512104147355	1000.4484628759124	83.45530623376139	994.1676672076361	NaN
0	0.10500000000000001	997.239435220985	404.85613458887457	74.12576879834185	952.2701422489616	1000.394545245235	83.45742130792074	994.1145979987097	NaN
0	0.10500000000000001	998.3270014808838	404.7521378696343	74.1412767891865	952.1916064320734	1000.337544499214	83.45915810367792	994.0583958077556	NaN
0	0.10500000000000001	999.4145677407828	404.6640821129386	74.15371108029854	952.1163578743495	1000.2780943393279	83.4605055450025	993.9996870963761	NaN
0	0.10500000000000001	1000.5021340006817	404.5925847978532	74.16299533834801	952.0451048420966	1000.2168423383789	83.46145671346032	993.9391129041525	NaN
0	0.10500000000000001	1001.5897002605806	404.53808469655354	74.16908714028321	951.9785025964849	1000.1544431079308	83.46200884372274	993.8773220692452	NaN
0	0.10500000000000001	1002.6772665204794	404.5008406034516	74.17197789040408	951.9171476846316	1000.0915515170382	83.462163276979	993.8149644917033	NaN
0	0.10500000000000001	1003.7648327803784	404.48093188969267	74.17169236790099	951.8615729278212	1000.0288160300971	83.4619253735775	993.7526845070496	NaN
0	0.10500000000000001	1004.8523990402773	404.4782608435	74.16828791492966	951.812243143913	999.966872229088	83.46130438659326	993.6911144352345	NaN
0	0.10500000000000001	1005.9399653001761	404.4925567407004	74.16185327994256	951.7695516329707	999.9063365823225	83.46031329837923	993.6308683669838	NaN
0	0.10500000000000001	1007.027531560075	404.5233815744583	74.15250713536665	951.7338174470655	999.8478005181025	83.45896862246349	993.572536245942	NaN
0	0.10500000000000001	1008.1150978199739	404.5701373588675	74.14039629272565	951.7052834570894	999.7918248575008	83.45729017346312	993.5166783009087	NaN
0	0.10500000000000001	1009.2026640798729	404.63207490767945	74.12569364187216	951.6841152213782	999.7389346558311	83.45530080792908	993.463819877896	NaN
0	0.10500000000000001	1010.2902303397717	404.70830397714866	74.10859584406325	951.6704006530185	999.6896144973492	83.45302613926142	993.4144467167923	NaN
0	0.10500000000000001	1011.3777965996705	404.79780465083485	74.08932081113512	951.6641504749865	999.6443042823695	83.45049423002311	993.3690007121396	NaN
0	0.10500000000000001	1012.4653628595695	404.8994398342671	74.06810500497338	951.6652994447875	999.6033955403568	83.4477352651304	993.3278761919673	NaN
0	0.10500000000000001	1013.5546962360851	405.0121597128756	74.04516214515482	951.6737277888733	999.5671735519871	83.44477626887104	993.2913614633899	NaN
0	0.10500000000000001	1014.651712938951	405.13536535190696	74.02061509981336	951.6893618098883	999.5357943748304	83.44163259392141	993.2596143460189	NaN
0	0.10500000000000001	1015.7587864880426	405.2680961308911	73.99466166635396	951.7121187381516	999.5095531205812	83.43832933037163	993.2329325177861	NaN
0	0.10500000000000001	1016.8782142929567	405.40931157142114	73.96751396718444	951.7418896677087	999.488744605223	83.43489336861103	993.2116137183153	NaN
0	0.10500000000000001	1018.0098904971511	405.5575584130731	73.93946048543141	951.7784473557099	999.4736842351188	83.4313611880634	993.1959780029499	NaN
0	0.10500000000000001	1019.1519266319631	405.7110015737187	73.91085550299937	951.8213997003098	999.4646355845259	83.42777735442773	993.1862956055205	NaN
0	0.10500000000000001	1020.3003509884842	405.86738972864447	73.88212158156342	951.8701353960378	999.4617552467653	83.42419469294788	993.1827322667583	NaN
0	0.10500000000000001	1021.450231355525	406.02426087844077	73.85370832455791	951.9238484725638	999.4650385287711	83.42066902341365	993.1852943275071	NaN
0	0.10500000000000001	1022.6001117225659	406.17962905506846	73.8259685928061	951.9817809064207	999.4743434403215	83.41724383537186	993.1938495055427	NaN
0	0.10500000000000001	1023.7499920896067	406.33175462891677	73.79920471124238	952.04319775092	999.4894547070643	83.4139562121973	993.2081915626688	NaN
0	0.10500000000000001	1024.8998724566477	406.4789659057989	73.77370186079692	952.1073377115947	999.510094997156	83.41084100843287	993.2280522644517	NaN
0	0.10500000000000001	1026.0497528236883	406.61967696333437	73.74972522519145	952.1734222575366	999.5359291857567	83.40793049464962	993.2531055402178	NaN
0	0.10500000000000001	1027.1996331907294	406.75240421154865	73.72751743472745	952.2406647706331	999.5665691986914	83.40525403758241	993.2829722244043	NaN
0	0.10500000000000001	1028.34951355777	406.8757815076147	73.70729632578035	952.3082796285006	999.6015793706132	83.4028378185566	993.3172253157344	NaN
0	0.10500000000000001	1029.499393924811	406.9885736735349	73.68925303043572	952.3754911191545	999.6404822482707	83.40070459276117	993.3553956859051	NaN
0	0.10500000000000001	1030.6492742918517	407.0896882860667	73.67355040657093	952.4415420888347	999.6827647655701	83.39887349141856	993.3969781654976	NaN
0	0.10500000000000001	1031.7991546588928	407.1781856300991	73.66032181475403	952.5057022288679	999.7278847140964	83.39735986841525	993.4414379317392	NaN
0	0.10500000000000001	1032.9490350259334	407.2532867297136	73.64967024462864	952.5672759129455	999.7752774306203	83.39617519242687	993.4882171204939	NaN
0	0.10500000000000001	1034.0989153929745	407.31437939500233	73.64166778998766	952.6256095026546	999.8243626219063	83.39532698503531	993.536741583567	NaN
0	0.10500000000000001	1035.2487957600151	407.3610222470624	73.6363554685172	952.6800980464392	999.8745512468341	83.39481880481732	993.5864277120008	NaN
0	0.10500000000000001	1036.3986761270562	407.39294670810654	73.6337433792033	952.7301913053022	999.9252523764721	83.3946502768531	993.6366892465493	NaN
0	0.10500000000000001	1037.5485564940968	407.410056968008	73.63381118762942	952.7753990473707	999.9758799542568	83.3948171665959	993.6869439979173	NaN
0	0.10500000000000001	1038.698436861138	407.4124279624994	73.6365089268309	952.8152955628356	1000.0258593808314	83.3953114965407	993.7366204016217	NaN
0	0.10500000000000001	1039.8483172281785	407.40030142136527	73.64175809899889	952.8495233606163	1000.0746338513286	83.39612170365741	993.7851638354477	NaN
0	0.10500000000000001	1040.9981975952196	407.37408006699826	73.64945306111755	952.8777960182608	1000.121670376905	83.39723283511654	993.8320426313675	NaN
0	0.10500000000000001	1042.1480779622602	407.33432006435345	73.65946267555994	952.8999001669488	1000.1664654270962	83.39862677942394	993.8767537184162	NaN
0	0.10500000000000001	1043.2979583293013	407.281721842378	73.67163220474568	952.9156966038869	1000.208550134988	83.40028252969954	993.918827838337	NaN
0	0.10500000000000001	1044.447838696342	407.217119424182	73.68578542716895	952.925120534727	1000.2474950132201	83.40217647552537	993.9578342817072	NaN
0	0.10500000000000001	1045.597719063383	407.14146841837015	73.70172695043527	952.928180958789	1000.2829141353851	83.40428271949895	993.9933850986844	NaN
0	0.10500000000000001	1046.7477651187655	407.0558198326723	73.71924732242528	952.9249583092487	1000.3144729981558	83.40657375636167	994.0251430325651	NaN
0	0.10500000000000001	1047.904644607423	406.96075721946926	73.73823382739937	952.9155296841948	1000.342027450598	83.40903477780856	994.0529621580678	NaN
0	0.10500000000000001	1049.0709411670568	406.85715699575763	73.7585126498099	952.8999690526673	1000.3653072563344	83.41164293653034	994.0765698887163	NaN
0	0.10500000000000001	1050.2503260094109	406.745850188162	73.77991936354879	952.8783518356637	1000.3840628241903	83.41437663566032	994.095714364549	NaN
0	0.10500000000000001	1051.4447171305815	406.6279059425779	73.80224423356705	952.8508088319437	1000.3980159732766	83.41720854905523	994.1101142353452	NaN
0	0.10500000000000001	1052.655078535336	406.50460432775697	73.82523976783504	952.8175522053685	1000.4069044333133	83.42010672548226	994.1195030227949	NaN
0	0.10500000000000001	1053.8802033835643	406.37758006798924	73.84859599640265	952.778942805825	1000.4105079381211	83.4230316088511	994.1236544180385	NaN
0	0.10500000000000001	1055.1166900742783	406.24881940358586	73.8719442448737	952.7355322809412	1000.4087033142476	83.42593671288434	994.1224370629399	NaN
0	0.10500000000000001	1056.3592328745171	406.12057626217074	73.89487536666248	952.6880753570128	1000.4015151057879	83.42877108107811	994.1158652552916	NaN
0	0.10500000000000001	1057.6019529040882	405.99514236220915	73.91698298912095	952.6374727341821	1000.3891384555745	83.43148476224836	994.1041227268371	NaN
0	0.10500000000000001	1058.8446729336592	405.8741443528083	73.93798572336726	952.5844648218257	1000.3718407958836	83.43404370240509	994.0874680569927	NaN
0	0.10500000000000001	1060.0873929632305	405.75909942706755	73.9576252758358	952.5298028521394	1000.3499489801981	83.43641698517128	994.0662193914145	NaN
0	0.10500000000000001	1061.3301129928018	405.65141547364277	73.97566625105118	952.4742450645907	1000.3238443885548	83.43857677709127	994.0407495753723	NaN
0	0.10500000000000001	1062.5728330223728	405.5523746429681	73.9918989168167	952.4185464976983	1000.2939567741995	83.44049863570639	994.0114801099463	NaN
0	0.10500000000000001	1063.8155530519439	405.4631189187755	74.00614158085182	952.3634490325535	1000.2607575911751	83.44216176608211	993.978874583081	NaN
0	0.10500000000000001	1065.0582730815152	405.38463784065476	74.01824254953503	952.3096718149357	1000.2247529024033	83.44354922347081	993.9434316738517	NaN
0	0.10500000000000001	1066.3009931110864	405.31775849186414	74.02808164567986	952.257902174949	1000.1864759712802	83.44464806058207	993.9056778318462	NaN
0	0.10500000000000001	1067.5437131406575	405.2631378345006	74.0355712689985	952.2087871538121	1000.1464796417778	83.44544941868294	993.8661597357074	NaN
0	0.10500000000000001	1068.7864331702285	405.22125744191374	74.04065698996492	952.1629257369452	1000.1053286125956	83.44594856254889	993.8254366355646	NaN
0	0.10500000000000001	1070.0291531997998	405.192420646257	74.04331767502937	952.1208618809655	1000.0635917100101	83.44614486002077	993.7840726833342	NaN
0	0.10500000000000001	1071.271873229371	405.17675208770765	74.04356514841105	952.0830784098404	1000.0218342618386	83.44604170762896	993.7426293527911	NaN
0	0.10500000000000001	1072.514593258942	405.1741996214751	74.04144340284391	952.0499918424076	999.9806106713771	83.44564640443737	993.7016580479195	NaN
0	0.10500000000000001	1073.7573132885132	405.1845385095799	74.03702737851866	952.0219481999669	999.9404572854164	83.44496997688073	993.6616929934495	NaN
0	0.10500000000000001	1075.0000333180844	405.2073777968072	74.03042133590598	951.9992198288226	999.9018856445558	83.44402695794987	993.6232444957399	NaN
0	0.10500000000000001	1076.2427533476557	405.24216874448615	74.02175685402645	951.9820032587389	999.8653761971304	83.44283512459288	993.5867926554467	NaN
0	0.10500000000000001	1077.4854733772268	405.28821517205887	74.01119049093167	951.970418104378	999.8313725502696	83.44141519766283	993.5527816057318	NaN
0	0.10500000000000001	1078.7281934067978	405.3446855349985	73.99890114759036	951.9645070031359	999.8002763230182	83.43979050912475	993.5216143413413	NaN
0	0.10500000000000001	1079.970913436369	405.4106265487123	73.98508717995114	951.9642365695022	999.7724426572244	83.43798664155615	993.4936481947852	NaN
0	0.10500000000000001	1081.2159582651016	405.485124418462	73.969933927084	951.9695142628312	999.7481345454672	83.43602726253664	993.469148709687	NaN
0	0.10500000000000001	1082.4708927575593	405.56758257238823	73.95356229070009	951.9802716104402	999.7275134304708	83.43392771317836	993.448279052335	NaN
0	0.10500000000000001	1083.7390184156675	405.65713946733075	73.93614760894661	951.9964291981601	999.71083713387	83.43171040771912	993.431299389601	NaN
0	0.10500000000000001	1085.0234502177982	405.7528443015003	73.91788111103483	952.017875548288	999.6983595956157	83.42939973888143	993.418466427928	NaN
0	0.10500000000000001	1086.3239869417866	405.8533874320673	73.89901951431453	952.044385169344	999.6903384720987	83.42702828263215	993.4100421738503	NaN
0	0.10500000000000001	1087.6375730935615	405.95709866769846	73.87988099544751	952.075566568761	999.6869693771924	83.42463611246403	993.4062285674416	NaN
0	0.10500000000000001	1088.958079753997	406.0619523183553	73.86084035135265	952.110817660377	999.6883267740872	83.42227003426335	993.4071086976912	NaN
0	0.10500000000000001	1090.2785864144323	406.1658242337702	73.84227928972834	952.1493761809695	999.6943213075925	83.41997728120255	993.4126032344753	NaN
0	0.10500000000000001	1091.5990930748676	406.26717967058426	73.82446526686611	952.1905960508257	999.7047664054294	83.41779062886407	993.4225335619662	NaN
0	0.10500000000000001	1092.919599735303	406.3645532774459	73.80764864712752	952.2338047843842	999.7194127898617	83.4157405855896	993.4366584163172	NaN
0	0.10500000000000001	1094.2401063957386	406.4565696280731	73.79205936477592	952.2783140937735	999.73795350745	83.41385498348463	993.4546787942674	NaN
0	0.10500000000000001	1095.560613056174	406.5419619971845	73.77790397461837	952.3234305134349	999.760029717026	83.41215861759902	993.4762436232934	NaN
0	0.10500000000000001	1096.8811197166092	406.61958913032345	73.76536312300222	952.3684658867088	999.7852371342292	83.41067293769697	993.500956093354	NaN
0	0.10500000000000001	1098.2016263770447	406.6884497932442	73.75458946348391	952.4127475602444	999.8131330231606	83.40941579618735	993.5283805423928	NaN
0	0.10500000000000001	1099.5221330374802	406.7476949239561	73.74570603430264	952.455628139299	999.8432436196812	83.40840125487345	993.5580497816	NaN
0	0.10500000000000001	1100.8426396979155	406.79663725014785	73.7388051077834	952.4964946662905	999.8750718666753	83.40763945228122	993.5894727420966	NaN
0	0.10500000000000001	1102.1631463583508	406.83475827589086	73.73394751502782	952.5347770961799	999.9081053392551	83.40713653237374	993.6221423221659	NaN
0	0.10500000000000001	1103.4836530187863	406.8617125835521	73.73116244278951	952.5699559552296	999.9418242373952	83.40689463452959	993.6555433135158	NaN
0	0.10500000000000001	1104.8041596792218	406.87732943905064	73.73044769330814	952.6015690841341	999.9757093248502	83.40691194375879	993.6891602862065	NaN
0	0.10500000000000001	1106.124666339657	406.8816117302604	73.73177039212246	952.6292173822696	1000.0092496963719	83.40718279922427	993.7224853148372	NaN
0	0.10500000000000001	1107.4451730000924	406.87473230881943	73.73506812351015	952.652569486536	1000.0419502601169	83.4076978583026	993.7550254332513	NaN
0	0.10500000000000001	1108.765679660528	406.85702784420346	73.74025046822918	952.6713653357377	1000.0733388286486	83.40844431262273	993.7863097113251	NaN
0	0.10500000000000001	1110.0861863209634	406.828990335039	73.74720091366403	952.6854185893558	1000.1029727199311	83.40940615180354	993.8158958551666	NaN
0	0.10500000000000001	1111.4066929813987	406.7912564557338	73.75577910232586	952.6946178876113	1000.1304447790648	83.41056446995782	993.843376241222	NaN
0	0.10500000000000001	1112.727199641834	406.7445949460739	73.76582338092827	952.6989269576408	1000.1553887420464	83.41189780948118	993.8683833050939	NaN
0	0.10500000000000001	1114.0477063022695	406.68989227709363	73.77715360897929	952.6983835880811	1000.1774838743627	83.41338253616928	993.8905942172372	NaN
0	0.10500000000000001	1115.3749795933534	406.62780404965645	73.78964028380865	952.6930584890358	1000.196547627122	83.41500177184871	993.9098245586239	NaN
0	0.10500000000000001	1116.7142846280808	406.55903912078844	73.80314205573971	952.6830130243197	1000.2123632658486	83.41673705042867	993.9258556852135	NaN
0	0.10500000000000001	1118.0701524935566	406.48438221419696	73.81750283542951	952.668322623335	1000.2247003499077	83.41856802848785	993.9384549864244	NaN
0	0.10500000000000001	1119.4452513876158	406.4048022322939	73.83253228421478	952.6491156357213	1000.2333192324538	83.42047007396405	993.9473798737946	NaN
0	0.10500000000000001	1120.8395714331812	406.32154280914244	73.8479910397313	952.6256257270055	1000.2380002553955	83.42241252894358	993.9524063999007	NaN
0	0.10500000000000001	1122.2493216083708	406.2362035225147	73.86357875540097	952.5982556102167	1000.2385913208144	83.42435738637428	993.9533761882848	NaN
0	0.10500000000000001	1123.6672986169738	406.1506829740846	73.87894812320563	952.5676060208925	1000.2350686243924	83.42626124929973	993.9502570672438	NaN
0	0.10500000000000001	1125.0852756255767	406.0669451961427	73.89374946541759	952.534425726909	1000.2275701414818	83.42808100527951	993.9431774068211	NaN
0	0.10500000000000001	1126.5032526341797	405.9863941713123	73.90773979705456	952.499344093546	1000.2163146204377	83.42978714690526	993.9323483870279	NaN
0	0.10500000000000001	1127.9212296427827	405.9103471154137	73.92069536397396	952.4630090798818	1000.2015807100056	83.43135279448717	993.9180411278766	NaN
0	0.10500000000000001	1129.3392066513857	405.8400137562546	73.93241512231826	952.4260756350014	1000.1837007964209	83.43275410067203	993.9005806553665	NaN
0	0.10500000000000001	1130.7571836599886	405.77647794530066	73.94272375686133	952.3891942401071	1000.1630540525713	83.43397059329321	993.8803390736016	NaN
0	0.10500000000000001	1132.1751606685916	405.72068186207383	73.95147419201427	952.3529997909397	1000.1400588375582	83.43498545195949	993.8577280793979	NaN
0	0.10500000000000001	1133.5931376771946	405.6734130202058	73.95854955896853	952.3181010042722	1000.1151645929735	83.43578571517298	993.8331909639277	NaN
0	0.10500000000000001	1135.0111146857976	405.6352942310482	73.96386459288244	952.285070518703	1000.0888433874424	83.43636241603856	993.8071942513768	NaN
0	0.10500000000000001	1136.4290916944005	405.60677662658134	73.96736644494796	952.2544358438718	1000.0615812634584	83.4367106459208	993.7802191273047	NaN
0	0.10500000000000001	1137.8470687030035	405.5881357889874	73.969034905367	952.2266712939046	1000.0338695402955	83.43682954666276	993.752752809411	NaN
0	0.10500000000000001	1139.2650457116065	405.5794709805476	73.96888204445378	952.2021910207445	1000.0061962238833	83.4367222331943	993.7252800107549	NaN
0	0.10500000000000001	1140.6830227202095	405.5807074153228	73.96695129000058	952.1813432414249	999.9790376691277	83.43639564951434	993.698274640346	NaN
0	0.10500000000000001	1142.1009997288124	405.5916014641567	73.96331596943917	952.1644057307113	999.952850632373	83.43586036208765	993.672191878508	NaN
0	0.10500000000000001	1143.5189767374154	405.61174863763	73.95807735495343	952.1515826272657	999.9280648417756	83.43513029567953	993.6474607547385	NaN
0	0.10500000000000001	1144.9369537460184	405.64059414834077	73.9513622583347	952.1430025779791	999.9050762014716	83.43422241750451	993.6244773441854	NaN
0	0.10500000000000001	1146.3549307546214	405.67744581488085	73.94332022983461	952.1387182217777	999.8842407318699	83.43315637630171	993.6035986855253	NaN
0	0.10500000000000001	1147.7729077632243	405.72148903563226	73.93412042141225	952.1387069913862	999.8658693334161	83.43195410355642	993.5851375083131	NaN
0	0.10500000000000001	1149.1977118311652	405.77205934892663	73.92389716731219	952.1429031126777	999.8501550675379	83.43063282293143	993.5692887189648	NaN
0	0.10500000000000001	1150.636699205104	405.82851815050964	73.91278016228775	952.1512505262332	999.837292588918	83.42920918571168	993.556248691441	NaN
0	0.10500000000000001	1152.0947336266672	405.8900946765727	73.90092500909932	952.1636729935366	999.8275057912707	83.42770316306024	993.5462434588417	NaN
0	0.10500000000000001	1153.5742192902421	405.95582239878786	73.88852298407588	952.1800313096936	999.8210196204533	83.42613918000704	993.539500976094	NaN
0	0.10500000000000001	1155.0728589443715	406.0243993572794	73.875824390736	952.2000524472577	999.8180277134348	83.42454893089014	993.5362195734846	NaN
0	0.10500000000000001	1156.5833526094552	406.09417232840997	73.86313726345077	952.2232738824603	999.8186278355291	83.42297102874544	993.5365038425239	NaN
0	0.10500000000000001	1158.0955171621595	406.16330074092156	73.85079386336909	952.249053383347	999.8227660848985	83.42144666992951	993.5403084333141	NaN
0	0.10500000000000001	1159.6076817148637	406.23037008226527	73.83904143955347	952.2768012775622	999.8302781296155	83.42000615888072	993.5474763048957	NaN
0	0.10500000000000001	1161.1198462675677	406.2941150320294	73.82809576404189	952.3059268929627	999.8409361673544	83.41867571335077	993.5577866499522	NaN
0	0.10500000000000001	1162.6320108202717	406.3533654907864	73.81815149731939	952.3358266332026	999.8544562006632	83.41747877133109	993.5709623692561	NaN
0	0.10500000000000001	1164.144175372976	406.40706727752246	73.80937892459967	952.3658961090918	999.8705049370554	83.4164355980948	993.5866768387759	NaN
0	0.10500000000000001	1165.6563399256802	406.45430006965245	73.80192125297471	952.3955420004108	999.888707490865	83.41556296449858	993.604561486128	NaN
0	0.10500000000000001	1167.1685044783842	406.4942922953273	73.79589250480831	952.424193422009	999.9086557173871	83.41487390119575	993.6242140091858	NaN
0	0.10500000000000001	1168.6806690310882	406.52643275429125	73.79137603035419	952.4513125827543	999.9299170013493	83.41437753183538	993.6452070609566	NaN
0	0.10500000000000001	1170.1928335837924	406.55027881325975	73.78842365032843	952.4764045445188	999.9520433169371	83.41407898670235	993.6670972197086	NaN
0	0.10500000000000001	1171.7049981364967	406.56556109318217	73.78705542725005	952.4990259103894	999.9745803754563	83.41397939664901	993.6894340619144	NaN
0	0.10500000000000001	1173.2171626892007	406.57218463734705	73.78726005295009	952.5187922962357	999.9970766792113	83.41407596561336	993.7117691577141	NaN
0	0.10500000000000001	1174.7293272419047	406.5702266195698	73.78899582886338	952.5353844670589	1000.019092306177	83.41436211847554	993.73366481424	NaN
0	0.10500000000000001	1176.241491794609	406.5599307192593	73.79219220568658	952.5485530486116	1000.0402072593658	83.41482771963328	993.7547024011651	NaN
0	0.10500000000000001	1177.7536563473132	406.5416983536201	73.79675183979614	952.5581217549948	1000.0600292271873	83.41545935636044	993.7744901047854	NaN
0	0.10500000000000001	1179.2658209000172	406.5160770153872	73.80255311557278	952.5639891036627	1000.0782006162424	83.41624067985306	993.7926699718215	NaN
0	0.10500000000000001	1180.7779854527212	406.4837460162136	73.80945307554215	952.5661286198678	1000.0944047355526	83.41715279592715	993.8089241212947	NaN
0	0.10500000000000001	1182.2925731661126	406.445434412244	73.81730391355286	952.5645821934561	1000.1083914901947	83.41817641017568	993.8230006554877	NaN
0	0.10500000000000001	1183.820936285234	406.40167029291274	73.82600030786752	952.5593998905007	1000.1200049326008	83.41929782385361	993.8347421729464	NaN
0	0.10500000000000001	1185.368216346007	406.3531624553718	73.83540021652578	952.5506433585227	1000.1290285832041	83.42049856761132	993.8439302844624	NaN
0	0.10500000000000001	1186.9396294791713	406.3006971695369	73.84534814573169	952.5384087135667	1000.135257676912	83.42175853858538	993.850357899476	NaN
0	0.10500000000000001	1188.5349194512416	406.24535294268725	73.85563580280859	952.5228945631246	1000.1384965792397	83.42305109384974	993.85382569571	NaN
0	0.10500000000000001	1190.1482674953913	406.188528377852	73.86600072522046	952.5044586089505	1000.1386194895199	83.42434308353816	993.8542023429568	NaN
0	0.10500000000000001	1191.7683806935652	406.13189488866306	73.87613861942071	952.483649856697	1000.1356312981659	83.4255965929208	993.8514852166338	NaN
0	0.10500000000000001	1193.3884938917392	406.07695136143275	73.88578478986737	952.461066753412	1000.1296719155418	83.4267791057168	993.8458066958522	NaN
0	0.10500000000000001	1195.0086070899133	406.0248888578385	73.89473481836251	952.4372622843795	1000.1209514172527	83.4278658665315	993.837370293834	NaN
0	0.10500000000000001	1196.6287202880872	405.9768030527346	73.90280505459587	952.4128026728134	1000.1097365422715	83.42883490869634	993.8264362837692	NaN
0	0.10500000000000001	1198.248833486261	405.9336720957383	73.90983624814855	952.3882543133926	1000.0963432406397	83.42966747629035	993.813314389227	NaN
0	0.10500000000000001	1199.868946684435	405.89633768856663	73.91569654372061	952.3641710410799	1000.0811283070453	83.43034836293351	993.7983555513154	NaN
0	0.10500000000000001	1201.4890598826091	405.8654897164988	73.92028378465577	952.3410820125131	1000.0644803122607	83.43086616193038	993.7819429818339	NaN
0	0.10500000000000001	1203.109173080783	405.84165468371316	73.92352708693852	952.3194804560139	1000.0468100546212	83.43121342447091	993.7644827221865	NaN
0	0.10500000000000001	1204.7292862789568	405.8251881106905	73.92538766367437	952.2998135198828	1000.0285407586435	83.4313867247734	993.7463939331416	NaN
0	0.10500000000000001	1206.3493994771309	405.8162709594644	73.9258588981606	952.2824734178735	1000.0100982475519	83.43138663316671	993.728099140604	NaN
0	0.10500000000000001	1207.969512675305	405.81491006125793	73.92496568152053	952.2677900363955	999.9919013110721	83.43121760014843	993.7100146575964	NaN
0	0.10500000000000001	1209.5896258734788	405.82094243290726	73.92276304802297	952.2560251309346	999.9743524796268	83.43088775636943	993.6925413928793	NaN
0	0.10500000000000001	1211.2097390716526	405.83404328521095	73.9193341571732	952.2473682003186	999.9578294013935	83.43040863525535	993.6760562424229	NaN
0	0.10500000000000001	1212.8298522698267	405.8537374496069	73.91478768602609	952.2419340876826	999.9426770000177	83.42979482648288	993.6609042416964	NaN
0	0.10500000000000001	1214.4499654680008	405.87941388081447	73.90925470757072	952.2397623172016	999.9292005686409	83.4290635698991	993.6473916351088	NaN
0	0.10500000000000001	1216.0720708501676	405.91038376731564	73.90287686024244	952.2408213853145	999.9176470229978	83.42823322900666	993.6357669785422	NaN
0	0.10500000000000001	1217.7102143460515	405.94615610339434	73.89575337481601	952.2450656853043	999.9081627941206	83.42731656915352	993.6261780445824	NaN
0	0.10500000000000001	1219.3702227982221	405.98605647729755	73.88802071143891	952.2524369098726	999.9009544898456	83.42633118078129	993.6188332515761	NaN
0	0.10500000000000001	1221.0577130499055	406.0293195343786	73.87983097098567	952.2628360121092	999.8962145202497	83.4252965617098	993.6139273099178	NaN
0	0.10500000000000001	1222.7703502396962	406.0748614983299	73.8713931351753	952.2760464838857	999.8941178446527	83.42423924721594	993.6116390065694	NaN
0	0.10500000000000001	1224.4983478282784	406.12127984553035	73.86296860557064	952.2916789209802	999.8947512586519	83.4231920400539	993.6120609071277	NaN
0	0.10500000000000001	1226.2269207189188	406.1669887658665	73.8548428343714	952.3091702787106	999.8980559961195	83.42219030361925	993.6151416872254	NaN
0	0.10500000000000001	1227.9554936095592	406.210824721942	73.8472178965858	952.3280183098865	999.9038749893898	83.42125872993512	993.6207304056022	NaN
0	0.10500000000000001	1229.6840665001996	406.25171868893113	73.84027470442201	952.3477044991839	999.9119909886987	83.42041920299431	993.6286158681211	NaN
0	0.10500000000000001	1231.41263939084	406.28870589115525	73.83417174380773	952.3677030377532	999.9221339884131	83.41969066009327	993.6385339670404	NaN
0	0.10500000000000001	1233.1412122814804	406.3209476391097	73.829041669573	952.3874944541902	999.9339895596875	83.41908868821733	993.6501758671693	NaN
0	0.10500000000000001	1234.8697851721208	406.34774935384064	73.82498865555219	952.4065787152718	999.9472080915446	83.41862521683855	993.6631971121567	NaN
0	0.10500000000000001	1236.5983580627612	406.3685744181155	73.8220865431725	952.4244874758527	999.9614146799348	83.41830831238869	993.6772273936025	NaN
0	0.10500000000000001	1238.3269309534016	406.3830536104461	73.82037781085316	952.4407951874775	999.9762193947284	83.41814207694256	993.6918807156338	NaN
0	0.10500000000000001	1240.055503844042	406.39098999807453	73.81987336560209	952.4551288121191	999.9912276521198	83.41812665094967	993.7067656846001	NaN
0	0.10500000000000001	1241.7840767346825	406.39235928528353	73.82055313801382	952.4671759298843	1000.0060504244863	83.4182583171462	993.7214956575075	NaN
0	0.10500000000000001	1243.5126496253229	406.38730573067085	73.82236744284062	952.4766910763034	1000.0203140310447	83.41852970032063	993.735698493576	NaN
0	0.10500000000000001	1245.2412225159633	406.3761338582923	73.82523904977741	952.4835001946343	1000.0336692702292	83.41893005523416	993.7490256702129	NaN
0	0.10500000000000001	1246.9697954066037	406.35929629003476	73.82906589338053	952.4875031400841	1000.045799677967	83.41944563298307	993.7611605474191	NaN
0	0.10500000000000001	1248.698368297244	406.33737811774046	73.83372433739281	952.4886742246011	1000.0564287242187	83.42006011428725	993.7718255921934	NaN
0	0.10500000000000001	1250.435924469977	406.3109315365326	73.83910222982529	952.4870453595723	1000.0653671687053	83.4207588845431	993.7808301978775	NaN
0	0.10500000000000001	1252.1942196014493	406.2804849031842	73.84509291986076	952.4826551696194	1000.072444263147	83.421528072491	993.7880022481311	NaN
0	0.10500000000000001	1253.980627992696	406.2466873705779	73.85156664285903	952.4755681892776	1000.0774720088137	83.42235087270994	993.7931519358585	NaN
0	0.10500000000000001	1255.798226626407	406.2103677346783	73.85836152165645	952.4659160878159	1000.080273304038	83.42320651781554	993.7960994827131	NaN
0	0.10500000000000001	1257.6403075055405	406.17267257120346	73.86526065368496	952.4539716408499	1000.0807188944474	83.4240675465175	993.7967112548839	NaN
0	0.10500000000000001	1259.4912056230812	406.1350216725019	73.87200456956609	952.4401891214263	1000.078797550059	83.42490158620464	993.7949697296647	NaN
0	0.10500000000000001	1261.342103740622	406.098689179166	73.87836825635824	952.4250762187194	1000.0746269616515	83.42568098651974	993.790986203885	NaN
0	0.10500000000000001	1263.1930018581627	406.06469941118166	73.88417650244615	952.4091139806692	1000.0683948703245	83.42638453973044	993.7849427341662	NaN
0	0.10500000000000001	1265.0438999757034	406.03397815431833	73.8892754040914	952.3927942290767	1000.0603438460397	83.42699387828226	993.7770763270803	NaN
0	0.10500000000000001	1266.8947980932442	406.0073284794822	73.89353627111564	952.3766048539761	1000.0507625848896	83.42749392907	993.7676703955618	NaN
0	0.10500000000000001	1268.745696210785	405.9854108633164	73.89685868327282	952.3610156558435	1000.0399761117887	83.42787325787675	993.7570451078361	NaN
0	0.10500000000000001	1270.5965943283256	405.968728062161	73.8991726293695	952.3464651335457	1000.02833520763	83.42812429713764	993.7455469440101	NaN
0	0.10500000000000001	1272.4474924458664	405.9576150393151	73.90043969031343	952.3333485763129	1000.0162053931626	83.4282434538677	993.733537789334	NaN
0	0.10500000000000001	1274.298390563407	405.9522340894609	73.90065325700274	952.3220077691606	1000.0039558049301	83.42823109812677	993.7213838968552	NaN
0	0.10500000000000001	1276.1492886809478	405.9525751487214	73.89983780333715	952.3127225648165	999.9919482917809	83.42809143594609	993.7094450461548	NaN
0	0.10500000000000001	1278.0001867984886	405.9584611285382	73.89804726267725	952.3057045132058	999.980527044257	83.42783227384334	993.6980642093577	NaN
0	0.10500000000000001	1279.8510849160293	405.9695579704744	73.89536258189327	952.3010926738773	999.970009044321	83.4274646850313	993.6875580115877	NaN
0	0.10500000000000001	1281.70198303357	405.98538899090516	73.89188854992943	952.298951669437	999.9606755904123	83.4270025899777	993.678208241294	NaN
0	0.10500000000000001	1283.5550896618156	406.00537899059464	73.88774473658066	952.2992737979548	999.9527566057678	83.42646158170028	993.6702460528085	NaN
0	0.10500000000000001	1285.4291910742209	406.02908679981175	73.88302067699783	952.3020253595438	999.9463929225767	83.42585322961901	993.6638134299055	NaN
0	0.10500000000000001	1287.3321198486851	406.0559166021235	73.87783684656982	952.3071563954481	999.9417690269029	83.42519309408388	993.6590964471856	NaN
0	0.10500000000000001	1289.2705066796225	406.08516316560275	73.87233255506942	952.3145677505017	999.9390521132916	83.42449902923448	993.6562644784916	NaN
0	0.10500000000000001	1291.2377734852505	406.11580536917376	73.86670262182935	952.3240319798374	999.9383770509411	83.42379570679137	993.6554561754342	NaN
0	0.10500000000000001	1293.2158817877917	406.14654457732536	73.86118553688647	952.3351461259558	999.9397700438439	83.42311290569808	993.6567034021666	NaN
0	0.10500000000000001	1295.1939900903326	406.1761900949003	73.85599195152957	952.3474423476667	999.9431293812657	83.42247654709003	993.6599103728578	NaN
0	0.10500000000000001	1297.1720983928735	406.20378669637796	73.85128498618715	952.3604735141068	999.9482816852003	83.4219064166629	993.6649089994447	NaN
0	0.10500000000000001	1299.1502066954147	406.2284772481723	73.84720639309815	952.3737818915017	999.9549991540433	83.42141947464432	993.6714766495872	NaN
0	0.10500000000000001	1301.1283149979558	406.24952827363023	73.84387251303548	952.3869147461903	999.9630088570403	83.42102937782002	993.6793452723176	NaN
0	0.10500000000000001	1303.1064233004968	406.26635059859484	73.84137120785446	952.3994392971919	999.9720032455315	83.42074612652871	993.688211755348	NaN
0	0.10500000000000001	1305.0845316030377	406.2785145384318	73.83975983775925	952.4109565393279	999.9816514926978	83.42057584456768	993.697749130453	NaN
0	0.10500000000000001	1307.0626399055789	406.2857592865367	73.8390643155251	952.421113510221	999.9916112578175	83.42052069525283	993.7076182268014	NaN
0	0.10500000000000001	1309.04074820812	406.2879963690259	73.83927923365039	952.4296136395097	1000.0015404692851	83.42057893226507	993.7174793695195	NaN
0	0.10500000000000001	1311.018856510661	406.2853072334575	73.84036902563108	952.4362248937944	1000.0111087324929	83.4207450794349	993.7270037315623	NaN
0	0.10500000000000001	1312.9969648132019	406.2779352341624	73.84227009023891	952.4407855133512	1000.0200079933215	83.42101022949358	993.7358839706685	NaN
0	0.10500000000000001	1314.975073115743	406.26627245669926	73.84489377870666	952.4432072235213	1000.0279621242332	83.42136244814634	993.7438438183449	NaN
0	0.10500000000000001	1316.9531814182842	406.25084198338993	73.84813011982932	952.4434758918371	1000.0347351462426	83.42178726669897	993.7506463331555	NaN
0	0.10500000000000001	1318.9526996367981	406.2320608103809	73.85189457730083	952.4416188676191	1000.0401882810464	83.42227369266332	993.7561516808713	NaN
0	0.10500000000000001	1320.983530195515	406.21046966783257	73.85607788712943	952.4376767056364	1000.0441480533474	83.42280754172101	993.7601849789262	NaN
0	0.10500000000000001	1323.0543460361723	406.18670964428924	73.86055347006707	952.4317351993702	1000.0464569585394	83.42337252477834	993.7625867725677	NaN
0	0.10500000000000001	1325.1583675696668	406.1617125684288	73.86514358274331	952.4239984794375	1000.0469875304558	83.42394607839437	993.7632261679843	NaN
0	0.10500000000000001	1327.2739859383098	406.13668355196086	73.86962715650249	952.4148419608251	1000.0457172685733	83.4245005839623	993.7620753997492	NaN
0	0.10500000000000001	1329.3896043069528	406.11270931476236	73.87381232977772	952.404698873263	1000.0427468668798	83.42501246383318	993.759229706993	NaN
0	0.10500000000000001	1331.5052226755959	406.0906683891535	73.87754945722669	952.393988689434	1000.0382461888623	83.42546362799862	993.7548540263572	NaN
0	0.10500000000000001	1333.620841044239	406.07133631504115	73.88071092374962	952.3831385079292	1000.0324377630716	83.42583890415052	993.749166113055	NaN
0	0.10500000000000001	1335.736459412882	406.05535953083296	73.88319529169432	952.3725665202952	1000.0255865444766	83.42612651862578	993.7424264789768	NaN
0	0.10500000000000001	1337.852077781525	406.0432350571953	73.88493031311874	952.3626663707197	1000.0179884005421	83.4263184316623	993.7349270369905	NaN
0	0.10500000000000001	1339.967696150168	406.03529655170763	73.88587472734895	952.3537929743495	1000.0099578036667	83.42641051910323	993.7269789276999	NaN
0	0.10500000000000001	1342.083314518811	406.03170705070266	73.88601881348423	952.3462502854914	1000.0018152256591	83.42640259876535	993.7189000200187	NaN
0	0.10500000000000001	1344.198932887454	406.0324584499023	73.88538371673268	952.3402814161129	999.9938747245857	83.42629830574712	993.7110025728255	NaN
0	0.10500000000000001	1346.314551256097	406.03737751791766	73.88401961451198	952.3360614020986	999.9864321904971	83.42610482644322	993.7035815224009	NaN
0	0.10500000000000001	1348.43016962474	406.04613799569387	73.88200283124561	952.3336928040009	999.9797546757575	83.42583250622292	993.6969038209085	NaN
0	0.10500000000000001	1350.545787993383	406.0582781189896	73.87943204807482	952.3332042149726	999.9740711801071	83.42549434986874	993.6911991968478	NaN
0	0.10500000000000001	1352.68385889726	406.0733940399038	73.87638996828201	952.3345754346383	999.9695242103118	83.4251010962846	993.6866111319093	NaN
0	0.10500000000000001	1354.8576051076993	406.0909924470059	73.87297676046268	952.3377714479316	999.966274615242	83.42466571721046	993.6833017430721	NaN
0	0.10500000000000001	1357.0763391110695	406.11046334085535	73.8693130932896	952.3427096998792	999.9644711093518	83.42420370055234	993.681421606154	NaN
0	0.10500000000000001	1359.3302539323017	406.1309149365729	73.86556872271244	952.3491876174475	999.964226452036	83.42373653807736	993.681086813647	NaN
0	0.10500000000000001	1361.5909647977232	406.1512008217345	73.86195276098692	952.3568322359778	999.9655417587655	83.42329027711166	993.6823036068398	NaN
0	0.10500000000000001	1363.8516756631448	406.1703865451051	73.85862865965609	952.36525311114	999.9683074708206	83.42288493482684	993.684967250979	NaN
0	0.10500000000000001	1366.112386528566	406.1876775613485	73.85573041163941	952.3740567796312	999.9723518682994	83.42253666804069	993.6889105873214	NaN
0	0.10500000000000001	1368.3730973939873	406.2023898679503	73.85336872341206	952.382847123099	999.9774537776568	83.42225858003968	993.6939167978517	NaN
0	0.10500000000000001	1370.6338082594089	406.2139758102989	73.85162704717997	952.3912426735225	999.9833539373878	83.42206025967099	993.6997305889729	NaN
0	0.10500000000000001	1372.8945191248304	406.2220430463632	73.85055893817179	952.3988926688095	999.9897676152134	83.42194748941773	993.7060706499663	NaN
0	0.10500000000000001	1375.1552299902517	406.2263660872014	73.85018680236071	952.4054912049731	999.9963978843123	83.42192212919453	993.7126427998771	NaN
0	0.10500000000000001	1377.415940855673	406.22689017335597	73.85050203778944	952.4107889369661	1000.0029489583894	83.42198217469078	993.7191532271885	NaN
0	0.10500000000000001	1379.6766517210945	406.223727589589	73.85146651286706	952.4146019061394	1000.0091390039855	83.42212198161188	993.7253212436691	NaN
0	0.10500000000000001	1381.937362586516	406.2171468464052	73.85301526988408	952.4168172121878	1000.0147118916744	83.42233264016508	993.730891015249	NaN
0	0.10500000000000001	1384.1980734519373	406.20755545259624	73.85506029362038	952.4173953947391	1000.0194474129518	83.42260247824497	993.7356417962964	NaN
0	0.10500000000000001	1386.4836676119285	406.1953326993755	73.8575236768223	952.4163496408117	1000.0232043861661	83.42292133225514	993.7394315322324	NaN
0	0.10500000000000001	1388.8101427603078	406.18093645538863	73.86031254086235	952.4137106710778	1000.0258312844778	83.42327714003127	993.7421075318446	NaN
0	0.10500000000000001	1391.1875669329625	406.1649476310179	73.86331235521058	952.4095592081014	1000.0271891926682	83.42365518296191	993.7435290908065	NaN
0	0.10500000000000001	1393.60165747656	406.14822424983294	73.8663606735717	952.4040992235456	1000.0271811974375	83.4240349094582	993.7435960203572	NaN
0	0.10500000000000001	1396.0163423403774	406.1318468530422	73.86926184328225	952.397699807085	1000.0258286373448	83.42439201228021	993.7423246959986	NaN
0	0.10500000000000001	1398.4310272041944	406.1166166440086	73.87187713252099	952.3907144262816	1000.0232492852281	83.42470958714283	993.7398286145715	NaN
0	0.10500000000000001	1400.8457120680118	406.1032437061953	73.87408792374572	952.3835109737128	1000.0196173163127	83.42497341866401	993.7362777536871	NaN
0	0.10500000000000001	1403.2603969318288	406.09231926856745	73.87580010296853	952.3764541701938	1000.015152385206	83.42517249059135	993.7318878367637	NaN
0	0.10500000000000001	1405.6750817956463	406.0842909710037	73.87694779919879	952.3698876380856	1000.0101070299854	83.42529940942394	993.7269079214703	NaN
0	0.10500000000000001	1408.0897666594633	406.0794461731552	73.87749558353597	952.3641177001562	1000.0047529275482	83.42535063265046	993.7216068101171	NaN
0	0.10500000000000001	1410.5044515232807	406.07790382503606	73.87743907551616	952.3593996397061	999.999366724069	83.42532649774165	993.7162589992894	NaN
0	0.10500000000000001	1412.9191363870978	406.0796149749827	73.87680398583635	952.3559270078034	999.9942161578231	83.42523105806517	993.7111308814657	NaN
0	0.10500000000000001	1415.3338212509152	406.08437156132663	73.87564370175991	952.3538243904471	999.9895471497915	83.42507174123095	993.7064678716835	NaN
0	0.10500000000000001	1417.7485061147322	406.0918227387241	73.87403559050294	952.3531438617333	999.9855724638521	83.42485885349468	993.702483060896	NaN
0	0.10500000000000001	1420.189645146192	406.10161393161184	73.87205324320162	952.3538805530771	999.9824336517042	83.42460200344655	993.6993187607909	NaN
0	0.10500000000000001	1422.6774568238768	406.11332740850514	73.8697818087737	952.3560095052588	999.980272906024	83.42431224079336	993.6971182029661	NaN
0	0.10500000000000001	1425.2229602047144	406.12641666747	73.86732920164847	952.3594549742015	999.9792211786365	83.42400341593674	993.6960140203538	NaN
0	0.10500000000000001	1427.8065895468985	406.1400651465308	73.86484964704806	952.3640169003035	999.979363095347	83.42369500329723	993.6960939997813	NaN
0	0.10500000000000001	1430.3902188890827	406.1532968013878	73.86251905347675	952.3693514652144	999.9806660309869	83.42340881091654	993.6973300766342	NaN
0	0.10500000000000001	1432.9738482312669	406.1653804097853	73.86046313063507	952.3751257581499	999.9830092735892	83.42316011884081	993.6996055184233	NaN
0	0.10500000000000001	1435.557477573451	406.1756792723355	73.8587869492702	952.380995492404	999.9862181860667	83.42296146811047	993.7027495596883	NaN
0	0.10500000000000001	1438.1411069156352	406.183683389189	73.85756984592622	952.3866249312258	999.9900762637145	83.42282206264483	993.7065492449535	NaN
0	0.10500000000000001	1440.7247362578194	406.18903317100444	73.85686198976217	952.3917055243159	999.9943390706155	83.422747383967	993.7107631774652	NaN
0	0.10500000000000001	1443.3083656000035	406.19153368417466	73.85668273606902	952.3959722532002	999.9987491911016	83.4227390319625	993.715136319421	NaN
0	0.10500000000000001	1445.8919949421877	406.19115900635256	73.85702078555217	952.3992168536247	1000.0030513098767	83.42279479153845	993.7194149643922	NaN
0	0.10500000000000001	1448.4756242843719	406.1880468454693	73.8578360663918	952.4012972932898	1000.0070065628886	83.42290891232233	993.7233610283365	NaN
0	0.10500000000000001	1451.059253626556	406.1824841207672	73.85906316297549	952.4021431202076	1000.0104053769002	83.42307257697792	993.7267648786465	NaN
0	0.10500000000000001	1453.6659483978501	406.1748091579261	73.86063106989667	952.4017477121305	1000.0130983183872	83.42327646109648	993.7294764405968	NaN
0	0.10500000000000001	1456.3240706493298	406.1653939502795	73.8624637999134	952.4001298247257	1000.014954349243	83.42351067748591	993.7313637765258	NaN
0	0.10500000000000001	1459.0466855861632	406.154741881489	73.86446175695657	952.3973554302814	1000.0158480091517	83.42376241588788	993.7322999056174	NaN
0	0.10500000000000001	1461.8123042934608	406.1436034141357	73.86648317011809	952.3936071213286	1000.0156998901747	83.42401375997474	993.7322025238992	NaN
0	0.10500000000000001	1464.5779230007583	406.1328745276924	73.86836677317147	952.3892031277775	1000.0145432589096	83.42424472567863	993.7311006917189	NaN
0	0.10500000000000001	1467.3435417080557	406.1232310368513	73.86999675338377	952.3844565574835	1000.012496578983	83.42444126475613	993.7291091542063	NaN
0	0.10500000000000001	1470.109160415353	406.1152493002972	73.87127870004046	952.3796890957493	1000.0097307195965	83.42459216338811	993.7263952010845	NaN
0	0.10500000000000001	1472.8747791226506	406.10937327822506	73.8721447879123	952.3752098380646	1000.0064556381849	83.424689644244	993.7231655746695	NaN
0	0.10500000000000001	1475.6403978299481	406.1058915768731	73.87255701767876	952.3712958549908	1000.0029051135265	83.42472972026377	993.719651394984	NaN
0	0.10500000000000001	1478.4060165372455	406.10492552907823	73.87250838611776	952.3681756701712	999.9993206008809	83.42471228804732	993.7160921626149	NaN
0	0.10500000000000001	1481.1716352445428	406.1064286015023	73.87202199881135	952.3660165927794	999.9959352908991	83.42464096615505	993.7127199134289	NaN
0	0.10500000000000001	1483.9372539518404	406.11019667528996	73.87114827143934	952.3649165557032	999.9929593938525	83.42452269986092	993.7097445427739	NaN
0	0.10500000000000001	1486.7144174753716	406.1159152531496	73.86995498935767	952.3649029575414	999.9905589852561	83.4243664564896	993.7073325633941	NaN
0	0.10500000000000001	1489.5450377212069	406.1232658224903	73.86850775688549	952.3659654905852	999.9888536293043	83.42418078355685	993.7056042665429	NaN
0	0.10500000000000001	1492.4463970910701	406.131805736314	73.86689507641343	952.3680566951316	999.9879671414706	83.42397709433351	993.7046847256458	NaN
0	0.10500000000000001	1495.4038491396332	406.1408873329526	73.86524037614831	952.371031780182	999.9879843916589	83.42377103017618	993.7046612141131	NaN
0	0.10500000000000001	1498.3613011881962	406.14966595794186	73.86369650483299	952.3746009329964	999.9888870204122	83.4235815722251	993.7055192614915	NaN
0	0.10500000000000001	1501.3187532367592	406.15750817046023	73.86237218932607	952.3784734474037	999.9905675086134	83.42342192523256	993.7071548132864	NaN
0	0.10500000000000001	1504.2762052853222	406.16387887991766	73.86135492681852	952.3823496859477	999.9928659411709	83.42330248481925	993.7094112850604	NaN
0	0.10500000000000001	1507.2336573338853	406.1683762676587	73.86070551960017	952.3859435917834	999.995584223585	83.4232302006535	993.7120935395282	NaN
0	0.10500000000000001	1510.1911093824483	406.1707552650875	73.86045483144228	952.389003158848	999.9985024571557	83.42320822316884	993.7149840608904	NaN
0	0.10500000000000001	1513.1485614310113	406.17093838383306	73.8606029003684	952.3913274446664	1000.0013961654356	83.42323584682129	993.7178600320583	NaN
0	0.10500000000000001	1516.1060134795744	406.16901368266156	73.86112036319392	952.3927790304268	1000.0040530620607	83.42330874035515	993.7205100135333	NaN
0	0.10500000000000001	1519.0634655281374	406.16522061543594	73.8619519796524	952.3932912193867	1000.0062881443465	83.42341943388536	993.7227490121022	NaN
0	0.10500000000000001	1522.0618280085037	406.15984366619864	73.86303795873317	952.3928575826347	1000.0079746557577	83.42356007452493	993.724449738527	NaN
0	0.10500000000000001	1525.1336288009081	406.1532360936551	73.86430644483795	952.3915000190422	1000.008993376506	83.42372133008932	993.7254920882883	NaN
0	0.10500000000000001	1528.2838442953664	406.14590644776746	73.86565852516856	952.3893067894128	1000.0092451707777	83.423890561935	993.7257752281002	NaN
0	0.10500000000000001	1531.4465513089615	406.1386230663724	73.8669528195495	952.3865121508161	1000.0087091992511	83.42405009102289	993.7252750002715	NaN
0	0.10500000000000001	1534.6092583225566	406.13202338160295	73.86807821474703	952.3833877757551	1000.0074669799948	83.4241863354377	993.7240695922483	NaN
0	0.10500000000000001	1537.7719653361517	406.1266288565138	73.86894835806028	952.3802128060629	1000.0056579010318	83.42428898268724	993.7222952423967	NaN
0	0.10500000000000001	1540.9346723497467	406.12283380715786	73.86950263335906	952.377256852464	1000.0034621568983	83.42435105627025	993.7201293263664	NaN
0	0.10500000000000001	1544.0973793633418	406.12087851304216	73.86970999474973	952.3747577832231	1000.0010835729655	83.42436933779462	993.717773402197	NaN
0	0.10500000000000001	1547.260086376937	406.12083661377744	73.86957012185597	952.3729032808834	999.9987312903035	83.42434445206172	993.7154350586601	NaN
0	0.10500000000000001	1550.422793390532	406.1226171452833	73.86911193074894	952.3718175321766	999.9966019082395	83.42428062462096	993.7133101530777	NaN
0	0.10500000000000001	1553.585500404127	406.12598032073606	73.86838969620246	952.3715539168999	999.9948635642318	83.42418514840595	993.7115669135859	NaN
0	0.10500000000000001	1556.812158372772	406.1306673567769	73.86745740358238	952.3721127374571	999.9936244871257	83.42406508971256	993.7103140949612	NaN
0	0.10500000000000001	1560.1279200782092	406.1363092450937	73.86638943621305	952.3734621098083	999.99299770752	83.42393007083257	993.7096657191456	NaN
0	0.10500000000000001	1563.5153412416787	406.14235513057076	73.86529092832086	952.3754809241723	999.993058015901	83.42379342384994	993.7096986056895	NaN
0	0.10500000000000001	1566.9027624051482	406.1480932911677	73.86429024843657	952.3779197047719	999.9937832051727	83.42367106876594	993.7103938638763	NaN
0	0.10500000000000001	1570.2901835686177	406.15298775186983	73.86347852595851	952.3805215833426	999.9950683846939	83.42357402590028	993.7116496159774	NaN
0	0.10500000000000001	1573.6776047320873	406.15661202391067	73.8629238909468	952.3830275552965	999.9967603104301	83.42351029794395	993.7133154233795	NaN
0	0.10500000000000001	1577.0650258955568	406.158684372285	73.86266613588852	952.3852015181484	999.9986746847777	83.42348425908811	993.7152093273662	NaN
0	0.10500000000000001	1580.4524470590263	406.15908729066297	73.8627143858114	952.3868517847451	1000.0006155318285	83.42349642555936	993.7171370238939	NaN
0	0.10500000000000001	1583.8398682224959	406.1578701417125	73.8630478409324	952.3878471866818	1000.0023946739698	83.42354360955328	993.7189112144866	NaN
0	0.10500000000000001	1587.2272893859654	406.15523559673295	73.86361935772457	952.3881265033168	1000.0038494300369	83.42361942152375	993.720369261628	NaN
0	0.10500000000000001	1590.6834687098478	406.15142797529944	73.86437765353426	952.3876851561066	1000.0048721416885	83.42371713035219	993.7214030424554	NaN
0	0.10500000000000001	1594.2417914345367	406.1467906522818	73.86525354713247	952.3865528720191	1000.0053577082763	83.42382778326817	993.7219065333157	NaN
0	0.10500000000000001	1597.8725920306704	406.1418559394899	73.86614588217162	952.3848518895124	1000.0052405082312	83.42393856999821	993.7218121128903	NaN
0	0.10500000000000001	1601.503392626804	406.1372680892162	73.86693919452927	952.382817211832	1000.0045523643981	83.424035208112	993.7211485334095	NaN
0	0.10500000000000001	1605.1341932229377	406.1335131376197	73.86755163969809	952.3806919315326	1000.0034013661624	83.4241078461191	993.7200210761954	NaN
0	0.10500000000000001	1608.7649938190714	406.13095787140657	73.86792592728729	952.3787153949756	1000.0019405094406	83.42414983412455	993.71858020052	NaN
0	0.10500000000000001	1612.395794415205	406.12981614289293	73.86803425149964	952.3770970355821	1000.0003482980686	83.4241582758493	993.717002409211	NaN
0	0.10500000000000001	1616.0265950113387	406.13013394210526	73.86787969274185	952.3759949822868	999.9988076299013	83.42413413575797	993.7154693250067	NaN
0	0.10500000000000001	1619.6573956074724	406.13179381045313	73.86749413430192	952.3755015306633	999.9974853915013	83.42408191465339	993.7141473847591	NaN
0	0.10500000000000001	1623.3307061988662	406.13457418229854	73.86692578729581	952.3756418596363	999.9965060887789	83.42400801225187	993.713161358531	NaN
0	0.10500000000000001	1627.1137568428026	406.1381981032739	73.86623133307958	952.3764027499834	999.9959682418543	83.42391980075554	993.712610430483	NaN
0	0.10500000000000001	1630.9995223623566	406.14222558731956	73.8654958838563	952.3777017041967	999.9959497810736	83.42382812879261	993.7125740453089	NaN
0	0.10500000000000001	1634.8852878819107	406.1460414007881	73.86483106106805	952.3793312455773	999.9964419609453	83.42374687295904	993.7130462632167	NaN
0	0.10500000000000001	1638.7710534014648	406.14917827034185	73.86431623724582	952.3810664325918	999.9973520612627	83.42368562708604	993.7139369981763	NaN
0	0.10500000000000001	1642.6568189210188	406.1512825202228	73.8640071247992	952.3826826012063	999.9985403794249	83.42365088904916	993.7151089478344	NaN
0	0.10500000000000001	1646.542584440573	406.15215171599084	73.86393019714005	952.3839836116402	999.9998406391542	83.42364543004118	993.7163977143737	NaN
0	0.10500000000000001	1650.428349960127	406.1517510105126	73.86408112400589	952.3848248032492	1000.0010825114045	83.4236681707005	993.7176341205584	NaN
0	0.10500000000000001	1654.314115479681	406.15020741940083	73.86442717483116	952.3851280886051	1000.0021132868712	83.42371454913379	993.7186657811632	NaN
0	0.10500000000000001	1658.2744346416348	406.1477312338671	73.86492329315047	952.384878149802	1000.0028257627715	83.42377861197598	993.7193851785837	NaN
0	0.10500000000000001	1662.3691160251697	406.1446144620496	73.86551049286457	952.3840984016593	1000.0031281768931	83.42385271951815	993.7196997796256	NaN
0	0.10500000000000001	1666.5359757411147	406.1413425787933	73.86609704282932	952.382906923792	1000.0029691109834	83.42392528122308	993.7195562929803	NaN
0	0.10500000000000001	1670.7028354570598	406.1384449410886	73.86658918241582	952.3815106936208	1000.0023924552353	83.42398475669725	993.7189959821262	NaN
0	0.10500000000000001	1674.8696951730049	406.1363149474888	73.86692208331962	952.3801241268359	1000.0015082600017	83.42402342001175	993.7181264926709	NaN
0	0.10500000000000001	1679.03655488895	406.13520998528054	73.86705804771138	952.3789464067636	1000.0004637896324	83.4240370430194	993.7170930756458	NaN
0	0.10500000000000001	1683.203414604895	406.13522312126895	73.86699019146035	952.3781337651014	999.9994198992634	83.42402527884634	993.716055229135	NaN
0	0.10500000000000001	1687.37027432084	406.13628029766215	73.86674144822172	952.3777797414084	999.9985269781056	83.42399146133295	993.7151627947544	NaN
0	0.10500000000000001	1691.598614878987	406.1381941805669	73.8663530112908	952.3779110366692	999.9978972109668	83.42394107734665	993.714528140227	NaN
0	0.10500000000000001	1695.9784119777473	406.1407086601012	73.86587702604409	952.3785121074035	999.9976174609014	83.4238808975944	993.7142387674775	NaN
0	0.10500000000000001	1700.4474095251956	406.14338461166085	73.86539690507745	952.3794815419319	999.9977411298556	83.42382148170488	993.7143497323475	NaN
0	0.10500000000000001	1704.9164070726438	406.14572551185375	73.86500071866604	952.3806267905048	999.9982290789517	83.42377367641635	993.7148243478566	NaN
0	0.10500000000000001	1709.385404620092	406.14736813619453	73.86474805778678	952.3817466922787	999.9989756184427	83.42374457009811	993.715559168408	NaN
0	0.10500000000000001	1713.8544021675402	406.1480895907403	73.86467070970282	952.382658160377	999.9998396771709	83.42373767544937	993.7164149455429	NaN
0	0.10500000000000001	1718.3233997149885	406.1478344114413	73.86476933305335	952.3832251521346	1000.0006705291331	83.423752596627	993.717242082761	NaN
0	0.10500000000000001	1722.7923972624367	406.14671215726923	73.86501549921276	952.3833778744407	1000.0013333372192	83.42378536445183	993.7179060407034	NaN
0	0.10500000000000001	1727.387421494816	406.1449128560941	73.86536885654168	952.383107047851	1000.0017370578457	83.4238306632011	993.7183154572167	NaN
0	0.10500000000000001	1732.1540980451846	406.1427375157274	73.86576977308631	952.3824514822761	1000.0018058501096	83.4238808236088	993.7183935870528	NaN
0	0.10500000000000001	1736.9207745955532	406.14067278971805	73.86612903910029	952.3815638309338	1000.0015319834249	83.42392470820839	993.7181305658974	NaN
0	0.10500000000000001	1741.6874511459218	406.13909654973475	73.86638254904081	952.3806270943802	1000.0009918361305	83.4239545739099	993.7176006337119	NaN
0	0.10500000000000001	1746.4541276962905	406.1382675778364	73.86649067832442	952.3798200022103	1000.0003059553699	83.4239658674547	993.7169224742581	NaN
0	0.10500000000000001	1751.220804246659	406.1382859394362	73.86644389359637	952.379283913546	999.9996132751057	83.42395784223515	993.7162337612585	NaN
0	0.10500000000000001	1755.9874807970277	406.1390859395942	73.86626232454422	952.3790991363292	999.9990437913673	83.42393341813354	993.7156640249169	NaN
0	0.10500000000000001	1760.8794701419458	406.1405018665481	73.86598194111919	952.3792834572289	999.9986892871415	83.4238973668262	993.7153052535932	NaN
0	0.10500000000000001	1765.9745727335712	406.1422700099131	73.86565538131406	952.379807739721	999.9986224226234	83.42385647560869	993.7152308634169	NaN
0	0.10500000000000001	1771.0696753251966	406.1439430371313	73.86536485455855	952.3805342362537	999.9988535889715	83.42382101809613	993.7154531876469	NaN
0	0.10500000000000001	1776.164777916822	406.1451728098953	73.86516928641447	952.3812926952576	999.9993103071035	83.42379810483794	993.7159017296503	NaN
0	0.10500000000000001	1781.2598805084474	406.1457326713811	73.8651028033135	952.3819194083301	999.999877836396	83.42379162320898	993.7164634344101	NaN
0	0.10500000000000001	1786.3549831000728	406.1455561051302	73.86516942295155	952.3822914927426	1000.0004268724043	83.42380166365504	993.7170100512341	NaN
0	0.10500000000000001	1791.4630255067739	406.1447356054249	73.86534510648457	952.3823495557996	1000.0008429785445	83.4238248686038	993.717427398422	NaN
0	0.10500000000000001	1796.7790465632258	406.1434414147173	73.86559401429209	952.3820891766695	1000.0010495640685	83.42385653040533	993.7176385707527	NaN
0	0.10500000000000001	1802.2664261985956	406.1419862528259	73.86585567693206	952.3815692041277	1000.0009915134275	83.42388894142097	993.7175873747309	NaN
0	0.10500000000000001	1807.7538058339653	406.14077302539135	73.86605830353803	952.3809418278096	1000.0006954025173	83.42391324302459	993.717298426941	NaN
0	0.10500000000000001	1813.241185469335	406.1400786513507	73.86615721039134	952.3803698015988	1000.000253806651	83.42392416282316	993.7168625216342	NaN
0	0.10500000000000001	1818.7285651047048	406.14002962957574	73.86613688555407	952.3799886290773	999.9997871621749	83.42392015069194	993.7163988246964	NaN
0	0.10500000000000001	1824.2159447400745	406.14058369543596	73.86601233678303	952.379875654252	999.999411913729	83.42390344552001	993.716023289257	NaN
0	0.10500000000000001	1829.8919334199004	406.14159196462253	73.86581579465656	952.3800457852603	999.9992091535208	83.42387831936944	993.7158172000538	NaN
0	0.10500000000000001	1835.8008082007852	406.1427888067715	73.86559928453329	952.3804572609482	999.9992362095361	83.42385143472522	993.7158387392403	NaN
0	0.10500000000000001	1841.70968298167	406.1437888458049	73.86543201792668	952.3809713067513	999.9994763426398	83.42383136010443	993.7160729909925	NaN
0	0.10500000000000001	1847.618557762555	406.14432766233267	73.8653567473828	952.3814336165589	999.9998425629196	83.4238231453294	993.7164346578446	NaN
0	0.10500000000000001	1853.5274325434398	406.1442948458565	73.86538640831729	952.3817184095303	1000.000220153685	83.42382803795391	993.7168101880997	NaN
0	0.10500000000000001	1859.4363073243246	406.1437512496981	73.8655031606452	952.3817613473441	1000.0005015436386	83.42384347440596	993.7170923668774	NaN
0	0.10500000000000001	1865.625415192488	406.14285258693087	73.86567422907434	952.3815584644586	1000.0006167781916	83.4238651498942	993.7172109513712	NaN
0	0.10500000000000001	1871.944635304871	406.14190442781455	73.86584149009568	952.3811792971062	1000.0005273777443	83.42388570187626	993.7171263187948	NaN
0	0.10500000000000001	1878.2638554172543	406.14123008780996	73.86594876942195	952.3807638815819	1000.0002775546756	83.42389827304297	993.7168809754636	NaN
0	0.10500000000000001	1884.5830755296374	406.1410193480951	73.86596745436536	952.380448844854	999.9999628102536	83.42389960216508	993.7165690146225	NaN
0	0.10500000000000001	1890.9022956420206	406.1412951493288	73.86590007952084	952.3803254984094	999.9996902651089	83.42389034481188	993.7162968279525	NaN
0	0.10500000000000001	1897.4083236011722	406.14194387544245	73.86577246119013	952.3804204564053	999.9995412728591	83.4238739749207	993.716145802166	NaN
0	0.10500000000000001	1904.2366078033283	406.1427438522298	73.86562826320993	952.3807019621033	999.9995676282953	83.42385609589955	993.7161684217643	NaN
0	0.10500000000000001	1911.0648920054844	406.143360987889	73.8655272858266	952.3810472017831	999.999751616802	83.42384410082559	993.7163485715321	NaN
0	0.10500000000000001	1917.8931762076404	406.14358532273985	73.86550250554296	952.3813215318912	1000.0000086799372	83.42384182938576	993.7166031274255	NaN
0	0.10500000000000001	1924.7214604097965	406.14337431897724	73.86555522445535	952.3814305475868	1000.0002359107788	83.42384911737545	993.7168299745838	NaN
0	0.10500000000000001	1931.751493004	406.14283332585165	73.86566122447876	952.3813460651032	1000.000353395186	83.42386269443472	993.7169491943713	NaN
0	0.10500000000000001	1939.1231608233277	406.1421814495847	73.86577765114146	952.3811032496106	1000.0003147639655	83.42387707507677	993.7169137076605	NaN
0	0.10500000000000001	1946.4948286426554	406.14172738802904	73.86584983465114	952.380822883612	1000.0001457179435	83.42388553065913	993.7167476828841	NaN
0	0.10500000000000001	1953.8664964619832	406.14164345997006	73.86585180455059	952.3806291370514	999.9999331173335	83.42388510163889	993.7165367009335	NaN
0	0.10500000000000001	1961.238164281311	406.14192439958634	73.86579053051983	952.3805952916289	999.9997727977914	83.42387696023947	993.7163760607777	NaN
0	0.10500000000000001	1969.0199959836784	406.14243770476685	73.86569418813828	952.3807282767214	999.9997288291598	83.42386481948041	993.7163300509545	NaN
0	0.10500000000000001	1976.801827686046	406.1429081740913	73.86561402547667	952.3809517443574	999.9998183317427	83.42385511758317	993.7164169238475	NaN
0	0.10500000000000001	1984.5836593884135	406.1431181859846	73.86558608296559	952.3811493521777	999.9999833256976	83.42385216018032	993.7165800129362	NaN
0	0.10500000000000001	1992.365491090781	406.14299884962276	73.86561747015062	952.3812306152508	1000.0001368946503	83.42385655721093	993.7167332184163	NaN
0	0.10500000000000001	2000.430482035586	406.14263029567184	73.8656891382661	952.3811662602164	1000.0002082409752	83.42386571119012	993.716805797782	NaN
0	0.10500000000000001	2008.860122053078	406.1422120906696	73.86576245106939	952.3809932667939	1000.0001614565534	83.42387469530246	993.71676115931	NaN
0	0.10500000000000001	2017.2897620705699	406.1419903070864	73.86579477244723	952.380819681063	1000.0000320640739	83.42387831109103	993.7166335162718	NaN
0	0.10500000000000001	2025.7194020880618	406.14206174885607	73.86577355452819	952.380740736185	999.9999014155788	83.4238752535563	993.7165033116936	NaN
0	0.10500000000000001	2034.41200467154	406.14236083330456	73.86571523511974	952.3807909639602	999.9998409658366	83.42386779700269	993.7164418762471	NaN
0	0.10500000000000001	2043.5195509446976	406.14269937219643	73.8656562456125	952.3809354644444	999.9998845391062	83.4238605869426	993.7164836790313	NaN
0	0.10500000000000001	2052.6270972178554	406.1428499500274	73.86563572271615	952.3810710562682	999.999995054287	83.42385838098738	993.7165928739411	NaN
0	0.10500000000000001	2061.734643491013	406.1427430352049	73.865661401982	952.3811133989963	1000.0000937136174	83.423861892801	993.7166914351911	NaN
0	0.10500000000000001	2071.345538346978	406.1424657048518	73.86571353736025	952.3810425885116	1000.0001187970361	83.42386846683881	993.7167176136693	NaN
0	0.10500000000000001	2080.956433202943	406.14223374781704	73.86575199953575	952.3809191735508	1000.0000577534776	83.4238730644012	993.7166579655276	NaN
0	0.10500000000000001	2090.567328058908	406.14220189613815	73.86575200709377	952.3808364090954	999.9999652678677	83.42387277196302	993.716566163209	NaN
0	0.10500000000000001	2100.2562149056075	406.1423655577834	73.86571869779905	952.3808464673912	999.9999099208327	83.42386844708231	993.716510406971	NaN
0	0.10500000000000001	2110.7694637258974	406.14259753946226	73.86567768317755	952.3809380922854	999.9999303319577	83.42386340266825	993.7165296601115	NaN
0	0.10500000000000001	2121.282712546187	406.1426931727472	73.86566488817792	952.3810271939739	1000.0000043368818	83.42386204355843	993.7166028042132	NaN
0	0.10500000000000001	2131.7959613664766	406.1425956336572	73.86568637323526	952.3810415839353	1000.000063370463	83.42386490720163	993.7166619293923	NaN
0	0.10500000000000001	2143.1921282715984	406.14240063016615	73.86572163369183	952.3809743435188	1000.0000587092117	83.42386928478533	993.7166581684867	NaN
0	0.10500000000000001	2154.5882951767207	406.14230694174324	73.86573502217341	952.3808977073616	999.9999998226241	83.42387076577994	993.7166000456308	NaN
0	0.10500000000000001	2165.984462081843	406.14238549352206	73.86571763240939	952.3808850323319	999.9999508926626	83.42386844433727	993.7165510500165	NaN
0	0.10500000000000001	2178.3800616924304	406.1425449313571	73.86568907708644	952.3809434306634	999.9999590759088	83.42386491318067	993.7165584715669	NaN
0	0.10500000000000001	2190.775661303018	406.1425993587017	73.8656823471807	952.381001030241	1000.0000099976237	83.42386423637231	993.7166088518984	NaN
0	0.10500000000000001	2203.1712609136057	406.1425088053821	73.86570080042331	952.3809957566577	1000.0000409935616	83.42386663340372	993.7166400720678	NaN
0	0.10500000000000001	2216.605472296289	406.14239150464107	73.86572080462096	952.3809402578785	1000.0000189564065	83.42386905540617	993.7166186889384	NaN
0	0.10500000000000001	2230.039683678972	406.1423987127346	73.86571690850279	952.3809103865566	999.9999777823498	83.42386843945907	993.716577723317	NaN
0	0.10500000000000001	2244.132950386873	406.14250221606994	73.86569772685161	952.3809402579961	999.9999728217673	83.42386603427934	993.7165723283156	NaN
0	0.10500000000000001	2258.2262170947743	406.1425476113943	73.86569147131068	952.3809802817091	1000.000005048335	83.42386535725859	993.7166041632332	NaN
0	0.10500000000000001	2272.3194838026757	406.1424861024004	73.86570387951102	952.3809751234077	1000.0000240884623	83.42386696333787	993.7166233674463	NaN
0	0.10500000000000001	2287.5494660960358	406.14241915891085	73.86571488937192	952.3809383769367	1000.0000050290215	83.42386827436839	993.7166047191573	NaN
0	0.10500000000000001	2302.7794483893967	406.1424492263863	73.86570799465039	952.380930550152	999.999982498271	83.42386734402719	993.716582185502	NaN
0	0.10500000000000001	2319.6414333461234	406.1425136366062	73.86569693483924	952.3809600832064	999.9999933958644	83.4238660008833	993.716592731001	NaN
0	0.10500000000000001	2336.50341830285	406.14249407107144	73.86570174932916	952.3809692690013	1000.0000132869073	83.423866663718	993.7166125933597	NaN
0	0.10500000000000001	2355.090311672391	406.14244230816234	73.86571056758335	952.3809446625828	1000.0000034144116	83.42386773088421	993.7166030103394	NaN
0	0.10500000000000001	2373.677205041932	406.1424672587233	73.86570512811707	952.3809416858448	999.9999892134581	83.42386700824629	993.7165887806942	NaN
0	0.10500000000000001	2393.8839863155613	406.1424994905389	73.86570002143834	952.3809618035908	1000.0000014890533	83.42386641105136	993.7166008402125	NaN
0	0.10500000000000001	2414.0907675891904	406.14246681772545	73.86570633344081	952.3809555807235	1000.0000071524663	83.42386721529819	993.7166066168038	NaN
0	0.10500000000000001	2434.568249076514	406.1424595665527	73.86570691207773	952.380943938795	999.9999952977571	83.42386724977364	993.7165948638643	NaN
0	0.10500000000000001	2456.2191169884763	406.1424879759447	73.8657018919238	952.3809551927247	999.9999978397861	83.42386663248023	993.7165972638338	NaN
0	0.10500000000000001	2477.869984900439	406.1424751268037	73.86570467460123	952.3809564940656	1000.0000048570656	83.42386700137632	993.7166042976197	NaN
0	0.10500000000000001	2501.625999441337	406.14246462482953	73.86570613347968	952.3809473806838	999.9999975880476	83.42386716004935	993.7165971181181	NaN
0	0.10500000000000001	2525.3820139822355	406.1424825472851	73.8657029480117	952.3809542503184	999.9999988977427	83.4238667673926	993.7165983399117	NaN
0	0.10500000000000001	2549.138028523134	406.14247288902817	73.86570494900843	952.3809540972546	1000.0000027268659	83.42386702880182	993.7166021898925	NaN
0	0.10500000000000001	2575.040947876555	406.14247048728555	73.86570508823327	952.3809495868644	999.9999979642064	83.42386703103695	993.7165974658294	NaN
0	0.10500000000000001	2603.2288096223774	406.14247902040745	73.86570371381818	952.3809546325659	1000.000000855881	83.42386686899998	993.7166003023934	NaN
0	0.10500000000000001	2631.4166713682	406.1424700581165	73.86570530630627	952.3809511919144	1000.0000001940214	83.42386706527557	993.7165996845305	NaN
0	0.10500000000000001	2660.324975925773	406.1424766440479	73.86570404513306	952.3809525854347	999.999999230261	83.42386690511516	993.7165986969169	NaN
0	0.10500000000000001	2690.88136389562	406.1424730805684	73.86570479845356	952.3809527166452	1000.0000008828699	83.42386700419783	993.7166003558193	NaN
0	0.10500000000000001	2724.0117947626095	406.142474618638	73.86570441454117	952.3809519266536	999.9999992324659	83.42386695113862	993.7165987081771	NaN
0	0.10500000000000001	2760.1852961173963	406.1424737725347	73.86570465451405	952.3809527203979	1000.0000005993148	83.42386698536795	993.7166000708238	NaN
0	0.10500000000000001	2799.391722244147	406.14247478171177	73.86570440687679	952.3809522552233	999.9999995843662	83.42386695130027	993.7165990572901	NaN
0	0.10500000000000001	2841.438648094746	406.1424733533083	73.86570470632778	952.3809522764457	1000.0000002067177	83.42386699057698	993.7165996823987	NaN
0	0.10500000000000001	2886.5223412208643	406.1424749714519	73.8657043991744	952.3809526526883	1000.0000000131903	83.42386695170114	993.7165994827578	NaN
0	0.10500000000000001	2936.149812895952	406.14247375033375	73.86570460984069	952.3809521051342	999.999999822366	83.42386697733852	993.7165992985166	NaN
0	0.10500000000000001	2995.355349185964	406.14247392253105	73.86570459763583	952.3809524007742	1000.0000001283855	83.42386697678889	993.7165996019761	NaN
0	0.10500000000000001	3061.3494952928945	406.1424744370872	73.86570450076708	952.3809525304431	1000.000000079658	83.42386696456738	993.7165995512297	NaN
0	0.10500000000000001	3138.509427404174	406.14247436557116	73.86570450657781	952.380952416918	999.9999999643945	83.4238669649257	993.7165994369601	NaN
0	0.10500000000000001	3228.394024095807	406.1424741989844	73.86570453585946	952.3809523489866	999.999999947009	83.42386696851803	993.716599420422	NaN
0	0.10500000000000001	3348.2942745741243	406.1424741606664	73.86570454416852	952.3809523530011	999.9999999681063	83.42386696962005	993.7165994415675	NaN
0	0.10500000000000001	3509.8523318451525	406.14247417115433	73.86570454331593	952.3809523696442	999.9999999850028	83.42386696956747	993.7165994583183	NaN
0	0.10500000000000001	3743.5212173423997	406.1424741778281	73.86570454277606	952.3809523802678	999.9999999957969	83.42386696953443	993.7165994690195	NaN
0	0.10500000000000001	4103.645759442056	406.1424741734125	73.86570454384265	952.380952382092	999.9999999999679	83.42386696968052	993.7165994731857	NaN
0	0.10500000000000001	4716.368001234704	406.14247417013485	73.86570454445322	952.3809523811851	1000.0000000001751	83.42386696975724	993.7165994734066	NaN
0	0.10500000000000001	5500.0	406.14247416980425	73.8657045445036	952.3809523809539	1000.0000000000174	83.42386696976301	993.7165994732512	NaN
