FB	rho	time	Z1	Z2	X1	XC	A	M
1	0.1	0.0	485.50755353492013	61.79100568379159	1000.0	1000.0	83.42386696976199	993.7165994732338	NaN
1	0.1	9.999999999999999e-5	485.50755353492013	61.79100568379159	1000.0	1000.0	83.42386696976199	993.7165994732338	NaN
1	0.1	0.0010999999999999998	485.50755353492013	61.79100568379159	1000.0	1000.0	83.42386696976199	993.7165994732338	NaN
1	0.1	0.011099999999999997	485.50755353492013	61.79100568379159	1000.0	1000.0	83.42386696976199	993.7165994732338	NaN
1	0.1	0.11109999999999996	485.50755353492013	61.79100568379159	1000.0	1000.0	83.423866969762	993.7165994732338	NaN
1	0.1	1.1110999999999995	485.50755353492013	61.79100568379159	1000.0	1000.0	83.42386696976192	993.7165994732338	NaN
1	0.1	7.145291392776968	485.50755353492013	61.791005683791596	999.9999999999999	1000.0000000000001	83.42386696976185	993.716599473234	NaN
1	0.1	45.30824431697118	485.5075535349205	61.79100568379154	1000.0000000000003	1000.0	83.42386696976213	993.7165994732337	NaN
1	0.1	293.89099664795083	485.50755353492036	61.79100568379157	1000.0000000000003	1000.0000000000002	83.42386696976197	993.716599473234	NaN
1	0.1	500.0	485.50755353492036	61.79100568379158	1000.0000000000005	1000.0000000000003	83.42386696976196	993.7165994732342	NaN
1	0.10500000000000001	500.0	485.50755353492013	61.79100568379159	1000.0	1000.0	83.42386696976199	993.7165994732338	NaN
1	0.10500000000000001	500.0075401888007	485.50755302001085	61.791047799001944	999.9999971246594	1000.0376867332187	83.42365651044072	993.7166002660957	NaN
1	0.10500000000000001	500.01834589817935	485.50754622805033	61.79125065159416	999.9999811973926	1000.0916453877512	83.42262297928536	993.716610880262	NaN
1	0.10500000000000001	500.0321806729465	485.50751483629114	61.79174284930333	999.9999351479005	1000.160644674891	83.42004707932026	993.716660947093	NaN
1	0.10500000000000001	500.04950481034314	485.50741590759657	61.792703070867894	999.9998258575584	1000.2469121041103	83.4148510110523	993.7168228339551	NaN
1	0.10500000000000001	500.07013392672957	485.5071727820704	61.79430539321192	999.9996012954521	1000.3494419369057	83.4058306264683	993.7172330663955	NaN
1	0.10500000000000001	500.0941338912372	485.5066612794334	61.79673850062929	999.999179199596	1000.4684587262517	83.39150463196532	993.7181270539223	NaN
1	0.10500000000000001	500.1213295486716	485.50570835746066	61.800156587383896	999.9984447218228	1000.6029766889559	83.37036228278106	993.7198591246986	NaN
1	0.10500000000000001	500.1516287898662	485.5040860110971	61.80469467725611	999.9972401255703	1000.7524126694021	83.34077610194166	993.722936233464	NaN
1	0.10500000000000001	500.18485893900447	485.50151990720076	61.81044416763245	999.9953639912126	1000.915778829884	83.30118178607627	993.728028879893	NaN
1	0.10500000000000001	500.2208649678818	485.4976941400651	61.817463728368836	999.9925660742791	1001.0921713178268	83.25006966163262	993.7359893126115	NaN
1	0.10500000000000001	500.25944865039116	485.4922685842583	61.82577070014006	999.9885518099579	1001.2804743508717	83.18612923402253	993.7478412462274	NaN
1	0.10500000000000001	500.3003924113928	485.4848946164386	61.83534804013783	999.9829875030109	1001.4794820519613	83.10830761399804	993.7647631605114	NaN
1	0.10500000000000001	500.3434442413345	485.475237175678	61.84614538684386	999.9755136833912	1001.6878298025947	83.01591772202202	993.7880439237244	NaN
1	0.10500000000000001	500.3883356037132	485.4629918366408	61.85808809036135	999.9657592419135	1001.9040863494508	82.90867589035948	993.8190324481552	NaN
1	0.10500000000000001	500.4347939808582	485.4478980051316	61.8710859225573	999.9533570112003	1002.1268180603666	82.78671325794788	993.8590809542274	NaN
1	0.10500000000000001	500.4825618240903	485.4297434558871	61.885043503013826	999.9379558685982	1002.3546818301867	82.65053302659916	993.9094986432101	NaN
1	0.10500000000000001	500.531405795565	485.4083641535951	61.89986751515491	999.9192307233494	1002.5864690256767	82.50095703175246	993.9715126966457	NaN
1	0.10500000000000001	500.5811229627511	485.38363940419197	61.91547196129875	999.8968888273201	1002.8211333200103	82.33905942033851	994.0462421955743	NaN
1	0.10500000000000001	500.6315414288729	485.35548547110744	61.93178066013037	999.8706738521721	1003.0577911353595	82.16610658226836	994.1346804965956	NaN
1	0.10500000000000001	500.68252167697557	485.3238465773229	61.948729092996885	999.8403659618765	1003.2957249456842	81.98349249542557	994.2376920630371	NaN
1	0.10500000000000001	500.73394832812534	485.2886909886584	61.966262440311596	999.8057848503462	1003.5343417036642	81.79271170822058	994.3560000668749	NaN
1	0.10500000000000001	500.78573104504375	485.2500023615894	61.98433614466364	999.7667865812855	1003.7731744273634	81.59530763688232	994.4901955915741	NaN
1	0.10500000000000001	500.8377993416488	485.20777552712303	62.00291422551426	999.7232630356136	1004.0118555960854	81.39284978140421	994.640738535637	NaN
1	0.10500000000000001	500.89010046362824	485.1620113464948	62.02196849271952	999.6751391307486	1004.2501052128215	81.18690737569999	994.807966508456	NaN
1	0.10500000000000001	500.9425961404049	485.11271348558483	62.04147731062327	999.6223709101123	1004.4877140147427	80.9790341790719	994.9921010168299	NaN
1	0.10500000000000001	500.99526031469924	485.0598855040129	62.061424684956265	999.5649431800772	1004.7245315307979	80.77075550344001	995.1932553990068	NaN
1	0.10500000000000001	501.0480768554746	485.00352894160585	62.081799340465714	999.5028676437698	1004.9604543856736	80.56356025653274	995.4114411519356	NaN
1	0.10500000000000001	501.10103764171015	484.94364196189696	62.10259393608549	999.4361812764945	1005.1954165876203	80.35889544989661	995.6465734757047	NaN
1	0.10500000000000001	501.1541408703448	484.8802185561591	62.123804366184615	999.3649450966025	1005.4293810961093	80.15816277537924	995.8984754551761	NaN
1	0.10500000000000001	501.2073895093072	484.8132482935014	62.14542911451771	999.2892434269473	1005.6623322918869	79.96271666933094	996.1668805063753	NaN
1	0.10500000000000001	501.26078999959327	484.74271639363735	62.167468699955336	999.2091834623515	1005.8942697813769	79.7738626932739	996.4514337137059	NaN
1	0.10500000000000001	501.31435104502106	484.66860422292774	62.189925147775504	999.1248952831031	1006.1252027992073	79.59285618406088	996.7516915463367	NaN
1	0.10500000000000001	501.3680825509969	484.59089006865236	62.21280150890322	999.0365321475623	1006.355145460916	79.4209003845017	997.0671205341811	NaN
1	0.10500000000000001	501.4219946736298	484.509550172036	62.23610141069218	998.9442710109663	1006.5841126774765	79.25914376267895	997.3970950896856	NaN
1	0.10500000000000001	501.4760970006159	484.42455992611065	62.259828648701145	998.8483131135366	1006.812116803651	79.10867614638599	997.7408950394645	NaN
1	0.10500000000000001	501.53039780332193	484.33589527251956	62.283986794353005	998.748884612667	1007.0391647431944	78.97052367004304	998.0977029661027	NaN
1	0.10500000000000001	501.5849034907431	484.2435340332922	62.30857887804425	998.6462368919621	1007.2652560381566	78.84564213192789	998.466602692396	NaN
1	0.10500000000000001	501.6396181240393	484.1474573367399	62.333607089227115	998.5406466612448	1007.4903813181969	78.73490926891333	998.8465785221595	NaN
1	0.10500000000000001	501.69454318337495	484.0476507522556	62.35907258380628	998.432415365753	1007.7145218748918	78.63911575091413	999.2365169941891	NaN
1	0.10500000000000001	501.74967746203066	483.94410526074796	62.38497534925145	998.3218680216853	1007.9376497958605	78.5589556494953	999.6352107591185	NaN
1	0.10500000000000001	501.8050171582551	483.8368178650153	62.41131416546042	998.2093512667674	1008.15972890665	78.49501675518562	1000.0413653672305	NaN
1	0.10500000000000001	501.86055615936436	483.72579176558173	62.438086666150326	998.0952305908758	1008.3807164470577	78.44777139931365	1000.4536091188187	NaN
1	0.10500000000000001	501.91628643762203	483.61103618847557	62.46528946849629	997.9798869143222	1008.600565114919	78.41756848560736	1000.8705053900644	NaN
1	0.10500000000000001	501.97219857489955	483.4925657822598	62.492918383307774	997.8637125293435	1008.8192255120244	78.4046272208036	1001.2905673869749	NaN
1	0.10500000000000001	502.02828230218626	483.37039978403135	62.52096865300532	997.7471067246164	1009.0366485177971	78.40903299736064	1001.7122741713356	NaN
1	0.10500000000000001	502.0845270415766	483.2445609793228	62.549435210926134	997.6304712272886	1009.2527875373629	78.43073558157897	1002.1340874630862	NaN
1	0.10500000000000001	502.14092236301116	483.11507466256325	62.57831291617615	997.5142057576783	1009.4676002899315	78.46954958326054	1002.5544681366505	NaN
1	0.10500000000000001	502.1974583304238	482.9819676974628	62.607596746682205	997.3987038507088	1009.681050063074	78.52515696436446	1002.9718918360586	NaN
1	0.10500000000000001	502.25412570073314	482.84526781530843	62.63728192614787	997.2843490963509	1009.8931063245225	78.59711121378373	1003.3848631414199	NaN
1	0.10500000000000001	502.31091599945256	482.705003154259	62.667363991201455	997.1715117975946	1010.1037448160238	78.6848428084677	1003.7919282790714	NaN
1	0.10500000000000001	502.3678214485079	482.5612021535256	62.69783878035483	997.0605461138898	1010.3129470708826	78.78766554504926	1004.1916861225726	NaN
1	0.10500000000000001	502.4248348165329	482.41389367868015	62.72870237692008	996.9517875452444	1010.5206996459152	78.90478351122218	1004.5827980056978	NaN
1	0.10500000000000001	502.4819491911181	482.2631074099139	62.7599510024661	996.8455507440868	1010.7269930846859	79.03529848103959	1004.9639963963701	NaN
1	0.10500000000000001	502.5391577523342	482.10887430684056	62.79158090180838	996.7421274873086	1010.9318209126538	79.17821776908121	1005.334093039111	NaN
1	0.10500000000000001	502.59645357839474	481.9512270620203	62.823588237004785	996.6417847523788	1011.1351787728443	79.33246261364013	1005.6919867682756	NaN
1	0.10500000000000001	502.653829495558	481.7902004949666	62.85596899859516	996.5447628905173	1011.3370637371679	79.49687715688665	1006.0366710139384	NaN
1	0.10500000000000001	502.71127807200475	481.625831580338	62.88871899306785	996.4512737624277	1011.537474130325	79.67023836462236	1006.3672414663941	NaN
1	0.10500000000000001	502.768791684432	481.45815926455674	62.92183387112034	996.3614990231171	1011.7364095914289	79.85126675184813	1006.6829032089748	NaN
1	0.10500000000000001	502.82636272265194	481.2872238482526	62.955309237785144	996.2755885133904	1011.933871583522	80.03863808355919	1006.9829774363926	NaN
1	0.10500000000000001	502.8839839212324	481.11306591752907	62.98914084346111	996.1936588586859	1012.1298642894263	80.23099594729325	1007.2669073547199	NaN
1	0.10500000000000001	502.9416487036274	480.9357251346052	63.0233247926758	996.1157925039735	1012.3243954891421	80.42696463835601	1007.5342624176557	NaN
1	0.10500000000000001	502.9993516568486	480.7552385141469	63.05785784208026	996.0420370498023	1012.5174778161845	80.6251624901805	1007.7847413248568	NaN
1	0.10500000000000001	503.05708892244917	480.5716388279193	63.092737662864	995.9724051977257	1012.7091296668764	80.82421463384705	1008.0181726829037	NaN
1	0.10500000000000001	503.1148586296959	480.38495276211535	63.127963141454785	995.9068751011779	1012.8993761985744	81.02276530101241	1008.2345140165037	NaN
1	0.10500000000000001	503.17266121048596	480.1951993463589	63.16353462107535	995.8453912694432	1013.0882498935684	81.21948884910614	1008.4338486320402	NaN
1	0.10500000000000001	503.23049964234525	480.002388543972	63.1994541085183	995.7878658714958	1013.2757908651967	81.41309946309227	1008.6163808852099	NaN
1	0.10500000000000001	503.28837960887927	479.80652006702036	63.23572543675638	995.7341803574114	1013.4620468884741	81.60235938135884	1008.7824301698269	NaN
1	0.10500000000000001	503.34630954414934	479.60758256195174	63.272354359001625	995.6841873273289	1013.6470730647783	81.78608551130776	1008.932423923801	NaN
1	0.10500000000000001	503.4043005694413	479.405553176403	63.30934857523038	995.6377125334775	1013.8309311670064	81.96315454229892	1009.0668901031163	NaN
1	0.10500000000000001	503.4623663305621	479.2003975142008	63.34671769235185	995.5945569166557	1014.0136887067162	82.1325067448943	1009.1864495207302	NaN
1	0.10500000000000001	503.5205227856673	478.9920698302505	63.38447314684559	995.5544985700149	1014.1954178917739	82.2931488218907	1009.2918084503136	NaN
1	0.10500000000000001	503.57878785049	478.7805138199046	63.42262802678154	995.5172946489491	1014.376194190236	82.44415580392199	1009.3837515300917	NaN
1	0.10500000000000001	503.63718103037206	478.56566356898355	63.461196873498274	995.4826831014171	1014.5560949149236	82.58467266077257	1009.4631353845222	NaN
1	0.10500000000000001	503.6957229209401	478.3474451088362	63.500195383393404	995.4503842936098	1014.7351974651826	82.71391561002896	1009.5308828163493	NaN
1	0.10500000000000001	503.7544346823753	478.1257782187271	63.539640075391254	995.4201024754016	1014.9135775581586	82.83117371052275	1009.587977737966	NaN
1	0.10500000000000001	503.8133373823304	477.90057888503196	63.57954785153916	995.3915271818576	1015.0913071331361	82.93581079449429	1009.6354606196469	NaN
1	0.10500000000000001	503.87245132736484	477.6717619915171	63.61993552757808	995.3643345609935	1015.2684523021171	83.02726826838853	1009.6744244276093	NaN
1	0.10500000000000001	503.93179524919395	477.43924476914333	63.660819240311724	995.3381887725311	1015.4450709488308	83.10506874849803	1009.7060106852531	NaN
1	0.10500000000000001	503.99138546603075	477.20295057175707	63.702213809592465	995.3127434919958	1015.6212103498302	83.16882092763278	1009.7314054551541	NaN
1	0.10500000000000001	504.05123499219843	476.9628130924147	63.7441320347641	995.2876436478991	1015.7969047429589	83.21822566087646	1009.7518348191775	NaN
1	0.10500000000000001	504.11135264970784	476.7187808167173	63.78658396127525	995.2625274905035	1015.9721730087373	83.25308325145325	1009.7685594445984	NaN
1	0.10500000000000001	504.1717422470804	476.470821441501	63.829576164002255	995.2370290864496	1016.1470166570406	83.27330171113903	1009.7828677932325	NaN
1	0.10500000000000001	504.2324019151586	476.21892586049137	63.87311111460132	995.2107813050179	1016.3214183729528	83.27890553617199	1009.7960675640506	NaN
1	0.10500000000000001	504.29332369445297	475.96311126444635	63.91718670806904	995.1834193179243	1016.4953413764214	83.27004427679864	1009.8094750657285	NaN
1	0.10500000000000001	504.3544934927711	475.70342276455784	63.96179604605575	995.1545845558353	1016.6687299040696	83.24699994062205	1009.8244024192235	NaN
1	0.10500000000000001	504.4158914935488	475.43993306928644	64.00692755195966	995.1239289892098	1016.8415109941759	83.21019210075434	1009.8421427719462	NaN
1	0.10500000000000001	504.47749303672003	475.1727399713022	64.05256545317478	995.0911195272498	1017.0135975775185	83.16017960750843	1009.8639540383999	NaN
1	0.10500000000000001	504.5392699109858	474.90196176057964	64.09869060469649	995.0558422843151	1017.1848926403426	83.0976580736353	1009.8910419852676	NaN
1	0.10500000000000001	504.6011920093272	474.6277306471153	64.14528163505534	995.0178064035322	1017.3552942668358	83.02345267686954	1009.924543718518	NaN
1	0.10500000000000001	504.6632291283384	474.3501850681316	64.1923162625497	994.9767472198291	1017.5247009056797	82.93850647779307	1009.9655126390605	NaN
1	0.10500000000000001	504.72535273535766	474.06946164091113	64.23977265234554	994.932428591493	1017.6930163549918	82.84386499540489	1010.0149057974123	NaN
1	0.10500000000000001	504.7875375301456	473.7856875759348	64.28763067851983	994.8846443370494	1017.8601539945219	82.74065821070242	1010.0735742682207	NaN
1	0.10500000000000001	504.84976270424227	473.4989740746221	64.33587300623171	994.8332187904168	1018.0260400255311	82.6300813052268	1010.1422568176475	NaN
1	0.10500000000000001	504.91201277260376	473.2094114030907	64.38448588227509	994.7780066365209	1018.1906154212602	82.51337554015761	1010.2215766853536	NaN
1	0.10500000000000001	504.9742780589458	472.91706539938696	64.43345967996721	994.7188921238378	1018.3538368551764	82.39181019716932	1010.3120411608683	NaN
1	0.10500000000000001	505.03655476746616	472.6219758475774	64.4827891300664	994.6557879277652	1018.5156764779467	82.26666650598055	1010.4140432486519	NaN
1	0.10500000000000001	505.09884478999646	472.3241561319827	64.53247334005928	994.5886337739445	1018.6761209847413	82.13922379357899	1010.5278648650843	NaN
1	0.10500000000000001	505.1611552659032	472.02359416768206	64.58251560511538	994.517395029345	1018.8351700560893	82.01074804041687	1010.6536808638972	NaN
1	0.10500000000000001	505.22349798522276	471.7202542366044	64.63292307457961	994.4420613705219	1018.992834439559	81.88248265227422	1010.7915633634731	NaN
1	0.10500000000000001	505.285888678394	471.41407955756046	64.68370630372442	994.3626456411504	1019.1491338076856	81.75564117008851	1010.941485903384	NaN
1	0.10500000000000001	505.34834623399684	471.10499541204194	64.73487872103027	994.2791829706968	1019.3040945164738	81.63140152663301	1011.10332708732	NaN
1	0.10500000000000001	505.41089190075496	470.7929125584647	64.78645605550909	994.1917301586569	1019.4577474185655	81.51090136472975	1011.27687356329	NaN
1	0.10500000000000001	505.4735484625521	470.47773098966786	64.83845571486586	994.1003653751472	1019.6101257116985	81.39523404746403	1011.4618221649256	NaN
1	0.10500000000000001	505.53633942396186	470.15934384403624	64.89089614567638	994.0051881333053	1019.7612629224294	81.28544490065548	1011.6577812728485	NaN
1	0.10500000000000001	505.5992882270682	469.83764135456545	64.94379619421436	993.9063194746055	1019.9111910780659	81.18252730427196	1011.8642715398126	NaN
1	0.10500000000000001	505.6624174578852	469.5125150370495	64.99717443437008	993.8039023823227	1020.0599389687754	81.08741840722321	1012.0807260077752	NaN
1	0.10500000000000001	505.7257481516431	469.1838615459022	65.05104855609922	993.6981021825698	1020.2075307595949	81.00099406065196	1012.3064902121673	NaN
1	0.10500000000000001	505.78929907735505	468.8515867933117	65.10543471579479	993.5891070357878	1020.3539846641906	80.92406302235315	1012.5408221791874	NaN
1	0.10500000000000001	505.85308619396926	468.5156093165454	65.1603470142525	993.4771281037912	1020.4993121222653	80.85736012436172	1012.782893334991	NaN
1	0.10500000000000001	505.91712213203647	468.1758636209253	65.21579698174516	993.3623995268051	1020.643517123239	80.80153870307011	1013.0317901890576	NaN
1	0.10500000000000001	505.9814158343159	467.8323027729211	65.27179318778965	993.245177883393	1020.7865959660527	80.7571623222803	1013.2865176320458	NaN
1	0.10500000000000001	506.0459723476931	467.48490023932715	65.32834097454878	993.1257410473858	1020.928537406751	80.72469615243315	1013.5460041570858	NaN
1	0.10500000000000001	506.1107927593832	467.1336509686455	65.3854423128867	993.0043863830375	1021.0693231466267	80.704498438696	1013.8091092168987	NaN
1	0.10500000000000001	506.1758743007528	466.778571547727	65.44309580666844	992.8814281937073	1021.2089286785648	80.69681253332062	1014.074632939507	NaN
1	0.10500000000000001	506.24121060773103	466.41969945039125	65.50129684100806	992.757194436283	1021.3473244309935	80.70176002293978	1014.341328160024	NaN
1	0.10500000000000001	506.3067920777453	466.05709167139764	65.56003782559452	992.63202284584	1021.4844770490797	80.71933543938601	1014.6079143852626	NaN
1	0.10500000000000001	506.37260636553475	465.6908224861763	65.61930857427397	992.5062564556648	1021.6203508761988	80.74940296736955	1014.87309359998	NaN
1	0.10500000000000001	506.43863884944915	465.32098124994053	65.67909667233822	992.3802389269607	1021.7549092640583	80.79169540450162	1015.135566869699	NaN
1	0.10500000000000001	506.50487319433284	464.94766953390973	65.73938794518192	992.2543095590208	1021.8881159657225	80.84581556587653	1015.3940518312368	NaN
1	0.10500000000000001	506.57129183027064	464.57099860677835	65.80016686537247	992.1287984432674	1022.0199362357624	80.9112400866208	1015.6472998998122	NaN
1	0.10500000000000001	506.63787648097104	464.1910865208437	65.8614170182912	992.0040216240383	1022.1503379136634	80.98732562671087	1015.8941132829417	NaN
1	0.10500000000000001	506.7046085942504	463.80805564480744	65.92312149089912	991.8802766563543	1022.2792922002085	81.07331719139944	1016.1333608130568	NaN
1	0.10500000000000001	506.7714698177759	463.4220298424985	65.9852633134609	991.757838389203	1022.4067744193812	81.16835846947036	1016.3639927686031	NaN
1	0.10500000000000001	506.83844245201294	463.0331316879586	66.04782589176965	991.6369551913355	1022.5327646354148	81.27150385383426	1016.585054074862	NaN
1	0.10500000000000001	506.9055099228292	462.64147947867053	66.11079346888673	991.5178456140607	1022.6572482135933	81.38173187278944	1016.7956957415726	NaN
1	0.10500000000000001	506.97265727231684	462.24718405601556	66.17415161554858	991.400695552721	1022.780216326034	81.49795967958168	1016.9951842801245	NaN
1	0.10500000000000001	507.03987164880056	461.8503455467966	66.23788773165205	991.2856559792893	1022.9016663732989	81.61905818084857	1017.1829088649168	NaN
1	0.10500000000000001	507.10714280404045	461.451049983626	66.30199156638956	991.1728412478988	1023.021602344819	81.74386740944165	1017.3583861747477	NaN
1	0.10500000000000001	507.1744635527035	461.04936607645124	66.36645571413752	991.062328041757	1023.1400350471756	81.87121165356581	1017.5212627956743	NaN
1	0.10500000000000001	507.24183016752136	460.6453423079581	66.4312760592661	990.9541549671083	1023.2569821690071	81.99991390227746	1017.6713152535141	NaN
1	0.10500000000000001	507.3092426752753	460.2390045811605	66.4964521340903	990.8483227860222	1023.3724681410267	82.12880920520082	1017.8084478439803	NaN
1	0.10500000000000001	507.37670509974646	459.83035416274424	66.5619874318197	990.7447951322144	1023.4865238902715	82.25675677898205	1017.9326886840006	NaN
1	0.10500000000000001	507.4442255015905	459.4193668503258	66.62788952619063	990.6434998488062	1023.5991862522668	82.38265041422805	1018.0441840718537	NaN
1	0.10500000000000001	507.5118159733762	459.0059924355487	66.69417014700099	990.5443305964124	1023.7104973332576	82.50542743211462	1018.1431919096208	NaN
1	0.10500000000000001	507.5794924392827	458.5901553978241	66.76084506173612	990.4471488651791	1023.8205035860389	82.62407595860313	1018.2300743262439	NaN
1	0.10500000000000001	507.64727436752526	458.1717561969146	66.82793386448773	990.3517861372377	1023.9292547987931	82.7376408683709	1018.3052900885991	NaN
1	0.10500000000000001	507.7151843278697	457.7506735984608	66.89545960220873	990.2580462290797	1024.0368028995965	82.84522850300495	1018.3693870268039	NaN
1	0.10500000000000001	507.7832474461765	457.32676773422065	66.96344828557186	990.1657076886092	1024.143200674861	82.94601054446177	1018.4229948027989	NaN
1	0.10500000000000001	507.8514907164792	456.89988415956543	67.03192824159386	990.0745262775491	1024.248500350318	83.03922730604926	1018.4668181456718	NaN
1	0.10500000000000001	507.91994217867534	456.46985887920374	67.10092931175599	989.9842375271537	1024.3527520612004	83.12419081212676	1018.5016306492906	NaN
1	0.10500000000000001	507.98862993648993	456.03652452100243	67.17048186566332	989.8945594287684	1024.456002187181	83.2002879946569	1018.5282691017053	NaN
1	0.10500000000000001	508.0575810571335	455.5997174187468	67.24061566735735	989.8051952618019	1024.558291630772	83.26698439707924	1018.5476282443238	NaN
1	0.10500000000000001	508.12682032088946	455.1592858220225	67.31135855790177	989.7158366879306	1024.6596540062537	83.32382862378347	1018.5606557046358	NaN
1	0.10500000000000001	508.1963688436585	454.71509910693516	67.38273497302724	989.6261671935666	1024.7601137917454	83.37045776363288	1018.5683467768876	NaN
1	0.10500000000000001	508.2662426393751	454.2670575740793	67.45476436081086	989.5358659282069	1024.8596845579548	83.40660390452972	1018.5717386246832	NaN
1	0.10500000000000001	508.3364512362285	453.81510210276645	67.52745961567398	989.4446119346816	1024.958367445144	83.43210165863286	1018.5719033961846	NaN
1	0.10500000000000001	508.40699645436547	453.3592229477904	67.60082564278767	989.3520887617633	1025.0561500363826	83.44689633263755	1018.569939717392	NaN
1	0.10500000000000001	508.4778715597572	452.89946624820743	67.67485828317234	989.2579892664727	1025.1530059059426	83.45105210679283	1018.5669620984274	NaN
1	0.10500000000000001	508.54906098121216	452.4359369568328	67.7495438087907	989.162020365806	1025.2488950523634	83.44475923518415	1018.5640879676271	NaN
1	0.10500000000000001	508.6205407594615	451.9687969830924	67.82485918496202	989.0639074042688	1025.343765371985	83.42833905257943	1018.5624223700726	NaN
1	0.10500000000000001	508.69227978271573	451.4982580657545	67.90077318223166	988.9633978246692	1025.437555150589	83.40224554136448	1018.5630407881149	NaN
1	0.10500000000000001	508.7642418309737	451.02456909910376	67.97724838743133	988.8602637529505	1025.5301964960297	83.36706242132558	1018.5669709745824	NaN
1	0.10500000000000001	508.83638812793174	450.54799977932413	68.05424381802689	988.7543034899403	1025.6216192178606	83.32349529316144	1018.5751750175094	NaN
1	0.10500000000000001	508.90868014558134	450.068822194046	68.13171788181312	988.6453418661193	1025.711754758788	83.27235904468424	1018.5885329441513	NaN
1	0.10500000000000001	508.9810823208355	449.5872926016276	68.20963132146574	988.5332296348657	1025.800539714399	83.21456140210938	1018.607829007563	NaN
1	0.10500000000000001	509.05356434130886	449.10363572608065	68.28794976811399	988.4178422503517	1025.8879185275364	83.15108402904093	1018.6337413955512	NaN
1	0.10500000000000001	509.1261028639774	448.61803256835884	68.36664574015187	988.2990782432678	1025.9738452426177	83.08296266584045	1018.6668356308253	NaN
1	0.10500000000000001	509.1986825392578	448.1306126952227	68.44569992840128	988.1768575435348	1026.058284240235	83.01126774772608	1018.7075614476108	NaN
1	0.10500000000000001	509.2712963990179	447.6414507276072	68.52510180856964	988.0511199095209	1026.1412101081332	82.93708653849313	1018.7562526105892	NaN
1	0.10500000000000001	509.34394572053225	447.15056637108506	68.60484968358934	987.9218235686792	1026.222606858825	82.86150739908419	1018.8131289755162	NaN
1	0.10500000000000001	509.41663944640175	446.6579275227304	68.68495022778788	987.7889442237332	1026.3024666547049	82.78560647900488	1018.8783000124379	NaN
1	0.10500000000000001	509.4893933306661	446.1634553557545	68.76541770832672	987.6524743820792	1026.3807882879878	82.71043671147847	1018.951769136366	NaN
1	0.10500000000000001	509.5622288484321	445.6670311589617	68.84627291788051	987.5124231449231	1026.4575754977354	82.63701889236317	1019.0334382237764	NaN
1	0.10500000000000001	509.63517203297744	445.1685038324242	68.92754199562074	987.3688162984957	1026.532835331501	82.56633433832182	1019.1231119797766	NaN
1	0.10500000000000001	509.70825224217936	444.6676980265183	69.00925513762675	987.2216967853161	1026.606576569782	82.49931871133694	1019.220501857255	NaN
1	0.10500000000000001	509.7815008774623	444.1644227635774	69.09144522205474	987.0711255538389	1026.6788082529206	82.43685654579944	1019.3252293891067	NaN
1	0.10500000000000001	509.85495011077745	443.6584801546074	69.17414641166914	986.9171826741782	1026.749538377161	82.37977600173203	1019.4368289916443	NaN
1	0.10500000000000001	509.9286316507362	443.14967398422544	69.2573927704639	986.7599686114668	1026.8187727936615	82.3288434549844	1019.5547504150522	NaN
1	0.10500000000000001	510.0025754718444	442.6378186758381	69.34121681027176	986.5996057488909	1026.886514240909	82.28475768840534	1019.678360950865	NaN
1	0.10500000000000001	510.0768086320361	442.1227477613283	69.42564811013405	986.4362398070165	1026.9527616315709	82.24814338876654	1019.8069479015462	NaN
1	0.10500000000000001	510.15135413055225	441.6043221687912	69.51071195696431	986.2700411479183	1027.017509541448	82.21954391614327	1019.9397216272864	NaN
1	0.10500000000000001	510.2262298639281	441.08243791087705	69.59642807566458	986.1012057202728	1027.080747943432	82.19941337069992	1020.0758196829277	NaN
1	0.10500000000000001	510.3014477325028	440.55703278692874	69.68280951225886	985.9299554055056	1027.1424622118175	82.1881081571898	1020.2143125603926	NaN
1	0.10500000000000001	510.3770129896996	440.0280914276527	69.76986178090287	985.7565374407487	1027.2026334409857	82.18587842049611	1020.3542115816578	NaN
1	0.10500000000000001	510.45292381560665	439.4956487793842	69.85758225990077	985.5812228688762	1027.261239017939	82.19285990478343	1020.4944791793553	NaN
1	0.10500000000000001	510.52917129500156	438.95979073237976	69.94596005161799	985.4043035497573	1027.3182535356395	82.20906689990528	1020.6340420053363	NaN
1	0.10500000000000001	510.6057397000613	438.4206525538062	70.03497620002935	985.2260879588322	1027.3736498985409	82.23438702787875	1020.7718065779884	NaN
1	0.10500000000000001	510.68260723369025	437.87841399594197	70.12460445505558	985.0468954720361	1027.4274006664532	82.26857861858589	1020.9066774057532	NaN
1	0.10500000000000001	510.75974712316065	437.333291822002	70.21481246494311	984.8670495132444	1027.4794794773318	82.31127129617542	1021.0375767896844	NaN
1	0.10500000000000001	510.83712900772343	436.7855301265341	70.30556333787624	984.6868698723309	1027.5298624482766	82.36197016146201	1021.1634654199944	NaN
1	0.10500000000000001	510.9147205836042	436.23538869753463	70.39681753541372	984.5066644905944	1027.5785294812206	82.42006370584525	1021.2833627964415	NaN
1	0.10500000000000001	510.99248931537744	435.6831307726879	70.48853487670179	984.3267213805219	1027.625465320538	82.48483518806178	1021.3963662385959	NaN
1	0.10500000000000001	511.07040417284475	435.12901049353695	70.58067660502495	984.1473009794017	1027.6706603365299	82.5554769935354	1021.5016676110803	NaN
1	0.10500000000000001	511.1484372279927	434.5732612536006	70.67320731929557	983.9686294836566	1027.7141109528743	82.63110717646482	1021.59856689024	NaN
1	0.10500000000000001	511.22656505070614	434.01608540640433	70.76609669290505	983.79089340889	1027.7558197242467	82.71078730831755	1021.6864821309864	NaN
1	0.10500000000000001	511.3047698294987	433.4576458903329	70.859320886265	983.6142355828764	1027.795795076332	82.79354070705355	1021.7649556557647	NaN
1	0.10500000000000001	511.3830402145477	432.8980598208688	70.95286364288106	983.4387525530562	1027.8340507668222	82.87837024315147	1021.8336566355847	NaN
1	0.10500000000000001	511.4613718113047	432.33739459084745	71.04671697634075	983.2644934926041	1027.8706050924407	82.96427497206984	1021.8923803815603	NaN
1	0.10500000000000001	511.53976739553787	431.7756659970741	71.14088152575506	983.091460328291	1027.9054799377257	83.05026516783994	1021.9410449662723	NaN
1	0.10500000000000001	511.6182368547446	431.21283837548583	71.23536657982358	982.9196089445599	1027.9386997171484	83.13537546153825	1021.979685786428	NaN
1	0.10500000000000001	511.69679686077194	430.64882672347983	71.33018977000339	982.7488513120048	1027.970290256783	83.21867597590042	1022.0084487088434	NaN
1	0.10500000000000001	511.7754703396379	430.08350034444766	71.42537650772779	982.5790582639992	1028.0002776793501	83.29928158418628	1022.0275824325282	NaN
1	0.10500000000000001	511.85428567206156	429.51668849639503	71.52095908148036	982.4100629539249	1028.028687295452	83.37635942253998	1022.0374305683781	NaN
1	0.10500000000000001	511.9332757950786	428.9481868216518	71.61697561643429	982.2416645408787	1028.0555425901878	83.44913513557478	1022.0384238979924	NaN
1	0.10500000000000001	512.0124769905794	428.3777660956927	71.71346863426841	982.0736325138579	1028.0808642456388	83.51689801644477	1022.0310730626743	NaN
1	0.10500000000000001	512.0919275238828	427.8051821202016	71.81048340728972	981.9057112862894	1028.1046692829907	83.57900563158454	1022.0159618946171	NaN
1	0.10500000000000001	512.1716660093637	427.2301876407252	71.90806595420504	981.7376253462824	1028.1269703045675	83.63488824987797	1021.993741417244	NaN
1	0.10500000000000001	512.2517295658895	426.6525458311919	72.00626075037046	981.5690848904721	1028.14777488329	83.68405354504277	1021.9651244097955	NaN
1	0.10500000000000001	512.3321517021084	426.07204576908117	72.10510807590927	981.3997921690095	1028.1670851107847	83.72609187147587	1021.9308802964377	NaN
1	0.10500000000000001	512.4129600369665	425.4885191300082	72.20464112792882	981.2294484554712	1028.184897362564	83.76068240977943	1021.8918299322326	NaN
1	0.10500000000000001	512.4941739569648	424.90185735320586	72.3048830208404	981.0577615883033	1028.2012023249504	83.78760024815693	1021.8488397021699	NaN
1	0.10500000000000001	512.5758024522397	424.31202750960796	72.40584397529507	980.8844537343434	1028.2159853405478	83.80672422718092	1021.8028141887028	NaN
1	0.10500000000000001	512.6578423965017	423.71908493404976	72.507519029974	980.7092689386758	1028.229227098165	83.81804499107545	1021.7546866408188	NaN
1	0.10500000000000001	512.7402777346297	423.1231792450823	72.60988686301444	980.5319795137332	1028.2409046799798	83.82167231423236	1021.7054065053243	NaN
1	0.10500000000000001	512.8230798237157	422.5245519540909	72.7129100472304	980.3523906403494	1028.2509928811107	83.81784036568057	1021.6559237272076	NaN
1	0.10500000000000001	512.906209252218	421.9235233050068	72.81653716557796	980.1703422106881	1028.2594656819153	83.8069094654597	1021.6071699802486	NaN
1	0.10500000000000001	512.9896189267245	421.32046986940856	72.92070654887728	979.9857079357257	1028.266297656849	83.78936308655675	1021.5600378698426	NaN
1	0.10500000000000001	513.0732582370462	420.7157942856435	73.02535141819835	979.7983916102004	1028.2714651301305	83.76579945961329	1021.515359595882	NaN
1	0.10500000000000001	513.1570774838956	420.10989307334233	73.13040542251493	979.6083218343443	1028.2749468907566	83.73691805563175	1021.4738870979286	NaN
1	0.10500000000000001	513.2410321435814	419.50312563910893	73.23580803598092	979.4154457854032	1028.2767244092167	83.70350199265356	1021.4362752846887	NaN
1	0.10500000000000001	513.3250862654463	418.8957895997977	73.34150891999415	979.2197234724237	1028.276781567097	83.66639804722334	1021.4030696070593	NaN
1	0.10500000000000001	513.4092147649667	418.2881041604019	73.44747093247537	979.0211230960624	1028.2751040122857	83.62649603033023	1021.3746983417914	NaN
1	0.10500000000000001	513.4934046046935	417.6802016124418	73.55367175375983	978.8196177733164	1028.2716782832044	83.58470901209265	1021.3514692841441	NaN
1	0.10500000000000001	513.5776549359517	417.07212642237266	73.66010420244774	978.6151837922962	1028.2664908457393	83.54195545265411	1021.3335701179653	NaN
1	0.10500000000000001	513.6619764145835	416.46384035569724	73.76677549560836	978.4078002536279	1028.259527166573	83.49914376428328	1021.3210714899643	NaN
1	0.10500000000000001	513.7463899484176	415.8552317569122	73.87370576922606	978.1974498039415	1028.250770910725	83.45715936798197	1021.3139318165667	NaN
1	0.10500000000000001	513.8309250567655	415.24612766238494	73.98092608183266	977.9841202798493	1028.2402033222422	83.41685401212867	1021.3120030085595	NaN
1	0.10500000000000001	513.9156179875417	414.6363076734321	74.08847608381284	977.7678070869351	1028.227802824962	83.37903692026207	1021.3150365000187	NaN
1	0.10500000000000001	514.0005096749658	414.0255189690245	74.19640145787828	977.5485162178267	1028.213544868846	83.34446724878806	1021.3226891917163	NaN
1	0.10500000000000001	514.085643632427	413.4134917547374	74.3047512525707	977.3262677132597	1028.19740203222	83.31384729760485	1021.3345291386054	NaN
1	0.10500000000000001	514.1710637251006	412.7999555238103	74.41357504087584	977.1010996989261	1028.179344407867	83.28781600514463	1021.3500409957971	NaN
1	0.10500000000000001	514.256811928645	412.1846553413592	74.52292004207912	976.8730726669587	1028.1593402710528	83.2669422637509	1021.3686314225844	NaN
1	0.10500000000000001	514.3429260347233	411.56736840969586	74.63282816034678	976.642274005949	1028.1373570470105	83.25171776737537	1021.389634782007	NaN
1	0.10500000000000001	514.4294373867309	410.94792029110215	74.74333305000478	976.4088224316617	1028.1133625653943	83.24254921776682	1021.4123196068307	NaN
1	0.10500000000000001	514.5163687313685	410.3262001520589	74.85445732116035	976.1728719370503	1028.0873265714952	83.23974993038998	1021.4358963841277	NaN
1	0.10500000000000001	514.6037323866763	409.7021735778362	74.96621014697986	975.9346145582438	1028.0592224074012	83.24353112907238	1021.4595272493058	NaN
1	0.10500000000000001	514.6915288663753	409.0758919561189	75.07858545709888	975.6942814261022	1028.0290287584382	83.2539935163721	1021.4823380759777	NaN
1	0.10500000000000001	514.7797463174885	408.4474958988595	75.19156117977742	975.4521410197508	1027.9967312495787	83.27111999553408	1021.5034332925097	NaN
1	0.10500000000000001	514.868360871343	407.81721203555355	75.3050996667494	975.2084943084798	1027.9623237126586	83.29477063278834	1021.5219133416106	NaN
1	0.10500000000000001	514.9573381251274	407.18534170308754	75.41914958316717	974.9636662512734	1027.9258088773233	83.32468100669534	1021.5368942903032	NaN
1	0.10500000000000001	515.046635674517	406.55224219498893	75.53364916298518	974.7179940498237	1027.8871983343183	83.36046488964442	1021.5475285723409	NaN
1	0.10500000000000001	515.1362064440704	405.91830247260344	75.64853050413497	974.4718131300883	1027.8465117211595	83.40162173911447	1021.5530254830384	NaN
1	0.10500000000000001	515.2260024926924	405.28391572082535	75.7637244857318	974.2254420732514	1027.8037751680515	83.44754888984053	1021.5526699267061	NaN
1	0.10500000000000001	515.3159788420795	404.64945201904607	75.87916572129353	973.9791680654356	1027.7590191746424	83.49755769605953	1021.5458380601575	NaN
1	0.10500000000000001	515.406096821089	404.01523473921446	75.99479689022003	973.7332345147541	1027.7122762045967	83.55089233810979	1021.5320089091151	NaN
1	0.10500000000000001	515.4963267331561	403.3815220177247	76.11057219321863	973.4878315084927	1027.6635782037429	83.60674990027302	1021.5107715889586	NaN
1	0.10500000000000001	515.586649749238	402.74849394791903	76.22645980129363	973.2430894031728	1027.6129542256049	83.66430038641124	1021.4818282510698	NaN
1	0.10500000000000001	515.6770588148797	402.11624691208755	76.34244302381892	972.9990760404075	1027.5604284273857	83.7227054414171	1021.444993362129	NaN
1	0.10500000000000001	515.7675588894847	401.484792742755	76.45852060272153	972.7557965673186	1027.5060184024712	83.78113518323222	1021.4001900712037	NaN
1	0.10500000000000001	515.8581664690822	400.85406298166254	76.57470607092765	972.5131958038327	1027.4497339859224	83.83878267308957	1021.347444596017	NaN
1	0.10500000000000001	515.9489085943104	400.22391675269364	76.6910264358479	972.2711624167086	1027.3915765054082	83.89487602776498	1021.2868794655149	NaN
1	0.10500000000000001	516.0398214330746	399.59415156109753	76.80752030551108	972.0295344885453	1027.331538485493	83.94868836755207	1021.2187063602868	NaN
1	0.10500000000000001	516.1309484359155	398.96451696913067	76.92423545846708	971.7881063510955	1027.2696038565941	83.99954592926925	1021.1432191961102	NaN
1	0.10500000000000001	516.222338198569	398.33473015401427	77.04122603405125	971.5466362371019	1027.2057486198144	84.0468348794479	1021.0607878034494	NaN
1	0.10500000000000001	516.3140418923043	397.70449424892286	77.1585491693455	971.3048550854904	1027.1399420957027	84.09000726390836	1020.971852559299	NaN
1	0.10500000000000001	516.406110356436	397.0735187417925	77.27626120970712	971.0624762675761	1027.0721487318328	84.12858667387259	1020.8769199499217	NaN
1	0.10500000000000001	516.4985907789103	396.4415423648885	77.39441340501087	970.8192065030786	1027.0023305602388	84.16217405782893	1020.776558971951	NaN
1	0.10500000000000001	516.5915230915773	395.8083575243383	77.51304726167818	970.5747577545635	1026.9304502528441	84.19045407320382	1020.6713978858587	NaN
1	0.10500000000000001	516.6849361971827	395.17383539739575	77.63218970874667	970.3288599529227	1026.8564747161975	84.2132021283526	1020.5621206405054	NaN
1	0.10500000000000001	516.7788445047157	394.53794840827214	77.75184869446137	970.0812734724843	1026.7803788599072	84.23029202566906	1020.4494617337313	NaN
1	0.10500000000000001	516.8732452593335	393.9007868091755	77.87200983805883	969.8318002144221	1026.702149099923	84.24170362128687	1020.3341981995378	NaN
1	0.10500000000000001	516.96811735809	393.2625648088017	77.99263501601366	969.5802915187687	1026.6217859144363	84.24752945852393	1020.2171373226413	NaN
1	0.10500000000000001	517.0634223161641	392.6236120092438	78.11366371773752	969.3266510287225	1026.5393046927345	84.2479789051893	1020.0990990984047	NaN
1	0.10500000000000001	517.1591075973109	391.98434907004963	78.23501742077916	969.0708316208339	1026.4547344198158	84.24337818832555	1019.9808936284088	NaN
1	0.10500000000000001	517.255112033321	391.34524984195616	78.35660660675839	968.8128266425227	1026.3681141480477	84.23416510542904	1019.8632949353738	NaN
1	0.10500000000000001	517.3513725589536	390.70679549163617	78.47833940573196	968.552656958617	1026.2794877038514	84.22087802731703	1019.7470137938626	NaN
1	0.10500000000000001	517.447830961251	390.0694294892101	78.60013019628927	968.2903568091212	1026.1888976852044	84.20413989612302	1019.6326729033215	NaN
1	0.10500000000000001	517.5444396712608	389.43351991492534	78.72190692064744	968.0259608161579	1026.0963796754595	84.18463878997213	1019.5207869339782	NaN
1	0.10500000000000001	517.6411658107357	388.79933412655566	78.84361612307084	967.7594942440671	1026.0019575594872	84.1631070339268	1019.4117490549255	NaN
1	0.10500000000000001	517.7379933686104	388.1670263309393	78.96522556867603	967.4909670469693	1025.9056402808171	84.14030066619088	1019.3058240237855	NaN
1	0.10500000000000001	517.8349235565232	387.53663742098496	79.08672452618052	967.220371898746	1025.8074202209295	84.1169806067548	1019.2031471481272	NaN
1	0.10500000000000001	517.9319738105468	386.9081037277356	79.20812232536824	966.9476852902535	1025.7072729423514	84.09389621200957	1019.1037276615252	NaN
1	0.10500000000000001	518.0291758103413	386.2812720383387	79.32944567615472	966.6728710003295	1025.6051580724086	84.07177137599194	1019.0074551396532	NaN
1	0.10500000000000001	518.1265727421089	385.6559192281436	79.45073505204118	966.3958855809292	1025.5010212081474	84.05129296172224	1018.9141078619325	NaN
1	0.10500000000000001	518.2242161988805	385.0317738300354	79.57204064624793	966.1166849315669	1025.3947965080708	84.03310104279525	1018.8233620951079	NaN
1	0.10500000000000001	518.3221626797776	384.40853968809745	79.69341786730408	965.8352321654264	1025.2864100612214	84.01778040612281	1018.7348019807629	NaN
1	0.10500000000000001	518.4204698716052	383.7859204261209	79.81492261729589	965.5515062629936	1025.1757838792582	84.00585269372738	1018.6479297562929	NaN
1	0.10500000000000001	518.5191927030853	383.1636447112194	79.93660635537162	965.2655114839715	1025.062840552454	83.99776867085113	1018.5621764815594	NaN
1	0.10500000000000001	518.6183792333266	382.5414918372483	80.05851103836008	964.9772872457482	1024.9475085274005	83.99390023551848	1018.4769135945761	NaN
1	0.10500000000000001	518.7180666097167	381.91931607968513	80.18066424252683	964.6869176232753	1024.8297277459515	83.99453200411989	1018.3914656433877	NaN
1	0.10500000000000001	518.8182773118801	381.29706844249887	80.30307474186222	964.3945396477536	1024.709455368479	83.99985263745279	1018.3051246452904	NaN
1	0.10500000000000001	518.91901631373	380.6748119139076	80.42572931638725	964.1003483754871	1024.5866707571784	84.00994647480198	1018.2171661113654	NaN
1	0.10500000000000001	519.0202696016017	380.0527277102562	80.54859130657837	963.8045973141238	1024.4613790379385	84.02478649126955	1018.1268666823355	NaN
1	0.10500000000000001	519.1220047353281	379.43110860782065	80.67160171094321	963.5075921817908	1024.333612176338	84.0442299481758	1018.0335226206948	NaN
1	0.10500000000000001	519.224173705206	378.81033830840994	80.79468307082696	963.2096774055952	1024.2034269601597	84.06801818687033	1017.9364681248684	NaN
1	0.10500000000000001	519.3267179343337	378.19085832427436	80.9177458844428	962.9112161228281	1024.0708997773245	84.09578167526342	1017.8350921455815	NaN
1	0.10500000000000001	519.4295747523922	377.57312699777793	81.04069666346095	962.6125661046254	1023.936118806403	84.12705066072034	1017.7288524657657	NaN
1	0.10500000000000001	519.5326843161598	376.9575771947611	81.16344634682036	962.3140550682482	1023.7991748230191	84.1612708246562	1017.617286180466	NaN
1	0.10500000000000001	519.6359958600744	376.34457946909714	81.28591771432102	962.0159590121671	1023.6601521144045	84.19782248729274	1017.5000163203268	NaN
1	0.10500000000000001	519.7394725775487	375.7344147084208	81.40805098035142	961.7184858109116	1023.5191205894137	84.23604153929668	1017.3767547316628	NaN
1	0.10500000000000001	519.8430947236237	375.1272583509481	81.52980712176894	961.4217652622556	1023.3761298653982	84.27524029665246	1017.2473018288542	NaN
1	0.10500000000000001	519.9468608923427	374.5231760114629	81.65116894122832	961.1258455595314	1023.2312056493454	84.31472686631454	1017.1115440764785	NaN
1	0.10500000000000001	520.0507877773261	373.92212827016544	81.77214028853113	960.8306950408454	1023.084348215618	84.35382220882207	1016.9694499756798	NaN
1	0.10500000000000001	520.1549087157592	373.3239825009891	81.89274384521853	960.5362080643868	1022.9355327356918	84.3918745829768	1016.8210653870804	NaN
1	0.10500000000000001	520.2592712470275	372.7285300872861	82.0130177892203	960.2422140771004	1022.7847112606241	84.42827145976925	1016.6665089929934	NaN
1	0.10500000000000001	520.3639338539582	372.13550779161505	82.13301157682339	959.9484891764175	1022.631816208097	84.46244928917612	1016.5059685622683	NaN
1	0.10500000000000001	520.4689620296068	371.54462222970693	82.25278104590993	959.6547696077572	1022.4767652136015	84.49390169366498	1016.3396984225814	NaN
1	0.10500000000000001	520.5744237119843	370.95557699344545	82.37238292678552	959.3607670026973	1022.319467334064	84.52218670931774	1016.1680183780626	NaN
1	0.10500000000000001	520.6803839321369	370.36810305742324	82.49186862662758	959.0661857859513	1022.159830884415	84.54693362888293	1015.9913143370007	NaN
1	0.10500000000000001	520.7868989830787	369.78199050460813	82.61127768217472	958.7707419599569	1021.9977725012182	84.56785001277615	1015.8100398814248	NaN
1	0.10500000000000001	520.8940103122534	369.19712026305405	82.73063114716223	958.4741828382008	1021.8332271562047	84.5847291155971	1015.6247178647717	NaN
1	0.10500000000000001	521.001738856762	368.6134918147009	82.8499257438943	958.1763059048379	1021.6661580193754	84.59745765776489	1015.4359400369601	NaN
1	0.10500000000000001	521.1100808845082	368.0312412402061	82.96912994707273	957.8769740291725	1021.4965644527003	84.60602331920079	1015.2443620046937	NaN
1	0.10500000000000001	521.2190065743991	367.45064344672454	83.08818328920935	957.5761237266561	1021.3244860287133	84.61052070603048	1015.0506907169796	NaN
1	0.10500000000000001	521.3284624937662	366.8720932933453	83.20700001374823	957.2737632186293	1021.1500004514785	84.61115406778566	1014.8556623263084	NaN
1	0.10500000000000001	521.4383781335838	366.29606600641256	83.32547704432473	956.9699595979813	1020.9732147399263	84.6082350016861	1014.6600108649686	NaN
1	0.10500000000000001	521.5486755862967	365.72306296372676	83.44350506102128	956.6648171983893	1020.7942507705367	84.60217406227291	1014.4644309328942	NaN
1	0.10500000000000001	521.6592804091167	365.1535539821613	83.56098041082318	956.3584520745474	1020.6132280936251	84.59346641335833	1014.2695399106306	NaN
1	0.10500000000000001	521.7701313910243	364.5879281887028	83.67781535319149	956.0509684876826	1020.4302476959393	84.58267294638924	1014.0758456132394	NaN
1	0.10500000000000001	521.8811877708614	364.0264605197604	83.79394515420168	955.7424412058089	1020.2453792499066	84.57039903985289	1013.8837230984741	NaN
1	0.10500000000000001	521.992433055938	363.46929731472	83.90933127007357	955.4329059979516	1020.0586535329617	84.55727319231165	1013.693402333488	NaN
1	0.10500000000000001	522.1038758552659	362.9164578677933	84.02396122724609	955.1223573726172	1019.8700596404058	84.5439271832966	1013.5049654219886	NaN
1	0.10500000000000001	522.2155481925662	362.3678486795582	84.13784584318189	954.8107525489514	1019.6795464769041	84.53097868979059	1013.3183515771991	NaN
1	0.10500000000000001	522.3275020506052	361.82328591985373	84.25101469905982	954.4980198476446	1019.4870274624484	84.5190165644156	1013.1333674488935	NaN
1	0.10500000000000001	522.4398046638156	361.28252301152986	84.36351049694083	954.1840702759839	1019.2923877124418	84.50858848543488	1012.9497009898639	NaN
1	0.10500000000000001	522.5525328918494	360.74528130547293	84.47538272130349	953.8688115007087	1019.0954932174047	84.50019039461712	1012.7669376682059	NaN
1	0.10500000000000001	522.6657667703253	360.2112830411715	84.5866807750583	953.552163956988	1018.8962019284216	84.49425703066015	1012.5845785879509	NaN
1	0.10500000000000001	522.7795823972856	359.68028551698575	84.69744681933314	953.2340785622949	1018.694376531303	84.49115288567762	1012.4020603528248	NaN
1	0.10500000000000001	522.8940443343687	359.1521153416294	84.80770856016485	952.9145553522974	1018.4898986351418	84.49116309481307	1012.2187768236624	NaN
1	0.10500000000000001	523.0091980358635	358.62670017337956	84.91747253390675	952.5936613577289	1018.2826834728369	84.4944841027879	1012.0341026478392	NaN
1	0.10500000000000001	523.1250632302568	358.1040937057057	85.02671879131418	952.2715448901798	1018.0726934018072	84.5012144747239	1011.8474178773176	NaN
1	0.10500000000000001	523.2416296717	357.58448786412043	85.13539825932818	951.9484421325311	1017.8599474879735	84.5113468892896	1011.658132004828	NaN
1	0.10500000000000001	523.3588568806084	357.0682059277138	85.24343411478745	951.6246716063947	1017.6445239370876	84.52476300935099	1011.465704822789	NaN
1	0.10500000000000001	523.4766788638794	356.555673765292	85.35072777515592	951.3006141810201	1017.426553150638	84.5412332091926	1011.2696615586943	NaN
1	0.10500000000000001	523.5950136016853	356.04737202822577	85.45716891998931	950.9766799565216	1017.2062013594743	84.56042271659368	1011.0696006677433	NaN
1	0.10500000000000001	523.7137756328452	355.54377825900417	85.56264766322158	950.6532675329544	1016.9836475849766	84.58190456547503	1010.8651944328465	NaN
1	0.10500000000000001	523.8328888973973	355.045312063373	85.6670661063179	950.3307242660443	1016.7590591012535	84.60517821586828	1010.6561846716947	NaN
1	0.10500000000000001	523.9522974938113	354.552293185061	85.7703471884786	950.0093143502298	1016.5325699201437	84.6296916146325	1010.4423759900515	NaN
1	0.10500000000000001	524.0719726926975	354.06491846927577	85.87243955871986	949.6891992261164	1016.3042657314054	84.65486409127254	1010.2236291740136	NaN
1	0.10500000000000001	524.1919160526105	353.5832569097902	85.97331862477533	949.3704303468188	1016.0741759650299	84.68010798030285	1009.9998558411977	NaN
1	0.10500000000000001	524.3121590457985	353.1072596525718	86.0729844293658	949.0529526310858	1015.8422725322176	84.70484764441582	1009.7710151143347	NaN
1	0.10500000000000001	524.4327600074054	352.6367804150134	86.17145730826716	948.7366158197507	1015.6084739387796	84.72853543882613	1009.5371124934936	NaN
1	0.10500000000000001	524.5537989957223	352.1716029951253	86.26877203542438	948.4211916393122	1015.3726538050048	84.75066478220573	1009.2982013079351	NaN
1	0.10500000000000001	524.6753709087411	351.71147370938024	86.36497092035036	948.1063954393525	1015.1346532295569	84.77078092205913	1009.0543871997177	NaN
1	0.10500000000000001	524.7975769743143	351.25613757917637	86.46009612099208	947.791911698187	1014.8942968407734	84.78849020111485	1008.8058360618105	NaN
1	0.10500000000000001	524.9205145461901	350.805377782889	86.55418129331771	947.4774233909789	1014.6514127260986	84.80346866579313	1008.552785728035	NaN
1	0.10500000000000001	525.0442655367966	350.35905639137553	86.64724301618801	947.1626443054678	1014.4058556369982	84.81547076780173	1008.295560398729	NaN
1	0.10500000000000001	525.1688841944652	349.9171531927077	86.73927268508216	946.8473525645512	1014.1575320900149	84.8243385265554	1008.0345855156672	NaN
1	0.10500000000000001	525.2943864039748	349.47979463702734	86.83023055946157	946.5314200319443	1013.9064229907424	84.83001090601313	1007.7703973805624	NaN
1	0.10500000000000001	525.4207433539862	349.0472637437636	86.92004387769052	946.2148307821395	1013.6525979369721	84.83253213189607	1007.5036403769011	NaN
1	0.10500000000000001	525.5478832797687	348.6199804016113	87.00861121278182	945.8976797588266	1013.3962134480383	84.83205668269937	1007.2350434173939	NaN
1	0.10500000000000001	525.6757026466438	348.19845112241234	87.09581319718347	945.5801486050241	1013.1374919184519	84.82884819387124	1006.9653734288622	NaN
1	0.10500000000000001	525.8040852528229	347.7831973975442	87.18152762432803	945.2624625979255	1012.8766839247753	84.82327034027269	1006.6953712987014	NaN
1	0.10500000000000001	525.932924060927	347.37468266191695	87.26564469516109	944.9448413690934	1012.6140241346578	84.81576976203002	1006.4256843583825	NaN
1	0.10500000000000001	526.0621399129744	346.9732572558036	87.34807835765542	944.6274573709925	1012.3496927276585	84.80685330478482	1006.1568105115198	NaN
1	0.10500000000000001	526.1916936146373	346.5791307030986	87.42877183142957	944.3104101916557	1012.0837897680582	84.79706296161258	1005.8890628079854	NaN
1	0.10500000000000001	526.3215904653756	346.1923711033209	87.50769741818198	943.9937185710274	1011.8163247919193	84.78695163570633	1005.6225562075009	NaN
1	0.10500000000000001	526.4518785939566	345.8129243217807	87.58485217752698	943.6773265884934	1011.5472191615576	84.77706167075557	1005.3572123953811	NaN
1	0.10500000000000001	526.5826428450561	345.4406452487646	87.6602511255879	943.3611197260693	1011.2763178367402	84.76790683002437	1005.0927773399196	NaN
1	0.10500000000000001	526.7139954397776	345.0753357273573	87.73391912563845	943.04494783764	1011.0034081889827	84.75995745449477	1004.8288475442332	NaN
1	0.10500000000000001	526.846064110318	344.7167857677182	87.8058822210628	942.7286532522104	1010.7282444998008	84.75362795407976	1004.564902519283	NaN
1	0.10500000000000001	526.978977729585	344.36481676937393	87.87615873475141	942.412103717661	1010.4505781577569	84.74926557046533	1004.3003430243184	NaN
1	0.10500000000000001	527.1128495699638	344.01932513009524	87.94475053428992	942.0952294086861	1010.1701933128825	84.74713940068453	1004.0345350745652	NaN
1	0.10500000000000001	527.2477591715327	343.68032251257387	88.01163528161604	941.7780610506247	1009.8869459387381	84.74742906398492	1003.7668586756264	NaN
1	0.10500000000000001	527.3837353610197	343.34796573572174	88.07676111160578	941.4607625684748	1009.6008008950379	84.75021323726676	1003.4967575706536	NaN
1	0.10500000000000001	527.5207454981006	343.0225646949111	88.14004599634053	941.143646195444	1009.3118561095517	84.75545959914014	1003.2237811328417	NaN
1	0.10500000000000001	527.6586965973335	342.70455831295885	88.20138357944995	940.8271577083341	1009.0203416084097	84.76301914495924	1002.947607347079	NaN
1	0.10500000000000001	527.7974519106962	342.3944564253637	88.26065555131542	940.5118255981903	1008.7265853660369	84.77262838762444	1002.6680379532213	NaN
1	0.10500000000000001	527.9368597243291	342.0927623196636	88.31774730793941	940.198184578798	1008.4309524632763	84.7839215911528	1002.3849684445075	NaN
1	0.10500000000000001	528.0767855440113	341.79990045670945	88.37256189243662	939.8866960800294	1008.1337761590887	84.79645219642954	1002.0983462040446	NaN
1	0.10500000000000001	528.2171380626503	341.51617042390177	88.42502817958378	939.5776884119773	1007.8353014942188	84.80971980852117	1001.8081330943738	NaN
1	0.10500000000000001	528.357883819459	341.2417339115818	88.47510224460828	939.2713271960822	1007.535652661726	84.82319824328914	1001.5142822625165	NaN
1	0.10500000000000001	528.4990506358214	340.97662892588687	88.52276334180002	938.9676140015689	1007.2348243616393	84.83636117036207	1001.2167305527187	NaN
1	0.10500000000000001	528.6407225284546	340.7208008072596	88.56800675343234	938.666405203155	1006.9326916438641	84.84870367663638	1000.9154035134211	NaN
1	0.10500000000000001	528.7830286223623	340.4741414685668	88.61083534200195	938.3674438476268	1006.6290329638816	84.85975961021342	1000.6102302653902	NaN
1	0.10500000000000001	528.9261273810507	340.23653167402574	88.65125095057513	938.0704003744962	1006.3235636313296	84.86911556784084	1000.3011673536463	NaN
1	0.10500000000000001	529.0701863622073	340.0078836255876	88.68924633423958	937.7749207351228	1006.0159791282756	84.87642291125678	999.9882321380563	NaN
1	0.10500000000000001	529.2153569973246	339.7881822041053	88.72479813347356	937.4806821353045	1005.7060092422797	84.88140931049293	999.6715467855471	NaN
1	0.10500000000000001	529.3617455425443	339.57752046861157	88.75786187057975	937.187453439207	1005.3934803986889	84.883891038955	999.3513892883528	NaN
1	0.10500000000000001	529.5093844493109	339.37612143648334	88.78837042736204	936.8951515096334	1005.0783769259775	84.88378620978646	999.0282402281863	NaN
1	0.10500000000000001	529.6582140962029	339.18433352460363	88.81623783691704	936.6038744494617	1004.7608798598675	84.88112718179929	998.7028013233946	NaN
1	0.10500000000000001	529.8080870865948	339.0025905099189	88.84136899570238	936.3138899143252	1004.4413572029415	84.87606786024759	998.3759581668016	NaN
1	0.10500000000000001	529.958801203708	338.8313413631982	88.8636730376025	936.0255699946397	1004.1202928574851	84.86888052166762	998.0486761036972	NaN
1	0.10500000000000001	530.1101511562458	338.67097572265385	88.88307514033957	935.7392947432843	1003.798175705202	84.85993926243302	997.7218563988387	NaN
1	0.10500000000000001	530.2619787119256	338.52177479603023	88.89952201041525	935.4553641283967	1003.475392735468	84.84969234724777	997.3962034126181	NaN
1	0.10500000000000001	530.4142045723449	338.38390148972746	88.91297987636248	935.1739481047024	1003.1521618339805	84.83862960713303	997.0721423953429	NaN
1	0.10500000000000001	530.5668385593866	338.25742262952383	88.92342732005304	934.895078227651	1002.8285113909137	84.82725099576436	996.7497948041494	NaN
1	0.10500000000000001	530.7199730126636	338.1423480022046	88.93084618231167	934.6186691569891	1002.5042960155153	84.81603986083182	996.4289975356181	NaN
1	0.10500000000000001	530.8737658885289	338.03867300823913	88.9352130246618	934.3445565521577	1002.1792342589371	84.80544176097989	996.1093485890915	NaN
1	0.10500000000000001	531.028416751044	337.94641762269487	88.93649258579974	934.0725446083665	1001.85296128558	84.79584798680986	995.7902694557773	NaN
1	0.10500000000000001	531.1841364993891	337.8656574401011	88.93463421611925	933.8024607492016	1001.5250943970067	84.78758211983441	995.4710806660725	NaN
1	0.10500000000000001	531.3411103276501	337.7965435184806	88.92957222320894	933.5342169844515	1001.1953120997555	84.78088783761574	995.1510910398031	NaN
1	0.10500000000000001	531.4994556654095	337.7393064854668	88.92123104842905	933.2678731007808	1000.8634425798816	84.77591660398082	994.8296978576149	NaN
1	0.10500000000000001	531.6591835887837	337.69423961968727	88.90953539084053	933.0036857965254	1000.5295433305998	84.77271516358847	994.5064825928459	NaN
1	0.10500000000000001	531.8201808033878	337.6616595564271	88.89442310232496	932.7421159143785	1000.1939360535754	84.77121513251733	994.1812697960125	NaN
1	0.10500000000000001	531.9822306085748	337.641854367337	88.87585560737122	932.4837685796182	999.857159143132	84.77122957018092	993.8541127629713	NaN
1	0.10500000000000001	532.1450737929092	337.63504115021215	88.8538199645149	932.2292739482301	999.5198374687316	84.77246168302574	993.5252016446243	NaN
1	0.10500000000000001	532.3084836865797	337.6413541216245	88.82832092420333	931.9791583336528	999.182524840276	84.7745268087805	993.19474054488	NaN
1	0.10500000000000001	532.4723231622087	337.6608664033879	88.79936691003674	931.7337586695484	998.8455866738043	84.77698317913806	992.8628532475494	NaN
1	0.10500000000000001	532.6365688320676	337.6936317237038	88.76695568580065	931.4931986590923	998.5091527287739	84.77936452395899	992.5295452145613	NaN
1	0.10500000000000001	532.8013077248667	337.73972901460706	88.73106335904542	931.2574115273644	998.1731277281705	84.7812093384223	992.1947124515925	NaN
1	0.10500000000000001	532.966716484227	337.7992983371689	88.6916382446814	931.0261884521545	997.8372379938879	84.78208484239873	991.8581797467052	NaN
1	0.10500000000000001	533.1330299685704	337.8725616981387	88.64860022796739	930.799238621062	997.5010990317463	84.78160617452772	991.5197568898584	NaN
1	0.10500000000000001	533.3005004286088	337.9598236063873	88.60184674526145	930.5762564521373	997.1643007746569	84.77945271835972	991.1793117244775	NaN
1	0.10500000000000001	533.46934675722	338.0614457777517	88.55126683193822	930.3569943184442	996.8265104995317	84.77538386994293	990.8368604936858	NaN
1	0.10500000000000001	533.6396966761491	338.1777922505766	88.49676369080643	930.1413350469613	996.4875865605705	84.76925586771522	990.4926672375722	NaN
1	0.10500000000000001	533.8115365581974	338.30915229568	88.43828165183191	929.9293449187317	996.1476728611367	84.76103886449442	990.1473190563672	NaN
1	0.10500000000000001	533.9846971192877	338.4556700712924	88.37582596247213	929.7212755128782	995.807218803857	84.75082913937204	989.8017186229029	NaN
1	0.10500000000000001	534.1589001578029	338.61732588892875	88.30946037620194	929.5174930446683	995.4668784187344	84.73884801697257	989.4569475908902	NaN
1	0.10500000000000001	534.3338545800436	338.7939921635807	88.23927859964442	929.3183610566829	995.1273169584679	84.72542210960789	989.1140354754973	NaN
1	0.10500000000000001	534.5093528839279	338.9855373971649	88.16536372572085	929.1241393775006	994.7890238849462	84.71094869046685	988.7737426436239	NaN
1	0.10500000000000001	534.6853260679325	339.1919272403378	88.08775480968346	928.934943052627	994.4522132436712	84.69585651987306	988.4364444196848	NaN
1	0.10500000000000001	534.861852551224	339.41329262548857	88.00642878117938	928.7507565201317	994.1168163410725	84.68057078210056	988.1021205712151	NaN
1	0.10500000000000001	535.0391360769559	339.64995906653394	87.92129687925	928.5714785495907	993.7825342706387	84.66548570933377	987.7704134104852	NaN
1	0.10500000000000001	535.2174661803427	339.9024394187964	87.83221291104759	928.3969787159294	993.4489217922414	84.65094460379228	987.4407215963118	NaN
1	0.10500000000000001	535.3971648167833	340.17138610691023	87.73899364987729	928.227158564481	993.1154939030368	84.63722538356878	987.1123180826946	NaN
1	0.10500000000000001	535.5785176675984	340.4574928669554	87.64145386433752	928.0620153919145	992.7818559750957	84.62452932252978	986.7844921991112	NaN
1	0.10500000000000001	535.7616923351856	340.7613410324527	87.5394566097867	927.9017021141759	992.4478511620011	84.61297089217788	986.4567110094355	NaN
1	0.10500000000000001	535.946664519751	341.08322006797505	87.43296803192943	927.7465610656087	992.1136847725984	84.60256759315023	986.1287635462353	NaN
1	0.10500000000000001	536.1331984208992	341.4230125909808	87.3220875143353	927.5970960349279	991.7799432054004	84.59323126333555	985.8008100333001	NaN
1	0.10500000000000001	536.3209221373968	341.7802542108891	87.20702044029788	927.4538662588612	991.4474415652301	84.58476620948473	985.4732700651012	NaN
1	0.10500000000000001	536.5094715707277	342.1543693782215	87.08799810028451	927.3173485630334	991.1169584377394	84.57688080787693	985.1465990310144	NaN
1	0.10500000000000001	536.6986166229821	342.54494082089553	86.96519308014618	927.1878468462153	990.789016637211	84.5692136779357	984.8210988732966	NaN
1	0.10500000000000001	536.8883137928892	342.9518793760825	86.83867091661973	927.0654810884926	990.463804346368	84.56136779805641	984.4968519626686	NaN
1	0.10500000000000001	537.0786931666274	343.37546967866604	86.70838228723721	926.9502309498694	990.1412140825532	84.55294437631174	984.1737586570687	NaN
1	0.10500000000000001	537.2700065916554	343.81631739086	86.57418492480352	926.8420002034325	989.8209459959525	84.54357245566283	983.8516311166095	NaN
1	0.10500000000000001	537.462552060758	344.2752132195722	86.43588878157053	926.7406827413101	989.5026450101806	84.5329346796843	983.5303176027757	NaN
1	0.10500000000000001	537.6565768112404	344.752907554969	86.29332495950833	926.6462219926186	989.1860636682545	84.52079194734196	983.2098511577439	NaN
1	0.10500000000000001	537.8521675629376	345.24980634099285	86.14643395621755	926.5586543067936	988.8712331087993	84.5070089089259	982.8906040514458	NaN
1	0.10500000000000001	538.0491644945051	345.76567884237187	85.99534573373596	926.4781187466349	988.5585813456647	84.49157729350752	982.5733831893453	NaN
1	0.10500000000000001	538.2471657509215	346.2995736815062	85.84039552538717	926.4048164034259	988.2488978579994	84.47462611126635	982.259361265943	NaN
1	0.10500000000000001	538.4456559853426	346.8500876736179	85.68203805134435	926.3389327415017	987.9431076660957	84.45640628383818	981.9498088547537	NaN
1	0.10500000000000001	538.6441846041251	347.4158399767388	85.52070813812618	926.2805752239949	987.6419880614891	84.4372510597294	981.6457719531952	NaN
1	0.10500000000000001	538.8427132229076	347.9965300332673	85.35652412803182	926.2297090169817	987.3456607233309	84.41750513185563	981.3475380027721	NaN
1	0.10500000000000001	539.0412418416902	348.5919590984283	85.18957449612009	926.1863117513154	987.0541857935142	84.39752293933172	981.0552297982257	NaN
1	0.10500000000000001	539.2397704604726	349.2019253124588	85.01994814059971	926.1503862729379	986.7676220343964	84.37764152493341	980.7688665484269	NaN
1	0.10500000000000001	539.4382990792552	349.8262237315768	84.84773434748526	926.1219576364124	986.4860273488763	84.35815309220843	980.4883732427019	NaN
1	0.10500000000000001	539.6368276980377	350.46464633463387	84.6730227593372	926.1010681945124	986.2094592076916	84.33928285832967	980.2135974407132	NaN
1	0.10500000000000001	539.8353563168203	351.1169820083521	84.4959033444415	926.0877713056254	985.9379749516625	84.3211738162636	979.9443316545526	NaN
1	0.10500000000000001	540.0338849356027	351.7830165158466	84.31646636302702	926.0821242712744	985.6716319490455	84.30387934244484	979.6803391105972	NaN
1	0.10500000000000001	540.2324135543853	352.46253245444643	84.13480232764715	926.0841811493681	985.4104876016308	84.28736386473092	979.4213805072621	NaN
1	0.10500000000000001	540.4309421731678	353.1553092095624	83.95100195560697	926.0939860650709	985.1545992065201	84.27151110422871	979.1672394265192	NaN
1	0.10500000000000001	540.6294707919503	353.86112291147003	83.7651561122199	926.1115675655204	984.9040236925149	84.25613878263027	978.9177442969533	NaN
1	0.10500000000000001	540.8279994107328	354.57974640141526	83.57735574464392	926.1369344462723	984.6588172597957	84.24101819291532	978.6727852130333	NaN
1	0.10500000000000001	541.0265280295154	355.310949212459	83.38769180698498	926.1700733287387	984.4190349583273	84.22589670094423	978.4323244454334	NaN
1	0.10500000000000001	541.2250566482978	356.05449756908416	83.19625517818956	926.2109481033158	984.1847302438163	84.21052109795308	978.1964000787342	NaN
1	0.10500000000000001	541.4235852670804	356.8101544079227	83.00313657490761	926.2595011873028	983.9559545499178	84.1946597620011	977.965122830461	NaN
1	0.10500000000000001	541.6221138858629	357.5776794201786	82.80842646194617	926.3156563942777	983.7327569119695	84.17812179682416	977.7386666855557	NaN
1	0.10500000000000001	541.8206425046454	358.3568291145914	82.61221496312699	926.379323084648	983.515183671268	84.16077167216964	977.517254475489	NaN
1	0.10500000000000001	542.0191711234279	359.14735689823675	82.4145917753019	926.4504011751155	983.3032782805034	84.1425383525137	977.301139903538	NaN
1	0.10500000000000001	542.2176997422105	359.94901317122896	82.21564608799005	926.528786533788	983.0970812212398	84.1234184259571	977.0905877419538	NaN
1	0.10500000000000001	542.4162283609929	360.76154543056026	82.01546651061717	926.6143762798414	982.8966300341945	84.10347328400343	976.8858539915349	NaN
1	0.10500000000000001	542.6147569797755	361.5846983779323	81.8141410087104	926.7070735403522	982.7019594534047	84.08282090908746	976.6871677023338	NaN
1	0.10500000000000001	542.813285598558	362.418214026518	81.611756849697	926.8067912871344	982.513101626985	84.06162325858111	976.4947159219923	NaN
1	0.10500000000000001	543.0118142173405	363.26183180210757	81.40840055823598	926.9134549751784	982.3300864007081	84.04007055848402	976.3086328927723	NaN
1	0.10500000000000001	543.210342836123	364.11528863496767	81.20415788033894	927.0270038216499	982.152941636565	84.018364014932	976.1289941952837	NaN
1	0.10500000000000001	543.4088714549056	364.9783190398952	80.99911375497071	927.1473906893341	981.9816935369656	83.99669850710625	975.9558160765106	NaN
1	0.10500000000000001	543.607400073688	365.8506551832498	80.79335229139932	927.2745806597964	981.8163669463497	83.97524674367355	975.7890597434485	NaN
1	0.10500000000000001	543.8059286924706	366.7320269370968	80.58695675031991	927.4085484891727	981.6569856054366	83.9541461607524	975.6286399903405	NaN
1	0.10500000000000001	544.0044573112531	367.622161921854	80.38000952671813	927.5492752248937	981.5035723387402	83.93348953660124	975.4744371902904	NaN
1	0.10500000000000001	544.2029859300357	368.52078553991475	80.17259213256014	927.6967443186657	981.3561491627427	83.91331992800387	975.3263114457801	NaN
1	0.10500000000000001	544.4015145488181	369.42762100353286	79.9647851776778	927.8509375962986	981.214737309609	83.89363013105235	975.1841175721701	NaN
1	0.10500000000000001	544.6000431676007	370.34238936073734	79.75666834762308	928.0118314380212	981.0793571688458	83.87436647091137	975.0477195877592	NaN
1	0.10500000000000001	544.7985717863831	371.26480952318457	79.54832037775716	928.179393486078	980.9500281562324	83.85543636508947	974.917003497029	NaN
1	0.10500000000000001	544.9971004051657	372.19459829964353	79.3398190233634	928.3535801344174	980.8267685250951	83.83671881152608	974.791887364553	NaN
1	0.10500000000000001	545.1956290239482	373.1314704382952	79.13124102608667	928.5343349747974	980.70959513916	83.81807674792323	974.6723279624059	NaN
1	0.10500000000000001	545.3941576427308	374.07513868025876	78.9226620774582	928.7215882825527	980.5985232285008	83.79937012497379	974.5583236053815	NaN
1	0.10500000000000001	545.5926862615132	375.02531382581924	78.71415678062756	928.9152575319215	980.4935661504244	83.78046853689796	974.4499131350665	NaN
1	0.10500000000000001	545.7912148802958	375.9817048138119	78.50579861166761	929.1152488433388	980.394735175582	83.76126235232549	974.3471713453873	NaN
1	0.10500000000000001	545.9897434990783	376.94401881361	78.29765988192798	929.3214591906311	980.3020393163733	83.74167147324786	974.2502014310702	NaN
1	0.10500000000000001	546.1882721178608	377.91196132824405	78.0898117028854	929.5337791402662	980.2154852102173	83.72165109919688	974.1591252641431	NaN
1	0.10500000000000001	546.3868007366433	378.88523630644016	77.88232395478738	929.7520958615014	980.1350770649249	83.70119416322378	974.0740724464819	NaN
1	0.10500000000000001	546.5853293554259	379.86354626084017	77.67526526012684	929.9762961370764	980.0608166677401	83.6803304087933	973.995169140556	NaN
1	0.10500000000000001	546.7838579742083	380.84659238940395	77.46870296264849	930.2062691185317	979.9927034541145	83.6591223658032	973.9225276460434	NaN
1	0.10500000000000001	546.9823865929909	381.83407469699796	77.26270311220841	930.4419086057941	979.9307346274122	83.63765873556954	973.8562375745205	NaN
1	0.10500000000000001	547.1809152117734	382.82569211442825	77.05733045541798	930.6831146831959	979.8749053168857	83.61604588921352	973.7963592921883	NaN
1	0.10500000000000001	547.3794438305559	383.821142612652	76.8526484316405	930.9297946081948	979.8252087586928	83.59439830781119	973.7429200707161	NaN
1	0.10500000000000001	547.5779724493384	384.82012331053886	76.64871917359964	931.1818629186057	979.7816364836084	83.5728288390333	973.6959131310037	NaN
1	0.10500000000000001	547.776501068121	385.82233057529453	76.44560351162947	931.4392407929247	979.7441784954083	83.55143961396406	973.6552995071984	NaN
1	0.10500000000000001	547.9750296869034	386.82746011543605	76.24336098045987	931.7018547604555	979.7128234255981	83.53031436612243	973.6210124208189	NaN
1	0.10500000000000001	548.173558305686	387.83520706694367	76.04204982739603	931.9696349084642	979.6875586529812	83.50951273490426	973.5929636566378	NaN
1	0.10500000000000001	548.3720869244685	388.84526607385715	75.8417270208121	932.2425127688009	979.6683703802195	83.48906693453989	973.5710512879057	NaN
1	0.10500000000000001	548.570615543251	389.85733136507946	75.64244825802817	932.5204190841263	979.655243663672	83.46898094667877	973.55516801803	NaN
1	0.10500000000000001	548.7691441620335	390.87109682946027	75.4442679718557	932.8032816534937	979.6481623970308	83.44923217016506	973.5452093924106	NaN
1	0.10500000000000001	548.9676727808161	391.88625609134425	75.24723933535968	933.0910234395739	979.6471092532321	83.42977525478123	973.54108118534	NaN
1	0.10500000000000001	549.1662013995985	392.9025025886813	75.05141426466724	933.3835610876733	979.6520655924802	83.41054767347066	973.5427053748316	NaN
1	0.10500000000000001	549.3647300183811	393.9195296555252	74.85684341993043	933.6808039634428	979.6630113467418	83.39147646269208	973.5500242706466	NaN
1	0.10500000000000001	549.5632586371636	394.9370306103291	74.66357620479792	933.9826537660848	979.6799248925552	83.37248549123906	973.5630025422219	NaN
1	0.10500000000000001	549.7617872559462	395.9546988509225	74.47166076494945	934.289004721617	979.7027829243987	83.35350260701262	973.5816270865505	NaN
1	0.10500000000000001	549.9603158747286	396.97222795647565	74.28114398638212	934.5997443109118	979.7315603401914	83.33446605664241	973.6059048641596	NaN
1	0.10500000000000001	550.1588444935112	397.9893117961736	74.09207149420178	934.9147544439498	979.766230148877	83.31532966759812	973.6358589983465	NaN
1	0.10500000000000001	550.3573731122937	399.0056446437931	73.90448765266417	935.2339129583421	979.8067634076485	83.29606641576258	973.6715235656173	NaN
1	0.10500000000000001	550.5559017310762	400.02092129692977	73.71843556713382	935.55709529903	979.8531291934714	83.27667015987343	973.7129375942912	NaN
1	0.10500000000000001	550.7544303498587	401.03483719930745	73.53395708849557	935.884176228301	979.9052946104057	83.25715549287962	973.760138828233	NaN
1	0.10500000000000001	550.9529589686413	402.04708856442863	73.35109282037737	936.2150314208168	979.963224831128	83.23755582412282	973.8131578028524	NaN
1	0.10500000000000001	551.1514875874237	403.0573724988083	73.16988212934376	936.5495388160534	980.0268831682439	83.21791995157027	973.8720127243727	NaN
1	0.10500000000000001	551.3500162062063	404.0653871231562	72.9903631580119	936.8875796282149	980.096231168711	83.19830749864386	973.93670554824	NaN
1	0.10500000000000001	551.5485448249888	405.07083169013293	72.81257284085052	937.2290389484211	980.1712287231072	83.17878366723947	974.0072195286192	NaN
1	0.10500000000000001	551.7470734437713	406.0734066976563	72.6365469222552	937.5738059124134	980.2518341806947	83.15941379275743	974.0835183704061	NaN
1	0.10500000000000001	551.9456020625538	407.0728139971553	72.46231997637142	937.921773445686	980.3380044612554	83.14025817774112	974.1655469709713	NaN
1	0.10500000000000001	552.1441306813364	408.06875689660995	72.28992542806121	938.2728376335148	980.4296951554752	83.12136763116399	974.2532336035124	NaN
1	0.10500000000000001	552.3426593001188	409.06094025864473	72.11939557438858	938.6268967929265	980.5268606071104	83.10278005694254	974.3464932785326	NaN
1	0.10500000000000001	552.5411879189014	410.04907059431997	71.95076160602959	938.9838503450366	980.6294539721383	83.08451832686453	974.4452319333932	NaN
1	0.10500000000000001	552.7397165376839	411.0328561535621	71.7840536280896	939.3435975979828	980.7374272523477	83.06658955044324	974.5493510479647	NaN
1	0.10500000000000001	552.9382451564665	412.01200701336745	71.61930067992407	939.7060365524047	980.8507313031948	83.04898572853168	974.6587522697001	NaN
1	0.10500000000000001	553.1367737752489	412.98623516499856	71.45653075369846	940.0710628334613	980.9693158179931	83.03168565978447	974.7733416532155	NaN
1	0.10500000000000001	553.3353023940315	413.9552546013548	71.29577081157292	940.4385688369524	981.0931292924555	83.01465786889307	974.8930331738612	NaN
1	0.10500000000000001	553.533831012814	414.91878140556605	71.13704680154615	940.8084431540744	981.2221189751057	82.99786425057486	975.0177512553589	NaN
1	0.10500000000000001	553.7323596315965	415.87653384162894	70.9803836721269	941.1805703120234	981.3562308100223	82.98126407860865	975.1474321500641	NaN
1	0.10500000000000001	553.930888250379	416.8282324476172	70.82580538611047	941.5548308386434	981.4954093787215	82.96481801696798	975.2820241173674	NaN
1	0.10500000000000001	554.1294168691616	417.77360013167316	70.67333493381297	941.9311016311614	981.6395978477208	82.94849178959034	975.4214864515887	NaN
1	0.10500000000000001	554.327945487944	418.7123622706573	70.52299434615513	942.3092565841338	981.7887379275242	82.93225921315317	975.5657875064076	NaN
1	0.10500000000000001	554.5264741067266	419.64424681102633	70.37480470798698	942.6891674120028	981.9427698475156	82.91610436776848	975.7149019408072	NaN
1	0.10500000000000001	554.7250027255091	420.568984371252	70.22878617200811	943.0707045885225	982.1016323496723	82.90002276649422	975.8688074659533	NaN
1	0.10500000000000001	554.9235313442916	421.486308344904	70.08495797357183	943.453738319552	982.265262702282	82.88402147779168	976.0274814000135	NaN
1	0.10500000000000001	555.1220599630741	422.3959550034117	69.9433384465712	943.8381394673975	982.4335967331036	82.86811824716531	976.1908973377289	NaN
1	0.10500000000000001	555.3205885818567	423.29766359749766	69.8039450405005	944.2237803534899	982.6065688798075	82.85233974737385	976.3590222151123	NaN
1	0.10500000000000001	555.5191172006391	424.1911764563371	69.6667943386781	944.6105353805773	982.7841122542114	82.83671915416932	976.531814000638	NaN
1	0.10500000000000001	555.7176458194217	425.07623908363524	69.53190207751446	944.9982814342625	982.9661587158606	82.82129329155755	976.7092201781464	NaN
1	0.10500000000000001	555.9161744382042	425.95260025000584	69.39928316661965	945.3868980447915	983.1526389499812	82.80609961416482	976.8911771099836	NaN
1	0.10500000000000001	556.1147030569867	426.8200120812713	69.26895170947928	945.7762673115548	983.343482544763	82.79117329369105	977.0776102887945	NaN
1	0.10500000000000001	556.3132316757692	427.67823014255094	69.14092102438434	946.1662736129429	983.5386180632853	82.77654465299807	977.2684354099158	NaN
1	0.10500000000000001	556.5117602945518	428.52701351825317	69.0152036652882	946.5568031413335	983.7379731061504	82.7622371483671	977.4635601298311	NaN
1	0.10500000000000001	556.7102889133342	429.36612488830093	68.89181144227643	946.94774331579	983.9414743619225	82.74826604261749	977.6628863248005	NaN
1	0.10500000000000001	556.9088175321168	430.1953306010994	68.77075544137486	947.3389821326463	984.1490476437033	82.7346378448692	977.8663126311418	NaN
1	0.10500000000000001	557.1073461508993	431.0144007438708	68.65204604347791	947.7304075161874	984.3606179114807	82.72135052298466	978.0737370364786	NaN
1	0.10500000000000001	557.3058747696819	431.82310921103914	68.53569294225376	948.1219067282373	984.5761092811498	82.70839442826728	978.285059299521	NaN
1	0.10500000000000001	557.5044033884643	432.621233771337	68.42170516095975	948.5133658872028	984.7954450222267	82.69575381433692	978.5001830027788	NaN
1	0.10500000000000001	557.7029320072469	433.4085561342405	68.31009106818314	948.9046696350019	985.0185475471582	82.68340878770526	978.7190170847203	NaN
1	0.10500000000000001	557.9014606260293	434.1848620162154	68.20085839259193	949.2957009755412	985.2453383957154	82.6713374995079	978.9414767508258	NaN
1	0.10500000000000001	558.0999892448119	434.9499412071032	68.09401423684228	949.6863412924346	985.4757382182175	82.6595183776294	979.1674837216456	NaN
1	0.10500000000000001	558.2985178635944	435.7035876367932	67.98956509083018	950.0764705378866	985.7096667612487	82.64793220597558	979.3969658350015	NaN
1	0.10500000000000001	558.497046482377	436.4455994421443	67.88751684449862	950.465967570456	985.9470428591468	82.63656388129512	979.6298560738119	NaN
1	0.10500000000000001	558.6955751011594	437.1757790339452	67.78787480041503	950.8547106078765	986.1877844338871	82.62540371481839	979.8660911362674	NaN
1	0.10500000000000001	558.894103719942	437.8939331635513	67.690643686316	951.2425777531168	986.4318085051503	82.61444819219275	980.1056096978766	NaN
1	0.10500000000000001	559.0926323387245	438.5998729887289	67.59582766778449	951.6294475478545	986.6790312114135	82.60370015627895	980.3483505330968	NaN
1	0.10500000000000001	559.291160957507	439.2934141381658	67.50343036117783	952.0151995076977	986.9293678419376	82.59316842869744	980.5942506671171	NaN
1	0.10500000000000001	559.4896895762895	439.9743767740921	67.41345484687167	952.3997145975206	987.1827328786192	82.58286693316784	980.8432437164684	NaN
1	0.10500000000000001	559.6882181950721	440.6425856524816	67.32590368282752	952.7828756126697	987.4390400459072	82.57281342286177	981.0952585523033	NaN
1	0.10500000000000001	559.8867468138545	441.2978701803745	67.24077891843729	953.164567441698	987.6982023664116	82.56302794227342	981.3502183852777	NaN
1	0.10500000000000001	560.0857130597127	441.9414655134165	67.1579024984593	953.5455132641143	987.9607125973519	82.55351056922102	981.6086117569765	NaN
1	0.10500000000000001	560.2854423021154	442.5741418378823	67.0771620677583	953.9262095550208	988.2269358443602	82.54426829940282	981.8707971570255	NaN
1	0.10500000000000001	560.4862418071413	443.19652720037084	66.99846790114928	954.3071069003839	988.4972278893825	82.53530887997111	982.1371195617369	NaN
1	0.10500000000000001	560.6883770073937	443.8090393721038	66.92176082066675	954.6885641337506	988.7719003834634	82.52664059238968	982.4078766433299	NaN
1	0.10500000000000001	560.8920932388485	444.4119608920767	66.8470019479063	955.0708891118128	989.0512470253466	82.51827013508561	982.6833453473805	NaN
1	0.10500000000000001	561.097616384134	445.00544512177066	66.77417142349849	955.4543390443567	989.335542197466	82.51020179751077	982.9637816360777	NaN
1	0.10500000000000001	561.3051606022112	445.5895419526886	66.7032647943182	955.8391339581465	989.6250496508534	82.50243671162434	983.2494303634498	NaN
1	0.10500000000000001	561.5149322024872	446.16420988365815	66.63429122875925	956.2254626027328	989.9200263270252	82.4949727086436	983.5405304973004	NaN
1	0.10500000000000001	561.7271343633789	446.7293286764114	66.5672717686104	956.6134896440187	990.220727644156	82.48780460917904	983.8373218146791	NaN
1	0.10500000000000001	561.9419713015639	447.2847084722226	66.50223811517517	957.0033615178896	990.5274122735548	82.48092499858359	984.1400509979997	NaN
1	0.10500000000000001	562.1596523800774	447.830096736334	66.43923177215045	957.3952118346247	990.8403470268663	82.47432542537895	984.4489776116131	NaN
1	0.10500000000000001	562.3803960120988	448.36518258263345	66.3783035904774	957.7891660445513	991.1598115990228	82.46799794492561	984.76437958096	NaN
1	0.10500000000000001	562.6044333616051	448.8895984479372	66.31951370970576	958.1853453370602	991.4861031103189	82.46193688693329	985.0865580108839	NaN
1	0.10500000000000001	562.8320117137212	449.4029187962299	66.26293192274919	958.5838695090885	991.819540200938	82.45614069693438	985.4158410236196	NaN
1	0.10500000000000001	563.0633978031383	449.9046565013578	66.20863838316588	958.9848592585291	992.1604670344584	82.45061366870607	985.7525869358202	NaN
1	0.10500000000000001	563.2988814514747	450.39425747851834	66.15672459415742	959.3884384038143	992.5092576750482	82.4453673779699	986.0971872546116	NaN
1	0.10500000000000001	563.5387801203202	450.87109435772834	66.10729461050701	959.7947368775533	992.8663216969692	82.44042163447743	986.4500704239664	NaN
1	0.10500000000000001	563.7834451102585	451.33445972108683	66.06046643835181	960.2038954022762	993.2321120862491	82.43580480296251	986.8117075192413	NaN
1	0.10500000000000001	564.033270041282	451.7835586042614	66.0163737314325	960.6160724045435	993.6071363570147	82.43155340654576	987.1826210191838	NaN
1	0.10500000000000001	564.2887035737697	452.2175014830003	65.9751677743929	961.0314556447742	993.9919737812526	82.42771099377794	987.5633997980641	NaN
1	0.10500000000000001	564.5502622073511	452.6352876592199	65.93702086020808	961.4502707904251	994.3872923648818	82.42432645551116	987.9547143503777	NaN
1	0.10500000000000001	564.8185412680989	453.0357753251351	65.90213141072265	961.8727833920117	994.793862402796	82.42145199841119	988.3573294121314	NaN
1	0.10500000000000001	565.094231427917	453.41764836939956	65.87072998717917	962.2993052261737	995.2125773750428	82.41914098711138	988.7721249047962	NaN
1	0.10500000000000001	565.3781286041758	453.77935962841525	65.8430880601456	962.7301848970203	995.6444633554806	82.41744620428321	989.2001067646131	NaN
1	0.10500000000000001	565.6711432540133	454.1190608642389	65.81952852684599	963.1657920468748	996.0906854318318	82.4164189001516	989.6424161555914	NaN
1	0.10500000000000001	565.974309087113	454.4345185504843	65.80043808925491	963.6064945013437	996.5525505588911	82.41610918914658	990.1003364291794	NaN
1	0.10500000000000001	566.2887955714178	454.7230181391806	65.78628147267396	964.0526336935416	997.0315127602097	82.41656839705759	990.5753033977333	NaN
1	0.10500000000000001	566.6159214621632	454.9812496741145	65.77761826223706	964.5044925729784	997.5291754912668	82.41785394682417	991.0689131594532	NaN
1	0.10500000000000001	566.9571368898891	455.2051524898889	65.77512272364665	964.9622115154364	998.0472406619102	82.42003684488947	991.5828763445425	NaN
1	0.10500000000000001	567.313876871496	455.3897044212299	65.77960030585561	965.4255363846062	998.5872571368637	82.4232100013521	992.1187711777571	NaN
1	0.10500000000000001	567.687121088409	455.52874124228504	65.79197456309407	965.8932386351979	999.1499260296796	82.42749174220516	992.6773521124688	NaN
1	0.10500000000000001	568.0766470664271	455.6151413600517	65.81319650814906	966.3623061298687	999.7339671624057	82.43301567648341	993.2574151035454	NaN
1	0.10500000000000001	568.480629224734	455.64176440320745	65.84407869189404	966.8277857450714	1000.3355590311369	82.43990707428064	993.8552234739269	NaN
1	0.10500000000000001	568.8963447378402	455.6026813419215	65.88518532914297	967.2840021312244	1000.9494770974554	82.44826363463719	994.4656190528344	NaN
1	0.10500000000000001	569.3210683324581	455.49371773957256	65.93683652441605	967.7257824045879	1001.5704978833442	82.45814394420616	995.0834085978418	NaN
1	0.10500000000000001	569.7523625401682	455.3124082128461	65.99914306441427	968.148802895318	1002.193873387855	82.46955654880904	995.7038424531845	NaN
1	0.10500000000000001	570.1885097674875	455.0575265926825	66.07211165146862	968.5499412655488	1002.8159740855372	82.48246986145837	996.3232732788953	NaN
1	0.10500000000000001	570.6290074901511	454.728104718443	66.15582563398455	968.927499468498	1003.4349534279004	82.49684648987389	996.9398395734066	NaN
1	0.10500000000000001	571.0744956855735	454.3225194689648	66.2505665313603	969.2807828237834	1004.0505388624489	82.51267466954243	997.5532727668601	NaN
1	0.10500000000000001	571.5260474190269	453.83839565537767	66.35676703753701	969.6092411422354	1004.6629396650519	82.52997380431829	998.1638120043301	NaN
1	0.10500000000000001	571.9839181130578	453.2739197174526	66.47472131921006	969.9115372876764	1005.2711286941665	82.54875947915508	998.7704813234227	NaN
1	0.10500000000000001	572.4461504179803	452.6305679001511	66.60408543882599	970.1850484393707	1005.8711594460984	82.56897197658378	999.3693895919251	NaN
1	0.10500000000000001	572.908382722903	451.9151565432813	66.74357329776561	970.4265557060272	1006.4562944628182	82.59042850445579	999.9538323935959	NaN
1	0.10500000000000001	573.3706150278255	451.129590482976	66.89296494321786	970.6359331625487	1007.0256854059761	82.61311632759485	1000.5229526814073	NaN
1	0.10500000000000001	573.8328473327481	450.2758816220274	67.05203217983177	970.8131167262684	1007.5785177764063	82.63700544248353	1001.0759076316813	NaN
1	0.10500000000000001	574.2950796376706	449.35614394078675	67.22053836701525	970.9581000925714	1008.1140122257392	82.66204271438012	1001.6118832174733	NaN
1	0.10500000000000001	574.7573119425931	448.37258833397397	67.39823820579224	971.0709305733036	1008.6314256063293	82.68815601417379	1002.1301093260438	NaN
1	0.10500000000000001	575.2195442475157	447.3275173057292	67.58487751370821	971.1517064329661	1009.1300518073155	82.71526536873453	1002.6298693063762	NaN
1	0.10500000000000001	575.6817765524382	446.2233195512105	67.78019299314776	971.2005764266966	1009.6092224785974	82.74329548702141	1003.1105009659518	NaN
1	0.10500000000000001	576.1440088573607	445.06246444154453	67.9839120018379	971.2177411614757	1010.0683077471645	82.77218413510175	1003.5713900633293	NaN
1	0.10500000000000001	576.5584950967868	443.9754261213829	68.17350280443613	971.2063787279943	1010.4624057178761	82.79877919259694	1003.9674091350831	NaN
1	0.10500000000000001	576.9729813362129	442.84675792527685	68.36941373508992	971.1699478406985	1010.8394794786764	82.82599749176067	1004.3466950117512	NaN
1	0.10500000000000001	577.387467575639	441.67838364082456	68.57142828032909	971.1087053734539	1011.199156919487	82.85381102247736	1004.70887003057	NaN
1	0.10500000000000001	577.7574790185959	440.60343056740527	68.75674130876529	971.03331002943	1011.5052622295514	82.87911652077385	1005.0174350393085	NaN
1	0.10500000000000001	578.1274904615526	439.4998172876653	68.94657754285498	970.9386034089367	1011.7970012937882	82.90484202064401	1005.3118374462831	NaN
1	0.10500000000000001	578.4975019045094	438.36898300321997	69.14076966587277	970.8248347330232	1012.0741641313701	82.93095402639001	1005.5918540931895	NaN
1	0.10500000000000001	578.8675133474661	437.2123849687288	69.3391460757597	970.6922718394513	1012.3365582549311	82.95741519678108	1005.8572815528314	NaN
1	0.10500000000000001	579.1993682907192	436.15435261821847	69.5204803542581	970.557626416438	1012.5591868192714	82.98141257465613	1006.0827773582017	NaN
1	0.10500000000000001	579.5312232339725	435.07785380628974	69.70490913332583	970.4083105565511	1012.7696804648192	83.0056316520798	1006.2962743639819	NaN
1	0.10500000000000001	579.8630781772256	433.98396923659527	69.89229979555006	970.244553214471	1012.9679364008501	83.03004626476405	1006.4976694004569	NaN
1	0.10500000000000001	580.1949331204787	432.873786468289	70.08251691256736	970.0665943751633	1013.1538632288301	83.05463250083646	1006.6868717679959	NaN
1	0.10500000000000001	580.5267880637319	431.74839879800015	70.27542226151661	969.8746850556246	1013.3273809486719	83.0793687701409	1006.863802074837	NaN
1	0.10500000000000001	580.8586430069851	430.6089041376291	70.47087483791077	969.6690872568129	1013.4884209641923	83.10423532920522	1007.028391180366	NaN
1	0.10500000000000001	581.1904979502383	429.45640389671405	70.66873087347577	969.4500738060344	1013.6369260849875	83.12921342619589	1007.1805794778858	NaN
1	0.10500000000000001	581.4880379782215	428.41292430125486	70.84805125251768	969.2425329425243	1013.7593797623664	83.15168815454001	1007.306445810043	NaN
1	0.10500000000000001	581.7855780062048	427.3606734931125	71.02907853534526	969.0246462320623	1013.8716946353533	83.17422336872593	1007.4222729575388	NaN
1	0.10500000000000001	582.083118034188	426.300448169484	71.21170355628277	968.7966310356144	1013.97385281599	83.19680401688764	1007.5280376338654	NaN
1	0.10500000000000001	582.3806580621713	425.2330445882712	71.39581544000606	968.5587105836735	1014.0658437230928	83.21941396983654	1007.6237235038415	NaN
1	0.10500000000000001	582.6781980901546	424.15925795377245	71.58130163778692	968.3111136300788	1014.1476640433413	83.24203611196624	1007.7093216515335	NaN
1	0.10500000000000001	582.9757381181379	423.0798818052091	71.76804796267949	968.0540741280449	1014.2193176831362	83.2646526260331	1007.7848309624617	NaN
1	0.10500000000000001	583.2732781461211	421.99570741276506	71.95593862755621	967.7878309469429	1014.2808157124925	83.28724540490005	1007.8502583475764	NaN
1	0.10500000000000001	583.5708181741045	420.90752318278203	72.14485628699597	967.5126276387788	1014.3321763026175	83.30979650499965	1007.905618771049	NaN
1	0.10500000000000001	583.8683582020877	419.816114072958	72.33468208338623	967.2287122528493	1014.3734246588917	83.3322885553975	1007.9509350827672	NaN
1	0.10500000000000001	584.165898230071	418.72226101810963	72.52529569745857	966.9363371877607	1014.4045929507272	83.35470505164832	1007.9862376919509	NaN
1	0.10500000000000001	584.4634382580542	417.62674036690504	72.71657540343213	966.635759063535	1014.4257202392849	83.3770304909496	1008.0115641441266	NaN
1	0.10500000000000001	584.7609782860375	416.5303233298717	72.90839812890168	966.3272385938676	1014.4368524034294	83.39925033832193	1008.0269586757697	NaN
1	0.10500000000000001	585.0585183140208	415.4337754389383	73.10063951956427	966.011040439936	1014.4380420636787	83.42135084597211	1008.0324718181342	NaN
1	0.10500000000000001	585.3560583420041	414.3378560187634	73.29317400882879	965.6874330319101	1014.429348503412	83.44331877363359	1008.0281601058367	NaN
1	0.10500000000000001	585.6535983699873	413.2433176701364	73.4858748923044	965.3566883513189	1014.4108375862949	83.46514107227287	1008.0140859207397	NaN
1	0.10500000000000001	585.9511383979707	412.15090576579394	73.67861440712298	965.0190816751792	1014.3825816688226	83.48680459527775	1007.9903174729966	NaN
1	0.10500000000000001	586.2486784259539	411.0613579590545	73.87126381602046	964.6748912897981	1014.3446595070548	83.50829589082642	1007.9569288944436	NaN
1	0.10500000000000001	586.5462184539372	409.9754037057281	74.06369349608576	964.3243981871433	1014.2971561569672	83.52960110951491	1007.9140003996965	NaN
1	0.10500000000000001	586.8437584819204	408.89376379978484	74.255773032082	963.9678857588945	1014.2401628683043	83.55070603691686	1007.8616184604632	NaN
1	0.10500000000000001	587.1115211418144	407.92464943101584	74.42822186912537	963.6421425958589	1014.1808408377436	83.56951565854345	1007.8064737789076	NaN
1	0.10500000000000001	587.3792838017083	406.9601176388685	74.60018499405129	963.3119651712445	1014.1139871153061	83.58814084892816	1007.7438204080476	NaN
1	0.10500000000000001	587.6470464616023	406.00067400087465	74.77156611649463	962.9775638964134	1014.0396806095484	83.6065712217837	1007.6737346888519	NaN
1	0.10500000000000001	587.9148091214962	405.0468173410956	74.94226868299393	962.6391501140808	1013.9580039946763	83.62479667830335	1007.5962970741122	NaN
1	0.10500000000000001	588.1825717813902	404.0990394995935	75.11219594593744	962.2969359840462	1013.8690436352705	83.64280752153705	1007.5115919888163	NaN
1	0.10500000000000001	588.4503344412841	403.15782510897554	75.28125103349196	961.9511343786302	1013.7728895099771	83.66059452876114	1007.4197076526872	NaN
1	0.10500000000000001	588.718097101178	402.22365137892086	75.44933702135084	961.6019587827924	1013.6696351343907	83.6781489745332	1007.320735883471	NaN
1	0.10500000000000001	588.985859761072	401.2969878889318	75.61635700648235	961.2496231936942	1013.5593774832089	83.6954626051641	1007.2147719008834	NaN
1	0.10500000000000001	589.2536224209659	400.37829638936	75.78221418286854	960.8943420150898	1013.4422169115936	83.71252757268054	1007.1019141493075	NaN
1	0.10500000000000001	589.5213850808599	399.4680306107027	75.9468119191604	960.5363299432207	1013.3182570755678	83.72933634192181	1006.982264152906	NaN
1	0.10500000000000001	589.7891477407538	398.5666360811537	76.11005383814614	960.1758018426078	1013.1876048512115	83.74588158749037	1006.8559264106319	NaN
1	0.10500000000000001	590.0569104006478	397.6745499523933	76.27184389791158	959.8129726119828	1013.0503702524064	83.76215609757521	1006.723008331752	NaN
1	0.10500000000000001	590.3246730605417	396.792200833611	76.43208647455981	959.4480570422961	1012.9066663469174	83.77815269934293	1006.5836202060649	NaN
1	0.10500000000000001	590.5924357204357	395.9200086337591	76.5906864463487	959.0812696700198	1012.7566091706788	83.79386421619532	1006.4378751979158	NaN
1	0.10500000000000001	590.8601983803296	395.05838441203605	76.74754927910038	958.7128246296746	1012.6003176402554	83.80928346154239	1006.285889350089	NaN
1	0.10500000000000001	591.1279610402236	394.2077302365977	76.90258111273488	958.3429355095842	1012.4379134635603	83.82440326779344	1006.1277815829953	NaN
1	0.10500000000000001	591.3957237001175	393.3684390514795	77.05568884877967	957.9718152143205	1012.2695210490175	83.83921654395651	1005.9636736761905	NaN
1	0.10500000000000001	591.6634863600115	392.5408945516998	77.2067802387083	957.5996758362901	1012.0952674134304	83.85371635131987	1005.7936902227559	NaN
1	0.10500000000000001	591.9312490199054	391.7254710664872	77.35576397296175	957.226728537613	1011.9152820888653	83.86789598466714	1005.6179585517741	NaN
1	0.10500000000000001	592.1990116797994	390.9225334505537	77.50254977050625	956.8531834420619	1011.7296970288601	83.88174904652084	1005.4366086192217	NaN
1	0.10500000000000001	592.4667743396933	390.13243698330797	77.64704846877882	956.4792495356062	1011.5386465142377	83.89526950385809	1005.2497728722901	NaN
1	0.10500000000000001	592.7345369995872	389.35552727587805	77.78917211386883	956.1051345731929	1011.342267058742	83.90845172016213	1005.0575860957317	NaN
1	0.10500000000000001	593.0022996594812	388.59214018579445	77.92883405077735	955.7310449889252	1011.1406973146344	83.92129045993458	1004.8601852508539	NaN
1	0.10500000000000001	593.2700623193751	387.8426017391697	78.0659490135901	955.3571858068028	1010.9340779783082	83.93378086718246	1004.6577093180478	NaN
1	0.10500000000000001	593.5378249792691	387.10722806020027	78.20043321539092	954.98376054963	1010.7225516958985	83.94591842323288	1004.4502991523349	NaN
1	0.10500000000000001	593.805587639163	386.3863253078137	78.33220443773617	954.610971144484	1010.5062629688135	83.95769889197108	1004.2380973586677	NaN
1	0.10500000000000001	594.073350299057	385.68018961928533	78.46118211950336	954.2390178241102	1010.2853580590843	83.96911826190158	1004.0212481901635	NaN
1	0.10500000000000001	594.3411129589509	384.989107060652	78.58728744492221	953.8680990246264	1010.0599848944245	83.98017269420869	1003.7998974686731	NaN
1	0.10500000000000001	594.6088756188449	384.3133535837537	78.71044343059386	953.4984112807934	1009.8302929729238	83.99085848438075	1003.5741925236824	NaN
1	0.10500000000000001	594.8766382787388	383.65319498974134	78.83057501130322	953.1301491207489	1009.5964332673423	84.00117204231664	1003.3442821430201	NaN
1	0.10500000000000001	595.1444009386328	383.0088868988869	78.94760912443112	952.7635049623913	1009.3585581290304	84.01110989262214	1003.1103165274976	NaN
1	0.10500000000000001	595.4121635985267	382.38067472653427	79.06147479277678	952.3986690135551	1009.1168211915605	84.02066869357273	1002.8724472415871	NaN
1	0.10500000000000001	595.6799262584207	381.7687936650245	79.17210320560606	952.0358291777405	1008.8713772742104	84.02984527045145	1002.6308271534258	NaN
1	0.10500000000000001	595.9476889183146	381.17346867142095	79.2794277977467	951.6751709665486	1008.6223822854724	84.03863665706012	1002.3856103595784	NaN
1	0.10500000000000001	596.2154515782086	380.594914460853	79.38338432655826	951.3168774192276	1008.3699931267819	84.04704013838246	1002.1369520926794	NaN
1	0.10500000000000001	596.4832142381025	380.0333355052843	79.48391094660934	950.9611290289915	1008.1143675966536	84.05505328768297	1001.8850086128672	NaN
1	0.10500000000000001	596.7509768979965	379.48892603750755	79.58094828190113	950.6081036751216	1007.8556642953894	84.06267399264652	1001.6299370863879	NaN
1	0.10500000000000001	597.0187395578904	378.961870060153	79.67443949547902	950.257976559425	1007.5940425304858	84.06990046720321	1001.3718954565119	NaN
1	0.10500000000000001	597.2865022177843	378.4523413595007	79.764330356279	949.9109201454236	1007.3296622228188	84.07673124809374	1001.1110423127809	NaN
1	0.10500000000000001	597.5542648776783	377.9605035238796	79.8505693030584	949.5671040987185	1007.0626838136399	84.08316517761197	1000.8475367644974	NaN
1	0.10500000000000001	597.8220275375722	377.48650996644244	79.93310750526292	949.2266952272743	1006.7932681723767	84.08920137594878	1000.5815383233667	NaN
1	0.10500000000000001	598.0897901974662	377.03050395210784	80.01189892068682	948.8898574208347	1006.5215765052023	84.0948392078833	1000.3132067985491	NaN
1	0.10500000000000001	598.3586793518795	376.5908148722329	80.08720782187547	948.5553582990631	1006.2466141053181	84.10009944725019	1000.0415598109442	NaN
1	0.10500000000000001	598.6295212954569	376.1665318513868	80.15915862182369	948.222396429931	1005.9676649649651	84.10499109568536	999.7658890249609	NaN
1	0.10500000000000001	598.9031608605252	375.7569417982261	80.22783327221822	947.8902008290738	1005.6839764631061	84.10951857553381	999.485448880458	NaN
1	0.10500000000000001	599.1803800770841	375.3616569310857	80.29324932514675	947.5581350647573	1005.3948485999304	84.11368032067251	999.199544832943	NaN
1	0.10500000000000001	599.4619718403031	374.98050417764307	80.35537823767194	947.2256118771179	1005.0995631970203	84.11747007433094	998.9074634238493	NaN
1	0.10500000000000001	599.7487508188636	374.61352533111346	80.41414442084634	946.8920879969467	1004.7973769474626	84.12087679866976	998.6084653990829	NaN
1	0.10500000000000001	600.0415917376001	374.2609516872174	80.46942791562881	946.5570298831018	1004.4874855947114	84.12388472567825	998.3017502226666	NaN
1	0.10500000000000001	600.3414626686533	373.9232039041439	80.52106206966275	946.2198906825588	1004.1689932511225	84.12647297278026	997.9864255969819	NaN
1	0.10500000000000001	600.6494822427632	373.6008870792565	80.56883063734035	945.8800671427068	1003.8408568046535	84.12861492770936	997.6614522260696	NaN
1	0.10500000000000001	600.9669572628258	373.29483731694324	80.61245525885462	945.5368880241298	1003.5018523067705	84.13027688499596	997.3256102198546	NaN
1	0.10500000000000001	601.2954795835069	373.00614615224606	80.65158365994013	945.1895504243431	1003.1504804349166	84.1314163121398	996.9774049993395	NaN
1	0.10500000000000001	601.6370325499787	372.73624119251406	80.68576525388188	944.8370675663914	1002.7848653462788	84.13197887574071	996.6149663980948	NaN
1	0.10500000000000001	601.9941419201542	372.4870163575159	80.71441322524142	944.4782003186112	1002.402612494347	84.13189389349058	996.2359067599632	NaN
1	0.10500000000000001	602.3700227451135	372.26108328086207	80.73674129423341	944.1114355784459	1002.0006819058456	84.13106751437412	995.8371939291121	NaN
1	0.10500000000000001	602.768468028702	372.06227817819325	80.75166441362992	943.7352584076257	1001.5755546033148	84.12937464381596	995.4153146882333	NaN
1	0.10500000000000001	603.1923086252884	371.89664574799804	80.75769801240749	943.3497126300051	1001.1249354423218	84.12666189722943	994.9679638250475	NaN
1	0.10500000000000001	603.6380806838903	371.77323144300664	80.75316377297797	942.9608741672278	1000.6534245367396	84.12280802329781	994.4996794493196	NaN
1	0.10500000000000001	604.0939911231472	371.7005777813483	80.7370846625863	942.5812820229756	1000.174462133428	84.11782138331948	994.0237902333506	NaN
1	0.10500000000000001	604.5519591938886	371.68175639148546	80.70940944472112	942.2188070879967	999.697388592471	84.11176629092644	993.5495702468619	NaN
1	0.10500000000000001	605.0099272646298	371.7167628981601	80.67033658407901	941.8755903520264	999.2250882434739	84.10468257704377	993.0798873302248	NaN
1	0.10500000000000001	605.4678953353712	371.8050699805227	80.62004281008203	941.5519850229693	998.7582610891906	84.09659145106309	992.6154399316569	NaN
1	0.10500000000000001	605.9258634061124	371.9460791217375	80.55872877421827	941.2483114244031	998.2975916204997	84.08751562807375	992.1569113824748	NaN
1	0.10500000000000001	606.3838314768537	372.1391219480668	80.48661819897288	940.9648569592449	997.8437479641741	84.0774792266247	991.7049688942153	NaN
1	0.10500000000000001	606.841799547595	372.38346160397487	80.40395694823704	940.7018760935653	997.3973810676221	84.06650759446596	991.2602626536977	NaN
1	0.10500000000000001	607.2997676183363	372.67829416459074	80.3110120255557	940.4595903527822	996.9591239196624	84.05462712306998	990.8234250452816	NaN
1	0.10500000000000001	607.7581775199419	373.0231060703468	80.2079664625786	940.2379848697888	996.5291808140448	84.04185238014426	990.3946610146915	NaN
1	0.10500000000000001	608.2209480736674	373.42067587814404	80.09409375194296	940.0356536929085	996.1046208361291	84.02808895000653	989.9710458984474	NaN
1	0.10500000000000001	608.6908163782647	373.87415044838826	79.96869491084291	939.8523291690889	995.683894780282	84.01325368859565	989.5510273645964	NaN
1	0.10500000000000001	609.1713898764503	374.38868445056266	79.83062749518263	939.687973022195	995.2649862297011	83.99721680990442	989.132581012386	NaN
1	0.10500000000000001	609.6649341659447	374.9691501331942	79.67893590303953	939.5436094359975	994.8474135653655	83.97987531396195	988.7152095161115	NaN
1	0.10500000000000001	610.1700442376242	375.6162934509978	79.5137856647383	939.4215208000111	994.4339773156481	83.96125406382593	988.3016944922044	NaN
1	0.10500000000000001	610.6775382464473	376.3188926321168	79.33828332999913	939.3249768255381	994.0334218441839	83.94169925848514	987.9007726686677	NaN
1	0.10500000000000001	611.1850322552704	377.07224846423594	79.15372521238749	939.2545494730268	993.6483555582336	83.92134245438397	987.5150552919349	NaN
1	0.10500000000000001	611.6925262640935	377.8745121504851	78.9606659116198	939.2101257707627	993.2793661969853	83.90023025862153	987.1451335812131	NaN
1	0.10500000000000001	612.2000202729166	378.7237603081048	78.75967217806483	939.1915461336938	992.9270053229914	83.87841000357841	986.7915629898986	NaN
1	0.10500000000000001	612.7075142817397	379.61799831735584	78.55132070612954	939.1986049812932	992.5917877063081	83.85592967809997	986.4548626876473	NaN
1	0.10500000000000001	613.2150082905628	380.5551637924346	78.33619596078121	939.2310514261808	992.2741907730137	83.83283792031828	986.1355150689732	NaN
1	0.10500000000000001	613.722502299386	381.53313017486937	78.1148880475339	939.2885900406133	991.9746541188284	83.80918402392267	985.8339652588379	NaN
1	0.10500000000000001	614.173158758508	382.4340066873684	77.91366173509961	939.3604460189235	991.7241287826895	83.78774832517755	985.5814370605295	NaN
1	0.10500000000000001	614.62381521763	383.36376393398575	77.7084445580139	939.4515558181008	991.4884174289882	83.76594402588367	985.3435251031615	NaN
1	0.10500000000000001	615.074471676752	384.3207999451448	77.49965326444476	939.5616275620048	991.2677514181242	83.74380670305216	985.1204654440156	NaN
1	0.10500000000000001	615.4765406631009	385.19635094204364	77.31069415444792	939.6755797729473	991.0837451395549	83.72380410171469	984.934164617097	NaN
1	0.10500000000000001	615.8786096494499	386.0911375640369	77.1195145864498	939.804131057352	990.9120106828046	83.70359032865092	984.7599894495404	NaN
1	0.10500000000000001	616.280678635799	387.00396434468513	76.92640643141358	939.947023727552	990.7526632157932	83.6831908667066	984.5980588604015	NaN
1	0.10500000000000001	616.682747622148	387.93362044671903	76.73165914535521	940.1039849689787	990.6058023883782	83.66263120285672	984.4484764074157	NaN
1	0.10500000000000001	617.084816608497	388.8788810674899	76.53555930242571	940.2747272078512	990.4715123255628	83.64193681511556	984.3113302896572	NaN
1	0.10500000000000001	617.4458007009064	389.7398276718914	76.35857854060124	940.4395148433695	990.3617109062438	83.62326323107183	984.1988536172832	NaN
1	0.10500000000000001	617.8067847933157	390.6114522437961	76.18093826388973	940.6149396426487	990.2621369744339	83.6045199781038	984.0965026649587	NaN
1	0.10500000000000001	618.1677688857251	391.49284526516135	76.00283820156649	940.8007646386865	990.1728195015472	83.5857254324121	984.0043096724319	NaN
1	0.10500000000000001	618.5287529781344	392.3830916997837	75.82447515985012	940.9967442803448	990.0937774486371	83.56689792580949	983.9222969492639	NaN
1	0.10500000000000001	618.8897370705439	393.2812718744719	75.64604282110047	941.2026246902819	990.0250198065544	83.54805572658172	983.8504769043515	NaN
1	0.10500000000000001	619.2507211629533	394.18646236245496	75.46773155005006	941.4181439293023	989.9665456444055	83.52921701765456	983.7888520866127	NaN
1	0.10500000000000001	619.6117052553626	395.0977368738276	75.28972821276876	941.6430322667115	989.9183441662475	83.51039987417808	983.737415237739	NaN
1	0.10500000000000001	619.972689347772	396.01416715311484	75.11221600932832	941.8770124566204	989.8803947759469	83.49162224260846	983.6961493567461	NaN
1	0.10500000000000001	620.3336734401813	396.93482388310264	74.93537432019785	942.1198000203945	989.8526671501413	83.47290192277849	983.6650277750755	NaN
1	0.10500000000000001	620.6946575325907	397.85877759387967	74.75937856618636	942.3711035355641	989.8351213192483	83.45425655351116	983.644014240432	NaN
1	0.10500000000000001	621.055641625	398.78509957596117	74.5844000816753	942.6306249314813	989.8277077564827	83.43570360133575	983.63306300752	NaN
1	0.10500000000000001	621.4166257174095	399.71286279632824	74.41060600083881	942.8980597918571	989.8303674748531	83.41726035109133	983.6321189342981	NaN
1	0.10500000000000001	621.7776098098188	400.641142816182	74.23815915651348	943.173097664076	989.8430321321109	83.39894389683234	983.6411175831565	NaN
1	0.10500000000000001	622.1385939022282	401.5690187091817	74.06721799134696	943.4554223749413	989.8656241436136	83.38077113155074	983.65998532727	NaN
1	0.10500000000000001	622.4995779946375	402.495573978914	73.89793648082649	943.7447123523141	989.8980568030544	83.36275873473039	983.6886394630582	NaN
1	0.10500000000000001	622.8605620870469	403.4198974743188	73.7304640677616	944.0406409520045	989.9402344109844	83.34492315746523	983.7269883300362	NaN
1	0.10500000000000001	623.2215461794563	404.341084301786	73.5649456077733	944.3428767892989	989.9920524110377	83.32728060560667	983.7749314392755	NaN
1	0.10500000000000001	623.5825302718656	405.2582367326265	73.40152132532263	944.6510840745937	990.0533975337441	83.30984702193655	983.8323596112868	NaN
1	0.10500000000000001	623.943514364275	406.17046510461915	73.2403267797948	944.9649229527736	990.1241479478124	83.29263806857973	983.8991551235288	NaN
1	0.10500000000000001	624.3044984566843	407.0768887163365	73.08149284114347	945.2840498461157	990.2041734187472	83.27566911074307	983.9751918671021	NaN
1	0.10500000000000001	624.6654825490938	407.97663671295606	72.92514567459004	945.608117800615	990.2933354746741	83.25895520245376	984.0603355117088	NaN
1	0.10500000000000001	625.0264666415031	408.86884896227434	72.77140673386756	945.9367768356595	990.39148757924	83.24251107442731	984.154443677731	NaN
1	0.10500000000000001	625.3874507339125	409.75267691965036	72.6203927624959	946.2696742969429	990.4984753114626	83.22635112366423	984.2573661143682	NaN
1	0.10500000000000001	625.7484348263218	410.6272844806198	72.47221580257488	946.6064552123889	990.6141365523985	83.21048940401575	984.3689448830888	NaN
1	0.10500000000000001	626.1094189187312	411.49184881993745	72.32698321058432	946.9467626507335	990.7383016784942	83.19493961683933	984.4890145461121	NaN
1	0.10500000000000001	626.4704030111405	412.34556121582614	72.18479767968434	947.2902380822754	990.8707937614732	83.17971510100539	984.6174023600812	NaN
1	0.10500000000000001	626.8313871035499	413.1876278582313	72.04575726801527	947.6365217412182	991.0114287745981	83.1648288218436	984.7539284754087	NaN
1	0.10500000000000001	627.1923711959594	414.0172706399078	71.9099554325042	947.9852529889943	991.1600158051284	83.15029335903328	984.8984061418837	NaN
1	0.10500000000000001	627.5533552883687	414.83372792919545	71.77748106769465	948.3360706779894	991.3163572727808	83.13612089381786	985.0506419210255	NaN
1	0.10500000000000001	627.9143393807781	415.63625532337016	71.64841854912669	948.6886135151568	991.4802491539841	83.1223231961671	985.2104359053848	NaN
1	0.10500000000000001	628.2753234731874	416.4241263814961	71.522847780807	949.0425204251023	991.6514812117109	83.10891161256124	985.377581944638	NaN
1	0.10500000000000001	628.6363075655968	417.1966333357397	71.40084424632273	949.3974309123042	991.8298372306616	83.09589705494238	985.5518678779806	NaN
1	0.10500000000000001	628.9972916580061	417.9530877801472	71.28247906316739	949.7529854221841	992.0150952575748	83.08328999111535	985.7330757720974	NaN
1	0.10500000000000001	629.3582757504155	418.69282133592685	71.16781903986397	950.1088257007541	992.2070278464321	83.07110043656915	985.9209821639206	NaN
1	0.10500000000000001	629.7192598428248	419.4151862923228	71.05692673548745	950.4645951525321	992.4054023083282	83.05933794742491	986.1153583074756	NaN
1	0.10500000000000001	630.0802439352342	420.11955622220495	70.94986052120633	950.8199391963599	992.6099809657674	83.04801161405439	986.3159704243257	NaN
1	0.10500000000000001	630.4412280276435	420.80532657154936	70.8466746434816	951.174505618683	992.8205214111433	83.03713005490073	986.5225799573801	NaN
1	0.10500000000000001	630.8022121200529	421.4719152220252	70.74741928858022	951.5279449238	993.0367767691531	83.02670141014755	986.7349438280622	NaN
1	0.10500000000000001	631.1631962124623	422.1187630259519	70.6521406480778	951.8799106805468	993.2584959628788	83.01673333508825	986.9528146969678	NaN
1	0.10500000000000001	631.5241803048716	422.7453343129386	70.56088098504542	952.2300598648922	993.4854239832687	83.00723299327626	987.1759412281642	NaN
1	0.10500000000000001	631.885164397281	423.35111736756505	70.47367870063302	952.5780531979468	993.717302161732	82.99820704972252	987.4040683571843	NaN
1	0.10500000000000001	632.2461484896903	423.93562487751564	70.39056840078182	952.9235554789448	993.9538684455603	82.98966166450762	987.6369375625912	NaN
1	0.10500000000000001	632.6071325820997	424.4983943516253	70.31158096281536	953.2662359128124	994.1948576758783	82.98160248716722	987.8742871407908	NaN
1	0.10500000000000001	632.968116674509	425.0389885073503	70.23674360167988	953.6057684319914	994.4400018678296	82.97403465210849	988.1158524835977	NaN
1	0.10500000000000001	633.3291007669184	425.5569956272255	70.16607993562113	953.9418320122135	994.6890304926957	82.96696277515619	988.3613663579613	NaN
1	0.10500000000000001	633.6900848593277	426.0520298839216	70.09961005110496	954.2741109819262	994.9416707616509	82.96039095115552	988.6105591872554	NaN
1	0.10500000000000001	634.0510689517371	426.5237316335673	70.03735056680671	954.6022953250584	995.1976479108512	82.95432275243041	988.8631593336081	NaN
1	0.10500000000000001	634.4120530441464	426.97176767705025	69.9793146965119	954.9260809767856	995.456685487557	82.94876122783359	989.1188933808808	NaN
1	0.10500000000000001	634.7730371365558	427.39583148906195	69.92551231078934	955.245170111926	995.7185056369864	82.94370890213962	989.3774864180454	NaN
1	0.10500000000000001	635.1340212289651	427.79564341470206	69.8759499973134	955.5592714255798	995.9828293895882	82.9391677756182	989.638662322823	NaN
1	0.10500000000000001	635.4967188584301	428.1726735556984	69.83042611890522	955.8695533523305	996.2506470659941	82.9351214255841	989.903399809839	NaN
1	0.10500000000000001	635.8628613347014	428.52796089907804	69.78881508843774	956.1770974050182	996.522996160109	82.93156257220247	990.172726162837	NaN
1	0.10500000000000001	636.2339676943191	428.861890933262	69.75109170899199	956.4826945701578	996.800776288355	82.92849512333278	990.4475341666288	NaN
1	0.10500000000000001	636.6115108909099	429.1743836953591	69.71730624745886	956.7869808674578	997.0848575460969	82.92593183960466	990.7286890820214	NaN
1	0.10500000000000001	636.9969080920506	429.4648839504518	69.68758430985301	957.090419123182	997.3760602690194	82.92389427668866	991.0170085704718	NaN
1	0.10500000000000001	637.3915617847018	429.7323876183637	69.66212323673497	957.3933198829374	997.6751728430525	82.92241249695284	991.3132802975226	NaN
1	0.10500000000000001	637.7968663357113	429.9754295718785	69.64119332740243	957.6958312141842	997.9829430057616	82.92152520979974	991.6182533379983	NaN
1	0.10500000000000001	638.2141689713752	430.19204600452804	69.62514115494001	957.9978940055273	998.3000332242201	82.92127995994186	991.9325939727706	NaN
1	0.10500000000000001	638.6447055587389	430.3797466970012	69.61439017962645	958.2991844870058	998.6269555473217	82.92173286050736	992.256821044067	NaN
1	0.10500000000000001	639.0894775168712	430.53550534825337	69.60943591725695	958.5990278084172	998.9639615401405	82.92294739722156	992.5911965905344	NaN
1	0.10500000000000001	639.549067719327	430.6558094298049	69.6108290875547	958.8962955932144	999.3108887418941	82.92499149844676	992.9355730315845	NaN
1	0.10500000000000001	640.0234459941299	430.73682338647785	69.61914070695478	959.189335988967	999.6670073670067	82.92793235809354	993.289240146334	NaN
1	0.10500000000000001	640.5118671847649	430.77468467571344	69.63491097550713	959.4760050346225	1000.0309506069614	82.93182968329282	993.6508546279834	NaN
1	0.10500000000000001	641.0129690465438	430.7658683806269	69.65859713763844	959.7538428891037	1000.4008100363876	82.93672967731251	994.0185334811102	NaN
1	0.10500000000000001	641.5250585949705	430.70748107950334	69.69054167077759	960.0203429501072	1000.7743799249434	82.94266231487245	994.3900957089519	NaN
1	0.10500000000000001	642.04644176077	430.59737898398845	69.73097037232014	960.2731927840803	1001.1494302936446	82.94964246450216	994.7633332634641	NaN
1	0.10500000000000001	642.5756568145816	430.4341183188649	69.78001230904053	960.5104047853621	1001.5238975626046	82.95767328769973	995.1362007406973	NaN
1	0.10500000000000001	643.1115417080083	430.21683201602775	69.83772344064826	960.7303253684098	1001.8959427127146	82.96674941173207	995.5068736740079	NaN
1	0.10500000000000001	643.6531391899306	429.9451467532829	69.90409624337427	960.9315646741851	1002.263889421963	82.97685776890849	995.8736873619284	NaN
1	0.10500000000000001	644.1995267478135	429.61919708302855	69.97905052748273	961.112919064171	1002.62611608579	82.9879759139147	996.2350294737752	NaN
1	0.10500000000000001	644.7495370791528	429.23981122996696	70.06239253481999	961.2733008926422	1002.9808925919821	83.00006621114122	996.5891770644238	NaN
1	0.10500000000000001	645.3014772700212	428.8088429320906	70.15375128328051	961.4117342599404	1003.3262487906374	83.01306750403232	996.9341645192723	NaN
1	0.10500000000000001	645.8534174608897	428.32911338759715	70.25260054857486	961.5275261784346	1003.6602213569465	83.0268993762731	997.2680291650328	NaN
1	0.10500000000000001	646.4053576517581	427.80230385299524	70.35868099522203	961.6206411876316	1003.9821437041496	83.04152063071712	997.5901017718168	NaN
1	0.10500000000000001	646.9572978426265	427.23019155069505	70.47172178953947	961.691098849372	1004.2913846088798	83.05688855230203	997.8997478623162	NaN
1	0.10500000000000001	647.509238033495	426.6146439575027	70.59144084328408	961.7389731157789	1004.5873493972142	83.07295903070164	998.1963689143493	NaN
1	0.10500000000000001	648.0611782243634	425.9576129202997	70.71754507235161	961.7643915608527	1004.8694810275049	83.08968668527037	998.4794034608865	NaN
1	0.10500000000000001	648.6131184152318	425.2611286187956	70.84973067315748	961.7675344792201	1005.1372610679405	83.10702499156199	998.7483280859988	NaN
1	0.10500000000000001	649.1650586061003	424.5272933960419	70.98768341980858	961.7486338559188	1005.3902105671098	83.12492640923402	999.0026583155428	NaN
1	0.10500000000000001	649.7169987969687	423.7582754776222	71.13107898514347	961.7079722115717	1005.6278908161643	83.14334251149458	999.2419494013908	NaN
1	0.10500000000000001	650.2689389878371	422.9563026005412	71.2795832886211	961.645881327781	1005.8499040015091	83.16222411619671	999.4657969978722	NaN
1	0.10500000000000001	650.8208791787056	422.1236555728545	71.43285287390799	961.5627408579811	1006.0558937472941	83.1815214183488	999.6738377291407	NaN
1	0.10500000000000001	651.372819369574	421.2626617850098	71.59053531885212	961.4589768292857	1006.2455455473211	83.20118412342188	999.8657496465325	NaN
1	0.10500000000000001	651.9247595604425	420.3756886937169	71.75226968033965	961.335060041074	1006.4185870863232	83.2211615806258	1000.0412525756018	NaN
1	0.10500000000000001	652.4766997513109	419.46513729891325	71.91768697630519	961.1915043662412	1006.5747884509004	83.24140291541073	1000.2001083531864	NaN
1	0.10500000000000001	653.0286399421793	418.53343563406617	72.08641070690919	961.0288649612285	1006.7139622307225	83.2618571607294	1000.3421209553626	NaN
1	0.10500000000000001	653.520571771054	417.68719360660083	72.23926581219939	960.8683059766898	1006.8235347312394	83.28022564206582	1000.4543717963932	NaN
1	0.10500000000000001	654.0125035999288	416.82783851815077	72.39416714950188	960.6935052519327	1006.9193910235288	83.29868684236794	1000.5530392703181	NaN
1	0.10500000000000001	654.5044354288035	415.957119056099	72.55083533589074	960.504931395054	1007.0014835127777	83.31720498514129	1000.6380690604657	NaN
1	0.10500000000000001	654.9963672576782	415.0767856909758	72.7089877018226	960.3030743455765	1007.0697910550521	83.33574454016029	1000.7094331393268	NaN
1	0.10500000000000001	655.488299086553	414.1885872192408	72.86833872155745	960.0884441752069	1007.124318732391	83.35427029264179	1000.7671295599115	NaN
1	0.10500000000000001	655.9802309154277	413.2942673442253	73.0286004448215	959.8615698624808	1007.1650975775781	83.37274741095119	1000.8111821966497	NaN
1	0.10500000000000001	656.4721627443024	412.3955613213022	73.18948294843669	959.6229980442282	1007.1921842497601	83.39114151260779	1000.8416404370086	NaN
1	0.10500000000000001	656.9137754332546	411.58646514146494	73.33419801405576	959.3993284565377	1007.2049041585182	83.40755551150471	1000.8574642649297	NaN
1	0.10500000000000001	657.3553881222069	410.77646012232776	73.47896696436702	959.1671032957066	1007.2067317595431	83.42385119648522	1000.8624632565858	NaN
1	0.10500000000000001	657.7970008111591	409.9667715041217	73.62357791822215	958.926749350897	1007.1977592385336	83.44000486663437	1000.8567241662744	NaN
1	0.10500000000000001	658.2386135001115	409.15861122406557	73.76781893925028	958.6787017011922	1007.178094350344	83.455993264039	1000.8403492829697	NaN
1	0.10500000000000001	658.6802261890637	408.35317620275805	73.91147836434602	958.4234029484418	1007.1478601049099	83.47179360676505	1000.8134561253676	NaN
1	0.10500000000000001	659.121838878016	407.55164667455404	74.05434513311175	958.1613024474691	1007.1071944318784	83.48738362067805	1000.7761771155014	NaN
1	0.10500000000000001	659.5634515669682	406.75518457112884	74.19620912469273	957.8928555349901	1007.0562498247742	83.50274157003739	1000.7286592317168	NaN
1	0.10500000000000001	660.0050642559205	405.96493196099175	74.33686150210974	957.6185227586468	1006.9951929655587	83.5178462867912	1000.6710636418419	NaN
1	0.10500000000000001	660.4466769448727	405.1820095467478	74.47609506335081	957.3387691075332	1006.9242043304645	83.532677198507	1000.6035653174375	NaN
1	0.10500000000000001	660.888289633825	404.4075152216211	74.61370459831315	957.0540632455579	1006.8434777780164	83.54721435489544	1000.5263526300446	NaN
1	0.10500000000000001	661.3299023227772	403.6425226865462	74.74948725060392	956.7648767489592	1006.7532201201633	83.56143845289883	1000.4396269303722	NaN
1	0.10500000000000001	661.7715150117295	402.8880801289402	74.88324288313676	956.4716833492457	1006.6536506774702	83.57533086033763	1000.343602111381	NaN
1	0.10500000000000001	662.2131277006818	402.1452089640756	75.01477444639747	956.1749581828091	1006.5450008193343	83.58887363811247	1000.2385041562145	NaN
1	0.10500000000000001	662.6547403896341	401.4149026397905	75.14388834819313	955.8751770484088	1006.4275134902007	83.60204956095649	1000.1245706719419	NaN
1	0.10500000000000001	663.0963530785863	400.6981255050837	75.27039482364633	955.5728156736909	1006.3014427227665	83.61484213672728	1000.0020504100697	NaN
1	0.10500000000000001	663.5379657675386	399.99581174296935	75.39410830414816	955.2683489918512	1006.1670531391735	83.62723562421785	999.8712027747998	NaN
1	0.10500000000000001	663.9795784564908	399.3088643677897	75.51484778394594	954.9622504295065	1006.0246194411883	83.63921504946207	999.732297320023	NaN
1	0.10500000000000001	664.4211911454431	398.6381542870209	75.63243718300653	954.6549912067807	1005.8744258903812	83.65076622051545	999.5856132360489	NaN
1	0.10500000000000001	664.8628038343953	397.9845194274473	75.74670570477448	954.3470396505596	1005.7167657793103	83.66187574069906	999.4314388270882	NaN
1	0.10500000000000001	665.3044165233476	397.3487639254323	75.85748818742537	954.0388605218161	1005.5519408947176	83.67253102030719	999.2700709805072	NaN
1	0.10500000000000001	665.7460292122998	396.731657380869	75.96462544720913	953.7309143578499	1005.3802609737405	83.68272028679432	999.1018146288636	NaN
1	0.10500000000000001	666.1876419012522	396.1339341742674	76.0679646124777	953.4236568302391	1005.2020431541351	83.69243259346125	998.9269822057282	NaN
1	0.10500000000000001	666.6292545902044	395.55629284630925	76.16735944700267	953.1175381192438	1005.017611419498	83.7016578266658	998.7458930962739	NaN
1	0.10500000000000001	667.0708672791567	394.9993955390943	76.2626706612072	952.81300230535	1004.8272960404692	83.71038671157977	998.5588730836049	NaN
1	0.10500000000000001	667.5124799681089	394.4638674981975	76.35376620996549	952.5104867785893	1004.6314330128764	83.71861081651153	998.3662537917802	NaN
1	0.10500000000000001	667.9540926570612	393.95029663457245	76.44052157566068	952.2104216662127	1004.4303634937787	83.7263225558085	998.1683721264761	NaN
1	0.10500000000000001	668.3957053460134	393.4592331452525	76.52282003523852	951.9132292792428	1004.2244332363388	83.73351519135727	997.9655697142231	NaN
1	0.10500000000000001	668.8373180349657	392.99118919173765	76.60055291004983	951.6193235783742	1004.0139920244463	83.74018283269966	997.7581923411389	NaN
1	0.10500000000000001	669.2789307239179	392.5466386348977	76.67361979733863	951.3291096596413	1003.7993931079891	83.74632043579155	997.5465893920657	NaN
1	0.10500000000000001	669.7205434128703	392.1260168251758	76.7419287823052	951.0429832602204	1003.5809926396478	83.75192380043914	997.3311132909992	NaN
1	0.10500000000000001	670.1621561018225	391.7297204468422	76.80539662975184	950.7613302846852	1003.3591491140721	83.75698956645114	997.1121189436714	NaN
1	0.10500000000000001	670.6037687907748	391.358107415024	76.86394895440827	950.484526351994	1003.1342228102673	83.76151520855059	996.8899631831232	NaN
1	0.10500000000000001	671.0494563932918	391.00841585007913	76.9179913168538	950.2104556977629	1002.9044631131698	83.76553326398181	996.662916511515	NaN
1	0.10500000000000001	671.5017110552201	390.6798988365343	76.96758472626887	949.9381487048543	1002.668867153062	83.76904548510056	996.4299849186954	NaN
1	0.10500000000000001	671.963556469346	390.37205132771965	77.01272502865065	949.6664785056555	1002.4261296946299	83.77204474102712	996.1898728596218	NaN
1	0.10500000000000001	672.4379103029285	390.0851759801432	77.05325304186967	949.3945880481534	1002.1749931493582	83.77450823180841	995.9413290085971	NaN
1	0.10500000000000001	672.9278176384094	389.8202800387144	77.0888677417684	949.1217877635455	1001.9141513365898	83.77639830372667	995.6830509921349	NaN
1	0.10500000000000001	673.4359827599839	389.5793783838719	77.11908351231381	948.8478528529503	1001.6425284300728	83.77766004230988	995.4139615217996	NaN
1	0.10500000000000001	673.963848795298	389.36577436290816	77.14320793836093	948.573501990603	1001.3598081004876	83.7782226431665	995.1337333416951	NaN
1	0.10500000000000001	674.5099604683404	389.1841326539406	77.16038571266151	948.3011009964932	1001.0673424751548	83.77801003064297	994.8436925719622	NaN
1	0.10500000000000001	675.0694462027188	389.03950858503254	77.1698096915408	948.0345871967248	1000.7684264353564	83.7769641236109	994.5470951748546	NaN
1	0.10500000000000001	675.6364994750957	388.9356247874876	77.17097585110933	947.7779314278959	1000.4669154707269	83.77506129114322	994.2477596268594	NaN
1	0.10500000000000001	676.206758974584	388.87427375333283	77.16371803817607	947.5339633756589	1000.1658922371658	83.77230669270271	993.9487436216095	NaN
1	0.10500000000000001	676.7774936133393	388.85583799201424	77.14809735804151	947.304424500709	999.8675357687649	83.768722008842	993.6522120168635	NaN
1	0.10500000000000001	677.3482282520947	388.8799588658978	77.12424870818109	947.0899209413128	999.5728005256681	83.7643276647636	993.3591151629378	NaN
1	0.10500000000000001	677.91896289085	388.94611305355926	77.09232774063739	946.8908087611217	999.282372080523	83.75914386432146	993.0701367316709	NaN
1	0.10500000000000001	678.4896975296055	389.0536838784154	77.0525125725939	946.7074028699409	998.9969175053719	83.75319246352124	992.7859423540159	NaN
1	0.10500000000000001	679.0604321683608	389.20196368285417	77.00500287391588	946.5399767896117	998.7170839934693	83.74649689603079	992.5071782400539	NaN
1	0.10500000000000001	679.6311668071162	389.39015635200724	76.95001887394625	946.388762512294	998.4434975466414	83.73908209658187	992.2344698637424	NaN
1	0.10500000000000001	680.2042529006434	389.6183955856336	76.88752933641096	946.2534291656957	998.175677745601	83.73093962307081	991.9673391633572	NaN
1	0.10500000000000001	680.7813699823785	389.8870197625661	76.81749354953756	946.134008928186	997.91354902649	83.72206230543961	991.7057097504035	NaN
1	0.10500000000000001	681.3647927383922	390.1970338052175	76.73973351271219	946.0305988550653	997.6568666045167	83.7124273557242	991.4493344170555	NaN
1	0.10500000000000001	681.9565183648094	390.54972466780447	76.65403854890133	945.9435704690976	997.4056434000491	83.70200977597698	991.1982210438025	NaN
1	0.10500000000000001	682.5581728742075	390.94647150103896	76.56020585394492	945.8735423695096	997.1601865768065	83.69078666247411	990.9526696571805	NaN
1	0.10500000000000001	683.170009141937	391.3878392312526	76.45824236880645	945.8213950019483	996.9214648695205	83.67876026992404	990.7136411078334	NaN
1	0.10500000000000001	683.7898206144177	391.8722492693435	76.34864035739308	945.7880933764942	996.6913816405122	83.6659882644163	990.483033667897	NaN
1	0.10500000000000001	684.4121467561189	392.3945706020619	76.23264689383126	945.7742941754342	996.4727903108851	83.65261209078827	990.2637038258081	NaN
1	0.10500000000000001	685.0344728978201	392.95100112149265	76.11115269176621	945.7799827874841	996.2671384792989	83.63872772593439	990.0571053442785	NaN
1	0.10500000000000001	685.6567990395214	393.53955184230506	75.98462689108393	945.8049159834429	996.0748725286213	83.62438139323467	989.8636896178365	NaN
1	0.10500000000000001	686.2791251812225	394.15816290967194	75.85354700195657	945.8487982331571	995.8963948188964	83.60962006645927	989.683864539917	NaN
1	0.10500000000000001	686.9014513229238	394.80470982064577	75.71839684795253	945.9112830797202	995.7320630734381	83.59449133386474	989.5179938700653	NaN
1	0.10500000000000001	687.523777464625	395.4770097902267	75.57966455117098	945.9919746331934	995.5821898928662	83.5790432624088	989.3663967278944	NaN
1	0.10500000000000001	688.1461036063263	396.1728282481819	75.43784056932164	946.090429180137	995.4470423968214	83.56332426232754	989.2293472135583	NaN
1	0.10500000000000001	688.7684297480275	396.88988545261236	75.29341579454561	946.206156905015	995.3268419928686	83.54738295231334	989.1070741542817	NaN
1	0.10500000000000001	689.3907558897287	397.62586320535416	75.14687972274199	946.3386237193114	995.2217642718668	83.53126802553167	988.9997609762626	NaN
1	0.10500000000000001	690.0130820314299	398.3784116533261	74.99871870104164	946.4872531939495	995.1319390288633	83.51502811671652	988.9075457010408	NaN
1	0.10500000000000001	690.6354081731312	399.14515615899774	74.84941425992956	946.6514285903402	995.0574504083307	83.49871167058372	988.8305210652042	NaN
1	0.10500000000000001	691.2577343148323	399.92370422225247	74.69944153537725	946.8304949851149	994.9983371723405	83.48236681181126	988.7687347620755	NaN
1	0.10500000000000001	691.8800604565336	400.71165243508364	74.54926778522483	947.0237614833162	994.9545930900194	83.46604121683792	988.7221898037919	NaN
1	0.10500000000000001	692.4390816049143	401.4254796211261	74.41457626776074	947.2088790047617	994.9283615159048	83.45143154844479	988.6933411407005	NaN
1	0.10500000000000001	692.998102753295	402.1432061900684	74.28041696285068	947.4043235541953	994.9144240220625	83.43690910435609	988.676698193662	NaN
1	0.10500000000000001	693.5571239016758	402.86309512556437	74.14710706609733	947.6095293738238	994.9126855239743	83.42250702348039	988.6721731077922	NaN
1	0.10500000000000001	694.1161450500565	403.5834194541415	74.01495554486868	947.8239132136875	994.9230232984839	83.40825784966682	988.6796505203591	NaN
1	0.10500000000000001	694.6751661984373	404.3024662589972	73.8842625619864	948.04687582464	994.9452875307597	83.39419346385338	988.6989880897855	NaN
1	0.10500000000000001	695.234187346818	405.01854063593106	73.75531893802324	948.2778034794292	994.9793019175788	83.38034501794988	988.7300170807277	NaN
1	0.10500000000000001	695.7932084951988	405.7299695936069	73.62840566371871	948.5160695183699	995.0248643253698	83.36674287058919	988.772543003713	NaN
1	0.10500000000000001	696.3522296435794	406.4351058889187	73.50379346233254	948.7610359161278	995.08174750134	83.35341652488046	988.8263463077145	NaN
1	0.10500000000000001	696.9112507919602	407.13233178735726	73.3817424005864	949.0120548660637	995.1496998359066	83.34039456830281	988.8911831239222	NaN
1	0.10500000000000001	697.4702719403409	407.8200627382963	73.26250154656086	949.2684703784967	995.2284461745392	83.32770461486732	988.9667860588596	NaN
1	0.10500000000000001	698.0292930887217	408.4967509552577	73.14630867272632	949.5296198891687	995.3176886770137	83.31537324966986	989.0528650348914	NaN
1	0.10500000000000001	698.5883142371024	409.16088889141054	73.03339000214001	949.7948358741256	995.4171077219776	83.30342597595526	989.1491081760645	NaN
1	0.10500000000000001	699.1473353854832	409.81101260080175	72.92395999572125	950.0634474671755	995.5263628546139	83.2918871648071	989.2551827371287	NaN
1	0.10500000000000001	699.7063565338639	410.4457049761072	72.81822117843049	950.3347820760382	995.6450937751001	83.28078000758259	989.3707360734846	NaN
1	0.10500000000000001	700.2653776822447	411.06359885402645	72.71636400211563	950.6081669932761	995.7729213654544	83.27012647120924	989.495396649706	NaN
1	0.10500000000000001	700.8243988306253	411.6633799798206	72.61856674275509	950.882930998074	995.9094487522723	83.25994725645411	989.6287750841934	NaN
1	0.10500000000000001	701.3834199790061	412.2437898229098	72.52499542981808	951.1584059449406	996.0542624027662	83.25026175927441	989.7704652274185	NaN
1	0.10500000000000001	701.9424411273868	412.80362823590065	72.43580380547354	951.4339283354105	996.2069332514379	83.24108803534455	989.9200452711349	NaN
1	0.10500000000000001	702.5014622757676	413.34175594990216	72.35113331141501	951.7088408688516	996.3670178546357	83.23244276784877	990.0770788858583	NaN
1	0.10500000000000001	703.0604834241483	413.8570968995065	72.27111310111873	951.9824939685241	996.5340595701746	83.22434123861977	990.2411163838425	NaN
1	0.10500000000000001	703.6195045725291	414.3486403713611	72.19586007542301	952.2542472790873	996.7075897591378	83.21679730269734	990.4116959047152	NaN
1	0.10500000000000001	704.1785257209098	414.81544297082814	72.12547893939943	952.523471131818	996.8871290069128	83.20982336637415	990.5883446208818	NaN
1	0.10500000000000001	704.7375468692906	415.25663040182405	72.06006227858381	952.7895479738883	997.0721883604662	83.2034303687881	990.7705799597481	NaN
1	0.10500000000000001	705.2965680176712	415.67139905554507	71.9996906527412	953.0518737581435	997.262270578824	83.19762776711659	990.9579108397676	NaN
1	0.10500000000000001	705.855589166052	416.0590174044119	71.94443270545636	953.3098592899321	997.4568713936808	83.19242352540878	991.1498389172797	NaN
1	0.10500000000000001	706.4146103144327	416.4188271982087	71.89434528796444	953.5629315276553	997.6554807770402	83.18782410708668	991.3458598410781	NaN
1	0.10500000000000001	706.9736314628135	416.7502444600436	71.8494735957651	953.8105348338433	997.85758421277	83.18383447113209	991.5454645116274	NaN
1	0.10500000000000001	707.5326526111942	417.0527602804106	71.80985131669738	954.0521321737012	998.0626639689448	83.18045807196427	991.7481403418396	NaN
1	0.10500000000000001	708.091673759575	417.32594140829855	71.77550078928674	954.2872062582303	998.2702003678523	83.17769686300952	991.9533725163175	NaN
1	0.10500000000000001	708.6506949079557	417.56943063894437	71.74643317031355	954.515260629191	998.4796730505448	83.1755513039485	992.1606452459785	NaN
1	0.10500000000000001	709.2114156317642	417.7835502170226	71.7225843466042	954.7364793526547	998.6912050248112	83.17401665216187	992.3700796181058	NaN
1	0.10500000000000001	709.7769466916299	417.96875256395543	71.70390376818382	954.9514955941611	998.9054642648113	83.17309262438633	992.5823379275768	NaN
1	0.10500000000000001	710.3489396472769	418.1245195881174	71.69047575011915	955.1602429134471	999.1225611564079	83.17279109388683	992.7975319973774	NaN
1	0.10500000000000001	710.9288676042264	418.2499979186306	71.68243831735175	955.3624865239368	999.3425108420937	83.17312941250265	993.0156802870472	NaN
1	0.10500000000000001	711.5174821815822	418.3439752032594	71.67997389442398	955.5576513622642	999.5650149485755	83.17412807196547	993.2364910144577	NaN
1	0.10500000000000001	712.1151145978918	418.4051110432652	71.68327651547817	955.7449704062682	999.7895704166701	83.17580751203148	993.4594694338927	NaN
1	0.10500000000000001	712.7216335535227	418.43206655605087	71.69252900861196	955.923510882142	1000.0154551635478	83.17818535572766	993.6839030758019	NaN
1	0.10500000000000001	713.3366186695922	418.42364368375905	71.70788387499354	956.0922689502328	1000.2418005487675	83.18127456732013	993.9089332342362	NaN
1	0.10500000000000001	713.9594556469992	418.37887330642076	71.72945128469642	956.2502296961089	1000.4676372831307	83.18508228473883	994.1336002551715	NaN
1	0.10500000000000001	714.5894596564842	418.2970642101269	71.75729437878277	956.3964243334347	1000.6919524251294	83.18960957295852	994.3568999994618	NaN
1	0.10500000000000001	715.2259393854098	418.1778189337057	71.79142873098387	956.5299606438759	1000.913723498307	83.19485154081582	994.5778176927682	NaN
1	0.10500000000000001	715.868226837915	418.0210333187045	71.83182364676466	956.6500385011992	1001.1319390371419	83.20079760660586	994.7953483488952	NaN
1	0.10500000000000001	716.5156562267429	417.82689915782186	71.87840168674754	956.755952593827	1001.3456010148846	83.2074314671558	995.0084991710983	NaN
1	0.10500000000000001	717.1675092729972	417.5959232242179	71.93103464802168	956.847092688585	1001.5537177926154	83.21473061659722	995.216282467082	NaN
1	0.10500000000000001	717.8229346984206	417.32897101901983	71.98953487186085	956.9229479960741	1001.7552930932062	83.22266531883072	995.4177045158743	NaN
1	0.10500000000000001	718.4808653724484	417.02733085292135	72.0536431965948	956.9831219575804	1001.9493210069751	83.23119724968403	995.6117603509742	NaN
1	0.10500000000000001	719.1399556214685	416.6927831390598	72.12301658135624	957.0273588217516	1002.134794568614	83.24027820784076	995.7974420138721	NaN
1	0.10500000000000001	719.7990458704887	416.32737079810147	72.1972762299851	957.0555933504592	1002.3108583675355	83.2498566594821	995.9738911566001	NaN
1	0.10500000000000001	720.4581361195088	415.9327188206133	72.27613965179337	957.0679337539401	1002.4770442376113	83.2598943811085	996.1406359989921	NaN
1	0.10500000000000001	721.1172263685289	415.51052969009856	72.35931310666001	957.0645404470903	1002.6329228951241	83.27035206073454	996.2972430985151	NaN
1	0.10500000000000001	721.776316617549	415.06257636903865	72.4464923780907	957.045624822006	1002.7781049143887	83.28118944726728	996.4433183485543	NaN
1	0.10500000000000001	722.4354068665691	414.5906951379735	72.53736357741369	957.0114478559365	1002.9122415533238	83.29236550154356	996.5785078282303	NaN
1	0.10500000000000001	723.0944971155893	414.09677831808466	72.63160397977715	956.962318562201	1003.0350254277761	83.303838548425	996.7024985024148	NaN
1	0.10500000000000001	723.7535873646094	413.5827669078347	72.72888289252903	956.8985922921628	1003.1461910339974	83.3155664293468	996.8150187712118	NaN
1	0.10500000000000001	724.4126776136295	413.0506431639738	72.82886255625378	956.8206688968418	1003.2455151192723	83.32750665471951	996.9158388687619	NaN
1	0.10500000000000001	725.0717678626497	412.50242315681106	72.93119907838846	956.7289907571864	1003.3328169012865	83.3396165555944	997.0047711118195	NaN
1	0.10500000000000001	725.7308581116698	411.9401493290889	73.03554339895486	956.6240406924217	1003.4079581374007	83.35185343401132	997.0816699991291	NaN
1	0.10500000000000001	726.3899483606899	411.3658830870999	73.14154228753054	956.5063397562287	1003.4708430455709	83.36417471145926	997.1464321631925	NaN
1	0.10500000000000001	727.04903860971	410.7816974518479	73.24883937014552	956.3764449307961	1003.5214180792002	83.37653807489968	997.1989961765773	NaN
1	0.10500000000000001	727.7081288587301	410.1896697970951	73.35707618433469	956.2349467290186	1003.5596715587483	83.38890161981644	997.2393422154511	NaN
1	0.10500000000000001	728.3672191077503	409.5918747000606	73.46589326010975	956.082466715303	1003.5856331634342	83.40122398978188	997.2674915835382	NaN
1	0.10500000000000001	729.0263093567704	408.99037692935036	73.57493122413916	955.9196549555567	1003.5993732868653	83.413464512049	997.2835061001992	NaN
1	0.10500000000000001	729.6853996057905	408.3872245934228	73.68383192395108	955.7471874070187	1003.6010022608891	83.42558332870512	997.2874873567957	NaN
1	0.10500000000000001	730.3444898548107	407.78444247153146	73.79223956850711	955.565763258607	1003.5906694524016	83.43754152294945	997.2795758459553	NaN
1	0.10500000000000001	731.0035801038308	407.18402554765686	73.89980188104074	955.3761022324207	1003.5685622382691	83.44930124009113	997.2599499687592	NaN
1	0.10500000000000001	731.6626703528509	406.58793276644775	74.00617125962218	955.1789418569657	1003.5349048638881	83.46082580288359	997.2288249252749	NaN
1	0.10500000000000001	732.321760601871	405.99808102866183	74.11100594050679	954.9750347225302	1003.4899571912686	83.47207982085777	997.1864514941996	NaN
1	0.10500000000000001	732.9808508508911	405.41633944202937	74.21397115895473	954.7651457289707	1003.43401334284	83.48302929333843	997.1331147077117	NaN
1	0.10500000000000001	733.6399410999113	404.8445238418808	74.3147403018816	954.550049335944	1003.3674002474636	83.49364170586719	997.0691324279172	NaN
1	0.10500000000000001	734.2990313489314	404.28439159429416	74.41299604642037	954.3305268253678	1003.2904760953854	83.50388611978762	996.9948538315329	NaN
1	0.10500000000000001	734.9581215979515	403.7376366929377	74.50843147824955	954.1073635855874	1003.2036287090796	83.51373325478723	996.9106578096711	NaN
1	0.10500000000000001	735.6172118469717	403.20588515922435	74.60075118337579	953.881346426405	1003.107273837112	83.52315556422154	996.8169512897812	NaN
1	0.10500000000000001	736.2763020959918	402.6906907538689	74.68967230695762	953.6532609337581	1003.0018533783024	83.53212730308384	996.7141674869489	NaN
1	0.10500000000000001	736.9353923450119	402.19353100645264	74.77492557272244	953.4238888724498	1002.8878335435717	83.54062458851564	996.6027640918825	NaN
1	0.10500000000000001	737.594482594032	401.7158035681674	74.85625625656444	953.1940056449207	1002.7657029629394	83.54862545279265	996.4832214029893	NaN
1	0.10500000000000001	738.2535728430521	401.2588228915395	74.93342510802006	952.9643778136198	1002.6359707451835	83.5561098887471	996.3560404100041	NaN
1	0.10500000000000001	738.9126630920723	400.8238172396269	75.00620921349942	952.7357606940813	1002.4991644976832	83.56305988762539	996.2217408366454	NaN
1	0.10500000000000001	739.5717533410924	400.4119260259532	75.07440279540526	952.5088960253629	1002.3558283139479	83.56945946941008	996.0808591497653	NaN
1	0.10500000000000001	740.2308435901125	400.02419748528695	75.13781794159739	952.2845097240225	1002.2065207362865	83.57529470566257	995.9339465424101	NaN
1	0.10500000000000001	740.8899338391327	399.66158667430244	75.1962852600541	952.0633097273432	1002.0518127009931	83.5805537349742	995.781566898144	NaN
1	0.10500000000000001	741.5494593196595	399.3247402606909	75.24968798226408	951.8458418475417	1001.8921786664902	83.5852296615652	995.62418940054	NaN
1	0.10500000000000001	742.2144165553309	399.01223100909283	75.29822952005742	951.6311875797181	1001.7269442434557	83.58934222522761	995.4611492584112	NaN
1	0.10500000000000001	742.8869687361403	398.72453936060634	75.34179563407967	951.419455764696	1001.5560683321398	83.59288115060639	995.2924037877724	NaN
1	0.10500000000000001	743.5685148006652	398.46273813156773	75.38017355193826	951.2110739529575	1001.3797064652105	83.59582686319956	995.1181034690447	NaN
1	0.10500000000000001	744.258567785051	398.22869111615876	75.4130346903403	951.0070924733304	1001.1985385941425	83.59815081194003	994.9389170278159	NaN
1	0.10500000000000001	744.9553234325085	398.0244636306422	75.4400388073578	950.8089260889336	1001.0136521601039	83.5998257936689	994.7559174964331	NaN
1	0.10500000000000001	745.6562638062646	397.85185803846105	75.46091257286534	950.6181002642121	1000.8263832876419	83.60083320911485	994.5704261548011	NaN
1	0.10500000000000001	746.3589819955691	397.71207576753517	75.47549931825651	950.4359728629298	1000.6380767312348	83.60116670039874	994.3837752077922	NaN
1	0.10500000000000001	747.0617001848736	397.6056618366278	75.48375978235191	950.2635931133036	1000.4499197142167	83.60083107446403	994.1971428168998	NaN
1	0.10500000000000001	747.7644183741781	397.53255811804274	75.48574167623092	950.1014711696772	1000.2626152865873	83.59983692696387	994.0112281741365	NaN
1	0.10500000000000001	748.4671365634828	397.4925850801782	75.48151819519511	949.9500720196082	1000.0768535182432	83.59819714850299	993.8267180366388	NaN
1	0.10500000000000001	749.1698547527873	397.48544413380716	75.47118737659714	949.8098144384905	999.8933091228001	83.59592684131329	993.6442843544669	NaN
1	0.10500000000000001	749.8725729420918	397.51072034613304	75.45487133422074	949.6810701246967	999.7126391746859	83.59304322947673	993.4645819898001	NaN
1	0.10500000000000001	750.5752911313964	397.5678855089788	75.43271537593198	949.5641630148504	999.535480926022	83.58956556315373	993.2882465340766	NaN
1	0.10500000000000001	751.2780093207009	397.656301546913	75.40488701208417	949.4593687783394	999.3624497293301	83.58551501727835	993.115892229137	NaN
1	0.10500000000000001	751.9807275100054	397.7752242506874	75.37157486295531	949.3669144896932	999.1941370716053	83.58091458518244	992.9481099979464	NaN
1	0.10500000000000001	752.6843699436239	397.9240218701401	75.3329333465324	949.286881647178	999.0308980223631	83.57578189174573	992.7852552962134	NaN
1	0.10500000000000001	753.3913186388608	398.10251086324706	75.28901390785454	949.2192437148997	998.8727726335071	83.57012142390519	992.6273686705158	NaN
1	0.10500000000000001	754.1033068421771	398.3105749601862	75.23987029894735	949.1641448625581	998.7200019834316	83.56393896455212	992.4746902397683	NaN
1	0.10500000000000001	754.8223505481021	398.54833695525156	75.18551313499701	949.1217962147094	998.5728246686948	83.55723547052703	992.3274567193398	NaN
1	0.10500000000000001	755.5500818932755	398.8159267141118	75.1259635731582	949.0925227645108	998.431627862037	83.55001371275	992.1860524896764	NaN
1	0.10500000000000001	756.2877377978926	399.1133753799264	75.0612726525492	949.0767258592152	998.2969378795375	83.5422802698483	992.0510006298367	NaN
1	0.10500000000000001	757.0356208956016	399.4402729443695	74.99159007760265	949.0748382326726	998.1694912214725	83.53405331838972	991.9230348699391	NaN
1	0.10500000000000001	757.7926755106919	399.7953880127057	74.91723516282738	949.0872189334591	998.0502400528809	83.5253703085923	991.8031065173501	NaN
1	0.10500000000000001	758.5560906689497	400.17625512537643	74.83876971118721	949.114001966238	997.9403084172533	83.51629563191523	991.6923425337505	NaN
1	0.10500000000000001	759.3214475367042	400.5790434402403	74.75700988339997	949.1549413004849	997.8408360002466	83.50692116671804	991.591890733332	NaN
1	0.10500000000000001	760.0868044044589	401.0007380984255	74.67257893464527	949.2096032621182	997.7524002060961	83.49731497911068	991.5023367894726	NaN
1	0.10500000000000001	760.8521612722136	401.43920967573905	74.585909131943	949.2775492351125	997.6752326567403	83.48752279976615	991.4239191873941	NaN
1	0.10500000000000001	761.6175181399682	401.89228367967036	74.49743476680966	949.3582883694428	997.6095119110453	83.47759051468151	991.3568238357434	NaN
1	0.10500000000000001	762.3828750077228	402.3577505312434	74.40758994660196	949.451280416295	997.5553634433621	83.46756396651874	991.3011840078285	NaN
1	0.10500000000000001	763.1482318754774	402.8333756017429	74.31680646203468	949.5559387380924	997.5128598499417	83.4574887587457	991.2570805091492	NaN
1	0.10500000000000001	763.9135887432321	403.3169092625503	74.22551174100562	949.671633479621	997.4820212794109	83.44741006327678	991.2245420675805	NaN
1	0.10500000000000001	764.6789456109867	403.80609690619053	74.13412689776234	949.7976948859626	997.4628160827074	83.4373724323052	991.2035459417792	NaN
1	0.10500000000000001	765.4443024787413	404.29868889640187	74.0430648850082	949.9334167524072	997.4551616770847	83.42741961500174	991.19401874259	NaN
1	0.10500000000000001	766.209659346496	404.7924504049322	73.95272875510985	950.0780599910194	997.4589256180257	83.41759437973724	991.195837461473	NaN
1	0.10500000000000001	766.9750162142507	405.2851710928767	73.86351003518054	950.2308562980817	997.4739268721585	83.40793834246757	991.2088306992264	NaN
1	0.10500000000000001	767.7403730820052	405.77467459471694	73.77578721948676	950.3910119062306	997.4999372835339	83.39849180189889	991.2327800875595	NaN
1	0.10500000000000001	768.5057299497598	406.2588277638083	73.68992438137775	950.5577114047588	997.5366832249275	83.38929358203539	991.2674218953758	NaN
1	0.10500000000000001	769.2710868175145	406.7355496388993	73.60626990578362	950.7301216112721	997.5838474251483	83.38038088268303	991.3124488109479	NaN
1	0.10500000000000001	770.0364436852692	407.20282009235905	73.52515534227206	950.9073954776666	997.6410709626934	83.37178913845817	991.3675118905252	NaN
1	0.10500000000000001	770.8018005530238	407.65868812213455	73.44689437771142	951.0886760132516	997.7079554154756	83.36355188682	991.4322226633054	NaN
1	0.10500000000000001	771.5671574207784	408.1012797510511	73.37178192675535	951.273100207773	997.7840651557748	83.35570064560925	991.5061553821245	NaN
1	0.10500000000000001	772.332514288533	408.52880549891194	73.30009333765184	951.4598029370903	997.86892977903	83.34826480054423	991.5888494086865	NaN
1	0.10500000000000001	773.0978711562877	408.9395673949234	73.23208371027822	951.6479208343702	997.9620466545962	83.34127150308946	991.6798117216651	NaN
1	0.10500000000000001	773.8632280240423	409.33196550026486	73.16798732282088	951.8365961098184	998.0628835861448	83.33474557906797	991.7785195355435	NaN
1	0.10500000000000001	774.6285848917969	409.7045039131244	73.108017163142	952.02498030225	998.1708815689933	83.3287094483425	991.8844230176824	NaN
1	0.10500000000000001	775.3939417595516	410.05579623120735	73.05236456060152	952.2122379461356	998.2854576313025	83.32318305585244	991.9969480907355	NaN
1	0.10500000000000001	776.1592986273063	410.3845704495821	73.0011989139312	952.3975501382057	998.4060077458003	83.3181838142334	992.1154993072529	NaN
1	0.10500000000000001	776.9246554950608	410.6896732747335	72.95466751066718	952.5801179882146	998.5319097984536	83.31372655820529	992.2394627830693	NaN
1	0.10500000000000001	777.6900123628154	410.9700738388231	72.91289543364225	952.7591659390699	998.6625266003514	83.30982351085696	992.3682091759013	NaN
1	0.10500000000000001	778.4553692305701	411.22486680138763	72.87598555010227	952.9339449422233	998.7972089289465	83.30648426190774	992.5010966954519	NaN
1	0.10500000000000001	779.2207260983248	411.4532748290147	72.84401857913315	953.1037354749802	998.9352985847727	83.30371575795975	992.6374741312763	NaN
1	0.10500000000000001	779.9860829660794	411.65465044689864	72.8170532332599	953.2678503872245	999.0761314497676	83.30152230470667	992.7766838846698	NaN
1	0.10500000000000001	780.751439833834	411.8284772595639	72.7951264302919	953.4256375659603	999.2190405334269	83.29990558100803	992.9180649909124	NaN
1	0.10500000000000001	781.5167967015886	411.97437054143614	72.77825357173221	953.5764824070412	999.3633589931703	83.29886466467435	993.0609561183536	NaN
1	0.10500000000000001	782.2821535693433	412.09207720130837	72.76642888433365	953.7198100844827	999.5084231155171	83.2983960697632	993.204698531013	NaN
1	0.10500000000000001	783.0475104370979	412.1814751280682	72.7596258216592	953.8550876088328	999.6535752449604	83.29849379511772	993.3486390016545	NaN
1	0.10500000000000001	783.8128673048525	412.2425719283055	72.7577975227825	953.9818256671917	999.7981666477754	83.29914938383237	993.4921326626206	NaN
1	0.10500000000000001	784.5782241726072	412.27550306957204	72.7608773255363	954.0995802386283	999.9415602984104	83.30035199327426	993.6345457821101	NaN
1	0.10500000000000001	785.3435810403619	412.28052944611096	72.7687793319759	954.2079539799288	1000.0831335765838	83.30208847523896	993.7752584540394	NaN
1	0.10500000000000001	786.1098679578381	412.2579905009988	72.78141718119076	954.3067112014269	1000.2224482375638	83.30434651453722	993.913833741428	NaN
1	0.10500000000000001	786.8783344617968	412.20818814525273	72.79871674093606	954.395650295604	1000.3591255708793	83.30711532638585	994.0498940303692	NaN
1	0.10500000000000001	787.6496233339383	412.1314435433655	72.82059538854605	954.4744912395373	1000.4926758496202	83.31038230689755	994.1829512701229	NaN
1	0.10500000000000001	788.424356415274	412.02811894523916	72.8469647396294	954.5429632209383	1000.6226060056397	83.31413399147048	994.3125139230641	NaN
1	0.10500000000000001	789.2029196610455	411.89866512716293	72.87771995774456	954.6007918838616	1000.7483846607461	83.31835464981866	994.4380520176937	NaN
1	0.10500000000000001	789.9856173164683	411.7436310051314	72.9127397933644	954.6477252343849	1000.8694727094144	83.32302648719391	994.5590275117919	NaN
1	0.10500000000000001	790.7726131764314	411.563693823587	72.95188075304466	954.683538946075	1000.9853187979019	83.32812897829369	994.6748896800347	NaN
1	0.10500000000000001	791.5639592480954	411.3596741476193	72.99497488693	954.7080491999516	1001.0953705480629	83.3336387089029	994.7850862123314	NaN
1	0.10500000000000001	792.3595698510796	411.13255922658686	73.04182559807661	954.721122641992	1001.199078775027	83.33952895884255	994.8890673149979	NaN
1	0.10500000000000001	793.159220434676	410.88351896419556	73.09220503424116	954.722688251963	1001.2959070420609	83.34576950179869	994.9862951464941	NaN
1	0.10500000000000001	793.9625412212367	410.61391928580093	73.1458519148463	954.7127488412353	1001.3853417126335	83.3523264636063	995.0762537577787	NaN
1	0.10500000000000001	794.769027674603	410.3253249201149	73.20247136348753	954.691391561602	1001.4669047233708	83.35916242785528	995.1584617790326	NaN
1	0.10500000000000001	795.5780634475448	410.0194902438605	73.26173689342963	954.6587955932467	1001.5401671739241	83.36623679155625	995.2324859653742	NaN
1	0.10500000000000001	796.3889587246914	409.69833563158795	73.323294964183	954.6152353846987	1001.6047625603616	83.37350640725185	995.2979544451381	NaN
1	0.10500000000000001	797.2010007619028	409.36390999440385	73.3867719119583	954.5610782148	1001.6603977704222	83.3809264738507	995.3545677975077	NaN
1	0.10500000000000001	798.013511294384	409.01834269835376	73.45178261998984	954.4967757193842	1001.7068601578057	83.38845159071623	995.4021062740977	NaN
1	0.10500000000000001	798.8260218268651	408.66373820952253	73.51794959902288	954.4228386720271	1001.7440242865125	83.39603795642803	995.4404369165733	NaN
1	0.10500000000000001	799.6385323593462	408.3020259984678	73.58492969916635	954.339790643933	1001.7718477921086	83.40364632484739	995.4695100305355	NaN
1	0.10500000000000001	800.4510428918272	407.93513988073755	73.65237962783475	954.2481929085706	1001.7903361063017	83.41123795758769	995.4893234187149	NaN
1	0.10500000000000001	801.2635534243084	407.5650081054286	73.71995759794153	954.1486409670218	1001.799541672929	83.41877481475736	995.4999216412241	NaN
1	0.10500000000000001	802.0760639567895	407.1935436605832	73.78732497380146	954.0417609570372	1001.7995629354438	83.42621973883121	995.5013950477453	NaN
1	0.10500000000000001	802.8885744892706	406.8226348419012	73.85414790661747	953.9282059670207	1001.7905431050813	83.43353663076692	995.4938785905841	NaN
1	0.10500000000000001	803.7010850217516	406.4541361284946	73.92009895104397	953.8086522762326	1001.7726687199146	83.44069061755124	995.4775504285577	NaN
1	0.10500000000000001	804.5139618671078	406.0896963947076	73.98488753458908	953.6837381624155	1001.7461541517899	83.4476512980352	995.452617197555	NaN
1	0.10500000000000001	805.3282961175667	405.7306094715647	74.04828531133745	953.5539924886674	1001.7112040669937	83.45439525474298	995.4192772773514	NaN
1	0.10500000000000001	806.1450597749388	405.3782114166377	74.11005484038202	953.4199586837892	1001.6680262407707	83.46089825987177	995.3777319774359	NaN
1	0.10500000000000001	806.9652881931617	405.0338117424578	74.16996195285003	953.2821718577002	1001.6168274997119	83.46713660305971	995.3281817723475	NaN
1	0.10500000000000001	807.7899096096007	404.69877666822805	74.22776139454145	953.1411924593921	1001.5578265996893	83.47308559195963	995.2708387782768	NaN
1	0.10500000000000001	808.6196569149434	404.37456472039287	74.28319127849421	952.9976282399913	1001.4912697871077	83.4787190432955	995.2059420834987	NaN
1	0.10500000000000001	809.4549306204174	404.0627659745125	74.33596736619776	952.8521636057162	1001.4174547751056	83.48400881116592	995.1337814299056	NaN
1	0.10500000000000001	810.2956866508026	403.7651095282814	74.3857833385951	952.7055815898398	1001.3367570771251	83.4889249840438	995.0547233621828	NaN
1	0.10500000000000001	811.1413758691913	403.48342994762913	74.43231845522854	952.5587711722297	1001.249652596505	83.49343685672986	994.9692338153673	NaN
1	0.10500000000000001	811.9909816990421	403.2195848354499	74.4752535322266	952.4127105498605	1001.1567270079662	83.49751471096533	994.8778877630461	NaN
1	0.10500000000000001	812.8431574270378	402.9753404253192	74.51429183340913	952.2684271806135	1001.0586665552181	83.50113199481879	994.7813605159649	NaN
1	0.10500000000000001	813.6964204180116	402.7522578152666	74.5491789642622	952.1269455282766	1000.9562322828334	83.50426727208374	994.6804025497831	NaN
1	0.10500000000000001	814.5496834089854	402.55153446211506	74.57972792944037	951.9891830642898	1000.8501827004484	83.50690639313382	994.5757632440334	NaN
1	0.10500000000000001	815.4029463999593	402.37390565262996	74.6058310634046	951.8558388012142	1000.7411635744903	83.5090430297913	994.4680817082332	NaN
1	0.10500000000000001	816.2562093909332	402.2199678066679	74.62740794064547	951.7275756929743	1000.629826336942	83.51067373784366	994.3580032275396	NaN
1	0.10500000000000001	817.109472381907	402.0901776499108	74.6444055250445	951.6050176221994	1000.5168243922965	83.51179792453854	994.2461755938912	NaN
1	0.10500000000000001	817.9627353728808	401.98485214342355	74.65679813733392	951.4887466550487	1000.4028094794172	83.51241780102843	994.1332454887881	NaN
1	0.10500000000000001	818.8159983638548	401.90416915486185	74.66458724196966	951.3793005727066	1000.2884281071927	83.51253832037054	994.0198549365707	NaN
1	0.10500000000000001	819.6692613548287	401.84816885309186	74.66780105640062	951.2771706870845	1000.174318082053	83.51216710174201	993.9066378462401	NaN
1	0.10500000000000001	820.5225243458025	401.8167558051537	74.66649398739659	951.1827999466407	1000.0611051445077	83.51131434159197	993.7942166589835	NaN
1	0.10500000000000001	821.3757873367763	401.80970175184893	74.66074590071698	951.0965813366238	999.9493997309037	83.50999271249594	993.6831991176109	NaN
1	0.10500000000000001	822.2290503277502	401.82664903574255	74.6506612319288	951.0188565764844	999.8397938755754	83.50821725052353	993.5741751730966	NaN
1	0.10500000000000001	823.0823133187241	401.8671146530349	74.63636794759506	950.9499151156651	999.7328582674896	83.5060052319592	993.4677140423689	NaN
1	0.10500000000000001	823.9355763096979	401.93049489856753	74.618016367331	950.8899934274905	999.6291394743695	83.50337604025498	993.3643614303818	NaN
1	0.10500000000000001	824.7888393006717	402.0160705711734	74.59577785834917	950.8392745994291	999.5291573461363	83.50035102411347	993.2646369283706	NaN
1	0.10500000000000001	825.6430031762065	402.1231365867336	74.56981415219043	950.7978494838055	999.4333039082364	83.49694957199614	993.1689329997637	NaN
1	0.10500000000000001	826.5012625867955	402.251337903621	74.5402071758504	950.7657223446223	999.3417225611958	83.49318079648582	993.0773935852109	NaN
1	0.10500000000000001	827.3655418409944	402.40026761223413	74.50706042905196	950.7430132537622	999.2547301271611	83.48905711825333	992.9903352201491	NaN
1	0.10500000000000001	828.2382331618082	402.56965401321514	74.4704523222459	950.729870649953	999.1726293734424	83.48458806027803	992.9080599377177	NaN
1	0.10500000000000001	829.1212290031765	402.75916694142285	74.43047861984888	950.7264935682978	999.0958124326992	83.47978548223288	992.8309588319702	NaN
1	0.10500000000000001	830.0162116356873	402.96840909584216	74.38725173217837	950.7331031310994	999.024726238486	83.4746632989302	992.7594777313528	NaN
1	0.10500000000000001	830.9241764592311	403.19674467458884	74.34093390402187	950.7499132453429	998.9598989843331	83.46924125597381	992.6941441688332	NaN
1	0.10500000000000001	831.8452085675206	403.44315595517514	74.29176231293167	950.7770774441507	998.9019242181599	83.46354758830687	992.635552129147	NaN
1	0.10500000000000001	832.7780705902019	403.706043620214	74.24008376703053	950.81461351668	998.8514368908154	83.45762269782959	992.5843390173383	NaN
1	0.10500000000000001	833.7200527654743	403.983104246464	74.18637237900461	950.8623211494144	998.8090506614446	83.45152077688957	992.5411238132515	NaN
1	0.10500000000000001	834.6671821907341	404.27135514396326	74.13121838657862	950.9197239575597	998.7752713668608	83.44530817024217	992.5064209576136	NaN
1	0.10500000000000001	835.6149107385766	404.56737379363256	74.07527768542646	950.9860742706178	998.7504119688422	83.43905746410394	992.4805548715854	NaN
1	0.10500000000000001	836.5626392864189	404.8688341787986	74.01898395685966	951.0607288467198	998.7345052161005	83.43281559525269	992.4635671491517	NaN
1	0.10500000000000001	837.5103678342612	405.1735898617167	73.96273015237651	951.143032235442	998.7274987594743	83.42662476926537	992.455414092072	NaN
1	0.10500000000000001	838.4580963821036	405.47950901432347	73.90690045461002	951.2322886122414	998.7292807649455	83.42052610178882	992.4559928151374	NaN
1	0.10500000000000001	839.405824929946	405.78448862478814	73.85186781905206	951.3277671717562	998.7396817178548	83.41455936149391	992.4651429850921	NaN
1	0.10500000000000001	840.3535534777883	406.0864682991956	73.7979916749888	951.4287076688983	998.7584765834596	83.40876272610365	992.4826489152512	NaN
1	0.10500000000000001	841.3012820256306	406.3834435699273	73.74561579572578	951.5343260689427	998.7853873037773	83.40317255288522	992.5082419961981	NaN
1	0.10500000000000001	842.249010573473	406.6734786261492	73.69506634604606	951.6438202674892	998.8200856087707	83.39782316487944	992.5416034410725	NaN
1	0.10500000000000001	843.1967391213154	406.9547183862392	73.64665011278106	951.7563758410805	998.8621961181938	83.39274665404291	992.5823673222058	NaN
1	0.10500000000000001	844.1444676691577	407.2253998370302	73.6006529224548	951.8711717894363	998.9112997088434	83.3879727023576	992.6301238742957	NaN
1	0.10500000000000001	845.092196217	407.4838625703694	73.55733824820332	951.987386230687	998.966937120555	83.3835284218459	992.684423037891	NaN
1	0.10500000000000001	846.0399247648425	407.7285584536723	73.51694600658954	952.1042020116818	999.0286127730582	83.37943821430459	992.7447782157146	NaN
1	0.10500000000000001	846.9876533126849	407.9580603778269	73.47969154353189	952.2208121963927	999.0957987647713	83.37572365142806	992.810670213311	NaN
1	0.10500000000000001	847.9353818605272	408.1710700329313	73.44576480734455	952.3364253966411	999.1679390237754	83.37240337586269	992.8815513346384	NaN
1	0.10500000000000001	848.8831104083695	408.3664246698607	73.41532970584485	952.4502709108203	999.2444535805674	83.36949302358555	992.9568496025685	NaN
1	0.10500000000000001	849.8308389562119	408.543102813496	73.38852364360899	952.5616036379905	999.324742931768	83.36700516786107	993.035973073803	NaN
1	0.10500000000000001	850.7785675040543	408.70022890153035	73.36545723474129	952.6697087366373	999.4081924637331	83.36494928487774	993.1183142174622	NaN
1	0.10500000000000001	851.7262960518966	408.83707683102864	73.34621418594703	952.7739059995314	999.4941769050179	83.36333174101807	993.2032543265711	NaN
1	0.10500000000000001	852.6740245997389	408.95307240327014	73.33085134424998	952.8735539184638	999.582064776846	83.36215580157145	993.2901679318331	NaN
1	0.10500000000000001	853.6217531475813	409.04779466577963	73.31939890335462	952.9680534151463	999.6712228111568	83.3614216605411	993.3784271874787	NaN
1	0.10500000000000001	854.5694816954237	409.1209761587629	73.31186076239747	953.0568512172549	999.7610203064314	83.3611264910678	993.4674061995561	NaN
1	0.10500000000000001	855.517210243266	409.172502081337	73.30821503064641	953.1394428614094	999.850833392333	83.36126451583834	993.5564852678291	NaN
1	0.10500000000000001	856.4649387911084	409.2024084008983	73.30841467156986	953.2153753078094	999.940049175227	83.36182709671199	993.6450550134421	NaN
1	0.10500000000000001	857.4126673389508	409.210878936645	73.31238827959244	953.284249154275	1000.0280697378657	83.36280284267526	993.7325203656941	NaN
1	0.10500000000000001	858.3603958867932	409.1982414555714	73.32004098275995	953.3457204405191	1000.1143159679262	83.36417773510628	993.8183043826195	NaN
1	0.10500000000000001	859.3081244346355	409.16496282614304	73.33125546444543	953.3995020365987	1000.1982311916535	83.36593526921808	993.9018518816074	NaN
1	0.10500000000000001	860.2558529824778	409.1116432812592	73.34589309711912	953.4453646126199	1000.2792845905888	83.36805661044455	993.982632857971	NaN
1	0.10500000000000001	861.2035815303202	409.0390098479784	73.36379518107282	953.48313718988	1000.3569743812238	83.37052076443503	994.0601456712102	NaN
1	0.10500000000000001	862.1513100781626	408.9479090067677	73.38478428082362	953.5127072766961	1000.4308307394112	83.37330475924722	994.1339199806631	NaN
1	0.10500000000000001	863.102283594849	408.8388978824503	73.40875215119517	953.5340793744709	1000.5006489172213	83.37639485794642	994.2037500774017	NaN
1	0.10500000000000001	864.0577432015466	408.71269912748943	73.43555122553907	953.5471834924729	1000.5660623791999	83.37977190129841	994.2692687748447	NaN
1	0.10500000000000001	865.0195882976059	408.56997263802674	73.46504839592782	953.5519648831862	1000.6267485682993	83.3834185520051	994.3301528463902	NaN
1	0.10500000000000001	865.9891375487172	408.4114889065322	73.49708819107161	953.5483673943875	1000.6823408180999	83.38731467748813	994.3860347826806	NaN
1	0.10500000000000001	866.9677924450609	408.23806498512306	73.53150711232075	953.5363508833336	1000.7324757752903	83.3914392469246	994.436550183169	NaN
1	0.10500000000000001	867.9567325581771	408.0506329302859	73.568120185349	953.515899566387	1000.7767783619453	83.39576876358119	994.4813225402304	NaN
1	0.10500000000000001	868.9570504024348	407.8502393640833	73.60672166371685	953.4870319854338	1000.8148751100858	83.40027744513023	994.5199764965669	NaN
1	0.10500000000000001	869.969627166287	407.6380890398922	73.64707706755277	953.4498153118069	1000.846396480363	83.40493637951045	994.552139980198	NaN
1	0.10500000000000001	870.9950729174548	407.4155770645293	73.68891771444441	953.4043823796471	1000.8709871158113	83.40971301108195	994.5774542719386	NaN
1	0.10500000000000001	872.0335640951637	407.1843397971283	73.73193198072602	953.3509560965458	1000.8883187544109	83.41457028739777	994.5955866431244	NaN
1	0.10500000000000001	873.0846603859671	406.94630438321497	73.77575725183108	953.2898795953357	1000.8981112714504	83.41946593932218	994.6062510805217	NaN
1	0.10500000000000001	874.1471134418457	406.70372647291515	73.81997449614015	953.2216494129962	1000.9001622458998	83.42435210937774	994.609237531179	NaN
1	0.10500000000000001	875.2187788276469	406.4591820889485	73.8641115629879	953.1469403490349	1000.8943829976499	83.42917598397722	994.6044477592071	NaN
1	0.10500000000000001	876.296734861502	406.21548436247565	73.90766005597435	953.0666066047625	1000.8808318667917	83.43388189672383	994.59192875459	NaN
1	0.10500000000000001	877.3776340030923	405.9755245507554	73.9501051925584	952.9816490088513	1000.8597314583376	83.43841474206216	994.5718904980959	NaN
1	0.10500000000000001	878.4585331446826	405.7420044514846	73.99097356705057	952.893124273037	1000.8314505078165	83.44272510594583	994.5446889803537	NaN
1	0.10500000000000001	879.539432286273	405.51685642274134	74.02993230203474	952.8018904805704	1000.7963878427682	83.44677938096734	994.5107131155455	NaN
1	0.10500000000000001	880.6203314278634	405.30189792944054	74.06667149407318	952.7088117491699	1000.7549941394835	83.45054694021249	994.4704038126309	NaN
1	0.10500000000000001	881.7012305694537	405.09881798789223	74.10090665485706	952.6147504401318	1000.7077668321022	83.4540003461032	994.4242489674499	NaN
1	0.10500000000000001	882.782129711044	404.90916505198624	74.13238089194195	952.5205595558192	1000.6552447149109	83.45711552598112	994.3727781440599	NaN
1	0.10500000000000001	883.8630288526344	404.73433641053106	74.16086680802401	952.4270753886408	1000.5980022930287	83.45987191364061	994.3165569999028	NaN
1	0.10500000000000001	884.9439279942249	404.5755691501541	74.18616810065437	952.335110480678	1000.5366439375903	83.4622525563719	994.2561815103899	NaN
1	0.10500000000000001	886.0248271358151	404.43393272316035	74.20812084754863	952.2454469487625	1000.4717979019149	83.46424418739943	994.1922720489314	NaN
1	0.10500000000000001	887.1057262774054	404.31032314499816	74.22659446620794	952.1588302251117	1000.4041102550052	83.46583726392946	994.1254673783484	NaN
1	0.10500000000000001	888.1866254189958	404.2054588316002	74.2414923403673	952.0759632586562	1000.334238788066	83.46702597131376	994.0564186090053	NaN
1	0.10500000000000001	889.2675245605863	404.1198780729529	74.25275210975659	951.9975012169826	1000.2628469486021	83.46780819412649	993.9857831779511	NaN
1	0.10500000000000001	890.3484237021765	404.05393812586084	74.26034562372092	951.9240467234531	1000.1905978550612	83.46818545523031	993.9142189018066	NaN
1	0.10500000000000001	891.4293228437668	404.0078158960887	74.26427856332485	951.8561456585596	1000.1181484429867	83.46816282415004	993.8423781542142	NaN
1	0.10500000000000001	892.5102219853572	403.9815101679233	74.26458974056979	951.79428354903	1000.046143791239	83.4677487963175	993.7709022162959	NaN
1	0.10500000000000001	893.5911211269477	403.9748453277524	74.2613500872182	951.7388825626118	999.9752116740996	83.46695514493211	993.7004158458956	NaN
1	0.10500000000000001	894.672020268538	403.9874765175236	74.25466134935279	951.6902991209141	999.9059573819945	83.4657967473933	993.6315221083659	NaN
1	0.10500000000000001	895.7529194101282	404.0188961439749	74.24465450714767	951.6488221371857	999.8389588502351	83.46429138842075	993.5647975083572	NaN
1	0.10500000000000001	896.8338185517187	404.0684416603225	74.2314879423214	951.6146718805213	999.7747621315727	83.46245954209697	993.5007874585286	NaN
1	0.10500000000000001	897.9147176933091	404.1353045286824	74.21534537833259	951.5879994627209	999.7138772445711	83.46032413520945	993.4400021173673	NaN
1	0.10500000000000001	898.9956168348994	404.21854026391617	74.196433620528	951.5688869389285	999.6567744258368	83.4579102943509	993.3829126243678	NaN
1	0.10500000000000001	900.0765159764896	404.3170794528358	74.17498012513212	951.5573480082727	999.6038808100432	83.45524507930818	993.3299477567855	NaN
1	0.10500000000000001	901.157738593484	404.42977533992985	74.15122300170836	951.5533292087406	999.5555638235448	83.45235631073264	993.2814772361157	NaN
1	0.10500000000000001	902.246399638804	404.55622166722395	74.12524559410532	951.5567649699872	999.5118922465083	83.44925306676018	993.237571015242	NaN
1	0.10500000000000001	903.3451450598584	404.6956192966784	74.097218609063	951.5676564133146	999.473173050587	83.44595540136129	993.1985373590211	NaN
1	0.10500000000000001	904.4575507945117	404.8472583128575	74.06729559887246	951.5860210545289	999.4397007727185	83.44248141084891	993.1646718212955	NaN
1	0.10500000000000001	905.5849097970447	405.01004877626485	74.03570499893632	951.6118308444426	999.4118542697113	83.4388578937543	993.1363552569497	NaN
1	0.10500000000000001	906.7270910568293	405.1825413007019	74.0027410463684	951.6449590357009	999.3900183431123	83.43511891104599	993.1139758307777	NaN
1	0.10500000000000001	907.8814047431596	405.362705445638	73.96880171349977	951.6850901279263	999.3745487510008	83.43130976285556	993.0978951013766	NaN
1	0.10500000000000001	909.0431673003045	405.5480005058835	73.93436985090639	951.7316763757393	999.36568749009	83.42748446145079	993.0883635297814	NaN
1	0.10500000000000001	910.2065985819756	405.7355720765692	73.89997283025612	951.783946968662	999.3635000241218	83.42370097557372	993.0854573141431	NaN
1	0.10500000000000001	911.3700298636468	405.9231918518545	73.86601105086298	951.8411809505336	999.3678790023888	83.42000246887382	993.0890784211799	NaN
1	0.10500000000000001	912.5334611453179	406.1089372175701	73.83282256709504	951.9026835341997	999.3786350909284	83.41642490613958	993.0990461296003	NaN
1	0.10500000000000001	913.696892426989	406.2909462733404	73.80072929874231	951.9677313950234	999.3955178724445	83.41300223371516	993.1151187622229	NaN
1	0.10500000000000001	914.8603237086602	406.4674356167672	73.77003415845628	952.0355806748321	999.418219733767	83.40976607719068	993.136997481307	NaN
1	0.10500000000000001	916.0237549903313	406.6367169646224	73.74101846172151	952.1054750284308	999.4463802526807	83.40674546886143	993.164330584714	NaN
1	0.10500000000000001	917.1871862720025	406.7972124615401	73.71393963468871	952.1766536300464	999.479591029318	83.40396660712457	993.1967182489847	NaN
1	0.10500000000000001	918.3506175536736	406.94746854254555	73.68902923130251	952.2483590588762	999.5174009038964	83.40145264960238	993.2337176619792	NaN
1	0.10500000000000001	919.5140488353447	407.0861682328681	73.66649126744234	952.3198449855153	999.5593214997963	83.39922354144251	993.2748484849155	NaN
1	0.10500000000000001	920.6774801170159	407.21214178669965	73.64650087632685	952.3903835844183	999.6048330288523	83.3972958798694	993.3195985814456	NaN
1	0.10500000000000001	921.840911398687	407.3243755856683	73.62920328623154	952.4592726016526	999.653390294262	83.39568281567745	993.3674299498717	NaN
1	0.10500000000000001	923.0043426803581	407.42201923757244	73.6147131186422	952.5258420119943	999.7044288257297	83.39439399196016	993.4177847937726	NaN
1	0.10500000000000001	924.1677739620293	407.5043908361254	73.60311400231188	952.5894602048278	999.7573710813522	83.39343552000695	993.4700916661025	NaN
1	0.10500000000000001	925.3312052437004	407.5709803628485	73.59445849629564	952.6495396443108	999.8116326513102	83.39280999191128	993.5237716223164	NaN
1	0.10500000000000001	926.4946365253716	407.62145123256437	73.5887683128823	952.7055419557424	999.8666283996479	83.39251652905658	993.578244319187	NaN
1	0.10500000000000001	927.6580678070427	407.65564000394954	73.58603482941261	952.7569823969783	999.9217784822838	83.39255086529108	993.6329339977685	NaN
1	0.10500000000000001	928.8214990887138	407.6735542960357	73.58621987623124	952.8034336809832	999.9765141818652	83.3929054632688	993.6872752913365	NaN
1	0.10500000000000001	929.984930370385	407.6753689701952	73.58925678645275	952.8445291231036	1000.0302835031264	83.39356966210696	993.740718802076	NaN
1	0.10500000000000001	931.1483616520561	407.6614206547698	73.59505169179128	952.8799650943105	1000.0825564760048	83.39452985420394	993.7927363937964	NaN
1	0.10500000000000001	932.3117929337272	407.63220070590364	73.60348504739714	952.9095027693808	1000.132830117854	83.39576968880144	993.8428261519564	NaN
1	0.10500000000000001	933.4752242153984	407.5883467131422	73.61441336743628	952.9329691667103	1000.180633010616	83.39727029963886	993.8905169667036	NaN
1	0.10500000000000001	934.6386554970695	407.5306326717941	73.62767115202644	952.9502574840526	1000.2255294537329	83.39901055382693	993.9353726994558	NaN
1	0.10500000000000001	935.8020867787407	407.45995795579165	73.6430729850998	952.9613267418782	1000.2671231588164	83.40096731889295	993.9769958987355	NaN
1	0.10500000000000001	936.9676169649622	407.3771760383843	73.66044869362753	952.9662039909433	1000.305125401798	83.40311977827093	994.015096217425	NaN
1	0.10500000000000001	938.1407003832527	407.2828822954345	73.67968173598369	952.964923273855	1000.3393549766637	83.40545367899692	994.0494911957453	NaN
1	0.10500000000000001	939.3244345041047	407.17781955673576	73.70062311767141	952.9574908041087	1000.3695375346248	83.4079505976994	994.0799052059164	NaN
1	0.10500000000000001	940.5224302019456	407.06271953400835	73.7231259938496	952.9439112550677	1000.3954008211883	83.41059235526183	994.1060647441471	NaN
1	0.10500000000000001	941.7372477765057	406.9384782969352	73.74701151893699	952.9242114595962	1000.4166392033076	83.41335704009555	994.1276624827943	NaN
1	0.10500000000000001	942.9707352087547	406.8061766671354	73.77206668030355	952.8984667990424	1000.4329408434523	83.41621895239545	994.1443842039189	NaN
1	0.10500000000000001	944.2230875471704	406.6672198781856	73.79801959603193	952.8668519623558	1000.4440017178731	83.41914598851477	994.1559221893659	NaN
1	0.10500000000000001	945.492333475725	406.5234230559309	73.8245263611777	952.8296978200075	1000.4495683835175	83.4220984848118	994.1620174009796	NaN
1	0.10500000000000001	946.7739834241032	406.377041320953	73.85116881351603	952.7875432141458	1000.4494951243507	83.42502935857739	994.1625161715749	NaN
1	0.10500000000000001	948.0618010656112	406.2306191258413	73.87748513086714	952.7411334597193	1000.4437993983586	83.42788784868307	994.1574259127381	NaN
1	0.10500000000000001	949.3496187071191	406.08667933341394	73.90302730161739	952.6913424569984	1000.4326771685388	83.43062594529195	994.1469315699482	NaN
1	0.10500000000000001	950.637436348627	405.9469655168327	73.92749305045746	952.6388776487541	1000.4164007644418	83.43321223889309	994.1312970478854	NaN
1	0.10500000000000001	951.925253990135	405.81312506559533	73.95060050506625	952.5844625829737	1000.3953005106132	83.43561800182832	994.1108442804082	NaN
1	0.10500000000000001	953.2130716316431	405.68669096203155	73.97209131895359	952.528827429665	1000.3697591466271	83.43781748287465	994.0859477548435	NaN
1	0.10500000000000001	954.500889273151	405.56906546082223	73.99173343824934	952.4726996552013	1000.3402057271612	83.43978815674085	994.0570285118614	NaN
1	0.10500000000000001	955.7887069146589	405.4615058233056	74.00932348062655	952.416794967349	1000.3071090923294	83.44151092651273	994.0245477100134	NaN
1	0.10500000000000001	957.0765245561669	405.3651122283373	74.02468870003295	952.3618086375026	1000.2709710015166	83.44297027773554	993.9889998471727	NaN
1	0.10500000000000001	958.3643421976749	405.2808179510082	74.0376885168471	952.308407298906	1000.2323190257297	83.44415438348551	993.9509057329858	NaN
1	0.10500000000000001	959.6521598391828	405.2093818700184	74.04821559941381	952.2572213109082	1000.1916992939592	83.44505516043007	993.9108053070546	NaN
1	0.10500000000000001	960.9399774806907	405.1513833343309	74.05619648953125	952.2088377697198	1000.149669188336	83.44566827648144	993.8692503969581	NaN
1	0.10500000000000001	962.2277951221987	405.10721939020084	74.06159177122137	952.1637942358672	1000.1067900809497	83.4459931112495	993.8267975084702	NaN
1	0.10500000000000001	963.5156127637067	405.0771043411066	74.06439578888131	952.1225732377392	1000.0636202021941	83.44603267105956	993.7840007374219	NaN
1	0.10500000000000001	964.8034304052146	405.06107158576805	74.0646359275376	952.085597599427	1000.0207077264581	83.44579346080798	993.7414048887604	NaN
1	0.10500000000000001	966.0912480467225	405.0589776535562	74.0623714742661	952.0532266296178	999.9785841559847	83.44528531539619	993.6995388834752	NaN
1	0.10500000000000001	967.3790656882305	405.07050833240527	74.05769208576972	952.0257531967665	999.9377580778731	83.44452119391082	993.6589095283606	NaN
1	0.10500000000000001	968.6668833297385	405.0951867620158	74.05071589249438	952.0034017042713	999.8987093625935	83.44351694009153	993.6199957170805	NaN
1	0.10500000000000001	969.9547009712464	405.1323833448551	74.04158727441397	951.9863269680401	999.861883865126	83.44229101291677	993.5832431238542	NaN
1	0.10500000000000001	971.2425186127543	405.181327309362	74.03047434763593	951.9746139877716	999.8276886820339	83.44086419141514	993.5490594434406	NaN
1	0.10500000000000001	972.5303362542624	405.24111974398016	74.017566204211	951.9682785926351	999.796488009547	83.43925925802593	993.5178102229025	NaN
1	0.10500000000000001	973.8208152259995	405.3109012282014	74.0030384996151	951.96727228962	999.7685456305427	83.43749688923933	993.4897610351939	NaN
1	0.10500000000000001	975.122273216778	405.3901432889128	73.98699903333218	951.9715535962918	999.7440083649373	83.4355896027201	993.4650598905845	NaN
1	0.10500000000000001	976.4388945191097	405.47811368560394	73.96959997916483	951.9811071379361	999.7231352777263	83.43355545874354	993.4439671738597	NaN
1	0.10500000000000001	977.7750632439886	405.57403761909524	73.9510016499038	951.9959103560154	999.7061920499278	83.43141345147087	993.4267500117917	NaN
1	0.10500000000000001	979.1320416509329	405.6768123278785	73.93142631069568	952.0158725823557	999.693478989113	83.42918958865395	993.4137112314922	NaN
1	0.10500000000000001	980.5079615877307	405.78493424999965	73.91116765878351	952.0407708676922	999.6852736823395	83.42691759967568	993.4051326374374	NaN
1	0.10500000000000001	981.8967306808635	405.8963930073813	73.8906060572445	952.0701732930602	999.6817697061937	83.42464025673686	993.4012144986555	NaN
1	0.10500000000000001	983.2898003887633	406.00885763200205	73.87016957688017	952.1034361462071	999.6830018868035	83.4224046701726	993.4020005254695	NaN
1	0.10500000000000001	984.6828700966632	406.1203208532878	73.85021632577256	952.1398883328335	999.6888452402926	83.42024937688069	993.4073743027571	NaN
1	0.10500000000000001	986.0759398045632	406.2291758981835	73.83102552206354	952.1789120811435	999.6990927547661	83.41820382111692	993.4171363117271	NaN
1	0.10500000000000001	987.469009512463	406.3338961362068	73.8128574968446	952.2198681462964	999.7134783740263	83.41629507051795	993.4310280277028	NaN
1	0.10500000000000001	988.8620792203628	406.4330553841017	73.79595043535394	952.2621057260053	999.7316824364899	83.41454748234536	993.4487372476831	NaN
1	0.10500000000000001	990.2551489282628	406.52534622403255	73.7805175425182	952.3049722910057	999.7533377564126	83.41298241776562	993.469904064055	NaN
1	0.10500000000000001	991.6482186361627	406.6095961140946	73.76674465829753	952.3478231888133	999.7780362423194	83.41161800712902	993.4941273808578	NaN
1	0.10500000000000001	993.0412883440625	406.684781107503	73.75478834080526	952.3900308858149	999.805335942313	83.41046896841486	993.520971863648	NaN
1	0.10500000000000001	994.4343580519624	406.7500370364553	73.74477442790126	952.4309937212032	999.8347684024257	83.40954648017807	993.5499752103709	NaN
1	0.10500000000000001	995.8274277598623	406.8046680577113	73.7367970810056	952.4701440564097	999.8658462224007	83.40885810952055	993.5806556287474	NaN
1	0.10500000000000001	997.2204974677622	406.84815249875	73.73091830830323	952.5069557153582	999.8980706932394	83.40840779479562	993.6125194054343	NaN
1	0.10500000000000001	998.6135671756621	406.8801459852573	73.72716795835251	952.540950623826	999.9309394024859	83.40819588195026	993.6450684537203	NaN
1	0.10500000000000001	1000.0066368835619	406.90048187200654	73.72554416939323	952.5717045702643	999.9639536965022	83.40821921266371	993.6778077295868	NaN
1	0.10500000000000001	1001.3997065914618	406.9091690392543	73.72601425438212	952.5988520253501	999.9966258938186	83.40847126169528	993.710252410624	NaN
1	0.10500000000000001	1002.7927762993618	406.90638715495896	73.72851599697265	952.6220899730664	1000.0284861499291	83.40894232020672	993.7419347383981	NaN
1	0.10500000000000001	1004.1858460072616	406.892479538862	73.73295932929567	952.641180722002	1000.0590888815228	83.40961972121488	993.7724104322742	NaN
1	0.10500000000000001	1005.5789157151614	406.86794379721044	73.73922835848818	952.6559536815495	1000.0880186669496	83.41048810277783	993.8012645913358	NaN
1	0.10500000000000001	1006.9719854230614	406.83342042619006	73.74718370545637	952.6663061035216	1000.1148955495511	83.41152970406941	993.8281170107131	NaN
1	0.10500000000000001	1008.3650551309613	406.78967960757916	73.75666511634833	952.6722028051466	1000.13937968119	83.41272468914597	993.8526268491452	NaN
1	0.10500000000000001	1009.7628779102013	406.73741560728035	73.76753334303979	952.6736724440487	1000.1612447195416	83.41405621960371	993.8745663941778	NaN
1	0.10500000000000001	1011.1732432172188	406.677190977989	73.77967583592425	952.6707383497703	1000.1803074118078	83.4155106536676	993.8937512810882	NaN
1	0.10500000000000001	1012.6013290525206	406.6096714045494	73.79295796050054	952.6634130742507	1000.1963308691105	83.417071582573	993.9099434235202	NaN
1	0.10500000000000001	1014.0520621079294	406.5355941786554	73.80723145821764	952.6517230344813	1000.2090692309059	83.4187210434629	993.9228955363991	NaN
1	0.10500000000000001	1015.5277429600724	406.45593466374135	73.82230362604994	952.6357509132374	1000.2182604080348	83.42043609066991	993.9323432721411	NaN
1	0.10500000000000001	1017.0271373194945	406.3720101776514	73.83792061245774	952.6156937255946	1000.223663435717	83.42218720150244	993.9380419469724	NaN
1	0.10500000000000001	1018.5439418021878	406.2855833901936	73.85375191560233	952.5919347624986	1000.2251144069685	83.42393693413747	993.9398217396575	NaN
1	0.10500000000000001	1020.0681410590025	406.19873912684466	73.8694170149504	952.5650609533532	1000.2225964414387	83.42564330700013	993.9376577273329	NaN
1	0.10500000000000001	1021.5923403158173	406.11341742745697	73.8845711250007	952.535737686546	1000.2162517689397	83.42726930881835	993.9316837208961	NaN
1	0.10500000000000001	1023.1165395726321	406.03106863471976	73.89896317837922	952.5045494404322	1000.2063019993207	83.42878876859179	993.9221143538372	NaN
1	0.10500000000000001	1024.640738829447	405.9530489019443	73.91236246365801	952.4720964373074	1000.1930255081173	83.43017814162984	993.9092210578453	NaN
1	0.10500000000000001	1026.1649380862616	405.88059920475564	73.92456213089186	952.4389836665694	1000.176750911307	83.43141684611791	993.8933256581776	NaN
1	0.10500000000000001	1027.6891373430763	405.8148269904296	73.93538218760365	952.4058101470324	1000.1578498490308	83.43248753769821	993.8747932717096	NaN
1	0.10500000000000001	1029.2133365998911	405.75669070493666	73.94467194268633	952.3731586095073	1000.136729225406	83.43337631909644	993.8540246529959	NaN
1	0.10500000000000001	1030.737535856706	405.7069873800544	73.95231186654277	952.3415857677485	1000.1138230566771	83.43407288307935	993.8314481389754	NaN
1	0.10500000000000001	1032.2617351135207	405.66634340407757	73.95821484719743	952.3116133303621	1000.089584082231	83.43457058823546	993.8075113454844	NaN
1	0.10500000000000001	1033.7859343703353	405.6352085407401	73.96232683384585	952.2837198886045	1000.064475292491	83.4348664683018	993.7826727684236	NaN
1	0.10500000000000001	1035.3101336271502	405.6138532029605	73.9646268710955	952.2583337955791	1000.0389615244984	83.43496117686415	993.7573934395015	NaN
1	0.10500000000000001	1036.834332883965	405.60236893184157	73.96512653871244	952.2358271315533	1000.0135012702475	83.43485887037073	993.7321287809767	NaN
1	0.10500000000000001	1038.3585321407797	405.60067197785537	73.96386882275483	952.2165108283856	999.9885388347521	83.43456703335278	993.7073207959646	NaN
1	0.10500000000000001	1039.8827313975944	405.60850983107395	73.9609264542788	952.2006310037488	999.9644969705934	83.43409625063008	993.6833907209434	NaN
1	0.10500000000000001	1041.4069306544093	405.62547050136425	73.95639976111616	952.1883665333826	999.9417701035985	83.4334599320799	993.6607322552005	NaN
1	0.10500000000000001	1042.9311299112242	405.6509943082345	73.95041408633801	952.1798278673693	999.9207182505822	83.43267399615178	993.6397054685076	NaN
1	0.10500000000000001	1044.4553291680388	405.6843879040181	73.9431168337757	952.1750570747657	999.901661715047	83.43175651886773	993.6206314734826	NaN
1	0.10500000000000001	1045.984654103681	405.7249871663492	73.93464408328607	952.1740318540021	999.8848242880588	83.43072372967178	993.6037353272078	NaN
1	0.10500000000000001	1047.5296998846961	405.77228167092545	73.92510017984617	952.1767296219141	999.8703707597399	83.42958800826584	993.5891828349061	NaN
1	0.10500000000000001	1049.0967854803757	405.8256377400725	73.91461571017797	952.1831370747421	999.8585251763177	83.42836497398294	993.5771991874751	NaN
1	0.10500000000000001	1050.6915637328775	405.8843265130839	73.90333902298683	952.1932187074352	999.8495183915151	83.42707223854065	993.5680167139983	NaN
1	0.10500000000000001	1052.3145321057273	405.9473077541745	73.8914757719926	952.2068566338797	999.8435906853827	83.42573376864603	993.5618783288533	NaN
1	0.10500000000000001	1053.9597195774118	406.0131267396738	73.87930391354386	952.2237767137982	999.8409331174222	83.42438118446593	993.558979634809	NaN
1	0.10500000000000001	1055.6146656833635	406.0799311878909	73.8671657631765	952.2434969330383	999.8416126298133	83.42305244275735	993.5593944041461	NaN
1	0.10500000000000001	1057.2696117893151	406.1459394079148	73.85538027863592	952.2654347984891	999.8455359863325	83.42178199316443	993.5630369045329	NaN
1	0.10500000000000001	1058.9245578952668	406.20981537413604	73.84417922592147	952.289068884884	999.8525210008787	83.42059419937262	993.5697312419941	NaN
1	0.10500000000000001	1060.5795040012185	406.27030856423676	73.83377491018922	952.3138590489698	999.862328071319	83.41951096334188	993.579244113641	NaN
1	0.10500000000000001	1062.2344501071702	406.32627710216485	73.82435644379166	952.3392581419974	999.8746669042331	83.41855135070647	993.5912914022942	NaN
1	0.10500000000000001	1063.889396213122	406.37670795081476	73.81608661741564	952.364723505553	999.8892040750717	83.41773128602888	993.6055456130244	NaN
1	0.10500000000000001	1065.5443423190736	406.42073382570953	73.80909941580144	952.3897280204803	999.9055712424772	83.41706332207076	993.6216439727065	NaN
1	0.10500000000000001	1067.1992884250253	406.45764657847667	73.80349820489	952.4137704946511	999.9233738275473	83.41655648557158	993.6391970055022	NaN
1	0.10500000000000001	1068.854234530977	406.48690687957924	73.79935460284054	952.4363851953249	999.9421999649645	83.41621620042754	993.6577973930031	NaN
1	0.10500000000000001	1070.5091806369287	406.5081501118196	73.79670803344725	952.4571503552877	999.961629533143	83.41604428749324	993.6770289276838	NaN
1	0.10500000000000001	1072.1641267428804	406.5211884677857	73.79556594726986	952.4756955082804	999.98124307473	83.41603903871514	993.696475372188	NaN
1	0.10500000000000001	1073.819072848832	406.52600932391005	73.79590468344954	952.4917075378411	1000.0006304267677	83.41619536181648	993.7157290445246	NaN
1	0.10500000000000001	1075.4740189547838	406.52277003947853	73.79767093384676	952.5049353538618	1000.0193988912874	83.41650499039811	993.7343989604086	NaN
1	0.10500000000000001	1077.1289650607355	406.51178939923136	73.8007837609347	952.5151931422807	1000.0371807917485	83.41695675314162	993.7521183782238	NaN
1	0.10500000000000001	1078.7839111666872	406.4935359817432	73.80513711189246	952.5223621646738	1000.0536402781532	83.41753689471342	993.768551609144	NaN
1	0.10500000000000001	1080.4388572726389	406.46861379137397	73.81060276366361	952.5263911153868	1000.06847926342	83.41822944016309	993.7833999744084	NaN
1	0.10500000000000001	1082.101867308932	406.43758188232533	73.81706706521103	952.5272919319519	1000.0815006059946	83.41902063010116	993.796465317784	NaN
1	0.10500000000000001	1083.7838393071675	406.400941858236	73.82442815211253	952.5250756389757	1000.092527829666	83.41989812383672	993.80757024985	NaN
1	0.10500000000000001	1085.4926436458695	406.3592794688525	73.83256694692274	952.5197545829187	1000.1013541139117	83.4208474986006	993.8165068878075	NaN
1	0.10500000000000001	1087.2343251579086	406.31330535154245	73.84134114074416	952.5113715188756	1000.1077653137615	83.42185173354564	993.8230595799594	NaN
1	0.10500000000000001	1089.0086243636397	406.2640255955903	73.8505548052343	952.5000575161347	1000.1115516962071	83.42288794685608	993.8270159068406	NaN
1	0.10500000000000001	1090.806338134687	406.2128512231904	73.85994201575843	952.4861075194178	1000.1125663610223	83.42392596483727	993.8282243287491	NaN
1	0.10500000000000001	1092.6110424888193	406.1615073143079	73.86918801507353	952.470010924394	1000.1108004068749	83.424931121968	993.8266692616244	NaN
1	0.10500000000000001	1094.4157468429516	406.1114469638702	73.87803595547076	952.452282818348	1000.1063826280883	83.42587599346388	993.8224730635573	NaN
1	0.10500000000000001	1096.220451197084	406.06385156129755	73.88628265444389	952.4334127267982	1000.099511489505	83.42673950359767	993.8158284115843	NaN
1	0.10500000000000001	1098.0251555512164	406.0198018099819	73.89374645864645	952.4139014231873	1000.0904387472186	83.42750328817196	993.8069813518891	NaN
1	0.10500000000000001	1099.8298599053487	405.98025473840175	73.90027098953391	952.3942482857982	1000.079461465531	83.42815205149695	993.7962234537724	NaN
1	0.10500000000000001	1101.634564259481	405.94602452900415	73.9057281474669	952.3749391234488	1000.0669131976604	83.42867383586204	993.783883117377	NaN
1	0.10500000000000001	1103.4392686136134	405.91776749957273	73.91002032211802	952.3564347516743	1000.0531545750879	83.42906019996137	993.7703162773058	NaN
1	0.10500000000000001	1105.2439729677458	405.8959714587141	73.91308177842265	952.339160572796	1000.0385635563817	83.429306305058	993.755896750618	NaN
1	0.10500000000000001	1107.0486773218781	405.880949542868	73.91487920907251	952.3234973797969	1000.0235255859342	83.42941091000992	993.7410064777721	NaN
1	0.10500000000000001	1108.8533816760105	405.87283852966664	73.91541146605438	952.3097735663215	1000.008423906518	83.42937627844987	993.7260258989967	NaN
1	0.10500000000000001	1110.6580860301428	405.87160151411916	73.91470850437557	952.2982588844474	999.9936302573071	83.42920800344884	993.7113246968286	NaN
1	0.10500000000000001	1112.4627903842752	405.87703473238844	73.91282959030887	952.289159849228	999.9794961715289	83.42891475682784	993.6972531185635	NaN
1	0.10500000000000001	1114.2674947384075	405.88877822497784	73.9098608437141	952.2826168454975	999.9663450658362	83.42850797182902	993.6841340707845	NaN
1	0.10500000000000001	1116.07219909254	405.9063299488248	73.9059121987925	952.2787029491136	999.9544652875085	83.42800146922875	993.6722561526299	NaN
1	0.10500000000000001	1117.8826590315862	405.92914290823796	73.90109737051677	952.2774245253512	999.9440738708633	83.42740903881814	993.6618372477736	NaN
1	0.10500000000000001	1119.71465552636	405.9567787889628	73.89550618136334	952.278770030427	999.9353226629212	83.42674144259058	993.653030014247	NaN
1	0.10500000000000001	1121.5772454560151	405.9886917411703	73.889250842297	952.2827301787622	999.9284074807363	83.42601216873508	993.6460312391249	NaN
1	0.10500000000000001	1123.4784481409329	406.0242353789393	73.88246181638618	952.2892660284907	999.923523127551	83.42523670413696	993.6410370938385	NaN
1	0.10500000000000001	1125.4163580449274	406.0624493728224	73.87532646202851	952.2982448562817	999.9208597247061	83.42443675947672	993.6382403207783	NaN
1	0.10500000000000001	1127.3766377482198	406.1019754050603	73.8680998825697	952.3093631568674	999.920532661304	83.42364103767724	993.637760926045	NaN
1	0.10500000000000001	1129.3374234290718	406.1412202837254	73.86107047586665	952.322137824213	999.9225087267029	83.42288100391508	993.6395721130792	NaN
1	0.10500000000000001	1131.2982091099238	406.17905294480084	73.85443540431353	952.3361368688115	999.9266463019128	83.42217745432662	993.6435375157525	NaN
1	0.10500000000000001	1133.258994790776	406.21443447319257	73.84837129107007	952.3509114497087	999.9327462976275	83.42154858975205	993.6494632787326	NaN
1	0.10500000000000001	1135.219780471628	406.24643491275873	73.84303171058536	952.3660069101467	999.9405603873013	83.42100978717019	993.6571061762075	NaN
1	0.10500000000000001	1137.18056615248	406.27425608749485	73.83854363783084	952.3809761014784	999.9497999810033	83.42057326032928	993.6661824434755	NaN
1	0.10500000000000001	1139.141351833332	406.29724978476906	73.83500479773394	952.3953920019077	999.9601460299102	83.42024782397074	993.6763774523421	NaN
1	0.10500000000000001	1141.102137514184	406.3149309434635	73.83248195463366	952.4088592917902	999.9712593484574	83.4200387646392	993.687355920544	NaN
1	0.10500000000000001	1143.062923195036	406.32698564731317	73.8310101533982	952.4210245894759	999.9827911376077	83.41994781795877	993.698772341389	NaN
1	0.10500000000000001	1145.0237088758881	406.3332738815317	73.83059289667358	952.4315851010714	999.9943933983892	83.41997324916336	993.7102813247235	NaN
1	0.10500000000000001	1146.9844945567402	406.3338271643097	73.83120321721422	952.4402954922439	1000.005728939305	83.4201100307963	993.7215475542112	NaN
1	0.10500000000000001	1148.9452802375922	406.3288413095774	73.83278558094126	952.4469728486094	1000.0164807037179	83.42035010893225	993.7322550876232	NaN
1	0.10500000000000001	1150.9060659184443	406.3186647095277	73.83525853575556	952.4514996514284	1000.0263601729263	83.42068274698488	993.7421157558226	NaN
1	0.10500000000000001	1152.8668515992963	406.30378264134526	73.8385180035915	952.4538247555133	1000.0351146362655	83.42109493436053	993.7508764510263	NaN
1	0.10500000000000001	1154.846151617041	406.28460155936756	73.84248087522195	952.4539534874808	1000.0425962773425	83.42157660658141	993.7583886458106	NaN
1	0.10500000000000001	1156.8559451366125	406.261588120978	73.84705117251438	952.4518853910223	1000.0486266569648	83.42211609365049	993.7644731361709	NaN
1	0.10500000000000001	1158.9083356673946	406.23526990506093	73.85212193484082	952.4476389659285	1000.0530292292348	83.42270052958477	993.7689523622001	NaN
1	0.10500000000000001	1161.0060948009827	406.2064015468747	73.85754456770498	952.4412951601795	1000.0556236653196	83.42331245138999	993.7716441170206	NaN
1	0.10500000000000001	1163.1366716167338	406.17609725627153	73.86310791185362	952.4330747355299	1000.0562778917312	83.4239278239429	993.7724127595962	NaN
1	0.10500000000000001	1165.273329678149	406.14577996837204	73.86855242131993	952.4233834267101	1000.0549873339777	83.42451809183584	993.7712481876224	NaN
1	0.10500000000000001	1167.4099877395643	406.11656826442413	73.87368155393393	952.4126317272295	1000.051869722822	83.42506238888912	993.768263067795	NaN
1	0.10500000000000001	1169.5466458009796	406.0894157878645	73.87833263222745	952.4012296476861	1000.0471050149366	83.42554396327544	993.7636325681963	NaN
1	0.10500000000000001	1171.6833038623947	406.0651674455437	73.88236580542991	952.3895929299036	1000.0409222162698	83.42594888067727	993.7575810403404	NaN
1	0.10500000000000001	1173.8199619238098	406.04453492866116	73.88566793133589	952.3781286102299	1000.0335895826279	83.42626638703518	993.7503723733421	NaN
1	0.10500000000000001	1175.9566199852252	406.028077772761	73.88815539109878	952.3672214630869	1000.0254038736863	83.42648914791039	993.7422993854487	NaN
1	0.10500000000000001	1178.0932780466405	406.0161903777117	73.88977578061319	952.3572217521591	1000.0166790659905	83.42661336130125	993.7336726545013	NaN
1	0.10500000000000001	1180.2299361080557	406.00909518831446	73.89050846324388	952.3484346545068	1000.0077349325179	83.42663874519913	993.7248091916668	NaN
1	0.10500000000000001	1182.3665941694708	406.00684201832667	73.89036400893092	952.3411116508668	999.9988858843559	83.42656840539547	993.7160213517726	NaN
1	0.10500000000000001	1184.5032522308861	406.00931329248203	73.88938258268337	952.3354440964233	999.9904304450263	83.4264085929415	993.7076063494401	NaN
1	0.10500000000000001	1186.6399102923015	406.0162347890939	73.88763137982274	952.3315591033058	999.9826416913447	83.4261683639854	993.6998367145827	NaN
1	0.10500000000000001	1188.7765683537166	406.02719129579236	73.88520123489064	952.3295177819974	999.9757589481878	83.42585915758056	993.6929519752352	NaN
1	0.10500000000000001	1190.9339898490834	406.04180206518737	73.88217102782822	952.3293226964661	999.9699307836173	83.42549053817983	993.687101305513	NaN
1	0.10500000000000001	1193.1278826776916	406.0596434299231	73.87862843866083	952.3309756120178	999.9653210606799	83.42507312885311	993.6824492513059	NaN
1	0.10500000000000001	1195.3724087146247	406.08021470894397	73.87467521283358	952.3344564633879	999.9620940491076	83.42461909958678	993.6791610632498	NaN
1	0.10500000000000001	1197.6684692599913	406.10277979994316	73.87045578161211	952.339674954828	999.9604106421143	83.42414528972347	993.677399554238	NaN
1	0.10500000000000001	1199.9940373861423	406.1262328889733	73.86617794502777	952.3463867658638	999.9603684578552	83.42367511529118	993.6772660798987	NaN
1	0.10500000000000001	1202.319605512293	406.14931849406645	73.86206811830293	952.3542015056735	999.9619285080363	83.42323320607343	993.678726782839	NaN
1	0.10500000000000001	1204.6451736384438	406.17112037861756	73.85828489793316	952.3627554826664	999.9649578773664	83.42283617289638	993.6816531110846	NaN
1	0.10500000000000001	1206.9707417645948	406.1908140877905	73.8549667317773	952.3716710149263	999.9692701182662	83.42249809029789	993.6858629394085	NaN
1	0.10500000000000001	1209.2963098907458	406.2076962503092	73.85222722154505	952.3805722907845	999.9746351134872	83.4222300387884	993.691130259165	NaN
1	0.10500000000000001	1211.6218780168965	406.22120771611986	73.85015163610518	952.3891004639656	999.9807902722697	83.4220397878775	993.6971962177817	NaN
1	0.10500000000000001	1213.9474461430473	406.230949861326	73.84879472078896	952.3969274068585	999.9874525500919	83.42193162653203	993.7037810036217	NaN
1	0.10500000000000001	1216.2730142691983	406.2366936969956	73.84817983210873	952.4037676245225	999.9943307708792	83.42190634157666	993.7105960595823	NaN
1	0.10500000000000001	1218.5985823953492	406.23838172547744	73.84829937315989	952.4093879278201	1000.0011377408887	83.42196133844907	993.7173561179121	NaN
1	0.10500000000000001	1220.9241505215	406.2361227841308	73.84911645441258	952.4136145720364	1000.0076016740064	83.42209089332786	993.7237905779001	NaN
1	0.10500000000000001	1223.2497186476508	406.2301803902126	73.85056765935562	952.4163376825883	1000.0134764968291	83.42228652070041	993.7296537953661	NaN
1	0.10500000000000001	1225.5800224492077	406.2209335416131	73.85257131720405	952.4175137239488	1000.0185600584223	83.42253799559612	993.7347433375421	NaN
1	0.10500000000000001	1227.944520924922	406.20871568434745	73.8550585211394	952.4171395447245	1000.0227211008904	83.42283692977166	993.7389274224508	NaN
1	0.10500000000000001	1230.3589496027357	406.19395195295147	73.85794191915313	952.4152173759097	1000.0258005470558	83.42317273577518	993.7420462556403	NaN
1	0.10500000000000001	1232.836473138812	406.17717768595435	73.86111467750976	952.4117884515804	1000.0276490084608	83.42353274534652	993.7439492437378	NaN
1	0.10500000000000001	1235.3620684587204	406.1592514040847	73.86441268078683	952.4070066821511	1000.0281432638355	83.42389815945478	993.744510544015	NaN
1	0.10500000000000001	1237.8935889756472	406.1413351755294	73.86762355048963	952.401198819799	1000.0272734983754	83.42424557945797	993.7437158636124	NaN
1	0.10500000000000001	1240.425109492574	406.12432309086813	73.87059079543542	952.39470007165	1000.0251432449716	83.42455845112868	993.7416646320565	NaN
1	0.10500000000000001	1242.9566300095007	406.1089841964973	73.8731843036366	952.3878533868524	1000.0219139622336	83.42482347979559	993.738514349684	NaN
1	0.10500000000000001	1245.4881505264275	406.0959711849762	73.87529795327576	952.3810020484343	1000.0177919062121	83.42503028532445	993.7344675032035	NaN
1	0.10500000000000001	1248.0196710433543	406.0857947745268	73.87685355241629	952.374473273321	1000.0130161597339	83.42517175919225	993.7297597659314	NaN
1	0.10500000000000001	1250.551191560281	406.0788060808451	73.87780325869264	952.368563358612	1000.0078456633569	83.42524424839395	993.72464717433	NaN
1	0.10500000000000001	1253.0827120772078	406.07518744071854	73.87813043334152	952.3635250092299	1000.0025459144687	83.42524756569327	993.7193929416688	NaN
1	0.10500000000000001	1255.6142325941346	406.0749517223357	73.87784896147213	952.3595573476347	999.9973759851019	83.42518483396015	993.7142545553794	NaN
1	0.10500000000000001	1258.1457531110614	406.07794975140655	73.87700114304427	952.3567989545062	999.992576462802	83.42506217999733	993.709471760325	NaN
1	0.10500000000000001	1260.6772736279881	406.08388511355093	73.87565432321341	952.3553241281836	999.9883588460459	83.42488829957699	993.7052559592393	NaN
1	0.10500000000000001	1263.2383045524907	406.09244662491363	73.8738739659617	952.3551477441584	999.9848614870047	83.42467122979039	993.7017458993884	NaN
1	0.10500000000000001	1265.852381443582	406.10327690645937	73.87173427358354	952.3562751061826	999.9822276546168	83.42441999672921	993.6990853959218	NaN
1	0.10500000000000001	1268.5386272609219	406.11592351668014	73.8693265517814	952.3586814884603	999.980597040077	83.42414548308993	993.697415078421	NaN
1	0.10500000000000001	1271.2861575003813	406.129668485032	73.86678930385348	952.362251521432	999.9800903797241	83.42386364091622	993.6968577702546	NaN
1	0.10500000000000001	1274.0427141037142	406.1434698990182	73.86431385730674	952.3667023286299	999.980729825025	83.4235956222743	993.6974395582923	NaN
1	0.10500000000000001	1276.799270707047	406.1565041204405	73.86204456318589	952.3717279074216	999.9824236629184	83.42335672261022	993.6990724874461	NaN
1	0.10500000000000001	1279.55582731038	406.1680751785874	73.86009881926029	952.3770150747816	999.9850219964869	83.42315892178587	993.7016102651985	NaN
1	0.10500000000000001	1282.312383913713	406.17760550600093	73.85856970615264	952.382252017042	999.9883316138983	83.42301126376802	993.7048630786284	NaN
1	0.10500000000000001	1285.0689405170458	406.18466243864066	73.85752199749564	952.3871458142289	999.9921291209465	83.42291949746453	993.7086105457065	NaN
1	0.10500000000000001	1287.8254971203787	406.18897517473954	73.8569899724239	952.3914379967383	999.9961751006712	83.42288592193235	993.712615724817	NaN
1	0.10500000000000001	1290.5820537237116	406.19044172455176	73.8569770590835	952.3949173574238	1000.0002284482872	83.42290943421439	993.716639337606	NaN
1	0.10500000000000001	1293.3386103270445	406.18912597274954	73.85745723375452	952.3974294369159	1000.004060063475	83.42298576670184	993.7204533916013	NaN
1	0.10500000000000001	1296.0951669303774	406.18524552786147	73.85837800589755	952.3988823177381	1000.0074651603326	83.42310789089618	993.7238534646431	NaN
1	0.10500000000000001	1298.8774210723009	406.1790856697191	73.85967817868658	952.3992469568813	1000.0102965065503	83.4232681740385	993.7266920830432	NaN
1	0.10500000000000001	1301.7192920218654	406.17095641917234	73.86129319189051	952.3985151087286	1000.0124250068727	83.42345872443958	993.7288397061138	NaN
1	0.10500000000000001	1304.643944726015	406.16126568801593	73.86314054181194	952.3967054305507	1000.0137199125302	83.42366966845404	993.7301647672992	NaN
1	0.10500000000000001	1307.640276328612	406.1506568192928	73.86509613251317	952.39392021458	1000.0140715985024	83.4238866933827	993.7305557796805	NaN
1	0.10500000000000001	1310.6397432538238	406.1400862413205	73.86698485968702	952.3904248706154	1000.0134673273548	83.42409048082294	993.7299963479514	NaN
1	0.10500000000000001	1313.6392101790357	406.130266028501	73.86868275161487	952.3864942244123	1000.0119999826111	83.42426798316018	993.7285760259455	NaN
1	0.10500000000000001	1316.6386771042476	406.12180817630684	73.8700873897458	952.3824143943635	1000.0098155654543	83.42440884976162	993.7264375612217	NaN
1	0.10500000000000001	1319.6381440294595	406.1151997093869	73.8711216076653	952.3784654247987	1000.0070996636105	83.42450574904119	993.7237635412366	NaN
1	0.10500000000000001	1322.6376109546713	406.11077724649925	73.87173722473047	952.374902976515	1000.0040628766187	83.42455468774416	993.7207620042267	NaN
1	0.10500000000000001	1325.6370778798832	406.1087130042743	73.87191663952471	952.371942666329	1000.000925391254	83.42455508999342	993.7176511605967	NaN
1	0.10500000000000001	1328.6365448050951	406.1090125300312	73.87167229526496	952.3697479498722	999.9979017819004	83.42450964435615	993.7146442921456	NaN
1	0.10500000000000001	1331.636011730307	406.1115236573516	73.87104417112093	952.3684221558115	999.995187035416	83.42442394210144	993.7119358247377	NaN
1	0.10500000000000001	1334.659476438135	406.11599763703975	73.87008690515763	952.3680052734355	999.992928988558	83.42430489337607	993.7096736903718	NaN
1	0.10500000000000001	1337.7516164763929	406.12216106913183	73.86885783176803	952.3685085265149	999.9912467402186	83.42415952694691	993.7079773495872	NaN
1	0.10500000000000001	1340.9404324892448	406.1296429700986	73.86743223161774	952.3699169766114	999.9902619021047	83.42399685828836	993.7069691417133	NaN
1	0.10500000000000001	1344.2096264708443	406.13784692479254	73.86592494211591	952.3721325103144	999.9900717515685	83.42383009932603	993.7067480957508	NaN
1	0.10500000000000001	1347.4788204524436	406.14591677623395	73.86449198718303	952.3749085359514	999.9906757398875	83.4236763866333	993.7073170079323	NaN
1	0.10500000000000001	1350.748014434043	406.15322458051924	73.86324179045651	952.3779921586453	999.9919779703704	83.42354704291867	993.7085830005791	NaN
1	0.10500000000000001	1354.0172084156425	406.1592406350932	73.86226176891519	952.3811216129477	999.9938333398675	83.42345078173327	993.7104038976182	NaN
1	0.10500000000000001	1357.286402397242	406.16356926331383	73.86161272484249	952.3840474353243	999.996061967562	83.42339317925394	993.7126024282106	NaN
1	0.10500000000000001	1360.5555963788413	406.165971859595	73.8613256769014	952.3865513804849	999.9984654880235	83.42337642543838	993.7149823333432	NaN
1	0.10500000000000001	1363.8247903604406	406.16637615123625	73.86140123016823	952.3884617273624	1000.0008438110303	83.4233993572026	993.717344990188	NaN
1	0.10500000000000001	1367.0939843420401	406.1648717835302	73.86181137938009	952.3896639872931	1000.0030109986826	83.4234577539174	993.719505212385	NaN
1	0.10500000000000001	1370.382100300731	406.16167077732223	73.86250814911824	952.3901067914054	1000.0048181411302	83.42354542756178	993.7213141446001	NaN
1	0.10500000000000001	1373.7483751738253	406.1570146526313	73.86344062895554	952.3897765392887	1000.0061551508214	83.42365610585125	993.7226614086603	NaN
1	0.10500000000000001	1377.226766357006	406.1512406003524	73.86454027008033	952.3886846995907	1000.0069087037463	83.42378155845067	993.7234330356537	NaN
1	0.10500000000000001	1380.7950077807172	406.1448995682245	73.86570126208308	952.3869246724022	1000.0069926057934	83.42390962848354	993.7235411914963	NaN
1	0.10500000000000001	1384.3632492044285	406.1387514184863	73.86678575169911	952.3847226311623	1000.0064170362004	83.42402523282593	993.7229930291418	NaN
1	0.10500000000000001	1387.9314906281397	406.13335832818444	73.8676973801203	952.3823137573426	1000.0052794677011	83.42411838564897	993.7218832496033	NaN
1	0.10500000000000001	1391.499732051851	406.12917465099594	73.86836232636628	952.3799370070702	1000.0037234773803	83.42418186173576	993.720352806038	NaN
1	0.10500000000000001	1395.0679734755622	406.126511568859	73.86873472310505	952.3778125152884	1000.0019222679713	83.42421168939579	993.7185726606293	NaN
1	0.10500000000000001	1398.6362148992735	406.1255174721195	73.86879909965755	952.3761222562318	1000.0000605096791	83.4242073064684	993.7167258105312	NaN
1	0.10500000000000001	1402.2044563229847	406.1261748602425	73.8685698191808	952.3749955528608	999.9983163118254	83.42417138716146	993.7149893783848	NaN
1	0.10500000000000001	1405.777044241178	406.12831635541573	73.86808704314466	952.3745002591927	999.9968434286739	83.42410928918716	993.7135168610303	NaN
1	0.10500000000000001	1409.4342708215281	406.13173318300557	73.8673952405777	952.3746533444421	999.9957439385496	83.42402652500382	993.7124105470346	NaN
1	0.10500000000000001	1413.2183148367099	406.13612833974025	73.86655526943366	952.3754500827246	999.9951247897832	83.42393043727787	993.7117779104772	NaN
1	0.10500000000000001	1417.1110816429427	406.1410175200789	73.86566045406286	952.3768118106764	999.9950663097957	83.42383177188628	993.7117006932929	NaN
1	0.10500000000000001	1421.0038484491758	406.14571616563853	73.86483494908049	952.3785342348582	999.9955586150999	83.42374410761133	993.7121717425056	NaN
1	0.10500000000000001	1424.896615255409	406.1497174500723	73.86416521488349	952.3804005757728	999.9965075216279	83.42367636441925	993.7130994101991	NaN
1	0.10500000000000001	1428.7893820616418	406.1526282808988	73.86371422853756	952.382193712325	999.997775040093	83.42363461337224	993.7143480588079	NaN
1	0.10500000000000001	1432.6821488678747	406.15420466518657	73.86351620033375	952.3837202602678	999.9991978157053	83.42362160906576	993.7157562535606	NaN
1	0.10500000000000001	1436.5749156741078	406.15436801153317	73.86357485704222	952.3848302883848	1000.0006070510307	83.4236367231207	993.7171565036806	NaN
1	0.10500000000000001	1440.467682480341	406.153201933115	73.86386522431488	952.3854308017654	1000.0018475981162	83.42367625724914	993.7183942538877	NaN
1	0.10500000000000001	1444.4245730816956	406.1508864125087	73.86434743179257	952.3854885385401	1000.0028067599923	83.42373513725796	993.7193567722591	NaN
1	0.10500000000000001	1448.5198516862356	406.14766012324014	73.86497186514688	952.3849985465358	1000.0033869960663	83.42380731141243	993.7199461643696	NaN
1	0.10500000000000001	1452.7607945350296	406.14391385333334	73.86566209731257	952.3840105885922	1000.0035053145831	83.423883871734	993.7200784047021	NaN
1	0.10500000000000001	1457.0017373838236	406.14027205817234	73.86630394491229	952.3826997807435	1000.0031558270327	83.4239522370231	993.7197452021976	NaN
1	0.10500000000000001	1461.2426802326174	406.1372029821442	73.86681722221209	952.3812628345696	1000.0024208164779	83.42400410436925	993.7190265248325	NaN
1	0.10500000000000001	1465.4836230814112	406.13506334737025	73.86714482789475	952.3798975869958	1000.0014265680329	83.42403397810129	993.7180465173019	NaN
1	0.10500000000000001	1469.7245659302052	406.13406040723567	73.8672584130268	952.3787770318747	1000.0003234090268	83.42403966927871	993.7169538075295	NaN
1	0.10500000000000001	1473.9655087789993	406.13423651874484	73.86715984421885	952.3780286315981	999.9992641643177	83.42402232354621	993.7159001498062	NaN
1	0.10500000000000001	1478.2137998418502	406.13547943557217	73.86687797971476	952.3777210644093	999.998382663981	83.42398593460386	993.7150190196021	NaN
1	0.10500000000000001	1482.5899006277214	406.13761458619234	73.86645032601861	952.3778724571014	999.9977694817927	83.42393517983923	993.714401135578	NaN
1	0.10500000000000001	1487.1507650147673	406.1403696647966	73.86593208109926	952.3784713534891	999.9975132287607	83.42387666807147	993.714135646724	NaN
1	0.10500000000000001	1491.7750486447653	406.14324872123194	73.86541637396054	952.3794079710226	999.9976574175676	83.42382089803877	993.714267743779	NaN
1	0.10500000000000001	1496.3993322747638	406.14576354055527	73.86498902337605	952.380503878208	999.9981516074796	83.4237769878083	993.7147491904065	NaN
1	0.10500000000000001	1501.0236159047618	406.14755616990374	73.86470860745013	952.3815760841084	999.9988896604664	83.42375072039952	993.7154758744624	NaN
1	0.10500000000000001	1505.6478995347602	406.1484107261827	73.86460600886262	952.3824608003789	999.9997367409829	83.42374465961915	993.7163146017521	NaN
1	0.10500000000000001	1510.2721831647582	406.148274717568	73.86468199255064	952.3830371384944	1000.0005526029169	83.42375802692563	993.7171261618073	NaN
1	0.10500000000000001	1514.9177983897162	406.14724684637474	73.86491097847949	952.3832422226568	1000.0012162728926	83.42378726767231	993.7177899125842	NaN
1	0.10500000000000001	1519.7297932383094	406.14549338397	73.86525736203986	952.3830601234433	1000.0016432558068	83.42382795008359	993.7182212104858	NaN
1	0.10500000000000001	1524.7581214702698	406.14329393768554	73.86566531702518	952.3825127326115	1000.0017559923687	83.42387346336977	993.7183418642568	NaN
1	0.10500000000000001	1529.7864497022304	406.14114785402353	73.86604287990653	952.3817321974376	1000.0015393223325	83.42391361063837	993.7181348543685	NaN
1	0.10500000000000001	1534.814777934191	406.13944013481597	73.86632424767643	952.3808817736975	1000.0010629096236	83.42394159128582	993.7176679293312	NaN
1	0.10500000000000001	1539.8431061661515	406.1384407249804	73.86646714605789	952.3801223984935	1000.0004372018784	83.42395344073172	993.7170498288904	NaN
1	0.10500000000000001	1544.8714343981121	406.13826605182055	73.86645834727797	952.3795836638411	999.9997896124436	83.42394848985263	993.7164067572227	NaN
1	0.10500000000000001	1549.8997626300727	406.13887199324995	73.86631340250175	952.3793431551829	999.9992398108659	83.42392918341933	993.7158578472418	NaN
1	0.10500000000000001	1555.0964471909324	406.1401242987779	73.8660619765171	952.3794247071793	999.9988705673458	83.4238992895733	993.7154859028731	NaN
1	0.10500000000000001	1560.5539511284244	406.14179494266136	73.86575028521938	952.3798186802713	999.9987560220773	83.42386434164465	993.7153655151798	NaN
1	0.10500000000000001	1566.0114550659164	406.143443855826	73.86545986256661	952.3804144419677	999.998917260435	83.42383342680398	993.7155193623312	NaN
1	0.10500000000000001	1571.4689590034084	406.14472273744514	73.86525032002686	952.3810653071935	999.9992925945066	83.42381271473138	993.715887481325	NaN
1	0.10500000000000001	1576.9264629409004	406.14539656061976	73.86515815163723	952.3816274622302	999.9997809653311	83.42380559323684	993.7163703291903	NaN
1	0.10500000000000001	1582.3839668783924	406.14538226454516	73.86519127681203	952.3819902456034	1000.0002673361786	83.4238122247725	993.7168538748268	NaN
1	0.10500000000000001	1587.8945015984505	406.1447427112006	73.86533194738959	952.3820961068403	1000.0006514542426	83.42383004266836	993.7172382139113	NaN
1	0.10500000000000001	1593.6681648827964	406.1436191324619	73.86554986086105	952.3819308133515	1000.0008606178939	83.4238552703847	993.7174505241971	NaN
1	0.10500000000000001	1599.6888605583122	406.14228941643296	73.86579084709977	952.3815319307597	1000.0008387008724	83.4238816111634	993.7174339272177	NaN
1	0.10500000000000001	1605.709556233828	406.14115210172577	73.86598343143373	952.3810280643813	1000.0006042734813	83.42390132678499	993.7172053276757	NaN
1	0.10500000000000001	1611.7302519093437	406.14047761371467	73.86608354733181	952.3805597733628	1000.0002405865451	83.42391008824802	993.7168464277239	NaN
1	0.10500000000000001	1617.7509475848594	406.14038828592527	73.86607562889854	952.3802431672918	999.9998549291407	83.42390684561418	993.7164634034198	NaN
1	0.10500000000000001	1623.7913554112542	406.14084538843787	73.86597303721275	952.3801428685106	999.9995477307198	83.42389368465555	993.7161562404976	NaN
1	0.10500000000000001	1630.1397348664054	406.141719961993	73.86580357257166	952.3802734236332	999.9993874316276	83.42387408059385	993.7159934772574	NaN
1	0.10500000000000001	1636.748258323537	406.1427463304769	73.86561880402259	952.3805962411229	999.9994241432984	83.42385400718587	993.7160259652976	NaN
1	0.10500000000000001	1643.3567817806684	406.14356733385034	73.8654822334542	952.3809894341825	999.9996324287591	83.42384028446477	993.7162298124025	NaN
1	0.10500000000000001	1649.9653052377998	406.1439565783255	73.86542984868969	952.3813244883833	999.9999282198733	83.42383634904257	993.7165223320848	NaN
1	0.10500000000000001	1656.5738286949313	406.1438465451163	73.86546763079086	952.3815059550327	1000.0002107223446	83.42384223795914	993.7168035906442	NaN
1	0.10500000000000001	1663.3466512580935	406.14331392631794	73.86557646360453	952.3814941189332	1000.000398054691	83.42385534727255	993.7169918922756	NaN
1	0.10500000000000001	1670.5648080903052	406.1425283553743	73.86572179158362	952.3812940253994	1000.0004322446587	83.42387152387118	993.7170289460003	NaN
1	0.10500000000000001	1677.7829649225168	406.1418248246015	73.86584211283258	952.3809966560119	1000.0003062095183	83.42388396734535	993.7169064034828	NaN
1	0.10500000000000001	1685.0011217547285	406.1414463169789	73.86589729006579	952.3807217762663	1000.0000860957152	83.42388867507073	993.7166890709278	NaN
1	0.10500000000000001	1692.2192785869402	406.1414872426756	73.86587585704557	952.3805655598533	999.9998634082301	83.42388495033576	993.7164675427842	NaN
1	0.10500000000000001	1699.605865713676	406.1418905672657	73.86579314094487	952.3805708927521	999.9997167390135	83.42387496054714	993.7163201680842	NaN
1	0.10500000000000001	1707.5257744865407	406.1425012750372	73.8656807466675	952.3807334787801	999.9996994815842	83.42386250637841	993.7163006291352	NaN
1	0.10500000000000001	1715.4456832594055	406.1430143236879	73.8655943788519	952.380966875988	999.9998133201966	83.42385371807408	993.7164117908699	NaN
1	0.10500000000000001	1723.3655920322703	406.14322381684633	73.86556734757652	952.3811611794575	999.9999910432188	83.42385184171671	993.7165876434487	NaN
1	0.10500000000000001	1731.2855008051351	406.14308283551617	73.86560286486237	952.3812387084844	1000.0001475581823	83.42385670669718	993.7167437815841	NaN
1	0.10500000000000001	1739.6340432988673	406.1426773410629	73.86568129780434	952.3811765122558	1000.0002196738905	83.42386576729464	993.7168170528623	NaN
1	0.10500000000000001	1748.2954898207342	406.1422218643849	73.86576145276928	952.3810111263981	1000.000174049019	83.42387429269054	993.7167734760885	NaN
1	0.10500000000000001	1756.9569363426012	406.14196335645005	73.86580063548291	952.380841408614	1000.0000476012692	83.4238778194839	993.7166487863699	NaN
1	0.10500000000000001	1765.6183828644682	406.14200209216233	73.86578534780467	952.3807536400367	999.999916486095	83.42387533327307	993.7165182966586	NaN
1	0.10500000000000001	1774.6173641069147	406.14228608264744	73.86572920377314	952.3807826190488	999.9998466508607	83.42386873546442	993.7164477666062	NaN
1	0.10500000000000001	1784.1948313062219	406.1426456423772	73.86566545667795	952.3809075069843	999.9998751514088	83.42386190733838	993.7164746948805	NaN
1	0.10500000000000001	1793.772298505529	406.1428411855772	73.8656360435981	952.3810386010249	999.9999743986293	83.42385928651007	993.7165725909578	NaN
1	0.10500000000000001	1803.3497657048363	406.14278192158133	73.86565300075225	952.3810955571853	1000.0000724924092	83.4238617529822	993.7166703350038	NaN
1	0.10500000000000001	1813.4761477306197	406.14253109321146	73.86570107819578	952.3810518044271	1000.0001101022093	83.42386726632165	993.7167087010688	NaN
1	0.10500000000000001	1823.780785763171	406.1422833734212	73.86574347814984	952.3809475038681	1000.0000662622336	83.42387165480558	993.7166660876903	NaN
1	0.10500000000000001	1834.0854237957224	406.1422114799485	73.86575145884643	952.3808652444652	999.999984619758	83.42387202930314	993.7165852094406	NaN
1	0.10500000000000001	1844.4602166024536	406.1423347218556	73.86572544346005	952.3808579744468	999.9999280051164	83.42386882285868	993.7165284491105	NaN
1	0.10500000000000001	1855.9346649561535	406.1425516660686	73.86568637597239	952.3809260540169	999.9999355599386	83.42386457725395	993.7165351123951	NaN
1	0.10500000000000001	1867.4091133098532	406.1426614463633	73.8656701077417	952.38100259271	999.9999951771409	83.42386315675176	993.7165939479562	NaN
1	0.10500000000000001	1878.8835616635529	406.1425939554776	73.86568566409795	952.3810223172886	1000.0000470509989	83.42386518496846	993.7166457779741	NaN
1	0.10500000000000001	1891.5334108663646	406.14242572287486	73.86571632222967	952.3809738839271	1000.0000469722474	83.42386855269001	993.7166463563432	NaN
1	0.10500000000000001	1904.1832600691764	406.142341113305	73.86572884975028	952.380914765572	1000.000000853681	83.42386964527024	993.7166008412107	NaN
1	0.10500000000000001	1916.8331092719882	406.1424051329624	73.86571485602455	952.3809052224323	999.9999637999452	83.42386787990841	993.7165637570776	NaN
1	0.10500000000000001	1930.953811043087	406.14253375079414	73.86569201856138	952.3809494807997	999.9999734444444	83.42386543024345	993.7165728424201	NaN
1	0.10500000000000001	1945.0745128141857	406.1425620585928	73.86568927795157	952.3809866998555	1000.000011993355	83.42386536631436	993.7166110524948	NaN
1	0.10500000000000001	1959.5702672541083	406.1424779066313	73.86570557088478	952.3809739819799	1000.0000272108992	83.42386724993334	993.716626508364	NaN
1	0.10500000000000001	1974.499155271052	406.14240888492924	73.86571672961534	952.3809370457545	1000.00000455619	83.42386833649066	993.7166042572584	NaN
1	0.10500000000000001	1989.4280432879955	406.142440656767	73.86570950206696	952.3809289110684	999.999981661743	83.42386740159516	993.716581374413	NaN
1	0.10500000000000001	2006.3353397958304	406.14251306108355	73.86569686082579	952.380956409547	999.9999905159751	83.42386606725975	993.716589893585	NaN
1	0.10500000000000001	2023.2426363036652	406.1425054087408	73.86569958045507	952.3809701361434	1000.0000116294718	83.42386649594344	993.7166109118854	NaN
1	0.10500000000000001	2042.0646776839633	406.1424474987627	73.86570985998533	952.3809501727969	1000.0000072392148	83.42386759827708	993.7166067736711	NaN
1	0.10500000000000001	2060.8867190642613	406.14245488359035	73.86570750266569	952.3809401386496	999.9999911225642	83.42386724013986	993.7165907236621	NaN
1	0.10500000000000001	2082.06771568476	406.142496890241	73.865700243772	952.3809569957646	999.9999974570705	83.42386648162503	993.7165968566839	NaN
1	0.10500000000000001	2103.248712305259	406.1424776363396	73.86570435521851	952.3809586978232	1000.0000070525701	83.4238669923568	993.7166064704976	NaN
1	0.10500000000000001	2126.389090925566	406.14245811843483	73.865707337293	952.380946168699	999.9999978832128	83.42386726356503	993.7165974316381	NaN
1	0.10500000000000001	2149.529469545874	406.1424825317941	73.8657028192418	952.380952367176	999.99999679434	83.42386676049763	993.7165962539235	NaN
1	0.10500000000000001	2172.6698481661815	406.14247911945597	73.86570386228715	952.3809564481674	1000.0000035049936	83.42386691637584	993.7166029381459	NaN
1	0.10500000000000001	2199.478882633508	406.14246590971396	73.86570598271197	952.3809491964804	999.9999989271056	83.42386712116846	993.716598438936	NaN
1	0.10500000000000001	2226.2879171008344	406.1424796898983	73.86570347222363	952.3809531729321	999.9999989457559	83.42386684547242	993.7165984036883	NaN
1	0.10500000000000001	2253.4491991424356	406.14247340018596	73.86570479409127	952.3809534737625	1000.0000017420537	83.42386700790098	993.7166012079726	NaN
1	0.10500000000000001	2283.4595779040806	406.14247240677184	73.8657047828106	952.3809508758136	999.9999986767654	83.42386698780315	993.7165981647189	NaN
1	0.10500000000000001	2317.334839266023	406.1424762675171	73.86570421564157	952.3809536270437	1000.000000852285	83.42386693887657	993.7166003122825	NaN
1	0.10500000000000001	2353.5761555433974	406.14247239352505	73.86570483258986	952.3809514414031	999.9999994315855	83.42386699791572	993.7165989151194	NaN
1	0.10500000000000001	2392.8833153170153	406.1424753968587	73.865704349001	952.3809530721632	1000.0000004485871	83.42386695104405	993.7165999143743	NaN
1	0.10500000000000001	2436.6692648104345	406.14247363384266	73.86570461707024	952.3809519248509	999.9999995996826	83.42386697527233	993.7165990773799	NaN
1	0.10500000000000001	2487.0065530397133	406.14247392092574	73.86570460723436	952.3809525181904	1000.0000002768099	83.42386697835768	993.7165997493756	NaN
1	0.10500000000000001	2540.9781930201934	406.14247475511115	73.86570443475456	952.380952512379	999.9999999511325	83.42386695740481	993.7165994223712	NaN
1	0.10500000000000001	2599.4214340717494	406.14247385707387	73.86570459401413	952.3809522009955	999.9999998806613	83.42386697446797	993.7165993558227	NaN
1	0.10500000000000001	2671.3672828096055	406.1424739403964	73.86570458981716	952.3809523570699	1000.0000000557993	83.42386697508441	993.7165995295978	NaN
1	0.10500000000000001	2752.3071695194553	406.14247423461927	73.86570453689632	952.3809524501581	1000.0000000670501	83.42386696933956	993.7165995396338	NaN
1	0.10500000000000001	2860.0584717082916	406.14247426650286	73.86570452864865	952.3809524300369	1000.0000000282231	83.42386696819462	993.7165995009124	NaN
1	0.10500000000000001	2989.5893580044894	406.1424742316675	73.86570453386442	952.3809524063932	1000.0000000101589	83.42386696865643	993.7165994830913	NaN
1	0.10500000000000001	3158.4334296889647	406.14247419755657	73.86570453979697	952.3809523931623	1000.0000000056217	83.42386696928035	993.7165994787141	NaN
1	0.10500000000000001	3398.569097855645	406.1424741764514	73.86570454349692	952.3809523853289	1000.0000000032821	83.42386696967243	993.7165994764707	NaN
1	0.10500000000000001	3791.3518862061455	406.1424741692896	73.86570454464903	952.3809523814276	1000.0000000008401	83.42386696978397	993.7165994740711	NaN
1	0.10500000000000001	4571.396596846655	406.14247416952423	73.86570454455406	952.3809523808673	1000.0000000000081	83.42386696976843	993.716599473243	NaN
1	0.10500000000000001	5500.0	406.14247416982255	73.86570454449853	952.3809523809392	999.9999999999894	83.42386696976222	993.7165994732234	NaN
0	0.1	0.0	485.50755353492013	61.79100568379159	1000.0000000054256	1000.0	83.42386697355691	993.7165994533507	NaN
0	0.1	0.8448693712473894	485.50755353492013	61.79100568379159	1000.0000000024851	1000.0	83.42386695375382	993.7165994629447	NaN
0	0.1	2.4587322570930716	485.50755353492013	61.79100568379159	999.9999999962547	1000.0	83.42386697392017	993.7165994874093	NaN
0	0.1	4.670721224903058	485.50755353492013	61.79100568379159	1000.0000000028361	1000.0	83.4238669668332	993.7165994625121	NaN
0	0.1	7.929715318430443	485.50755353492013	61.79100568379159	999.9999999993425	1000.0	83.42386697728439	993.7165994761735	NaN
0	0.1	12.786374143334879	485.50755353492013	61.79100568379159	999.9999999986072	1000.0	83.42386697054071	993.7165994784535	NaN
0	0.1	20.199285482099445	485.50755353492013	61.79100568379159	999.9999999992316	1000.0	83.4238669692688	993.7165994760525	NaN
0	0.1	32.45492142011921	485.50755353492013	61.79100568379159	999.9999999996887	1000.0	83.42386696998274	993.716599474404	NaN
0	0.1	54.783547848192754	485.50755353492013	61.79100568379159	999.9999999999588	1000.0	83.42386697000761	993.7165994734028	NaN
0	0.1	102.59344463291211	485.50755353492013	61.79100568379159	1000.0000000000051	1000.0	83.42386696978903	993.7165994732162	NaN
0	0.1	240.21591396603955	485.50755353492013	61.79100568379159	1000.0000000000005	1000.0	83.42386696976139	993.7165994732325	NaN
0	0.1	500.0	485.50755353492013	61.79100568379159	1000.0000000000001	1000.0	83.42386696976196	993.7165994732337	NaN
0	0.10500000000000001	500.0	485.50755353492013	61.79100568379159	1000.0000000054256	1000.0	83.42386697355691	993.7165994533507	NaN
0	0.10500000000000001	500.007540188801	485.50755302001085	61.79104779900236	999.9999971300919	1000.037686733965	83.42365651399984	993.716600246171	NaN
0	0.10500000000000001	500.0183460191977	485.5075462279067	61.79125065479329	999.9999812025649	1000.0916460033166	83.42262296604478	993.7166108605082	NaN
0	0.10500000000000001	500.03218098175347	485.5075148351886	61.791742863241815	999.9999351519385	1000.1606462823735	83.42004700820061	993.7166609288256	NaN
0	0.10500000000000001	500.0495055453892	485.5074159015588	61.79270312024523	999.9998258568919	1000.2469160370076	83.4148507418407	993.7168228238457	NaN
0	0.10500000000000001	500.07013545892	485.50717275762395	61.79430553366792	999.9996012794711	1000.3494504188758	83.40582982348302	993.7172330880591	NaN
0	0.10500000000000001	500.0941369185596	485.50666119562675	61.79673885759646	999.9991791378827	1000.468476088432	83.39150249292128	993.7181271825154	NaN
0	0.10500000000000001	500.12133526831786	485.50570810523556	61.8001574165519	999.9984445354864	1000.6030106207743	83.37035706481265	993.719859570811	NaN
0	0.10500000000000001	500.15163923079564	485.50408532443305	61.80469647346601	999.9972396226748	1000.7524764872575	83.34076420896885	993.7229375391573	NaN
0	0.10500000000000001	500.1848773608121	485.50151819379374	61.81044782300012	999.9953627387329	1000.9158943106153	83.30115629611299	993.7280323227495	NaN
0	0.10500000000000001	500.22089638473886	485.49769018282905	61.817470755699034	999.9925631601286	1001.092372449028	83.25001805171547	993.7359976774704	NaN
0	0.10500000000000001	500.2595001732697	485.492260106061	61.825783458685756	999.988545469209	1001.2808104650975	83.18603066499855	993.7478600758503	NaN
0	0.10500000000000001	500.30047341633133	485.48487772028255	61.835369938058726	999.9829745904535	1001.480020392022	83.10813006428391	993.7648025632257	NaN
0	0.10500000000000001	500.34356583994975	485.4752058337578	61.846180904746745	999.9754891028358	1001.6886548923763	83.01561656129492	993.7881206035612	NaN
0	0.10500000000000001	500.38850990620716	485.4629375065668	61.858142703599064	999.9657154002698	1001.9052985149824	82.90819384716137	993.8191717048485	NaN
0	0.10500000000000001	500.43503297005844	485.44780955665084	61.87116587171656	999.9532834823073	1002.1285301282277	82.78598267410244	993.8593180140397	NaN
0	0.10500000000000001	500.482876611423	485.42960726763005	61.88515563112331	999.9378392178287	1002.3570176522414	82.64947857720387	993.9098794190214	NaN
0	0.10500000000000001	500.53180612381226	485.40816434499584	61.900019167674486	999.919054515157	1002.5895630611257	82.49949861887912	993.9720938835952	NaN
0	0.10500000000000001	500.58161705328786	485.38335806444815	61.91567099494338	999.8966337290161	1002.8251316725648	82.337114354828	994.0470909812653	NaN
0	0.10500000000000001	500.63213602280297	485.35510283685596	61.932035523871036	999.8703177950933	1003.0628532679674	82.1635909916658	994.1358740257174	NaN
0	0.10500000000000001	500.68322211223466	485.3233411700103	61.949048931295295	999.839884359766	1003.3020253570356	81.98032220930882	994.2393166681388	NaN
0	0.10500000000000001	500.73475897109677	485.2880394646669	61.96665731919734	999.8051506155766	1003.5420729535978	81.78880138175349	994.3581511609783	NaN
0	0.10500000000000001	500.78665539624126	485.24917945364206	61.984817177323556	999.7659702706447	1003.7825484562701	81.59057049408736	994.492977111786	NaN
0	0.10500000000000001	500.8388403738848	485.20675373154097	62.003493777720365	999.7222327708873	1004.0231059036552	81.38719609329404	994.6442631543833	NaN
0	0.10500000000000001	500.8912608328088	485.1607605896144	62.02266034777909	999.6738605004826	1004.2634882942803	81.18024307388752	994.8123559174641	NaN
0	0.10500000000000001	500.9438784345345	485.1112006599627	62.04229684965416	999.6208067295637	1004.5035108257331	80.97125911035882	994.9974867123277	NaN
0	0.10500000000000001	500.99666726097877	485.05807394313035	62.062389055107495	999.5630531707853	1004.7430486505258	80.76176173951666	995.1997797607721	NaN
0	0.10500000000000001	501.04961150466903	485.00137783052554	62.08292761739335	999.5006080285074	1004.9820249773468	80.55323048962856	995.4192588325006	NaN
0	0.10500000000000001	501.1027035545431	484.94110566527786	62.1039072905212	999.4335042705452	1005.2204012805921	80.34710146292345	995.6558531681692	NaN
0	0.10500000000000001	501.15594227813347	484.87724589878115	62.125326223874225	999.3617983390051	1005.4581686652607	80.1447641728833	995.909401887026	NaN
0	0.10500000000000001	501.2093314808714	484.80978176385514	62.14718532148927	999.2855693273486	1005.6953402681035	79.94755981226848	996.1796567447411	NaN
0	0.10500000000000001	501.2628785833438	484.7386913122529	62.16948768002684	999.2049185208184	1005.9319448437524	79.75678001161823	996.4662835783305	NaN
0	0.10500000000000001	501.3165934290226	484.6639478270853	62.19223806835025	999.1199693408555	1006.1680211143156	79.57366575951887	996.768862277591	NaN
0	0.10500000000000001	501.370487198728	484.58552057293457	62.21544243600233	999.0308676498248	1006.4036127555751	79.39940599908819	997.086885425646	NaN
0	0.10500000000000001	501.4245714782699	484.50337575223966	62.23910746910605	998.9377822373982	1006.6387642020185	79.23513529971844	997.4197562408938	NaN
0	0.10500000000000001	501.47885738962816	484.4174777351	62.26324015526126	998.8409055146245	1006.8735168577114	79.08193057931014	997.7667857308985	NaN
0	0.10500000000000001	501.5333548571334	484.3277904072542	62.28784738848617	998.7404541743746	1007.1079060082141	78.94080643289328	998.1271899289579	NaN
0	0.10500000000000001	501.5880719955769	484.2342785937447	62.31293561116574	998.6366696987482	1007.341958355035	78.81270906433359	998.5000876580789	NaN
0	0.10500000000000001	501.64301460785794	484.1369095227282	62.33851049033743	998.5298186024444	1007.5756900997106	78.69850892543607	998.8844992415944	NaN
0	0.10500000000000001	501.69818586846	484.03565413570976	62.36457666779179	998.4201921369471	1007.80910588123	78.59899211343708	999.2793471748739	NaN
0	0.10500000000000001	501.7535861504897	483.93048824156944	62.391137570981044	998.308105415977	1008.0421983589354	78.51485102302765	999.6834589301598	NaN
0	0.10500000000000001	501.8092130567559	483.82139332893655	62.41819532012048	998.1938957526052	1008.2749486696756	78.44667464414867	1000.0955726782865	NaN
0	0.10500000000000001	501.86506160188105	483.7083570547579	62.44575071419415	998.0779202568001	1008.5073275058837	78.39493919838722	1000.5143457784071	NaN
0	0.10500000000000001	501.9211245649458	483.59137330044285	62.47380331241996	997.9605526422632	1008.7392968703607	78.35999968710455	1000.9383662406367	NaN
0	0.10500000000000001	501.9773929420402	483.4704418742322	62.502351582978775	997.8421794195683	1008.9708121902427	78.34208298658974	1001.3661665352594	NaN
0	0.10500000000000001	502.0338564666011	483.34556788803286	62.531393106948535	997.7231956149107	1009.2018246429909	78.34128292337336	1001.7962392482125	NaN
0	0.10500000000000001	502.0905041412864	483.2167609092245	62.560924811013535	997.6040002311598	1009.4322834554595	78.35755760877734	1002.2270537941213	NaN
0	0.10500000000000001	502.1473246894348	483.08403410101886	62.590943180440306	997.4849917555922	1009.6621378036575	78.39072906953083	1002.6570730740623	NaN
0	0.10500000000000001	502.20430695338	482.9474033213668	62.621444462931606	997.3665637624332	1009.8913384360023	78.44048503712854	1003.0847698877797	NaN
0	0.10500000000000001	502.2614401311542	482.80688647496345	62.6524248014343	997.2491009255168	1010.1198385965712	78.50638258371153	1003.5086419443246	NaN
0	0.10500000000000001	502.31871390900255	482.6625030429294	62.6838803196265	997.132975382047	1010.3475945024044	78.58785327014552	1003.9272256707492	NaN
0	0.10500000000000001	502.3761184687012	482.51427389082625	62.71580714314369	997.018543527809	1010.5745653090241	78.68420944977011	1004.3391085191447	NaN
0	0.10500000000000001	502.43364440227856	482.3622213220373	62.74820136883644	996.9061431914475	1010.8007127120837	78.79465145083606	1004.7429399564602	NaN
0	0.10500000000000001	502.4912825676108	482.20636932454823	62.78105899669899	996.7960911229213	1011.0260003302944	78.91827545800449	1005.1374413697479	NaN
0	0.10500000000000001	502.54902394203134	482.0467438761652	62.81437585473832	996.6886806861083	1011.2503931002565	79.05408206539371	1005.5214152817113	NaN
0	0.10500000000000001	502.606859508848	481.88337320874314	62.84814753717819	996.5841797019992	1011.4738568177191	79.20098553103745	1005.8937540643309	NaN
0	0.10500000000000001	502.6647802235006	481.71628788068807	62.882369385369984	996.4828283847531	1011.6963579988997	79.35782384606388	1006.2534483458014	NaN
0	0.10500000000000001	502.72277704097576	481.54552067858873	62.917036504214	996.3848374470941	1011.9178639792943	79.52336957657577	1006.5995948191512	NaN
0	0.10500000000000001	502.7808410934915	481.3711060523743	62.95214387116638	996.2903862760019	1012.1383435774844	79.69634169650459	1006.9314037747175	NaN
0	0.10500000000000001	502.8389639459775	481.19307924629857	62.98768650047557	996.1996213741094	1012.3577680281194	79.87541814790399	1007.2482056226195	NaN
0	0.10500000000000001	502.8971379524647	481.0114750221723	63.02365968069528	996.1126550845838	1012.5761122591065	80.05924903058545	1007.5494562994155	NaN
0	0.10500000000000001	502.9553566515893	480.82632613375046	63.0600592513721	996.0295647405502	1012.7933562683634	80.24647000333775	1007.8347410203423	NaN
0	0.10500000000000001	503.013615197035	480.6376615525769	63.096881917998616	995.9503922589925	1013.0094865796588	80.43571559392682	1008.1037762716891	NaN
0	0.10500000000000001	503.0719107610173	480.44550463985166	63.134125567004574	995.8751442545934	1013.2244975456598	80.62563191356564	1008.3564097586958	NaN
0	0.10500000000000001	503.1302428877192	480.24987135635246	63.171789564368936	995.8037926539947	1013.4383924188813	80.81488840791467	1008.5926183737032	NaN
0	0.10500000000000001	503.1886137662507	480.05076863787644	63.20987501539662	995.7362757736336	1013.651184088371	81.00218830905341	1008.8125043281386	NaN
0	0.10500000000000001	503.24702843171525	479.8481929404535	63.24838498745089	995.6724997580133	1013.862895525868	81.18627765816274	1009.0162898300503	NaN
0	0.10500000000000001	503.3054948374221	479.6421291875877	63.28732465408648	995.6123403415081	1014.0735597479019	81.3659526512584	1009.2043104884478	NaN
0	0.10500000000000001	503.3640238418014	479.43255001369266	63.326701383981224	995.5556447764287	1014.283219468535	81.54006548255272	1009.3770080313566	NaN
0	0.10500000000000001	503.4226290914466	479.21941540474154	63.36652475806313	995.5022338546781	1014.4919263890832	81.70752874629363	1009.5349226482754	NaN
0	0.10500000000000001	503.48132681214577	479.00267273126946	63.40680651827047	995.4519039289105	1014.6997401813525	81.86731862943518	1009.6786853370168	NaN
0	0.10500000000000001	503.5401355347151	478.78225710622985	63.44756046247529	995.4044288491589	1014.9067272711176	82.01847721578498	1009.8090105871254	NaN
0	0.10500000000000001	503.5990757115516	478.55809225931625	63.48880225171225	995.3595618119067	1015.1129592765833	82.16011406679002	1009.9266894858878	NaN
0	0.10500000000000001	503.6581692879256	478.33009171836903	63.530549170206115	995.3170370470227	1015.3185113386395	82.29140756103438	1010.0325835211889	NaN
0	0.10500000000000001	503.71743916629714	478.0981605555457	63.57281979200613	995.2765713943496	1015.5234601356228	82.41160615239077	1010.1276189834128	NaN
0	0.10500000000000001	503.77690858661487	477.8621976447842	63.61563356589351	995.2378657706091	1015.7278816756618	82.5200299408335	1010.2127819992538	NaN
0	0.10500000000000001	503.83660045712475	477.62209832027423	63.65901033982191	995.2006065505141	1015.9318489953984	82.61607291588405	1010.2891141231496	NaN
0	0.10500000000000001	503.8965365352401	477.3777578648753	63.702969748454095	995.1644669936765	1016.1354294312983	82.69920596285185	1010.357708147822	NaN
0	0.10500000000000001	503.9567365510225	477.12907549898085	63.74753052530681	995.1291087421756	1016.3386817959612	82.76898105069097	1010.4197040075204	NaN
0	0.10500000000000001	504.0172172442699	476.875959012456	63.79270971467144	995.0941835183867	1016.5416533702347	82.82503668797975	1010.4762843656175	NaN
0	0.10500000000000001	504.0779913631783	476.6183298668561	63.838521815053795	995.0593351204672	1016.7443768827826	82.86710474011012	1010.5286695072649	NaN
0	0.10500000000000001	504.13906667597615	476.3561285597045	63.88497789100659	995.0242018217252	1016.9468676524039	82.89501850647069	1010.5781110927138	NaN
0	0.10500000000000001	504.20044505527926	476.0893199838173	63.93208469943371	994.9884192700974	1017.1491210874814	82.90872174381207	1010.6258843206512	NaN
0	0.10500000000000001	504.26212180646945	475.8178979945679	63.979843966533934	994.9516238927796	1017.3511110913158	82.90827808281124	1010.6732781874867	NaN
0	0.10500000000000001	504.32408533694314	475.5418886572922	64.0282519027181	994.9134567948264	1017.552789652531	82.89387990826833	1010.7215836111276	NaN
0	0.10500000000000001	504.38631725836484	475.26135162621927	64.07729904475092	994.8735680564259	1017.7540878686041	82.86585557557677	1010.772079451771	NaN
0	0.10500000000000001	504.44879310192204	474.9763786635046	64.12697058998945	994.8316211661966	1017.9549189170725	82.82467366907869	1010.8260168878053	NaN
0	0.10500000000000001	504.51148348413267	474.6870898202882	64.17724712210274	994.7872974297178	1018.1551823696825	82.77094321345464	1010.8846027287925	NaN
0	0.10500000000000001	504.5743558333423	474.3936265936312	64.22810584035396	994.7402999340462	1018.3547701340945	82.70540898284048	1010.948982808784	NaN
0	0.10500000000000001	504.63737637928443	474.0961432657499	64.279522076586	994.6903568790083	1018.5535730091007	82.62894177545996	1011.020226461956	NaN
0	0.10500000000000001	504.7005122226633	473.7947972126883	64.33147096203601	994.637224059541	1018.7514872464909	82.54252415133408	1011.0993131271939	NaN
0	0.10500000000000001	504.7637332598703	473.4897392538487	64.3839290607309	994.5806864144064	1018.9484204133481	82.44723272442113	1011.1871218314955	NaN
0	0.10500000000000001	504.8270138012181	473.18110490053755	64.43687582651292	994.5205586483337	1019.1442960803892	82.34421841962482	1011.2844239560278	NaN
0	0.10500000000000001	504.8903337506994	472.8690072826853	64.4902947565878	994.4566850597611	1019.3390569784868	82.23468622574184	1011.3918792459897	NaN
0	0.10500000000000001	504.95367930103043	472.55353215630043	64.54417418027872	994.3889387634423	1019.5326665467834	82.11987578945485	1011.5100346901305	NaN
0	0.10500000000000001	505.0170432249969	472.23473476561895	64.59850772873533	994.3172204514431	1019.7251091869027	82.00104372781064	1011.6393257982672	NaN
0	0.10500000000000001	505.0804247553469	471.9126387493127	64.65329445896948	994.241456962075	1019.9163892564727	81.87944836374315	1011.7800794856535	NaN
0	0.10500000000000001	505.14382921032427	471.58723642806876	64.708538749604	994.1615997496589	1020.1065293273999	81.75633696309873	1011.9325180372501	NaN
0	0.10500000000000001	505.2072673701582	471.2584905334878	64.76424996081742	994.0776234835278	1020.2955677579715	81.63293553803422	1012.0967633947753	NaN
0	0.10500000000000001	505.27075476758904	470.9263366035866	64.82044199161089	993.9895247700017	1020.4835560915609	81.51044076176385	1012.2728414864446	NaN
0	0.10500000000000001	505.3343108474506	470.59068630716166	64.87713269031956	993.8973211969792	1020.6705561591575	81.39001379113303	1012.4606859876044	NaN
0	0.10500000000000001	505.3979581204691	470.25143106503447	64.93434322535268	993.8010506352306	1020.8566372651967	81.27277537847421	1012.6601414729097	NaN
0	0.10500000000000001	505.461721266405	469.9084462055019	64.992097375412	993.7007709129065	1021.0418733250121	81.15980194422104	1012.8709656238236	NaN
0	0.10500000000000001	505.5256262709653	469.56159520436137	65.05042081432981	993.5965597591878	1021.2263402011275	81.05212203675273	1013.0928306551109	NaN
0	0.10500000000000001	505.5896995877617	469.2107340401617	65.109340384224	993.4885150074681	1021.4101132070784	80.95071282155894	1013.3253239885637	NaN
0	0.10500000000000001	505.65396725649595	468.85571603322325	65.16888329417151	993.3767551371287	1021.5932645784543	80.85649636975992	1013.567948042596	NaN
0	0.10500000000000001	505.71845411700235	468.496396397929	65.22907637293768	993.2614198632525	1021.7758613096329	80.77033523692218	1013.8201198360326	NaN
0	0.10500000000000001	505.78318301768945	468.13263704578316	65.28994528435932	993.1426708598357	1021.957963058546	80.69302730561009	1014.0811703339197	NaN
0	0.10500000000000001	505.8481741184727	467.76431106945415	65.35151379987322	993.0206923478781	1022.1396203985145	80.62529964600168	1014.3503442489088	NaN
0	0.10500000000000001	505.9134442015775	467.3913073720324	65.41380304934214	992.8956916008301	1022.3208731650749	80.5678015069007	1014.6268003280957	NaN
0	0.10500000000000001	505.97900616851695	467.01353440638457	65.47683092206171	992.7678989264589	1022.5017493869832	80.52109636811133	1014.909613245716	NaN
0	0.10500000000000001	506.0448685757966	466.63092382242075	65.5406114832558	992.6375672938037	1022.6822643749956	80.48565346735177	1015.1977768710298	NaN
0	0.10500000000000001	506.1110353842499	466.24343298065435	65.60515457873227	992.5049711784591	1022.8624204381808	80.46183901670777	1015.4902099713836	NaN
0	0.10500000000000001	506.17750587352174	465.8510465485799	65.67046559009425	992.3704046420838	1023.0422070700613	80.44990766345998	1015.7857643924712	NaN
0	0.10500000000000001	506.2442746852209	465.45377734308823	65.73654531228057	992.2341786836982	1023.2216014859977	80.44999473483927	1016.0832356587953	NaN
0	0.10500000000000001	506.31133211733095	465.0516656382526	65.80339008245305	992.0966176140497	1023.4005698215452	80.46210981305795	1016.3813765045751	NaN
0	0.10500000000000001	506.3786645129377	464.6447778080858	65.87099201481078	991.9580548106414	1023.5790685454041	80.48613221751303	1016.6789124477186	NaN
0	0.10500000000000001	506.4462548230035	464.23320378604757	65.93933942727516	991.8188277727288	1023.7570462842326	80.52180883668268	1016.974559422988	NaN
0	0.10500000000000001	506.51408326108475	463.81705379075197	66.00841738529739	991.6792727571438	1023.9344458235325	80.56875464650226	1017.2670426495439	NaN
0	0.10500000000000001	506.5821279913148	463.39645465312134	66.07820830750205	991.5397192525623	1024.1112061214044	80.62645604837161	1017.5551159396862	NaN
0	0.10500000000000001	506.65036591091956	462.97154535295704	66.14869269881405	991.4004843134815	1024.2872644889362	80.69427709258169	1017.8375811343802	NaN
0	0.10500000000000001	506.7187734252264	462.54247237943025	66.21984990978314	991.2618671121852	1024.4625586656384	80.77146840223479	1018.1133066392046	NaN
0	0.10500000000000001	506.78732722006947	462.1093848900789	66.29165892723412	991.1241438357555	1024.6370288042529	80.85717852013799	1018.3812445480818	NaN
0	0.10500000000000001	506.8560050594306	461.67242949536916	66.36409922583825	990.9875629921344	1024.8106194366208	80.95046734383142	1018.6404459852105	NaN
0	0.10500000000000001	506.9247865135504	461.23174527486844	66.43715158107192	990.8523414108773	1024.9832811819751	81.05032107328839	1018.8900739086325	NaN
0	0.10500000000000001	506.99365370517773	460.7874584844066	66.51079893416313	990.718660827264	1025.1549724255945	81.15566826086967	1019.1294134497638	NaN
0	0.10500000000000001	507.06259195306023	460.3396777419767	66.58502717934705	990.5866653209066	1025.3256606691355	81.26539625231791	1019.3578791978639	NaN
0	0.10500000000000001	507.13159036591776	459.88848938017526	66.65982592603682	990.4564594974674	1025.4953236972592	81.37836754460092	1019.5750196434013	NaN
0	0.10500000000000001	507.2006423136619	459.4339534690101	66.73518915310764	990.3281075163176	1025.6639503899014	81.49343544724236	1019.7805186766751	NaN
0	0.10500000000000001	507.2697457722081	458.976100574951	66.81111574491244	990.2016328982876	1025.8315411873446	81.60945860819712	1019.9741944284407	NaN
0	0.10500000000000001	507.33890354844937	458.51492925354705	66.88760990981058	990.0770190083512	1025.9981082397833	81.7253140915685	1020.1559958533529	NaN
0	0.10500000000000001	507.4081233330247	458.0504046658998	66.96468141659746	989.954210200978	1026.1636751311821	81.83990871496995	1020.3259973624016	NaN
0	0.10500000000000001	507.4774176523313	457.58245788660435	67.04234572043492	989.8331133856626	1026.328276366671	81.95218868688775	1020.4843921786846	NaN
0	0.10500000000000001	507.5468036303675	457.11098654134764	67.12062387208346	989.7136000643867	1026.49195642455	82.06114743694395	1020.6314846596184	NaN
0	0.10500000000000001	507.6163026581107	456.6358561576721	67.19954231218233	989.595508570427	1026.6547686220079	82.16583194952283	1020.7676822642123	NaN
0	0.10500000000000001	507.6859399015019	456.15690272798594	67.2791324670346	989.4786465519204	1026.8167736441176	82.26534772503499	1020.893487371033	NaN
0	0.10500000000000001	507.7557436875101	455.6739362534667	67.3594301833605	989.3627935747465	1026.9780378438766	82.35886273972707	1021.0094893338301	NaN
0	0.10500000000000001	507.8257447784313	455.1867452283767	67.44047500767645	989.2477037997974	1027.1386313486803	82.44561076309782	1021.1163569790074	NaN
0	0.10500000000000001	507.895975463475	454.69510258999753	67.52230922162946	989.1331088501753	1027.2986258231213	82.5248943157291	1021.2148315307154	NaN
0	0.10500000000000001	507.9664684865843	454.1987730475182	67.60497664592599	989.018720862029	1027.4580919497423	82.59608769956458	1021.30572001942	NaN
0	0.10500000000000001	508.0372558279993	453.6975217071542	67.68852122462695	988.90423575072	1027.6170966837954	82.65864049658035	1021.3898890859294	NaN
0	0.10500000000000001	508.1083672666448	453.1911245511193	67.77298529452877	988.7893369030171	1027.7757001350442	82.71208180167154	1021.4682588637846	NaN
0	0.10500000000000001	508.1798287999656	452.6793802778192	67.85840761884903	988.6736992950945	1027.9339522691087	82.75602553686225	1021.5417967018328	NaN
0	0.10500000000000001	508.25166091568707	452.1621235794733	67.94482116949708	988.5569941979795	1028.0918894313847	82.79017697060434	1021.6115102541755	NaN
0	0.10500000000000001	508.3238768523553	451.639238901535	68.03225081439335	988.4388944176111	1028.2495310071145	82.81434046883409	1021.6784395205245	NaN
0	0.10500000000000001	508.39648101020384	451.11067350441135	68.12071110463171	988.3190799680181	1028.4068765672364	82.82842819021783	1021.7436473703591	NaN
0	0.10500000000000001	508.4694677444551	450.57644807867075	68.21020445311538	988.1972439143452	1028.563903980418	82.83246908755794	1021.8082081859213	NaN
0	0.10500000000000001	508.54282079668343	450.03666291779473	68.30072004032085	988.0730979889516	1028.7205689921993	82.82661718317597	1021.8731944551874	NaN
0	0.10500000000000001	508.6165136448353	449.49149738703056	68.39223383087985	987.9463773980656	1028.8768067925178	82.81115775572546	1021.9396615103745	NaN
0	0.10500000000000001	508.69051085911127	448.9412017823562	68.48470986119172	987.8168443903498	1029.0325356522358	82.78650995571884	1022.0086309221275	NaN
0	0.10500000000000001	508.76477052073693	448.38608087598857	68.57810292714369	987.6842900532621	1029.1876626362573	82.75322456653892	1022.0810735660123	NaN
0	0.10500000000000001	508.83924732849266	447.8264716886408	68.6723622571211	987.548534462839	1029.3420905025941	82.71197627184486	1022.157893403469	NaN
0	0.10500000000000001	508.91389610312143	447.26271750656696	68.76743584105871	987.409425193273	1029.4957251204007	82.66355056936119	1022.2399132446268	NaN
0	0.10500000000000001	508.988675143238	446.6951422094036	68.8632747378161	987.2668347807655	1029.6484822563432	82.60882637032482	1022.3278633310061	NaN
0	0.10500000000000001	509.0635490651787	446.1240277789006	68.9598368787812	987.1206576346309	1029.8002930088908	82.54875587090558	1022.4223732701518	NaN
0	0.10500000000000001	509.13849087078654	445.54959711331344	69.05709000630804	986.9708069069626	1029.9511074392253	82.484343479228	1022.5239673646374	NaN
0	0.10500000000000001	509.2134831384441	444.97200317715584	69.15501356654859	986.8172117378734	1030.1008962787132	82.41662541564588	1022.6330629589153	NaN
0	0.10500000000000001	509.2885184579396	444.3913237926297	69.25359966591718	986.6598149633837	1030.2496510482258	82.34665110142055	1022.7499712919843	NaN
0	0.10500000000000001	509.3635991625059	443.8075618592566	69.3528531188969	986.498571545507	1030.3973827756067	82.27546707768248	1022.8749000275956	NaN
0	0.10500000000000001	509.4387365872776	443.22064938724355	69.45279085307509	986.333447607935	1030.5441198307346	82.20410361266711	1023.0079568376726	NaN
0	0.10500000000000001	509.513950022004	442.63045413995104	69.55344086983715	986.1644200123345	1030.689905249682	82.13356384696947	1023.1491534522397	NaN
0	0.10500000000000001	509.5892653972596	442.0367886441412	69.65484079647925	985.991476622326	1030.8347936518094	82.0648151974903	1023.2984095245116	NaN
0	0.10500000000000001	509.66471391312456	441.4394199658655	69.75703629863136	985.8146169513263	1030.9788481709916	81.99878242278544	1023.4555561665743	NaN
0	0.10500000000000001	509.74033058105067	440.8380804887413	69.86007930976155	985.6338533461246	1031.1221373478704	81.9363419045073	1023.6203387891222	NaN
0	0.10500000000000001	509.8161527409405	440.2324792089091	69.96402615796966	985.449212605388	1031.2647321046395	81.87831659622717	1023.7924192121926	NaN
0	0.10500000000000001	509.8922185634346	439.6223134627457	70.06893560208327	985.2607380022059	1031.4067028203513	81.82547116610134	1023.9713770777464	NaN
0	0.10500000000000001	509.9685655260943	439.0072811738822	70.17486675973072	985.0684916969968	1031.5481164848131	81.77850693038559	1024.15671067924	NaN
0	0.10500000000000001	510.0452289028124	438.3870932998832	70.28187697982982	984.8725573711006	1031.6890340037044	81.73805622132554	1024.3478375611269	NaN
0	0.10500000000000001	510.1222402211771	437.7614868382022	70.39001959500696	984.6730430966976	1031.8295075699082	81.70467599491141	1024.5440951406745	NaN
0	0.10500000000000001	510.19962576189755	437.130237788474	70.49934165521296	984.4700841393218	1031.9695782368658	81.6788405373256	1024.7447419703926	NaN
0	0.10500000000000001	510.27740515977086	436.49317356903134	70.60988172766167	984.2638453998866	1032.109273795602	81.66093332557189	1024.9489602927797	NaN
0	0.10500000000000001	510.3555901306482	435.85018465876936	70.72166780194401	984.0545232883411	1032.2486069884737	81.6512382995985	1025.1558604543523	NaN
0	0.10500000000000001	510.4341835061579	435.201233927816	70.83471556788358	983.8423464081391	1032.3875743670578	81.64993097720087	1025.3644881079172	NaN
0	0.10500000000000001	510.51317868973626	434.54636263901284	70.94902724765123	983.627574620783	1032.5261559620926	81.65707011708842	1025.573834832452	NaN
0	0.10500000000000001	510.59255963768504	433.8856921547864	71.0645911579936	983.4104961289968	1032.664315903647	81.67259081411602	1025.7828525477898	NaN
0	0.10500000000000001	510.6723014977591	433.219420116824	71.18138222905175	983.1914222003592	1032.802004167677	81.6963000163546	1025.9904718733148	NaN
0	0.10500000000000001	510.7523718875678	432.54781109580745	71.29936349483431	982.9706796408386	1032.939159354454	81.72787540362947	1026.1956238324794	NaN
0	0.10500000000000001	510.83273283396966	431.87118138810223	71.41848862823277	982.7486011061445	1033.0757124727622	81.76686837405526	1026.3972640722666	NaN
0	0.10500000000000001	510.91334311685904	431.1898799873836	71.53870518046259	982.5255141749772	1033.2115912362262	81.81271143598644	1026.594397810985	NaN
0	0.10500000000000001	510.9941608749791	430.504266858763	71.65995833889669	982.3017298377041	1033.3467245978086	81.8647298638671	1026.7861039619002	NaN
0	0.10500000000000001	511.07514622690195	429.8146905749737	71.78219484882224	982.0775313415686	1033.481047092851	81.9221569861573	1026.9715567234236	NaN
0	0.10500000000000001	511.15626361872296	429.12146779577586	71.90536666309403	981.8531644090763	1033.6145025207995	81.98415204976578	1027.150043129493	NaN
0	0.10500000000000001	511.237483821551	428.4248653272774	72.02943418615278	981.628829188674	1033.7470468710872	82.0498195206909	1027.320975945973	NaN
0	0.10500000000000001	511.31878539005197	427.72508647987473	72.15436880022594	981.404674520754	1033.8786502264331	82.11822856300869	1027.4839014481286	NaN
0	0.10500000000000001	511.40015562655424	427.0222614682575	72.28015470879353	981.1807943748028	1034.0092977688826	82.18843171774401	1027.6385024999286	NaN
0	0.10500000000000001	511.4815910372969	426.31644208431334	72.406790044908	980.9572264090629	1034.1389899159096	82.25948198234475	1027.7845974753861	NaN
0	0.10500000000000001	511.5630973036474	425.6076005559794	72.53428724763455	980.7339524608304	1034.2677416706424	82.33044778177839	1027.922135809197	NaN
0	0.10500000000000001	511.64468894905764	424.89563111374764	72.66267296071746	980.5109003244886	1034.395581512589	82.40042573273661	1028.0511912782908	NaN
0	0.10500000000000001	511.7263886440387	424.18035483103813	72.791987342358	980.2879468324604	1034.5225497660442	82.46855113150792	1028.1719536365802	NaN
0	0.10500000000000001	511.8082262557305	423.4615268690241	72.92228293302738	980.0649218206904	1034.6486966402756	82.5340064314065	1028.2847194417263	NaN
0	0.10500000000000001	511.89023769077636	422.738845739817	73.05362314311185	979.8416127496581	1034.7740800357408	82.59602806460573	1028.3898826581649	NaN
0	0.10500000000000001	511.97246347765594	422.0119650971244	73.18608025993086	979.6177700675793	1034.8987630503013	82.65391197543843	1028.4879253397276	NaN
0	0.10500000000000001	512.0549471488089	421.2805075603168	73.31973305477045	979.3931131321376	1035.0228112955172	82.70701838057118	1028.579408708378	NaN
0	0.10500000000000001	512.1377333418055	420.54408132050554	73.45466384394014	979.1673369357529	1035.146289917507	82.75477618139425	1028.6649646039943	NaN
0	0.10500000000000001	512.220865593471	419.8022998063851	73.59095494077587	978.9401197772673	1035.2692603055154	82.79668749349507	1028.745287214583	NaN
0	0.10500000000000001	512.304383880692	419.0548039773836	73.72868456446913	978.7111318522187	1035.3917765907224	82.83233273992286	1028.82112490629	NaN
0	0.10500000000000001	512.3883218629832	418.30128768669334	73.8679221104205	978.4800450452839	1035.5138818899645	82.86137657901429	1028.8932717043685	NaN
0	0.10500000000000001	512.4727040198796	417.54152442011537	74.00872308037086	978.2465435869062	1035.635604595604	82.88357485932258	1028.9625580513407	NaN
0	0.10500000000000001	512.5575429084605	416.775393383218	74.15112403892782	978.0103351433659	1035.7569550400235	82.89878247024069	1029.0298403544643	NaN
0	0.10500000000000001	512.6428369003505	416.00290164535227	74.29513820756617	977.7711614888711	1035.8779230306386	82.90696158668752	1029.0959889194678	NaN
0	0.10500000000000001	512.7285689830903	415.2241969217885	74.44075272076036	977.5288071571017	1035.998477032085	82.90818935494852	1029.1618741698246	NaN
0	0.10500000000000001	512.814706979917	414.43956756022936	74.58792822252659	977.2831049183125	1036.1185653951102	82.9026635956689	1029.2283512135657	NaN
0	0.10500000000000001	512.9012055871909	413.6494258154544	74.73660159184799	977.0339365731763	1036.2381200601142	82.89070493202654	1029.2962434152005	NaN
0	0.10500000000000001	512.9880101672852	412.8542746542883	74.88669182207732	976.7812286463569	1036.3570624967874	82.87275392276426	1029.366325924782	NaN
0	0.10500000000000001	513.0750617480802	412.0546628343974	75.03810822918052	976.5249438694909	1036.475310991764	82.84936249127534	1029.4393102717902	NaN
0	0.10500000000000001	513.1623025576383	411.2511342553107	75.190759905483	976.2650697756579	1036.5927882877584	82.82117990594374	1029.5158312268904	NaN
0	0.10500000000000001	513.2496810792003	410.444180901661	75.34456467363103	976.0016069702109	1036.709428188302	82.7889345870915	1029.596436603828	NaN
0	0.10500000000000001	513.3371561011079	409.63420436647266	75.49945657844128	975.734558533138	1036.8251804845072	82.75341354316784	1029.68158047123	NaN
0	0.10500000000000001	513.4246992779506	408.8214906547756	75.65539098231247	975.4639221843279	1036.9400136635313	82.71544140580336	1029.7716195412668	NaN
0	0.10500000000000001	513.5122963049835	408.00619759294887	75.81234733954732	975.1896852932363	1037.0539156590085	82.67586060663422	1029.866812385288	NaN
0	0.10500000000000001	513.5999468377827	407.1883538568593	75.97032978598648	974.9118227983781	1037.1668929288287	82.6355137467948	1029.9673207580727	NaN
0	0.10500000000000001	513.6876634530321	406.36786705829195	76.1293659886931	974.6302975902616	1037.2789683379842	82.59522861612842	1030.0732123127286	NaN
0	0.10500000000000001	513.7754699735389	405.54453800719045	76.28950477485178	974.3450627407888	1037.3901783280976	82.55580583767446	1030.1844640797306	NaN
0	0.10500000000000001	513.8633993978742	404.71807897814267	76.45081293414471	974.0560651109082	1037.5005697203278	82.51800881287599	1030.3009661809438	NaN
0	0.10500000000000001	513.9514915262343	403.88813516483583	76.61337133376111	973.7632502479681	1037.6101962911546	82.4825555038412	1030.4225252939711	NaN
0	0.10500000000000001	514.0397905115426	403.0543071881984	76.77727074836653	973.4665679395245	1037.7191154206143	82.45011143391157	1030.5488678096801	NaN
0	0.10500000000000001	514.1283422025165	402.21617591619065	76.94260714809681	973.1659789072258	1037.8273846515713	82.42128342836818	1030.6796423725145	NaN
0	0.10500000000000001	514.2171915275123	401.37332724814627	77.10947689477848	972.8614617962237	1037.935058471642	82.3966135142325	1030.8144222204446	NaN
0	0.10500000000000001	514.3063797282217	400.5253786601365	77.27797148424321	972.5530210350531	1038.042185082697	82.37657266811789	1030.95270730126	NaN
0	0.10500000000000001	514.39594163643	399.6720056771887	77.44817218680237	972.2406948114993	1038.1488033952367	82.36155410586916	1031.0939268332738	NaN
0	0.10500000000000001	514.4859030845525	398.8129673862593	77.62014475768032	971.9245627040839	1038.25494034858	82.35186606582465	1031.2374429540405	NaN
0	0.10500000000000001	514.5762785764178	397.94812974739654	77.79393446585614	971.6047523606991	1038.360608692227	82.34772427532985	1031.3825561934293	NaN
0	0.10500000000000001	514.667069582727	397.0774831566579	77.96956216304824	971.2814437604799	1038.4658056277951	82.34924456002034	1031.5285138412487	NaN
0	0.10500000000000001	514.758263676805	396.2011520887779	78.14702185867503	970.9548701126555	1038.57051251035	82.35643638960553	1031.674521875586	NaN
0	0.10500000000000001	514.8498348408147	395.3193935124116	78.3262805138439	970.6253140786577	1038.674695919887	82.36919837672306	1031.81976098922	NaN
0	0.10500000000000001	514.941745112736	394.4325822679731	78.50728048575023	970.2930986390772	1038.778310207379	82.38731684263139	1031.963406571715	NaN
0	0.10500000000000001	515.0339475136269	393.5411838128458	78.68994461519443	969.9585728596393	1038.8813013503097	82.41046839359876	1032.1046516797242	NaN
0	0.10500000000000001	515.1263899263213	392.64571735977677	78.8741834113732	969.6220938962642	1038.983611664032	82.43822700018887	1032.2427312513216	NaN
0	0.10500000000000001	515.2190194655386	391.7467137684098	79.05990349538786	969.284007150227	1039.085184801658	82.47007546148654	1032.3769454876924	NaN
0	0.10500000000000001	515.3117867435874	390.84467394832586	79.24701614587379	968.9446270231587	1039.1859703683783	82.50542049308426	1032.506680271304	NaN
0	0.10500000000000001	515.4046495345222	389.94003266156113	79.43544493279852	968.6042203489418	1039.285927631823	82.54361022395399	1032.6314230422984	NaN
0	0.10500000000000001	515.497575482754	389.03313128536	79.62513166857272	968.2629939906726	1039.3850280023232	82.58395270082656	1032.7507732947759	NaN
0	0.10500000000000001	515.5905437877786	388.1242003451607	79.81604045741703	967.9210869514189	1039.483256284432	82.62573413792727	1032.8644477610683	NaN
0	0.10500000000000001	515.6835457926846	387.2133526679147	80.00815960708232	967.578567270596	1039.5806106999917	82.66823587282879	1032.9722807417336	NaN
0	0.10500000000000001	515.7765847765876	386.30058434818864	80.2015019348831	967.2354325390758	1039.6771020703313	82.71074948000664	1033.0742207302494	NaN
0	0.10500000000000001	515.8696749519372	385.38578361240747	80.39610340131952	966.8916139256838	1039.772752213007	82.75258970318971	1033.1703241639166	NaN
0	0.10500000000000001	515.962839948071	384.4687448960426	80.59202059547539	966.5469825665673	1039.8675918901686	82.79310528794807	1033.2607474142699	NaN
0	0.10500000000000001	516.0561108899528	383.54918710729663	80.78932725788275	966.201357815869	1039.9616584491937	82.83168793824412	1033.3457377699106	NaN
0	0.10500000000000001	516.1495240807608	382.6267760240231	80.98810982277871	965.8545172581806	1040.0549931871772	82.86777971975752	1033.4256239048384	NaN
0	0.10500000000000001	516.2431185186176	381.70114857306396	81.18846243748438	965.5062076005033	1040.1476386879065	82.90087939307195	1033.5008063352873	NaN
0	0.10500000000000001	516.3369331200004	380.77194025768273	81.39048116616728	965.1561569273186	1040.2396360134655	82.93054801034718	1033.5717478451286	NaN
0	0.10500000000000001	516.4310038040653	379.8388142168137	81.59425768307607	964.8040877977515	1040.3310219145312	82.95641417267653	1033.6389639493489	NaN
0	0.10500000000000001	516.5253605072468	378.90149122470984	81.79987258920151	964.4497310055124	1040.4218261310282	82.97817918964574	1033.7030132198104	NaN
0	0.10500000000000001	516.620024391854	377.9597779965273	82.00738891965628	964.0928391035732	1040.512069034519	82.99562225561816	1033.7644873112727	NaN
0	0.10500000000000001	516.7150053624931	377.01359263052757	82.21684610436698	963.7331993371275	1040.601759704144	83.00860548268199	1033.8240003498959	NaN
0	0.10500000000000001	516.8103003906218	376.0629821486636	82.42825551691305	963.3706441190038	1040.6908948799846	83.01707845025479	1033.8821776250893	NaN
0	0.10500000000000001	516.9058929393128	375.10812912759064	82.64159833474332	963.0050578595428	1040.779459010472	83.02108161106251	1033.9396435067454	NaN
0	0.10500000000000001	517.0017537701877	374.1493444883105	82.85682644563992	962.6363788769402	1040.8674255814549	83.02074773870466	1033.997008770383	NaN
0	0.10500000000000001	517.0978432852205	373.1870447871943	83.0738668769884	962.2645954735838	1040.9547597791302	83.01630058785973	1034.0548577826594	NaN
0	0.10500000000000001	517.1941151133219	372.2217167890461	83.2926292363778	961.889736873154	1041.0414221337917	83.00805015491561	1034.113736094187	NaN
0	0.10500000000000001	517.2905204474897	371.2538741941522	83.5130151561886	961.5118605078115	1041.1273726330621	82.99638438317102	1034.1741391125754	NaN
0	0.10500000000000001	517.3870125341432	370.28401249652023	83.73492844231016	961.1310376426036	1041.2125747384118	82.98175768284993	1034.236502505014	NaN
0	0.10500000000000001	517.4835505923528	369.31256926062605	83.95828427354398	960.7473399811804	1041.2969986737505	82.96467711346786	1034.3011947119228	NaN
0	0.10500000000000001	517.5801027335793	368.3398942183727	84.1830164003667	960.3608289538536	1041.3806236568578	82.94568732199004	1034.3685117734742	NaN
0	0.10500000000000001	517.6766548748059	367.36615872680943	84.40909867309976	959.9715195404859	1041.463445108225	82.92535377197365	1034.438679751615	NaN
0	0.10500000000000001	517.7732070160325	366.3913923363499	84.63653747934478	959.5793933587734	1041.5454707487895	82.90424900670881	1034.5118516598263	NaN
0	0.10500000000000001	517.8697591572591	365.41562442646904	84.86533925833024	959.1844543514268	1041.6267082252998	82.88294288006351	1034.5880977208417	NaN
0	0.10500000000000001	517.9663112984856	364.43888420773914	85.09551050080917	958.7867282410476	1041.7071651110293	82.86199088480156	1034.6674066075839	NaN
0	0.10500000000000001	518.0628634397121	363.4612007238428	85.32705774895403	958.3862615535207	1041.786848906482	82.84192313424414	1034.7496883282263	NaN
0	0.10500000000000001	518.1594403681414	362.4823515095585	85.56004757289573	957.9830164108397	1041.8657872025528	82.8232296252538	1034.8348008321605	NaN
0	0.10500000000000001	518.2560683408866	361.5020981233216	85.7945516024611	957.5769638220356	1041.9440079276778	82.80635756294889	1034.9225374959165	NaN
0	0.10500000000000001	518.3527741637855	360.52019551451446	86.03064439676842	957.1680856317971	1042.021538574467	82.7917047178709	1035.0126326379468	NaN
0	0.10500000000000001	518.4495822502212	359.5364219784707	86.26839626055815	956.7563850460853	1042.0984038733675	82.77961393795111	1035.104765704363	NaN
0	0.10500000000000001	518.5465128353411	358.55059750136206	86.50786866636007	956.3418924552473	1042.174624504664	82.77036809816542	1035.1985669653438	NaN
0	0.10500000000000001	518.6435800802899	357.56260329851943	86.7491092421675	955.9246717827543	1042.2502158031916	82.76418572469554	1035.29362371218	NaN
0	0.10500000000000001	518.7407908182429	356.5723948811764	86.99214819441036	955.504824095895	1042.3251870364272	82.76121730625214	1035.3894877755722	NaN
0	0.10500000000000001	518.83814382142	355.58000983992014	87.23699592443369	955.0824888955417	1042.3995411285525	82.761542555168	1035.485684328964	NaN
0	0.10500000000000001	518.935629774064	354.58556842434575	87.48364235990766	954.6578422190462	1042.4732749414234	82.76516892089555	1035.5817221260754	NaN
0	0.10500000000000001	519.0332319638197	353.58926675419673	87.73205810621455	954.2310914573687	1042.5463800847167	82.77203170004965	1035.6771050158407	NaN
0	0.10500000000000001	519.1309276495363	352.5913630580584	87.98219738682421	953.8024670670297	1042.6188441877168	82.78199603663656	1035.7713443731425	NaN
0	0.10500000000000001	519.2286899738382	351.59215826019977	88.23400250695921	953.3722117943744	1042.6906525032289	82.79486098175053	1035.863971869208	NaN
0	0.10500000000000001	519.3264902109266	350.5919730445415	88.48740935794402	952.9405684126392	1042.761789666457	82.81036559872626	1035.9545518611594	NaN
0	0.10500000000000001	519.4242999987157	349.5911249854619	88.74235308520939	952.5077676262507	1042.8322413432877	82.82819687671886	1036.0426925632255	NaN
0	0.10500000000000001	519.5221097865048	348.5897395399894	88.99881660812254	952.0739441854282	1042.9020072927713	82.84800252599321	1036.1280695033058	NaN
0	0.10500000000000001	519.6199195742938	347.58784437540714	89.25680757079539	951.6391756850547	1042.9710941892986	82.86939992366331	1036.21042103235	NaN
0	0.10500000000000001	519.717729362083	346.58546701575443	89.51633366898771	951.2035237457973	1043.0395086422957	82.89198379547621	1036.2895433586202	NaN
0	0.10500000000000001	519.815539149872	345.58263484352887	89.7774026499121	950.7670334673287	1043.1072571968577	82.91533548024279	1036.3652931892877	NaN
0	0.10500000000000001	519.9133489376611	344.57937510136367	90.04002231203292	950.3297332480608	1043.1743463343746	82.93903218622283	1036.4375890122583	NaN
0	0.10500000000000001	520.0111587254503	343.57571489368013	90.30420050485851	949.8916349636977	1043.2407824731506	82.9626560454862	1036.5064110337435	NaN
0	0.10500000000000001	520.1089685132393	342.57168118831555	90.56994512872704	949.4527344896283	1043.3065719690183	82.98580278264961	1036.5717998148043	NaN
0	0.10500000000000001	520.2067783010284	341.56730081812583	90.83726413458514	949.013012545442	1043.3717211159478	83.00808982820168	1036.6338536760395	NaN
0	0.10500000000000001	520.3045880888176	340.5626004825641	91.10616552375987	948.5724358337646	1043.4362361466478	83.02916372348511	1036.6927249632652	NaN
0	0.10500000000000001	520.4023978766066	339.5576067492339	91.37665734772305	948.1309584403007	1043.5001232331622	83.048706683877	1036.748615288059	NaN
0	0.10500000000000001	520.5002076643957	338.5523460554173	91.6487477078484	947.6885234575154	1043.5633884874605	83.06644220832344	1036.801769875035	NaN
0	0.10500000000000001	520.5980174521849	337.5468447095789	91.92244475516084	947.2450647908444	1043.6260379620223	83.08213964665651	1036.8524711624227	NaN
0	0.10500000000000001	520.6958272399739	336.5411288928443	92.19775669007817	946.8005091037445	1043.6880776504172	83.09561766053267	1036.9010318137227	NaN
0	0.10500000000000001	520.793637027763	335.5352246604539	92.47469176214447	946.3547778563187	1043.7495134878773	83.10674653886122	1036.9477873057892	NaN
0	0.10500000000000001	520.8914468155522	334.52915794319125	92.7532582697556	945.907789391647	1043.810351351865	83.11544935372032	1036.9930882625733	NaN
0	0.10500000000000001	520.9892566033412	333.5229545487876	93.033464559876	945.4594610243488	1043.8705970626359	83.1217019674686	1037.0372927039966	NaN
0	0.10500000000000001	521.0870663911303	332.5166401632999	93.31531902774695	945.0097110872234	1043.9302563837953	83.12553192556004	1037.080758376096	NaN
0	0.10500000000000001	521.1848761789195	331.510240352465	93.59883011658631	944.5584608940358	1043.9893350228494	83.12701629198939	1037.1238353218498	NaN
0	0.10500000000000001	521.2826859667085	330.5037805630282	93.88400631727882	944.105636579542	1044.047838631752	83.12627850490293	1037.1668588422312	NaN
0	0.10500000000000001	521.3804957544976	329.4972861240465	94.1708561680577	943.6511707816192	1044.105772807444	83.12348434831772	1037.2101429842676	NaN
0	0.10500000000000001	521.4783055422866	328.4907822481673	94.45938825417655	943.1950041347544	1044.16314309239	83.11883715176731	1037.2539746776467	NaN
0	0.10500000000000001	521.5761153300758	327.48429403288156	94.74961120757175	942.7370865490697	1044.2199549751085	83.11257234275749	1037.2986086240107	NaN
0	0.10500000000000001	521.6739251178649	326.47784646175126	95.04153370651538	942.2773782543724	1044.276213890696	83.10495148696434	1037.344263024008	NaN
0	0.10500000000000001	521.771734905654	325.47146440561283	95.33516447525786	941.8158505943264	1044.3319252213478	83.0962559579956	1037.3911162068423	NaN
0	0.10500000000000001	521.8695446934431	324.465172623754	95.63051228366056	941.3524865615822	1044.387094296873	83.08678038219799	1037.4393042059748	NaN
0	0.10500000000000001	521.9673544812322	323.4589957650658	95.92758594681828	940.8872810704759	1044.441726395203	83.07682600443513	1037.4889193032247	NaN
0	0.10500000000000001	522.0651642690212	322.4529583691697	96.22639432467092	940.4202409695856	1044.4958267428988	83.06669411805318	1037.5400095422988	NaN
0	0.10500000000000001	522.1629740568104	321.4470848675181	96.52694632160477	939.9513848018751	1044.549400515649	83.05667969654628	1037.592579192162	NaN
0	0.10500000000000001	522.2607838445995	320.44139958447045	96.82925088604266	939.4807423252855	1044.602452838766	83.0470653559378	1037.646590121104	NaN
0	0.10500000000000001	522.3585936323885	319.43592673834354	97.13331701002308	939.0083538113207	1044.6549887876756	83.03811576587258	1037.7019640242183	NaN
0	0.10500000000000001	522.4564034201777	318.43069044243543	97.43915372876816	938.5342691433468	1044.7070133884035	83.03007261419019	1037.758585430664	NaN
0	0.10500000000000001	522.5542132079668	317.425714706025	97.74677012024007	938.0585467399037	1044.7585316180548	83.0231502146757	1037.8163054028114	NaN
0	0.10500000000000001	522.6520229957558	316.421023435345	98.05617530468591	937.5812523312549	1044.809548405292	83.01753183115359	1037.8749458274197	NaN
0	0.10500000000000001	522.7498327835449	315.4166404345295	98.36737844417058	937.102457619636	1044.860068630804	83.01336677350974	1037.9343041895504	NaN
0	0.10500000000000001	522.8476425713341	314.412589406536	98.68038874209783	936.6222388551747	1044.910097127776	83.01076830301922	1037.9941587131045	NaN
0	0.10500000000000001	522.9454523591231	313.4088939540408	98.99521544271897	936.140675360244	1044.9596386823496	83.00981236593748	1038.0542737477435	NaN
0	0.10500000000000001	523.0432621469122	312.4055775803094	99.31186783062942	935.6578480350655	1045.0086980340811	83.01053715609439	1038.1144052805191	NaN
0	0.10500000000000001	523.1410719347014	311.40266369004064	99.6303552302524	935.1738378767516	1045.057279876396	83.01294348959574	1038.1743064517254	NaN
0	0.10500000000000001	523.2388817224904	310.4001755901849	99.95068700531014	934.6887245426693	1045.105388857037	83.01699595805043	1038.2337329582062	NaN
0	0.10500000000000001	523.3366915102795	309.3981364907359	100.27287255828207	934.2025849870965	1045.1530295785087	83.02262481132706	1038.2924482334247	NaN
0	0.10500000000000001	523.4345012980687	308.39656950549715	100.59692132984995	933.7154921976763	1045.2002065985187	83.02972850698393	1038.3502283018072	NaN
0	0.10500000000000001	523.5323110858577	307.39549765282186	100.92284279832974	933.2275140552317	1045.2469244304127	83.03817685145123	1038.4068662150125	NaN
0	0.10500000000000001	523.6301208736468	306.3949438563264	101.25064647909001	932.7387123371468	1045.2931875436066	83.04781464796696	1038.4621759895101	NaN
0	0.10500000000000001	523.727930661436	305.3949309455781	101.58034192395675	932.2491418808592	1045.3390003640138	83.05846575831397	1038.5159959779244	NaN
0	0.10500000000000001	523.825740449225	304.3954816567566	101.91193872060448	931.7588499201037	1045.3843672744697	83.06993747967164	1038.568191620681	NaN
0	0.10500000000000001	523.9235502370141	303.39661863328877	102.24544649193332	931.267875602514	1045.4292926151497	83.08202513441991	1038.6186575392255	NaN
0	0.10500000000000001	524.0213600248032	302.3983644264574	102.58087489543203	930.7762496930869	1045.4737806839853	83.09451676950873	1038.6673189471883	NaN
0	0.10500000000000001	524.1191698125923	301.4007414959837	102.91823362252684	930.2839944639669	1045.5178357370744	83.10719786298311	1038.714132370973	NaN
0	0.10500000000000001	524.2169796003814	300.4037722105828	103.2575323979157	929.7911237670623	1045.56146198909	83.11985593833417	1038.7590856860577	NaN
0	0.10500000000000001	524.3147893881705	299.4074788484935	103.59878097888814	929.2976432822713	1045.6046636136814	83.13228499240041	1038.8021974895075	NaN
0	0.10500000000000001	524.4125991759596	298.41188359798093	103.94198915463032	928.8035509306145	1045.6474447438754	83.14428964940006	1038.843515842534	NaN
0	0.10500000000000001	524.5104089637487	297.4170085578131	104.2871667455152	928.3088374384416	1045.6898094724702	83.15568896213516	1038.8831164291535	NaN
0	0.10500000000000001	524.6082187515377	296.422875737711	104.63432360237779	927.8134870361206	1045.7317618524273	83.16631979125329	1038.921100187852	NaN
0	0.10500000000000001	524.7060285393269	295.4295070587713	104.98346960577517	927.3174782723028	1045.7733058972606	83.17603970442963	1038.9575904825151	NaN
0	0.10500000000000001	524.803838327116	294.43692435386345	105.33461466523124	926.8207849230052	1045.814445581418	83.18472934918987	1038.9927298865314	NaN
0	0.10500000000000001	524.901648114905	293.4451493679995	105.68776871846609	926.3233769733952	1045.855184840664	83.19229426555802	1039.026676659859	NaN
0	0.10500000000000001	524.9994579026942	292.45420375867747	106.04294173060971	925.8252216493061	1045.8955275724543	83.19866611750878	1039.0596010028596	NaN
0	0.10500000000000001	525.0972676904832	291.46410909619823	106.4001436934002	925.3262844751753	1045.9354776363095	83.20380333506041	1039.0916811728507	NaN
0	0.10500000000000001	525.1950774782723	290.47488686395536	106.759384624366	924.8265303352425	1045.9750388541856	83.20769117149061	1039.12309954958	NaN
0	0.10500000000000001	525.2928872660615	289.4865584586986	107.12067456599246	924.3259245154984	1046.0142150108368	83.21034119233732	1039.1540387342757	NaN
0	0.10500000000000001	525.3906970538505	288.49914519077026	107.48402358487205	923.8244337049568	1046.0530098541794	83.21179022432264	1039.1846777636283	NaN
0	0.10500000000000001	525.4885068416396	287.5126682843156	107.84944177083877	923.3220269363417	1046.0914270956512	83.2120988028805	1039.215188515155	NaN
0	0.10500000000000001	525.5863166294288	286.5271488774657	108.21693923608625	922.8186764481679	1046.129470410564	83.21134916639525	1039.245732374013	NaN
0	0.10500000000000001	525.6841264172178	285.54260802249416	108.58652611426932	922.3143584524054	1046.1671434384577	83.20964285338708	1039.2764572236701	NaN
0	0.10500000000000001	525.7819362050069	284.55906668594713	108.95821255958955	921.8090537943931	1046.2044497834474	83.20709796558471	1039.307494814088	NaN
0	0.10500000000000001	525.879745992796	283.5765457487465	109.33200874586397	921.3027484943588	1046.241393014568	83.20384616499975	1039.3389585514399	NaN
0	0.10500000000000001	525.9775557805851	282.5950660062662	109.70792486557735	920.7954341627294	1046.2779766661156	83.2000294766907	1039.3709417431403	NaN
0	0.10500000000000001	526.0753655683742	281.61464816838287	110.08597112891798	920.2871082843258	1046.3142042379864	83.1957969708525	1039.4035163212613	NaN
0	0.10500000000000001	526.1731753561633	280.6353128594985	110.46615776279646	919.7777743694654	1046.350079196011	83.19130139818668	1039.4367320566091	NaN
0	0.10500000000000001	526.2709851439524	279.6570806185382	110.848495009848	919.2674419728719	1046.3856049722858	83.18669585124485	1039.4706162649384	NaN
0	0.10500000000000001	526.3687949317415	278.6799718989197	111.23299312741779	918.7561265840636	1046.420784965502	83.18213052166148	1039.5051739963303	NaN
0	0.10500000000000001	526.4666047195306	277.704007068498	111.61966238652947	918.2438493955043	1046.4556225412696	83.1777496190098	1039.5403886888002	NaN
0	0.10500000000000001	526.5644145073197	276.7292064094829	112.00851307083687	917.73063695719	1046.490121032441	83.1736885115561	1039.5762232579439	NaN
0	0.10500000000000001	526.6622242951088	275.75559011832985	112.39955547555861	917.2165207284905	1046.524283739428	83.17007114261109	1039.6126215860716	NaN
0	0.10500000000000001	526.7600340828978	274.78317830560525	112.79279990639593	916.701536539898	1046.5581139305195	83.16700776865808	1039.6495103669542	NaN
0	0.10500000000000001	526.857843870687	273.8119909958253	113.18825667843353	916.1857239788552	1046.5916148421927	83.16459305716656	1039.6868012561276	NaN
0	0.10500000000000001	526.9556536584761	272.8420481272687	113.58593611502344	915.6691257150038	1046.6247896794227	83.16290457318259	1039.7243932717872	NaN
0	0.10500000000000001	527.0534634462651	271.8733695517633	113.98584854665185	915.1517867809956	1046.6576416159903	83.16200167462384	1039.762175387718	NaN
0	0.10500000000000001	527.1512732340543	270.90597503444707	114.38800430978907	914.6337538254486	1046.6901737947849	83.16192482691459	1039.8000292574536	NaN
0	0.10500000000000001	527.2490830218434	269.93988425350307	114.79241374572256	914.1150743547042	1046.7223893281043	83.16269533837038	1039.8378320079908	NaN
0	0.10500000000000001	527.3468928096324	268.9751167998687	115.19908719937305	913.5957959797538	1046.7542912979552	83.16431550878345	1039.8754590418284	NaN
0	0.10500000000000001	527.4447025974216	268.0116921769198	115.60803501809379	913.0759656840885	1046.7858827563439	83.16676917514711	1039.912786787848	NaN
0	0.10500000000000001	527.5425123852107	267.0496298001284	116.01926755045287	912.5556291272844	1046.8171667255726	83.17002263056295	1039.9496953444868	NaN
0	0.10500000000000001	527.6403221729997	266.0889489966967	116.43279514499899	912.0348299979216	1046.8481461985255	83.1740258852364	1039.986070962705	NaN
0	0.10500000000000001	527.7381319607888	265.1296690051642	116.84862814901035	911.5136094279663	1046.8788241389564	83.17871423222113	1040.021808321273	NaN
0	0.10500000000000001	527.835941748578	264.1718089749908	117.26677690722698	910.9920054790654	1046.9092034817718	83.1840100753137	1040.0568125527795	NaN
0	0.10500000000000001	527.933751536367	263.2153879661154	117.68725176056648	910.4700527093618	1046.9392871333123	83.18982497231111	1040.091000985317	NaN
0	0.10500000000000001	528.0315613241561	262.2604249484884	118.11006304482343	909.9477818274652	1046.9690779716298	83.19606184377373	1040.1243045719132	NaN
0	0.10500000000000001	528.1293711119453	261.30693880158185	118.53522108935228	909.4252194381697	1046.9985788467632	83.20261729551544	1040.1566689872266	NaN
0	0.10500000000000001	528.2271808997343	260.35494831387336	118.9627362157342	908.9023878824278	1047.027792581012	83.20938400227155	1040.188055378688	NaN
0	0.10500000000000001	528.3249906875234	259.40447218230685	119.39261873642762	908.3793051720255	1047.0567219692039	83.21625310035198	1040.2184407669652	NaN
0	0.10500000000000001	528.4228004753126	258.4555290117299	119.82487895340302	907.8559850173903	1047.0853697789655	83.22311653853014	1040.247818098178	NaN
0	0.10500000000000001	528.5206102631016	257.50813731430617	120.25952715676175	907.3324369450471	1047.1137387509837	83.22986933887891	1040.276195957564	NaN
0	0.10500000000000001	528.6184200508907	256.5623155089059	120.69657362333922	906.8086664994573	1047.1418315992698	83.23641172266359	1040.3035979611352	NaN
0	0.10500000000000001	528.7162298386799	255.61808192047215	121.13602861529264	906.2846755223574	1047.1696510114198	83.24265106063389	1040.3300618481458	NaN
0	0.10500000000000001	528.8140396264689	254.67545477936463	121.57790237867343	905.7604625012925	1047.1971996488692	83.24850361201337	1040.3556383027903	NaN
0	0.10500000000000001	528.911849414258	253.73445222068085	122.02220514198454	905.2360229778374	1047.22448014715	83.25389602203406	1040.3803895383894	NaN
0	0.10500000000000001	529.009659202047	252.79509228355516	122.46894711472285	904.711350005034	1047.2514951161406	83.25876655387727	1040.404387681302	NaN
0	0.10500000000000001	529.1074689898362	251.85739291043507	122.91813848590675	904.1864346428562	1047.278247140318	83.2630660372183	1040.4277129948764	NaN
0	0.10500000000000001	529.2052787776253	250.92137194633662	123.36978942258955	903.6612664800572	1047.304738779003	83.26675852208751	1040.450451985889	NaN
0	0.10500000000000001	529.3030885654143	249.9870471380777	123.82391006835833	903.1358341705571	1047.330972566606	83.26982163331853	1040.472695437091	NaN
0	0.10500000000000001	529.4008983532035	249.05443613349067	124.28051054181917	902.6101259725842	1047.3569510128689	83.27224662731011	1040.494536409701	NaN
0	0.10500000000000001	529.4987081409926	248.1235564806137	124.73960093506827	902.0841302790867	1047.382676603106	83.27403815905578	1040.516068258966	NaN
0	0.10500000000000001	529.5965179287816	247.19442562686243	125.20119131215004	901.5578361284756	1047.4081517984403	83.27521377326495	1040.5373827043175	NaN
0	0.10500000000000001	529.6943277165708	246.26706091818065	125.66529170750184	901.0312336855017	1047.433379036041	83.27580313880415	1040.5585679932117	NaN
0	0.10500000000000001	529.7921375043599	245.3414795981721	126.1319121243859	900.5043146830192	1047.4583607293553	83.27584705052043	1040.579707194572	NaN
0	0.10500000000000001	529.8899472921489	244.4176988072124	126.6010625333088	899.9770728165016	1047.4830992683399	83.27539622669154	1040.6008766538987	NaN
0	0.10500000000000001	529.9877570799381	243.49573558154222	127.07275287042872	899.4495040844162	1047.5075970196885	83.274509933805	1040.622144637719	NaN
0	0.10500000000000001	530.0855668677272	242.57560685234202	127.54699303595079	898.9216070689273	1047.5318563270598	83.27325447305243	1040.6435701901905	NaN
0	0.10500000000000001	530.1833766555162	241.65732944478867	128.0237928925111	898.3933831528277	1047.5558795113006	83.2717015647992	1040.6652022194833	NaN
0	0.10500000000000001	530.2811864433054	240.7409200770942	128.50316226354948	897.8648366700695	1047.5796688706687	83.26992666833912	1040.687078826167	NaN
0	0.10500000000000001	530.3789962310944	239.82639535952745	128.98511093167158	897.3359749887566	1047.6032266810512	83.26800727447007	1040.709226880334	NaN
0	0.10500000000000001	530.4768060188835	238.91377179341904	129.46964863700038	896.8068085269198	1047.6265551961842	83.26602120784887	1040.7316618487164	NaN
0	0.10500000000000001	530.5746158066727	238.00306577015013	129.9567850755182	896.2773507028094	1047.6496566478672	83.264044974741	1040.754387867731	NaN
0	0.10500000000000001	530.6724255944617	237.094293570125	130.44652989739888	895.7476178227732	1047.6725332461774	83.26215218972045	1040.7773980533082	NaN
0	0.10500000000000001	530.7702353822508	236.18747136172834	130.9388927053308	895.217628911011	1047.6951871796798	83.2604121121672	1040.8006750336301	NaN
0	0.10500000000000001	530.8680451700399	235.28261520026825	131.43388305283156	894.6874054865959	1047.7176206156387	83.25888832013013	1040.8241916866232	NaN
0	0.10500000000000001	530.965854957829	234.37974102690433	131.93151044255407	894.1569712941007	1047.739835700222	83.25763754535797	1040.84791206027	NaN
0	0.10500000000000001	531.0636647456181	233.47886466756225	132.43178432458535	893.6263519949515	1047.7618345587096	83.25670868914963	1040.8717924506266	NaN
0	0.10500000000000001	531.1614745334072	232.5800018318351	132.93471409473764	893.0955748272443	1047.7836192956952	83.2561420342331	1040.8957826098726	NaN
0	0.10500000000000001	531.2592843211963	231.68316811187188	133.44030909283325	892.5646682421824	1047.805191995288	83.25596866325851	1040.919827054816	NaN
0	0.10500000000000001	531.3570941089854	230.7883789812542	133.94857860098273	892.0336615255388	1047.8265547213114	83.25621008978638	1040.943866445095	NaN
0	0.10500000000000001	531.4549038967745	229.89564979386108	134.4595318418575	891.5025844125986	1047.8477095175008	83.25687810297045	1040.9678389997719	NaN
0	0.10500000000000001	531.5527136845636	229.00499578272306	134.97317797695743	890.9714667049146	1047.8686584077007	83.25797482257576	1040.9916819211946	NaN
0	0.10500000000000001	531.6505234723527	228.11643205886585	135.48952610487345	890.440337896911	1047.889403396055	83.2594929566266	1041.0153327958114	NaN
0	0.10500000000000001	531.7483332601417	227.2299736101442	136.0085852595465	889.909226819912	1047.9099464672024	83.26141624993728	1041.0387309430448	NaN
0	0.10500000000000001	531.8461430479309	226.3456353000667	136.53036440852256	889.3781613105668	1047.9302895864632	83.26372010810752	1041.0618186853442	NaN
0	0.10500000000000001	531.94395283572	225.46343186661207	137.05487245120497	888.8471679099129	1047.9504347000295	83.26637237834069	1041.0845425150235	NaN
0	0.10500000000000001	532.041762623509	224.5833779210378	137.58211821710432	888.3162715984735	1047.9703837351508	83.26933426571125	1041.106854136435	NaN
0	0.10500000000000001	532.1395724112981	223.70548794668105	138.11211046408647	887.7854955718619	1047.9901386003164	83.27256136131473	1041.1287113653364	NaN
0	0.10500000000000001	532.2373821990873	222.8297762977538	138.64485787661985	887.2548610603649	1048.0097011854418	83.27600475710844	1041.1500788708754	NaN
0	0.10500000000000001	532.3351919868763	221.95625719813157	139.18036906402165	886.7243871949441	1048.0290733620461	83.2796122212051	1041.1709287494107	NaN
0	0.10500000000000001	532.4330017746654	221.0849447401371	139.7186525587045	886.1940909210383	1048.0482569834326	83.28332940692584	1041.191240923256	NaN
0	0.10500000000000001	532.5308115624546	220.21585288331977	140.25971681442385	885.6639869604929	1048.0672538848655	83.28710106903611	1041.2110033613567	NaN
0	0.10500000000000001	532.6286213502436	219.3489954532309	140.80357020452686	885.1340878209239	1048.086065883747	83.29087226126353	1041.2302121227617	NaN
0	0.10500000000000001	532.7264311380327	218.48438614019634	141.350221020203	884.6044038508367	1048.1046947797888	83.29458949039707	1041.248871227456	NaN
0	0.10500000000000001	532.8242409258219	217.62203849808643	141.89967746873765	884.0749433379091	1048.123142355186	83.29820180394711	1041.2669923626383	NaN
0	0.10500000000000001	532.9220507136109	216.76196594308453	142.45194767176923	883.545712647019	1048.1414103747873	83.301661790462	1041.2845944357382	NaN
0	0.10500000000000001	533.0198605014	215.9041817524548	143.00703966355022	883.0167163938578	1048.1595005862625	83.30492647408506	1041.3017029883622	NaN
0	0.10500000000000001	533.1176702891892	215.04869906330933	143.56496138921298	882.4879576493552	1048.1774147202718	83.30795808773563	1041.3183494878508	NaN
0	0.10500000000000001	533.2154800769782	214.19553087137652	144.1257207030412	881.9594381696321	1048.1951544906303	83.31072471234023	1041.3345705151974	NaN
0	0.10500000000000001	533.3132898647673	213.34469002977048	144.68932536674745	881.4311586458265	1048.2127215944715	83.31320077275348	1041.3504068696934	NaN
0	0.10500000000000001	533.4110996525565	212.49618924776254	145.25578304775777	880.9031189678896	1048.230117712411	83.31536738432074	1041.3659026117832	NaN
0	0.10500000000000001	533.5089094403455	211.65004108955597	145.82510131750396	880.3753184963383	1048.247344508706	83.31721254737144	1041.3811040662683	NaN
0	0.10500000000000001	533.6067192281346	210.80625797306394	146.39728764972375	879.8477563359666	1048.264403631414	83.31873119022632	1041.3960588081418	NaN
0	0.10500000000000001	533.7045290159238	209.96485216869246	146.97234941877085	879.3204316056612	1048.2812967125533	83.31992506448167	1041.410814653023	NaN
0	0.10500000000000001	533.8023388037128	209.1258357981281	147.55029389793432	878.793343698734	1048.298025368256	83.32080249933654	1041.4254186733808	NaN
0	0.10500000000000001	533.9001485915019	208.28922083313194	148.13112825776875	878.2664925285485	1048.3145911989247	83.32137802449948	1041.4399162605418	NaN
0	0.10500000000000001	533.9979583792909	207.45501909434049	148.71485956443556	877.739878754697	1048.330995789384	83.32167187369431	1041.454350250891	NaN
0	0.10500000000000001	534.0957681670801	206.62324225007393	149.3014947780568	877.2135039855378	1048.3472407090335	83.3217093829381	1041.468760132752	NaN
0	0.10500000000000001	534.1935779548692	205.79390181515313	149.89104075108122	876.6873709535331	1048.363327511997	83.32152029955333	1041.4831813482206	NaN
0	0.10500000000000001	534.2913877426582	204.96700914972547	150.48350422666462	876.1614836605086	1048.3792577372724	83.32113801927356	1041.49764470177	NaN
0	0.10500000000000001	534.3891975304474	204.142575458101	151.07889183706388	875.635847490687	1048.3950329088764	83.32059876978644	1041.5121758848434	NaN
0	0.10500000000000001	534.4870073182365	203.32061178759926	151.67721010204662	875.1104692900883	1048.410654535994	83.31994075962942	1041.5267951228889	NaN
0	0.10500000000000001	534.5848171060255	202.50112902740779	152.2784654273164	874.5853574116497	1048.426124113119	83.3192033115008	1041.5415169485234	NaN
0	0.10500000000000001	534.6826268938147	201.68413790745305	152.88266410295486	874.060521726158	1048.4414431202	83.3184259987932	1041.5563501017245	NaN
0	0.10500000000000001	534.7804366816038	200.86964899728443	153.4898123018809	873.5359735998115	1048.4566130227804	83.31764780350763	1041.5712975552303	NaN
0	0.10500000000000001	534.8782464693928	200.05767270497242	154.0999160783283	873.011725839906	1048.4716352721396	83.31690631269278	1041.5863566607488	NaN
0	0.10500000000000001	534.976056257182	199.24821927602162	154.71298136634204	872.487792610767	1048.4865113054302	83.31623696921133	1041.6015194091442	NaN
0	0.10500000000000001	535.073866044971	198.4412987922991	155.32901397829437	871.9641893226176	1048.5012425458171	83.31567239099418	1041.616772795584	NaN
0	0.10500000000000001	535.1716758327601	197.6369211709795	155.9480196034214	871.4409324965555	1048.5158304026138	83.31524177105858	1041.6320992786768	NaN
0	0.10500000000000001	535.2694856205492	196.83509616350696	156.57000380638053	870.9180396092222	1048.5302762714155	83.314970368475	1041.6474773209936	NaN
0	0.10500000000000001	535.3672954083384	196.03583335457532	157.19497202583005	870.3955289210656	1048.5445815342339	83.31487909822921	1041.6628819970285	NaN
0	0.10500000000000001	535.4651051961274	195.23914216112675	157.8229295730313	869.8734192923253	1048.5587475596296	83.31498422558667	1041.678285653662	NaN
0	0.10500000000000001	535.5629149839165	194.4450318313702	158.4538816304741	869.3517299909939	1048.5727757028421	83.31529716818089	1041.693658607547	NaN
0	0.10500000000000001	535.6607247717056	193.65351144381964	159.08783325052624	868.8304804970585	1048.58666730592	83.31582440667142	1041.7089698635332	NaN
0	0.10500000000000001	535.7585345594947	192.86458990635398	159.72478935410817	868.3096903072554	1048.6004236978497	83.31656750249196	1041.724187838299	NaN
0	0.10500000000000001	535.8563443472838	192.07827595529818	160.36475472939253	867.7893787444467	1048.6140461946816	83.317523218993	1041.7392810737388	NaN
0	0.10500000000000001	535.9541541350729	191.294578154527	161.00773403053037	867.2695647754847	1048.627536099657	83.3186837402117	1041.7542189253472	NaN
0	0.10500000000000001	536.051963922862	190.51350489459213	161.6537317764043	866.7502668411455	1048.6408947033328	83.32003697961727	1041.7689722118341	NaN
0	0.10500000000000001	536.1497737106511	189.73506439187318	162.30275234940888	866.2315027013376	1048.6541232837042	83.32156696951733	1041.7835138134421	NaN
0	0.10500000000000001	536.2475834984402	188.95926468775343	162.95479999425964	865.7132892983732	1048.6672231063262	83.32325432039532	1041.7978192079188	NaN
0	0.10500000000000001	536.3453932862293	188.18611364782075	163.6098788168307	865.1956426406215	1048.6801954244372	83.32507673830612	1041.8118669347489	NaN
0	0.10500000000000001	536.4432030740184	187.41561896109457	164.26799278302244	864.6785777083595	1048.6930414790766	83.3270095875979	1041.8256389800667	NaN
0	0.10500000000000001	536.5410128618075	186.64778813927978	164.92914571765874	864.1621083831106	1048.705762499205	83.3290264856689	1041.8391210765674	NaN
0	0.10500000000000001	536.6388226495966	185.88262851604784	165.59334130341566	863.6462474012286	1048.7183597018209	83.3310999162019	1041.852302914723	NaN
0	0.10500000000000001	536.7366324373857	185.12014724634597	166.26058307978116	863.1310063319415	1048.7308342920774	83.33320184735085	1041.8651782635854	NaN
0	0.10500000000000001	536.8344422251748	184.36035130573492	166.93087444204716	862.6163955795572	1048.7431874633971	83.33530434166903	1041.877745001423	NaN
0	0.10500000000000001	536.9322520129639	183.6032474897562	167.6042186403342	862.1024244090198	1048.7554203975872	83.33738014515087	1041.8900050583395	NaN
0	0.10500000000000001	537.030061800753	182.84884241332904	168.28061877864914	861.5891009935481	1048.7675342649522	83.33940324359385	1041.9019642748153	NaN
0	0.10500000000000001	537.127871588542	182.0971425101777	168.9600778139766	861.0764324826531	1048.7795302244049	83.34134937553907	1041.9136321817575	NaN
0	0.10500000000000001	537.2256813763312	181.34815403229015	169.64259855540513	860.5644250884575	1048.7914094235782	83.34319649230115	1041.92502170914	NaN
0	0.10500000000000001	537.3234911641202	180.60188304940814	170.32818366328772	860.0530841879167	1048.803172998936	83.34492515700548	1041.9361488316017	NaN
0	0.10500000000000001	537.4213009519093	179.85833544854935	171.01683564843805	859.5424144382794	1048.8148220758783	83.34651887609071	1041.9470321604356	NaN
0	0.10500000000000001	537.5191107396985	179.11751693356214	171.70855687136202	859.0324199029283	1048.8263577688535	83.34796435836124	1041.9576924922565	NaN
0	0.10500000000000001	537.6169205274875	178.37943302471373	172.40334954152615	858.5231041846122	1048.8377811814614	83.34925169835523	1041.9681523252189	NaN
0	0.10500000000000001	537.7147303152766	177.6440890583117	173.10121571666232	858.0144705630128	1048.8490934065605	83.35037448249396	1041.9784353540151	NaN
0	0.10500000000000001	537.8125401030658	176.9114901863598	173.80215730210995	857.5065221335976	1048.8602955263732	83.3513298181535	1041.988565954981	NaN
0	0.10500000000000001	537.9103498908548	176.18164137624805	174.50617605019548	856.9992619447753	1048.8713886125863	83.35211828742581	1041.998568672496	NaN
0	0.10500000000000001	538.0081596786439	175.45454741047786	175.2132735596499	856.4926931304957	1048.882373726457	83.35274382887184	1042.0084677174948	NaN
0	0.10500000000000001	538.1059694664331	174.73021288642258	175.92345127506488	855.9868190356243	1048.8932519189125	83.35321355198782	1042.0182864883102	NaN
0	0.10500000000000001	538.2037792542221	174.00864221612377	176.63671048638707	855.4816433316563	1048.9040242306507	83.35353749038386	1042.0280471232902	NaN
0	0.10500000000000001	538.3015890420112	173.2898396261233	177.35305232845187	854.9771701206112	1048.9146916922411	83.35372830078242	1042.0377700936608	NaN
0	0.10500000000000001	538.3993988298002	172.57380915733214	178.07247778055623	854.4734040252695	1048.9252553242213	83.3538009158718	1042.0474738439964	NaN
0	0.10500000000000001	538.4972086175894	171.86055466493562	178.794987666071	853.9703502642569	1048.9357161371966	83.35377215977601	1042.0571744864264	NaN
0	0.10500000000000001	538.5950184053785	171.15007981833594	179.5205826520936	853.4680147108465	1048.9460751319345	83.35366033542371	1042.066885553384	NaN
0	0.10500000000000001	538.6928281931675	170.44238810113166	180.24926324914003	852.9664039347318	1048.9563332994628	83.35348479340547	1042.0766178123106	NaN
0	0.10500000000000001	538.7906379809567	169.7374828111348	180.98102981087771	852.4655252264034	1048.9664916211632	83.35326549200458	1042.0863791443232	NaN
0	0.10500000000000001	538.8884477687458	169.0353670604259	181.7158825338988	851.9653866041426	1048.9765510688653	83.3530225579751	1042.0961744874328	NaN
0	0.10500000000000001	538.9862575565348	168.33604377544637	182.4538214575337	851.4659968040125	1048.9865126049392	83.35277585732798	1042.1060058435135	NaN
0	0.10500000000000001	539.084067344324	167.63951569712964	183.19484646370591	850.9673652535766	1048.9963771823882	83.35254458488933	1042.1158723469161	NaN
0	0.10500000000000001	539.1818771321131	166.94578538107018	183.9389572768276	850.4695020303905	1049.0061457449399	83.35234688072646	1042.1257703913625	NaN
0	0.10500000000000001	539.2796869199021	166.25485519773065	184.68615346373585	849.9724178066103	1049.015819227136	83.35219948071966	1042.1356938106421	NaN
0	0.10500000000000001	539.3774967076913	165.56672733268786	185.43643443367043	849.4761237813067	1049.0253985544223	83.35211740760957	1042.145634107628	NaN
0	0.10500000000000001	539.4753064954804	164.88140378691705	186.18979943829245	848.9806316022872	1049.034884643237	83.35211370779874	1042.155580725279	NaN
0	0.10500000000000001	539.5731162832694	164.19888637711475	186.9462475717442	848.4859532793955	1049.044278401098	83.35219923805468	1042.1655213526024	NaN
0	0.10500000000000001	539.6709260710586	163.5191767360602	187.70577777075013	847.992101091376	1049.0535807266897	83.35238250507891	1042.175442258033	NaN
0	0.10500000000000001	539.7687358588477	162.84227631301516	188.46838881475884	847.4990874884603	1049.0627925099507	83.35266955969571	1042.1853286423325	NaN
0	0.10500000000000001	539.8665456466367	162.16818637416276	189.23407932612625	847.0069249928628	1049.0719146321564	83.35306394620616	1042.1951650029512	NaN
0	0.10500000000000001	539.9643554344259	161.4969080030843	190.00284777033957	846.5156260993405	1049.0809479660047	83.35356670626985	1042.2049355017996	NaN
0	0.10500000000000001	540.062165222215	160.8284421012746	190.77469245628242	846.0252031779121	1049.0898933756996	83.35417643554328	1042.2146243285492	NaN
0	0.10500000000000001	540.159975010004	160.16278938869573	191.5496115365402	845.5356683807156	1049.0987517170329	83.35488939024431	1042.22421605193	NaN
0	0.10500000000000001	540.2577847977931	159.49995040436886	192.3276030077465	845.0470335548384	1049.1075238374674	83.35569963984382	1042.2336959519719	NaN
0	0.10500000000000001	540.3555945855823	158.8399255070042	193.1086647109697	844.5593101627682	1049.1162105762169	83.35659926123067	1042.243050326761	NaN
0	0.10500000000000001	540.4534043733713	158.1827148756686	193.8927943321398	844.0725092119044	1049.1248127643273	83.357578568961	1042.2522667680178	NaN
0	0.10500000000000001	540.5512141611604	157.52831851049086	194.6799894025153	843.5866411943304	1049.133331224755	83.35862637561075	1042.261334400642	NaN
0	0.10500000000000001	540.6490239489495	156.87673623340447	195.47024729918968	843.1017160377953	1049.141766772447	83.35973027579692	1042.2702440822807	NaN
0	0.10500000000000001	540.7468337367386	156.22796768892758	196.26356524563724	842.6177430685881	1049.1501202144177	83.360876947135	1042.278988559936	NaN
0	0.10500000000000001	540.8446435245277	155.5820123449797	197.0599403122985	842.1347309867126	1049.1583923498272	83.36205246124868	1042.2875625816398	NaN
0	0.10500000000000001	540.9424533123168	154.93886949373504	197.8593694172041	841.6526878535016	1049.1665839700556	83.36324259795	1042.2959629622271	NaN
0	0.10500000000000001	541.0402631001059	154.29853825251226	198.66184932663728	841.1716210915404	1049.1746958587826	83.36443315585483	1042.3041886032345	NaN
0	0.10500000000000001	541.138072887895	153.66101756469973	199.46737665583444	840.6915374965154	1049.182728792058	83.36561025298029	1042.312240467932	NaN
0	0.10500000000000001	541.2358826756841	153.02630620071696	200.27594786972364	840.2124432603599	1049.1906835383795	83.36676061128512	1042.3201215133997	NaN
0	0.10500000000000001	541.3336924634732	152.39440275901057	201.08755928370022	839.734344004857	1049.198560858764	83.36787181963692	1042.3278365824183	NaN
0	0.10500000000000001	541.4315022512623	151.7653056670857	201.90220706443944	839.257244824655	1049.2063615068214	83.36893257031879	1042.3353922586966	NaN
0	0.10500000000000001	541.5293120390513	151.13901318257098	202.71988723074563	838.7811503384967	1049.2140862288263	83.36993286489657	1042.3427966896388	NaN
0	0.10500000000000001	541.6271218268405	150.51552339431817	203.54059565443723	838.3060647473138	1049.2217357637903	83.37086418604474	1042.3500593813944	NaN
0	0.10500000000000001	541.7249316146296	149.89483422353464	204.36432806126737	837.8319918977481	1049.229310843531	83.37171963275333	1042.3571909713846	NaN
0	0.10500000000000001	541.8227414024186	149.276943424949	205.1910800318795	837.3589353495786	1049.236812192744	83.3724940171912	1042.3642029838047	NaN
0	0.10500000000000001	541.9205511902078	148.66184858800924	206.02084700279738	836.8868984455094	1049.24424052907	83.37318392236389	1042.371107573804	NaN
0	0.10500000000000001	542.0183609779968	148.04954713811262	206.85362426744922	836.4158843817638	1049.2515965631662	83.37378772056007	1042.3779172660923	NaN
0	0.10500000000000001	542.1161707657859	147.44003633786693	207.6894069772248	835.9458962779636	1049.2588809987712	83.37430555340796	1042.3846446936764	NaN
0	0.10500000000000001	542.2139805535751	146.83331328838275	208.52819014256576	835.4769372448353	1049.2660945327748	83.37473927515038	1042.3913023422413	NaN
0	0.10500000000000001	542.3117903413641	146.2293749305955	209.3699686340877	835.0090104483772	1049.273237855284	83.37509236147282	1042.3979023054071	NaN
0	0.10500000000000001	542.4096001291532	145.6282180466176	210.21473718373437	834.5421191692346	1049.280311649688	83.37536978687612	1042.4044560556956	NaN
0	0.10500000000000001	542.5074099169424	145.02983926111924	211.0624903859621	834.0762668561757	1049.287316592725	83.37557787415749	1042.4109742355654	NaN
0	0.10500000000000001	542.6052197047314	144.43423504273778	211.91322269895502	833.6114571727145	1049.2942533545456	83.37572412004175	1042.4174664723116	NaN
0	0.10500000000000001	542.7030294925205	143.84140170551473	212.76692844586987	833.1476940361076	1049.3011225987786	83.37581700138621	1042.4239412200038	NaN
0	0.10500000000000001	542.8008392803097	143.2513354103599	213.62360181610958	832.6849816481301	1049.3079249825928	83.37586576665424	1042.4304056309704	NaN
0	0.10500000000000001	542.8986490680987	142.66403216654203	214.48323686662522	832.2233245172353	1049.3146611567604	83.3758802175208	1042.4368654586297	NaN
0	0.10500000000000001	542.9964588558878	142.07948783320506	215.34582752324553	831.7627274718902	1049.32133176572	83.37587048553011	1042.443324992759	NaN
0	0.10500000000000001	543.094268643677	141.49769812090946	216.2113675820333	831.3031956650799	1049.3279374476376	83.37584680867957	1042.449787027563	NaN
0	0.10500000000000001	543.192078431466	140.91865859319776	217.07985071066796	830.8447345701518	1049.3344788344677	83.37581931265373	1042.4562528622025	NaN
0	0.10500000000000001	543.2898882192551	140.3423646681842	217.9512704498534	830.3873499683584	1049.3409565520135	83.37579780118881	1042.4627223327766	NaN
0	0.10500000000000001	543.3876980070442	139.76881162016673	218.8256202147507	829.9310479286133	1049.3473712199875	83.37579155971599	1042.4691938741034	NaN
0	0.10500000000000001	543.4855077948333	139.19799458126138	219.70289329643467	829.4758347801308	1049.35372345207	83.37580917602335	1042.4756646090782	NaN
0	0.10500000000000001	543.5833175826224	138.62990854305832	220.58308286337353	829.0217170787428	1049.3600138559682	83.3758583812003	1042.4821304628647	NaN
0	0.10500000000000001	543.6811273704114	138.06454835829808	221.46618196293096	828.5687015678035	1049.3662430334746	83.37594591359912	1042.4885862987448	NaN
0	0.10500000000000001	543.7789371582006	137.50190874256822	222.35218352288985	828.1167951346717	1049.3724115805237	83.37607740797682	1042.4950260720814	NaN
0	0.10500000000000001	543.8767469459897	136.9419842760189	223.24108035299693	827.6660047638281	1049.3785200872503	83.37625731138102	1042.5014429985836	NaN
0	0.10500000000000001	543.9745567337787	136.38476940509673	224.13286514652742	827.2163374877217	1049.3845691380445	83.37648882673065	1042.5078297328787	NaN
0	0.10500000000000001	544.0723665215679	135.83025844429673	225.0275304818688	826.7678003364553	1049.3905593116096	83.37677388442643	1042.514178553297	NaN
0	0.10500000000000001	544.170176309357	135.27844557793048	225.92506882412346	826.3204002874081	1049.3964911810149	83.37711314172422	1042.5204815487741	NaN
0	0.10500000000000001	544.267986097146	134.72932486191084	226.82547252672848	825.8741442158637	1049.4023653137522	83.37750600902535	1042.5267308038567	NaN
0	0.10500000000000001	544.3657958849352	134.18289022555177	227.72873383309275	825.4290388476545	1049.4081822717899	83.37795070169484	1042.5329185779613	NaN
0	0.10500000000000001	544.4636056727243	133.63913547338254	228.63484487825002	824.9850907147644	1049.4139426116262	83.378444315523	1042.5390374752792	NaN
0	0.10500000000000001	544.5614154605133	133.098054286976	229.54379769052713	824.5423061147338	1049.4196468843438	83.3789829235041	1042.5450806020226	NaN
0	0.10500000000000001	544.6592252483024	132.55964022678918	230.45558419322683	824.1006910746133	1049.4252956356606	83.37956169122687	1042.5510417080884	NaN
0	0.10500000000000001	544.7570350360916	132.02388673401668	231.3701962063242	823.6602513200834	1049.4308894059825	83.38017500786334	1042.5569153106214	NaN
0	0.10500000000000001	544.8548448238806	131.49078713245495	232.2876254481761	823.2209922502376	1049.4364287304568	83.38081662950479	1042.562696797435	NaN
0	0.10500000000000001	544.9526546116697	130.96033463037722	233.20786353724236	822.7829189183889	1049.441914139021	83.38147983143386	1042.5683825087222	NaN
0	0.10500000000000001	545.0504643994589	130.43252232241824	234.13090199381844	822.3460360191185	1049.4473461564548	83.38215756584006	1042.5739697960043	NaN
0	0.10500000000000001	545.1482741872479	129.9073431914681	235.05673224177858	821.9103478816517	1049.45272530243	83.38284262147619	1042.57945705778	NaN
0	0.10500000000000001	545.246083975037	129.3847901105739	235.98534561032866	821.4758584695069	1049.458052091561	83.38352778182328	1042.584843751837	NaN
0	0.10500000000000001	545.3438937628262	128.8648558448494	236.91673333576756	821.0425713862344	1049.4633270334523	83.38420597846769	1042.5901303846956	NaN
0	0.10500000000000001	545.4417035506152	128.34753305339055	237.85088656325706	820.610489886937	1049.4685506327482	83.3848704365981	1042.5953184791113	NaN
0	0.10500000000000001	545.5395133384043	127.83281429119779	238.78779634859876	820.179616895155	1049.4737233891824	83.38551480979164	1042.6004105210038	NaN
0	0.10500000000000001	545.6373231261935	127.3206920111027	239.72745366001772	819.7499550245951	1049.4788457976233	83.38613330157216	1042.6054098875725	NaN
0	0.10500000000000001	545.7351329139825	126.81115856569937	240.66984937995161	819.3215066050974	1049.4839183481233	83.38672077158223	1042.6103207586978	NaN
0	0.10500000000000001	545.8329427017716	126.30420620927941	241.61497430684503	818.8942737121665	1049.4889415259643	83.38727282460022	1042.6151480140206	NaN
0	0.10500000000000001	545.9307524895607	125.7998270997696	242.56281915694794	818.4682581993327	1049.4939158117056	83.38778588105266	1042.619897118316	NaN
0	0.10500000000000001	546.0285622773498	125.29801330067171	243.51337456611765	818.0434617325809	1049.498841681229	83.38825722810368	1042.6245739979508	NaN
0	0.10500000000000001	546.1263720651389	124.79875678300395	244.46663109162353	817.6198858260557	1049.503719605783	83.38868505084288	1042.6291849113081	NaN
0	0.10500000000000001	546.224181852928	124.30204942724272	245.42257921395358	817.1975318782553	1049.5085500520315	83.38906844352802	1042.6337363161035	NaN
0	0.10500000000000001	546.3219916407171	123.8078830252645	246.38120933862248	816.77640120794	1049.5133334820944	83.3894074012606	1042.6382347365004	NaN
0	0.10500000000000001	546.4198014285062	123.31624928228702	247.3425117979799	816.3564950890061	1049.5180703535948	83.38970279287652	1042.6426866328306	NaN
0	0.10500000000000001	546.5176112162952	122.82713981880887	248.306476853019	815.9378147836318	1049.522761119701	83.38995631620422	1042.6470982766036	NaN
0	0.10500000000000001	546.6154210040844	122.340546172547	249.27309469518377	815.5203615730463	1049.527406229171	83.39017043718168	1042.651475633275	NaN
0	0.10500000000000001	546.7132307918735	121.8564598003714	250.24235544817492	815.1041367853564	1049.5320061263944	83.39034831461767	1042.6558242550145	NaN
0	0.10500000000000001	546.8110405796625	121.37487208023639	251.21424916975357	814.6891418199357	1049.5365612514352	83.3904937126307	1042.6601491854362	NaN
0	0.10500000000000001	546.9088503674517	120.89577431310761	252.18876585354204	814.2753781679746	1049.5410720400748	83.39061090299784	1042.664454877928	NaN
0	0.10500000000000001	547.0066601552408	120.4191577248844	253.16589543082105	813.8628474288827	1049.545538923853	83.39070455978795	1042.668745128893	NaN
0	0.10500000000000001	547.1044699430298	119.9450134683166	254.1456277723229	813.4515513223264	1049.5499623301089	83.39077964874609	1042.673023026849	NaN
0	0.10500000000000001	547.202279730819	119.47333262491547	255.12795269001944	813.0414916957972	1049.5543426820218	83.3908413139279	1042.677290917973	NaN
0	0.10500000000000001	547.300089518608	119.00410620685794	256.112859938905	812.632670527685	1049.5586803986532	83.39089476406554	1042.681550388316	NaN
0	0.10500000000000001	547.3978993063971	118.53732515888353	257.10033921877306	812.2250899259475	1049.5629758949844	83.39094516107505	1042.6858022625413	NaN
0	0.10500000000000001	547.4957090941863	118.07298036018358	258.09038017598647	811.8187521225382	1049.567229581959	83.3909975129953	1042.6900466187085	NaN
0	0.10500000000000001	547.5935188819753	117.61106262628205	259.08297240523996	811.4136594638546	1049.5714418665195	83.39105657348345	1042.6942828182953	NaN
0	0.10500000000000001	547.6913286697644	117.15156271090744	260.0781054513156	811.0098143975368	1049.5756131516484	83.39112674978986	1042.6985095503499	NaN
0	0.10500000000000001	547.7891384575535	116.69447130785505	261.07576881082935	810.6072194560139	1049.5797438364052	83.39121202089386	1042.7027248884028	NaN
0	0.10500000000000001	547.8869482453426	116.23977905283945	262.0759519339688	810.205877237258	1049.5838343159658	83.39131586721624	1042.706926358551	NaN
0	0.10500000000000001	547.9847580331317	115.78747652533629	263.07864422622197	809.8057903832433	1049.5878849816593	83.39144121303691	1042.7111110169167	NaN
0	0.10500000000000001	548.0825678209208	115.3375542504131	264.08383505009533	809.4069615566442	1049.5918962210062	83.39159038244105	1042.7152755345671	NaN
0	0.10500000000000001	548.1803776087099	114.89000270054865	265.09151372682226	809.0093934163298	1049.5958684177547	83.39176506930636	1042.719416287865	NaN
0	0.10500000000000001	548.278187396499	114.44481229744031	266.1016695380599	808.6130885922162	1049.5998019519182	83.39196632153165	1042.7235294521718	NaN
0	0.10500000000000001	548.375997184288	114.00197341379871	267.1142917275755	808.2180496600361	1049.6036971998114	83.39219453939936	1042.7276110968246	NaN
0	0.10500000000000001	548.4738069720772	113.56147637512996	268.1293695029196	807.8242791165695	1049.6075545340857	83.39244948766941	1042.7316572793388	NaN
0	0.10500000000000001	548.5716167598663	113.12331146150416	269.1468920370884	807.4317793558553	1049.6113743237663	83.39273032072471	1042.7356641368694	NaN
0	0.10500000000000001	548.6694265476553	112.68746890931027	270.16684847017245	807.0405526468619	1049.6151569342856	83.39303561983186	1042.7396279730872	NaN
0	0.10500000000000001	548.7672363354445	112.253938912997	271.18922791099254	806.6506011130541	1049.61890272752	83.39336344135656	1042.743545338771	NaN
0	0.10500000000000001	548.8650461232336	111.8227116267989	272.2140194387223	806.2619267142389	1049.622612061823	83.39371137457464	1042.7474131046135	NaN
0	0.10500000000000001	548.9628559110226	111.3937771664477	273.241212104496	805.8745312310094	1049.62628529206	83.3940766075611	1042.7512285249409	NaN
0	0.10500000000000001	549.0606656988118	110.9671256108684	274.27079493300363	805.4884162520481	1049.629922769643	83.39445599951435	1042.7549892912814	NaN
0	0.10500000000000001	549.1584754866009	110.54274700385956	275.3027569240698	805.1035831644756	1049.6335248425635	83.39484615778863	1042.7586935749664	NaN
0	0.10500000000000001	549.2562852743899	110.12063135575796	276.33708705421844	804.7200331473664	1049.6370918554253	83.3952435178616	1042.7623400582027	NaN
0	0.10500000000000001	549.3540950621791	109.70076864508663	277.3737742782224	804.3377671684774	1049.6406241494792	83.3956444244556	1042.7659279533182	NaN
0	0.10500000000000001	549.4519048499682	109.28314882018654	278.41280753063694	803.9567859841717	1049.6441220626532	83.39604521206353	1042.7694570101385	NaN
0	0.10500000000000001	549.5497146377572	108.86776180083143	279.45417572731736	803.5770901424476	1049.647585929587	83.39644228319597	1042.7729275117074	NaN
0	0.10500000000000001	549.6475244255463	108.45459747982541	280.497867766921	803.1986799889232	1049.6510160816626	83.39683218276626	1042.7763402588048	NaN
0	0.10500000000000001	549.7453342133355	108.04364572458314	281.54387253239184	802.8215556755706	1049.654412847037	83.39721166716188	1042.7796965439327	NaN
0	0.10500000000000001	549.8431440011245	107.63489637869255	282.5921788924296	802.4457171719362	1049.6577765506731	83.39757776670623	1042.7829981156472	NaN
0	0.10500000000000001	549.9409537889136	107.2283392634594	283.6427757029405	802.0711642785463	1049.6611075143705	83.39792784039584	1042.7862471342908	NaN
0	0.10500000000000001	550.0387635767028	106.82396417943407	284.6956518084719	801.6978966421575	1049.664406056797	83.39825962199495	1042.7894461203236	NaN
0	0.10500000000000001	550.1365733644918	106.42176090791975	285.75079604362895	801.3259137724796	1049.6676724935185	83.3985712567809	1042.7925978965782	NaN
0	0.10500000000000001	550.2343831522809	106.02171921246234	286.80819723447416	800.9552150599857	1049.6709071370294	83.39886132845284	1042.795705525845	NaN
0	0.10500000000000001	550.3321929400701	105.62382884032148	287.86784419990863	800.5857997944092	1049.674110296783	83.39912887593925	1042.798772245253	NaN
0	0.10500000000000001	550.4300027278591	105.22807952392283	288.92972575303537	800.2176671835247	1049.6772822792202	83.39937340006166	1042.801801398932	NaN
0	0.10500000000000001	550.5278125156482	104.83446098229145	289.9938307025049	799.8508163718179	1049.6804233877986	83.39959486022732	1042.804796370431	NaN
0	0.10500000000000001	550.6256223034374	104.44296292246574	291.0601478538419	799.4852464586671	1049.6835339230233	83.39979366152892	1042.8077605163353	NaN
0	0.10500000000000001	550.7234320912264	104.05357504089241	292.1286660107542	799.1209565156731	1049.6866141824732	83.39997063282054	1042.8106971024397	NaN
0	0.10500000000000001	550.8212418790155	103.66628702480176	293.19937397642246	798.757945602812	1049.6896644608325	83.40012699651255	1042.813609243756	NaN
0	0.10500000000000001	550.9190516668045	103.28108855356379	294.2722605547718	798.3962127831155	1049.6926850499156	83.40026433097923	1042.8164998495004	NaN
0	0.10500000000000001	551.0168614545937	102.89796930002429	295.34731455172397	798.0357571356246	1049.6956762386972	83.40038452660265	1042.8193715740717	NaN
0	0.10500000000000001	551.1146712423828	102.51691893182159	296.42452477643144	797.6765777664081	1049.6986383133392	83.40048973657792	1042.8222267748704	NaN
0	0.10500000000000001	551.2124810301718	102.13792711268343	297.5038800424919	797.318673817482	1049.7015715572186	83.40058232368166	1042.8250674776402	NaN
0	0.10500000000000001	551.310290817961	101.76098350370391	298.5853691691441	796.9620444735216	1049.7044762509536	83.40066480425378	1042.827895349832	NaN
0	0.10500000000000001	551.4081006057501	101.3860777646007	299.6689809824443	796.6066889662975	1049.7073526724314	83.40073979066203	1042.8307116823046	NaN
0	0.10500000000000001	551.5059103935391	101.01319955495225	300.75470431642367	796.2526065768287	1049.7102010968345	83.40080993351262	1042.8335173794944	NaN
0	0.10500000000000001	551.6037201813283	100.64233853541512	301.84252801422707	795.899796635287	1049.7130217966665	83.400877864836	1042.836312957998	NaN
0	0.10500000000000001	551.7015299691174	100.27348436892134	302.9324409292317	795.5482585187345	1049.7158150417788	83.40094614341847	1042.8390985533372	NaN
0	0.10500000000000001	551.7993397569064	99.90662672185569	304.0244319261473	795.1979916468222	1049.7185810993972	83.40101720336789	1042.841873934517	NaN
0	0.10500000000000001	551.8971495446956	99.54175526521311	305.11848988209664	794.8489954756135	1049.7213202341454	83.40109330690183	1042.8446385258183	NaN
0	0.10500000000000001	551.9949593324847	99.17885967573615	306.2146036876771	794.5012694897332	1049.724032708072	83.40117650222425	1042.8473914351523	NaN
0	0.10500000000000001	552.0927691202737	98.81792963703245	307.3127622480029	794.1548131930713	1049.7267187806742	83.40126858722404	1042.8501314881678	NaN
0	0.10500000000000001	552.1905789080629	98.45895484067222	308.4129544837282	793.8096260982924	1049.7293787089245	83.40137107958255	1042.8528572672158	NaN
0	0.10500000000000001	552.288388695852	98.10192498726603	309.515169332051	793.4657077154234	1049.7320127472935	83.40148519372374	1042.8555671541972	NaN
0	0.10500000000000001	552.386198483641	97.74682978752247	310.6193957476981	793.1230575397987	1049.7346211477752	83.4016118248822	1042.858259376272	NaN
0	0.10500000000000001	552.4840082714302	97.39365896328643	311.7256227038904	792.7816750396488	1049.7372041599112	83.40175154040591	1042.8609320533687	NaN
0	0.10500000000000001	552.5818180592192	97.04240224855721	312.8338391932901	792.4415596436187	1049.7397620308136	83.40190457825368	1042.863583246445	NaN
0	0.10500000000000001	552.6796278470083	96.69304939048723	313.9440342289281	792.1027107284923	1049.7422950051898	83.40207085249673	1042.866211005447	NaN
0	0.10500000000000001	552.7774376347974	96.3455901503612	315.05619684511294	791.7651276073866	1049.7448033253647	83.4022499654912	1042.8688134159695	NaN
0	0.10500000000000001	552.8752474225865	96.00001430455563	316.1703160983208	791.428809518665	1049.7472872313058	83.40244122625833	1042.8713886436713	NaN
0	0.10500000000000001	552.9730572103756	95.65631164547904	317.2863810680671	791.0937556157896	1049.7497469606435	83.40264367449196	1042.8739349755733	NaN
0	0.10500000000000001	553.0708669981647	95.3144719824928	318.4043808577587	790.7599649583124	1049.7521827486964	83.40285610951187	1042.8764508574682	NaN
0	0.10500000000000001	553.1686767859538	94.97448514281287	319.52430459552835	790.4274365041697	1049.754594828492	83.40307712339792	1042.8789349267695	NaN
0	0.10500000000000001	553.2664865737429	94.63634097239222	320.6461414350503	790.0961691034155	1049.7569834307901	83.40330513747631	1042.8813860402447	NaN
0	0.10500000000000001	553.364296361532	94.30002933678453	321.7698805563377	789.7661614934933	1049.759348784104	83.40353844128234	1042.8838032962128	NaN
0	0.10500000000000001	553.4621061493211	93.96554012198897	322.8955111665215	789.4374122961076	1049.761691114723	83.4037752331003	1042.8861860508994	NaN
0	0.10500000000000001	553.5599159371102	93.63286323527596	324.0230225006117	789.1099200157274	1049.764010646734	83.40401366117523	1042.8885339287924	NaN
0	0.10500000000000001	553.6577257248993	93.30198860599482	325.15240382224073	788.7836830397104	1049.7663076020426	83.40425186470414	1042.8908468269606	NaN
0	0.10500000000000001	553.7555355126884	92.97290618636255	326.28364442438783	788.4586996400083	1049.768582200395	83.40448801374816	1042.8931249134334	NaN
0	0.10500000000000001	553.8533453004775	92.64560595223449	327.41673363008755	788.1349679763807	1049.7708346593977	83.40472034725497	1042.8953686198602	NaN
0	0.10500000000000001	553.9511550882665	92.32007790385673	328.55166079311914	787.8124861010125	1049.77306519454	83.40494720844701	1042.8975786287804	NaN
0	0.10500000000000001	554.0489648760556	91.99631206660061	329.68841529867933	787.4912519644062	1049.7752740192134	83.40516707690875	1042.8997558559404	NaN
0	0.10500000000000001	554.1467746638448	91.67429849167917	330.8269865640376	787.1712634223966	1049.7774613447325	83.40537859679726	1042.9019014281873	NaN
0	0.10500000000000001	554.2445844516338	91.35402725684607	331.96736403917447	786.8525182441163	1049.7796273803544	83.40558060069955	1042.9040166575392	NaN
0	0.10500000000000001	554.3423942394229	91.03548846707685	333.10953720740247	786.5350141207247	1049.7817723333008	83.40577212876774	1042.9061030121031	NaN
0	0.10500000000000001	554.4402040272121	90.7186722552329	334.25349558597105	786.2187486747057	1049.7838964087755	83.40595244287296	1042.9081620845507	NaN
0	0.10500000000000001	554.5380138150011	90.40356878270819	335.39922872665403	785.9037194695289	1049.785999809985	83.40612103563357	1042.9101955588928	NaN
0	0.10500000000000001	554.6358236027902	90.09016824005903	336.54672621632125	785.5899240194724	1049.7880827381582	83.40627763428527	1042.9122051763127	NaN
0	0.10500000000000001	554.7336333905794	89.77846084761677	337.6959776774933	785.2773597994029	1049.7901453925656	83.40642219947043	1042.9141927008027	NaN
0	0.10500000000000001	554.8314431783684	89.46843685608417	338.846972768881	784.9660242543235	1049.792187970538	83.40655491912996	1042.9161598853427	NaN
0	0.10500000000000001	554.9292529661575	89.16008654711499	339.99970118590824	784.655914808501	1049.794210667485	83.40667619777778	1042.9181084393163	NaN
0	0.10500000000000001	555.0270627539467	88.85340023387742	341.15415266121914	784.3470288740057	1049.7962136769142	83.40678664152762	1042.9200399978145	NaN
0	0.10500000000000001	555.1248725417357	88.54836826160135	342.31031696517005	784.0393638585147	1049.7981971904505	83.40688703931974	1042.9219560934214	NaN
0	0.10500000000000001	555.2226823295248	88.24498100810972	343.4681839063057	783.7329171722437	1049.8001613978536	83.40697834086184	1042.9238581309962	NaN
0	0.10500000000000001	555.320492117314	87.94322888433412	344.62774333182057	783.4276862339015	1049.8021064870354	83.40706163185202	1042.925747365898	NaN
0	0.10500000000000001	555.418301905103	87.64310233481497	345.7889851280048	783.1236684755811	1049.8040326440796	83.40713810709154	1042.927624886002	NaN
0	0.10500000000000001	555.5161116928921	87.34459183818608	346.9518992206758	782.8208613465293	1049.8059400532584	83.40720904212075	1042.9294915977762	NaN
0	0.10500000000000001	555.6139214806813	87.04768790764437	348.1164755755946	782.5192623157592	1049.8078288970505	83.40727576402325	1042.9313482165808	NaN
0	0.10500000000000001	555.7117312684703	86.7523810914045	349.28270419886843	782.218868873497	1049.809699356158	83.40733962204088	1042.933195261272	NaN
0	0.10500000000000001	555.8095410562594	86.45866197313869	350.4505751373384	781.9196785314799	1049.811551609525	83.4074019586272	1042.9350330530858	NaN
0	0.10500000000000001	555.9073508440484	86.16652117240206	351.62007847895376	781.6216888221466	1049.813385834353	83.40746408153632	1042.936861718698	NaN
0	0.10500000000000001	556.0051606318376	85.87594934504358	352.7912043531322	781.3248972967784	1049.8152022061195	83.40752723750616	1042.9386811972627	NaN
0	0.10500000000000001	556.1029704196267	85.58693718360297	353.96394293110546	781.0293015226769	1049.8170008985937	83.4075925880424	1042.9404912511618	NaN
0	0.10500000000000001	556.2007802074157	85.2994754176935	355.1382844262534	780.7348990794766	1049.8187820838534	83.40766118775008	1042.942291480121	NaN
0	0.10500000000000001	556.2985899952049	85.01355481437113	356.31421909442304	780.4416875547081	1049.8205459323015	83.40773396559193	1042.9440813382912	NaN
0	0.10500000000000001	556.396399782994	84.7291661784901	357.4917372342353	780.149664538739	1049.8222926126823	83.40781170937935	1042.9458601538447	NaN
0	0.10500000000000001	556.494209570783	84.44630035304523	358.6708291873793	779.8588276192282	1049.824022292098	83.40789505372315	1042.9476271505914	NaN
0	0.10500000000000001	556.5920193585722	84.16494821950089	359.8514853388928	779.5691743752388	1049.8257351360244	83.40798447159266	1042.9493814710981	NaN
0	0.10500000000000001	556.6898291463613	83.8851006981073	361.03369611743136	779.2807023711515	1049.8274313083255	83.40808026954925	1042.951122200776	NaN
0	0.10500000000000001	556.7876389341503	83.60674874820394	362.21745199552464	778.9934091505256	1049.8291109712723	83.40818258664157	1042.9528483923984	NaN
0	0.10500000000000001	556.8854487219395	83.3298833685104	363.40274348982086	778.7072922300489	1049.8307742855545	83.4082913968731	1042.9545590905152	NaN
0	0.10500000000000001	556.9832585097286	83.05449559740508	364.5895611613187	778.4223490937103	1049.8324214102988	83.40840651507872	1042.9562533552544	NaN
0	0.10500000000000001	557.0810682975176	82.78057651319152	365.7778956155891	778.1385771873233	1049.834052503083	83.40852760598132	1042.9579302850248	NaN
0	0.10500000000000001	557.1788780853067	82.50811723435305	366.96773750298354	777.855973913514	1049.835667719951	83.40865419613803	1042.9595890376756	NaN
0	0.10500000000000001	557.2766878730959	82.23710891979553	368.1590775188329	777.5745366272749	1049.8372672154276	83.40878568843523	1042.961228849715	NaN
0	0.10500000000000001	557.3744976608849	81.96754276907873	369.35190640363356	777.2942626321717	1049.8388511425337	83.40892137874637	1042.9628490532377	NaN
0	0.10500000000000001	557.472307448674	81.69941002263624	370.5462149432245	777.0151491772717	1049.8404196528013	83.4090604743341	1042.9644490902801	NaN
0	0.10500000000000001	557.5701172364631	81.43270196198432	371.74199396895176	776.7371934548477	1049.841972896287	83.40920211355392	1042.9660285243756	NaN
0	0.10500000000000001	557.6679270242522	81.16740990991991	372.93923435782364	776.4603925988887	1049.8435110215871	83.40934538640252	1042.9675870491544	NaN
0	0.10500000000000001	557.7657368120413	80.90352523070774	374.1379270326554	776.1847436844372	1049.8450341758512	83.4094893554507	1042.9691244939	NaN
0	0.10500000000000001	557.8635465998304	80.64103933025706	375.33806296220337	775.9102437277472	1049.846542504797	83.4096330767069	1042.9706408260317	NaN
0	0.10500000000000001	557.9613563876195	80.37994365628789	376.53963316128994	775.6368896872473	1049.8480361527238	83.40977561997153	1042.9721361505678	NaN
0	0.10500000000000001	558.0591661754086	80.12022969848728	377.74262869091774	775.3646784652691	1049.8495152625262	83.4099160882691	1042.9736107066624	NaN
0	0.10500000000000001	558.1569759631977	79.86188898865545	378.94704065837516	775.0936069104937	1049.8509799757087	83.41005363597525	1042.975064861388	NaN
0	0.10500000000000001	558.2547857509868	79.60491310084235	380.15286021733243	774.8236718210491	1049.8524304323971	83.4101874852958	1042.9764991009786	NaN
0	0.10500000000000001	558.3525955387759	79.34929365147443	381.36007856792753	774.5548699481817	1049.8538667713547	83.41031694080152	1042.9779140197943	NaN
0	0.10500000000000001	558.450405326565	79.0950222994722	382.56868695684483	774.2871980004193	1049.855289129994	83.41044140177054	1042.979310307316	NaN
0	0.10500000000000001	558.5482151143541	78.84209074635854	383.77867667738315	774.0206526481255	1049.8566976443885	83.41056037214574	1042.9806887335023	NaN
0	0.10500000000000001	558.6460249021432	78.59049073635788	384.99003906951634	773.7552305283523	1049.8580924492892	83.41067346797114	1042.9820501328718	NaN
0	0.10500000000000001	558.7438346899323	78.34021405648676	386.20276551994516	773.4909282498819	1049.8594736781347	83.4107804222268	1042.9833953876846	NaN
0	0.10500000000000001	558.8416444777214	78.09125253663548	387.4168474621404	773.2277423983601	1049.8608414630646	83.4108810870418	1042.9847254106076	NaN
0	0.10500000000000001	558.9394542655104	77.84359804964156	388.63227637637857	772.965669541413	1049.8621959349325	83.41097543331875	1042.9860411272468	NaN
0	0.10500000000000001	559.0372640532995	77.59724251135455	389.84904378976904	772.7047062336529	1049.8635372233189	83.41106354785813	1042.9873434589194	NaN
0	0.10500000000000001	559.1350738410887	77.35217788069309	391.0671412762741	772.444849021475	1049.8648654565422	83.41114562812065	1042.9886333060213	NaN
0	0.10500000000000001	559.2328836288777	77.10839615969378	392.28656045672096	772.1860944475623	1049.8661807616725	83.41122197481126	1042.989911532327	NaN
0	0.10500000000000001	559.3306934166668	76.86588939355231	393.50729299880624	771.9284390550181	1049.8674832645422	83.41129298250881	1042.9911789505206	NaN
0	0.10500000000000001	559.428503204456	76.62464967065709	394.7293306170936	771.6718793910612	1049.8687730897605	83.41135912860017	1042.9924363092296	NaN
0	0.10500000000000001	559.526312992245	76.38466912261532	395.95266507300397	771.4164120102241	1049.870050360722	83.41142096080421	1042.9936842817858	NaN
0	0.10500000000000001	559.6241227800341	76.14593992427177	397.1772881747992	771.1620334770141	1049.8713151996212	83.41147908359446	1042.9949234569024	NaN
0	0.10500000000000001	559.7219325678233	75.90845429372068	398.4031917775584	770.9087403680011	1049.8725677274633	83.41153414383982	1042.9961543314002	NaN
0	0.10500000000000001	559.8197423556123	75.67220449231043	399.6303677831484	770.6565292733185	1049.8738080640755	83.41158681599187	1042.9973773050776	NaN
0	0.10500000000000001	559.9175521434014	75.4371828246416	400.858808140187	770.4053967975684	1049.8750363281188	83.41163778714598	1042.9985926777626	NaN
0	0.10500000000000001	560.0153619311906	75.20338163855835	402.08850484400057	770.1553395601384	1049.8762526370986	83.41168774229509	1042.999800648546	NaN
0	0.10500000000000001	560.1131717189796	74.97079332513334	403.31944993657504	769.9063541949506	1049.8774571073775	83.41173735008239	1043.0010013171436	NaN
0	0.10500000000000001	560.2109815067687	74.73941031864632	404.5516355065013	769.6584373496729	1049.8786498541851	83.41178724933873	1043.0021946872914	NaN
0	0.10500000000000001	560.3087912945578	74.50922509655659	405.78505368891445	769.411585684432	1049.87983099163	83.41183803666449	1043.00338067204	NaN
0	0.10500000000000001	560.4066010823469	74.28023017946948	407.01969666542755	769.165795870081	1049.8810006327087	83.41189025528642	1043.0045591007795	NaN
0	0.10500000000000001	560.504410870136	74.0524181310969	408.2555566640597	768.9210645860768	1049.8821588893193	83.41194438538541	1043.0057297277906	NaN
0	0.10500000000000001	560.602220657925	73.82578155821209	409.4926259591589	768.677388518033	1049.88330587227	83.41200083605419	1043.0068922420978	NaN
0	0.10500000000000001	560.7000304457142	73.60031311059915	410.7308968713194	768.4347643550169	1049.8844416912914	83.41205993900437	1043.0080462783724	NaN
0	0.10500000000000001	560.7978402335033	73.37600548099658	411.97036176729415	768.1931887866633	1049.8855664550445	83.41212194410201	1043.0091914286245	NaN
0	0.10500000000000001	560.8956500212923	73.15285140503616	413.21101305990203	767.9526585001778	1049.8866802711339	83.41218701676948	1043.0103272544131	NaN
0	0.10500000000000001	560.9934598090815	72.93084366117618	414.45284320793075	767.7131701773051	1049.8877832461164	83.41225523725022	1043.0114532993007	NaN
0	0.10500000000000001	561.0912695968706	72.70997507062995	415.6958447160343	767.4747204913325	1049.8888754855118	83.41232660169534	1043.01256910128	NaN
0	0.10500000000000001	561.1890793846596	72.49023849728923	416.9400101346264	767.2373061041993	1049.8899570938129	83.41240102499208	1043.0136742049137	NaN
0	0.10500000000000001	561.2868891724488	72.27162684764303	418.18533205976905	767.000923663776	1049.8910281744954	83.41247834522075	1043.0147681729381	NaN
0	0.10500000000000001	561.3846989602379	72.0541330706919	419.43180313305754	766.7655698013732	1049.8920888300277	83.41255832959553	1043.0158505971008	NaN
0	0.10500000000000001	561.4825087480269	71.83775015785747	420.6794160415001	766.5312411295291	1049.8931391618808	83.41264068171773	1043.0169211080329	NaN
0	0.10500000000000001	561.5803185358161	71.62247114288776	421.9281635173942	766.2979342401272	1049.8941792705382	83.41272504994792	1043.0179793839704	NaN
0	0.10500000000000001	561.6781283236052	71.40828910175833	423.17803833819914	766.0656457028712	1049.8952092555057	83.4128110366848	1043.0190251581803	NaN
0	0.10500000000000001	561.7759381113942	71.19519715256914	424.4290333264041	765.8343720641534	1049.8962292153199	83.41289820832746	1043.0200582249736	NaN
0	0.10500000000000001	561.8737478991834	70.98318845543761	425.68114134939316	765.6041098463287	1049.8972392475584	83.41298610568879	1043.0210784442215	NaN
0	0.10500000000000001	561.9715576869725	70.7722562123876	426.9343553193058	765.3748555474065	1049.8982394488498	83.41307425462628	1043.0220857443283	NaN
0	0.10500000000000001	562.0693674747615	70.56239366723469	428.1886681928951	765.1466056411581	1049.8992299148813	83.41316217665893	1043.0230801236423	NaN
0	0.10500000000000001	562.1671772625506	70.353594105468	429.4440729713814	764.9193565776337	1049.9002107404092	83.41324939934614	1043.0240616503258	NaN
0	0.10500000000000001	562.2649870503398	70.1458508541282	430.7005627003036	764.6931047840673	1049.9011820192675	83.41333546621672	1043.0250304607353	NaN
0	0.10500000000000001	562.3627968381288	69.9391572816821	431.95813046936667	764.4678466661486	1049.9021438443765	83.4134199460522	1043.0259867563896	NaN
0	0.10500000000000001	562.4606066259179	69.73350679789421	433.2167694122867	764.2435786096266	1049.9030963077525	83.41350244134807	1043.026930799638	NaN
0	0.10500000000000001	562.558416413707	69.52889285369481	434.4764727066322	764.020296982208	1049.904039500516	83.41358259579987	1043.027862908156	NaN
0	0.10500000000000001	562.6562262014961	69.325308941045	435.7372335736633	763.7979981357066	1049.9049735129015	83.41366010068563	1043.0287834484238	NaN
0	0.10500000000000001	562.7540359892852	69.12274859279867	436.9990452781678	763.5766784083966	1049.9058984342635	83.41373470004426	1043.0296928283565	NaN
0	0.10500000000000001	562.8518457770743	68.92120538256178	438.26190112829454	763.3563341275183	1049.9068143530876	83.41380619457777	1043.0305914892688	NaN
0	0.10500000000000001	562.9496555648634	68.72067292454857	439.52579447538466	763.1369616118857	1049.9077213569988	83.41387444423397	1043.0314798973636	NaN
0	0.10500000000000001	563.0474653526525	68.52114487343515	440.79071871379966	762.9185571745418	1049.9086195327682	83.41393936945613	1043.0323585349404	NaN
0	0.10500000000000001	563.1452751404416	68.32261492421061	442.0566672807477	762.7011171254104	1049.9095089663226	83.41400095111453	1043.0332278915166	NaN
0	0.10500000000000001	563.2430849282307	68.12507681202534	443.32363365610746	762.4846377738934	1049.9103897427535	83.41405922916192	1043.0340884550546	NaN
0	0.10500000000000001	563.3408947160198	67.92852431203724	444.5916113622496	762.2691154313655	1049.9112619463222	83.4141143000806	1043.0349407034732	NaN
0	0.10500000000000001	563.4387045038088	67.7329512392552	445.8605939638563	762.0545464135228	1049.9121256604712	83.41416631321286	1043.03578509662	NaN
0	0.10500000000000001	563.536514291598	67.53835144838074	447.13057506773885	761.8409270425437	1049.9129809678313	83.41421546608667	1043.0366220688534	NaN
0	0.10500000000000001	563.634324079387	67.34471883364715	448.40154832265307	761.6282536490296	1049.9138279502276	83.41426199886648	1043.037452022377	NaN
0	0.10500000000000001	563.7321338671761	67.1520473286567	449.67350741911326	761.4165225736939	1049.9146666886895	83.4143061880734	1043.0382753214433	NaN
0	0.10500000000000001	563.8299436549653	66.96033090621586	450.94644608920373	761.2057301687781	1049.915497263458	83.41434833972997	1043.0390922875224	NaN
0	0.10500000000000001	563.9277534427544	66.7695635781685	452.22035810638926	760.9958727991774	1049.9163197539924	83.41438878209294	1043.0399031955044	NaN
0	0.10500000000000001	564.0255632305434	66.57973939522736	453.4952372853238	760.7869468432659	1049.9171342389793	83.41442785813886	1043.0407082709921	NaN
0	0.10500000000000001	564.1233730183326	66.39085244680362	454.7710774816573	760.5789486934179	1049.917940796339	83.41446591797086	1043.0415076886995	NaN
0	0.10500000000000001	564.2211828061216	66.20289686083498	456.0478725918416	760.37187475623	1049.9187395032336	83.41450331130777	1043.0423015719603	NaN
0	0.10500000000000001	564.3189925939107	66.0158668036119	457.3256165529343	760.1657214524496	1049.9195304360737	83.41454038021298	1043.0430899933222	NaN
0	0.10500000000000001	564.4168023816999	65.82975647960251	458.60430334240186	759.9604852166286	1049.920313670527	83.414577452209	1043.0438729761781	NaN
0	0.10500000000000001	564.5146121694889	65.64456013127582	459.8839269779213	759.7561624965205	1049.921089281524	83.41461483391043	1043.0446504973738	NaN
0	0.10500000000000001	564.6124219572781	65.46027203892378	461.1644815171802	759.552749752247	1049.921857343266	83.41465280529553	1043.0454224907	NaN
0	0.10500000000000001	564.7102317450672	65.27688652048182	462.4459610576765	759.3502434552621	1049.9226179292323	83.41469161471633	1043.0461888511722	NaN
0	0.10500000000000001	564.8080415328562	65.09439793134823	463.7283597365167	759.1486400871468	1049.9233711121863	83.41473147473033	1043.0469494399833	NaN
0	0.10500000000000001	564.9058513206454	64.91280066420225	465.01167173021287	758.9479361382693	1049.9241169641841	83.41477255881685	1043.0477040900012	NaN
0	0.10500000000000001	565.0036611084345	64.73208914882112	466.2958912544789	758.7481281063484	1049.9248555565805	83.41481499901928	1043.0484526116827	NaN
0	0.10500000000000001	565.1014708962236	64.55225785189602	467.58101256402625	758.5492124949548	1049.9255869600352	83.41485888453546	1043.0491947992612	NaN
0	0.10500000000000001	565.1992806840127	64.37330127684693	468.8670299523587	758.3511858119898	1049.92631124452	83.41490426125559	1043.0499304370717	NaN
0	0.10500000000000001	565.2970904718018	64.19521396363665	470.1539377515657	758.1540445681786	1049.9270284793265	83.41495113222925	1043.050659305877	NaN
0	0.10500000000000001	565.3949002595909	64.01799048858385	471.44173033211604	757.9577852756134	1049.927738733071	83.41499945902181	1043.0513811890569	NaN
0	0.10500000000000001	565.49271004738	63.84162546417536	472.7304021026503	757.7624044463771	1049.9284420737024	83.41504916390511	1043.0520958785382	NaN
0	0.10500000000000001	565.5905198351691	63.66611353887752	474.0199475097726	757.5678985912805	1049.9291385685076	83.41510013280948	1043.0528031803478	NaN
0	0.10500000000000001	565.6883296229582	63.49144939694699	475.31036103784203	757.3742642187399	1049.9298282841196	83.415152218952	1043.053502919679	NaN
0	0.10500000000000001	565.7861394107473	63.31762775824078	476.60163720876386	757.1814978338165	1049.930511286522	83.41520524704228	1043.0541949453848	NaN
0	0.10500000000000001	565.8839491985364	63.144643378025705	477.8937705817798	756.9895959374371	1049.9311876410568	83.41525901796037	1043.0548791338194	NaN
0	0.10500000000000001	565.9817589863255	62.972491046787134	479.1867557532583	756.7985550258118	1049.93185741243	83.41531331379244	1043.0555553919648	NaN
0	0.10500000000000001	566.0795687741146	62.80116559003746	480.48058735648397	756.6083715900555	1049.932520664717	83.41536790310724	1043.056223659801	NaN
0	0.10500000000000001	566.1773785619038	62.63066186812391	481.77526006144734	756.4190421160229	1049.93317746137	83.4154225463538	1043.0568839118894	NaN
0	0.10500000000000001	566.2751883496928	62.46097477603592	483.070768574634	756.2305630843518	1049.9338278652237	83.41547700126328	1043.0575361581707	NaN
0	0.10500000000000001	566.3729981374819	62.292099243212235	484.36710763881354	756.0429309707155	1049.9344719385015	83.41553102814039	1043.0581804439687	NaN
0	0.10500000000000001	566.4708079252711	62.12403023334763	485.66427203282853	755.8561422462719	1049.9351097428203	83.41558439493556	1043.0588168492402	NaN
0	0.10500000000000001	566.5686177130601	61.95676274419931	486.9622565713833	755.6701933783002	1049.935741339198	83.4156368819983	1043.0594454871014	NaN
0	0.10500000000000001	566.6664275008493	61.79029180739305	488.26105610483233	755.4850808310068	1049.9363667880586	83.41568828642063	1043.0600665016837	NaN
0	0.10500000000000001	566.7642372886384	61.62461248822914	489.560665518969	755.3008010664819	1049.9369861492373	83.41573842589133	1043.060680065393	NaN
0	0.10500000000000001	566.8620470764274	61.459719885488255	490.8610797348142	755.1173505457851	1049.9375994819873	83.41578714199525	1043.061286375641	NaN
0	0.10500000000000001	566.9598568642166	61.29560913123701	492.1622937084052	754.9347257301376	1049.9382068449852	83.41583430290456	1043.061885651136	NaN
0	0.10500000000000001	567.0576666520057	61.132275390633545	493.4643024305837	754.7529230821906	1049.938808296337	83.41587980542408	1043.0624781278298	NaN
0	0.10500000000000001	567.1554764397947	60.96971386173305	494.7671009267856	754.5719390673506	1049.9394038935816	83.4159235763678	1043.06306405461	NaN
0	0.10500000000000001	567.2532862275839	60.80791977529321	496.07068425682917	754.3917701551285	1049.939993693699	83.41596557325772	1043.0636436888435	NaN
0	0.10500000000000001	567.351096015373	60.646888394579726	497.37504751470453	754.2124128204887	1049.940577753115	83.4160057843512	1043.0642172918626	NaN
0	0.10500000000000001	567.448905803162	60.48661501517186	498.68018582836305	754.0338635451743	1049.941156127705	83.41604422801718	1043.064785124501	NaN
0	0.10500000000000001	567.5467155909512	60.32709496476803	499.9860943595068	753.8561188189791	1049.9417288728014	83.416080951495	1043.0653474427618	NaN
0	0.10500000000000001	567.6445334013649	60.16831061071318	501.29287551158916	753.6791606603056	1049.942296089491	83.41611603189244	1043.0659045391942	NaN
0	0.10500000000000001	567.7423773804115	60.01022827792529	502.60076732985505	753.5029531689801	1049.942857934373	83.41614957394862	1043.066456748878	NaN
0	0.10500000000000001	567.8402572417315	59.85282839626181	503.90989563574084	753.3274761260086	1049.9434145117896	83.41618170069225	1043.0670043403634	NaN
0	0.10500000000000001	567.9381831323552	59.69609101912287	505.2203923755371	753.1527088612152	1049.9439659259303	83.41621255383195	1043.067547563941	NaN
0	0.10500000000000001	568.0361623708918	59.54000101953769	506.53235194378925	752.9786360502483	1049.9445122626678	83.4162422894953	1043.0680866312707	NaN
0	0.10500000000000001	568.1342013853626	59.38454491536947	507.84585704160753	752.8052441792273	1049.9450536010263	83.41627107544623	1043.0686217246014	NaN
0	0.10500000000000001	568.2323052376059	59.22971158224549	509.1609722625985	752.6325223428811	1049.945590010871	83.41629908731952	1043.0691529929252	NaN
0	0.10500000000000001	568.3304781668953	59.07549134880987	510.4777513324107	752.460461238023	1049.946121556235	83.41632650505592	1043.0696805542138	NaN
0	0.10500000000000001	568.4287236271856	58.92187590655334	511.79623757593333	752.2890530648154	1049.9466482957605	83.41635350915176	1043.0702044953541	NaN
0	0.10500000000000001	568.5270444675746	58.76885799941994	513.1164663102772	752.1182911818622	1049.9471702838798	83.41638027700279	1043.0707248733613	NaN
0	0.10500000000000001	568.6254430480518	58.61643122172553	514.438466376596	751.9481698816535	1049.9476875715945	83.41640697936096	1043.0712417167344	NaN
0	0.10500000000000001	568.7239213229478	58.46458987112049	515.7622612430677	751.7786842270511	1049.9482002070492	83.416433776991	1043.0717550271254	NaN
0	0.10500000000000001	568.8224809181072	58.31332881503489	517.0878700273933	751.6098299025034	1049.9487082360424	83.41646081760322	1043.0722647814293	NaN
0	0.10500000000000001	568.9211231952481	58.162643380181954	518.4153083504426	751.441603090727	1049.9492117024458	83.41648823312306	1043.0727709342275	NaN
0	0.10500000000000001	569.0198492772934	58.01252930419137	519.7445886672458	751.2740004185342	1049.9497106484073	83.41651613734277	1043.0732734204018	NaN
0	0.10500000000000001	569.1186601392793	57.862982589446226	521.0757214829051	751.1070187933	1049.9502051148693	83.41654462402884	1043.0737721583978	NaN
0	0.10500000000000001	569.2175565882011	57.71399952779666	522.4087150751535	750.9406554300687	1049.950695141512	83.41657376546813	1043.0742670531733	NaN
0	0.10500000000000001	569.3165393280517	57.56557659706623	523.7435763653664	750.7749077354222	1049.9511807671174	83.4166036115295	1043.0747579997644	NaN
0	0.10500000000000001	569.4156089529043	57.41771046750583	525.0803108212508	750.6097733140449	1049.9516620295656	83.41663418920756	1043.0752448866033	NaN
0	0.10500000000000001	569.514765999112	57.27039792039423	526.4189231576103	750.4452498771474	1049.9521389661136	83.41666550268614	1043.075727599167	NaN
0	0.10500000000000001	569.6140109187937	57.12363588497729	527.7594169758933	750.2813352830356	1049.952611613289	83.41669753386847	1043.0762060232098	NaN
0	0.10500000000000001	569.7133441256283	56.97742136816734	529.1017953800888	750.1180274579331	1049.9530800071261	83.41673024339816	1043.0766800482425	NaN
0	0.10500000000000001	569.812765981538	56.83175147255645	530.446060795149	749.9553244154699	1049.9535441831174	83.41676357209879	1043.0771495705558	NaN
0	0.10500000000000001	569.9122768228898	56.68662335641374	531.7922153195909	749.7932242114348	1049.954004176348	83.41679744282212	1043.0776144961997	NaN
0	0.10500000000000001	570.0118769471995	56.54203425196877	533.1402605445047	749.6317249637011	1049.9544600214435	83.41683176263129	1043.0780747434842	NaN
0	0.10500000000000001	570.111566646033	56.397981416576194	534.4901979977565	749.4708247972764	1049.9549117527295	83.41686642529193	1043.0785302453583	NaN
0	0.10500000000000001	570.2113461785284	56.25446217042196	535.8420287848733	749.3105218861137	1049.9553594041167	83.41690131397489	1043.0789809511318	NaN
0	0.10500000000000001	570.3112157778994	56.11147388607361	537.1957536760212	749.1508144412469	1049.9558030091396	83.41693630413799	1043.0794268279426	NaN
0	0.10500000000000001	570.411175684471	55.969013940576026	538.5513735531908	748.9917006572033	1049.9562426011084	83.41697126651775	1043.0798678619044	NaN
0	0.10500000000000001	570.5112261258091	55.827079743737094	539.908889140678	748.8331787436392	1049.9566782130237	83.41700607013607	1043.0803040585695	NaN
0	0.10500000000000001	570.611367323312	55.68566872835389	541.2683010940849	748.6752469145812	1049.9571098776084	83.41704058528177	1043.080735443063	NaN
0	0.10500000000000001	570.7115994788996	55.544778368612384	542.6296098192141	748.5179034092483	1049.957537627256	83.41707468638697	1043.081162059691	NaN
0	0.10500000000000001	570.8119227948921	55.404406151643684	543.9928157415466	748.3611464606677	1049.9579614941183	83.41710825475417	1043.0815839712673	NaN
0	0.10500000000000001	570.9123374806682	55.2645495682259	545.3579193967154	748.2049742857788	1049.9583815101364	83.417141181062	1043.0820012579836	NaN
0	0.10500000000000001	571.0128437260402	55.125206149775444	546.7249210684663	748.0493851273201	1049.9587977069295	83.41717336759163	1043.0824140157788	NaN
0	0.10500000000000001	571.1134417211883	54.98637344021909	548.0938210592694	747.8943772230745	1049.9592101158837	83.41720473015829	1043.0828223545823	NaN
0	0.10500000000000001	571.2141316633356	54.848048986799746	549.4646197811716	747.7399487963313	1049.9596187681793	83.4172351996898	1043.0832263962259	NaN
0	0.10500000000000001	571.3149137300508	54.71023037666506	550.8373173922465	747.5860980975115	1049.9600236946853	83.41726472342009	1043.0836262720036	NaN
0	0.10500000000000001	571.4157881192966	54.57291518180581	552.2119143417635	747.4328233435109	1049.9604249261224	83.41729326570977	1043.0840221203339	NaN
0	0.10500000000000001	571.5167550026538	54.436101022873416	553.5884107329234	747.2801227897729	1049.9608224928777	83.41732080843789	1043.084414083976	NaN
0	0.10500000000000001	571.6178145721174	54.29978550533058	554.9668069603847	747.1279946598539	1049.9612164251935	83.41734735101751	1043.0848023075714	NaN
0	0.10500000000000001	571.7189670066444	54.16396626483957	556.3471032542732	746.9764371969103	1049.9616067530358	83.41737290999433	1043.0851869348862	NaN
0	0.10500000000000001	571.820212492241	54.02864094002171	557.7292999539865	746.8254486340933	1049.9619935061748	83.4173975182835	1043.0855681063415	NaN
0	0.10500000000000001	571.921551201834	53.89380719933659	559.1133972333917	746.6750272252953	1049.9623767141097	83.41742122404479	1043.0859459565193	NaN
0	0.10500000000000001	572.0229833153942	53.759462714040566	560.4993953753872	746.5251712156743	1049.962756406147	83.41744408924967	1043.0863206120061	NaN
0	0.10500000000000001	572.1245090266917	53.62560514945979	561.8872948644333	746.3758788325613	1049.9631326114259	83.41746618796624	1043.0866921894133	NaN
0	0.10500000000000001	572.2261285029296	53.492232218208166	563.2770958347156	746.2271483453699	1049.9635053587708	83.41748760440062	1043.087060793496	NaN
0	0.10500000000000001	572.3278419318416	53.35934161794495	564.6687987138481	746.0789779966419	1049.963874676866	83.41750843077354	1043.0874265158966	NaN
0	0.10500000000000001	572.4296494947738	53.22693106686277	566.0624038548694	745.9313660420073	1049.9642405941588	83.41752876504933	1043.0877894339485	NaN
0	0.10500000000000001	572.5315513599047	53.09499831220042	567.4579114431342	745.7843107599457	1049.9646031388377	83.41754870859302	1043.0881496099012	NaN
0	0.10500000000000001	572.6335477092414	52.96354109508934	568.8553218657963	745.6378104127808	1049.9649623389305	83.41756836381202	1043.0885070906195	NaN
0	0.10500000000000001	572.7356387319029	52.832557159503224	570.2546356200837	745.4918632567573	1049.9653182222796	83.41758783182385	1043.088861907524	NaN
0	0.10500000000000001	572.8378245902767	52.702044295535714	571.6558528492799	745.3464675902526	1049.965670816427	83.41760721020454	1043.0892140767853	NaN
0	0.10500000000000001	572.9401054741602	52.5720002698931	573.0589740847577	745.2016216762349	1049.966020148804	83.41762659088877	1043.0895636001637	NaN
0	0.10500000000000001	573.0424815601434	52.44242287792271	574.463999689176	745.0573238000582	1049.9663662465912	83.41764605823252	1043.0899104658301	NaN
0	0.10500000000000001	573.1449530183527	52.31330993470264	575.8709299486367	744.9135722592747	1049.9667091367435	83.4176656873061	1043.0902546496384	NaN
0	0.10500000000000001	573.2475200396215	52.18465924080071	577.2797654457428	744.7703653252023	1049.9670488460845	83.41768554244621	1043.090596116713	NaN
0	0.10500000000000001	573.3501827879298	52.05646864206038	578.6905064064396	744.627701309119	1049.967385401147	83.41770567607719	1043.0909348229945	NaN
0	0.10500000000000001	573.4529414479861	51.92873596977812	580.1031533534392	744.4855784952636	1049.967718828334	83.41772612785483	1043.0912707172704	NaN
0	0.10500000000000001	573.555796198031	51.801459074809195	581.5177067326592	744.3439951783733	1049.9680491538288	83.41774692411295	1043.091603743071	NaN
0	0.10500000000000001	573.6587472234623	51.67463581058694	582.9341671004719	744.2029496443464	1049.968376403641	83.41776807764113	1043.0919338407714	NaN
0	0.10500000000000001	573.7617946963686	51.54826405830918	584.3525348420847	744.0624401978114	1049.9687006035422	83.41778958777627	1043.0922609496026	NaN
0	0.10500000000000001	573.8649388028275	51.422341693264364	585.7728105470877	743.9224651242463	1049.9690217791542	83.41781144081573	1043.0925850097865	NaN
0	0.10500000000000001	573.9681797087396	51.29686662659377	587.1949945390297	743.7830227360032	1049.969339955844	83.41783361071252	1043.0929059643986	NaN
0	0.10500000000000001	574.0715176008531	51.17183675516221	588.6190874402766	743.6441113162163	1049.9696551588518	83.4178560600583	1043.0932237613458	NaN
0	0.10500000000000001	574.1749526594151	51.0472499949391	590.0450897954155	743.5057291555896	1049.9699674132078	83.41787874129459	1043.09353835497	NaN
0	0.10500000000000001	574.2784850650097	50.92310427258658	591.4730021653453	743.3678745427819	1049.9702767437536	83.4179015981402	1043.093849707558	NaN
0	0.10500000000000001	574.38211498482	50.79939754177787	592.9028249376379	743.2305457823195	1049.9705831751046	83.41792456718473	1043.0941577905664	NaN
0	0.10500000000000001	574.4858426069568	50.676127742081114	594.3345588000514	743.0937411488153	1049.9708867317522	83.41794757962128	1043.0944625857312	NaN
0	0.10500000000000001	574.5896681061249	50.55329283999302	595.7682042668523	742.9574589324715	1049.971187437963	83.41797056304962	1043.0947640857057	NaN
0	0.10500000000000001	574.6935916573498	50.43089081239826	597.2037618680515	742.8216974207301	1049.971485317822	83.41799344333036	1043.0950622945572	NaN
0	0.10500000000000001	574.7976134497692	50.308919630390086	598.6412323399845	742.6864548804314	1049.9717803952722	83.41801614643437	1043.0953572279768	NaN
0	0.10500000000000001	574.9017336659804	50.187377283641574	600.0806163400555	742.5517295850252	1049.9720726940554	83.41803860023677	1043.0956489131045	NaN
0	0.10500000000000001	575.005952475106	50.066261788220416	601.5219143505936	742.4175198234582	1049.9723622376969	83.41806073622378	1043.0959373881221	NaN
0	0.10500000000000001	575.1102700604027	49.945571154315694	602.9651270604838	742.283823864712	1049.9726490495823	83.41808249107868	1043.0962227016835	NaN
0	0.10500000000000001	575.21468659855	49.82530341035376	604.4102550787693	742.1506399849033	1049.9729331529022	83.41810380809342	1043.0965049119677	NaN
0	0.10500000000000001	575.3192022734804	49.705456586951435	605.8572991259558	742.0179664499332	1049.9732145706912	83.41812463839412	1043.0967840856217	NaN
0	0.10500000000000001	575.4238172625373	49.58602873281595	607.306259842379	741.8858015335634	1049.97349332579	83.41814494194217	1043.0970602964442	NaN
0	0.10500000000000001	575.5285317433912	49.467017906681676	608.7571378838192	741.7541435089844	1049.9737694408673	83.41816468830193	1043.0973336239806	NaN
0	0.10500000000000001	575.6333459079357	49.34842216157686	610.2099341141134	741.6229906319456	1049.9740429384565	83.41818385715823	1043.097604152031	NaN
0	0.10500000000000001	575.7382599206132	49.230239591968854	611.6646490274974	741.4923411934361	1049.9743138408471	83.41820243856701	1043.0978719669417	NaN
0	0.10500000000000001	575.8432739740015	49.11246827082466	613.1212835190212	741.3621934506219	1049.9745821702322	83.41822043296547	1043.0981371561243	NaN
0	0.10500000000000001	575.948388240143	48.99510630447914	614.5798382097471	741.2325456880442	1049.9748479485825	83.41823785091147	1043.0983998063143	NaN
0	0.10500000000000001	576.0536028983656	48.87815180121808	616.0403138324132	741.1033961833996	1049.97511119772	83.41825471259675	1043.098660002082	NaN
0	0.10500000000000001	576.1589181353098	48.76160287137627	617.5027112319406	740.9747432081509	1049.9753719393177	83.41827104713228	1043.0989178243542	NaN
0	0.10500000000000001	576.2643341309798	48.64545764279827	618.9670311717654	740.8465850450494	1049.9756301948669	83.41828689163188	1043.099173349029	NaN
0	0.10500000000000001	576.3698510727072	48.52971424534073	620.4332745276877	740.7189199714325	1049.975885985711	83.41830229012685	1043.0994266458076	NaN
0	0.10500000000000001	576.4754691341744	48.41437083385527	621.9014419963502	740.5917462849292	1049.976139332998	83.41831729233324	1043.0996777771215	NaN
0	0.10500000000000001	576.581188496386	48.29942556505582	623.3715343865247	740.4650622782337	1049.9763902577304	83.41833195231598	1043.0999267973589	NaN
0	0.10500000000000001	576.6870093336661	48.18487661276722	624.8435524244238	740.3388662561558	1049.9766387807351	83.41834632707413	1043.1001737522238	NaN
0	0.10500000000000001	576.7929318487415	48.07072212998935	626.3174972417504	740.2131564940111	1049.976884922745	83.4183604750962	1043.1004186784314	NaN
0	0.10500000000000001	576.8989562095942	47.95696031712521	627.7933694971547	740.0879313128919	1049.9771287042518	83.41837445490094	1043.1006616034072	NaN
0	0.10500000000000001	577.0050826056076	47.843589361258886	629.271170157328	739.9631890128331	1049.9773701456395	83.41838832362996	1043.1009025454887	NaN
0	0.10500000000000001	577.1113112124403	47.730607473887396	630.750900008053	739.8389279143481	1049.977609267104	83.41840213569718	1043.1011415141386	NaN
0	0.10500000000000001	577.2176422131175	47.618012868261765	632.2325599477908	739.7151463334264	1049.9778460887023	83.41841594154708	1043.1013785104935	NaN
0	0.10500000000000001	577.3240757980598	47.50580375947861	633.7161509881896	739.5918425815406	1049.9780806303527	83.41842978653976	1043.101613528055	NaN
0	0.10500000000000001	577.4306121509858	47.39397837936359	635.2016740576075	739.4690149818534	1049.9783129118048	83.4184437099887	1043.1018465535199	NaN
0	0.10500000000000001	577.537251448886	47.28253497629253	636.6891300005308	739.3466618688129	1049.978542952641	83.41845774437506	1043.1020775677862	NaN
0	0.10500000000000001	577.6439938761482	47.17147180032184	638.1785197744927	739.2247815715986	1049.978770772308	83.41847191475432	1043.102306547105	NaN
0	0.10500000000000001	577.7508396175031	47.06078711059928	639.6698443517062	739.1033724220287	1049.9789963901037	83.41848623836073	1043.1025334642686	NaN
0	0.10500000000000001	577.8577888509345	46.95047918261664	641.1631046200212	738.9824327622589	1049.9792198251614	83.4185007244177	1043.1027582898562	NaN
0	0.10500000000000001	577.9648417689432	46.84054628621967	642.6583016797489	738.8619609204181	1049.9794410964964	83.41851537415826	1043.102980993555	NaN
0	0.10500000000000001	578.0719985430845	46.7309867220616	644.1554363484013	738.7419552503198	1049.9796602229335	83.41853018103816	1043.103201545351	NaN
0	0.10500000000000001	578.17925936655	46.62179877783388	645.65450975537	738.6224140832653	1049.9798772231952	83.41854513115032	1043.1034199168394	NaN
0	0.10500000000000001	578.2866244257805	46.512980757404875	647.1555229454477	738.5033357597698	1049.980092115845	83.41856020380501	1043.1036360823093	NaN
0	0.10500000000000001	578.394093907564	46.40453097347277	648.658476977896	738.3847186213308	1049.9803049193022	83.41857537227176	1043.103850019807	NaN
0	0.10500000000000001	578.5016679990366	46.29644774752216	650.1633729264114	738.2665610102357	1049.980515651843	83.41859060465455	1043.1040617120525	NaN
0	0.10500000000000001	578.609346887683	46.18872940978068	651.67021187909	738.1488612694121	1049.9807243316025	83.41860586487593	1043.1042711472157	NaN
0	0.10500000000000001	578.7171307541926	46.0813743062771	653.1789948383581	738.0316177500747	1049.9809309765594	83.41862111374141	1043.1044783195114	NaN
0	0.10500000000000001	578.8250197938878	45.97438077743954	654.6897230208851	737.9148287883384	1049.9811356045814	83.41863631006008	1043.1046832296802	NaN
0	0.10500000000000001	578.9330141809864	45.86774719357343	656.2023973571747	737.7984927439921	1049.9813382333557	83.41865141177931	1043.1048858851757	NaN
0	0.10500000000000001	579.041114111514	45.76147191226187	657.7170190924268	737.6826079540847	1049.9815388804727	83.41866637712353	1043.1050863003204	NaN
0	0.10500000000000001	579.1493197675238	45.65555331373113	659.2335892853849	737.5671727716509	1049.9817375633586	83.41868116568551	1043.10528449613	NaN
0	0.10500000000000001	579.2576313385813	45.549989779609824	660.752109109253	737.4521855427184	1049.9819342993167	83.41869573946204	1043.1054805000722	NaN
0	0.10500000000000001	579.3660490074194	45.444779706929985	662.2725796505865	737.3376446217868	1049.982129105502	83.41871006379631	1043.105674345598	NaN
0	0.10500000000000001	579.4745729786872	45.33992148021652	663.7950023124736	737.2235483417027	1049.9823219989748	83.41872410821466	1043.1058660716023	NaN
0	0.10500000000000001	579.5832034286271	45.23541352020533	665.3193781086574	737.109895066976	1049.9825129966093	83.41873784712351	1043.106055721616	NaN
0	0.10500000000000001	579.6919405554206	45.13125423508024	666.8457083697052	736.9966831410259	1049.9827021151857	83.41875126037445	1043.106243343069	NaN
0	0.10500000000000001	579.800784543197	45.02744205513317	668.3739942379766	736.8839109242155	1049.982889371328	83.41876433366205	1043.1064289863214	NaN
0	0.10500000000000001	579.9097355764223	44.923975418790505	669.9042368694104	736.7715767789886	1049.9830747815295	83.4187770587652	1043.1066127037225	NaN
0	0.10500000000000001	580.0187938471304	44.8208527657507	671.4364375350806	736.6596790627748	1049.9832583621665	83.4187894336227	1043.1067945486293	NaN
0	0.10500000000000001	580.1279595477145	44.71807254386243	672.9705975199952	736.5482161358132	1049.9834401294859	83.41880146224376	1043.106974574395	NaN
0	0.10500000000000001	580.2372328709286	44.61563320908287	674.5067181230637	736.4371863614452	1049.983620099607	83.41881315446257	1043.1071528333923	NaN
0	0.10500000000000001	580.3466140026368	44.51353323219013	676.0448005550874	736.3265881137042	1049.9837982885092	83.41882452554538	1043.107329376074	NaN
0	0.10500000000000001	580.4561031290442	44.411771091891765	677.5848460402852	736.2164197701347	1049.9839747120475	83.41883559566625	1043.1075042501272	NaN
0	0.10500000000000001	580.5657004512283	44.31034526136595	679.1268560207408	736.106679697506	1049.984149385974	83.41884638926751	1043.1076774997305	NaN
0	0.10500000000000001	580.6754061561064	44.20925423520486	680.6708317479937	735.9973662812204	1049.9843223258931	83.41885693431966	1043.1078491648516	NaN
0	0.10500000000000001	580.785220438219	44.10849650914337	682.2167745894076	735.8884779035743	1049.9844935472975	83.41886726151209	1043.10801928075	NaN
0	0.10500000000000001	580.8951434924718	44.008070586778736	683.7646859260581	735.7800129512011	1049.9846630655563	83.41887740338953	1043.1081878775708	NaN
0	0.10500000000000001	581.0051755068425	43.907974986151245	685.3145670499422	735.6719698222985	1049.9848308959065	83.41888739346186	1043.1083549800783	NaN
0	0.10500000000000001	581.1153166842577	43.80820821978926	686.8664194720698	735.5643469051728	1049.9849970534858	83.4188972653133	1043.1085206075852	NaN
0	0.10500000000000001	581.2255672207243	43.70876881463336	688.4202446144699	735.4571425998034	1049.9851615533	83.41890705172949	1043.108684773956	NaN
0	0.10500000000000001	581.3359273053021	43.60965531188075	689.9760438096088	735.3503553176622	1049.9853244102248	83.4189167838697	1043.1088474877874	NaN
0	0.10500000000000001	581.446397134722	43.510866253761066	691.5338185063749	735.2439834674308	1049.9854856390293	83.4189264905058	1043.1090087527425	NaN
0	0.10500000000000001	581.5569769060854	43.41240019012433	693.0935701671874	735.138025462051	1049.9856452543631	83.4189361973424	1043.1091685679746	NaN
0	0.10500000000000001	581.6676668095268	43.314255684893446	694.6553001644181	735.0324797255771	1049.9858032707498	83.41894592643789	1043.1093269286548	NaN
0	0.10500000000000001	581.7784670428763	43.21643130296955	696.219009987166	734.9273446789764	1049.9859597026066	83.41895569573954	1043.1094838266256	NaN
0	0.10500000000000001	581.8893778043366	43.118925616755334	697.7847011379705	734.8226187470294	1049.9861145642358	83.41896551874015	1043.1096392510879	NaN
0	0.10500000000000001	582.0003992851246	43.02173721254482	699.3523750288426	734.7183003650497	1049.9862678698146	83.41897540426362	1043.1097931893432	NaN
0	0.10500000000000001	582.1115316841765	42.92486467755638	700.9220331888258	734.6143879648134	1049.9864196334172	83.41898535638451	1043.109945627592	NaN
0	0.10500000000000001	582.2227752008043	42.82830660639245	702.4936771603175	734.5108799813609	1049.9865698690046	83.41899537447624	1043.1100965517085	NaN
0	0.10500000000000001	582.3341300273141	42.73206160736734	704.0673083947041	734.4077748596355	1049.9867185904163	83.41900545338558	1043.110245948001	NaN
0	0.10500000000000001	582.4455963785352	42.63612827697373	705.6429286696487	734.3050710270091	1049.9868658114092	83.4190155837291	1043.1103938039864	NaN
0	0.10500000000000001	582.5571744401318	42.540505244452085	707.2205393585307	734.202766940906	1049.9870115455908	83.41902575228981	1043.1105401090012	NaN
0	0.10500000000000001	582.6688644203152	42.445191127178724	708.800142161318	734.100861040942	1049.9871558064879	83.41903594251681	1043.1106848548789	NaN
0	0.10500000000000001	582.7806665128754	42.35018456237836	710.3817385818869	733.9993517827984	1049.987298607499	83.4190461350953	1043.1108280364228	NaN
0	0.10500000000000001	582.8925809193795	42.25548418807544	711.9653302418703	733.8982376178059	1049.987439961924	83.41905630858234	1043.110969651858	NaN
0	0.10500000000000001	583.0046078417762	42.16108864940857	713.550918776058	733.7975169996937	1049.9875798829562	83.41906644008148	1043.1111097031376	NaN
0	0.10500000000000001	583.1167474823961	42.06699659859251	715.1385058323696	733.6971883845707	1049.9877183836797	83.41907650593987	1043.1112481961409	NaN
0	0.10500000000000001	583.2290000365115	41.97320670108489	716.7280929664341	733.5972502375462	1049.9878554770662	83.4190864824472	1043.111385140751	NaN
0	0.10500000000000001	583.3413657146544	41.87971761688863	718.3196819575838	733.4977010128872	1049.9879911759988	83.4190963465196	1043.1115205508488	NaN
0	0.10500000000000001	583.4538447053941	41.78652803155039	719.9132742816475	733.3985391871495	1049.9881254932297	83.41910607634306	1043.1116544441234	NaN
0	0.10500000000000001	583.5664372274971	41.69363661279139	721.5088718497942	733.2997632131479	1049.9882584414431	83.41911565197147	1043.111786841885	NaN
0	0.10500000000000001	583.6791434852184	41.601042047642885	723.1064763751895	733.2013715596568	1049.988390033202	83.41912505584861	1043.1119177686646	NaN
0	0.10500000000000001	583.791963675721	41.508743036093314	724.7060894779105	733.1033627048045	1049.988520280958	83.41913427325355	1043.112047251793	NaN
0	0.10500000000000001	583.9048980115074	41.41673827268814	726.3077130029358	733.0057351167328	1049.9886491970797	83.4191432926559	1043.1121753209281	NaN
0	0.10500000000000001	584.0179466905029	41.32502647096892	727.911348595938	732.908487279761	1049.988776793816	83.41915210596788	1043.1123020074658	NaN
0	0.10500000000000001	584.131109918502	41.23360634508678	729.5169980215148	732.8116176750829	1049.988903083326	83.41916070869686	1043.1124273439736	NaN
0	0.10500000000000001	584.2443879167103	41.14247660384017	731.1246632703159	732.7151247747039	1049.9890280776847	83.41916909999154	1043.1125513635893	NaN
0	0.10500000000000001	584.3577808842182	41.05163598089016	732.7343460265083	732.6190070736657	1049.9891517888434	83.41917728258039	1043.1126740993654	NaN
0	0.10500000000000001	584.4712890280114	40.961083210456245	734.3460480935097	732.5232630645037	1049.989274228664	83.41918526261603	1043.1127955837057	NaN
0	0.10500000000000001	584.5849125479364	40.87081703932536	735.9597711805363	732.4278912501579	1049.9893954089034	83.41919304942297	1043.1129158477831	NaN
0	0.10500000000000001	584.6986516517517	40.78083621481013	737.5755171162731	732.33289013143	1049.9895153412294	83.41920065516439	1043.1130349210375	NaN
0	0.10500000000000001	584.8125065551592	40.691139484814016	739.1932878494111	732.238258207245	1049.9896340372222	83.41920809443597	1043.113152830718	NaN
0	0.10500000000000001	584.9264774667245	40.60172560972592	740.8130852343925	732.1439939873611	1049.9897515083585	83.41921538380033	1043.1132696014813	NaN
0	0.10500000000000001	585.0405646029737	40.51259335049147	742.4349112458864	732.0500959799097	1049.9898677660283	83.41922254127988	1043.113385255104	NaN
0	0.10500000000000001	585.1547681657122	40.423741486310966	744.0587676563313	731.9565627101442	1049.9899828215123	83.41922958581887	1043.113499810243	NaN
0	0.10500000000000001	585.2690883722789	40.335168790968055	745.6846564659867	731.8633926955793	1049.990096686013	83.41923653673685	1043.1136132823426	NaN
0	0.10500000000000001	585.3835254252626	40.24687405635681	747.3125794722953	731.7705844708081	1049.9902093706255	83.41924341318251	1043.1137256835736	NaN
0	0.10500000000000001	585.4980795428189	40.15885606895911	748.9425387010144	731.6781365627849	1049.9903208863673	83.41925023361026	1043.1138370229255	NaN
0	0.10500000000000001	585.6127509435279	40.07111362161459	750.5745361909104	731.5860475032209	1049.9904312441656	83.4192570152888	1043.1139473063388	NaN
0	0.10500000000000001	585.7275398387865	39.98364551927211	752.2085738853958	731.4943158345953	1049.990540454849	83.41926377385684	1043.1140565369296	NaN
0	0.10500000000000001	585.842446432777	39.89645057885843	753.844653631941	731.4029401099549	1049.9906485291488	83.41927052293893	1043.1141647152922	NaN
0	0.10500000000000001	585.9574709529401	39.80952760614574	755.4827776159343	731.3119188686233	1049.990755477729	83.41927727383138	1043.1142718398933	NaN
0	0.10500000000000001	586.0726136042684	39.72287543040128	757.122947709873	731.2212506724447	1049.9908613111431	83.41928403526009	1043.1143779074434	NaN
0	0.10500000000000001	586.1878746074204	39.63649287549228	758.7651660160587	731.130934075439	1049.9909660398716	83.41929081322424	1043.114482913385	NaN
0	0.10500000000000001	586.3032541834853	39.55037877143675	760.4094346496721	731.0409676358294	1049.991069674306	83.41929761092041	1043.1145868523513	NaN
0	0.10500000000000001	586.4187525386701	39.464531965728206	762.0557555204393	730.9513499277786	1049.9911722247382	83.41930442875113	1043.1146897186354	NaN
0	0.10500000000000001	586.5343699025627	39.37895129480448	763.704130877935	730.8620795115124	1049.9912737013951	83.41931126441703	1043.1147915067	NaN
0	0.10500000000000001	586.65010648219	39.293635618161936	765.3545626566972	730.7731549688596	1049.9913741143966	83.41931811308143	1043.1148922115926	NaN
0	0.10500000000000001	586.765962500328	39.20858378990711	767.007053022324	730.684574873501	1049.9914734737922	83.41932496760933	1043.1149918294032	NaN
0	0.10500000000000001	586.8819381724994	39.12379467573873	768.6616040434869	730.5963378086315	1049.9915717895394	83.41933181886377	1043.1150903576215	NaN
0	0.10500000000000001	586.9980337300342	39.03926713604522	770.3182180208562	730.5084423493308	1049.9916690715258	83.41933865605596	1043.1151877954833	NaN
0	0.10500000000000001	587.1142493893145	38.95500004835619	771.9768970483213	730.4208870859096	1049.9917653295427	83.41934546713127	1043.1152841442033	NaN
0	0.10500000000000001	587.2305853671376	38.87099229600972	773.637643232054	730.3336706121013	1049.9918605732987	83.41935223918416	1043.1153794071836	NaN
0	0.10500000000000001	587.3470418884376	38.78724276257934	775.3004588007373	730.2467915193023	1049.9919548124274	83.41935895888692	1043.1154735901382	NaN
0	0.10500000000000001	587.4636191785896	38.703750337456704	776.9653459957328	730.160248402418	1049.9920480564813	83.4193656129175	1043.115566701134	NaN
0	0.10500000000000001	587.5803174556739	38.62051392132581	778.6323069605364	730.0740398655877	1049.992140314925	83.41937218837552	1043.115658750556	NaN
0	0.10500000000000001	587.697136945935	38.5375324150605	780.3013439615106	729.9881645107525	1049.99223159715	83.4193786731754	1043.1157497510208	NaN
0	0.10500000000000001	587.8140778760609	38.45480472525582	781.9724592776402	729.9026209434885	1049.9923219124687	83.41938505640225	1043.1158397172044	NaN
0	0.10500000000000001	587.9311404731853	38.37232976419592	783.6456552005129	729.8174077730808	1049.992411270113	83.41939132862343	1043.1159286656182	NaN
0	0.10500000000000001	588.048324957119	38.29010645526201	785.3209339232269	729.7325236182244	1049.992499679232	83.41939748214615	1043.1160166143275	NaN
0	0.10500000000000001	588.1656315636498	38.20813371654201	786.9982978734398	729.6479670902303	1049.9925871489083	83.41940351121701	1043.1161035826483	NaN
0	0.10500000000000001	588.2830605134677	38.126410482603355	788.6777492690908	729.5637368156399	1049.9926736881353	83.41940941215421	1043.1161895907799	NaN
0	0.10500000000000001	588.4006120276883	38.04493569350447	790.3592903402148	729.4798314250065	1049.9927593058298	83.41941518341616	1043.116274659444	NaN
0	0.10500000000000001	588.5182863512567	37.963708278641825	792.0429236638148	729.3962495364225	1049.9928440108508	83.41942082560294	1043.1163588095274	NaN
0	0.10500000000000001	588.63608370619	37.88272718912759	793.7286514949623	729.3129897889997	1049.992927811964	83.41942634138918	1043.1164420616751	NaN
0	0.10500000000000001	588.7540043227513	37.80199137613076	795.4164762126807	729.2300508206931	1049.9930107178648	83.41943173539954	1043.1165244359565	NaN
0	0.10500000000000001	588.8720484394828	37.721499790933336	797.1064003205066	729.1474312685046	1049.9930927371813	83.41943701402654	1043.1166059515308	NaN
0	0.10500000000000001	588.9902162719038	37.641251406223226	798.7984259983057	729.0651297904474	1049.99317387845	83.41944218519751	1043.1166866263304	NaN
0	0.10500000000000001	589.1085080673097	37.56124517875252	800.4925558868024	728.9831450273296	1049.9932541501573	83.41944725810508	1043.116766476844	NaN
0	0.10500000000000001	589.2269240499501	37.48148008659175	802.1887923026216	728.9014756410577	1049.9933335606993	83.4194522429014	1043.1168455178763	NaN
0	0.10500000000000001	589.3454644602256	37.40195510253571	803.8871377995614	728.8201202874448	1049.9934121184112	83.41945715037542	1043.1169237624229	NaN
0	0.10500000000000001	589.4641295232861	37.322669215226306	805.5875947187565	728.7390776378907	1049.9934898315457	83.41946199161616	1043.1170012215612	NaN
0	0.10500000000000001	589.582919480468	37.24362140803354	807.2901656390432	728.6583463578156	1049.9935667082955	83.41946677767935	1043.1170779044382	NaN
0	0.10500000000000001	589.70183456571	37.16481067483729	808.9948530390311	728.5779251228234	1049.993642756777	83.41947151926132	1043.1171538182818	NaN
0	0.10500000000000001	589.8208750213047	37.08623600951603	810.7016595228384	728.4978126079736	1049.9937179850413	83.41947622639529	1043.117228968495	NaN
0	0.10500000000000001	589.9400410742329	37.00789642155032	812.4105874807386	728.418007503684	1049.99379240106	83.419480908175	1043.117303358776	NaN
0	0.10500000000000001	590.059332967732	36.929790915156225	814.1216395417725	728.3385084944359	1049.9938660127464	83.4194855725173	1043.117376991323	NaN
0	0.10500000000000001	590.1787509376132	36.851918504879	815.8348182341342	728.2593142746407	1049.9939388279392	83.41949022596614	1043.117449867038	NaN
0	0.10500000000000001	590.2982952360053	36.7742782000704	817.5501263257653	728.1804235328124	1049.9940108544197	83.41949487354655	1043.1175219857992	NaN
0	0.10500000000000001	590.4179660838199	36.69686903575369	819.2675661422796	728.1018349828895	1049.994082099882	83.41949951866786	1043.1175933467082	NaN
0	0.10500000000000001	590.5377637341562	36.61969003141599	820.9871404767144	728.0235473223172	1049.9941525719726	83.41950416308391	1043.1176639484192	NaN
0	0.10500000000000001	590.6576884326834	36.54274021676246	822.7088520210882	727.9455592581784	1049.994222278266	83.41950880690314	1043.1177337894114	NaN
0	0.10500000000000001	590.7777404176081	36.46601863160583	824.4327033658005	727.8678695070134	1049.9942912262666	83.41951344865114	1043.1178028682789	NaN
0	0.10500000000000001	590.8979199276096	36.38952432069588	826.1586971134708	727.7904767895269	1049.994359423414	83.41951808538187	1043.117871184012	NaN
0	0.10500000000000001	591.0182272177926	36.313256323599035	827.8868361080899	727.7133798203267	1049.9944268770905	83.41952271283228	1043.1179387362595	NaN
0	0.10500000000000001	591.1386625358031	36.23721368992432	829.6171230920139	727.6365773233119	1049.9944935946098	83.4195273256129	1043.1180055255393	NaN
0	0.10500000000000001	591.259226113802	36.16139548423128	831.3495605904964	727.5600680365841	1049.9945595832132	83.41953191742907	1043.1180715534213	NaN
0	0.10500000000000001	591.3799182084072	36.0858007608348	833.0841514855429	727.4838506870054	1049.9946248500912	83.41953648132646	1043.1181368226962	NaN
0	0.10500000000000001	591.5007390527346	36.010428593937235	834.8208983267582	727.4079240206115	1049.9946894023578	83.41954100994687	1043.1182013374505	NaN
0	0.10500000000000001	591.6216889124298	35.935278042557584	836.55980413663	727.332286767281	1049.994753247083	83.41954549579413	1043.118265103152	NaN
0	0.10500000000000001	591.7427680215859	35.86034819048039	838.3008714893745	727.2569376810085	1049.9948163912568	83.41954993149106	1043.118328126621	NaN
0	0.10500000000000001	591.8639766388603	35.7856381113124	840.0441033176334	727.1818755047673	1049.9948788418199	83.4195543100303	1043.1183904160248	NaN
0	0.10500000000000001	591.9853150154001	35.711146888404485	841.7895024513381	727.107098990617	1049.9949406056483	83.41955862500262	1043.1184519807741	NaN
0	0.10500000000000001	592.1067834109156	35.63687360491771	843.5370718488473	727.0326068897871	1049.9950016895605	83.41956287080042	1043.1185128314123	NaN
0	0.10500000000000001	592.2283820614689	35.56281736347335	845.2868141334737	726.9583979724516	1049.9950621003034	83.41956704278824	1043.1185729794386	NaN
0	0.10500000000000001	592.3501112439349	35.488977246809426	847.0387325209583	726.8844709883707	1049.995121844584	83.41957113743935	1043.1186324371572	NaN
0	0.10500000000000001	592.4719711792263	35.41535237659509	848.792829426802	726.8108247258878	1049.995180929022	83.41957515242734	1043.1186912174194	NaN
0	0.10500000000000001	592.5939621452815	35.341941844867044	850.5491080923501	726.7374579433719	1049.9952393602057	83.41957908668255	1043.1187493334567	NaN
0	0.10500000000000001	592.7160843963437	35.268744762968204	852.3075714230397	726.6643694183005	1049.9952971446542	83.41958294039948	1043.118806798611	NaN
0	0.10500000000000001	592.838338195279	35.19576024197636	854.0682224535469	726.5915579277645	1049.9953542888309	83.41958671500589	1043.1188636261224	NaN
0	0.10500000000000001	592.9607237811565	35.12298741201391	855.8310638808442	726.5190222678096	1049.9954107991314	83.41959041309082	1043.1189198288923	NaN
0	0.10500000000000001	593.0832414260038	35.05042538838804	857.5960988815955	726.4467612197458	1049.9954666819092	83.41959403829857	1043.1189754193056	NaN
0	0.10500000000000001	593.2058913861598	34.97807330058844	859.3633304115026	726.3747735791411	1049.9955219434535	83.41959759518818	1043.1190304090235	NaN
0	0.10500000000000001	593.3286739266262	34.90593027779131	861.1327615560574	726.3030581414396	1049.9955765900006	83.41960108906873	1043.119084808838	NaN
0	0.10500000000000001	593.4515893129548	34.83399545366751	862.9043954136703	726.231613706807	1049.9956306277318	83.4196045258136	1043.1191386285432	NaN
0	0.10500000000000001	593.5746377867758	34.76226798059468	864.6782347428233	726.1604390942715	1049.9956840627617	83.41960791166092	1043.1191918768354	NaN
0	0.10500000000000001	593.69781962286	34.69074699628442	866.4542827845692	726.0895331086216	1049.9957369011645	83.41961125300999	1043.119244561284	NaN
0	0.10500000000000001	593.8211350883838	34.61943164764483	868.232542675411	726.0188945641386	1049.9957891489562	83.41961455621536	1043.119296688297	NaN
0	0.10500000000000001	593.9445844428946	34.548321090681554	870.0130174466913	725.9485222844901	1049.9958408120951	83.41961782738964	1043.1193482631445	NaN
0	0.10500000000000001	594.0681679546639	34.477414481016226	871.7957102603805	725.8784150933404	1049.99589189649	83.41962107222007	1043.1193992900219	NaN
0	0.10500000000000001	594.191885892522	34.40671097861242	873.5806242913305	725.8085718190318	1049.9959424079966	83.41962429580458	1043.1194497721367	NaN
0	0.10500000000000001	594.3157385258594	34.33620974775054	875.3677627272692	725.7389912945464	1049.9959923524161	83.41962750251204	1043.1194997118264	NaN
0	0.10500000000000001	594.4397261164073	34.26590996165446	877.1571286501529	725.6696723620447	1049.996041735496	83.41963069587125	1043.1195491106978	NaN
0	0.10500000000000001	594.5638489428918	34.195810788480166	878.9487253919237	725.6006138590245	1049.9960905629368	83.41963387849175	1043.119597969798	NaN
0	0.10500000000000001	594.6881072681537	34.12591140993462	880.7425560599694	725.5318146366501	1049.9961388403822	83.41963705201682	1043.1196462897747	NaN
0	0.10500000000000001	594.8125013638194	34.05621100727287	882.5386238931594	725.4632735459189	1049.996186573427	83.41964021711169	1043.119694071066	NaN
0	0.10500000000000001	594.9370315103392	33.986708761344836	884.3369322624525	725.3949894376984	1049.9962337676186	83.41964337348472	1043.1197413140808	NaN
0	0.10500000000000001	595.0616979722281	33.91740386639894	886.13748431335	725.3269611762629	1049.9962804284487	83.41964651993936	1043.1197880193633	NaN
0	0.10500000000000001	595.1865010310929	33.848295511625906	887.9402834428023	725.2591876211362	1049.996326561364	83.41964965445707	1043.1198341877678	NaN
0	0.10500000000000001	595.3114409608555	33.77938289495468	889.7453329413836	725.191667640625	1049.9963721717588	83.41965277430415	1043.1198798205953	NaN
0	0.10500000000000001	595.4365180443033	33.710665213864424	891.5526362323395	725.1244001027953	1049.996417264982	83.41965587616083	1043.119924919725	NaN
0	0.10500000000000001	595.5617325482218	33.64214167903274	893.3621965122525	725.0573838888267	1049.9964618463268	83.41965895626545	1043.1199694877016	NaN
0	0.10500000000000001	595.6870847565672	33.57381149608799	895.1740172303361	724.9906178751515	1049.9965059210442	83.41966201057058	1043.1200135278207	NaN
0	0.10500000000000001	595.8125749455799	33.50567387924985	896.9881017288185	724.9241009468143	1049.9965494943342	83.41966503490309	1043.120057044162	NaN
0	0.10500000000000001	595.9382033920793	33.43772804674114	898.8044533627562	724.857831992994	1049.9965925713493	83.4196680251244	1043.1201000416033	NaN
0	0.10500000000000001	596.063970390142	33.369973211797934	900.6230757411995	724.791809898272	1049.9966351572007	83.41967097728472	1043.1201425258093	NaN
0	0.10500000000000001	596.1898762094385	33.302408605136314	902.4439721247563	724.7260335645666	1049.9966772569435	83.41967388776476	1043.1201845031708	NaN
0	0.10500000000000001	596.3159211369086	33.23503345243429	904.2671460281593	724.6605018892163	1049.9967188755923	83.41967675340328	1043.1202259807478	NaN
0	0.10500000000000001	596.4421054601047	33.16784698333589	906.0926009794331	724.5952137738097	1049.9967600181155	83.41967957160398	1043.12026696617	NaN
0	0.10500000000000001	596.568429458818	33.10084843586146	907.9203403987037	724.530168128512	1049.9968006894333	83.41968234041883	1043.1203074675211	NaN
0	0.10500000000000001	596.6948934301964	33.03403704305487	909.7503679615984	724.4653638591491	1049.9968408944253	83.41968505860757	1043.1203474932192	NaN
0	0.10500000000000001	596.8214976468515	32.967412055137736	911.5826869930289	724.4007998887589	1049.9968806379184	83.41968772566842	1043.1203870518686	NaN
0	0.10500000000000001	596.9482423987643	32.9009727173053	913.4173010735417	724.3364751360965	1049.9969199247	83.41969034184412	1043.120426152132	NaN
0	0.10500000000000001	597.075127993361	32.83471826983706	915.2542140405692	724.2723885158316	1049.9969587595185	83.41969290810023	1043.1204648025907	NaN
0	0.10500000000000001	597.2021547134806	32.76864797006579	917.0934293799355	724.2085389598587	1049.9969971470703	83.4196954260781	1043.120503011598	NaN
0	0.10500000000000001	597.3293228509885	32.702761074718296	918.9349507123851	724.1449254002408	1049.997035092011	83.4196978980263	1043.1205407871653	NaN
0	0.10500000000000001	597.4566326983758	32.63705684430674	920.7787816719572	724.0815467735048	1049.9970725989524	83.419700326712	1043.1205781368512	NaN
0	0.10500000000000001	597.5840845487601	32.57153454310673	922.6249259059872	724.0184020206555	1049.9971096724644	83.41970271531665	1043.1206150676699	NaN
0	0.10500000000000001	597.7116786958879	32.506193439135416	924.4733870751073	723.9554900871847	1049.9971463170727	83.41970506731975	1043.12065158602	NaN
0	0.10500000000000001	597.8394154341358	32.441032804129755	926.3241688532493	723.8928099230741	1049.9971825372627	83.41970738637595	1043.1206876976366	NaN
0	0.10500000000000001	597.9672950669906	32.376051909224955	928.1772750505174	723.8303604786602	1049.9972183374787	83.41970967618921	1043.1207234075705	NaN
0	0.10500000000000001	598.095317881625	32.31125003786141	930.0327092447467	723.7681407170501	1049.99725372212	83.41971194038851	1043.1207587201782	NaN
0	0.10500000000000001	598.2234841913113	32.246626464253595	931.8904753961409	723.7061495934435	1049.9972886955502	83.41971418241114	1043.1207936391584	NaN
0	0.10500000000000001	598.3517942930011	32.18218047488297	933.7505772325031	723.6443860757751	1049.9973232620891	83.4197164053949	1043.120828167584	NaN
0	0.10500000000000001	598.4802485013188	32.117911351337604	935.6130187419308	723.5828491282466	1049.9973574260193	83.41971861208567	1043.120862307974	NaN
0	0.10500000000000001	598.6088471060066	32.053818391623714	937.4778035558621	723.5215377317289	1049.9973911915763	83.41972080476016	1043.1208960623655	NaN
0	0.10500000000000001	598.7375904144922	31.989900888807107	939.344935566176	723.4604508632876	1049.997424562961	83.41972298517022	1043.1209294324171	NaN
0	0.10500000000000001	598.8664787434213	31.926158135336223	941.2144188025172	723.3995875003275	1049.9974575443366	83.41972515450591	1043.1209624195108	NaN
0	0.10500000000000001	598.9955123759223	31.862589444116388	943.0862568123675	723.3389466406871	1049.997490139818	83.41972731338024	1043.1209950248501	NaN
0	0.10500000000000001	599.1246916299716	31.79919411467901	944.9604536526545	723.2785272703167	1049.9975223534898	83.41972946183694	1043.1210272495882	NaN
0	0.10500000000000001	599.2540168156784	31.73597145432822	946.837013270185	723.2183283834597	1049.9975541893962	83.4197315993766	1043.1210590949252	NaN
0	0.10500000000000001	599.3834882438312	31.67292077388574	948.7159396255933	723.1583489785721	1049.9975856515437	83.41973372500325	1043.121090562211	NaN
0	0.10500000000000001	599.5131062344941	31.610041383509337	950.5972368180886	723.0985880543353	1049.9976167439017	83.41973583728674	1043.121121653039	NaN
0	0.10500000000000001	599.6428710826328	31.54733260933251	952.480908586508	723.0390446254571	1049.9976474703965	83.41973793443911	1043.1211523693164	NaN
0	0.10500000000000001	599.7727831096796	31.484793768429995	954.3669590577293	722.9797176988722	1049.9976778349228	83.41974001440305	1043.1211827133386	NaN
0	0.10500000000000001	599.9028426377834	31.4224241813625	956.2553923729713	722.9206062856796	1049.9977078413383	83.41974207494577	1043.1212126878288	NaN
0	0.10500000000000001	600.0330499639117	31.360223184504743	958.1462123116792	722.861709412814	1049.9977374934583	83.41974411375662	1043.1212422959582	NaN
0	0.10500000000000001	600.1634054288787	31.298190097003843	960.0394232938453	722.8030260917554	1049.9977667950714	83.41974612854597	1043.1212715413694	NaN
0	0.10500000000000001	600.2939093310158	31.236324262000554	961.9350291263517	722.744555357575	1049.9977957499202	83.4197481171378	1043.1213004281462	NaN
0	0.10500000000000001	600.42456200394	31.174625009562416	963.8330341323788	722.6862962338774	1049.9978243617193	83.4197500775574	1043.121328960802	NaN
0	0.10500000000000001	600.5553637646789	31.113091681335426	965.7334423979609	722.6282477561391	1049.9978526341438	83.419752008107	1043.1213571442227	NaN
0	0.10500000000000001	600.6863149396406	31.051723618221818	967.6362581491985	722.570408960089	1049.9978805708356	83.41975390742961	1043.1213849836126	NaN
0	0.10500000000000001	600.8174158472711	30.990520168520234	969.5414855002617	722.5127788894147	1049.9979081754	83.41975577455716	1043.1214124844225	NaN
0	0.10500000000000001	600.948666806718	30.929480683807903	971.4491285792328	722.4553565919019	1049.9979354514066	83.41975760894337	1043.1214396522707	NaN
0	0.10500000000000001	601.0800681639702	30.868604506835858	973.3591919080689	722.3981411080931	1049.9979624023981	83.41975941047929	1043.1214664928646	NaN
0	0.10500000000000001	601.2116202309226	30.807890999809977	975.271679516902	722.3411314979135	1049.9979890318734	83.41976117949065	1043.1214930119022	NaN
0	0.10500000000000001	601.3433233376128	30.747339520095395	977.1865957032519	722.2843268178478	1049.9980153433032	83.41976291672056	1043.1215192149996	NaN
0	0.10500000000000001	601.4751778148184	30.6869494283071	979.1039447790866	722.2277261285825	1049.9980413401238	83.4197646232955	1043.1215451076062	NaN
0	0.10500000000000001	601.6071839940589	30.626720088290906	981.023731070833	722.1713284950125	1049.9980670257385	83.41976630067828	1043.1215706949333	NaN
0	0.10500000000000001	601.73934221636	30.56665086312934	982.9459590468458	722.1151329825287	1049.998092403519	83.4197679506096	1043.121595981894	NaN
0	0.10500000000000001	601.8716528059784	30.50674112707418	984.8706329352207	722.0591386682001	1049.9981174768018	83.41976957504028	1043.1216209730471	NaN
0	0.10500000000000001	602.0041161054546	30.44699024959646	986.7977572336099	722.0033446258672	1049.9981422488934	83.41977117605788	1043.1216456725692	NaN
0	0.10500000000000001	602.136732458109	30.387397603369575	988.7273364546733	721.9477499336292	1049.9981667230686	83.4197727558106	1043.1216700842288	NaN
0	0.10500000000000001	602.2695021816355	30.327962576050243	990.6593747417621	721.8923536848265	1049.9981909025653	83.41977431643024	1043.1216942113754	NaN
0	0.10500000000000001	602.4024256296748	30.268684542630062	992.5938767648374	721.8371549622562	1049.9982147905969	83.41977585995936	1043.12171805696	NaN
0	0.10500000000000001	602.5355031302142	30.209562893031144	994.5308468241018	721.782152863899	1049.9982383903396	83.419777388283	1043.1217416235463	NaN
0	0.10500000000000001	602.6687350384705	30.150597008505454	996.4702896196062	721.7273464809363	1049.9982617049438	83.41977890306961	1043.121764913356	NaN
0	0.10500000000000001	602.8021217016382	30.091786277352774	998.4122097382169	721.6727349123817	1049.9982847375284	83.41978040572127	1043.1217879283088	NaN
0	0.10500000000000001	602.9356634499969	30.033130098728204	1000.3566115240286	721.6183172685826	1049.998307491177	83.41978189733585	1043.1218106700785	NaN
0	0.10500000000000001	603.0693606411546	29.97462786315505	1002.3034997225035	721.5640926531207	1049.998329968949	83.41978337868362	1043.1218331401608	NaN
0	0.10500000000000001	603.2032136069224	29.916278975842157	1004.2528787069498	721.5100601844301	1049.9983521738689	83.41978485019492	1043.1218553399322	NaN
0	0.10500000000000001	603.3372227153919	29.85808282954089	1006.2047533824878	721.4562189706331	1049.9983741089366	83.41978631196372	1043.1218772707273	NaN
0	0.10500000000000001	603.4713883088317	29.800038831636563	1008.1591282816322	721.4025681346222	1049.9983957771192	83.41978776376278	1043.1218989338952	NaN
0	0.10500000000000001	603.6057107391903	29.74214638864093	1010.1160080813054	721.3491067996836	1049.9984171813553	83.41978920507144	1043.121920330866	NaN
0	0.10500000000000001	603.7401903503064	29.68440491387201	1012.0753973436825	721.2958340965853	1049.998438324554	83.41979063511384	1043.121941463206	NaN
0	0.10500000000000001	603.8748275046511	29.626813815948346	1014.0373009057997	721.2427491529517	1049.998459209597	83.41979205290626	1043.1219623326674	NaN
0	0.10500000000000001	604.0096225566007	29.56937251028441	1016.0017234901588	721.1898511038714	1049.9984798393373	83.41979345731065	1043.1219829412228	NaN
0	0.10500000000000001	604.1445758702937	29.512080411435935	1017.9686699649138	721.1371390848385	1049.998500216601	83.41979484709296	1043.1220032910933	NaN
0	0.10500000000000001	604.279687810716	29.45493693691815	1019.9381452139785	721.0846122352764	1049.9985203441859	83.4197962209827	1043.1220233847632	NaN
0	0.10500000000000001	604.414958734735	29.397941510960266	1021.9101540062833	721.0322697019873	1049.99854022486	83.41979757773257	1043.1220432249797	NaN
0	0.10500000000000001	604.5503890000386	29.341093560672753	1023.8847011260362	720.9801106356279	1049.9985598613648	83.41979891617484	1043.1220628147464	NaN
0	0.10500000000000001	604.6859789741286	29.284392512278	1025.8617915038403	720.9281341872635	1049.998579256415	83.41980023527303	1043.1220821573029	NaN
0	0.10500000000000001	604.8217290163631	29.227837798632052	1027.8414299548638	720.8763395152815	1049.9985984126977	83.41980153416606	1043.122101256093	NaN
0	0.10500000000000001	604.9576394869282	29.171428855421873	1029.8236213096054	720.8247257819107	1049.9986173328732	83.4198028122039	1043.1221201147266	NaN
0	0.10500000000000001	605.0937107648853	29.115165113701575	1031.808370677129	720.7732921464159	1049.998636019577	83.41980406897392	1043.1221387369383	NaN
0	0.10500000000000001	605.229943212126	29.059046014836692	1033.795682919358	720.7220377787874	1049.9986544754165	83.41980530431624	1043.1221571265314	NaN
0	0.10500000000000001	605.3663372094652	29.003070995564954	1035.7855631774985	720.6709618461001	1049.998672702975	83.41980651832844	1043.1221752873319	NaN
0	0.10500000000000001	605.502893129565	28.94723949916887	1037.7780164770961	720.620063522741	1049.9986907048092	83.41980771135958	1043.1221932231317	NaN
0	0.10500000000000001	605.6396113368945	28.89155097540723	1039.7730477273599	720.5693419903456	1049.9987084834481	83.41980888399387	1043.12221093764	NaN
0	0.10500000000000001	605.7764922058416	28.83600487309494	1041.7706619854062	720.5187964310471	1049.9987260413975	83.4198100370258	1043.1222284344371	NaN
0	0.10500000000000001	605.9135361298452	28.780600636471682	1043.7708645896107	720.4684260242032	1049.9987433811393	83.4198111714267	1043.1222457169379	NaN
0	0.10500000000000001	606.0507434759959	28.72533772357514	1045.7736604970103	720.4182299631169	1049.9987605051278	83.41981228830551	1043.1222627883499	NaN
0	0.10500000000000001	606.1881146304517	28.670215587830768	1047.7790549461038	720.3682074382988	1049.9987774157942	83.41981338886471	1043.122279651657	NaN
0	0.10500000000000001	606.3256499711686	28.615233689054293	1049.787053058831	720.3183576474714	1049.998794115544	83.41981447435441	1043.1222963095981	NaN
0	0.10500000000000001	606.4633498861209	28.56039148612572	1051.797660106538	720.2686797889238	1049.9988106067601	83.41981554602535	1043.1223127646647	NaN
0	0.10500000000000001	606.6012147550645	28.505688444264756	1053.810881243712	720.2191730681058	1049.9988268918	83.41981660508321	1043.1223290191012	NaN
0	0.10500000000000001	606.739244976953	28.451124024130902	1055.82672190831	720.1698366877582	1049.9988429729988	83.41981765264725	1043.1223450749214	NaN
0	0.10500000000000001	606.8774409242114	28.396697699918484	1057.8451871539758	720.1206698642764	1049.9988588526649	83.41981868971236	1043.1223609339236	NaN
0	0.10500000000000001	607.0158030068276	28.342408934039913	1059.8662825860692	720.0716718048177	1049.9988745330882	83.41981971711911	1043.1223765977254	NaN
0	0.10500000000000001	607.1543315990476	28.288257205980887	1061.8900132909841	720.02284173336	1049.9988900165301	83.4198207355294	1043.1223920677905	NaN
0	0.10500000000000001	607.2930270851846	28.23424199421163	1063.916384505168	719.9741788743422	1049.998905305231	83.4198217454119	1043.122407345471	NaN
0	0.10500000000000001	607.4318898780809	28.180362769089484	1065.9454018849501	719.9256824462826	1049.9989204014107	83.41982274703557	1043.12242243205	NaN
0	0.10500000000000001	607.5709203823686	28.126619007219162	1067.977070969831	719.87735167472	1049.9989353072658	83.41982374047112	1043.122437328779	NaN
0	0.10500000000000001	607.7101189759692	28.073010198483843	1070.0113969119996	719.8291857985016	1049.9989500249671	83.4198247256012	1043.122452036916	NaN
0	0.10500000000000001	607.849486074649	28.0195358211092	1072.048385419721	719.7811840473559	1049.9989645566675	83.41982570213861	1043.1224665577702	NaN
0	0.10500000000000001	607.9890220674355	27.966195366555535	1074.0880418134846	719.733345664255	1049.9989789044942	83.41982666965006	1043.1224808927282	NaN
0	0.10500000000000001	608.1287273720667	27.91298831822788	1076.1303718364402	719.6856698862965	1049.9989930705556	83.41982762758639	1043.1224950432886	NaN
0	0.10500000000000001	608.268602388755	27.859914169169688	1078.1753809785612	719.638155960573	1049.9990070569377	83.4198285753156	1043.122509011077	NaN
0	0.10500000000000001	608.4086475186722	27.806972414943232	1080.2230747467945	719.5908031377742	1049.9990208657032	83.41982951215881	1043.1225227978637	NaN
0	0.10500000000000001	608.5488631732495	27.75416255011975	1082.273458801052	719.5436106690495	1049.9990344988962	83.41983043742724	1043.1225364055701	NaN
0	0.10500000000000001	608.6892497742261	27.70148406831251	1084.3265389549658	719.4965778060524	1049.9990479585392	83.4198313504576	1043.1225498362687	NaN
0	0.10500000000000001	608.8298077164172	27.648936476120987	1086.3823206313625	719.4497038133878	1049.9990612466318	83.41983225064553	1043.122563092171	NaN
0	0.10500000000000001	608.9705374235692	27.596519272158087	1088.4408096791074	719.4029879498908	1049.9990743651554	83.4198331374757	1043.1225761756175	NaN
0	0.10500000000000001	609.1114393111279	27.544231961020472	1090.502011828606	719.3564294811068	1049.9990873160702	83.4198340105462	1043.1225890890532	NaN
0	0.10500000000000001	609.2525138049051	27.49207404632232	1092.5659329648247	719.3100276730897	1049.9991001013168	83.41983486958759	1043.1226018350053	NaN
0	0.10500000000000001	609.3937613130291	27.44004504105851	1094.6325787169296	719.2637818016276	1049.9991127228138	83.41983571447541	1043.1226144160491	NaN
0	0.10500000000000001	609.5351822539889	27.388144457191203	1096.7019548685173	719.21769114298	1049.9991251824606	83.41983654523602	1043.1226268347816	NaN
0	0.10500000000000001	609.6767770566827	27.336371805682376	1098.7740673583828	719.1717549739263	1049.9991374821382	83.41983736204563	1043.1226390937875	NaN
0	0.10500000000000001	609.8185461510672	27.28472659994424	1100.8489221437037	719.125972574844	1049.9991496237074	83.41983816522209	1043.122651195609	NaN
0	0.10500000000000001	609.9604899587482	27.233208359234588	1102.9265250623043	719.0803432327189	1049.999161609009	83.41983895521165	1043.1226631427155	NaN
0	0.10500000000000001	610.1026089212093	27.18181659839203	1105.006882245806	719.0348662320578	1049.9991734398664	83.41983973256994	1043.1226749374794	NaN
0	0.10500000000000001	610.2449034621659	27.130550841486283	1107.0899995686043	718.9895408669815	1049.9991851180814	83.41984049793852	1043.122686582152	NaN
0	0.10500000000000001	610.387374015817	27.07941061155782	1109.1758830613712	718.94436643214	1049.9991966454388	83.41984125201898	1043.1226980788506	NaN
0	0.10500000000000001	610.5300210174364	27.028395434026184	1111.2645387733348	718.8993422257322	1049.999208023704	83.41984199554467	1043.1227094295457	NaN
0	0.10500000000000001	610.6728448844345	26.977504843412678	1113.3559724949364	718.8544675554307	1049.9992192546229	83.41984272925203	1043.1227206360563	NaN
0	0.10500000000000001	610.8158460731618	26.926738363075355	1115.4501905896013	718.809741720505	1049.999230339925	83.41984345385318	1043.1227317000544	NaN
0	0.10500000000000001	610.9590250126415	26.876095528839663	1117.5471990233755	718.7651640326613	1049.9992412813203	83.4198441700095	1043.1227426230694	NaN
0	0.10500000000000001	611.1023821614676	26.82557586878664	1119.6470041981652	718.7207337982293	1049.9992520805033	83.41984487830963	1043.1227534065038	NaN
0	0.10500000000000001	611.2459179508426	26.775178923387884	1121.7496121174604	718.6764503358766	1049.999262739147	83.41984557925021	1043.1227640516452	NaN
0	0.10500000000000001	611.3896328320877	26.724904228719677	1123.8550290821838	718.6323129618322	1049.999273258909	83.41984627322194	1043.122774559692	NaN
0	0.10500000000000001	611.5335272481167	26.674751326497322	1125.963261272835	718.5883209987006	1049.999283641429	83.41984696050095	1043.1227849317745	NaN
0	0.10500000000000001	611.6776016620516	26.62471975408264	1128.0743151687418	718.544473766686	1049.99929388833	83.41984764124543	1043.1227951689818	NaN
0	0.10500000000000001	611.8218565190607	26.574809057773063	1130.1881969889075	718.5007705952378	1049.9993040012166	83.41984831549738	1043.1228052723839	NaN
0	0.10500000000000001	611.9662922749981	26.525018782813163	1132.3049131116252	718.4572108142826	1049.9993139816775	83.41984898319012	1043.122815243058	NaN
0	0.10500000000000001	612.1109093772765	26.475348480000658	1134.424469794172	718.4137937599987	1049.999323831283	83.4198496441599	1043.1228250821105	NaN
0	0.10500000000000001	612.2557082936277	26.425797695790248	1136.5468735943139	718.3705187661565	1049.9993335515885	83.41985029816193	1043.122834790697	NaN
0	0.10500000000000001	612.4006894833614	26.376365982183263	1138.6721309490815	718.3273851727622	1049.9993431441317	83.41985094488913	1043.1228443700377	NaN
0	0.10500000000000001	612.5458533973201	26.327052896670878	1140.800248174044	718.2843923259894	1049.999352610434	83.41985158399312	1043.1228538214289	NaN
0	0.10500000000000001	612.6912005163873	26.277857989153027	1142.9312320278311	718.2415395667726	1049.999361952002	83.41985221510681	1043.1228631462507	NaN
0	0.10500000000000001	612.8367312937348	26.228780821545385	1145.0650888654707	718.1988262478973	1049.9993711703237	83.41985283786615	1043.1228723459672	NaN
0	0.10500000000000001	612.9824462029931	26.179820951433868	1147.2018253445833	718.1562517197528	1049.9993802668735	83.41985345193176	1043.122881422127	NaN
0	0.10500000000000001	613.128345719003	26.13097793861353	1149.3414481432046	718.1138153360348	1049.999389243109	83.41985405700805	1043.1228903763536	NaN
0	0.10500000000000001	613.2744303081329	26.0822513483007	1151.483963817751	718.0715164565313	1049.999398100472	83.41985465285994	1043.1228992103338	NaN
0	0.10500000000000001	613.4207004573315	26.033640741424996	1153.629379229098	718.0293544386947	1049.99940684039	83.41985523932583	1043.1229079258069	NaN
0	0.10500000000000001	613.5671566353827	25.98514568754097	1155.7777009743322	717.9873286488512	1049.9994154642736	83.41985581632697	1043.122916524543	NaN
0	0.10500000000000001	613.7137993317084	25.936765751921552	1157.9289359558602	717.9454384510077	1049.99942397352	83.41985638387244	1043.1229250083284	NaN
0	0.10500000000000001	613.8606290175244	25.888500508408562	1160.0830908116195	717.9036832179888	1049.999432369509	83.41985694205961	1043.1229333789431	NaN
0	0.10500000000000001	614.0076461847411	25.840349526567397	1162.2401724857348	717.8620623203165	1049.999440653607	83.41985749107057	1043.1229416381439	NaN
0	0.10500000000000001	614.1548513167832	25.792312381297194	1164.4001878004194	717.8205751345296	1049.999448827166	83.4198580311648	1043.122949787645	NaN
0	0.10500000000000001	614.3022448885433	25.744388652776514	1166.5631434552338	717.7792210431263	1049.9994568915215	83.41985856266807	1043.1229578291022	NaN
0	0.10500000000000001	614.4498274054821	25.69657791375088	1168.729046600864	717.7379994235953	1049.999464847997	83.41985908595875	1043.1229657640997	NaN
0	0.10500000000000001	614.5975993645867	25.648879742273582	1170.897904266245	717.6969096594198	1049.9994726979	83.41985960145186	1043.1229735941404	NaN
0	0.10500000000000001	614.7455612445126	25.60129372480155	1173.0697232137904	717.6559511427273	1049.9994804425241	83.41986010958203	1043.1229813206362	NaN
0	0.10500000000000001	614.8937135546093	25.55381944038883	1175.2445106589512	717.6151232606737	1049.9994880831496	83.41986061078623	1043.12298894491	NaN
0	0.10500000000000001	615.04205678589	25.506456476472763	1177.422273550571	717.574425409033	1049.9994956210414	83.41986110548667	1043.1229964681918	NaN
0	0.10500000000000001	615.1905914503346	25.459204416269092	1179.6030191478026	717.5338569813503	1049.9995030574523	83.41986159407516	1043.1230038916276	NaN
0	0.10500000000000001	615.3393180415446	25.412062851322947	1181.7867544425033	717.4934173797197	1049.9995103936205	83.41986207689932	1043.1230112162834	NaN
0	0.10500000000000001	615.4882370741474	25.365031368963034	1183.9734867377354	717.453106004006	1049.99951763077	83.4198625542515	1043.1230184431588	NaN
0	0.10500000000000001	615.6373490443498	25.318109564794074	1186.1632230685764	717.4129222625522	1049.9995247701124	83.41986302636069	1043.1230255731973	NaN
0	0.10500000000000001	615.7866544793452	25.271297027110972	1188.355970927623	717.3728655588185	1049.9995318128463	83.4198634933874	1043.1230326073053	NaN
0	0.10500000000000001	615.9361538879026	25.224593352464662	1190.5517375394081	717.3329353047085	1049.9995387601562	83.41986395542271	1043.123039546362	NaN
0	0.10500000000000001	616.0858477900485	25.17799813631711	1192.7505302962738	717.2931309125591	1049.9995456132144	83.41986441249018	1043.1230463912386	NaN
0	0.10500000000000001	616.2357366972435	25.13151097922372	1194.952356467211	717.253451800418	1049.9995523731798	83.41986486455092	1043.123053142811	NaN
0	0.10500000000000001	616.3858211322408	25.085131480641728	1197.1572234895332	717.2138973867453	1049.9995590411984	83.41986531151173	1043.1230598019724	NaN
0	0.10500000000000001	616.5361016191764	25.038859242021147	1199.36513882333	717.1744670930507	1049.9995656184035	83.41986575323543	1043.1230663696479	NaN
0	0.10500000000000001	616.6865786835739	24.992693866792997	1201.5761099515246	717.1351603438752	1049.9995721059165	83.41986618955329	1043.1230728467995	NaN
0	0.10500000000000001	616.8372528523494	24.94663496035769	1203.790144379932	717.095976566776	1049.9995785048463	83.41986662027777	1043.1230792344338	NaN
0	0.10500000000000001	616.9881246538157	24.900682130073463	1206.007249637316	717.0569151923107	1049.9995848162891	83.41986704521648	1043.1230855336041	NaN
0	0.10500000000000001	617.1391946377239	24.85483497917519	1208.2274335699185	717.0179756488699	1049.9995910413297	83.41986746418536	1043.1230917454122	NaN
0	0.10500000000000001	617.2904633252161	24.809093121979984	1210.4507036059772	716.9791573755924	1049.9995971810397	83.41986787702135	1043.1230978710016	NaN
0	0.10500000000000001	617.4419312588955	24.763456168654553	1212.6770674915224	716.9404598094203	1049.9996032364795	83.41986828359282	1043.1231039115555	NaN
0	0.10500000000000001	617.5935989727626	24.717923734323406	1214.9065328485462	716.9018823928301	1049.9996092086972	83.41986868380879	1043.1231098682863	NaN
0	0.10500000000000001	617.7454670123103	24.672495433004716	1217.1391074703458	716.8634245686884	1049.9996150987295	83.41986907762552	1043.1231157424272	NaN
0	0.10500000000000001	617.8975359244965	24.627170880637742	1219.3747991741554	716.8250857828205	1049.999620907602	83.41986946505004	1043.12312153522	NaN
0	0.10500000000000001	618.0498062577499	24.58194969507155	1221.6136158012102	716.786865483998	1049.9996266363285	83.41986984614107	1043.123127247904	NaN
0	0.10500000000000001	618.2022785619741	24.536831496053786	1223.8555652168106	716.7487631239279	1049.9996322859108	83.41987022100784	1043.1231328817046	NaN
0	0.10500000000000001	618.3549533986786	24.49181590223961	1226.1006554592732	716.7107781547274	1049.9996378573408	83.41987058980585	1043.123138437822	NaN
0	0.10500000000000001	618.50783132076	24.446902537164654	1228.3488944426474	716.6729100339644	1049.9996433515978	83.4198709527305	1043.1231439174194	NaN
0	0.10500000000000001	618.6609128927576	24.402091023263317	1230.600290254549	716.6351582196078	1049.9996487696517	83.41987131000865	1043.123149321617	NaN
0	0.10500000000000001	618.8141986705818	24.35738098781468	1232.8548508580388	716.597522175036	1049.9996541124601	83.41987166188919	1043.1231546514844	NaN
0	0.10500000000000001	618.9676892218229	24.312772056988067	1235.1125843902971	716.5600013640169	1049.9996593809703	83.41987200863272	1043.1231599080368	NaN
0	0.10500000000000001	619.1213851054254	24.268263861762122	1237.3734988636636	716.5225952556848	1049.999664576119	83.41987235050098	1043.1231650922327	NaN
0	0.10500000000000001	619.2752869022577	24.223856029057707	1239.637602615305	716.4853033170813	1049.999669698832	83.41987268774645	1043.123170204975	NaN
0	0.10500000000000001	619.4293951641271	24.179548196466545	1241.9049035571786	716.448125025523	1049.9996747500243	83.4198730206027	1043.123175247114	NaN
0	0.10500000000000001	619.5837104852562	24.135339991644226	1244.175410227561	716.4110598512938	1049.999679730602	83.41987334927646	1043.1231802194532	NaN
0	0.10500000000000001	619.7382334410238	24.091231049966424	1246.449130889823	716.3741072724628	1049.99968464146	83.41987367394074	1043.1231851227537	NaN
0	0.10500000000000001	619.8929646083823	24.047221008617704	1248.7260738327836	716.3372667699098	1049.9996894834824	83.41987399473045	1043.1231899577451	NaN
0	0.10500000000000001	620.0479045864138	24.003309500767198	1251.0062476732194	716.3005378224485	1049.9996942575447	83.41987431173992	1043.1231947251329	NaN
0	0.10500000000000001	620.2030539552907	23.95949616723229	1253.2896607519401	716.2639199165817	1049.9996989645113	83.41987462502233	1043.1231994256082	NaN
0	0.10500000000000001	620.3584132864731	23.915780653501194	1255.5763212837714	716.2274125439877	1049.9997036052362	83.41987493459173	1043.1232040598563	NaN
0	0.10500000000000001	620.5139831839261	23.872162598136654	1257.8662379642149	716.1910151918308	1049.999708180565	83.41987524042702	1043.1232086285677	NaN
0	0.10500000000000001	620.6697642429692	23.828641644398047	1260.159419363818	716.154727352469	1049.9997126913333	83.41987554247699	1043.1232131324432	NaN
0	0.10500000000000001	620.8257570709167	23.78521743444547	1262.4558742319753	716.1185485186091	1049.999717138367	83.41987584066754	1043.123217572202	NaN
0	0.10500000000000001	620.9819622560617	23.74188961796982	1264.7556110403307	716.0824781904927	1049.9997215224823	83.41987613490902	1043.1232219485848	NaN
0	0.10500000000000001	621.1383804194367	23.69865783780136	1267.0586387447734	716.0465158639026	1049.9997258444866	83.41987642510487	1043.123226262358	NaN
0	0.10500000000000001	621.2950121630505	23.65552174428415	1269.364966023392	716.0106610421299	1049.9997301051772	83.41987671115966	1043.123230514313	NaN
0	0.10500000000000001	621.4518581009871	23.612480986646716	1271.6746017343085	715.9749132287836	1049.999734305343	83.419876992987	1043.1232347052667	NaN
0	0.10500000000000001	621.6089188386364	23.56953521871315	1273.987554609854	715.9392719325347	1049.999738445763	83.41987727051661	1043.1232388360572	NaN
0	0.10500000000000001	621.7661949935032	23.526684093184077	1276.3038335629924	715.9037366623605	1049.9997425272074	83.41987754370041	1043.1232429075405	NaN
0	0.10500000000000001	621.9236871848263	23.483927264492305	1278.6234475344552	715.8683069299158	1049.9997465504384	83.41987781251662	1043.123246920584	NaN
0	0.10500000000000001	622.0813960231259	23.44126439161685	1280.9464053387649	715.8329822518568	1049.9997505162082	83.41987807697272	1043.1232508760604	NaN
0	0.10500000000000001	622.2393221520454	23.398695126765624	1283.2727162805484	715.7977621404693	1049.9997544252608	83.4198783371068	1043.1232547748411	NaN
0	0.10500000000000001	622.3974661856039	23.356219132341334	1285.602389230289	715.7626461177119	1049.9997582783315	83.41987859298654	1043.123258617788	NaN
0	0.10500000000000001	622.5558287605407	23.3138360667983	1287.9354333953522	715.7276337035061	1049.9997620761474	83.41987884470731	1043.1232624057473	NaN
0	0.10500000000000001	622.7144105154043	23.27154559030106	1290.2718580119706	715.6927244204187	1049.9997658194266	83.41987909238819	1043.1232661395434	NaN
0	0.10500000000000001	622.8732120905581	23.22934736471431	1292.6116723453345	715.6579177936493	1049.999769508879	83.4198793361674	1043.1232698199735	NaN
0	0.10500000000000001	623.0322341176418	23.18724105638033	1294.9548855342741	715.6232133533132	1049.9997731452058	83.41987957619638	1043.1232734478021	NaN
0	0.10500000000000001	623.1914772512011	23.145226327730615	1297.3015070573285	715.5886106275213	1049.9997767291015	83.41987981263341	1043.1232770237616	NaN
0	0.10500000000000001	623.3509421370859	23.103302845670466	1299.651546267092	715.5541091492901	1049.9997802612509	83.41988004563693	1043.1232805485483	NaN
0	0.10500000000000001	623.5106294229876	23.06147027876564	1302.0050125454718	715.5197084542126	1049.9997837423314	83.4198802753598	1043.123284022824	NaN
0	0.10500000000000001	623.6705397584465	23.019728297232614	1304.36191530378	715.4854080804449	1049.9997871730118	83.41988050194291	1043.1232874472182	NaN
0	0.10500000000000001	623.8306738054781	22.97807657017143	1306.7222641393678	715.4512075664277	1049.9997905539542	83.4198807255108	1043.123290822332	NaN
0	0.10500000000000001	623.9910322280052	22.93651476834118	1309.0860686798706	715.4171064531638	1049.9997938858119	83.41988094616761	1043.12329414874	NaN
0	0.10500000000000001	624.1516156812141	22.895042566895768	1311.4533384263016	715.3831042864526	1049.999797169231	83.41988116399448	1043.123297426997	NaN
0	0.10500000000000001	624.3124248434972	22.853659637121847	1313.8240832239153	715.3492006101084	1049.9998004048502	83.41988137904819	1043.1233006576442	NaN
0	0.10500000000000001	624.4734603845394	22.812365654697256	1316.1983127917756	715.315394972727	1049.9998035933	83.41988159136162	1043.1233038412142	NaN
0	0.10500000000000001	624.6347229652663	22.77116029964804	1318.576036721919	715.2816869276354	1049.9998067352035	83.41988180094495	1043.1233069782359	NaN
0	0.10500000000000001	624.7962132806305	22.730043245417562	1320.9572651102312	715.2480760239433	1049.9998098311773	83.4198820077887	1043.1233100692411	NaN
0	0.10500000000000001	624.9579320061744	22.68901417253741	1323.3420077685528	715.2145618177246	1049.9998128818295	83.41988221186698	1043.123313114768	NaN
0	0.10500000000000001	625.1198798301375	22.64807276042047	1325.7302746980863	715.1811438652961	1049.9998158877615	83.4198824131422	1043.123316115365	NaN
0	0.10500000000000001	625.2820574427692	22.60721869008904	1328.122075931812	715.1478217254445	1049.9998188495679	83.41988261157007	1043.1233190715925	NaN
0	0.10500000000000001	625.4444655363363	22.566451644165305	1330.517421534591	715.114594959412	1049.999821767836	83.41988280710414	1043.123321984025	NaN
0	0.10500000000000001	625.6071048159168	22.525771304168728	1332.9163217623716	715.0814631286898	1049.999824643146	83.41988299970149	1043.12332485325	NaN
0	0.10500000000000001	625.7699759562614	22.485177361289047	1335.3187864258878	715.048425803785	1049.9998274760703	83.41988318932665	1043.1233276798664	NaN
0	0.10500000000000001	625.9330796665206	22.444669500189075	1337.7248258453599	715.0154825510231	1049.9998302671759	83.41988337595585	1043.1233304644838	NaN
0	0.10500000000000001	626.096416647106	22.404247409797005	1340.1344502142113	714.9826329413346	1049.999833017022	83.41988355958	1043.1233332077184	NaN
0	0.10500000000000001	626.2599876221814	22.363910775253515	1342.5476700783788	714.9498765437047	1049.9998357261613	83.41988374020671	1043.1233359101896	NaN
0	0.10500000000000001	626.4237932963389	22.323659288625986	1344.9644956971756	714.9172129338754	1049.9998383951406	83.41988391786163	1043.1233385725143	NaN
0	0.10500000000000001	626.5878343980012	22.28349263819833	1347.3849376836054	714.8846416856428	1049.9998410244993	83.41988409258764	1043.1233411953049	NaN
0	0.10500000000000001	626.7521116359729	22.243410519140127	1349.8090063633106	714.8521623795098	1049.9998436147707	83.41988426444424	1043.1233437791623	NaN
0	0.10500000000000001	626.916625732057	22.20341262548975	1352.2367122557912	714.8197745961769	1049.9998461664811	83.41988443350517	1043.1233463246745	NaN
0	0.10500000000000001	627.0813774320519	22.163498647534464	1354.6680662367492	714.7874779144249	1049.9998486801514	83.4198845998557	1043.1233488324121	NaN
0	0.10500000000000001	627.2463674511731	22.123668285049444	1357.1030787326515	714.7552719218261	1049.999851156295	83.41988476358897	1043.123351302926	NaN
0	0.10500000000000001	627.4115965286642	22.083921234036755	1359.541760526632	714.7231562040035	1049.9998535954198	83.41988492480229	1043.1233537367455	NaN
0	0.10500000000000001	627.5770654169579	22.04425718940526	1361.9841225985829	714.6911303468045	1049.9998559980277	83.41988508359326	1043.1233561343788	NaN
0	0.10500000000000001	627.7427748487767	22.004675852854355	1364.4301756395555	714.6591939426595	1049.9998583646134	83.41988524005566	1043.1233584963115	NaN
0	0.10500000000000001	627.9087255810398	21.96517692234228	1366.879930699827	714.6273465820728	1049.9998606956676	83.41988539427633	1043.123360823009	NaN
0	0.10500000000000001	628.0749183619321	21.925760099968304	1369.3333987028207	714.5955878599787	1049.9998629916734	83.41988554633163	1043.1233631149187	NaN
0	0.10500000000000001	628.2413539529261	21.886425086724355	1371.7905907701843	714.563917371503	1049.9998652531083	83.4198856962857	1043.1233653724717	NaN
0	0.10500000000000001	628.408033106746	21.847171587714648	1374.2515178964636	714.5323347161615	1049.9998674804438	83.41988584418874	1043.123367596087	NaN
0	0.10500000000000001	628.5749565894527	21.807999306929137	1376.716191275171	714.5008394936448	1049.9998696741463	83.41988599007693	1043.1233697861753	NaN
0	0.10500000000000001	628.7421251583444	21.768907952441683	1379.1846219724696	714.4694313079941	1049.999871834676	83.41988613397203	1043.1233719431405	NaN
0	0.10500000000000001	628.9095395952104	21.72989722862234	1381.656821418207	714.4381097613353	1049.9998739624875	83.41988627588293	1043.1233740673856	NaN
0	0.10500000000000001	629.0772006731115	21.69096684392203	1384.1328009153963	714.4068744601312	1049.9998760580297	83.41988641580743	1043.123376159314	NaN
0	0.10500000000000001	629.2451091674595	21.652116508261166	1386.6125718038052	714.3757250130741	1049.9998781217466	83.41988655373468	1043.1233782193324	NaN
0	0.10500000000000001	629.4132658783328	21.613345927887163	1389.0961457895437	714.3446610269599	1049.9998801540758	83.41988668964783	1043.123380247853	NaN
0	0.10500000000000001	629.5816715747702	21.574654818234396	1391.5835341223287	714.31368211699	1049.9998821554502	83.41988682352721	1043.1233822452948	NaN
0	0.10500000000000001	629.7503270728845	21.5360428859302	1394.074748749199	714.2827878923505	1049.9998841262968	83.41988695535346	1043.1233842120832	NaN
0	0.10500000000000001	629.9192331465156	21.497509849316035	1396.5698009948273	714.2519779726379	1049.9998860670376	83.41988708511062	1043.12338614865	NaN
0	0.10500000000000001	630.0883906279489	21.45905541540499	1399.0687030492604	714.2212519694189	1049.9998879780896	83.41988721278838	1043.1233880554332	NaN
0	0.10500000000000001	630.257800284661	21.420679307971522	1401.5714661471836	714.1906095086819	1049.9998898598644	83.4198873383844	1043.123389932873	NaN
0	0.10500000000000001	630.4274629539634	21.382381236936453	1404.0781025569713	714.1600502063686	1049.9998917127687	83.41988746190565	1043.1233917814118	NaN
0	0.10500000000000001	630.5973794419865	21.344160921311147	1406.5886240883897	714.1295736867005	1049.9998935372034	83.41988758336942	1043.1233936014903	NaN
0	0.10500000000000001	630.7675505799224	21.306018076473162	1409.1030429235038	714.0991795720155	1049.9998953335653	83.41988770280345	1043.1233953935462	NaN
0	0.10500000000000001	630.937977178954	21.26795242429789	1411.6213709507635	714.0688674908422	1049.9998971022453	83.41988782024514	1043.12339715801	NaN
0	0.10500000000000001	631.1086600527724	21.22996368806095	1414.1436200976466	714.038637073826	1049.9998988436305	83.41988793574076	1043.1233988953036	NaN
0	0.10500000000000001	631.2796000629373	21.192051582389364	1416.6698030010352	714.0084879457336	1049.9999005581024	83.4198880493434	1043.1234006058382	NaN
0	0.10500000000000001	631.4507980283217	21.154215833410525	1419.199931669016	713.9784197414826	1049.9999022460377	83.41988816111125	1043.123402290013	NaN
0	0.10500000000000001	631.622254804453	21.11645616112693	1421.7340186533884	713.9484320921161	1049.9999039078086	83.41988827110508	1043.1234039482126	NaN
0	0.10500000000000001	631.793971226783	21.078772291970107	1424.2720762112594	713.9185246347756	1049.9999055437831	83.41988837938578	1043.1234055808081	NaN
0	0.10500000000000001	631.9659481561881	21.041163948774198	1426.8141169775179	713.8886970047324	1049.9999071543236	83.41988848601194	1043.123407188157	NaN
0	0.10500000000000001	632.1381864334212	21.00363086076567	1429.3601532916111	713.8589488433107	1049.9999087397885	83.41988859103806	1043.1234087706034	NaN
0	0.10500000000000001	632.3106869247505	20.966172753577087	1431.9101978721326	713.8292797899597	1049.9999103005316	83.41988869451235	1043.1234103284798	NaN
0	0.10500000000000001	632.4834504877324	20.928789356721783	1434.4642633108947	713.7996894881751	1049.9999118369021	83.41988879647565	1043.1234118621085	NaN
0	0.10500000000000001	632.656477994106	20.891480398616544	1437.0223624113662	713.77017758155	1049.999913349245	83.41988889696046	1043.1234133718042	NaN
0	0.10500000000000001	632.8297703298745	20.854245606601854	1439.584508189913	713.740743713791	1049.9999148379004	83.41988899599077	1043.123414857875	NaN
0	0.10500000000000001	633.0033283723631	20.817084711882927	1442.1507135366116	713.7113875326202	1049.9999163032046	83.41988909358244	1043.1234163206261	NaN
0	0.10500000000000001	633.17715300169	20.77999744703763	1444.7209913848153	713.6821086877948	1049.99991774549	83.41988918974378	1043.1234177603599	NaN
0	0.10500000000000001	633.3512451007775	20.742983546008375	1447.2953547113184	713.6529068310947	1049.9999191650832	83.41988928447668	1043.1234191773794	NaN
0	0.10500000000000001	633.5256055669288	20.706042741648172	1449.8738167075526	713.6237816143819	1049.999920562308	83.41988937777867	1043.1234205719895	NaN
0	0.10500000000000001	633.7002353003281	20.66917476818164	1452.456390609549	713.5947326915392	1049.9999219374838	83.41988946964416	1043.1234219444966	NaN
0	0.10500000000000001	633.8751352040529	20.632379361196936	1455.0430896981084	713.5657597184575	1049.999923290926	83.41988956006658	1043.123423295211	NaN
0	0.10500000000000001	634.0503061840852	20.595656257637692	1457.633927298974	713.5368623530231	1049.9999246229459	83.41988964904031	1043.123424624446	NaN
0	0.10500000000000001	634.2257491725986	20.559005190941424	1460.2289171272657	713.5080402512913	1049.9999259338501	83.41988973656211	1043.123425932517	NaN
0	0.10500000000000001	634.4014650931496	20.522425898352804	1462.8280727726633	713.4792930732368	1049.9999272239427	83.41988982263292	1043.1234272197414	NaN
0	0.10500000000000001	634.5774548489435	20.485918123305325	1465.4314075257857	713.4506204846135	1049.9999284935225	83.41988990725875	1043.1234284864374	NaN
0	0.10500000000000001	634.7537193811606	20.449481603295528	1468.0389352409477	713.4220221474211	1049.9999297428847	83.41988999045144	1043.123429732922	NaN
0	0.10500000000000001	634.9302596106374	20.41311608199683	1470.650669473492	713.3934977294175	1049.999930972321	83.41989007222897	1043.1234309595095	NaN
0	0.10500000000000001	635.1070764963746	20.376821297180857	1473.2666243453357	713.3650468946361	1049.9999321821197	83.4198901526152	1043.123432166511	NaN
0	0.10500000000000001	635.2841709652891	20.340596995182565	1475.8868135057203	713.3366693147254	1049.9999333725646	83.41989023163913	1043.1234333542309	NaN
0	0.10500000000000001	635.4615439943644	20.304442914053517	1478.5112513466056	713.3083646557423	1049.9999345439364	83.41989030933428	1043.1234345229675	NaN
0	0.10500000000000001	635.6391965166874	20.26835880277652	1481.1399516124484	713.2801325931972	1049.9999356965116	83.41989038573729	1043.1234356730106	NaN
0	0.10500000000000001	635.817129515586	20.232344402072435	1483.772928793065	713.2519727970234	1049.9999368305637	83.41989046088665	1043.1234368046419	NaN
0	0.10500000000000001	635.9953439658333	20.196399456400318	1486.410197253707	713.2238849409681	1049.9999379463625	83.41989053482092	1043.1234379181335	NaN
0	0.10500000000000001	636.1738408217477	20.160523716298197	1489.0517710588892	713.1958687044081	1049.9999390441733	83.41989060757754	1043.1234390137488	NaN
0	0.10500000000000001	636.3526210644916	20.124716928838147	1491.6976646723278	713.167923764886	1049.9999401242594	83.4198906791917	1043.1234400917424	NaN
0	0.10500000000000001	636.5316856903571	20.08897884003824	1494.3478927836495	713.1400497999953	1049.9999411868798	83.4198907496946	1043.1234411523617	NaN
0	0.10500000000000001	636.7110356751664	20.053309201966993	1497.002469781488	713.1122464929168	1049.9999422322906	83.41989081911332	1043.123442195847	NaN
0	0.10500000000000001	636.8906720217972	20.017707763253203	1499.6614104568766	713.0845135250104	1049.9999432607437	83.41989088746976	1043.1234432224333	NaN
0	0.10500000000000001	637.0705957364787	19.982174273836787	1502.3247296524485	713.0568505795173	1049.9999442724884	83.41989095478098	1043.1234442323512	NaN
0	0.10500000000000001	637.2508078288067	19.946708484961047	1504.9924422626473	713.029257341549	1049.9999452677705	83.41989102105906	1043.1234452258286	NaN
0	0.10500000000000001	637.4313092878117	19.91131015385292	1507.6645628794272	713.0017335017175	1049.9999462468325	83.41989108631155	1043.123446203092	NaN
0	0.10500000000000001	637.6121011657672	19.875979027286583	1510.341107032948	712.974278743351	1049.999947209914	83.4198911505428	1043.1234471643677	NaN
0	0.10500000000000001	637.793184458471	19.84071486505689	1513.0220894192662	712.9468927607394	1049.999948157251	83.41989121375428	1043.123448109881	NaN
0	0.10500000000000001	637.9745602131563	19.80551741886581	1515.7075254978768	712.9195752427185	1049.9999490890766	83.41989127594587	1043.1234490398595	NaN
0	0.10500000000000001	638.156229456511	19.77038644637622	1518.397430426075	712.8923258835845	1049.9999500056208	83.41989133711756	1043.1234499545312	NaN
0	0.10500000000000001	638.3381932428199	19.735321701864965	1521.0918197717272	712.8651443758338	1049.9999509071106	83.41989139726971	1043.1234508541256	NaN
0	0.10500000000000001	638.5204526178659	19.700322943219458	1523.7907089787925	712.8380304155862	1049.9999517937697	83.41989145640483	1043.1234517388725	NaN
0	0.10500000000000001	638.7030086430868	19.66538992727801	1526.494113725017	712.8109836989687	1049.9999526658191	83.41989151452793	1043.1234526090018	NaN
0	0.10500000000000001	638.8858623714113	19.630522414465613	1529.2020495640993	712.7840039257007	1049.999953523477	83.41989157164709	1043.123453464743	NaN
0	0.10500000000000001	639.0690148836437	19.595720161847343	1531.914532464522	712.7570907937126	1049.9999543669585	83.41989162777402	1043.1234543063244	NaN
0	0.10500000000000001	639.252467239961	19.560982932372628	1534.6315780912566	712.7302440062939	1049.999955196475	83.41989168292403	1043.1234551339699	NaN
0	0.10500000000000001	639.4362205285281	19.52631048563332	1537.35320252574	712.7034632649413	1049.9999560122367	83.41989173711548	1043.1234559479021	NaN
0	0.10500000000000001	639.6202758412549	19.491702582490106	1540.079421906858	712.6767482729334	1049.9999568144497	83.41989179036956	1043.123456748338	NaN
0	0.10500000000000001	639.8046342738126	19.457158985065053	1542.810252431194	712.6500987353194	1049.9999576033174	83.41989184270973	1043.1234575354893	NaN
0	0.10500000000000001	639.9892969134012	19.422679459017388	1545.5457101718052	712.6235143606684	1049.9999583790416	83.41989189416059	1043.1234583095627	NaN
0	0.10500000000000001	640.1742648754963	19.3882637666741	1548.285811622553	712.5969948557671	1049.9999591418198	83.41989194474705	1043.1234590707586	NaN
0	0.10500000000000001	640.359539291737	19.353911669347255	1551.0305735187515	712.5705399274074	1049.9999598918475	83.41989199449361	1043.1234598192716	NaN
0	0.10500000000000001	640.5451212730927	19.319622934163124	1553.7800122914925	712.544149287642	1049.9999606293186	83.41989204342336	1043.1234605552906	NaN
0	0.10500000000000001	640.7310119467122	19.285397327205963	1556.534144613516	712.517822648495	1049.9999613544223	83.41989209155729	1043.1234612789995	NaN
0	0.10500000000000001	640.9172124313181	19.251234618060003	1559.2929870346857	712.4915597254528	1049.999962067347	83.4198921389138	1043.1234619905767	NaN
0	0.10500000000000001	641.103723886634	19.217134570744985	1562.0565567143165	712.4653602304902	1049.9999627682778	83.41989218550842	1043.123462690198	NaN
0	0.10500000000000001	641.2905474392887	19.183096957306624	1564.8248703233423	712.4392238825134	1049.999963457397	83.41989223135346	1043.1234633780355	NaN
0	0.10500000000000001	641.4776842570725	19.149121544236436	1567.5979451445653	712.4131503969194	1049.999964134885	83.41989227645863	1043.123464054259	NaN
0	0.10500000000000001	641.6651354994635	19.11520810152095	1570.3757983396129	712.387139492545	1049.999964800919	83.41989232083081	1043.123464719037	NaN
0	0.10500000000000001	641.8529023175633	19.08135640261007	1573.1584469479344	712.361190891632	1049.9999654556746	83.41989236447486	1043.1234653725369	NaN
0	0.10500000000000001	642.0409859164183	19.047566213197378	1575.9459088103952	712.3353043112223	1049.999966099325	83.41989240739414	1043.1234660149264	NaN
0	0.10500000000000001	642.229387467886	19.013837306944744	1578.7382012780117	712.3094794752103	1049.99996673204	83.41989244959109	1043.1234666463727	NaN
0	0.10500000000000001	642.4181081604801	18.980169456484468	1581.5353419506198	712.283716107438	1049.9999673539883	83.41989249106821	1043.123467267043	NaN
0	0.10500000000000001	642.6071491994749	18.94656243343614	1584.3373486784515	712.2580139317076	1049.9999679653351	83.41989253182837	1043.1234678771052	NaN
0	0.10500000000000001	642.7965117944469	18.913016010644917	1587.1442393775142	712.2323726734924	1049.9999685662444	83.41989257187585	1043.1234684767269	NaN
0	0.10500000000000001	642.9861971592962	18.87952996217424	1589.9560320298842	712.2067920599243	1049.9999691568771	83.41989261121648	1043.1234690660747	NaN
0	0.10500000000000001	643.1762064996603	18.846104065512307	1592.7727444971374	712.1812718214746	1049.9999697373928	83.41989264985804	1043.123469645314	NaN
0	0.10500000000000001	643.3665410507294	18.81273809491233	1595.5943950809071	712.1558116868621	1049.9999703079477	83.41989268781009	1043.1234702146091	NaN
0	0.10500000000000001	643.5572020521419	18.77943182584412	1598.4210021507795	712.1304113864525	1049.9999708686971	83.41989272508445	1043.123470774122	NaN
0	0.10500000000000001	643.7481907353357	18.746185037188656	1601.252583956745	712.1050706539247	1049.9999714197927	83.41989276169458	1043.1234713240115	NaN
0	0.10500000000000001	643.9395083615584	18.712997504613984	1604.0891591927325	712.0797892212173	1049.9999719613852	83.41989279765548	1043.1234718644332	NaN
0	0.10500000000000001	644.1311562093489	18.67986900280888	1606.9307468110728	712.0545668202317	1049.9999724936229	83.41989283298307	1043.1234723955397	NaN
0	0.10500000000000001	644.3231355109665	18.646799316449236	1609.7773650798906	712.0294031911748	1049.9999730166514	83.41989286769375	1043.1234729174785	NaN
0	0.10500000000000001	644.5154475541262	18.61378822260854	1612.629033091553	712.0042980691613	1049.999973530616	83.41989290180372	1043.1234734303941	NaN
0	0.10500000000000001	644.7080936312523	18.580835499573034	1615.4857700102823	711.9792511909262	1049.999974035658	83.41989293532843	1043.1234739344272	NaN
0	0.10500000000000001	644.9010750138947	18.54794093119146	1618.3475946927576	711.9542622981221	1049.9999745319178	83.41989296828254	1043.1234744297142	NaN
0	0.10500000000000001	645.0943930166995	18.515104295948756	1621.2145266367402	711.9293311290115	1049.999975019533	83.41989300067883	1043.1234749163884	NaN
0	0.10500000000000001	645.288048946309	18.482325375711273	1624.0865852233233	711.9044574251101	1049.9999754986404	83.41989303252869	1043.1234753945805	NaN
0	0.10500000000000001	645.4820441270358	18.449603951362775	1626.9637900976752	711.8796409278673	1049.9999759693744	83.41989306384144	1043.123475864419	NaN
0	0.10500000000000001	645.6763798622973	18.416939809309937	1629.846160597067	711.8548813835955	1049.9999764318668	83.41989309462467	1043.1234763260302	NaN
0	0.10500000000000001	645.8710574990359	18.38433273063252	1632.7337167063263	711.8301785352388	1049.9999768862485	83.41989312488455	1043.1234767795393	NaN
0	0.10500000000000001	646.0660783762623	18.351782499767364	1635.626478294659	711.8055321289544	1049.9999773326479	83.41989315462584	1043.1234772250702	NaN
0	0.10500000000000001	646.2614438249873	18.31928890447879	1638.5244651146108	711.7809419140804	1049.9999777711919	83.41989318385228	1043.1234776627464	NaN
0	0.10500000000000001	646.4571552200915	18.28685172723614	1641.4276975714924	711.7564076366068	1049.9999782020054	83.41989321256715	1043.1234780926914	NaN
0	0.10500000000000001	646.6532139155897	18.25447075599702	1644.3361957631068	711.7319290473329	1049.9999786252117	83.41989324077373	1043.123478515028	NaN
0	0.10500000000000001	646.8496212965921	18.222145775592146	1647.2499802505754	711.7075058953458	1049.9999790409327	83.41989326847559	1043.1234789298785	NaN
0	0.10500000000000001	647.0463787403537	18.189876574174587	1650.1690714805172	711.6831379328931	1049.9999794492874	83.41989329567684	1043.123479337365	NaN
0	0.10500000000000001	647.2434876554382	18.15766293679011	1653.0934903660811	711.6588249105228	1049.999979850394	83.41989332238282	1043.1234797376092	NaN
0	0.10500000000000001	647.4409494426288	18.12550465180415	1656.0232577070285	711.6345665819327	1049.9999802443692	83.41989334859983	1043.1234801307307	NaN
0	0.10500000000000001	647.6387655079843	18.093401508746492	1658.9583943834273	711.6103627023375	1049.9999806313274	83.4198933743355	1043.1234805168485	NaN
0	0.10500000000000001	647.8369372497172	18.061353300427037	1661.8989211609382	711.5862130300577	1049.9999810113816	83.4198933995984	1043.1234808960794	NaN
0	0.10500000000000001	648.0354661239837	18.02935981231235	1664.844859667039	711.5621173185112	1049.9999813846432	83.41989342439815	1043.1234812685386	NaN
0	0.10500000000000001	648.2343535661178	17.997420835298556	1667.7962312222992	711.5380753258382	1049.9999817512219	83.41989344874524	1043.1234816343383	NaN
0	0.10500000000000001	648.4336010169055	17.965536161437107	1670.7530572302428	711.5140868116725	1049.9999821112258	83.41989347265039	1043.1234819935885	NaN
0	0.10500000000000001	648.6332099491007	17.933705579711695	1673.7153595708362	711.4901515339623	1049.9999824647616	83.41989349612466	1043.1234823463965	NaN
0	0.10500000000000001	648.8331818278408	17.901928882388646	1676.6831600130981	711.4662692537445	1049.9999828119344	83.41989351917859	1043.1234826928662	NaN
0	0.10500000000000001	649.0335181238718	17.870205862887357	1679.6564804113223	711.4424397335373	1049.9999831528476	83.41989354182222	1043.1234830331005	NaN
0	0.10500000000000001	649.2342203268914	17.838536313675956	1682.635342903138	711.4186627357548	1049.999983487603	83.41989356406495	1043.1234833671986	NaN
0	0.10500000000000001	649.4352899323349	17.806920028380087	1685.6197697133987	711.3949380242888	1049.9999838163014	83.41989358591528	1043.1234836952578	NaN
0	0.10500000000000001	649.6367284547691	17.77535679968561	1688.6097833529964	711.3712653629312	1049.999984139042	83.41989360738025	1043.123484017374	NaN
0	0.10500000000000001	649.8385373878507	17.743846425614223	1691.6054060245087	711.3476445200766	1049.999984455922	83.41989362846601	1043.123484333641	NaN
0	0.10500000000000001	650.0407182846454	17.712388696972866	1694.6066608144413	711.3240752593078	1049.9999847670379	83.41989364917775	1043.123484644152	NaN
0	0.10500000000000001	650.2432726774181	17.68098340991245	1697.6135705026304	711.3005573488093	1049.9999850724844	83.41989366951975	1043.123484948999	NaN
0	0.10500000000000001	650.4462021043926	17.649630361725343	1700.6261579594498	711.2770905582107	1049.9999853723548	83.41989368949547	1043.1234852482728	NaN
0	0.10500000000000001	650.6495081367617	17.618329346692317	1703.6444465467957	711.2536746554748	1049.9999856667412	83.41989370910824	1043.1234855420644	NaN
0	0.10500000000000001	650.8531923248603	17.58708016439699	1706.6684593190012	711.2303094131164	1049.9999859557338	83.41989372836112	1043.123485830464	NaN
0	0.10500000000000001	651.0572562656941	17.555882609345343	1709.6982200253915	711.2069946004342	1049.9999862394222	83.41989374725745	1043.1234861135617	NaN
0	0.10500000000000001	651.2617015354491	17.524736481336557	1712.7337521082916	711.1837299912622	1049.9999865178945	83.41989376580098	1043.123486391447	NaN
0	0.10500000000000001	651.4665297436833	17.493641577176266	1715.7750795076158	711.1605153577723	1049.9999867912372	83.41989378399605	1043.1234866642078	NaN
0	0.10500000000000001	651.6717424790979	17.462597698936275	1718.8222258557005	711.1373504766392	1049.9999870595354	83.41989380184754	1043.123486931932	NaN
0	0.10500000000000001	651.877341391217	17.4316046415894	1721.8752156901253	711.1142351198084	1049.9999873228735	83.4198938193611	1043.1234871947056	NaN
0	0.10500000000000001	652.0833280951579	17.4006622074319	1724.934073039698	711.0911690652555	1049.9999875813344	83.41989383654294	1043.1234874526142	NaN
0	0.10500000000000001	652.2897042535169	17.36977019373796	1727.998822640394	711.0681520877737	1049.9999878349995	83.41989385339988	1043.123487705741	NaN
0	0.10500000000000001	652.4964715081168	17.33892840302886	1731.0694889218337	711.0451839666263	1049.9999880839493	83.41989386993919	1043.1234879541673	NaN
0	0.10500000000000001	652.7036315210698	17.308136636906674	1734.146096617067	711.0222644809461	1049.9999883282628	83.41989388616805	1043.1234881979742	NaN
0	0.10500000000000001	652.9111859886892	17.277394694031884	1737.2286709692169	710.9993934082308	1049.9999885680181	83.41989390209409	1043.1234884372388	NaN
0	0.10500000000000001	653.1191366003393	17.246702376256295	1740.3172371203707	710.9765705289046	1049.999988803292	83.41989391772438	1043.1234886720379	NaN
0	0.10500000000000001	653.3274850660163	17.21605948453656	1743.4118205212	710.953795623274	1049.9999890341603	83.41989393306562	1043.1234889024458	NaN
0	0.10500000000000001	653.5362330749359	17.18546582502711	1746.5124463158754	710.9310684760511	1049.9999892606975	83.41989394812397	1043.1234891285355	NaN
0	0.10500000000000001	653.7453823647479	17.15492119891715	1749.6191403701075	710.9083888687984	1049.9999894829766	83.419893962905	1043.1234893503781	NaN
0	0.10500000000000001	653.9549346523681	17.124425412584426	1752.731928243798	710.8857565874687	1049.99998970107	83.41989397741351	1043.1234895680445	NaN
0	0.10500000000000001	654.1648917034606	17.093978267464532	1755.8508362231282	710.8631714148804	1049.9999899150491	83.41989399165388	1043.1234897816034	NaN
0	0.10500000000000001	654.3752552769635	17.063579568158705	1758.9758904965595	710.8406331367333	1049.9999901249837	83.4198940056297	1043.1234899911233	NaN
0	0.10500000000000001	654.5860271529907	17.03322911838632	1762.1071175693176	710.8181415386027	1049.999990330943	83.41989401934426	1043.123490196672	NaN
0	0.10500000000000001	654.7972091189675	17.00292672300541	1765.2445440574331	710.7956964074339	1049.9999905329948	83.41989403280044	1043.1234903983166	NaN
0	0.10500000000000001	655.0088029696693	16.97267218800599	1768.3881966883255	710.7732975315329	1049.9999907312063	83.41989404600122	1043.123490596123	NaN
0	0.10500000000000001	655.2208105213294	16.94246531850256	1771.538102510414	710.7509446990776	1049.9999909256437	83.41989405894921	1043.1234907901578	NaN
0	0.10500000000000001	655.4332335976944	16.912305920745	1774.6942886859492	710.7286376996033	1049.9999911163711	83.41989407164735	1043.1234909804862	NaN
0	0.10500000000000001	655.6460740159407	16.882193804106542	1777.85678228176	710.7063763254672	1049.9999913034526	83.41989408409898	1043.1234911671731	NaN
0	0.10500000000000001	655.8593336573617	16.852128771100112	1781.025611319573	710.6841603644665	1049.999991486951	83.41989409630783	1043.1234913502828	NaN
0	0.10500000000000001	656.07301438278	16.822110629380273	1784.2008035191934	710.6619896087091	1049.9999916669285	83.4198941082781	1043.123491529879	NaN
0	0.10500000000000001	656.2871180465729	16.792139189712245	1787.382386506867	710.6398638531043	1049.9999918434462	83.41989412001425	1043.1234917060228	NaN
0	0.10500000000000001	656.5016465535466	16.762214258017053	1790.570388660423	710.617782889486	1049.999992016564	83.41989413152095	1043.123491878776	NaN
0	0.10500000000000001	656.7166018022605	16.73233564333974	1793.7648382671237	710.5957465124941	1049.9999921863407	83.41989414280316	1043.1234920481984	NaN
0	0.10500000000000001	656.9319857135442	16.70250315387121	1796.9657639474274	710.5737545166359	1049.9999923528349	83.41989415386617	1043.1234922143483	NaN
0	0.10500000000000001	657.1478002163341	16.672716598933963	1800.1731944445323	710.5518066977471	1049.9999925161037	83.41989416471476	1043.1234923772831	NaN
0	0.10500000000000001	657.3640472477186	16.64297578897558	1803.3871586250439	710.5299028529834	1049.9999926762034	83.41989417535392	1043.123492537059	NaN
0	0.10500000000000001	657.580728781742	16.61328053162798	1806.607685907087	710.5080427779151	1049.9999928331895	83.41989418578825	1043.1234926937311	NaN
0	0.10500000000000001	657.7978467720486	16.583630639595313	1809.8348054078724	710.4862262723333	1049.999992987117	83.4198941960222	1043.1234928473523	NaN
0	0.10500000000000001	658.0154032238847	16.55402592080388	1813.0685470138565	710.4644531329955	1049.999993138039	83.41989420605957	1043.1234929979757	NaN
0	0.10500000000000001	658.2334001366289	16.524466186284954	1816.308940526589	710.4427231594253	1049.9999932860087	83.41989421590394	1043.1234931456531	NaN
0	0.10500000000000001	658.4518395182189	16.494951248194113	1819.5560158771393	710.4210361524495	1049.9999934310783	83.41989422555828	1043.1234932904351	NaN
0	0.10500000000000001	658.6707234142518	16.465480915900276	1822.8098035586765	710.3993919113223	1049.9999935732994	83.41989423502538	1043.1234934323722	NaN
0	0.10500000000000001	658.8900538500483	16.436055003813852	1826.07033376527	710.3777902394729	1049.999993712722	83.41989424430777	1043.1234935715142	NaN
0	0.10500000000000001	659.1098329033902	16.406673321610903	1829.337637473174	710.3562309373242	1049.9999938493957	83.41989425340783	1043.1234937079105	NaN
0	0.10500000000000001	659.3300626464686	16.377335682056497	1832.6117455778742	710.3347138080337	1049.9999939833697	83.41989426232786	1043.1234938416092	NaN
0	0.10500000000000001	659.5507451751059	16.34804189709831	1835.8926893285088	710.3132386546242	1049.999994114692	83.41989427107009	1043.1234939726592	NaN
0	0.10500000000000001	659.7718825942521	16.318791779816344	1839.1805001122684	710.2918052814105	1049.99999424341	83.41989427963706	1043.1234941011082	NaN
0	0.10500000000000001	659.9934770327438	16.289585142481602	1842.47520967383	710.2704134925738	1049.9999943695695	83.41989428803164	1043.123494227003	NaN
0	0.10500000000000001	660.2155306434784	16.260421796567883	1845.7768501179912	710.2490630921704	1049.9999944932174	83.41989429625652	1043.1234943503905	NaN
0	0.10500000000000001	660.4380455592892	16.231301558550943	1849.0854532535939	710.2277538883726	1049.9999946143985	83.41989430431492	1043.1234944713165	NaN
0	0.10500000000000001	660.6610239371482	16.202224244086594	1852.4010512507405	710.2064856892011	1049.9999947331567	83.41989431221022	1043.123494589826	NaN
0	0.10500000000000001	660.8844679880017	16.17318966417558	1855.7236770844916	710.1852582997213	1049.999994849536	83.41989431994593	1043.123494705963	NaN
0	0.10500000000000001	661.1083799028969	16.144197634814844	1859.0533634364285	710.1640715290998	1049.9999949635796	83.41989432752554	1043.1234948197707	NaN
0	0.10500000000000001	661.3327619272477	16.115247967365402	1862.3901437989925	710.1429251835602	1049.9999950753295	83.41989433495256	1043.123494931292	NaN
0	0.10500000000000001	661.5576162717305	16.08634048009046	1865.7340511504651	710.1218190748103	1049.999995184827	83.41989434223045	1043.1234950405674	NaN
0	0.10500000000000001	661.7829451867364	16.057474988533375	1869.0851190621372	710.100753013009	1049.9999952921135	83.4198943493626	1043.123495147638	NaN
0	0.10500000000000001	662.0087509626827	16.028651305547125	1872.4433817030001	710.0797268067893	1049.999995397229	83.41989435635203	1043.1234952525435	NaN
0	0.10500000000000001	662.2350358852725	15.99986924704395	1875.8088731743912	710.0587402674523	1049.999995500213	83.41989436320156	1043.1234953553223	NaN
0	0.10500000000000001	662.4618022504778	15.97112863006684	1879.1816277328173	710.037793207555	1049.9999956011045	83.41989436991382	1043.1234954560127	NaN
0	0.10500000000000001	662.689052394765	15.942429268980446	1882.561680239525	710.0168854381319	1049.9999956999422	83.41989437649089	1043.1234955546524	NaN
0	0.10500000000000001	662.9167886500707	15.913770981195842	1885.9490654908627	709.9960167728648	1049.9999957967634	83.41989438293494	1043.1234956512792	NaN
0	0.10500000000000001	663.1450133588825	15.885153585250471	1889.343818442569	709.9751870266789	1049.9999958916053	83.41989438924797	1043.123495745929	NaN
0	0.10500000000000001	663.3737289350207	15.85657689322876	1892.7459751139243	709.9543960102255	1049.9999959845043	83.4198943954318	1043.1234958386383	NaN
0	0.10500000000000001	663.6029377577381	15.828040724059655	1896.155571012541	709.933643539559	1049.9999960754963	83.41989440148848	1043.1234959294434	NaN
0	0.10500000000000001	663.8326422476199	15.799544894018101	1899.5726422633643	709.9129294292196	1049.9999961646163	83.41989440741983	1043.1234960183792	NaN
0	0.10500000000000001	664.0628448210769	15.771089222409236	1902.997224931761	709.8922534963668	1049.9999962518991	83.41989441322798	1043.1234961054806	NaN
0	0.10500000000000001	664.2935479362164	15.742673525896674	1906.429355705902	709.8716155566527	1049.9999963373793	83.4198944189149	1043.1234961907824	NaN
0	0.10500000000000001	664.524754077831	15.714297620410699	1909.8690716735016	709.8510154256086	1049.99999642109	83.41989442448278	1043.1234962743179	NaN
0	0.10500000000000001	664.7564656960843	15.685961328668446	1913.3164094096376	709.8304529241019	1049.9999965030643	83.4198944299339	1043.1234963561205	NaN
0	0.10500000000000001	664.9886853294814	15.657664465117747	1916.7714068062335	709.8099278674035	1049.9999965833347	83.41989443527055	1043.1234964362236	NaN
0	0.10500000000000001	665.221415482039	15.629406850993856	1920.23410124468	709.7894400761138	1049.9999966619328	83.41989444049526	1043.123496514659	NaN
0	0.10500000000000001	665.4546587313176	15.601188301174444	1923.7045312031682	709.768989366625	1049.9999967388896	83.41989444561078	1043.1234965914584	NaN
0	0.10500000000000001	665.6884176359482	15.573008635443488	1927.182734880854	709.7485755592875	1049.9999968142367	83.41989445061955	1043.1234966666523	NaN
0	0.10500000000000001	665.9226947820815	15.544867672857304	1930.6687508889645	709.7281984743215	1049.9999968880045	83.41989445552392	1043.1234967402709	NaN
0	0.10500000000000001	666.1574927836006	15.516765231755038	1934.1626182539947	709.7078579318238	1049.9999969602225	83.4198944603261	1043.123496812343	NaN
0	0.10500000000000001	666.3928142823349	15.488701129769051	1937.664376420932	709.6875537517741	1049.9999970309202	83.41989446502795	1043.1234968828987	NaN
0	0.10500000000000001	666.6286619169686	15.460675187548988	1941.1740647905988	709.6672857567271	1049.9999971001262	83.4198944696315	1043.123496951966	NaN
0	0.10500000000000001	666.8650383543566	15.432687225029785	1944.6917231856728	709.647053769109	1049.9999971678687	83.41989447413864	1043.1234970195726	NaN
0	0.10500000000000001	667.1019462897445	15.40473706144192	1948.2173918539843	709.626857611223	1049.999997234176	83.41989447855102	1043.1234970857463	NaN
0	0.10500000000000001	667.3393884469899	15.376824515321633	1951.7511114718475	709.6066971052575	1049.9999972990747	83.41989448287026	1043.1234971505137	NaN
0	0.10500000000000001	667.5773675629889	15.348949406367954	1955.2929229123265	709.5865720746236	1049.9999973625925	83.41989448709786	1043.1234972139018	NaN
0	0.10500000000000001	667.8158864035919	15.32111155359168	1958.842867482106	709.5664823426176	1049.9999974247553	83.4198944912351	1043.1234972759373	NaN
0	0.10500000000000001	668.0549477638301	15.293310775325397	1962.4009869249103	709.5464277324271	1049.9999974855893	83.41989449528356	1043.123497336646	NaN
0	0.10500000000000001	668.2945544204315	15.26554689475217	1965.9673227147664	709.5264080711149	1049.9999975451203	83.41989449924475	1043.1234973960538	NaN
0	0.10500000000000001	668.5347092272627	15.237819728843228	1969.5419174765675	709.5064231816392	1049.9999976033732	83.41989450312028	1043.1234974541853	NaN
0	0.10500000000000001	668.7754150041544	15.210129101260252	1973.1248133313625	709.4864728921543	1049.9999976603729	83.41989450691158	1043.123497511066	NaN
0	0.10500000000000001	669.0166746486526	15.182474829473419	1976.7160535597366	709.4665570267239	1049.9999977161433	83.41989451062031	1043.1234975667205	NaN
0	0.10500000000000001	669.2584910564383	15.154856733969789	1980.3156814173235	709.4466754119551	1049.9999977707084	83.41989451424843	1043.1234976211724	NaN
0	0.10500000000000001	669.5008671373603	15.127274636402959	1983.9237403734376	709.426827875662	1049.9999978240917	83.41989451779754	1043.1234976744456	NaN
0	0.10500000000000001	669.7438058477794	15.099728355936097	1987.540274592584	709.4070142442315	1049.999997876316	83.41989452126951	1043.1234977265628	NaN
0	0.10500000000000001	669.9873101586329	15.072217712913403	1991.1653284590996	709.3872343452649	1049.9999979274041	83.41989452466599	1043.1234977775466	NaN
0	0.10500000000000001	670.2313830555297	15.04474252885357	1994.7989465785702	709.3674880075692	1049.9999979773781	83.41989452798879	1043.1234978274197	NaN
0	0.10500000000000001	670.4760275713263	15.017302622806836	1998.4411742628263	709.3477750585373	1049.9999980262603	83.4198945312395	1043.1234978762031	NaN
0	0.10500000000000001	670.7212467702501	14.989897813196226	2002.0920572936382	709.3280953254715	1049.9999980740718	83.41989453441954	1043.1234979239182	NaN
0	0.10500000000000001	670.9670436992021	14.962527923267626	2005.7516411977056	709.3084486394944	1049.9999981208334	83.41989453753025	1043.123497970586	NaN
0	0.10500000000000001	671.2134214529714	14.935192773806401	2009.4199722175845	709.2888348303142	1049.9999981665662	83.41989454057305	1043.1234980162267	NaN
0	0.10500000000000001	671.4603831418558	14.907892186780552	2013.097096829652	709.2692537288403	1049.9999982112904	83.41989454354928	1043.1234980608604	NaN
0	0.10500000000000001	671.7079319246319	14.8806259817207	2016.7830622350273	709.2497051645842	1049.999998255026	83.4198945464599	1043.1234981045072	NaN
0	0.10500000000000001	671.9560709760269	14.853393979353928	2020.477915875284	709.2301889682649	1049.999998297793	83.4198945493061	1043.1234981471866	NaN
0	0.10500000000000001	672.2048035033367	14.826195999794942	2024.1817056799216	709.2107049705104	1049.99999833961	83.419894552089	1043.123498188918	NaN
0	0.10500000000000001	672.4541327301408	14.799031864355143	2027.8944798238833	709.1912530031515	1049.9999983804964	83.4198945548096	1043.1234982297199	NaN
0	0.10500000000000001	672.7040618964106	14.771901395536103	2031.6162867291878	709.1718328992138	1049.9999984204712	83.41989455746915	1043.1234982696117	NaN
0	0.10500000000000001	672.9545943251485	14.744804409840627	2035.347176057317	709.1524444877718	1049.999998459552	83.4198945600687	1043.1234983086108	NaN
0	0.10500000000000001	673.2057332897632	14.71774073217514	2039.087196734259	709.1330876042548	1049.9999984977567	83.41989456260949	1043.1234983467366	NaN
0	0.10500000000000001	673.4574821472435	14.690710181451838	2042.836398933699	709.1137620801409	1049.9999985351033	83.41989456509293	1043.123498384006	NaN
0	0.10500000000000001	673.709844271906	14.663712577799728	2046.5948330904675	709.0944677481169	1049.999998571609	83.41989456752033	1043.1234984204366	NaN
0	0.10500000000000001	673.9628230555146	14.636747742557956	2050.362549902307	709.0752044420701	1049.9999986072908	83.41989456989282	1043.1234984560454	NaN
0	0.10500000000000001	674.2164219242349	14.609815496484552	2054.139600582413	709.055971995806	1049.9999986421656	83.4198945722118	1043.1234984908488	NaN
0	0.10500000000000001	674.4706443389208	14.582915659765074	2057.9260368637306	709.0367702430531	1049.9999986762498	83.41989457447823	1043.1234985248636	NaN
0	0.10500000000000001	674.7254937954034	14.556048052021117	2061.7219110032975	709.0175990174688	1049.9999987095591	83.41989457669335	1043.123498558106	NaN
0	0.10500000000000001	674.9809738078214	14.529212494097159	2065.5272755339915	708.9984581539122	1049.9999987421097	83.41989457885849	1043.123498590591	NaN
0	0.10500000000000001	675.2370879087478	14.502408808054042	2069.342183266421	708.9793474884369	1049.999998773917	83.41989458097456	1043.123498622334	NaN
0	0.10500000000000001	675.4938397004562	14.475636811839827	2073.1666880525954	708.9602668544894	1049.9999988049963	83.41989458304236	1043.12349865335	NaN
0	0.10500000000000001	675.7512327701165	14.44889632818855	2077.0008435227514	708.941216089252	1049.9999988353622	83.41989458506283	1043.1234986836544	NaN
0	0.10500000000000001	676.0092707752451	14.422187175733654	2080.8447043582228	708.9221950273073	1049.99999886503	83.41989458703696	1043.1234987132614	NaN
0	0.10500000000000001	676.2679573756534	14.395509176117875	2084.6983252777804	708.9032035057029	1049.9999988940135	83.41989458896545	1043.1234987421858	NaN
0	0.10500000000000001	676.5272962850672	14.368862148674015	2088.561761806602	708.8842413601604	1049.9999989223272	83.41989459084924	1043.1234987704413	NaN
0	0.10500000000000001	676.7872912543503	14.342245912211768	2092.4350700264126	708.8653084263487	1049.9999989499852	83.41989459268939	1043.1234987980424	NaN
0	0.10500000000000001	677.0479460545141	14.31566028678758	2096.3183063224	708.8464045411407	1049.9999989770006	83.41989459448669	1043.1234988250023	NaN
0	0.10500000000000001	677.3092645115618	14.289105090178268	2100.2115279023446	708.827529540104	1049.9999990033873	83.4198945962419	1043.1234988513343	NaN
0	0.10500000000000001	677.5712504374072	14.262580144935152	2104.114791767471	708.8086832625139	1049.999999029158	83.41989459795592	1043.1234988770518	NaN
0	0.10500000000000001	677.8339077343045	14.236085267812882	2108.0281562683035	708.7898655438385	1049.999999054326	83.41989459962964	1043.1234989021675	NaN
0	0.10500000000000001	678.0972402908044	14.209620280344463	2111.9516795546	708.7710762232516	1049.9999990789036	83.41989460126386	1043.1234989266945	NaN
0	0.10500000000000001	678.3612520867257	14.183184998293768	2115.88542113937	708.7523151361406	1049.999999102903	83.4198946028597	1043.1234989506452	NaN
0	0.10500000000000001	678.6259470885817	14.156779242206687	2119.8294403408213	708.7335821215964	1049.9999991263371	83.41989460441808	1043.1234989740315	NaN
0	0.10500000000000001	678.8913293198577	14.130402830383364	2123.783797329496	708.7148770174226	1049.9999991492175	83.41989460593977	1043.1234989968655	NaN
0	0.10500000000000001	679.1574028438685	14.104055580646335	2127.748552872904	708.6961996613908	1049.999999171556	83.41989460742558	1043.1234990191588	NaN
0	0.10500000000000001	679.4241717286773	14.077737313836652	2131.7237678128013	708.6775498937151	1049.9999991933644	83.41989460887625	1043.1234990409228	NaN
0	0.10500000000000001	679.6916401003541	14.05144784856601	2135.709503858817	708.6589275533319	1049.9999992146531	83.41989461029252	1043.1234990621685	NaN
0	0.10500000000000001	679.959812143514	14.025187001238347	2139.7058235965465	708.6403324779156	1049.9999992354342	83.41989461167516	1043.1234990829073	NaN
0	0.10500000000000001	680.2286920840078	13.998954587809939	2143.7127902296725	708.6217645051254	1049.9999992557177	83.41989461302475	1043.1234991031495	NaN
0	0.10500000000000001	680.498284117677	13.9727504307438	2147.7304665182523	708.6032234775242	1049.999999275515	83.41989461434189	1043.123499122906	NaN
0	0.10500000000000001	680.768592553553	13.946574345081826	2151.7589169127677	708.5847092327205	1049.9999992948362	83.41989461562731	1043.1234991421875	NaN
0	0.10500000000000001	681.0396217429984	13.920426145440096	2155.798206498242	708.5662216083198	1049.9999993136917	83.41989461688159	1043.123499161004	NaN
0	0.10500000000000001	681.3113760259446	13.89430565120975	2159.848400193005	708.5477604456	1049.9999993320914	83.41989461810552	1043.1234991793658	NaN
0	0.10500000000000001	681.583859803065	13.86821267960495	2163.9095638243457	708.529325584593	1049.999999350045	83.4198946192996	1043.1234991972824	NaN
0	0.10500000000000001	681.8570775363492	13.84214704568376	2167.9817641371346	708.5109168641001	1049.9999993675626	83.4198946204646	1043.1234992147638	NaN
0	0.10500000000000001	682.1310337132984	13.816108565820644	2172.065068260237	708.4925341241452	1049.9999993846534	83.41989462160107	1043.1234992318196	NaN
0	0.10500000000000001	682.4057328471181	13.79009705769978	2176.159543709392	708.4741772059664	1049.9999994013267	83.41989462270983	1043.123499248459	NaN
0	0.10500000000000001	682.6811795317876	13.764112335141421	2180.265259208081	708.4558459483638	1049.999999417592	83.41989462379158	1043.1234992646912	NaN
0	0.10500000000000001	682.9573783878304	13.73815421329766	2184.382283879282	708.437540191367	1049.999999433458	83.41989462484682	1043.1234992805253	NaN
0	0.10500000000000001	683.2343340809095	13.712222506926828	2188.510687522671	708.4192597750151	1049.9999994489335	83.4198946258763	1043.1234992959692	NaN
0	0.10500000000000001	683.5120513222339	13.68631703040028	2192.650540620728	708.4010045393608	1049.9999994640273	83.41989462688053	1043.1234993110318	NaN
0	0.10500000000000001	683.7905348689701	13.660437597709091	2196.801914344921	708.3827743244742	1049.9999994787472	83.41989462785976	1043.1234993257222	NaN
0	0.10500000000000001	684.0697895061138	13.634584024184436	2200.9648802854867	708.3645689716534	1049.9999994931022	83.4198946288148	1043.1234993400476	NaN
0	0.10500000000000001	684.349820083898	13.608756123066897	2205.1395110091385	708.3463883210063	1049.9999995071	83.41989462974598	1043.1234993540168	NaN
0	0.10500000000000001	684.6306314811272	13.58295370894697	2209.3258795125103	708.3282322138732	1049.9999995207486	83.41989463065396	1043.1234993676376	NaN
0	0.10500000000000001	684.9122286428023	13.557176594341033	2213.52405978311	708.3101004904148	1049.999999534056	83.41989463153924	1043.1234993809178	NaN
0	0.10500000000000001	685.1946165432571	13.531424593125035	2217.7341262497944	708.2919929920279	1049.9999995470296	83.41989463240228	1043.123499393865	NaN
0	0.10500000000000001	685.4778002240017	13.50569751711703	2221.9561543470145	708.2739095589409	1049.9999995596768	83.41989463324374	1043.1234994064864	NaN
0	0.10500000000000001	685.7617847566596	13.47999517950414	2226.190219962284	708.255850032622	1049.9999995720052	83.41989463406401	1043.1234994187898	NaN
0	0.10500000000000001	686.0465752999474	13.454317389729386	2230.436400285776	708.2378142521857	1049.9999995840221	83.41989463486357	1043.123499430782	NaN
0	0.10500000000000001	686.3321770246883	13.428663960326023	2234.694772692349	708.2198020591937	1049.9999995957344	83.41989463564279	1043.12349944247	NaN
0	0.10500000000000001	686.6185951518873	13.403034703500012	2238.965415309264	708.2018132952519	1049.999999607149	83.41989463640196	1043.1234994538609	NaN
0	0.10500000000000001	686.9058349722748	13.377429429438834	2243.2484073076425	708.183847800822	1049.9999996182728	83.4198946371417	1043.1234994649617	NaN
0	0.10500000000000001	687.1939018661309	13.351847944634546	2247.543829198162	708.1659054140482	1049.9999996291124	83.41989463786244	1043.1234994757785	NaN
0	0.10500000000000001	687.4828012082667	13.3262900603866	2251.851761414266	708.1479859767198	1049.9999996396737	83.41989463856457	1043.1234994863187	NaN
0	0.10500000000000001	687.77253844482	13.300755585998788	2256.1722854573095	708.1300893294978	1049.9999996499641	83.41989463924878	1043.1234994965878	NaN
0	0.10500000000000001	688.0631190746685	13.275244330489047	2260.5054836194513	708.1122153131124	1049.9999996599895	83.41989463991528	1043.1234995065925	NaN
0	0.10500000000000001	688.3545486499254	13.249756102595386	2264.8514389911124	708.0943637683674	1049.9999996697554	83.41989464056459	1043.1234995163386	NaN
0	0.10500000000000001	688.646832795856	13.224290709093491	2269.2102357580316	708.0765345349612	1049.9999996792685	83.41989464119713	1043.1234995258324	NaN
0	0.10500000000000001	688.9399771726729	13.198847958188482	2273.581958631584	708.0587274538609	1049.9999996885342	83.4198946418135	1043.1234995350796	NaN
0	0.10500000000000001	689.2339874953506	13.173427657822895	2277.9666931443103	708.0409423661163	1049.9999996975582	83.41989464241396	1043.1234995440857	NaN
0	0.10500000000000001	689.5288695733201	13.148029612314886	2282.3645262419814	708.0231791105082	1049.9999997063464	83.41989464299881	1043.1234995528562	NaN
0	0.10500000000000001	689.8246292525272	13.122653627435485	2286.7755454195353	708.0054375271002	1049.9999997149043	83.41989464356847	1043.1234995613968	NaN
0	0.10500000000000001	690.1212724354386	13.097299508720965	2291.1998390194935	707.9877174560564	1049.9999997232374	83.4198946441231	1043.123499569713	NaN
0	0.10500000000000001	690.4188050618206	13.071967063157853	2295.63749594532	707.9700187388179	1049.9999997313507	83.41989464466326	1043.1234995778095	NaN
0	0.10500000000000001	690.7172331685194	13.046656094142062	2300.08860655309	707.9523412145797	1049.9999997392495	83.41989464518893	1043.1234995856917	NaN
0	0.10500000000000001	691.0165628308436	13.02136640653866	2304.5532617772797	707.9346847238256	1049.9999997469386	83.41989464570041	1043.123499593365	NaN
0	0.10500000000000001	691.3168002227186	12.996097801649283	2309.0315540280612	707.9170491048134	1049.9999997544235	83.41989464619832	1043.1234996008343	NaN
0	0.10500000000000001	691.6179515577278	12.970850082263276	2313.5235763119567	707.8994341971018	1049.9999997617088	83.41989464668278	1043.1234996081043	NaN
0	0.10500000000000001	691.9200230894472	12.945623052650978	2318.029422236865	707.8818398415426	1049.9999997687994	83.41989464715414	1043.12349961518	NaN
0	0.10500000000000001	692.2230211922974	12.920416511872162	2322.549187218138	707.8642658756127	1049.9999997756997	83.4198946476128	1043.1234996220658	NaN
0	0.10500000000000001	692.5269522619262	12.89523026216634	2327.0829669927207	707.8467121392666	1049.9999997824143	83.4198946480589	1043.1234996287667	NaN
0	0.10500000000000001	692.8318227963258	12.870064102259882	2331.6308588292068	707.8291784702687	1049.999999788948	83.41989464849308	1043.123499635287	NaN
0	0.10500000000000001	693.137639315678	12.844917834063803	2336.192960332224	707.8116647088605	1049.9999997953048	83.41989464891564	1043.123499641631	NaN
0	0.10500000000000001	693.4444084847457	12.819791252659398	2340.7693712682844	707.7941706907841	1049.999999801489	83.41989464932676	1043.123499647803	NaN
0	0.10500000000000001	693.752136950967	12.794684159667638	2345.360191150564	707.7766962565931	1049.9999998075045	83.419894649727	1043.1234996538071	NaN
0	0.10500000000000001	694.0608314876225	12.769596351563395	2349.9655213747387	707.7592412435147	1049.999999813356	83.41989465011665	1043.1234996596468	NaN
0	0.10500000000000001	694.3704989335322	12.744527624701778	2354.5854643194475	707.741805488949	1049.9999998190472	83.41989465049558	1043.1234996653268	NaN
0	0.10500000000000001	694.681146193708	12.719477775322897	2359.2201233561004	707.7243888304724	1049.9999998245821	83.4198946508643	1043.1234996708506	NaN
0	0.10500000000000001	694.9927802607201	12.694446597896897	2363.8696031677096	707.7069911046859	1049.9999998299645	83.41989465122276	1043.123499676222	NaN
0	0.10500000000000001	695.3054081533198	12.669433890115782	2368.534008833225	707.6896121506841	1049.999999835198	83.41989465157138	1043.1234996814446	NaN
0	0.10500000000000001	695.6190370207737	12.644439444588643	2373.21344738424	707.6722518042825	1049.9999998402861	83.41989465191008	1043.123499686522	NaN
0	0.10500000000000001	695.9336740816391	12.61946305384883	2377.9080268916396	707.6549099014992	1049.9999998452333	83.41989465223934	1043.1234996914582	NaN
0	0.10500000000000001	696.2493266244653	12.594504510358512	2382.617856476115	707.637586278556	1049.999999850042	83.41989465255878	1043.1234996962567	NaN
0	0.10500000000000001	696.5660019874628	12.56956360816707	2387.3430460048617	707.6202807730289	1049.9999998547164	83.41989465286919	1043.1234997009212	NaN
0	0.10500000000000001	696.8837076433838	12.544640136293674	2392.0837073581747	707.602993219255	1049.9999998592596	83.41989465317099	1043.1234997054548	NaN
0	0.10500000000000001	697.2024510951846	12.519733887023055	2396.83995287267	707.5857234540896	1049.9999998636747	83.41989465346411	1043.1234997098609	NaN
0	0.10500000000000001	697.5222399824518	12.494844647635409	2401.6118969294175	707.5684713111685	1049.9999998679652	83.41989465374925	1043.123499714143	NaN
0	0.10500000000000001	697.8430819977161	12.46997220704135	2406.399654705283	707.5512366255105	1049.9999998721341	83.41989465402641	1043.1234997183042	NaN
0	0.10500000000000001	698.1649848869349	12.44511635577529	2411.203342180148	707.5340192335091	1049.9999998761848	83.41989465429609	1043.1234997223469	NaN
0	0.10500000000000001	698.4879565358201	12.420276879399971	2416.0230774252454	707.5168189683635	1049.9999998801197	83.41989465455806	1043.1234997262738	NaN
0	0.10500000000000001	698.8120049284122	12.395453561835668	2420.8589799850947	707.4996356623876	1049.999999883942	83.41989465481271	1043.123499730089	NaN
0	0.10500000000000001	699.1371380833523	12.370646190310543	2425.7111699265324	707.4824691504358	1049.999999887655	83.41989465506022	1043.123499733794	NaN
0	0.10500000000000001	699.4633641624986	12.345854547122807	2430.5797694597204	707.4653192641999	1049.9999998912606	83.41989465530027	1043.1234997373922	NaN
0	0.10500000000000001	699.7906913856161	12.321078416249284	2435.4649016651056	707.4481858367838	1049.9999998947624	83.41989465553338	1043.1234997408862	NaN
0	0.10500000000000001	700.1191280745667	12.296317580054685	2440.3666911529685	707.4310687004254	1049.9999998981625	83.41989465575939	1043.1234997442793	NaN
0	0.10500000000000001	700.448682654448	12.271571819306283	2445.285264080535	707.4139676865083	1049.999999901464	83.41989465597888	1043.1234997475733	NaN
0	0.10500000000000001	700.7793636327755	12.246840914828551	2450.2207478413543	707.396882626704	1049.9999999046688	83.4198946561916	1043.1234997507715	NaN
0	0.10500000000000001	701.1111796224034	12.222124645868005	2455.1732714074788	707.3798133518434	1049.9999999077802	83.41989465639813	1043.1234997538766	NaN
0	0.10500000000000001	701.4441393427113	12.197422790107534	2460.1429653472755	707.3627596919264	1049.9999999108004	83.4198946565987	1043.1234997568906	NaN
0	0.10500000000000001	701.7782515763998	12.172735126955372	2465.1299611806576	707.3457214783925	1049.9999999137315	83.41989465679335	1043.1234997598162	NaN
0	0.10500000000000001	702.1135252592185	12.148061430992907	2470.1343927184416	707.3286985395985	1049.999999916576	83.41989465698268	1043.1234997626552	NaN
0	0.10500000000000001	702.4499693700238	12.123401480187102	2475.1563944214354	707.3116907064847	1049.9999999193362	83.41989465716645	1043.1234997654099	NaN
0	0.10500000000000001	702.7875930432842	12.09875504770049	2480.196103079821	707.2946978069259	1049.999999922014	83.41989465734471	1043.1234997680829	NaN
0	0.10500000000000001	703.1264055259431	12.074121905193088	2485.253657169404	707.2777196680103	1049.9999999246118	83.4198946575181	1043.1234997706756	NaN
0	0.10500000000000001	703.4664161561119	12.049501824469129	2490.3291965336502	707.2607561171745	1049.999999927132	83.41989465768619	1043.1234997731904	NaN
0	0.10500000000000001	703.8076343640565	12.024894577480683	2495.422862398498	707.2438069822057	1049.9999999295762	83.41989465784913	1043.1234997756292	NaN
0	0.10500000000000001	704.1500696959578	12.000299934700086	2500.5347977271235	707.2268720901191	1049.999999931947	83.41989465800677	1043.1234997779943	NaN
0	0.10500000000000001	704.4937318152511	11.975717665133523	2505.6651472400595	707.209951267168	1049.9999999342463	83.41989465815924	1043.1234997802883	NaN
0	0.10500000000000001	704.838630526911	11.951147534704809	2510.8140577778404	707.1930443377336	1049.9999999364754	83.41989465830706	1043.1234997825127	NaN
0	0.10500000000000001	705.1847756871346	11.926589312794462	2515.9816769528015	707.1761511288236	1049.9999999386366	83.4198946584503	1043.1234997846695	NaN
0	0.10500000000000001	705.5321773653789	11.90204276082628	2521.1681555682108	707.1592714622203	1049.9999999407319	83.4198946585892	1043.123499786761	NaN
0	0.10500000000000001	705.8808456617197	11.87750764533916	2526.373644891745	707.1424051634742	1049.999999942763	83.41989465872419	1043.1234997887882	NaN
0	0.10500000000000001	706.2307908697671	11.852983726574394	2531.598299087785	707.1255520540544	1049.9999999447314	83.41989465885524	1043.1234997907534	NaN
0	0.10500000000000001	706.5820233624163	11.82847076664774	2536.842273511874	707.1087119569681	1049.999999946639	83.41989465898257	1043.1234997926572	NaN
0	0.10500000000000001	706.9345536395127	11.803968526292602	2542.105725422421	707.0918846945216	1049.9999999484876	83.419894659106	1043.123499794502	NaN
0	0.10500000000000001	707.2883923058353	11.779476766497659	2547.388813652092	707.0750700894447	1049.9999999502786	83.41989465922545	1043.1234997962893	NaN
0	0.10500000000000001	707.6435501430971	11.754995243638266	2552.6916996829527	707.0582679615488	1049.9999999520137	83.41989465934103	1043.1234997980205	NaN
0	0.10500000000000001	708.0000380885022	11.730523711131395	2558.0145473264815	707.0414781288664	1049.9999999536944	83.41989465945271	1043.1234997996974	NaN
0	0.10500000000000001	708.3578671653195	11.706061924325786	2563.3575216870518	707.0247004110066	1049.9999999553222	83.41989465956073	1043.1234998013215	NaN
0	0.10500000000000001	708.7170485553982	11.681609635629535	2568.7207902448063	707.0079346258119	1049.9999999568986	83.41989465966536	1043.1234998028947	NaN
0	0.10500000000000001	709.0775935771836	11.657166596153392	2574.1045225275348	706.9911805904871	1049.999999958425	83.41989465976667	1043.1234998044176	NaN
0	0.10500000000000001	709.4395136392466	11.632732558965134	2579.508889416857	706.9744381238291	1049.9999999599024	83.41989465986467	1043.1234998058926	NaN
0	0.10500000000000001	709.8028203619822	11.608307270981722	2584.934064965615	706.9577070406707	1049.9999999613328	83.41989465995981	1043.1234998073207	NaN
0	0.10500000000000001	710.1675254349417	11.583890482728004	2590.3802242675993	706.940987158568	1049.9999999627175	83.4198946600524	1043.1234998087032	NaN
0	0.10500000000000001	710.5336407878186	11.559481936986552	2595.8475460109908	706.9242782900274	1049.9999999640577	83.41989466014215	1043.1234998100406	NaN
0	0.10500000000000001	710.9011784470955	11.535081378558639	2601.336210337826	706.9075802491913	1049.999999965355	83.41989466022876	1043.1234998113346	NaN
0	0.10500000000000001	711.2701505615986	11.510688552640152	2606.846399225689	706.8908928507241	1049.9999999666102	83.41989466031218	1043.1234998125867	NaN
0	0.10500000000000001	711.64056950243	11.486303198353404	2612.37829798023	706.8742159053888	1049.9999999678246	83.41989466039276	1043.1234998137982	NaN
0	0.10500000000000001	712.012447742337	11.461925056872463	2617.932093433831	706.8575492256061	1049.9999999689992	83.41989466047029	1043.1234998149703	NaN
0	0.10500000000000001	712.385797931271	11.437553866566736	2623.5079750741256	706.8408926221331	1049.9999999701354	83.41989466054554	1043.1234998161044	NaN
0	0.10500000000000001	712.7606328986733	11.413189363021466	2629.1061350783193	706.8242459040792	1049.999999971234	83.41989466061855	1043.1234998172013	NaN
0	0.10500000000000001	713.1369656307779	11.38883128067426	2634.7267679743554	706.8076088800265	1049.9999999722963	83.41989466068937	1043.123499818262	NaN
0	0.10500000000000001	713.5148092725715	11.364479352826804	2640.370070670329	706.7909813580374	1049.9999999733236	83.41989466075808	1043.1234998192874	NaN
0	0.10500000000000001	713.8941771550092	11.340133310041102	2646.0362428611297	706.7743631445607	1049.9999999743166	83.4198946608245	1043.1234998202783	NaN
0	0.10500000000000001	714.27508274679	11.31579288338965	2651.725486308311	706.7577540466516	1049.9999999752765	83.41989466088872	1043.1234998212362	NaN
0	0.10500000000000001	714.6575397322974	11.291457799614449	2657.4380060043645	706.7411538686678	1049.9999999762042	83.41989466095058	1043.1234998221616	NaN
0	0.10500000000000001	715.0415619889836	11.267127782769506	2663.174009835122	706.7245624133939	1049.9999999771007	83.4198946610101	1043.1234998230557	NaN
0	0.10500000000000001	715.4271635386343	11.242802557468705	2668.933707851983	706.7079794842566	1049.999999977967	83.41989466106725	1043.1234998239195	NaN
0	0.10500000000000001	715.8143586006095	11.218481845661332	2674.717313067292	706.6914048831267	1049.9999999788038	83.41989466112227	1043.1234998247546	NaN
0	0.10500000000000001	716.2031615427555	11.19416536987876	2680.525040721276	706.6748384125327	1049.999999979612	83.41989466117552	1043.1234998255616	NaN
0	0.10500000000000001	716.593586987068	11.169852846784353	2686.357109860527	706.658279871267	1049.9999999803927	83.4198946612274	1043.123499826341	NaN
0	0.10500000000000001	716.9856497089716	11.145543993661212	2692.2137418336956	706.6417290588076	1049.9999999811464	83.41989466127765	1043.1234998270938	NaN
0	0.10500000000000001	717.3793646915676	11.121238525189655	2698.09516110198	706.6251857731238	1049.999999981874	83.41989466132651	1043.1234998278203	NaN
0	0.10500000000000001	717.7747471547254	11.096936151853473	2704.0015956739044	706.6086498095938	1049.9999999825768	83.41989466137379	1043.1234998285217	NaN
0	0.10500000000000001	718.1718124527409	11.072636586417119	2709.9332755766654	706.592120965414	1049.999999983255	83.41989466141925	1043.1234998291982	NaN
0	0.10500000000000001	718.5705762084829	11.048339535859043	2715.8904348602723	706.5755990341108	1049.99999998391	83.41989466146285	1043.1234998298512	NaN
0	0.10500000000000001	718.9710542373269	11.024044706242876	2721.8733104614225	706.5590838088572	1049.9999999845415	83.41989466150467	1043.1234998304813	NaN
0	0.10500000000000001	719.373262549685	10.999751802728468	2727.8821422414508	706.5425750824802	1049.9999999851511	83.41989466154492	1043.1234998310892	NaN
0	0.10500000000000001	719.7772174073119	10.975460526358654	2733.917173827722	706.5260726452785	1049.999999985739	83.41989466158363	1043.1234998316759	NaN
0	0.10500000000000001	720.1829352998714	10.951170575697326	2739.9786522637505	706.5095762861389	1049.999999986306	83.41989466162099	1043.123499832242	NaN
0	0.10500000000000001	720.5904329209706	10.926881648459863	2746.066827651361	706.4930857936438	1049.999999986853	83.41989466165725	1043.1234998327884	NaN
0	0.10500000000000001	720.9997271981022	10.90259343991212	2752.181953598206	706.4766009549863	1049.9999999873805	83.41989466169254	1043.1234998333148	NaN
0	0.10500000000000001	721.410835295888	10.878305642888675	2758.324287266444	706.4601215559835	1049.999999987889	83.41989466172659	1043.1234998338225	NaN
0	0.10500000000000001	721.8237745919089	10.854017949423131	2764.4940890118237	706.4436473821844	1049.999999988379	83.41989466175951	1043.1234998343118	NaN
0	0.10500000000000001	722.238562762349	10.829730045922814	2770.6916236635093	706.427178215598	1049.9999999888514	83.41989466179126	1043.1234998347827	NaN
0	0.10500000000000001	722.6552177032466	10.805441618037452	2776.9171593477236	706.410713837999	1049.9999999893064	83.41989466182152	1043.1234998352368	NaN
0	0.10500000000000001	723.0737575891619	10.78115234744559	2783.170968364546	706.3942540287502	1049.9999999897448	83.41989466185062	1043.123499835674	NaN
0	0.10500000000000001	723.4942008212786	10.75686191510418	2789.4533264126867	706.3777985670071	1049.999999990167	83.4198946618786	1043.1234998360956	NaN
0	0.10500000000000001	723.916566086696	10.732569998034533	2795.764513475659	706.3613472295416	1049.9999999905738	83.41989466190562	1043.1234998365014	NaN
0	0.10500000000000001	724.3408722496905	10.708276275797566	2802.104812197165	706.3448997951288	1049.9999999909653	83.41989466193151	1043.123499836892	NaN
0	0.10500000000000001	724.7671386091253	10.683980415976055	2808.474511727734	706.3284560347191	1049.9999999913423	83.4198946619565	1043.1234998372684	NaN
0	0.10500000000000001	725.1953845919742	10.659682091975393	2814.873903145378	706.3120157234926	1049.9999999917054	83.41989466198065	1043.1234998376308	NaN
0	0.10500000000000001	725.6256299835569	10.635380970102474	2821.303282896199	706.2955786321133	1049.9999999920547	83.41989466200398	1043.1234998379796	NaN
0	0.10500000000000001	726.0578948180288	10.611076716056813	2827.762951158222	706.2791445311257	1049.999999992391	83.41989466202656	1043.1234998383152	NaN
0	0.10500000000000001	726.4921994396456	10.586768991714223	2834.2532127571617	706.2627131887791	1049.9999999927143	83.4198946620482	1043.1234998386376	NaN
0	0.10500000000000001	726.9285644783546	10.562457456764838	2840.7743768019145	706.2462843721395	1049.9999999930253	83.41989466206881	1043.123499838948	NaN
0	0.10500000000000001	727.3670109123032	10.538141765501996	2847.326757618983	706.2298578449205	1049.9999999933245	83.41989466208854	1043.1234998392463	NaN
0	0.10500000000000001	727.8075599852455	10.513821571696154	2853.9106735184478	706.213433370781	1049.9999999936122	83.4198946621075	1043.1234998395335	NaN
0	0.10500000000000001	728.250233239758	10.48949652699123	2860.5264472906015	706.1970107122419	1049.9999999938889	83.41989466212588	1043.1234998398097	NaN
0	0.10500000000000001	728.6950525808379	10.465166277691393	2867.1744071567027	706.1805896285194	1049.9999999941547	83.41989466214358	1043.123499840075	NaN
0	0.10500000000000001	729.1420402220408	10.440830468022174	2873.854885964309	706.1641698777297	1049.9999999944102	83.41989466216049	1043.1234998403302	NaN
0	0.10500000000000001	729.5912187498395	10.416488736915479	2880.568222149447	706.1477512147226	1049.9999999946558	83.4198946621769	1043.1234998405755	NaN
0	0.10500000000000001	730.0426110092956	10.392140724505442	2887.3147580281698	706.1313333954658	1049.9999999948916	83.41989466219295	1043.123499840811	NaN
0	0.10500000000000001	730.4962401981946	10.367786067283063	2894.0948412037537	706.1149161737778	1049.9999999951183	83.41989466220825	1043.123499841037	NaN
0	0.10500000000000001	730.9521299028194	10.343424396501895	2900.908825101691	706.0984993002561	1049.9999999953357	83.41989466222272	1043.1234998412538	NaN
0	0.10500000000000001	731.4103041040934	10.319055338206903	2907.7570690618786	706.0820825223017	1049.9999999955448	83.41989466223654	1043.123499841462	NaN
0	0.10500000000000001	731.8707871225467	10.294678516500541	2914.639937516371	706.0656655863236	1049.9999999957454	83.41989466224956	1043.1234998416624	NaN
0	0.10500000000000001	732.3336035926538	10.270293555179661	2921.557799606081	706.0492482388419	1049.9999999959377	83.4198946622623	1043.1234998418545	NaN
0	0.10500000000000001	732.7987785912983	10.245900071268329	2928.511031101283	706.0328302221359	1049.9999999961224	83.41989466227457	1043.1234998420387	NaN
0	0.10500000000000001	733.2663375516377	10.221497679913154	2935.5000131144875	706.0164112775433	1049.9999999962995	83.4198946622863	1043.123499842215	NaN
0	0.10500000000000001	733.7363062998426	10.19708599277993	2942.525132649918	705.9999911443831	1049.9999999964696	83.41989466229731	1043.1234998423852	NaN
0	0.10500000000000001	734.2087111241988	10.172664614833062	2949.586783636825	705.9835695577942	1049.9999999966324	83.41989466230821	1043.123499842548	NaN
0	0.10500000000000001	734.6835786246854	10.148233152481538	2956.6853646813042	705.9671462542167	1049.9999999967886	83.41989466231892	1043.123499842704	NaN
0	0.10500000000000001	735.160935876348	10.123791205470626	2963.821281508785	705.9507209659412	1049.999999996938	83.41989466232916	1043.123499842853	NaN
0	0.10500000000000001	735.6408104372106	10.099338366914836	2970.9949470827373	705.9342934211381	1049.9999999970817	83.41989466233869	1043.1234998429957	NaN
0	0.10500000000000001	736.1232302278772	10.074874229829987	2978.2067798052376	705.9178633482499	1049.999999997219	83.41989466234745	1043.1234998431325	NaN
0	0.10500000000000001	736.6082236016084	10.050398383895574	2985.4572045648774	705.901430473817	1049.9999999973506	83.41989466235583	1043.1234998432644	NaN
0	0.10500000000000001	737.0958193837705	10.025910413851566	2992.7466533268866	705.8849945214058	1049.9999999974766	83.41989466236434	1043.1234998433906	NaN
0	0.10500000000000001	737.5860469123011	10.001409897898911	3000.07556573853	705.86855521054	1049.9999999975971	83.41989466237278	1043.1234998435111	NaN
0	0.10500000000000001	738.0789359479472	9.976896412616655	3007.4443877875938	705.8521122600039	1049.9999999977128	83.4198946623809	1043.1234998436264	NaN
0	0.10500000000000001	738.5745167139879	9.952369531351758	3014.8535723966065	705.8356653867647	1049.9999999978234	83.41989466238833	1043.1234998437365	NaN
0	0.10500000000000001	739.0728200033592	9.927828819352142	3022.3035810248575	705.8192143027136	1049.9999999979293	83.41989466239531	1043.1234998438417	NaN
0	0.10500000000000001	739.5738770551255	9.903273840327612	3029.7948818220243	705.802758719069	1049.9999999980305	83.41989466240179	1043.1234998439425	NaN
0	0.10500000000000001	740.077719662317	9.878704151572872	3037.327951240851	705.7862983431113	1049.9999999981274	83.41989466240783	1043.1234998440389	NaN
0	0.10500000000000001	740.5843801140196	9.854119307265877	3044.9032731718066	705.769832880399	1049.99999999822	83.41989466241361	1043.1234998441316	NaN
0	0.10500000000000001	741.0938912036313	9.829518858491868	3052.5213390669423	705.7533620347858	1049.9999999983083	83.41989466241958	1043.12349984422	NaN
0	0.10500000000000001	741.6062862714105	9.80490235163215	3060.1826485765155	705.7368855073461	1049.999999998393	83.41989466242518	1043.1234998443047	NaN
0	0.10500000000000001	742.1215992481709	9.780269326755743	3067.887710202805	705.7204029953034	1049.9999999984736	83.41989466243076	1043.1234998443856	NaN
0	0.10500000000000001	742.6398646656428	9.755619317651254	3075.6370414555463	705.7039141920578	1049.9999999985507	83.41989466243629	1043.123499844463	NaN
0	0.10500000000000001	743.1611175976162	9.730951855136556	3083.4311679724124	705.6874187894049	1049.9999999986242	83.41989466244156	1043.1234998445361	NaN
0	0.10500000000000001	743.6853937040624	9.706266465443523	3091.2706241792025	705.6709164764591	1049.9999999986946	83.4198946624464	1043.1234998446057	NaN
0	0.10500000000000001	744.2127292413378	9.681562670246624	3099.1559534429343	705.6544069396767	1049.9999999987617	83.41989466245046	1043.1234998446723	NaN
0	0.10500000000000001	744.7431611432751	9.656839983406238	3107.087709284961	705.6378898606856	1049.9999999988256	83.41989466245442	1043.1234998447364	NaN
0	0.10500000000000001	745.276726926868	9.632097915936072	3115.0664539712016	705.62136491961	1049.9999999988868	83.41989466245847	1043.1234998447974	NaN
0	0.10500000000000001	745.8134647738386	9.607335972738282	3123.0927597323885	705.6048317928932	1049.999999998945	83.41989466246228	1043.1234998448556	NaN
0	0.10500000000000001	746.3534135066417	9.582553654282602	3131.167208405813	705.5882901544246	1049.9999999990002	83.41989466246602	1043.1234998449106	NaN
0	0.10500000000000001	746.89661267222	9.557750453339352	3139.290392688386	705.5717396733646	1049.999999999053	83.41989466246955	1043.1234998449636	NaN
0	0.10500000000000001	747.4431024461481	9.53292585996397	3147.462914703782	705.5551800174763	1049.9999999991032	83.41989466247314	1043.123499845014	NaN
0	0.10500000000000001	747.9929237901823	9.5080793549194	3155.6853883591066	705.538610848743	1049.999999999151	83.41989466247666	1043.1234998450616	NaN
0	0.10500000000000001	748.5461182828044	9.483210417978086	3163.958436811359	705.5220318289108	1049.9999999991967	83.41989466247978	1043.1234998451066	NaN
0	0.10500000000000001	749.1027283153007	9.458318519675869	3172.282695400372	705.5054426139953	1049.9999999992403	83.41989466248224	1043.1234998451494	NaN
0	0.10500000000000001	749.6627970325885	9.43340312466209	3180.658810764551	705.4888428565224	1049.9999999992817	83.41989466248427	1043.1234998451907	NaN
0	0.10500000000000001	750.2263682720609	9.408463695048436	3189.087439926905	705.472232207764	1049.999999999321	83.41989466248636	1043.1234998452308	NaN
0	0.10500000000000001	750.793486727142	9.383499683801345	3197.569252741762	705.4556103133425	1049.9999999993586	83.41989466248921	1043.1234998452687	NaN
0	0.10500000000000001	751.3641979257361	9.358510536441436	3206.1049315732066	705.4389768143708	1049.999999999394	83.41989466249215	1043.1234998453044	NaN
0	0.10500000000000001	751.9385482078501	9.333495692742762	3214.6951709611167	705.4223313485902	1049.999999999428	83.419894662495	1043.123499845338	NaN
0	0.10500000000000001	752.5165847408795	9.30845458676761	3223.3406778504855	705.4056735503997	1049.9999999994602	83.41989466249713	1043.1234998453695	NaN
0	0.10500000000000001	753.0983555740206	9.2833866452354	3232.0421724059797	705.3890030497771	1049.9999999994907	83.41989466249868	1043.1234998453997	NaN
0	0.10500000000000001	753.683909616245	9.25829128922827	3240.8003876832513	705.3723194734212	1049.9999999995193	83.41989466250027	1043.123499845429	NaN
0	0.10500000000000001	754.2732966526769	9.23316793422728	3249.6160698746457	705.3556224447809	1049.9999999995468	83.41989466250233	1043.123499845457	NaN
0	0.10500000000000001	754.8665674799975	9.208015985132638	3258.489980335283	705.3389115807536	1049.9999999995732	83.41989466250457	1043.1234998454827	NaN
0	0.10500000000000001	755.4637738073088	9.18283484132717	3267.422894101072	705.3221864950577	1049.999999999598	83.41989466250604	1043.1234998455068	NaN
0	0.10500000000000001	756.0649683138147	9.15762389503779	3276.4156007523015	705.3054467971521	1049.9999999996217	83.4198946625071	1043.1234998455304	NaN
0	0.10500000000000001	756.6702046275609	9.132382533053159	3285.468904096444	705.288692093383	1049.9999999996437	83.41989466250843	1043.1234998455532	NaN
0	0.10500000000000001	757.2795375063945	9.107110130041049	3294.583624875872	705.2719219825564	1049.9999999996649	83.41989466251029	1043.1234998455743	NaN
0	0.10500000000000001	757.8930226567632	9.081806057004016	3303.7605980583053	705.2551360615585	1049.9999999996849	83.41989466251192	1043.123499845594	NaN
0	0.10500000000000001	758.510716875566	9.056469676264658	3313.000674959552	705.2383339220356	1049.9999999997037	83.41989466251329	1043.1234998456125	NaN
0	0.10500000000000001	759.1326780308098	9.03110034319492	3322.3047229550843	705.2215151515483	1049.9999999997217	83.41989466251397	1043.1234998456302	NaN
0	0.10500000000000001	759.7589651248928	9.005697404569183	3331.6736264276537	705.2046793324893	1049.9999999997385	83.41989466251464	1043.123499845647	NaN
0	0.10500000000000001	760.3896384019406	8.980260195224353	3341.1082883739764	705.1878260398793	1049.9999999997547	83.4198946625158	1043.123499845664	NaN
0	0.10500000000000001	761.0247592045446	8.954788044880365	3350.6096282626486	705.1709548458965	1049.99999999977	83.4198946625172	1043.1234998456791	NaN
0	0.10500000000000001	761.664390081101	8.929280274791708	3360.178583640863	705.154065317666	1049.9999999997842	83.41989466251833	1043.1234998456935	NaN
0	0.10500000000000001	762.3085948108014	8.90373619779296	3369.81611050933	705.1371570172984	1049.9999999997979	83.41989466251935	1043.1234998457066	NaN
0	0.10500000000000001	762.957438472531	8.878155116643585	3379.523184354086	705.1202295008045	1049.9999999998104	83.41989466252002	1043.1234998457194	NaN
0	0.10500000000000001	763.6109874287938	8.852536325778786	3389.300799907127	705.1032823192647	1049.9999999998222	83.41989466252097	1043.1234998457312	NaN
0	0.10500000000000001	764.2693093087441	8.826879113064189	3399.149970893634	705.0863150199974	1049.9999999998333	83.41989466252164	1043.1234998457423	NaN
0	0.10500000000000001	764.9324732557304	8.801182751298887	3409.071733736631	705.0693271409513	1049.999999999844	83.41989466252232	1043.1234998457528	NaN
0	0.10500000000000001	765.600549693431	8.775446508534861	3419.0671440593464	705.052318217539	1049.9999999998543	83.41989466252305	1043.123499845763	NaN
0	0.10500000000000001	766.2736105319464	8.749669641270543	3429.1372797697823	705.0352877781481	1049.9999999998638	83.41989466252363	1043.1234998457726	NaN
0	0.10500000000000001	766.9517291550842	8.723851396218869	3439.283240871771	705.0182353453207	1049.9999999998727	83.41989466252416	1043.1234998457817	NaN
0	0.10500000000000001	767.6349804979723	8.697991008639152	3449.506150627486	705.0011604346635	1049.9999999998809	83.41989466252492	1043.1234998457896	NaN
0	0.10500000000000001	768.3234410353695	8.672087704112828	3459.8071553838945	704.9840625560319	1049.999999999889	83.41989466252544	1043.1234998457976	NaN
0	0.10500000000000001	769.0171888154166	8.646140698598247	3470.1874250790647	704.9669412135778	1049.9999999998965	83.4198946625255	1043.123499845805	NaN
0	0.10500000000000001	769.716303494274	8.620149198486903	3480.648153761794	704.9497959057975	1049.9999999999036	83.4198946625261	1043.1234998458126	NaN
0	0.10500000000000001	770.4208665127494	8.594112395463535	3491.190562235883	704.932626122154	1049.9999999999102	83.4198946625269	1043.123499845819	NaN
0	0.10500000000000001	771.1309609476591	8.568029473502293	3501.815895837548	704.9154313477039	1049.9999999999163	83.41989466252711	1043.1234998458249	NaN
0	0.10500000000000001	771.8466717389838	8.54189960197398	3512.525427835872	704.8982110585662	1049.9999999999222	83.41989466252733	1043.1234998458306	NaN
0	0.10500000000000001	772.568085540363	8.515721942670483	3523.3204571972396	704.8809647265648	1049.9999999999277	83.41989466252757	1043.123499845836	NaN
0	0.10500000000000001	773.2952909513992	8.489495642889603	3534.202312062989	704.8636918146843	1049.999999999933	83.41989466252785	1043.1234998458415	NaN
0	0.10500000000000001	774.0283784652088	8.463219838991433	3545.1723489662204	704.8463917794282	1049.9999999999377	83.41989466252822	1043.1234998458465	NaN
0	0.10500000000000001	774.7674405612745	8.436893654711668	3556.231954222912	704.8290640697209	1049.999999999942	83.4198946625289	1043.1234998458508	NaN
0	0.10500000000000001	775.5125717517806	8.410516201226331	3567.3825446270066	704.8117081269652	1049.999999999946	83.41989466252929	1043.1234998458544	NaN
0	0.10500000000000001	776.2638686794121	8.384086575459163	3578.6255689157006	704.7943233839446	1049.9999999999498	83.4198946625292	1043.123499845858	NaN
0	0.10500000000000001	777.0214300162374	8.357603865435898	3589.9625062580462	704.7769092683588	1049.9999999999534	83.4198946625293	1043.1234998458617	NaN
0	0.10500000000000001	777.7853567657676	8.331067141528973	3601.3948707770805	704.759465197082	1049.999999999957	83.41989466252952	1043.1234998458656	NaN
0	0.10500000000000001	778.5557521140879	8.304475463601667	3612.9242093239486	704.741990580876	1049.99999999996	83.41989466252998	1043.1234998458692	NaN
0	0.10500000000000001	779.3327216371049	8.277827875765142	3624.5521045813584	704.7244848209593	1049.999999999963	83.41989466253077	1043.1234998458722	NaN
0	0.10500000000000001	780.1163732542468	8.251123410005219	3636.2801743727196	704.7069473114086	1049.9999999999657	83.41989466253105	1043.123499845874	NaN
0	0.10500000000000001	780.9068173905235	8.22436108269972	3648.110074089556	704.6893774368851	1049.9999999999684	83.4198946625304	1043.123499845876	NaN
0	0.10500000000000001	781.7041670383106	8.197539894694279	3660.04349761835	704.6717745727051	1049.9999999999707	83.41989466252986	1043.123499845879	NaN
0	0.10500000000000001	782.5085377672193	8.170658833170917	3672.08217749045	704.6541380860834	1049.999999999973	83.41989466253034	1043.123499845882	NaN
0	0.10500000000000001	783.3200478961152	8.143716868145706	3684.2278874588565	704.6364673338541	1049.999999999975	83.41989466253132	1043.1234998458845	NaN
0	0.10500000000000001	784.1388184530462	8.116712956145475	3696.4824419008155	704.6187616649008	1049.9999999999768	83.41989466253214	1043.1234998458856	NaN
0	0.10500000000000001	784.9649733531303	8.089646036695315	3708.847698482621	704.601020417871	1049.9999999999789	83.4198946625315	1043.1234998458865	NaN
0	0.10500000000000001	785.7986394163499	8.0625150342121	3721.325558428429	704.5832429224382	1049.9999999999804	83.41989466253078	1043.1234998458885	NaN
0	0.10500000000000001	786.6399465536995	8.035318854476765	3733.917969308931	704.5654284970108	1049.9999999999818	83.41989466253088	1043.1234998458908	NaN
0	0.10500000000000001	787.4890277337756	8.008056388354595	3746.6269245439457	704.5475764511895	1049.9999999999834	83.41989466253163	1043.1234998458924	NaN
0	0.10500000000000001	788.3460191756706	7.980726508257537	3759.454466292269	704.5296860834717	1049.9999999999848	83.41989466253197	1043.123499845893	NaN
0	0.10500000000000001	789.2110604340061	7.953328068240368	3772.402686727282	704.5117566813361	1049.999999999986	83.41989466253143	1043.1234998458942	NaN
0	0.10500000000000001	790.0842943698626	7.925859907761211	3785.473727604648	704.4937875237263	1049.9999999999873	83.41989466253158	1043.1234998458956	NaN
0	0.10500000000000001	790.9658675314363	7.898320842625182	3798.669785963114	704.4757778751474	1049.9999999999882	83.41989466253162	1043.1234998458972	NaN
0	0.10500000000000001	791.8559300159944	7.870709672433682	3811.9931120612923	704.4577269905656	1049.999999999989	83.41989466253231	1043.1234998458976	NaN
0	0.10500000000000001	792.7546356239305	7.843025178861624	3825.446011686759	704.4396341143016	1049.9999999999898	83.41989466253212	1043.123499845898	NaN
0	0.10500000000000001	793.6621421401067	7.815266120228721	3839.0308503707656	704.4214984765088	1049.9999999999905	83.41989466253187	1043.123499845899	NaN
0	0.10500000000000001	794.5786111370453	7.787431240879407	3852.7500504454933	704.4033192993271	1049.9999999999914	83.41989466253186	1043.1234998459	NaN
0	0.10500000000000001	795.504208447374	7.759519260169232	3866.6060981197106	704.3850957897131	1049.999999999992	83.41989466253187	1043.1234998459006	NaN
0	0.10500000000000001	796.4391040953801	7.731528878170437	3880.6015424578004	704.3668271431942	1049.9999999999927	83.41989466253199	1043.1234998459013	NaN
0	0.10500000000000001	797.3834725388592	7.70345877206849	3894.7389990038823	704.3485125415432	1049.9999999999934	83.41989466253227	1043.123499845902	NaN
0	0.10500000000000001	798.3374925382643	7.675307603797755	3909.021147826686	704.3301511577879	1049.9999999999939	83.41989466253237	1043.1234998459026	NaN
0	0.10500000000000001	799.3013478551488	7.647074003272401	3923.450743979426	704.3117421453	1049.9999999999943	83.4198946625325	1043.1234998459026	NaN
0	0.10500000000000001	800.2752266814341	7.618756589254058	3938.0306089596857	704.293284651434	1049.9999999999948	83.41989466253207	1043.1234998459029	NaN
0	0.10500000000000001	801.259322550654	7.590353946833411	3952.7636443555625	704.2747778028747	1049.9999999999955	83.41989466253182	1043.123499845904	NaN
0	0.10500000000000001	802.2538338973702	7.561864644632594	3967.6528252541043	704.2562207168836	1049.9999999999961	83.41989466253229	1043.1234998459047	NaN
0	0.10500000000000001	803.2589645991723	7.533287223569868	3982.701208360071	704.2376124940066	1049.9999999999966	83.41989466253241	1043.123499845905	NaN
0	0.10500000000000001	804.2749238650591	7.504620204657242	3997.911930329459	704.218952223185	1049.9999999999968	83.41989466253216	1043.1234998459056	NaN
0	0.10500000000000001	805.301926802096	7.475862077693114	4013.2882162580463	704.2002389744284	1049.999999999997	83.41989466253278	1043.123499845906	NaN
0	0.10500000000000001	806.3401942454201	7.44701131103335	4028.8333771412485	704.1814718052092	1049.9999999999973	83.41989466253278	1043.1234998459054	NaN
0	0.10500000000000001	807.3899529969851	7.418066349873118	4044.5508134535635	704.1626497593751	1049.9999999999975	83.41989466253193	1043.1234998459054	NaN
0	0.10500000000000001	808.4514362162529	7.389025610649686	4060.444021003356	704.1437718635452	1049.9999999999977	83.4198946625321	1043.1234998459067	NaN
0	0.10500000000000001	809.5248836135239	7.3598874812363855	4076.5165938330065	704.1248371272754	1049.9999999999977	83.41989466253288	1043.1234998459065	NaN
0	0.10500000000000001	810.6105415775046	7.330650323099617	4092.7722261345793	704.1058445444961	1049.999999999998	83.4198946625328	1043.1234998459063	NaN
0	0.10500000000000001	811.7086633794659	7.301312471530334	4109.214715312429	704.0867930937009	1049.999999999998	83.41989466253239	1043.1234998459065	NaN
0	0.10500000000000001	812.8195095335957	7.271872231961462	4125.847967384804	704.0676817355942	1049.999999999998	83.41989466253258	1043.1234998459065	NaN
0	0.10500000000000001	813.9433479478697	7.2423278821768005	4142.675999249129	704.0485094145655	1049.999999999998	83.41989466253257	1043.1234998459067	NaN
0	0.10500000000000001	815.0804541549724	7.212677672576764	4159.702942146068	704.0292750589008	1049.999999999998	83.41989466253261	1043.1234998459065	NaN
0	0.10500000000000001	816.2311118601515	7.182919818517237	4176.9330498696945	704.0099775758553	1049.999999999998	83.41989466253263	1043.1234998459065	NaN
0	0.10500000000000001	817.3956128922007	7.153052508532518	4194.370698040448	703.9906158570324	1049.999999999998	83.4198946625325	1043.1234998459067	NaN
0	0.10500000000000001	818.5742576193866	7.123073900653573	4212.020390340355	703.971188776037	1049.999999999998	83.41989466253281	1043.123499845907	NaN
0	0.10500000000000001	819.7673553047499	7.09298212071303	4229.886763840865	703.9516951874234	1049.999999999998	83.41989466253297	1043.1234998459063	NaN
0	0.10500000000000001	820.9752243148544	7.0627752646828155	4247.974592136399	703.932133928254	1049.999999999998	83.41989466253239	1043.1234998459063	NaN
0	0.10500000000000001	822.1981925805437	7.032451394982356	4266.2887922520395	703.912503815756	1049.999999999998	83.4198946625323	1043.1234998459065	NaN
0	0.10500000000000001	823.4365978303128	7.0020085428634795	4284.834428146456	703.8928036489136	1049.9999999999982	83.41989466253251	1043.1234998459067	NaN
0	0.10500000000000001	824.6907879988755	6.971444706761222	4303.616716838794	703.8730322074473	1049.9999999999982	83.41989466253244	1043.1234998459067	NaN
0	0.10500000000000001	825.9611215685588	6.9407578526969935	4322.641033529979	703.8531882521256	1049.9999999999982	83.41989466253241	1043.1234998459067	NaN
0	0.10500000000000001	827.2479681830712	6.909945908535829	4341.912920803501	703.8332705211018	1049.9999999999982	83.41989466253249	1043.1234998459067	NaN
0	0.10500000000000001	828.5517087675064	6.8790067705989335	4361.438090432093	703.8132777342438	1049.9999999999982	83.41989466253258	1043.123499845907	NaN
0	0.10500000000000001	829.8727359121351	6.847938304155706	4381.22242913508	703.7932085935013	1049.9999999999982	83.41989466253283	1043.123499845907	NaN
0	0.10500000000000001	831.2114545409795	6.816738337696089	4401.272008601287	703.7730617792578	1049.9999999999982	83.41989466253241	1043.1234998459067	NaN
0	0.10500000000000001	832.5682822503853	6.785404665534163	4421.59309057021	703.7528359520676	1049.9999999999982	83.41989466253249	1043.123499845907	NaN
0	0.10500000000000001	833.9436498434873	6.753935046269194	4442.192134847473	703.7325297517182	1049.9999999999982	83.4198946625329	1043.1234998459065	NaN
0	0.10500000000000001	835.3380015146217	6.7223272097078155	4463.075802077928	703.7121418017504	1049.9999999999982	83.41989466253219	1043.1234998459067	NaN
0	0.10500000000000001	836.7517958875633	6.690578844813813	4484.250969307159	703.6916707017403	1049.9999999999984	83.41989466253281	1043.1234998459074	NaN
0	0.10500000000000001	838.1855059577871	6.658687613112897	4505.724729128814	703.671115036003	1049.9999999999984	83.41989466253258	1043.1234998459067	NaN
0	0.10500000000000001	839.6396201872473	6.626651136616815	4527.504406094219	703.6504733658589	1049.9999999999984	83.41989466253249	1043.1234998459074	NaN
0	0.10500000000000001	841.114642770674	6.594467004986681	4549.597560713988	703.6297442343156	1049.9999999999984	83.41989466253278	1043.123499845907	NaN
0	0.10500000000000001	842.6110941051265	6.562132778513027	4572.011996504304	703.608926168039	1049.9999999999984	83.41989466253249	1043.123499845907	NaN
0	0.10500000000000001	844.1295115821931	6.529645984664713	4594.755771866452	703.5880176751878	1049.9999999999984	83.41989466253261	1043.123499845907	NaN
0	0.10500000000000001	845.6704503166005	6.49700411681783	4617.837211014716	703.5670172446537	1049.9999999999986	83.41989466253263	1043.1234998459072	NaN
0	0.10500000000000001	847.234483488767	6.464204641789233	4641.264909122183	703.5459233509658	1049.9999999999986	83.41989466253266	1043.1234998459072	NaN
0	0.10500000000000001	848.822203438792	6.4312449920987005	4665.047748722868	703.5247344493697	1049.9999999999986	83.41989466253256	1043.123499845907	NaN
0	0.10500000000000001	850.4342215210954	6.398122584759051	4689.19489755008	703.5034489879621	1049.9999999999986	83.41989466253231	1043.123499845907	NaN
0	0.10500000000000001	852.0711696843325	6.364834804771012	4713.715832218647	703.4820653971303	1049.9999999999986	83.41989466253281	1043.1234998459076	NaN
0	0.10500000000000001	853.7337008082584	6.331379015289578	4738.620343288053	703.4605820961407	1049.9999999999986	83.4198946625326	1043.1234998459067	NaN
0	0.10500000000000001	855.4224894939249	6.2977525590067795	4763.9185471167675	703.4389974940736	1049.9999999999986	83.41989466253216	1043.1234998459076	NaN
0	0.10500000000000001	857.1382324264036	6.263952768668427	4789.620891313609	703.4173099966202	1049.9999999999986	83.41989466253268	1043.123499845907	NaN
0	0.10500000000000001	858.8816496744967	6.229976959630099	4815.738174225966	703.3955180013419	1049.9999999999986	83.41989466253243	1043.1234998459072	NaN
0	0.10500000000000001	860.6534851106173	6.195822440655767	4842.281551248801	703.37361990464	1049.9999999999986	83.41989466253251	1043.1234998459074	NaN
0	0.10500000000000001	862.4545074367015	6.1614865134679295	4869.262550212877	703.3516141014984	1049.9999999999986	83.41989466253277	1043.1234998459074	NaN
0	0.10500000000000001	864.2855102732387	6.126966490855758	4896.693072738323	703.3294989971158	1049.9999999999986	83.41989466253258	1043.123499845907	NaN
0	0.10500000000000001	866.1473138466372	6.092259684942103	4924.585419533385	703.3072729994043	1049.9999999999989	83.41989466253237	1043.1234998459072	NaN
0	0.10500000000000001	868.0407648677024	6.057363430392606	4952.952288594814	703.2849345338695	1049.9999999999989	83.41989466253294	1043.1234998459076	NaN
0	0.10500000000000001	869.9667377829187	6.022275082237101	4981.806793974901	703.2624820422132	1049.9999999999989	83.41989466253227	1043.1234998459074	NaN
0	0.10500000000000001	871.9261350339386	5.986992032643866	5011.162469690608	703.2399139930586	1049.9999999999989	83.41989466253231	1043.123499845908	NaN
0	0.10500000000000001	873.9198876949727	5.9515117209248425	5041.033279294399	703.217228888326	1049.9999999999989	83.4198946625329	1043.1234998459072	NaN
0	0.10500000000000001	875.9489565274781	5.915831636617608	5071.433631697672	703.1944252651635	1049.9999999999989	83.4198946625323	1043.1234998459074	NaN
0	0.10500000000000001	878.0143318246912	5.87994934433766	5102.37837886359	703.1715017117833	1049.999999999999	83.41989466253315	1043.1234998459079	NaN
0	0.10500000000000001	880.1170340375004	5.843862494615438	5133.882825206005	703.1484568743053	1049.9999999999993	83.41989466253143	1043.1234998459076	NaN
0	0.10500000000000001	882.2581141128092	5.807568839850126	5165.962732680868	703.1252894668505	1049.9999999999995	83.41989466253325	1043.1234998459083	NaN
0	0.10500000000000001	884.4386535105662	5.7710662554878205	5198.63432106286	703.1019982849415	1049.9999999999998	83.41989466253229	1043.123499845908	NaN
0	0.10500000000000001	886.6597643118031	5.734352759146141	5231.914269585073	703.078582217555	1049.9999999999998	83.41989466253278	1043.1234998459083	NaN
0	0.10500000000000001	888.9225888172684	5.6974265375224835	5265.819710945431	703.0550402641074	1049.9999999999998	83.41989466253281	1043.1234998459083	NaN
0	0.10500000000000001	891.2282990449605	5.660285973768089	5300.368223797057	703.0313715516876	1049.9999999999998	83.4198946625324	1043.1234998459079	NaN
0	0.10500000000000001	893.5780957992604	5.6229296803157105	5335.577818818103	703.0075753557184	1049.9999999999998	83.41989466253277	1043.1234998459083	NaN
0	0.10500000000000001	895.9732082340479	5.585356522125184	5371.466932181724	702.983651114461	1049.9999999999998	83.41989466253273	1043.123499845908	NaN
0	0.10500000000000001	898.4148921584678	5.547565657965295	5408.0544001838625	702.9595984549537	1049.9999999999998	83.41989466253283	1043.1234998459086	NaN
0	0.10500000000000001	900.90442811602	5.509556582225987	5445.359430471407	702.935417219217	1049.9999999999998	83.41989466253216	1043.1234998459079	NaN
0	0.10500000000000001	903.4431192176905	5.471329167192148	5483.401569581429	702.9111074906774	1049.9999999999998	83.4198946625331	1043.1234998459086	NaN
0	0.10500000000000001	906.0322885340945	5.432883708273655	5522.200663868571	702.8866696223956	1049.9999999999998	83.41989466253226	1043.123499845908	NaN
0	0.10500000000000001	908.6732756477672	5.394220977329343	5561.776807842716	702.8621042703526	1049.9999999999998	83.4198946625325	1043.1234998459083	NaN
0	0.10500000000000001	911.3674333697338	5.3553422684654235	5602.150294963351	702.837412421864	1049.9999999999998	83.41989466253253	1043.1234998459083	NaN
0	0.10500000000000001	914.1161228020138	5.316249462226768	5643.3415436413125	702.8125954355804	1049.9999999999998	83.41989466253266	1043.1234998459079	NaN
0	0.10500000000000001	916.92070864742	5.276945079339851	5685.371026939518	702.7876550747454	1049.9999999999998	83.4198946625322	1043.1234998459086	NaN
0	0.10500000000000001	919.7825532787283	5.237432344796675	5728.259183674597	702.7625935469108	1049.9999999999998	83.41989466253266	1043.1234998459074	NaN
0	0.10500000000000001	922.7030110225863	5.19771524089453	5772.026332728566	702.7374135365303	1049.9999999999998	83.41989466253325	1043.1234998459083	NaN
0	0.10500000000000001	925.6834235281527	5.157798538064435	5816.692603609232	702.7121182233876	1049.9999999999998	83.41989466253192	1043.123499845909	NaN
0	0.10500000000000001	928.725106113403	5.117687937401255	5862.277731787321	702.6867113716925	1049.9999999999998	83.41989466253283	1043.1234998459072	NaN
0	0.10500000000000001	931.8293443598089	5.077390063860019	5908.801007609869	702.6611973243997	1050.0	83.41989466253317	1043.1234998459086	NaN
0	0.10500000000000001	934.9973845399861	5.036912533116351	5956.281132781784	702.6355810441412	1050.0	83.4198946625325	1043.1234998459086	NaN
0	0.10500000000000001	938.2304254498238	4.996263989030539	6004.736097885261	702.609868135436	1050.0	83.41989466253278	1043.1234998459083	NaN
0	0.10500000000000001	941.5296105498869	4.955454127432237	6054.183064524611	702.5840648581867	1050.0	83.41989466253254	1043.123499845909	NaN
0	0.10500000000000001	944.8960198328195	4.914493714004936	6104.638243355173	702.5581781373991	1050.0	83.41989466253258	1043.1234998459086	NaN
0	0.10500000000000001	948.3306612110086	4.8733945986638005	6156.116764912666	702.5322155706518	1050.0	83.41989466253241	1043.1234998459088	NaN
0	0.10500000000000001	951.8344711340575	4.832169612864013	6208.632688772599	702.5061853616394	1050.0	83.41989466253195	1043.1234998459083	NaN
0	0.10500000000000001	955.4082990451919	4.79083265428101	6262.198770481033	702.4800963721223	1050.0	83.41989466253331	1043.1234998459076	NaN
0	0.10500000000000001	959.0529072310801	4.749398581139543	6316.8264591962115	702.4539580536817	1050.0	83.41989466253341	1043.1234998459088	NaN
0	0.10500000000000001	962.7689674090261	4.70788314459891	6372.525846428862	702.4277804036625	1050.0	83.41989466253219	1043.1234998459092	NaN
0	0.10500000000000001	966.5570592864692	4.666302898087831	6429.305644343998	702.4015739067156	1050.0	83.4198946625322	1043.1234998459079	NaN
0	0.10500000000000001	970.4176708075934	4.6246750896913245	6487.173189352464	702.3753494658414	1050.0	83.41989466253281	1043.1234998459086	NaN
0	0.10500000000000001	974.3511989400675	4.583017552216002	6546.134453802101	702.3491183321826	1050.0	83.41989466253271	1043.1234998459086	NaN
0	0.10500000000000001	978.357954548752	4.541348555359135	6606.194118935511	702.3228920111766	1050.0	83.41989466253246	1043.123499845908	NaN
0	0.10500000000000001	982.438166813961	4.499686671536675	6667.355641029822	702.2966821775827	1050.0	83.41989466253264	1043.123499845909	NaN
0	0.10500000000000001	986.5919890341875	4.458050636538405	6729.621338298222	702.2705005875151	1050.0	83.41989466253186	1043.1234998459095	NaN
0	0.10500000000000001	990.8195058920481	4.416459206035164	6792.992499735628	702.2443589881315	1050.0	83.41989466253193	1043.1234998459076	NaN
0	0.10500000000000001	995.1207410975143	4.374931020095669	6857.46949963168	702.2182690326244	1050.0	83.41989466253278	1043.1234998459083	NaN
0	0.10500000000000001	999.4956668324402	4.3334844626177595	6923.051939098092	702.1922421922808	1050.0	83.41989466253267	1043.1234998459086	NaN
0	0.10500000000000001	1003.944211493835	4.292137549886718	6989.7387621062835	702.1662896870731	1050.0	83.41989466253277	1043.123499845908	NaN
0	0.10500000000000001	1008.4662691256656	4.250907815146632	7057.528396849001	702.1404224139603	1050.0	83.41989466253291	1043.1234998459088	NaN
0	0.10500000000000001	1013.0617069130362	4.2098122229728565	7126.418868067387	702.1146508940838	1050.0	83.41989466253226	1043.1234998459095	NaN
0	0.10500000000000001	1017.7303748691959	4.1688670747498495	7196.407942261558	702.0889852145423	1050.0	83.41989466253185	1043.123499845908	NaN
0	0.10500000000000001	1022.4721108384862	4.128087965971849	7267.493202692135	702.0634350027917	1050.0	83.4198946625326	1043.1234998459076	NaN
0	0.10500000000000001	1027.2867493808824	4.087489717810863	7339.672182579916	702.0380093850094	1050.0	83.419894662533	1043.123499845908	NaN
0	0.10500000000000001	1032.174128280402	4.047086338273545	7412.942462693173	702.0127169630869	1050.0	83.41989466253297	1043.123499845908	NaN
0	0.10500000000000001	1037.1340917447944	4.006891017170992	7487.3017193379565	701.9875658128317	1050.0	83.41989466253287	1043.1234998459088	NaN
0	0.10500000000000001	1042.1664977528842	3.966916092119389	7562.747834534252	701.9625634640561	1050.0	83.41989466253249	1043.1234998459088	NaN
0	0.10500000000000001	1047.2712206332867	3.9271730585616194	7639.278934706733	701.9377169082194	1050.0	83.41989466253249	1043.123499845909	NaN
0	0.10500000000000001	1052.4481536562	3.8876725820472338	7716.8934295739155	701.9130326074544	1050.0	83.41989466253216	1043.123499845908	NaN
0	0.10500000000000001	1057.6972137522832	3.8484244968975485	7795.5900829300135	701.88851649505	1050.0	83.41989466253267	1043.1234998459083	NaN
0	0.10500000000000001	1063.018343171602	3.809437830864871	7875.368037553763	701.8641739921476	1050.0	83.41989466253288	1043.123499845908	NaN
0	0.10500000000000001	1068.4115096344476	3.7707208412845885	7956.2268175068675	701.840010031546	1050.0	83.4198946625328	1043.1234998459086	NaN
0	0.10500000000000001	1073.8767092611984	3.732281031192314	8038.166372098034	701.8160290689348	1050.0	83.41989466253251	1043.123499845909	NaN
0	0.10500000000000001	1079.413966195003	3.6941251896013148	8121.187070263512	701.7922351091429	1050.0	83.41989466253214	1043.123499845909	NaN
0	0.10500000000000001	1085.0233343047216	3.656259416521503	8205.289726136212	701.7686317227942	1050.0	83.419894662532	1043.1234998459083	NaN
0	0.10500000000000001	1090.7048961868072	3.6186891659814364	8290.475584116957	701.7452220741192	1050.0	83.4198946625325	1043.1234998459072	NaN
0	0.10500000000000001	1096.4587638964206	3.5814192759983103	8376.746329871175	701.7220089405503	1050.0	83.41989466253314	1043.1234998459083	NaN
0	0.10500000000000001	1102.2850799895523	3.5444539960249712	8464.104105988177	701.698994730686	1050.0	83.41989466253297	1043.1234998459088	NaN
0	0.10500000000000001	1108.1840149505042	3.507797036246323	8552.551473442678	701.6761815157838	1050.0	83.419894662533	1043.1234998459097	NaN
0	0.10500000000000001	1114.1557679509388	3.471451593620666	8642.091423006574	701.6535710466993	1050.0	83.41989466253214	1043.1234998459092	NaN
0	0.10500000000000001	1120.2005667442272	3.4354203824490246	8732.727373694728	701.6311647735848	1050.0	83.41989466253204	1043.1234998459086	NaN
0	0.10500000000000001	1126.3186654069284	3.3997056761417843	8824.463138928935	701.608963872484	1050.0000000000002	83.41989466253212	1043.123499845909	NaN
0	0.10500000000000001	1132.5103468353486	3.364309319314161	8917.302963998412	701.5869692534188	1050.0	83.41989466253233	1043.123499845909	NaN
0	0.10500000000000001	1138.7759185924037	3.3292327774201023	9011.251463812347	701.5651815917543	1050.0000000000002	83.41989466253227	1043.1234998459092	NaN
0	0.10500000000000001	1145.1157152271346	3.2944771472770102	9106.313657703164	701.5436013352014	1050.0	83.41989466253249	1043.123499845909	NaN
0	0.10500000000000001	1151.5300946460125	3.260043199788892	9202.49491503884	701.5222287307728	1050.0000000000002	83.41989466253239	1043.123499845909	NaN
0	0.10500000000000001	1158.0194411621953	3.225931384498102	9299.801000966292	701.5010638279892	1050.0	83.41989466253246	1043.1234998459083	NaN
0	0.10500000000000001	1164.5841611874266	3.1921418727057103	9398.238011832966	701.4801065059834	1050.0000000000002	83.41989466253256	1043.123499845908	NaN
0	0.10500000000000001	1171.224686624076	3.158674558480254	9497.812426068482	701.4593564744317	1050.0	83.41989466253291	1043.123499845908	NaN
0	0.10500000000000001	1177.9414698537676	3.125529102015033	9598.53102905739	701.4388133007176	1050.0000000000002	83.41989466253284	1043.1234998459088	NaN
0	0.10500000000000001	1184.7349870346384	3.092704929306619	9700.400962597745	701.4184764099713	1050.0	83.41989466253281	1043.123499845909	NaN
0	0.10500000000000001	1191.6057364823935	3.0602012561149703	9803.429700640878	701.3983451001359	1050.0000000000002	83.41989466253254	1043.123499845909	NaN
0	0.10500000000000001	1198.554236915444	3.0280171108073297	9907.625022991333	701.3784185563082	1050.0	83.41989466253287	1043.123499845909	NaN
0	0.10500000000000001	1205.5810269735953	2.996151349762491	10012.995008102553	701.3586958604366	1050.0000000000002	83.41989466253266	1043.123499845909	NaN
0	0.10500000000000001	1212.6866675300098	2.9646026595918187	10119.5480677586	701.3391759928398	1050.0	83.41989466253258	1043.1234998459086	NaN
0	0.10500000000000001	1219.8717383252529	2.9333695844535392	10227.292896612107	701.3198578492348	1050.0000000000002	83.41989466253241	1043.1234998459086	NaN
0	0.10500000000000001	1227.1368382713379	2.902450535441555	10336.238476754372	701.3007402466444	1050.0	83.41989466253298	1043.1234998459095	NaN
0	0.10500000000000001	1234.482587711822	2.871843791537989	10446.394111617732	701.2818219240762	1050.0000000000002	83.41989466253258	1043.1234998459092	NaN
0	0.10500000000000001	1241.9096248111089	2.841547524911912	10557.769371840412	701.2631015582361	1050.0	83.41989466253243	1043.1234998459083	NaN
0	0.10500000000000001	1249.4186057371803	2.811559808829756	10670.3740980154	701.2445777684703	1050.0000000000002	83.41989466253224	1043.1234998459083	NaN
0	0.10500000000000001	1257.0102068639787	2.7818786173968664	10784.218433725944	701.2262491166522	1050.0	83.41989466253246	1043.123499845908	NaN
0	0.10500000000000001	1264.6851224465258	2.7525018430842394	10899.312790689843	701.2081141180411	1050.0000000000002	83.41989466253253	1043.123499845909	NaN
0	0.10500000000000001	1272.4440642214704	2.7234273055337126	11015.66784277646	701.1901712467419	1050.0	83.41989466253273	1043.1234998459086	NaN
0	0.10500000000000001	1280.2877625399938	2.69465275421849	11133.294543002992	701.1724189373574	1050.0000000000002	83.41989466253247	1043.1234998459083	NaN
0	0.10500000000000001	1288.2169654188842	2.6661758786500735	11252.204109310778	701.154855591293	1050.0	83.41989466253277	1043.1234998459083	NaN
0	0.10500000000000001	1296.2324380556734	2.637994316164054	11372.408017300131	701.1374795815556	1050.0000000000002	83.41989466253246	1043.1234998459083	NaN
0	0.10500000000000001	1304.3349644681425	2.610105651915357	11493.91802482292	701.1202892527399	1050.0	83.41989466253256	1043.1234998459079	NaN
0	0.10500000000000001	1312.525346463163	2.582507428164876	11616.746156524474	701.1032829267399	1050.0000000000002	83.41989466253237	1043.1234998459086	NaN
0	0.10500000000000001	1320.8044014217423	2.555197156655933	11740.904670631655	701.0864589103529	1050.0	83.41989466253237	1043.1234998459079	NaN
0	0.10500000000000001	1329.1729666694337	2.5281723087346557	11866.406124499103	701.0698154891645	1050.0000000000002	83.41989466253267	1043.1234998459088	NaN
0	0.10500000000000001	1337.6318950079249	2.5014303346397972	11993.263307602376	701.0533509394006	1050.0000000000002	83.41989466253281	1043.1234998459092	NaN
0	0.10500000000000001	1346.1820585717132	2.4749686552132206	12121.489299379782	701.0370635227864	1050.0000000000002	83.41989466253268	1043.1234998459088	NaN
0	0.10500000000000001	1354.8243447796176	2.448784678584064	12251.097408521715	701.0209514967787	1050.0000000000002	83.41989466253284	1043.1234998459092	NaN
0	0.10500000000000001	1363.5596596522578	2.4228757934212335	12382.101222726154	701.00501311037	1050.0000000000002	83.41989466253276	1043.123499845909	NaN
0	0.10500000000000001	1372.3889259760458	2.397239378031407	12514.514581167587	700.9892466096408	1050.0000000000002	83.41989466253233	1043.1234998459083	NaN
0	0.10500000000000001	1381.313086728613	2.3718727937491355	12648.351625871808	700.97365023365	1050.0000000000002	83.41989466253226	1043.1234998459079	NaN
0	0.10500000000000001	1390.3331002213222	2.3467734021502724	12783.626728870853	700.9582222249716	1050.0000000000002	83.41989466253243	1043.1234998459086	NaN
0	0.10500000000000001	1399.4499435073099	2.3219385580468095	12920.35454331656	700.9429608253355	1050.0000000000002	83.41989466253258	1043.1234998459086	NaN
0	0.10500000000000001	1408.6646104095832	2.2973656176860002	13058.549973910303	700.9278642806138	1050.0000000000002	83.41989466253266	1043.1234998459088	NaN
0	0.10500000000000001	1417.9781150389808	2.2730519319080678	13198.228229665488	700.9129308365651	1050.0000000000002	83.41989466253278	1043.1234998459088	NaN
0	0.10500000000000001	1427.3914866665568	2.2489948621533586	13339.404747009376	700.8981587486136	1050.0000000000002	83.41989466253276	1043.1234998459086	NaN
0	0.10500000000000001	1436.9057770418835	2.2251917638122207	13482.095299540939	700.8835462715671	1050.0000000000002	83.41989466253267	1043.1234998459086	NaN
0	0.10500000000000001	1446.5220513574163	2.2016400113780223	13626.315862521495	700.8690916750062	1050.0000000000002	83.41989466253254	1043.1234998459086	NaN
0	0.10500000000000001	1456.2413995288812	2.1783369724114086	13772.082782054504	700.8547932272462	1050.0000000000002	83.41989466253285	1043.123499845909	NaN
0	0.10500000000000001	1466.0649224275498	2.155280042981931	13919.412568605107	700.8406492170316	1050.0000000000002	83.41989466253281	1043.1234998459088	NaN
0	0.10500000000000001	1475.9937492552162	2.1324666080262054	14068.322157585144	700.8266579291551	1050.0000000000002	83.41989466253301	1043.1234998459092	NaN
0	0.10500000000000001	1486.0290209157993	2.1098940823509276	14218.828659968218	700.8128176695569	1050.0000000000002	83.41989466253293	1043.1234998459088	NaN
0	0.10500000000000001	1496.171901665522	2.087559885070539	14370.949537016779	700.7991267495869	1050.0000000000002	83.41989466253261	1043.1234998459088	NaN
0	0.10500000000000001	1506.4235735410803	2.065461453961747	14524.702516719044	700.7855834947524	1050.0000000000002	83.41989466253257	1043.1234998459086	NaN
0	0.10500000000000001	1516.7852415681919	2.0435962356212656	14680.105671907379	700.7721862386285	1050.0000000000002	83.4198946625323	1043.123499845908	NaN
0	0.10500000000000001	1527.2581280215868	2.0219616992768787	14837.177334171958	700.7589333312669	1050.0000000000002	83.41989466253249	1043.1234998459086	NaN
0	0.10500000000000001	1537.8434784051697	2.0005553255006894	14995.936183551927	700.7458231322255	1050.0000000000002	83.41989466253244	1043.1234998459083	NaN
0	0.10500000000000001	1548.5425562839816	1.9793746181923721	15156.401171026797	700.7328540178531	1050.0000000000002	83.4198946625323	1043.123499845908	NaN
0	0.10500000000000001	1559.3566486795462	1.9584170948754167	15318.59159943695	700.7200243752923	1050.0000000000002	83.41989466253236	1043.1234998459083	NaN
0	0.10500000000000001	1570.2870629642168	1.9376802941805307	15482.527076906315	700.7073326070096	1050.0000000000002	83.41989466253224	1043.123499845908	NaN
0	0.10500000000000001	1581.3351309670109	1.9171617691996528	15648.227578423242	700.6947771266729	1050.0000000000002	83.41989466253256	1043.1234998459086	NaN
0	0.10500000000000001	1592.5022035694797	1.896859098805691	15815.713364789879	700.6823563660288	1050.0000000000002	83.41989466253244	1043.1234998459086	NaN
0	0.10500000000000001	1603.7896563265124	1.87676987819016	15985.005066924756	700.6700687690594	1050.0000000000002	83.41989466253234	1043.1234998459083	NaN
0	0.10500000000000001	1615.1988877414547	1.8568917232479396	16156.123659993951	700.6579127946152	1050.0000000000002	83.41989466253236	1043.1234998459083	NaN
0	0.10500000000000001	1626.731317430609	1.8372222746445628	16329.09043588266	700.6458869188507	1050.0000000000002	83.41989466253216	1043.1234998459083	NaN
0	0.10500000000000001	1638.3883943177996	1.8177591848214705	16503.9271261007	700.633989627232	1050.0000000000002	83.41989466253216	1043.1234998459083	NaN
0	0.10500000000000001	1650.1715847501885	1.798500139108423	16680.655723540825	700.6222194273935	1050.0000000000002	83.4198946625322	1043.1234998459083	NaN
0	0.10500000000000001	1662.0823854638977	1.7794428349071705	16859.298676942264	700.6105748363665	1050.0000000000002	83.4198946625321	1043.1234998459083	NaN
0	0.10500000000000001	1674.122313063568	1.7605849998435648	17039.878733102258	700.5990543916258	1050.0000000000002	83.41989466253213	1043.1234998459086	NaN
0	0.10500000000000001	1686.2929165364035	1.7419243727565188	17222.4191245677	700.5876566394278	1050.0000000000002	83.4198946625323	1043.1234998459086	NaN
0	0.10500000000000001	1698.5957624317728	1.7234587276403517	17406.94334735312	700.5763801493908	1050.0000000000002	83.41989466253237	1043.1234998459088	NaN
0	0.10500000000000001	1711.0324541792065	1.7051858450120336	17593.47545068199	700.5652234969635	1050.0000000000002	83.4198946625325	1043.123499845909	NaN
0	0.10500000000000001	1723.6046137333185	1.687103540434191	17782.0397616891	700.5541852807995	1050.0000000000002	83.41989466253277	1043.1234998459088	NaN
0	0.10500000000000001	1736.313897074261	1.6692096423777523	17972.661117905176	700.5432641091971	1050.0000000000002	83.41989466253253	1043.1234998459086	NaN
0	0.10500000000000001	1749.161983020355	1.6515020092008261	18165.364699463407	700.5324586104236	1050.0000000000002	83.41989466253244	1043.1234998459083	NaN
0	0.10500000000000001	1762.1505840128443	1.63397851471579	18360.176190856266	700.5217674238631	1050.0000000000002	83.4198946625322	1043.1234998459083	NaN
0	0.10500000000000001	1775.2814381373344	1.616637060055554	18557.121661268957	700.5111892072196	1050.0000000000002	83.41989466253216	1043.1234998459083	NaN
0	0.10500000000000001	1788.5563175699488	1.5994755630772763	18756.227691261196	700.5007226300107	1050.0000000000002	83.41989466253199	1043.1234998459083	NaN
0	0.10500000000000001	1801.9770239932832	1.582491965392591	18957.521304013528	700.49036637782	1050.0000000000005	83.41989466253213	1043.1234998459086	NaN
0	0.10500000000000001	1815.5453873692184	1.5656842344316506	19161.029946921593	700.4801191535151	1050.0000000000002	83.41989466253196	1043.1234998459083	NaN
0	0.10500000000000001	1829.2632738095333	1.5490503543225873	19366.78160964621	700.4699796716501	1050.0000000000005	83.41989466253197	1043.123499845908	NaN
0	0.10500000000000001	1843.132579933293	1.532588333773128	19574.804739482057	700.4599466632338	1050.0000000000002	83.41989466253236	1043.1234998459086	NaN
0	0.10500000000000001	1857.1552372141539	1.5162962015055514	19785.128306562703	700.4500188729131	1050.0000000000005	83.41989466253278	1043.123499845909	NaN
0	0.10500000000000001	1871.3332089536664	1.5001720105512637	19997.781758464436	700.440195061554	1050.0	83.41989466253261	1043.1234998459083	NaN
0	0.10500000000000001	1885.6684966611774	1.484213831652764	20212.795115898203	700.4304740021864	1049.9999999999998	83.41989466253294	1043.1234998459086	NaN
0	0.10500000000000001	1900.1631380321703	1.468419756543803	20430.19894238799	700.4208544819714	1050.0	83.41989466253284	1043.1234998459088	NaN
0	0.10500000000000001	1914.8192028233843	1.4527879030585973	20650.024282402715	700.4113353052797	1049.9999999999998	83.41989466253293	1043.1234998459086	NaN
0	0.10500000000000001	1929.6388043507918	1.4373164034590393	20872.302833814225	700.4019152865503	1050.0	83.41989466253283	1043.1234998459086	NaN
0	0.10500000000000001	1944.6240885292211	1.4220034169190512	21097.06678350412	700.392593257862	1049.9999999999998	83.41989466253253	1043.123499845908	NaN
0	0.10500000000000001	1959.7772425604205	1.4068471210238085	21324.348937676215	700.3833680637256	1050.0	83.41989466253222	1043.123499845908	NaN
0	0.10500000000000001	1975.1004958788028	1.3918457118103171	21554.18273604273	700.3742385610806	1049.9999999999998	83.41989466253277	1043.1234998459086	NaN
0	0.10500000000000001	1990.5961190450203	1.3769974057652494	21786.60223522995	700.3652036204818	1050.0	83.41989466253254	1043.1234998459083	NaN
0	0.10500000000000001	2006.2664204473951	1.3623004436185553	22021.642059303427	700.3562621283793	1049.9999999999998	83.41989466253264	1043.1234998459086	NaN
0	0.10500000000000001	2022.113758708132	1.347753079392932	22259.337585850255	700.3474129804272	1050.0	83.41989466253256	1043.1234998459086	NaN
0	0.10500000000000001	2038.1405300050658	1.3333535931210674	22499.72475581799	700.3386550891939	1049.9999999999998	83.41989466253261	1043.123499845908	NaN
0	0.10500000000000001	2054.3491796039843	1.3191002809269285	22742.840246489573	700.3299873781004	1050.0	83.41989466253226	1043.1234998459083	NaN
0	0.10500000000000001	2070.7421975526977	1.3049914598197885	22988.721406899163	700.3214087843124	1049.9999999999998	83.41989466253281	1043.1234998459086	NaN
0	0.10500000000000001	2087.3221218662256	1.2910254656612286	23237.406305607925	700.3129182574764	1050.0	83.41989466253277	1043.1234998459086	NaN
0	0.10500000000000001	2104.0915384922464	1.277200654012202	23488.933730186593	700.3045147602107	1049.9999999999998	83.41989466253244	1043.123499845908	NaN
0	0.10500000000000001	2121.053088056312	1.263515395467519	23743.343288389024	700.296197265245	1050.0	83.4198946625325	1043.1234998459083	NaN
0	0.10500000000000001	2138.2094534224116	1.2499680865744618	24000.67522157163	700.287964762034	1049.9999999999998	83.41989466253254	1043.123499845908	NaN
0	0.10500000000000001	2155.5633790449974	1.2365571350811413	24260.970694958913	700.2798162477661	1050.0	83.41989466253223	1043.1234998459083	NaN
0	0.10500000000000001	2173.117658483605	1.2232809708504722	24524.27161037379	700.2717507339771	1049.9999999999998	83.4198946625328	1043.1234998459086	NaN
0	0.10500000000000001	2190.875140178784	1.2101380420613048	24790.62069287269	700.2637672442163	1050.0	83.41989466253256	1043.1234998459083	NaN
0	0.10500000000000001	2208.838732324757	1.1971268125250822	25060.061563832747	700.255864812396	1049.9999999999998	83.41989466253261	1043.1234998459086	NaN
0	0.10500000000000001	2227.0113982443945	1.1842457660128798	25332.638671580793	700.2480424853989	1050.0	83.41989466253251	1043.1234998459086	NaN
0	0.10500000000000001	2245.3961637650673	1.1714934018161454	25608.39740202669	700.2402993203613	1049.9999999999998	83.41989466253288	1043.1234998459088	NaN
0	0.10500000000000001	2263.9961137694263	1.158868238140337	25887.384026928405	700.2326343867131	1050.0	83.41989466253263	1043.1234998459086	NaN
0	0.10500000000000001	2282.8143973206224	1.1463688094516877	26169.645780767663	700.2250467645482	1049.9999999999998	83.41989466253268	1043.1234998459083	NaN
0	0.10500000000000001	2301.8542279414023	1.1339936672808388	26455.230864937184	700.2175355450921	1050.0	83.41989466253257	1043.1234998459086	NaN
0	0.10500000000000001	2321.1188877319246	1.1217413785250816	26744.188509506264	700.2100998296536	1049.9999999999998	83.41989466253273	1043.1234998459083	NaN
0	0.10500000000000001	2340.61172384384	1.109610528686185	27036.568920335158	700.2027387315703	1050.0000000000002	83.41989466253246	1043.1234998459086	NaN
0	0.10500000000000001	2360.3361526204167	1.0975997200950227	27332.423341175218	700.1954513751145	1050.0000000000002	83.4198946625323	1043.1234998459086	NaN
0	0.10500000000000001	2380.295669283429	1.0857075670955958	27631.804198967406	700.1882368925527	1050.0000000000002	83.41989466253285	1043.123499845909	NaN
0	0.10500000000000001	2400.493832425657	1.0739327063912771	27934.764871240117	700.1810944304058	1050.0000000000002	83.41989466253271	1043.1234998459088	NaN
0	0.10500000000000001	2420.9342872342017	1.0622737842441012	28241.360034446145	700.1740231416669	1050.0000000000002	83.41989466253258	1043.1234998459086	NaN
0	0.10500000000000001	2441.620748471053	1.0507294675179755	28551.645408682198	700.1670221924836	1050.0000000000002	83.41989466253234	1043.1234998459086	NaN
0	0.10500000000000001	2462.5570216421993	1.0392984327261197	28865.6780752146	700.1600907554994	1050.0000000000002	83.41989466253243	1043.1234998459086	NaN
0	0.10500000000000001	2483.746982786632	1.02797937834683	29183.51617332671	700.1532280173067	1050.0000000000002	83.41989466253223	1043.1234998459086	NaN
0	0.10500000000000001	2505.1946058369585	1.0167710110079684	29505.219310714263	700.1464331700546	1050.0000000000002	83.41989466253264	1043.1234998459088	NaN
0	0.10500000000000001	2526.903943573031	1.0056720569082565	29830.848277801262	700.139705418359	1050.0000000000002	83.41989466253278	1043.1234998459086	NaN
0	0.10500000000000001	2548.879139730707	0.9946812564083187	30160.4652293659	700.1330439760073	1050.0000000000002	83.41989466253276	1043.1234998459086	NaN
0	0.10500000000000001	2571.124437317862	0.9837973611505508	30494.133809277962	700.1264480642012	1050.0000000000002	83.41989466253246	1043.1234998459086	NaN
0	0.10500000000000001	2593.644167739241	0.97301914066622	30831.91898737816	700.1199169155451	1050.0000000000002	83.41989466253226	1043.1234998459086	NaN
0	0.10500000000000001	2616.4427636164855	0.9623453771935115	31173.887251773358	700.1134497708932	1050.0000000000002	83.41989466253233	1043.1234998459086	NaN
0	0.10500000000000001	2639.524763046174	0.9517748650510653	31520.106672706544	700.1070458789569	1050.0000000000002	83.4198946625324	1043.1234998459086	NaN
0	0.10500000000000001	2662.8948030658735	0.9413064149112069	31870.646804551896	700.1007044988806	1050.0	83.4198946625325	1043.1234998459086	NaN
0	0.10500000000000001	2686.557630070172	0.9309388502083128	32225.57884205167	700.0944248980534	1050.0000000000002	83.41989466253258	1043.1234998459088	NaN
0	0.10500000000000001	2710.5181043698344	0.9206710065111173	32584.975688702907	700.0882063517162	1050.0	83.41989466253268	1043.1234998459086	NaN
0	0.10500000000000001	2734.78119355124	0.9105017356557762	32948.91185715313	700.0820481454533	1050.0000000000002	83.41989466253264	1043.1234998459086	NaN
0	0.10500000000000001	2759.3519916762352	0.9004298988990381	33317.4637571913	700.0759495710347	1050.0	83.4198946625324	1043.1234998459083	NaN
0	0.10500000000000001	2784.2357095707357	0.8904543724473138	33690.709550082356	700.0699099297516	1050.0000000000002	83.41989466253256	1043.1234998459088	NaN
0	0.10500000000000001	2809.437684657365	0.8805740447380145	34068.729296054094	700.0639285307607	1050.0	83.41989466253297	1043.1234998459086	NaN
0	0.10500000000000001	2834.963382753367	0.8707878171469252	34451.60498126653	700.0580046914994	1050.0000000000002	83.41989466253283	1043.1234998459088	NaN
0	0.10500000000000001	2860.818412007201	0.8610946001415627	34839.42072685703	700.0521377353492	1050.0	83.41989466253258	1043.1234998459086	NaN
0	0.10500000000000001	2887.008502480913	0.8514933224350069	35232.262482685015	700.0463269971634	1050.0000000000002	83.41989466253256	1043.1234998459086	NaN
0	0.10500000000000001	2913.539546560384	0.8419829174241774	35630.218633472075	700.0405718150514	1050.0	83.41989466253243	1043.1234998459088	NaN
0	0.10500000000000001	2940.417567966176	0.8325623361774038	36033.379533977706	700.034871538227	1050.0000000000002	83.4198946625327	1043.1234998459086	NaN
0	0.10500000000000001	2967.648747029364	0.8232305397205932	36441.83788812907	700.0292255223308	1050.0	83.41989466253233	1043.1234998459083	NaN
0	0.10500000000000001	2995.2394252993913	0.8139864992026205	36855.68881813895	700.0236331295217	1050.0000000000002	83.41989466253253	1043.1234998459086	NaN
0	0.10500000000000001	3023.196104675279	0.8048291978720552	37275.029851475934	700.0180937296633	1050.0000000000002	83.41989466253233	1043.1234998459086	NaN
0	0.10500000000000001	3051.5254558234315	0.7957576299073402	37699.96104713026	700.0126066996072	1050.0000000000002	83.41989466253254	1043.1234998459086	NaN
0	0.10500000000000001	3080.234315439731	0.7867708029015775	38130.584954547754	700.0071714246868	1050.0000000000002	83.4198946625328	1043.1234998459088	NaN
0	0.10500000000000001	3109.329706589244	0.777867733084368	38567.00691872064	700.0017872958188	1050.0000000000002	83.41989466253277	1043.1234998459088	NaN
0	0.10500000000000001	3138.8188384846694	0.769047447304738	39009.33507686624	699.9964537106937	1050.0000000000002	83.41989466253256	1043.1234998459086	NaN
0	0.10500000000000001	3168.709118094528	0.760308981400262	39457.68053254822	699.9911700727832	1050.0000000000002	83.41989466253258	1043.1234998459086	NaN
0	0.10500000000000001	3199.0081379445874	0.7516513855719357	39912.157172703286	699.9859357945807	1050.0000000000002	83.41989466253253	1043.1234998459086	NaN
0	0.10500000000000001	3229.7237061731107	0.7430737174358385	40372.882118463	699.9807502933912	1050.0000000000002	83.4198946625324	1043.1234998459086	NaN
0	0.10500000000000001	3260.8638387492306	0.7345750462608863	40839.975608433626	699.9756129938885	1050.0000000000002	83.41989466253239	1043.1234998459086	NaN
0	0.10500000000000001	3292.436778474922	0.72615444965427	41313.561283722396	699.9705233261018	1050.0000000000002	83.41989466253258	1043.1234998459088	NaN
0	0.10500000000000001	3324.4509957454943	0.7178110154550753	41793.76619934679	699.9654807265537	1050.0000000000002	83.41989466253239	1043.1234998459083	NaN
0	0.10500000000000001	3356.9151956534197	0.7095438418546598	42280.720930792064	699.960484638327	1050.0000000000002	83.41989466253249	1043.1234998459083	NaN
0	0.10500000000000001	3389.8383297649334	0.7013520364203619	42774.55975065933	699.9555345104656	1050.0000000000002	83.4198946625324	1043.1234998459086	NaN
0	0.10500000000000001	3423.2295995013733	0.6932347173406006	43275.42067938686	699.9506297987208	1050.0000000000002	83.4198946625324	1043.1234998459086	NaN
0	0.10500000000000001	3457.0984890584887	0.6851910076430809	43783.445979033895	699.9457699620524	1050.0000000000002	83.4198946625324	1043.1234998459086	NaN
0	0.10500000000000001	3491.4547334830654	0.6772200451542942	44298.781674440055	699.940954468638	1050.0000000000002	83.41989466253241	1043.1234998459086	NaN
0	0.10500000000000001	3526.3083754214654	0.6693209713341457	44821.57840444224	699.9361827891222	1050.0000000000002	83.41989466253253	1043.1234998459086	NaN
0	0.10500000000000001	3561.6697330617153	0.6614929411344097	45351.990941015785	699.9314544025654	1050.0000000000002	83.4198946625325	1043.1234998459083	NaN
0	0.10500000000000001	3597.5494521426504	0.6537351136519678	45890.17896940233	699.9267687907915	1050.0000000000002	83.41989466253224	1043.1234998459083	NaN
0	0.10500000000000001	3633.958483186051	0.6460466597500091	46436.306746599446	699.9221254429873	1050.0	83.41989466253239	1043.1234998459088	NaN
0	0.10500000000000001	3670.9081087786317	0.6384267585453771	46990.54351058695	699.9175238535723	1050.0000000000002	83.41989466253271	1043.1234998459088	NaN
0	0.10500000000000001	3708.4099624414043	0.6308745961374091	47553.06376336613	699.9129635214266	1050.0	83.41989466253249	1043.1234998459086	NaN
0	0.10500000000000001	3746.4760408307075	0.6233893659180842	48124.047453975465	699.9084439500739	1050.0000000000002	83.41989466253264	1043.1234998459088	NaN
0	0.10500000000000001	3785.1186930385065	0.615970273303039	48703.67981799983	699.9039646505306	1050.0	83.41989466253268	1043.1234998459086	NaN
0	0.10500000000000001	3824.3506851005113	0.6086165259809643	49292.152345182585	699.8995251354162	1050.0000000000002	83.41989466253254	1043.1234998459088	NaN
0	0.10500000000000001	3864.1851618766764	0.6013273441894733	49889.66220764327	699.8951249251488	1050.0	83.41989466253273	1043.1234998459086	NaN
0	0.10500000000000001	3904.635706067398	0.5941019525506959	50496.413145112456	699.8907635430136	1050.0000000000002	83.41989466253263	1043.1234998459088	NaN
0	0.10500000000000001	3945.716335028011	0.5869395838753416	51112.61541715298	699.886440517454	1050.0	83.41989466253264	1043.1234998459086	NaN
0	0.10500000000000001	3987.4415191878056	0.5798394789481519	51738.48607944498	699.8821553819372	1050.0000000000002	83.41989466253274	1043.1234998459088	NaN
0	0.10500000000000001	4029.826207033307	0.5728008853972567	52374.24935853395	699.8779076742667	1050.0	83.41989466253274	1043.1234998459086	NaN
0	0.10500000000000001	4072.88584566086	0.5658230575725951	53020.136960119424	699.8736969365046	1050.0000000000002	83.41989466253251	1043.1234998459088	NaN
0	0.10500000000000001	4116.63639641785	0.5589052573601124	53676.38830367406	699.8695227154593	1050.0	83.4198946625327	1043.1234998459088	NaN
0	0.10500000000000001	4161.094360069813	0.5520467535822269	54343.25089994973	699.8653845623176	1050.0000000000002	83.41989466253263	1043.123499845909	NaN
0	0.10500000000000001	4206.276809356341	0.5452468205416185	55020.9808393146	699.8612820317644	1050.0	83.41989466253263	1043.1234998459086	NaN
0	0.10500000000000001	4252.201386334658	0.5385047420498674	55709.84275191087	699.8572146844066	1050.0000000000002	83.41989466253237	1043.1234998459088	NaN
0	0.10500000000000001	4298.886370924303	0.5318198049760748	56410.11083581849	699.8531820828775	1050.0	83.41989466253258	1043.1234998459086	NaN
0	0.10500000000000001	4346.350684020279	0.5251913029269794	57122.06890375609	699.8491837940555	1050.0000000000002	83.41989466253258	1043.1234998459086	NaN
0	0.10500000000000001	4394.613899623857	0.5186185383876851	57846.01056504522	699.8452193903483	1050.0	83.41989466253254	1043.1234998459086	NaN
0	0.10500000000000001	4443.696309881343	0.5121008177951697	58582.240201186905	699.8412884467189	1050.0000000000002	83.41989466253254	1043.1234998459086	NaN
0	0.10500000000000001	4493.618947587586	0.5056374529647184	59331.07330341573	699.8373905415427	1050.0	83.41989466253278	1043.1234998459086	NaN
0	0.10500000000000001	4544.40358893707	0.4992277649964683	60092.83651397001	699.8335252589592	1050.0000000000002	83.41989466253258	1043.1234998459088	NaN
0	0.10500000000000001	4596.072845796289	0.4928710769428806	60867.869010170245	699.8296921844473	1050.0	83.41989466253247	1043.1234998459086	NaN
0	0.10500000000000001	4648.650147942778	0.48656672081083274	61656.52223801144	699.8258909090426	1050.0000000000002	83.41989466253258	1043.1234998459088	NaN
0	0.10500000000000001	4702.1598376865995	0.48031403080949386	62459.161331478776	699.8221210252655	1050.0	83.41989466253247	1043.1234998459086	NaN
0	0.10500000000000001	4756.627165089053	0.47411234902169785	63276.165040833796	699.8183821305348	1050.0000000000002	83.41989466253257	1043.1234998459086	NaN
0	0.10500000000000001	4812.078363362704	0.46796102171769305	64107.92686361127	699.8146738249437	1049.9999999999998	83.4198946625326	1043.1234998459083	NaN
0	0.10500000000000001	4868.5406762242765	0.46185940161035555	64954.85545491474	699.8109957126153	1050.0	83.41989466253267	1043.1234998459088	NaN
0	0.10500000000000001	4926.042416977594	0.4558068467594098	65817.37551365966	699.8073474010391	1050.0000000000002	83.41989466253256	1043.1234998459088	NaN
0	0.10500000000000001	4984.613035155771	0.44980271916518655	66695.92878220472	699.8037285002215	1050.0	83.41989466253274	1043.1234998459086	NaN
0	0.10500000000000001	5044.2831592096845	0.443846386250707	67590.9746866805	699.800138623574	1050.0000000000002	83.4198946625325	1043.1234998459088	NaN
0	0.10500000000000001	5105.084665648272	0.43793721990925505	68502.99137409296	699.7965773873391	1050.0	83.41989466253268	1043.1234998459086	NaN
0	0.10500000000000001	5167.050723195038	0.432074598368965	69432.47637467291	699.7930444117084	1050.0000000000002	83.41989466253243	1043.1234998459086	NaN
0	0.10500000000000001	5230.215898380625	0.4262579025362689	70379.94818576089	699.7895393186193	1050.0	83.41989466253254	1043.1234998459086	NaN
0	0.10500000000000001	5294.616173155426	0.4204865210579015	71345.94653600141	699.7860617347998	1050.0000000000002	83.41989466253256	1043.1234998459088	NaN
0	0.10500000000000001	5360.289081014379	0.4147598447819176	72331.03442720945	699.7826112884301	1050.0	83.41989466253273	1043.1234998459086	NaN
0	0.10500000000000001	5427.273745119451	0.4090772706883857	73335.79870621144	699.7791876115077	1050.0000000000002	83.41989466253251	1043.1234998459086	NaN
0	0.10500000000000001	5495.61098609191	0.40343819996100383	74360.8516817276	699.7757903386834	1050.0	83.41989466253251	1043.1234998459088	NaN
0	0.10500000000000001	5500.0	0.4030813344072031	74426.68653348339	699.7755753629787	1050.0	83.41989466253217	1043.123499845908	NaN
