-0.212935133089138
-0.209855401557501
-0.206808557448586
-0.203790490539557
-0.200792792193365
-0.197812618375343
-0.194838880182718
-0.191854083657344
-0.188858910859455
-0.185835045968439
-0.182753352401862
-0.179601404399241
-0.176339699214168
-0.172926263427806
-0.169310081754896
-0.165399148558876
-0.161087925992188
-0.156205290382396
-0.150498416872345
-0.143575628364791
-0.134811062637565
-0.123126643212062
-0.106636613803421
-0.0816966600466512
-0.211632441240644
-0.208521243475793
-0.205439426955165
-0.202383321239237
-0.19934276310248
-0.196309709155116
-0.193268835583705
-0.190220335296262
-0.187135875858772
-0.184005043713917
-0.180799405691687
-0.177489701264662
-0.174026475554074
-0.170364481836083
-0.166409839620982
-0.162059557985206
-0.157142480155471
-0.151415307637313
-0.144490119656876
-0.135752937506745
-0.124175893756243
-0.107926729177893
-0.0847335099981475
-0.0494495564316955
-0.210343754635163
-0.207200071527231
-0.204083915002316
-0.200976186024191
-0.197885322778598
-0.194788188855247
-0.19168239903717
-0.188546119270607
-0.185354954603461
-0.18210125874462
-0.178737772123809
-0.175232056619462
-0.171519058940833
-0.167522000414122
-0.163136835756413
-0.158179819243076
-0.15243367282355
-0.14550946365997
-0.136806572309844
-0.125630012823836
-0.110725386358861
-0.0891225168176933
-0.0556511505661205
0.00040412032654924
-0.209066606750813
-0.205882644599841
-0.20272196908399
-0.199564943964493
-0.196414390034782
-0.193244736142159
-0.190055305676942
-0.186813647078996
-0.183503186645929
-0.180090132595128
-0.176533446013428
-0.172775098527113
-0.168735816826677
-0.16430382224391
-0.159364131884972
-0.153765785600111
-0.147131049390841
-0.138946688934302
-0.128378944735806
-0.114019154435614
-0.0933441370733386
-0.0615656956332114
-0.00882836236131189
0.0869393299551665
-0.207672164647736
-0.204479589534948
-0.201298828950305
-0.198107909750199
-0.194913317094526
-0.191684093962964
-0.188418898108026
-0.185088197165717
-0.181666300408562
-0.1781169174612
-0.174389665745974
-0.170412175208652
-0.166087591541599
-0.161283488857274
-0.155787114892718
-0.149289474601714
-0.141305102675382
-0.131054131615324
-0.117206082877413
-0.0974092572467356
-0.0672035396523932
-0.0175479609204645
0.0716645866780724
0.24987422564647
-0.206121791685314
-0.202949322527139
-0.19976623252321
-0.196569652576923
-0.193353928691822
-0.19009563359884
-0.186778914760742
-0.183367649293819
-0.17983924150694
-0.176133174413355
-0.17218907175814
-0.167913564649323
-0.163170295484735
-0.15776043039874
-0.151393703798563
-0.143606201695501
-0.133654203861715
-0.120296504358647
-0.10131898569641
-0.0725930585425257
-0.0257819743871748
0.0574218545348835
0.221524453516099
0.585995940997983
-0.204554652209509
-0.201377492595961
-0.198195154030996
-0.194982405352196
-0.191734362600739
-0.188426583458664
-0.185034424357932
-0.181521504557973
-0.17783983489571
-0.173928404693106
-0.169695586770246
-0.165012038463979
-0.159690450847693
-0.153448496323125
-0.145848184678505
-0.136185563972775
-0.12328571795464
-0.105087818094514
-0.0777415321147981
-0.0335695708174572
0.0441198055579229
0.195455186283789
0.527066104438652
1.32923759191905
-0.202956316325986
-0.199775231817043
-0.196573954812285
-0.193333600634228
-0.190040413306523
-0.186659949641967
-0.183165262096924
-0.179507837726986
-0.175628522852394
-0.171438353156372
-0.16681511361808
-0.161576469425251
-0.155456111578232
-0.148030545331224
-0.138645057374559
-0.126186880613171
-0.108718880109535
-0.0826671426200161
-0.0409453642405655
0.0316883920145443
0.171444397924024
0.473571336102367
1.19897300232796
2.88091010874452
-0.201321917262932
-0.198125903136948
-0.194894543820764
-0.191613404414227
-0.188249431374771
-0.184771673268465
-0.181139930118578
-0.177291712567257
-0.17314356294699
-0.168573184975672
-0.163419387111793
-0.157412135496456
-0.150162905909575
-0.14103833712377
-0.128995324732134
-0.112221408021403
-0.0873779065581049
-0.0479363354773117
0.0200482936435673
0.149292559330943
0.424947537969246
1.0809240673109
2.62757523441203
5.17566246308099
-0.199639182293929
-0.196423907869873
-0.193150640956654
-0.18980115716265
-0.18634299390574
-0.182731962720364
-0.178914244974674
-0.174807853766757
-0.17029731224096
-0.165218417155129
-0.159324136231954
-0.152238333122474
-0.143367913683257
-0.131717738980665
-0.115598010577379
-0.0918941624358372
-0.0545700377917075
0.00913879623119663
0.12882708944462
0.380690585085607
0.974053001685523
2.39075838353036
4.88284979738027
NA
-0.197911569442587
-0.194650459635991
-0.191315793327998
-0.187876924026764
-0.184290246806681
-0.180501141137848
-0.176434159907094
-0.171980630411477
-0.166974771041314
-0.161190594433057
-0.154262910185198
-0.145632101252142
-0.134361343034559
-0.118855178797014
-0.0962219872511999
-0.0608678333407458
-0.00110130831638777
0.109888349198586
0.340348557611393
0.877361835705402
2.17076442312115
4.57914244018383
5.54133833905167
NA
-0.196118743426243
-0.192795542532426
-0.189374225858261
-0.185811874766053
-0.182053111151028
-0.178025601540327
-0.173620570115773
-0.168695342992425
-0.163009361345605
-0.156238836082633
-0.147834502643567
-0.136922227174148
-0.122000462877203
-0.10037123899871
-0.0668541146415472
-0.0107280053094403
0.0923364785290398
0.303523660373616
0.789893525278738
1.96751466421658
4.27156636337225
5.8235920104341
NA
NA
-0.194242505204416
-0.190838316602203
-0.187296714296407
-0.183568826273092
-0.179578803750337
-0.175227658951265
-0.170369890008489
-0.164791167206872
-0.158161460569907
-0.14997758217673
-0.139407132678061
-0.125038609843038
-0.104354701822686
-0.0725464981974236
-0.0197836910035818
0.0760444995094663
0.269856035704448
0.710760472797763
1.78061953216
3.96570009894282
5.9212123042689
NA
NA
NA
-0.192266790742144
-0.188748522762882
-0.185049886680522
-0.181094308944838
-0.176796882116013
-0.172007303295112
-0.16652586799362
-0.160038588156125
-0.152064219938945
-0.141818917062483
-0.127974302555824
-0.108175427432286
-0.0779711218388411
-0.0283103764011105
0.0608978959909124
0.239028617709881
0.639136582696515
1.60945402700809
3.66595727430641
5.88901288253722
NA
NA
NA
NA
-0.190165028180271
-0.186497091144517
-0.182578643384391
-0.178328402502817
-0.173604459289601
-0.168217677397811
-0.161869031968594
-0.154094171788582
-0.144157423019697
-0.130811640089814
-0.111848771232309
-0.0831363854958731
-0.0363543449091655
0.0468022174807564
0.210754590615093
0.574263071887638
1.45322486430763
3.37577064716451
5.76462978005821
NA
NA
NA
NA
NA
-0.187907691600911
-0.18402849306247
-0.179821792028907
-0.175168629450804
-0.169870636756437
-0.163650831402149
-0.156070508135516
-0.146429000416692
-0.133550961475459
-0.115378904202341
-0.0880638944823887
-0.0439472358499699
0.0336616164143244
0.184782735291143
0.515457615818019
1.31101488190232
3.09774259869647
5.57480972162098
NA
NA
NA
NA
NA
NA
-0.185442613926766
-0.181284065529528
-0.176692341903495
-0.171482734844355
-0.165390081718169
-0.157992612718777
-0.148634149289762
-0.136203849972487
-0.118770916489083
-0.0927689021145763
-0.0511207098254776
0.0213944394190086
0.160889382781484
0.462093775769799
1.18184971530144
2.83376153472663
5.33916646040487
NA
NA
NA
NA
NA
NA
NA
-0.182710683548169
-0.178181065190083
-0.17305577798731
-0.167083115309991
-0.159864806257136
-0.150774042115557
-0.138768609460326
-0.1220369574167
-0.0972591440539822
-0.0579065543022032
0.00992995738904768
0.1388730259058
0.413609396790714
1.06472387321763
2.58509666858343
5.07247572989161
NA
NA
NA
NA
NA
NA
NA
NA
-0.179632919758491
-0.174592423012022
-0.168733419083154
-0.161686382713866
-0.152852168453924
-0.141250217687462
-0.12518073502917
-0.101552283605745
-0.0643324578348974
-0.000800102712403827
0.118554289534895
0.369506158810974
0.95863523016505
2.35249611120625
4.78609465044682
NA
NA
NA
NA
NA
NA
NA
NA
NA
-0.176088467049667
-0.170344226689622
-0.163460337156103
-0.154871185922838
-0.143650993834347
-0.128207359684279
-0.105656490244673
-0.070424026760291
-0.0108540331397773
0.0997755280776964
0.329330933505194
0.862611139375381
2.13625888365956
4.4888937621382
5.37742522987928
NA
NA
NA
NA
NA
NA
NA
NA
NA
-0.17191335846945
-0.165185848253234
-0.156831264599782
-0.145975158715816
-0.131122055732087
-0.109585092031411
-0.0761997361705759
-0.0202850938325288
0.082391352931058
0.292679546175485
0.77572630393258
1.93631634765139
4.18785949482066
5.67043443001753
NA
NA
NA
NA
NA
NA
NA
NA
NA
NA
-0.166864716304838
-0.158737132291453
-0.148225702935386
-0.13393453477981
-0.11334551397616
-0.0816849523162127
-0.0291446004901665
0.0662769647337616
0.259197978806204
0.697108202491152
1.75230725307166
3.88850224680417
5.77725415258325
NA
NA
NA
NA
NA
NA
NA
NA
NA
NA
NA
-0.160585960451753
-0.150404945734861
-0.136641487686651
-0.11695184364128
-0.0868963930795647
-0.0374767931710167
0.0513183018775152
0.228563084266501
0.625946908808133
1.58364554262939
3.59514560773911
5.75307173768547
NA
NA
NA
NA
NA
NA
NA
NA
NA
NA
NA
NA
-0.152516461416949
-0.139256243809157
-0.120405051024841
-0.0918541618852533
-0.045316472451276
0.0374103328928719
0.200487769873877
0.561503574372936
1.42957275926865
3.31113319325081
5.63592123569482
NA
NA
NA
NA
NA
NA
NA
NA
NA
NA
NA
NA
NA
-0.141776094418711
-0.12371900440376
-0.0965719765047783
-0.0527064719303425
0.0244638837914248
0.174723820541866
0.503090541973083
1.28922197042058
3.03898960864715
5.45288464490283
NA
NA
NA
NA
NA
NA
NA
NA
NA
NA
NA
NA
NA
NA
-0.188046452646605
-0.185834116407056
-0.183640805698504
-0.181461950869746
-0.179289099294408
-0.177121593909254
-0.174950626975145
-0.172761525237381
-0.170559197532908
-0.168315501064176
-0.166021276464564
-0.163651005191676
-0.16118504600899
-0.158583370985546
-0.155791279133094
-0.152741818923094
-0.149338780518002
-0.145435843097873
-0.140812974461421
-0.135135100740917
-0.127850804148702
-0.118034581522105
-0.104028246403876
-0.0826070505647457
-0.186555938051395
-0.184320075141992
-0.182098162384923
-0.17987672948839
-0.177669933506401
-0.17545525566158
-0.173225502669336
-0.170977687850958
-0.168694603463662
-0.166357456144226
-0.163948071492187
-0.16143807972432
-0.158794292537629
-0.155955281374111
-0.152860493599969
-0.14941365615845
-0.145456390592008
-0.140787075990828
-0.135058489394674
-0.127740714309044
-0.117911012040786
-0.103955436799427
-0.082762466722955
-0.0478417516151773
-0.185085782694944
-0.182819789626912
-0.180557407341709
-0.178302576669122
-0.176044795826623
-0.173776868795708
-0.171480605469159
-0.169157002450141
-0.166780472586335
-0.164325422379242
-0.161774901143321
-0.159081685705208
-0.156208639412479
-0.153064469524714
-0.149565397837347
-0.145571198345091
-0.140848713488558
-0.135080770576654
-0.12772628269741
-0.117896573900545
-0.104003272984893
-0.0830484472788503
-0.0488301024026398
0.0130368535800463
-0.183630305431475
-0.181325455896145
-0.179024894328071
-0.176720407204996
-0.174408643591386
-0.172073179924845
-0.169705388405775
-0.167281634793083
-0.164789650826866
-0.16219108673389
-0.159460828541281
-0.156533323014009
-0.153352654593733
-0.149811375316234
-0.145762417466311
-0.141002367893374
-0.135192563191024
-0.127813162575081
-0.117981714230979
-0.104165541913496
-0.0834568723791636
-0.0499374136570996
0.00991094547968883
0.132094002301169
-0.182178248723657
-0.179828158067425
-0.177485302926573
-0.175125483997748
-0.17274541014196
-0.170336953170515
-0.167871955556635
-0.165332787203729
-0.16269315333444
-0.159916280651545
-0.156947861246419
-0.153719904322944
-0.15013360284188
-0.146045687513484
-0.141240560030172
-0.135397761831933
-0.127992324481637
-0.118173734371655
-0.104432913712866
-0.0839796223924586
-0.051153708535149
0.00677345884494685
0.122934075726076
0.403766024095137
-0.180719303014268
-0.178333525372269
-0.175926568675221
-0.173506188575427
-0.171049662878419
-0.168537082812517
-0.165959492426681
-0.163276197786143
-0.160455077253609
-0.157444736360381
-0.154171511161544
-0.150540160002436
-0.146409935225093
-0.141567087819334
-0.135689281408497
-0.128266673362919
-0.118462297250262
-0.104811890243008
-0.0846117835052596
-0.0524638771372298
0.00362018217098204
0.114216893650619
0.374567482523568
0.945383152928112
-0.179263124047148
-0.176815552561491
-0.174345714102396
-0.171843302403824
-0.169291176152297
-0.166666758064587
-0.163940624000899
-0.161073688777211
-0.158018064683707
-0.154706123982343
-0.15103050223832
-0.146857331148642
-0.141975737395835
-0.136068764677031
-0.128633173017488
-0.118847734833159
-0.105286264916108
-0.0853492963537904
-0.0538661235449097
0.000455252662573179
0.105893661777596
0.347997164767748
0.864734108067345
1.90082086076689
-0.177783218908351
-0.175267816919048
-0.172723261597378
-0.170125839018992
-0.167455051034554
-0.16468576752741
-0.161773324277177
-0.158675581547074
-0.155316365611263
-0.151603103674903
-0.147388277706679
-0.142470765304235
-0.136533133595626
-0.129086152769764
-0.119324816155476
-0.105862207924087
-0.0861864412639671
-0.0553529874108883
-0.00271439028209297
0.0979288476901024
0.32352457561759
0.790813958987471
1.7420590270554
3.58697425176938
-0.176273785575226
-0.173682265622396
-0.171039713916658
-0.168324847037395
-0.165507150451535
-0.162555943601995
-0.159413127119623
-0.156010718509935
-0.152253050766127
-0.147998828453002
-0.143047305479796
-0.137083642701889
-0.129628548536531
-0.119891956980085
-0.106530446667315
-0.0871123824957839
-0.0569221661616818
-0.00589207681411264
0.0902874470485618
0.30064951707873
0.72307380546446
1.59543574962925
3.33164752538768
5.59439427045473
-0.174720395647162
-0.172033448774696
-0.169272239603888
-0.166413252081659
-0.163414420675791
-0.160225533938084
-0.156784634951554
-0.152984291013217
-0.148690606465198
-0.143704539710632
-0.137719021578666
-0.130255650418991
-0.120549239971013
-0.107287976958845
-0.0881335850006995
-0.0585672241685114
-0.00906866452627851
0.0829423530090781
0.278944807493688
0.660962535495679
1.46033198601096
3.08670578970441
5.36668092319221
NA
-0.173106702282688
-0.170302179983958
-0.167392075689138
-0.164354525021828
-0.161120044291531
-0.15763530502208
-0.153792695526969
-0.149461573360057
-0.144444098347038
-0.138433302514413
-0.130966437662435
-0.121290475462253
-0.108137091480177
-0.0892384686773722
-0.0602796887999589
-0.0122539604119067
0.075865083541477
0.258021814494348
0.603976744174879
1.33607350475093
2.85331742914744
5.11925388381186
5.37227002680316
NA
-0.171407538958507
-0.168456828287409
-0.165366799172762
-0.162095103146447
-0.158560963588752
-0.15468265356977
-0.150312343821356
-0.145260649479988
-0.139227602347747
-0.131758827650556
-0.122117502449765
-0.109068930474456
-0.0904273957340687
-0.0620625417043311
-0.0154408455403044
0.0690328354837604
0.237525712506721
0.551651324346504
1.22195155820385
2.63228585317457
4.85890062819681
5.72600273184662
NA
NA
-0.16959662874647
-0.166461906566687
-0.163143176433682
-0.159566739614867
-0.155646105680659
-0.151240819583984
-0.146157177955224
-0.140103771533879
-0.13263122565637
-0.123026053556007
-0.110083242229028
-0.0916973591842298
-0.0639048365985354
-0.018635808304726
0.0624289664786036
0.217120673453567
0.503561349733226
1.1172583866351
2.42408694711905
4.59118251872672
5.90998014161898
NA
NA
NA
-0.167632308729356
-0.164266702491684
-0.160650664024892
-0.156688725316537
-0.152245750256834
-0.147129041906023
-0.141058040465268
-0.133585403253912
-0.124013893517062
-0.111178291460587
-0.0930424878112311
-0.065810848983876
-0.0218284655517414
0.0560244006694174
0.196505027850374
0.459325132214055
1.02128199323452
2.22892225570978
4.32068312697379
5.96901495868904
NA
NA
NA
NA
-0.165469138137542
-0.161809133411024
-0.157803923731921
-0.153321554007773
-0.148180993189148
-0.142089435903811
-0.134615917538647
-0.12508278336543
-0.112353200391948
-0.0944614669507055
-0.0677739838894374
-0.0250264393739608
0.0491989424677435
0.176011968360467
0.4185873778699
0.933341142372045
2.04675453996432
4.05117041796382
5.9350635162232
NA
NA
NA
NA
NA
-0.163040387840994
-0.158998074860797
-0.154478927549871
-0.149305398093199
-0.143195091860695
-0.135724125733786
-0.126225990834893
-0.113603342659667
-0.0959543685450441
-0.0697940421651868
-0.0282276674900866
0.0404621576596389
0.156852324240848
0.381035857165374
0.852772823640067
1.87735601390786
3.78573760065894
5.83149413009611
NA
NA
NA
NA
NA
NA
-0.160264658878107
-0.155711748425587
-0.150504271161139
-0.144376614087495
-0.136906236841003
-0.127447378492919
-0.114928425113987
-0.0975185259186865
-0.0718678599481022
-0.0320941617439692
0.0302875181525151
0.138963958622951
0.34637856476817
0.778958981837549
1.72034296794673
3.5268828674351
5.67585034338636
NA
NA
NA
NA
NA
NA
NA
-0.157014060700966
-0.151778633765861
-0.14563094388968
-0.138164314065632
-0.128742734720052
-0.116325659480239
-0.0991471660147755
-0.0745333493474041
-0.0380945169248958
0.0205488636484725
0.122244776292614
0.314353576779575
0.711317430461645
1.57521389002047
3.2765924363301
5.48161155007294
NA
NA
NA
NA
NA
NA
NA
NA
-0.153124428225313
-0.146959683522024
-0.139494989500326
-0.130150030437752
-0.118127579811353
-0.1018660519816
-0.0787592165683435
-0.0440801040727568
0.0113401004004716
0.106590712715978
0.284735518574596
0.649302085878071
1.44138224615661
3.03640026853578
5.25934108239228
NA
NA
NA
NA
NA
NA
NA
NA
NA
-0.14862581109284
-0.141354622663401
-0.132327763223683
-0.12068112095111
-0.10500041449616
-0.0828408433873564
-0.0497955511174321
0.00261748358496483
0.091930036830873
0.257301108294548
0.592415815049698
1.3182073593877
2.8074309025797
5.01746344326909
5.20864898903618
NA
NA
NA
NA
NA
NA
NA
NA
NA
-0.143248790268748
-0.134456950790224
-0.123163930397455
-0.108030640477642
-0.0867677526631656
-0.0552588169923052
-0.00564388235104829
0.0781760846481153
0.231863631717649
0.540197295941349
1.20501133103278
2.59046121748082
4.76278022402252
5.57039871324497
NA
NA
NA
NA
NA
NA
NA
NA
NA
NA
-0.136530075859032
-0.125575513116489
-0.110964563140358
-0.0905496481012129
-0.0604834778583498
-0.0134813715006654
0.0652633332886516
0.208248876013173
0.492224208494404
1.10110917084781
2.38595680822375
4.50083127394731
5.76168014732708
NA
NA
NA
NA
NA
NA
NA
NA
NA
NA
NA
-0.127916345337658
-0.113802488509265
-0.0941901400516798
-0.0654848598419928
-0.0209207472440251
0.0531268250799908
0.186300306998083
0.448111078519267
1.00581821763486
2.1941190596756
4.23615091064745
5.82733523677572
NA
NA
NA
NA
NA
NA
NA
NA
NA
NA
NA
NA
-0.116552194690371
-0.0976982577382337
-0.0702712281935476
-0.027987438860162
0.0417066367440011
0.16587547136433
0.407506295002122
0.918475236251166
2.01492162625825
3.9724514478845
5.79946804919443
NA
NA
NA
NA
NA
NA
NA
NA
NA
NA
NA
NA
NA
-0.101079563338441
-0.0748568692376441
-0.0347053594132394
0.0309486003223878
0.146847715413649
0.370097520689907
0.838435499496338
1.84815705365141
3.71275186664427
5.70163850346636
NA
NA
NA
NA
NA
NA
NA
NA
NA
NA
NA
NA
NA
NA
-0.172637357255234
-0.170965569658298
-0.169307686750791
-0.167652929032776
-0.165999310418459
-0.164340517839329
-0.162674084430062
-0.160994519367833
-0.159293669740965
-0.157554842196784
-0.155774223359229
-0.153932764249506
-0.152006288541466
-0.149970008312127
-0.147784139410714
-0.145399667763179
-0.142734746575965
-0.139677825433632
-0.136069753792578
-0.131643836189043
-0.125995289828403
-0.118386328855808
-0.107510398773363
-0.090775920230982
-0.170938988839296
-0.169241833413477
-0.167562264015666
-0.165877005490072
-0.164185425059643
-0.162494156159875
-0.160784960949862
-0.15904949336174
-0.157279104003226
-0.155468911163799
-0.153594706712823
-0.151630025469523
-0.149555705309175
-0.147326248099894
-0.144889556653834
-0.142168999449465
-0.139050163675967
-0.135364953059261
-0.130849748340673
-0.125085006636288
-0.117345909259345
-0.10633105564535
-0.0894846441145008
-0.0612459413686067
-0.16926060025726
-0.167544794626357
-0.165829576184037
-0.164112512917421
-0.162382966355277
-0.160644007552365
-0.158879004414169
-0.157080224079668
-0.155234344013325
-0.153321001657304
-0.151326534994071
-0.149210672481162
-0.146938681909434
-0.144456015314936
-0.141678473906669
-0.138499121027837
-0.134740455824789
-0.130140898202931
-0.124273735940275
-0.116419818861859
-0.105283425379393
-0.0883614063176817
-0.0602944447837749
-0.00802187270765487
-0.167603571458529
-0.165857126047313
-0.16410933120359
-0.16235172516457
-0.160576362503741
-0.158782495647548
-0.156948005491357
-0.15506920057102
-0.153122685384788
-0.151088105452598
-0.148936695317081
-0.146624746704292
-0.144091738010863
-0.141263099003553
-0.138020904293867
-0.134197569987284
-0.129519250719158
-0.123558639068912
-0.115600445299262
-0.104366392700488
-0.0874048946026963
-0.059537000586678
-0.00841635700542652
0.100933533678413
-0.165960550549302
-0.164179287991448
-0.162387491997948
-0.160585101854261
-0.158754439217558
-0.15688930157957
-0.154977776665686
-0.152996038885927
-0.150919220111159
-0.148733413870022
-0.146376038447269
-0.143798640946196
-0.140921699640115
-0.137624395148624
-0.133731414419393
-0.128979967755018
-0.122935912007075
-0.114888297984237
-0.103576136515571
-0.0865912727913559
-0.0589576151960803
-0.00898189094260005
0.0956009710069601
0.36570710290195
-0.164322758376351
-0.162499166730961
-0.160662498175477
-0.158799532892574
-0.156901748405132
-0.154952107815414
-0.152936932132198
-0.150827115993781
-0.148596550304975
-0.146202108642702
-0.14357726807193
-0.140649406311239
-0.137299292759789
-0.13334635420404
-0.128525014256693
-0.122401223796024
-0.114281812759817
-0.102900882717973
-0.0859286814848357
-0.0585494732638771
-0.00968811681694604
0.0904675591323532
0.34099948785898
1.1525160412985
-0.162681196289318
-0.160811043428615
-0.158916313421799
-0.156983476317802
-0.154996581043496
-0.152948452885773
-0.150802334818127
-0.148531676369642
-0.146095059303469
-0.143427722618757
-0.140453149314633
-0.137048052968923
-0.133035823062724
-0.1281513938458
-0.121961828521699
-0.113769417113595
-0.102340501045716
-0.0853977572797212
-0.0582973099471032
-0.0105335064314049
0.0855052419287264
0.318682942745108
1.05173441797717
2.45822700632303
-0.161030317896329
-0.159101464485717
-0.157140163434307
-0.155112442079109
-0.153030102508558
-0.150845482684735
-0.148535904171721
-0.146058825932187
-0.143350475452211
-0.140322730897473
-0.13687173546206
-0.132802496617037
-0.12785553523928
-0.121606905480177
-0.113355903287902
-0.101893020905864
-0.0849978099081959
-0.0581861462362481
-0.0115018477386375
0.0806941090247867
0.298398577258243
0.96106619831892
2.28128406414791
4.16606687258065
-0.159359680001273
-0.157356169571279
-0.155304358568983
-0.153177217562849
-0.15095913060603
-0.148609023214545
-0.1460913996557
-0.143336951772829
-0.140269799214261
-0.136764969199255
-0.132644918268505
-0.127642327675433
-0.121336935980685
-0.113032297038217
-0.101552399856066
-0.0847166930003694
-0.0582142254515156
-0.0125834387912942
0.0760181180519091
0.279864515443171
0.879689492801023
2.11505299153563
3.92303216419392
5.85237946910234
-0.157645572361158
-0.155558884723189
-0.153397865581793
-0.15113649797915
-0.148754810830047
-0.146191261678916
-0.14339820439361
-0.140282554081322
-0.136731016797008
-0.132560215780068
-0.127507768013676
-0.121146351421181
-0.112804625816859
-0.101314999436634
-0.0845518338434835
-0.0583658194381434
-0.013770511503294
0.0714609017086244
0.262835107309612
0.806801329485778
1.95935779273147
3.68494843637274
5.68392098520522
NA
-0.155880691961451
-0.153685869236627
-0.15138613779398
-0.148962067607366
-0.146362366746862
-0.143523145305954
-0.140368832079609
-0.136768848955441
-0.132550087071468
-0.127446876763642
-0.121040000567073
-0.11266629903937
-0.101172036454081
-0.0844960722424533
-0.0586394476229045
-0.0150491634212831
0.0670091955488096
0.247109700712824
0.74163769837962
1.81389527814302
3.45339726458609
5.49038193459018
5.17436748619474
NA
-0.154035243910235
-0.151707818443018
-0.14923734520853
-0.1465996027406
-0.143721560012467
-0.140517828372694
-0.136878556541222
-0.132612416674153
-0.127461551106988
-0.121015382678836
-0.112610695190671
-0.101126199941647
-0.0845473735578573
-0.0590257231455976
-0.0164166162739283
0.0626594851954892
0.23252736437687
0.683839844026266
1.67789412236072
3.2296557864256
5.27814881832579
5.57563452582084
NA
NA
-0.152088932408631
-0.149583737371374
-0.146903023069137
-0.14398478282391
-0.140741533275413
-0.137054658075833
-0.132745167905566
-0.127551674601279
-0.12106842017704
-0.112641691031858
-0.101167451562012
-0.0846993459860083
-0.0595178315311485
-0.0178600737731793
0.0583952609792525
0.218941444795785
0.632509638080389
1.55111048718158
3.01470952397295
5.05253265292808
5.82159531532349
NA
NA
NA
-0.149995621186021
-0.147276721191043
-0.144316427082805
-0.141028526752466
-0.137301623975071
-0.132948314892915
-0.127716350290721
-0.121196572934118
-0.112752261383594
-0.101301898654564
-0.0849472412436817
-0.0601048673261282
-0.0193862138044194
0.054214120823218
0.206241071706796
0.586652202232154
1.43337887011258
2.80929732743363
4.81798583736161
5.94935823524435
NA
NA
NA
NA
-0.147711270966222
-0.144711206603983
-0.141387265733315
-0.137613837022593
-0.133223260706703
-0.127950726149866
-0.121400992547459
-0.112947805559241
-0.101519441928477
-0.0852880940567679
-0.0607859051593547
-0.0209750240868933
0.0501055119877974
0.194319537018967
0.545456613022849
1.32437256560028
2.61391884576446
4.57826546828785
5.98621897065096
NA
NA
NA
NA
NA
-0.145173860329713
-0.141809575700437
-0.137996475109373
-0.133565168897213
-0.128257020534098
-0.121682883833778
-0.113214291209417
-0.10182256553817
-0.0857168053974142
-0.0615555486791637
-0.0226287031437247
0.0460646724628919
0.183092198888447
0.508262161744989
1.22363700379612
2.42887541931926
4.3365495743619
5.9526368785746
NA
NA
NA
NA
NA
NA
-0.142298326588955
-0.138444787938996
-0.133976420447741
-0.128634349984335
-0.122032539419721
-0.113559636486872
-0.102206308390107
-0.0862298358879362
-0.062410600274787
-0.0243414358005047
0.042088790521933
0.172484094530328
0.474511823599691
1.13065116971407
2.25428994036792
4.09551996304494
5.86427261831347
NA
NA
NA
NA
NA
NA
NA
-0.138960412501536
-0.134452949690345
-0.129079451667062
-0.122455591689753
-0.113980333073724
-0.102668525514671
-0.08682290122099
-0.0633451879038658
-0.02611142567409
0.0381731511721748
0.162432557739084
0.443745679614117
1.04484462821613
2.09013495387947
3.85742645459308
5.73334973542331
NA
NA
NA
NA
NA
NA
NA
NA
-0.134998962260319
-0.129593262111078
-0.122949788384165
-0.114472706448324
-0.103206951745634
-0.0874969549066469
-0.0643524313502963
-0.027933282854983
0.034307249147699
0.152880459071117
0.415584971977861
0.965616382512477
1.93625175794655
3.62414692884501
5.56958044175337
NA
NA
NA
NA
NA
NA
NA
NA
NA
-0.13017352372567
-0.123509998805734
-0.115040404568986
-0.103817459994206
-0.0882493387969782
-0.0654348711287867
-0.0298044137308668
0.0304954711683969
0.143782118634371
0.389695020365144
0.892368509104329
1.79238317208598
3.39721562441841
5.38081229463534
5.0126036976786
NA
NA
NA
NA
NA
NA
NA
NA
NA
-0.124140584532098
-0.115674350820157
-0.104503310185509
-0.0890696656212526
-0.0665875064498182
-0.0317190095755056
0.0267261767418585
0.135092110240264
0.365805259261816
0.824503469614841
1.65818615560278
3.1778604230775
5.17347463723589
5.41967991859023
NA
NA
NA
NA
NA
NA
NA
NA
NA
NA
-0.116379686215141
-0.105257631542116
-0.0899642611187863
-0.0678067845386741
-0.0336806645620982
0.0230013744299393
0.126771709360797
0.343665254482753
0.761458321876102
1.53325757540141
2.96704033408405
4.95288403234675
5.6713395167428
NA
NA
NA
NA
NA
NA
NA
NA
NA
NA
NA
-0.106082993812685
-0.0909264205469889
-0.0690916940751398
-0.0356844587552709
0.0193165118257852
0.118788750453117
0.322713146533735
0.703029198637968
1.41715267900536
2.7654654500484
4.72347703833781
5.80452446939298
NA
NA
NA
NA
NA
NA
NA
NA
NA
NA
NA
NA
-0.0919582403491006
-0.0704361059758867
-0.0377280541403246
0.0156660294533166
0.111116922723815
0.302515377105671
0.648939821822917
1.30939569475975
2.57362291024773
4.48898572081429
5.8465146783466
NA
NA
NA
NA
NA
NA
NA
NA
NA
NA
NA
NA
NA
-0.0718419304440436
-0.0398089348853539
0.0120468967564982
0.103726635767711
0.282767523978411
0.598839028484115
1.20949501328875
2.39181200380813
4.25254073153825
5.81784139606703
NA
NA
NA
NA
NA
NA
NA
NA
NA
NA
NA
NA
NA
NA
-0.163981023668545
-0.162669431310239
-0.161346755248605
-0.16003432020372
-0.158722931803126
-0.157408580826524
-0.156080034651881
-0.154745806898643
-0.153389282110206
-0.152020427644343
-0.150613296583566
-0.149172121135862
-0.147672746173485
-0.146112724151328
-0.144447880079123
-0.142676228942659
-0.140725839017464
-0.13855628023813
-0.136058498252441
-0.133092167042923
-0.129403179105401
-0.124570065792443
-0.117739954268852
-0.107125972084361
-0.162065125913031
-0.160727128207491
-0.159396442666034
-0.158059513934012
-0.156726431201649
-0.155378317435363
-0.154022559956816
-0.152652515983826
-0.151254155827526
-0.149815905333448
-0.148353106854598
-0.146815240967482
-0.14521834293658
-0.14350913447512
-0.141680750298659
-0.139668415526389
-0.137410635639648
-0.134805003387498
-0.131690779494739
-0.127808409185959
-0.122708952978995
-0.115513903928182
-0.104408395967784
-0.0850663621897941
-0.160176011800893
-0.15882031130651
-0.157468679126122
-0.156110224916668
-0.15474669252647
-0.153365727241889
-0.151968762073007
-0.15054729968255
-0.149093090197554
-0.147586274006879
-0.146026459512637
-0.144384297739524
-0.142638791648389
-0.140750163814345
-0.138674662659601
-0.13633488312562
-0.133627125201827
-0.130376030185919
-0.12631526965956
-0.120967788765604
-0.113439189408209
-0.101908957246996
-0.0821375742982403
-0.0426604105207558
-0.158318019875837
-0.156943409793106
-0.155558571282809
-0.154172974516587
-0.152778725794469
-0.151349570722799
-0.149906701711686
-0.148418826931997
-0.146892669752386
-0.145294438702357
-0.143617646840427
-0.141825100304788
-0.139888464584015
-0.137749103201093
-0.135330364674723
-0.132520751429417
-0.129150411334827
-0.124916799918273
-0.119342196509967
-0.111519962362989
-0.0996128176634291
-0.0794821976042731
-0.0402427593152374
0.052305181533316
-0.156481561061186
-0.155078808617248
-0.153669753991225
-0.152243814912011
-0.150800140817853
-0.149328107156067
-0.147811398084997
-0.146254359807638
-0.144626494623643
-0.142912379306605
-0.14107440802549
-0.139089716761302
-0.136889306357047
-0.134393722971469
-0.131496051848449
-0.127995814366109
-0.123613896070179
-0.117833356337859
-0.109742683250272
-0.0975095660634525
-0.0770895790383213
-0.0381307245658027
0.0508118106024823
0.308353963000583
-0.154660863001287
-0.153226597924081
-0.151775704417319
-0.150313109889586
-0.148807957841119
-0.147270081428119
-0.145681133632244
-0.14402025543963
-0.142263995866999
-0.140390179703579
-0.138352502182234
-0.13609572448644
-0.133530572840782
-0.130537966480252
-0.126930847063741
-0.122401555599689
-0.11643492431387
-0.108102560871754
-0.0955867359760703
-0.0749336400817578
-0.0362961859121232
0.0493182775553472
0.287350517873424
1.17338420204136
-0.15284918402073
-0.151377560694294
-0.149878002896838
-0.148357797397251
-0.146786989751742
-0.145168676281629
-0.143475982400783
-0.141682482435392
-0.139763775270346
-0.137680909298001
-0.135366901035908
-0.132734121706538
-0.129655569004088
-0.125941426344452
-0.121281997571853
-0.115140284466525
-0.106595466139827
-0.0938354502767878
-0.0730021560901718
-0.0347254133434278
0.0478170611612985
0.268725651387413
1.05181080699815
2.96171130225293
-0.151035352836033
-0.14951651497088
-0.147961641215041
-0.14636723189844
-0.14471716506385
-0.142989277763466
-0.141161725744521
-0.139206545875962
-0.137069933497326
-0.134700348568137
-0.13200235567127
-0.128846074953132
-0.125035271611952
-0.120246488067725
-0.113949481401017
-0.105215053315966
-0.0922460706392093
-0.0712818019033233
-0.0333913191784321
0.0462915684990887
0.252085592074875
0.948628984699248
2.76074811806297
4.62733483048676
-0.149213759834693
-0.147633889517075
-0.146009025527259
-0.144323951933188
-0.142566748078388
-0.140703898864778
-0.138702984356567
-0.136525309921222
-0.13409930305656
-0.131338728247995
-0.12810738274939
-0.124202457548107
-0.11929512638733
-0.112863700661368
-0.103955652973428
-0.0908086813252647
-0.0697581890781408
-0.0322783707674734
0.0447309448534634
0.237122580954143
0.860346313812837
2.56551956262694
4.40390866043891
5.99880851738754
-0.147361839614699
-0.145710071675865
-0.143998945792199
-0.142201961481819
-0.140305726556669
-0.138266458059295
-0.136039625246077
-0.133563922980683
-0.130741465130693
-0.12743965836184
-0.123442431520253
-0.118431818945002
-0.111869325898547
-0.102815985490997
-0.0895142007730857
-0.0684177498660521
-0.0313705459503985
0.0431333142219704
0.223568191988564
0.784256449499215
2.37814823192307
4.18109726794499
5.88204875375371
NA
-0.145471522515647
-0.143727908861569
-0.141901020990492
-0.139965146168161
-0.137888098338749
-0.135618455213713
-0.133091402837968
-0.130209001950625
-0.126838474452815
-0.122760251074992
-0.11765277933652
-0.110971869695189
-0.101779790585494
-0.0883643227644376
-0.0672471670958164
-0.0306545508598193
0.0414926955138801
0.211216260948317
0.718225192708837
2.20004633768135
3.96064006725799
5.73699827266466
4.96772346723295
NA
-0.143515842391372
-0.141659716358144
-0.139690151684073
-0.137567770653449
-0.135258293097646
-0.132681385046657
-0.129742787744377
-0.126303903374337
-0.122152333719937
-0.116948743951948
-0.110163783655807
-0.100858071952817
-0.0873439553897671
-0.0662388937514614
-0.0301111467220468
0.039807800724927
0.199885380267102
0.660546024094946
2.03209927520241
3.74402174045481
5.56961798584261
5.40028733837225
NA
NA
-0.141477188863428
-0.139470490510468
-0.137312395578413
-0.134958548038942
-0.132332768575917
-0.129341584115761
-0.125837812069311
-0.121613818081141
-0.116326475098958
-0.109443366911979
-0.100040437634643
-0.0864459354640763
-0.0653799628154879
-0.0297341028813908
0.0380766131483519
0.189433632206805
0.609853097503636
1.87477984502032
3.532484630198
5.38490678600398
5.69085976603053
NA
NA
NA
-0.139312884436042
-0.137115851653947
-0.134718208256804
-0.132047196026182
-0.129001861575388
-0.125440617097545
-0.121143489625322
-0.115779735997068
-0.10881104189282
-0.0993197356272475
-0.0856681202121257
-0.0646673912608699
-0.0295073145002896
0.0363045770552234
0.179735774881713
0.565035080413503
1.72825266131501
3.32705711248531
5.18709881159411
5.87051426723818
NA
NA
NA
NA
-0.136979693747989
-0.13454131502989
-0.13182046020844
-0.128725556240187
-0.125106894550748
-0.120748413401799
-0.115309612640551
-0.108261384334525
-0.0986975645404291
-0.0850013657130226
-0.064085400060086
-0.0294201601078265
0.0344863128803459
0.170687502667702
0.525184786517016
1.59245455032205
3.12856438384867
4.97980506899324
5.96272696430153
NA
NA
NA
NA
NA
-0.134419188178266
-0.131658246175604
-0.128511930744875
-0.124836140821311
-0.120418570535302
-0.114912089526571
-0.107794851718719
-0.0981656059958126
-0.0844475817943033
-0.0636269058127974
-0.0294698668235301
0.0326235996420037
0.162216304870989
0.489556067922468
1.46713584503871
2.93764451227958
4.76613223533153
5.98547384051505
NA
NA
NA
NA
NA
NA
-0.13155287817496
-0.128360365366629
-0.124633488323712
-0.120153093867032
-0.114591152229973
-0.107406055110008
-0.097726330883221
-0.0839922544377486
-0.0632927221393036
-0.0296357054615655
0.0307232000499811
0.154236713621724
0.457534209874088
1.35192934166953
2.75477150322166
4.54875152813433
5.95274489653957
NA
NA
NA
NA
NA
NA
NA
-0.128268924902482
-0.124492102567684
-0.11995573416577
-0.114335890976948
-0.107096456492322
-0.0973729293515105
-0.0836387548463415
-0.0630698453467141
-0.0299174863105929
0.0287832522406841
0.146694303501662
0.428611043673508
1.24636863383131
2.58026635687996
4.32996857045611
5.87561364842442
NA
NA
NA
NA
NA
NA
NA
NA
-0.12441039749349
-0.119827541515174
-0.114151839989247
-0.10686304544562
-0.0971009593681175
-0.083383164563883
-0.062953245798865
-0.0303078160806347
0.0268028308000154
0.139541302838142
0.402359268827923
1.14992551143198
2.41431782045219
4.11176582034618
5.76298265009663
NA
NA
NA
NA
NA
NA
NA
NA
NA
-0.119760829209135
-0.114036211135701
-0.106700246270192
-0.096915706997538
-0.0832153122536691
-0.0629414388378962
-0.0307969846827953
0.024793115413166
0.132727305282372
0.378417131500462
1.06203831687754
2.25699273068417
3.89584123170596
5.62211668872092
4.80869439545709
NA
NA
NA
NA
NA
NA
NA
NA
NA
-0.113987022903044
-0.106612416937183
-0.0968043942161323
-0.08313980819318
-0.0630204456095544
-0.0313818855359411
0.0227457313953714
0.12621589438988
0.356493510493698
0.982116924316342
2.10825426413195
3.68363412596751
5.45902093959526
5.24525264061025
NA
NA
NA
NA
NA
NA
NA
NA
NA
NA
-0.106596317836258
-0.0967726881178308
-0.0831456205196774
-0.0631960267102452
-0.0320549513360779
0.0206698332644155
0.119980026123407
0.336325400961363
0.909562690346506
1.96798868107863
3.47634818592676
5.27871798734893
5.54014012974831
NA
NA
NA
NA
NA
NA
NA
NA
NA
NA
NA
-0.0968174996025564
-0.0832341586380663
-0.063459940511362
-0.0328095707697145
0.0185653465406093
0.113987840109168
0.31769918841576
0.843789450810409
1.83599984684205
3.27497594957121
5.08544252009574
5.72416016753865
NA
NA
NA
NA
NA
NA
NA
NA
NA
NA
NA
NA
-0.0834000596528268
-0.0638064765787769
-0.0336455244027984
0.0164358525749897
0.108213800273332
0.300434864695055
0.784208204819461
1.71203904941939
3.08031789950574
4.8828022859738
5.82066731056807
NA
NA
NA
NA
NA
NA
NA
NA
NA
NA
NA
NA
NA
-0.0642309149595199
-0.0345561175440592
0.0142774959408189
0.102643971630564
0.28437338195216
0.730254260336548
1.59581354345549
2.89299301006367
4.67387696127046
5.84761976943744
NA
NA
NA
NA
NA
NA
NA
NA
NA
NA
NA
NA
NA
NA
-0.160116798087643
-0.159024477241982
-0.15794048881224
-0.156853120067959
-0.155768635533576
-0.154689449706898
-0.15359916623775
-0.152517529375378
-0.15142695023072
-0.150334059815116
-0.149229377426089
-0.148119827154169
-0.147001174758662
-0.145866277123654
-0.144720435847893
-0.143557376690057
-0.14237205616691
-0.141168168565984
-0.139940577332936
-0.138674384848898
-0.137352300794681
-0.135892481354963
-0.134040712608176
-0.130957797986391
-0.157978020235273
-0.156884279909519
-0.155783392931237
-0.154690461104722
-0.153593023016573
-0.152497664948101
-0.151405179422276
-0.150285223242408
-0.149179006852225
-0.148058382430359
-0.14691864455538
-0.145766975407074
-0.14459632998945
-0.143397503892838
-0.142173144450695
-0.140907196173096
-0.139593542896223
-0.138220070615327
-0.136745052504637
-0.135139273708811
-0.133255759456973
-0.130781644044412
-0.126805679590605
-0.118384673161218
-0.155881719441712
-0.154784849325255
-0.153668495901742
-0.152560956092488
-0.151455081539266
-0.150337258258984
-0.149215175185159
-0.148079907619164
-0.146937292878703
-0.145774483840946
-0.144593959596648
-0.143379335209027
-0.142135656908097
-0.140851253779336
-0.139500864278166
-0.138085765286279
-0.136571290661578
-0.134909502247036
-0.13302143066164
-0.130747654988689
-0.127714949565625
-0.122909585779525
-0.113415322530689
-0.0893999243053277
-0.153827301207077
-0.152718586564915
-0.151588662687265
-0.150465043937446
-0.149335312235381
-0.148195734079725
-0.147038191259303
-0.145876799316508
-0.144683747284858
-0.143473324973329
-0.142220890879356
-0.140933675934759
-0.139581615013364
-0.13816119501535
-0.136647239436767
-0.13499519858733
-0.133151086032378
-0.131007378946944
-0.128375906329898
-0.124813663124948
-0.119267395309022
-0.108805704163913
-0.0840966493237295
-0.0107785425933154
-0.151815006592026
-0.150677193322023
-0.14953938691459
-0.148389732454578
-0.147229107255875
-0.146056320256171
-0.144870284035626
-0.143651038219398
-0.142408771754707
-0.141120112838125
-0.139782739602595
-0.138377863465249
-0.136884072360205
-0.135272924786213
-0.133487272651836
-0.131474761139213
-0.129096529872551
-0.126121638258929
-0.122081013178787
-0.115859302440954
-0.104534204663725
-0.0792240763405979
-0.00857087527569876
0.238180211780211
-0.149820142581811
-0.148668995716227
-0.147501283727446
-0.146322481100586
-0.145133589425717
-0.143918378134094
-0.142675849963586
-0.141398633500611
-0.140073672931527
-0.13869456664449
-0.137228613921838
-0.13566500551907
-0.133959334711737
-0.132061819092947
-0.129878013450644
-0.127277357575555
-0.123989643691296
-0.119507266211816
-0.112672400249771
-0.100574692257595
-0.0747588221213276
-0.00648715479434881
0.219754902230978
1.16637024804629
-0.147855278691833
-0.146672332830385
-0.145474410643166
-0.144260910204458
-0.143023372842628
-0.141754951603767
-0.140449037506445
-0.139083115520695
-0.137657558999042
-0.136144749354741
-0.134506877446361
-0.132712661935117
-0.130699889253466
-0.128360816414711
-0.125551944086991
-0.121971807757659
-0.117086253587138
-0.109695071972067
-0.0969158155810109
-0.0706690368729531
-0.00454485464451082
0.203915384886925
1.03547677238568
3.36247242471918
-0.145895251300462
-0.144683143932119
-0.143448684184136
-0.142183613597132
-0.140890613891985
-0.139549968844673
-0.138150639794271
-0.136680303909157
-0.135112875264729
-0.133407289905993
-0.131531041821999
-0.129407330622448
-0.126924254269252
-0.123916630325595
-0.12006766369206
-0.114808852563358
-0.106918004014335
-0.09352984513815
-0.066929896834636
-0.00276904095352392
0.190208517452289
0.925165951547652
3.13341637387738
4.98810812653841
-0.143948636896139
-0.142686667244577
-0.141398905080487
-0.140078960187973
-0.138707786736386
-0.13727541437692
-0.135759825153102
-0.13413709809689
-0.132372696829789
-0.130411254284983
-0.128180316525803
-0.125562333717688
-0.122368328434805
-0.118276335336504
-0.112671630415239
-0.10432663427657
-0.0904058122952616
-0.0635226533588718
-0.00115119080778126
0.17826131174518
0.831557732949058
2.90793561665344
4.78733187379583
6.06764843700763
-0.141983341131505
-0.14067398357138
-0.139322255272253
-0.137922602068377
-0.136449817575175
-0.134895212155702
-0.133221141744527
-0.131395606880364
-0.129351222688632
-0.127025189290481
-0.124279273967184
-0.120908562468524
-0.116584069571055
-0.110666657947034
-0.101915843245698
-0.0875232027477049
-0.0604200646247549
0.000290024987828375
0.167773671210485
0.751624264382608
2.68884849313778
4.583856094608
5.99523765549466
NA
-0.140001617926908
-0.138620967060839
-0.137188158360071
-0.135684554411948
-0.134085063984519
-0.132362326986876
-0.130475208992856
-0.128361169627053
-0.125933718853737
-0.123061061048051
-0.119536453375643
-0.114994399015315
-0.108793181340114
-0.0996710280666411
-0.0848712402428822
-0.0576016055502891
0.00155686572289237
0.158498110546054
0.682972284176011
2.47817490863316
4.37944604803585
5.89269023058237
4.76261519091055
NA
-0.137973808200525
-0.136513120297919
-0.134970280485119
-0.133333233540306
-0.131559452179071
-0.129609995138724
-0.127425747537103
-0.124911104693869
-0.121921072633099
-0.118243364887864
-0.11350565449523
-0.107041295255631
-0.0975907744683467
-0.0824300520254216
-0.0550538557414085
0.00265809758873026
0.15022366449202
0.623678162993481
2.27733572527786
4.17565002036799
5.76555880291492
5.21526576645072
NA
NA
-0.135886794615462
-0.134312316353362
-0.132634726510246
-0.130813340087157
-0.128809441529544
-0.126552010657
-0.123949111386138
-0.12085160237756
-0.117031181671428
-0.112109253467826
-0.105410948473291
-0.0956603870080501
-0.080193376963452
-0.0527538932382389
0.00358844811541204
0.142792697550747
0.572188063316855
2.08726785649547
3.97381481774538
5.61853121620101
5.53792446280724
NA
NA
NA
-0.133708440417239
-0.131988862157732
-0.130123151782421
-0.128062016034416
-0.125740657225163
-0.123050220940445
-0.119853050063466
-0.115900266621623
-0.110805357581361
-0.103891278840143
-0.09387921008112
-0.0781466324100987
-0.0506844125784749
0.00435946011789755
0.136058934429391
0.527234466308339
1.90854247312199
3.77510499369495
5.45559673201842
5.75688086541138
NA
NA
NA
NA
-0.131400411544425
-0.129485831231163
-0.127375804622606
-0.12498339508511
-0.12222278538454
-0.118920858813384
-0.114845155847028
-0.109591537254012
-0.102482165800555
-0.0922332053936552
-0.0762786363743385
-0.0488344213067222
0.00497160067211411
0.129910806587951
0.487787505430324
1.74143472915521
3.5805128604862
5.28018575995934
5.8924544094979
NA
NA
NA
NA
NA
-0.12890715345303
-0.126740921559073
-0.124290348758201
-0.121450876835151
-0.118056030125734
-0.113866267221901
-0.108468107703742
-0.101178153148027
-0.0907202687311681
-0.0745811794293232
-0.0471860571422731
0.0054378810728366
0.124254633471415
0.452986065456554
1.58599179087968
3.3908707580995
5.0952731377862
5.96049845303243
NA
NA
NA
NA
NA
NA
-0.126164927299222
-0.123653082392148
-0.12074196739166
-0.117260703096169
-0.112959603005279
-0.107430083792492
-0.0999748094950669
-0.0893318683959957
-0.0730415496371614
-0.0457281511653598
0.00576019939061379
0.119011455157786
0.42212470354959
1.44208583698197
3.20686594578944
4.90344553396079
5.97354418225109
NA
NA
NA
NA
NA
NA
NA
-0.123073306151915
-0.120093634972163
-0.116528623616041
-0.11212496543519
-0.106473123624946
-0.0988695424504487
-0.0880666511996404
-0.0716496818937325
-0.0444488247015062
0.00594547911628229
0.114118245993965
0.394623293284025
1.30944466378268
3.02904433734527
4.70696376421888
5.94163163750664
NA
NA
NA
NA
NA
NA
NA
NA
-0.119503428754411
-0.115861391372047
-0.111364537057929
-0.105594493827737
-0.0978576167130551
-0.0869178387601375
-0.0704025746020624
-0.0433377436748481
0.00600996326843361
0.109514166675002
0.369986963070147
1.18983149395602
2.85570543319143
4.50780948017466
5.87291253727006
NA
NA
NA
NA
NA
NA
NA
NA
NA
-0.115255924498513
-0.110670452124968
-0.104798535799225
-0.0969396982685078
-0.085876695696724
-0.0692851043022644
-0.0423795468492782
0.00594640736837083
0.105163779456917
0.347805246518444
1.08568543578325
2.68426988227527
4.30771281524035
5.77410112808022
4.60681328314227
NA
NA
NA
NA
NA
NA
NA
NA
NA
-0.110043860561333
-0.104073586358246
-0.0961086987772912
-0.0849401998832908
-0.0682998111979378
-0.0415674629326963
0.00576969610308353
0.101023156761789
0.327740132041665
0.994651662577041
2.51679512436914
4.10818655742102
5.65078760220252
5.06194800663531
NA
NA
NA
NA
NA
NA
NA
NA
NA
NA
-0.103426351726196
-0.0953624358184335
-0.08410418891871
-0.0674344683141914
-0.0408933292014426
0.00548699447463541
0.097062309671152
0.309501967882023
0.914694529544439
2.35489326957676
3.91054186946312
5.50768132520416
5.38772094052241
NA
NA
NA
NA
NA
NA
NA
NA
NA
NA
NA
-0.0946995919773039
-0.0833656243621066
-0.0666830438559458
-0.0403476669250287
0.00510088784195073
0.0932584801712899
0.292841271539905
0.844147549216752
2.19971012431252
3.71590799017554
5.34878503031648
5.61009545349013
NA
NA
NA
NA
NA
NA
NA
NA
NA
NA
NA
NA
-0.0827199977155457
-0.0660395600245849
-0.0399246877537775
0.00461731138372201
0.0895855729916821
0.277558380949052
0.781620369477413
2.05202288680315
3.52524688724188
5.17753694613141
5.74920732631827
NA
NA
NA
NA
NA
NA
NA
NA
NA
NA
NA
NA
NA
-0.0655019506361194
-0.0396171927693398
0.00404407187149847
0.086029977010166
0.263471286139457
0.725957841490594
1.91232652126043
3.33936440619146
4.99689529171431
5.82083425515845
NA
NA
NA
NA
NA
NA
NA
NA
NA
NA
NA
NA
NA
NA
-0.159630265695649
-0.158685020247815
-0.157744132965961
-0.156815469738084
-0.155886551334212
-0.154974792821251
-0.154065463912357
-0.153161563575854
-0.152284814099808
-0.151415909465527
-0.150573883706009
-0.149763872269466
-0.148995469161457
-0.148281734302865
-0.147651032851419
-0.147130860908228
-0.146770415316419
-0.146634538673986
-0.146835800112181
-0.147524183104129
-0.148946314770235
-0.151426279278831
-0.1553948103456
-0.16109114663372
-0.157289160090688
-0.156341778825163
-0.155413536894989
-0.154476294382331
-0.153559479633566
-0.152637500809783
-0.151734679884004
-0.150838543893556
-0.149960830828914
-0.149094862279475
-0.148263594431463
-0.14746228362788
-0.146711572232441
-0.14601995211023
-0.145430077526172
-0.144969968889334
-0.144700643280497
-0.144710196890039
-0.145134387117289
-0.146157924566797
-0.148048627067021
-0.151132965676521
-0.155481337423218
-0.159650152228923
-0.154999722808032
-0.154062644475992
-0.153125117527973
-0.15219354665131
-0.151273750881958
-0.150354167984185
-0.149447503862119
-0.148552619648833
-0.14767301326651
-0.146812652863591
-0.145980267446718
-0.145187447057562
-0.144449189272629
-0.143783296499467
-0.143228695006054
-0.142830605968501
-0.142660776793506
-0.142821032193161
-0.143475041732475
-0.144825043289799
-0.147073933938008
-0.150188025966244
-0.152610659016992
-0.145895998719103
-0.152768443986695
-0.151821925334426
-0.150890324316618
-0.149954028029961
-0.149029629526534
-0.14810607494305
-0.147202958514236
-0.146294667740059
-0.145414915239898
-0.144553175755533
-0.143719219821154
-0.142923213877866
-0.142194278863054
-0.141546490312381
-0.141020271817597
-0.140681098838553
-0.140595999036175
-0.140902000340505
-0.141732239923271
-0.143217492572399
-0.145189723725188
-0.146012385810644
-0.137726321631497
-0.0842839225671731
-0.150584135554843
-0.149631867242567
-0.148691119433114
-0.147755970082484
-0.146823213972427
-0.145895419103047
-0.14497562250694
-0.144066560247018
-0.143173698228479
-0.142299622929742
-0.14145725505844
-0.140659975655012
-0.139917900987327
-0.139276150669685
-0.138767444812194
-0.138455790387052
-0.13842934659683
-0.138777554659212
-0.139549628092326
-0.14046878077032
-0.139834818247101
-0.130100232672558
-0.0787089807963851
0.162276665098645
-0.148435169264849
-0.147487555201178
-0.146535932144743
-0.145586196886433
-0.144646609829235
-0.143701950625547
-0.142770574891557
-0.141847311444654
-0.140933144451542
-0.140042254246169
-0.139173283724987
-0.138352352578592
-0.137594089728161
-0.136926177330854
-0.136398709976612
-0.136054593421515
-0.135953087262828
-0.136063496801159
-0.136011901569795
-0.134039198146767
-0.122989118764361
-0.0733184695511878
0.145017082502749
1.17106171897329
-0.14632883082243
-0.14536743371679
-0.144404963358154
-0.143446535830284
-0.142481922184735
-0.141525840509284
-0.140568793384974
-0.139618511562164
-0.138678860125296
-0.13774732098024
-0.136839954000829
-0.135972379700513
-0.135150565834731
-0.134418211993365
-0.133778861743988
-0.133256531654724
-0.132752321798425
-0.131803948191715
-0.128617165706129
-0.116354330798529
-0.0681427832203916
0.130753520015748
1.02726024543012
3.69707666078266
-0.144253341888625
-0.14327355048106
-0.142296264540759
-0.141314030619931
-0.140331738460913
-0.139342288001683
-0.138354305714933
-0.13736341698883
-0.136376056016682
-0.13538470435996
-0.134412970950233
-0.133447614763409
-0.132511516457198
-0.131600200855981
-0.130681397765235
-0.129603285904334
-0.127836009513403
-0.123530101405386
-0.110180048067422
-0.0632077632232225
0.118948766736826
0.906601330702658
3.44620431396064
5.26631178580175
-0.142191460793239
-0.141197840958077
-0.140194824745257
-0.139186289210915
-0.138171105207332
-0.13714137152171
-0.136101457959379
-0.135055659811749
-0.13398727381367
-0.132910707501034
-0.131808551154254
-0.130687630366872
-0.129513989960951
-0.128223936318717
-0.126614377619149
-0.124090153539623
-0.118771067523673
-0.104428400577827
-0.0585234548796914
0.109155594467899
0.804782988885083
3.19574105393387
5.08883322351195
6.08225501342786
-0.140151763529459
-0.139126840122002
-0.138091470649549
-0.137044229785439
-0.135982795156723
-0.134893547921605
-0.133786632529254
-0.132646218032841
-0.131467444135421
-0.130239853139274
-0.128937650371596
-0.127515254718516
-0.125879349487605
-0.123779915733559
-0.120554989485686
-0.114315447743866
-0.0990765731388146
-0.0541050164841215
0.101009035024529
0.718440520810136
2.94918690634757
4.90616038328713
6.04764489719223
NA
-0.13810860115519
-0.13704815028733
-0.135968024494672
-0.134870393497451
-0.133737302991298
-0.132572659125875
-0.131360878489121
-0.130087009274542
-0.128732232823731
-0.127259100718185
-0.125607827742624
-0.123645827296453
-0.121088761193951
-0.117228264760975
-0.1101417526044
-0.0940981835476871
-0.0499557780080594
0.0942120087596764
0.644883140671874
2.70917692743624
4.72002476705378
5.98193564871453
4.56423826644516
NA
-0.136050690487462
-0.134947681731858
-0.133808430812464
-0.132632012268489
-0.131411310021522
-0.130127176176618
-0.128763949139622
-0.127289007510673
-0.125654687801591
-0.123784973156117
-0.121520798732376
-0.11853951203449
-0.114085760755655
-0.106239346514356
-0.0894761871724984
-0.0460719117822013
0.0885146801389938
0.58195266553363
2.47766600760869
4.53196735407861
5.89030242632692
5.02911092031613
NA
NA
-0.133970331919548
-0.132796797605982
-0.131578976460455
-0.130301638612479
-0.128951670973276
-0.127497176261127
-0.125907796704622
-0.124123134050644
-0.122047428123975
-0.119497500488029
-0.11612172173385
-0.111129080647123
-0.102589448745624
-0.0851857676998174
-0.0424538306750915
0.0837154567921364
0.527894828726736
2.25607415612525
4.34335601258676
5.77713352613875
5.37470893694668
NA
NA
NA
-0.131836570200015
-0.130574451148536
-0.129243581547186
-0.127824998907041
-0.126291416757794
-0.124590127090058
-0.122661587915734
-0.120389066574054
-0.117576658452601
-0.11383373142323
-0.108344629453829
-0.0991765325140425
-0.0812062779165031
-0.0390962795312086
0.0796440373837869
0.481266652632995
2.0453995965769
4.15540265921622
5.64618214861037
5.62347698347636
NA
NA
NA
NA
-0.129620848157538
-0.128239365811201
-0.126759851815055
-0.125137321896255
-0.123332692012716
-0.121267609474528
-0.118810945907351
-0.115750503219959
-0.111670134252481
-0.105727475858841
-0.0959879153349502
-0.0775199220148765
-0.0359934309846351
0.076163850800146
0.440887514065594
1.84629419876649
3.96917197837456
5.50068944080928
5.79311135634588
NA
NA
NA
NA
NA
-0.127286116374556
-0.125739067466571
-0.124043509997191
-0.122139760312819
-0.119943590513984
-0.117310369005954
-0.114018219419443
-0.109625800105392
-0.103265878672311
-0.0930150043504225
-0.0741069876096088
-0.0331304729499644
0.0731562496127616
0.405774946483974
1.65913633540747
3.78559484567547
5.34348154321662
5.89765122481477
NA
NA
NA
NA
NA
NA
-0.124775914044942
-0.123004816260956
-0.121002294838441
-0.118682675114234
-0.115891500007373
-0.112379644076039
-0.107692523552935
-0.100953186887726
-0.0902444469753982
-0.0709509850771743
-0.0305066379706611
0.0705316509820655
0.37511435179429
1.48543224016338
3.60412545749167
5.1770305291303
5.94835185614831
NA
NA
NA
NA
NA
NA
NA
-0.122018821222314
-0.119927352691895
-0.117488905207145
-0.114542675440428
-0.110827702518712
-0.105872612788921
-0.098784533525837
-0.0876587757320425
-0.0680448247626248
-0.0281058692016156
0.0682110630110744
0.348225451675178
1.33427896929048
3.41633177769319
5.00351675322364
5.95432289582505
NA
NA
NA
NA
NA
NA
NA
NA
-0.118910259325134
-0.11635764492875
-0.113266855920851
-0.109362396359348
-0.10416249005764
-0.0967525774350344
-0.0852565412958572
-0.0653602821257487
-0.0259243708474726
0.0661342241491001
0.324538151798193
1.20404315800422
3.22426186722445
4.82486744504593
5.92304232949155
NA
NA
NA
NA
NA
NA
NA
NA
NA
-0.115289933560613
-0.112063860789362
-0.107982144086451
-0.102550979143046
-0.0948497350851784
-0.0830251762823364
-0.0628939814960691
-0.0239464363813689
0.0642443271594866
0.303578886049304
1.09132770204526
3.03151022974467
4.64278870935885
5.86071158774535
4.41192893778781
NA
NA
NA
NA
NA
NA
NA
NA
NA
-0.110928131957339
-0.106682232617446
-0.101037073067998
-0.0930772011771701
-0.0809524893385953
-0.060633068851617
-0.0221630743782759
0.0625021328924831
0.284944938926371
0.993363626936866
2.84086533358166
4.45879528370894
5.77252830425371
4.87801638256452
NA
NA
NA
NA
NA
NA
NA
NA
NA
NA
-0.105460768744173
-0.0996232596082232
-0.091420159392432
-0.0790365928304091
-0.0585617033691417
-0.0205637050672278
0.0608723094260508
0.268298789450397
0.907872376743246
2.65447050658554
4.27422370230081
5.66289922409064
5.2256799406627
NA
NA
NA
NA
NA
NA
NA
NA
NA
NA
NA
-0.0982993791708378
-0.0898788977813156
-0.0772644909449012
-0.056667404064882
-0.0191447473582693
0.059325735462731
0.253358909587871
0.832973342167883
2.47394432541605
4.09025356862956
5.5355956601122
5.47701251679382
NA
NA
NA
NA
NA
NA
NA
NA
NA
NA
NA
NA
-0.0884473492936761
-0.0756306824725357
-0.0549435443574371
-0.0178923645733011
0.057842958758191
0.239883226476382
0.767097162437601
2.30048457040396
3.90792276869793
5.39386249767486
5.64949454081376
NA
NA
NA
NA
NA
NA
NA
NA
NA
NA
NA
NA
NA
-0.0741292045271731
-0.0533819298335816
-0.0167916900671843
0.0564026683866148
0.227666416429368
0.708930496493115
2.13495353650165
3.72813238118235
5.24052432303429
5.75704584005041
NA
NA
NA
NA
NA
NA
NA
NA
NA
NA
NA
NA
NA
NA
-0.16150170329963
-0.160646913025094
-0.159803278858726
-0.158975381792836
-0.15815789140585
-0.157357777741681
-0.156576326597839
-0.155830023191469
-0.155112141359702
-0.154443047316854
-0.153834879778341
-0.153302484170107
-0.152869400549016
-0.152579791946127
-0.152477333005889
-0.152630162898206
-0.153148515229123
-0.154182336981102
-0.155955975133833
-0.158823673865186
-0.163310094238684
-0.170225791587547
-0.180724699314876
-0.196188936116459
-0.15897631956079
-0.158131896864917
-0.157308326276049
-0.156481537647499
-0.155686751515293
-0.154902521858586
-0.154149330324961
-0.153430884909966
-0.152742539606761
-0.152123398289221
-0.151562925920183
-0.151103410914917
-0.150764708431375
-0.150604945104044
-0.150673486586417
-0.151075932989132
-0.15194520403469
-0.153491147389074
-0.156018638244632
-0.159999121806845
-0.166150844704048
-0.175482530316187
-0.189145415765441
-0.207099283432768
-0.156514126709801
-0.155681866777543
-0.154869354383494
-0.154059967376925
-0.153283990589482
-0.152521868391921
-0.15179066960557
-0.151092962858793
-0.150454476236878
-0.149873985455645
-0.149380144937815
-0.149000656595387
-0.14877979145217
-0.148769091097066
-0.149059982239523
-0.149772268202708
-0.151087921312572
-0.153294228255387
-0.156803235252558
-0.162238987753531
-0.170471333039406
-0.182462723548072
-0.198017546359223
-0.209539215479118
-0.154120406140979
-0.153293263352621
-0.152493552020029
-0.151706203719346
-0.150943126846204
-0.150197425627033
-0.149494787504047
-0.148833275949225
-0.148234032883137
-0.147705216443067
-0.147283905821725
-0.147000374390562
-0.146915468091531
-0.147099335508201
-0.147654276901893
-0.148759258302214
-0.150658690061163
-0.153714773308456
-0.15847144668878
-0.165683778864659
-0.176122093677213
-0.189449045984342
-0.198633243450153
-0.1640256557168
-0.151785027594379
-0.150970584160668
-0.150176081724638
-0.149409749341929
-0.148656551596425
-0.147937871483013
-0.147261375767671
-0.146638595105412
-0.146075243017907
-0.145616083564371
-0.145275025175715
-0.145108953042059
-0.14518456077155
-0.145603777012063
-0.146497825385709
-0.148107192195216
-0.150731794943666
-0.15485506580095
-0.161106045004353
-0.170098999981391
-0.181371668235961
-0.188355742018103
-0.155615359973017
0.0868556926633462
-0.149498019886488
-0.148709302862557
-0.147918817625694
-0.147167599671183
-0.146433109879094
-0.145731985068333
-0.145086200093427
-0.144499016209624
-0.143988964736068
-0.143595681474263
-0.143360444913007
-0.143328457050581
-0.143604867026987
-0.144308969007693
-0.145631594220363
-0.147854586665488
-0.151379081661241
-0.156731115610428
-0.164382171901854
-0.173747918382811
-0.17867547929745
-0.147370481085206
0.0692132771304593
1.19314314723249
-0.147274012560986
-0.146487388638168
-0.145718325620203
-0.144973747622298
-0.144255364061752
-0.143581782965775
-0.142965234260674
-0.142414267225092
-0.141965164771475
-0.141654908411935
-0.141526325682346
-0.141665544425485
-0.142182277918845
-0.14323876827135
-0.145080183950097
-0.148039108027368
-0.152553886014517
-0.158953765245394
-0.166556839490318
-0.169561777332702
-0.139341748977365
0.0551474925901446
1.03339409678809
3.99002308185242
-0.145102116805594
-0.144317351555882
-0.143558419903898
-0.142824379431221
-0.142124202394068
-0.141475371854991
-0.140886271850059
-0.140385789047429
-0.140002740265919
-0.139776100637193
-0.13978514626792
-0.140123796525591
-0.14092653452828
-0.142400674739411
-0.144832029791886
-0.148561884975965
-0.153797524409238
-0.159772586694753
-0.160990245372507
-0.131568923539607
0.0440177447418764
0.899581228571663
3.72407651985603
5.47777932055205
-0.142965251425067
-0.142189177571717
-0.141439659074346
-0.140717615075364
-0.140033380962584
-0.139402419795712
-0.138852299010725
-0.138395136440726
-0.138081862582239
-0.137965277357847
-0.138128332799207
-0.138689047536664
-0.1398221218322
-0.141752132736105
-0.144745624896756
-0.148908250166225
-0.15336816521958
-0.152924263770633
-0.124084554253726
0.035295516690617
0.786952328733149
3.45471077945996
5.32298140142495
6.05881062829029
-0.140871364221764
-0.140097378320999
-0.139352071362285
-0.138640381225723
-0.137968858223233
-0.137363748329054
-0.136844475058762
-0.136438515175892
-0.136200274409948
-0.136198432693917
-0.136529413688854
-0.137332440567679
-0.138797626577209
-0.141101134832292
-0.144260151592149
-0.147330340924227
-0.145341606166483
-0.116913397507318
0.0285511081733443
0.691786523224378
3.18608788956829
5.16112425000349
6.05636455842236
NA
-0.138806234664639
-0.138035018581507
-0.137288276238936
-0.136583596226681
-0.13592594318787
-0.135336388024811
-0.134846468004504
-0.134496003417318
-0.134330051621413
-0.134444643014156
-0.134939127695192
-0.13595589901669
-0.137621454220441
-0.139852021413853
-0.141632886317321
-0.138213190423638
-0.11005913826455
0.023414891382342
0.611103413742118
2.92142426087039
4.9938762873821
6.02244614290285
4.37507476183705
NA
-0.136760572189094
-0.135986577386202
-0.135242469098002
-0.134534025556966
-0.133881913715802
-0.133308407642382
-0.132841458793538
-0.13253134694671
-0.132428036955348
-0.132635662016697
-0.13323634141902
-0.134294830957537
-0.135662932676663
-0.136256004658707
-0.131519010768875
-0.10353516573747
0.0195831333253275
0.54250798611733
2.6631958182954
4.82273706375675
5.96187669274223
4.84657584105519
NA
NA
-0.134730992976396
-0.133945058523798
-0.133192618901386
-0.132476748312102
-0.131820637901942
-0.131244402241078
-0.13078695636225
-0.130492206642619
-0.130417028066947
-0.130624360741765
-0.131125521339659
-0.131685422712446
-0.13118299260626
-0.125231200623585
-0.0973386788346025
0.0168098257032519
0.484030509822156
2.41328654152908
4.64905960801094
5.87876562995419
5.20835064685036
NA
NA
NA
-0.132694150125696
-0.131896243603799
-0.131118377426866
-0.130382712092669
-0.129704360607152
-0.129108553844111
-0.128620236930145
-0.128286663243007
-0.128123894861257
-0.128095878705971
-0.127911846448762
-0.126395180778679
-0.119327927703244
-0.0914725996097523
0.014884459283155
0.434055013374648
2.17312123896067
4.47404903126564
5.77664141005187
5.4797097914401
NA
NA
NA
NA
-0.130647711740956
-0.129810828227464
-0.128996395133563
-0.128216843755956
-0.127487697630952
-0.126824550533105
-0.126232843303515
-0.12572695075251
-0.125207953703114
-0.124330303636738
-0.121880463755897
-0.113788761132467
-0.0859280026231036
0.0136373299774996
0.391238787725711
1.94373272151091
4.29878896319463
5.65856581328856
5.67615580389036
NA
NA
NA
NA
NA
-0.128548047649342
-0.127663166515902
-0.126785713568367
-0.12593041596842
-0.125086986420843
-0.124268227150482
-0.123430104705881
-0.122454149118823
-0.120931153536221
-0.117622703270181
-0.10858811159753
-0.0807031019733273
0.0129217034367404
0.354469200170815
1.72592728524902
4.12416264936274
5.52721255163684
5.81017373078296
NA
NA
NA
NA
NA
NA
-0.126379091209309
-0.12540611773744
-0.12442952049787
-0.123422008603836
-0.122380536948696
-0.121231706844478
-0.119824206703576
-0.117707583423751
-0.113608463438655
-0.103708638068508
-0.0757886509210871
0.0126202879333359
0.32281210545844
1.53168033076532
3.93951548082874
5.38493446918841
5.89189377562683
NA
NA
NA
NA
NA
NA
NA
-0.124081985200306
-0.122985219622325
-0.121823209094389
-0.120569965394167
-0.11912876181061
-0.117320550879351
-0.114648672935178
-0.10982271936294
-0.0991369967474726
-0.0711714364034375
0.0126405785031496
0.295481679953673
1.36539766577038
3.74144833884886
5.23381589184581
5.92960745342526
NA
NA
NA
NA
NA
NA
NA
NA
-0.121597868390047
-0.120289491760372
-0.118831969055233
-0.117121117262173
-0.114935609301661
-0.111749951456871
-0.106251971346856
-0.0948514865736608
-0.0668441743361283
0.0128952229455086
0.271820734638524
1.2224647125378
3.53532090314579
5.07570973087867
5.93017499148614
NA
NA
NA
NA
NA
NA
NA
NA
NA
-0.118815389402126
-0.117171666832167
-0.115201722885134
-0.112664237076631
-0.109001278424401
-0.102890477991458
-0.0908364776169676
-0.0627959450450373
0.0133252140529887
0.251276769874006
1.09913254426666
3.32538331168495
4.91226905878082
5.8993299897865
4.22638056566822
NA
NA
NA
NA
NA
NA
NA
NA
NA
-0.115581173753596
-0.113368566779088
-0.110503318157175
-0.106399339499169
-0.09972187248517
-0.0870814419121659
-0.0590132704931152
0.0138723006453985
0.233380114769532
0.992348955689573
3.11499712646388
4.7449758684367
5.84190821061779
4.69802700691489
NA
NA
NA
NA
NA
NA
NA
NA
NA
NA
-0.111622152008679
-0.108448204602676
-0.103937154361271
-0.096739592191085
-0.0835658014527167
-0.0554859700778945
0.0144946812464175
0.21773199530543
0.899592582339535
2.90682442773609
4.57515084271374
5.76203020544726
5.06094652166014
NA
NA
NA
NA
NA
NA
NA
NA
NA
NA
NA
-0.106496028984763
-0.101605125346051
-0.0939335802227941
-0.0802830202758838
-0.052201220419465
0.0151565224005603
0.204003750246078
0.818766292851502
2.70294809343038
4.40397944867948
5.66323782100835
5.33410322325991
NA
NA
NA
NA
NA
NA
NA
NA
NA
NA
NA
NA
-0.0994008203680092
-0.0912974421870585
-0.0772142286518642
-0.0491536216512758
0.0158321748161443
0.191907541570911
0.748119793383037
2.50498689430367
4.23252253116879
5.5485953863929
5.53276096378902
NA
NA
NA
NA
NA
NA
NA
NA
NA
NA
NA
NA
NA
-0.0888213226835344
-0.0743495911414964
-0.0463278582801623
0.0164960494389845
0.181202485905648
0.68618073885736
2.31417413872863
4.06171850237021
5.42078258221756
5.66925641712096
NA
NA
NA
NA
NA
NA
NA
NA
NA
NA
NA
NA
NA
NA
-0.164991580336638
-0.164183391233813
-0.163398862894819
-0.162624815494912
-0.161878107573009
-0.161161081405083
-0.160481289019442
-0.159850240295878
-0.159270276635882
-0.158773960798081
-0.158377112518942
-0.15810378869569
-0.158008524626318
-0.158132396040209
-0.158566252158601
-0.159422125897442
-0.160867436202687
-0.1631365256963
-0.166605562738914
-0.171820466068758
-0.179641241433982
-0.191377717241774
-0.208969813318879
-0.234924806459645
-0.162292076737519
-0.161509983372795
-0.160748093119306
-0.160003560329272
-0.159289808710315
-0.158613791842305
-0.157979576615447
-0.157397438465727
-0.156897023464451
-0.15647753063979
-0.156187978443088
-0.156056666021671
-0.156136854524722
-0.156503715725947
-0.157266896046125
-0.15857515273913
-0.160661281953676
-0.163851120898181
-0.168657299377444
-0.175864043461798
-0.186658231920565
-0.202790044194067
-0.226495208499635
-0.258976613483471
-0.159670280213498
-0.158916260313633
-0.158177730691256
-0.15747007094997
-0.156791189617031
-0.156151834044501
-0.155572183864468
-0.155058301920071
-0.154627666644003
-0.154310650860038
-0.154148709179002
-0.154183065111967
-0.154489769705628
-0.155155326697504
-0.156339794966973
-0.158231371995743
-0.161161346495998
-0.165578532312208
-0.17220152229682
-0.182107165723701
-0.196870054180243
-0.218469039071023
-0.247931263687418
-0.277810146422875
-0.157131297986457
-0.15639947146007
-0.155690683310414
-0.155012750248985
-0.154374275259808
-0.153786723081804
-0.153260442631875
-0.152819268093384
-0.152478307874072
-0.152286480033849
-0.152274388593019
-0.152509658544889
-0.153096552918157
-0.154146995149585
-0.155869522077983
-0.158537739639354
-0.162584036410205
-0.168651362268112
-0.177716924482658
-0.191189009111928
-0.210824203108241
-0.237466417551066
-0.26438529126712
-0.246232959287402
-0.154666074666927
-0.153955088026352
-0.153282289675944
-0.152639236862839
-0.152048244011481
-0.15150682654856
-0.151051338081459
-0.150692781047006
-0.150461358652875
-0.150404685080185
-0.150579852394497
-0.151080111008931
-0.152008857050623
-0.15355833332026
-0.155981676552096
-0.159672652445666
-0.165212923416761
-0.173483452699616
-0.185745120252762
-0.203534612256776
-0.227547780411671
-0.251643481765654
-0.235638123224319
0.0167335630160146
-0.152274058982877
-0.151598762459878
-0.150947446173121
-0.150345949040331
-0.149801820790732
-0.149326336759763
-0.148943379618359
-0.148684151043169
-0.148581195864555
-0.148694930829883
-0.149106332222537
-0.14992227261189
-0.151303994673168
-0.15349089953928
-0.15684052202328
-0.161879251478284
-0.169400373929323
-0.180522470798025
-0.196595167271299
-0.218144138548853
-0.239559756582221
-0.225112372480479
-0.00281577145161904
1.23557658153077
-0.149950634864505
-0.1493026649515
-0.148697109618976
-0.148134307714725
-0.147644152685353
-0.147239539223114
-0.146944066745837
-0.146800427869004
-0.146855865277846
-0.147179198066858
-0.14788354306686
-0.149101427219733
-0.151068053775933
-0.154088790872088
-0.158652559619827
-0.165463731922496
-0.175513679598708
-0.189977237216196
-0.209230571425171
-0.228101563843574
-0.214738141063284
-0.0180913473389417
1.05743345486849
4.25271282195327
-0.147698557701877
-0.147084858980569
-0.146511680090002
-0.146005639652561
-0.145575550946256
-0.145251748240655
-0.145059051559974
-0.145059772042474
-0.145303031928679
-0.145890265756593
-0.146961644667259
-0.14870557226588
-0.151415214867788
-0.155525367968398
-0.161665454525547
-0.170712154161263
-0.1836660816599
-0.200783280984313
-0.217247701856023
-0.204578265625422
-0.029826629941554
0.908150307686747
3.97826853603874
5.63564983179407
-0.145516520247969
-0.144934524828082
-0.144408554505365
-0.143956552525665
-0.143599048049428
-0.143363492141036
-0.143304040879517
-0.143471890038185
-0.143951534184687
-0.14487014567344
-0.146409143354434
-0.148819380101627
-0.15250014874216
-0.158004931634459
-0.16610349918979
-0.177651211654205
-0.192768378070128
-0.206968437407905
-0.194684034312182
-0.038638370319548
0.782508773509426
3.69616239353673
5.50229685687953
6.00865191119913
-0.143395244448023
-0.142855468601872
-0.142375877863896
-0.141986063394858
-0.141715353242268
-0.141595995946674
-0.141687075645268
-0.142061499616347
-0.14283620701605
-0.144171762097977
-0.146298004632382
-0.149572122788143
-0.154474736220635
-0.161683725519665
-0.171915391864142
-0.185168374200102
-0.197241834214039
-0.185089258546714
-0.0450438994826854
0.676433990638423
3.41118447000151
5.36049037880907
6.03359408557556
NA
-0.141342333331649
-0.140841676466241
-0.140421254892066
-0.140105048429676
-0.139931128640492
-0.139943892137623
-0.140220946535191
-0.14085389218495
-0.141999954379685
-0.143854193929463
-0.14673404492866
-0.151073347504423
-0.15744513606965
-0.166445914892064
-0.177960522638158
-0.188033732888878
-0.175828407103688
-0.0494704253880612
0.586655872952634
3.12710280204635
5.21183007988392
6.02707832427653
4.19613101940599
NA
-0.139348569508323
-0.138895329233436
-0.13853777412294
-0.13830861867204
-0.138250585133561
-0.138426915628958
-0.138931427481538
-0.139886129109393
-0.141482352570224
-0.143994886324898
-0.147793184790202
-0.153377203576979
-0.161227366885839
-0.171126464258749
-0.17931917203955
-0.166915730114489
-0.0522858742790352
0.510531676153789
2.84688575403785
5.0577605314119
5.99360585498426
4.67024721815627
NA
NA
-0.137415192656404
-0.137014507172913
-0.136731083316564
-0.136602279091928
-0.13668211621952
-0.137057013192391
-0.137832988409507
-0.139183883041811
-0.141341972248528
-0.144632458131451
-0.149479388387518
-0.156251953283513
-0.16464297855343
-0.171079980950264
-0.158357872787259
-0.053790856008221
0.44589313722057
2.57286171387273
4.89959046962746
5.93702868401595
5.04313601557387
NA
NA
NA
-0.135531508390931
-0.135200661385715
-0.134995072738047
-0.134990008980929
-0.135232626490827
-0.135842652928
-0.13695632149492
-0.138779216266397
-0.141587719089397
-0.145740380751346
-0.151502682649893
-0.158492712664885
-0.163286708950532
-0.150168165367228
-0.0542435730188311
0.390943091058434
2.30685949823636
4.73850405259271
5.86066168951053
5.33154068943128
NA
NA
NA
NA
-0.133706958789237
-0.133439894145603
-0.133337592493387
-0.133468983183326
-0.133908851662513
-0.134794730506456
-0.136300020417812
-0.138657229468934
-0.14215451491311
-0.146974755251363
-0.15265862394378
-0.155918587946982
-0.14234675842102
-0.0538494166790561
0.344186649776658
2.05027675440572
4.57557129118184
5.76739663750088
5.54910778244771
NA
NA
NA
NA
NA
-0.131929828612029
-0.131738371472881
-0.131748669786784
-0.132037627978018
-0.132702195894043
-0.133907054089169
-0.135835759399654
-0.138715219178342
-0.142655465568742
-0.147123066739376
-0.148952824639133
-0.134890524451349
-0.0527929442793571
0.304373620012345
1.80564826666432
4.41028683705477
5.65976381452769
5.70698333012623
NA
NA
NA
NA
NA
NA
-0.130186841129365
-0.130084827103141
-0.130219903414559
-0.130681641740992
-0.131592813859452
-0.133118041689977
-0.135418039619632
-0.138535526021297
-0.141871234307159
-0.142369475751613
-0.127794828885861
-0.05122189416916
0.270451122408434
1.59135454513231
4.22591355362004
5.53999729399921
5.81431283436525
NA
NA
NA
NA
NA
NA
NA
-0.128470266495208
-0.128458023180294
-0.128724854385974
-0.129361732307791
-0.130501221773141
-0.132258267725202
-0.134606151057634
-0.136889492718658
-0.136148919091297
-0.121050491856034
-0.0492556656119758
0.24152436724565
1.40794358934823
4.02322004977367
5.41008419800022
5.87865665383966
NA
NA
NA
NA
NA
NA
NA
NA
-0.126757978205667
-0.126831428804942
-0.127208365502855
-0.127988507704993
-0.129229993379795
-0.130857068844321
-0.132159906345747
-0.130268050575229
-0.114653460649765
-0.0470025100013789
0.216847652085957
1.25037987487841
3.80827479452389
5.27179256011673
5.9063203040483
NA
NA
NA
NA
NA
NA
NA
NA
NA
-0.125002097756932
-0.1251336409159
-0.12556619056749
-0.12632896937526
-0.127280677880821
-0.127675663066353
-0.12471425003976
-0.108590464545233
-0.0445388986593427
0.195777774344818
1.11458909138018
3.5859368168024
5.12671468301942
5.90260893612455
4.05108453466502
NA
NA
NA
NA
NA
NA
NA
NA
NA
-0.123130279989558
-0.123240638633285
-0.12354878502224
-0.12387228769226
-0.123420149939635
-0.119468401517713
-0.102849999682735
-0.0419398395290865
0.177775774486469
0.997233977143852
3.36011673029266
4.97628087709
5.87202434420106
4.52443692341026
NA
NA
NA
NA
NA
NA
NA
NA
NA
NA
-0.121005213408181
-0.120887558974154
-0.120621799859428
-0.119379232858353
-0.114514512129915
-0.0974229138236425
-0.0392604794213627
0.16238102162024
0.895550595650716
3.13396775088722
4.82177823076078
5.81841969980729
4.89766868599083
NA
NA
NA
NA
NA
NA
NA
NA
NA
NA
NA
-0.118340374081912
-0.117521768714553
-0.115548032311627
-0.10983497367859
-0.0922953763209575
-0.0365514591000178
0.149203144434169
0.807238889419841
2.91001473928898
4.66437352552539
5.74512131869207
5.18717767208997
NA
NA
NA
NA
NA
NA
NA
NA
NA
NA
NA
NA
-0.114566306934536
-0.111918459759441
-0.10541511797803
-0.0874574208821208
-0.0338451593641604
0.137905622249384
0.730363131490815
2.69028428330213
4.50511564175669
5.65502275082496
5.4063702037059
NA
NA
NA
NA
NA
NA
NA
NA
NA
NA
NA
NA
NA
-0.108469605859454
-0.101247235299471
-0.0828959624831214
-0.0311747761511656
0.12820793434334
0.663296367338684
2.47636775787086
4.34495292641267
5.55065703371021
5.56622615993295
NA
NA
NA
NA
NA
NA
NA
NA
NA
NA
NA
NA
NA
NA
-0.169531294738091
-0.168742238527718
-0.167973137706901
-0.167236161408068
-0.166525132158654
-0.165866914089399
-0.165258828646195
-0.164714448993284
-0.164257440171533
-0.163909149362878
-0.163703236169345
-0.163677282265779
-0.163898099034975
-0.164435586082279
-0.165404077387523
-0.166976497506861
-0.16936563912812
-0.172925016887543
-0.178160180691321
-0.185854664227053
-0.197201410840034
-0.214044091187808
-0.239131500628438
-0.27605426787798
-0.166677705191035
-0.165921571887484
-0.165200807088127
-0.164499611931557
-0.163847877737997
-0.163240466068252
-0.162706546244344
-0.162245425873774
-0.161896461428093
-0.161674537108582
-0.16162660427986
-0.161817800161725
-0.162306172541582
-0.163202394566303
-0.164673534730616
-0.166916856650191
-0.170260030939141
-0.1751762776174
-0.182390774504127
-0.19301430374868
-0.20873878808924
-0.232078441740997
-0.266311162484903
-0.313648362037191
-0.163921570495688
-0.163198686318027
-0.162522837237798
-0.161865467202347
-0.161273012499197
-0.160733702939917
-0.160278624761999
-0.159911050145466
-0.159687407804182
-0.159618413251008
-0.159770698181263
-0.160217247386956
-0.161047921310956
-0.162408055126774
-0.164508747375644
-0.167641736883531
-0.172255136393638
-0.179014206949926
-0.188945092121446
-0.203611692989903
-0.225301866234255
-0.257006795825116
-0.300762671798266
-0.34841824823752
-0.161254952609866
-0.160569542190877
-0.159940781200883
-0.159338520902166
-0.158802953742308
-0.158347550578739
-0.157972693088669
-0.157735126549327
-0.157647642673818
-0.157763730082712
-0.158164559525594
-0.158925344282999
-0.16018925346097
-0.16214778564282
-0.165078728364352
-0.169394797350877
-0.175719866503261
-0.184987676736196
-0.198650683391016
-0.218787425269335
-0.248123938160974
-0.288505295310762
-0.332769692436568
-0.327770826528029
-0.158676533742477
-0.158041932769599
-0.157453633834539
-0.156913080322968
-0.156452589457622
-0.156078110541325
-0.155821606089424
-0.155712191286764
-0.155795491366712
-0.156145559130151
-0.156843279221001
-0.158010161863251
-0.15983559231999
-0.162564825500763
-0.166598925783435
-0.172500153470296
-0.181152241855951
-0.193854107121481
-0.212524744872496
-0.239634706464505
-0.276847334796159
-0.317823235310013
-0.315706634479219
-0.0447177712727518
-0.156185592112608
-0.155607650825724
-0.15506438783784
-0.154600615616068
-0.15421875287776
-0.15394349892408
-0.153813188924992
-0.153870321674393
-0.154171151862487
-0.154799660195779
-0.155876552742926
-0.157562126361624
-0.160104939171945
-0.163865096500933
-0.169363392797732
-0.177416785959018
-0.189212917561591
-0.206507658085352
-0.231521403032678
-0.265758475444644
-0.303567606569951
-0.303547107566251
-0.0675793173754727
1.29934223027461
-0.153796741289808
-0.153257340319937
-0.152786864680836
-0.152397336016259
-0.152110098716671
-0.15195422008777
-0.151979246688024
-0.1522305166375
-0.152794447171541
-0.153781482576784
-0.155336640730809
-0.157699538060169
-0.161190971373762
-0.166307312404367
-0.173786955225239
-0.184730902359168
-0.200722057230147
-0.223765254907073
-0.255202076554325
-0.289979064040623
-0.291406394040197
-0.0853842307308349
1.10089361256382
4.49028458542436
-0.151492662154619
-0.151012055231512
-0.150614336390715
-0.15031269565474
-0.150134363172097
-0.150124736839417
-0.150332721437385
-0.150831463356405
-0.151724955481137
-0.153160749422877
-0.155341229367792
-0.158578836806034
-0.163327989558723
-0.170262521957783
-0.180393553682322
-0.195155186517209
-0.216351706008951
-0.245163749869801
-0.27702997925785
-0.279381951410792
-0.098957574553869
0.934311522928431
4.21344083049699
5.75053374897579
-0.14928046923649
-0.148869144720642
-0.148551108679745
-0.148349173862698
-0.14831137626908
-0.14847223737409
-0.148909788648119
-0.149713251442147
-0.151028112036198
-0.153035680925782
-0.156027319348686
-0.160421443117264
-0.166846176623379
-0.176200146621896
-0.1897980024094
-0.209262780449867
-0.235606945585193
-0.264697767921249
-0.267547210724921
-0.109008468664266
0.79389359012906
3.92443515304477
5.63712609796237
5.93981871575278
-0.147164137667597
-0.146829465136573
-0.146608240792932
-0.146535773118545
-0.146649366442194
-0.14702844693029
-0.147745376356768
-0.14893832870092
-0.150780496316811
-0.153536308762256
-0.157595655961784
-0.16352046323023
-0.172143015601641
-0.184652355251464
-0.202478004656922
-0.226510619285264
-0.252963006507616
-0.255956195142231
-0.1161302998814
0.675192181577087
3.62867011964039
5.51422544287497
5.98811761903119
NA
-0.14514800289606
-0.144904111981127
-0.144797189821046
-0.144869307170576
-0.145184428088869
-0.145818309161583
-0.146893588337029
-0.148576396890108
-0.151108134909475
-0.154838348257845
-0.160294377172056
-0.168225760851219
-0.179696157197998
-0.195990925346019
-0.217849701146941
-0.241793574958761
-0.244658038013065
-0.120828370688545
0.57465318919621
3.3304343437461
5.38336426302176
6.00523793879845
4.02760236469734
NA
-0.143237729301577
-0.143094318454339
-0.143127882950186
-0.143380374235431
-0.143933812873143
-0.144898249584218
-0.146423145223604
-0.148734711353106
-0.152157400199745
-0.157160313579086
-0.16443497550311
-0.174930332503525
-0.1897812814765
-0.209604145848223
-0.231171167750784
-0.233689340439248
-0.123523982521943
0.489398894060333
3.03315691798883
5.24592220026525
5.99538482902497
4.50143277979812
NA
NA
-0.141437842769962
-0.141422680969043
-0.141614842803432
-0.14208932934939
-0.142947867402355
-0.144319548170165
-0.146423955674273
-0.149544359244469
-0.154119906647482
-0.160770676102094
-0.170343736066448
-0.183840044185567
-0.201752039849411
-0.221069751007746
-0.223069313961968
-0.124580266918224
0.417055751742209
2.73958708746606
5.1031602051345
5.96217344147889
4.88161767611583
NA
NA
NA
-0.139756603383275
-0.139892963528195
-0.140292037533767
-0.141037513494513
-0.142269382227264
-0.144167529928482
-0.147004619293021
-0.151170131131554
-0.157227642132797
-0.165928859725422
-0.178152961717817
-0.194273605994575
-0.211467109055171
-0.21281808416399
-0.124303376812216
0.35566265690466
2.45192582953387
4.95622475994251
5.90872247301242
5.18276542293312
NA
NA
NA
NA
-0.138210595235632
-0.138531256092947
-0.139176438461345
-0.140265032997741
-0.141969100619149
-0.144530895908558
-0.148309842435775
-0.153803512622292
-0.161680096965312
-0.172708833086808
-0.187152080758802
-0.202340614993164
-0.202944646137352
-0.122947583691606
0.303570091027945
2.17192157804103
4.80616068122042
5.83776297976901
5.41695164076032
NA
NA
NA
NA
NA
-0.136816205280321
-0.13735812870596
-0.138312858533774
-0.139824857624747
-0.14212954126791
-0.145534454642954
-0.150492383627731
-0.157596168044377
-0.167492708081712
-0.180366847544165
-0.193668457929331
-0.193456552699098
-0.120732576724576
0.259397002500998
1.90289355307716
4.65197928326286
5.75168880126717
5.59416189886849
NA
NA
NA
NA
NA
NA
-0.13558725736337
-0.136405160801337
-0.137743289929237
-0.139790333487649
-0.14284074114846
-0.147293687502737
-0.153662083436822
-0.162502462892779
-0.173903241752225
-0.185430183626491
-0.184355262825031
-0.117838324561843
0.221970024604168
1.6669260041113
4.47352975307022
5.65262166719573
5.72267635793018
NA
NA
NA
NA
NA
NA
NA
-0.134548823776285
-0.135711617907547
-0.137518730807993
-0.140231577927856
-0.144201481380963
-0.149878705621914
-0.157726317761676
-0.167741766067384
-0.177600330333965
-0.175641458488687
-0.114419051374084
0.190295844263599
1.46477668419399
4.27164273428568
5.54245076844547
5.80940285427359
NA
NA
NA
NA
NA
NA
NA
NA
-0.13373375962802
-0.135313080569725
-0.137705334158245
-0.141213572304268
-0.146238189375841
-0.153147157264121
-0.161875339353393
-0.17016114253539
-0.167308321230724
-0.110605232544155
0.163530034333956
1.29100550120314
4.05305715957024
5.42286576437237
5.86014439780033
NA
NA
NA
NA
NA
NA
NA
NA
NA
-0.133169893923956
-0.135250905435404
-0.138330825456475
-0.1427335140586
-0.148768586555405
-0.156280061661663
-0.16309921681738
-0.15934730040475
-0.10650326407008
0.140948209691056
1.14120795240845
3.82321514687167
5.2953878816022
5.87981923958676
3.88618033801013
NA
NA
NA
NA
NA
NA
NA
NA
NA
-0.132878092943052
-0.135541676766334
-0.139366132920371
-0.144572305170572
-0.150949611341339
-0.156390608235569
-0.151752207185495
-0.102203840706703
0.12193596368787
1.01176892423255
3.58654493776472
5.16139281647003
5.87262025853418
4.35847389999532
NA
NA
NA
NA
NA
NA
NA
NA
NA
NA
-0.132853863504301
-0.136123056505131
-0.140552147925518
-0.14586983756076
-0.150018947848047
-0.144514268014555
-0.0977791406558452
0.105964741844937
0.899695180112814
3.34665723932087
5.02212489007224
5.8421528738013
4.73829769870104
NA
NA
NA
NA
NA
NA
NA
NA
NA
NA
NA
-0.133005355348133
-0.136704781394816
-0.141026777743843
-0.143968544402497
-0.137622728025201
-0.0932914561123637
0.0925871855227331
0.802483342055407
3.10649928856523
4.87871402380822
5.79154473307883
5.03992594442037
NA
NA
NA
NA
NA
NA
NA
NA
NA
NA
NA
NA
-0.133022676728492
-0.13641136864808
-0.138221407352082
-0.131063380859825
-0.088790510415893
0.0814114325603948
0.718030413702267
2.8684689711831
4.73218989993287
5.7235241907377
5.27519598565793
NA
NA
NA
NA
NA
NA
NA
NA
NA
NA
NA
NA
NA
-0.132012044411789
-0.132763897913127
-0.124828383690845
-0.0843192765968395
0.0721098250038885
0.644555616566767
2.6345118285613
4.58348529504579
5.64048675609314
5.45392350193699
NA
NA
NA
NA
NA
NA
NA
NA
NA
NA
NA
NA
NA
NA
-0.174692330715796
-0.173891943178967
-0.173120731444797
-0.172391257264019
-0.171703616536257
-0.171069087293453
-0.170506836085485
-0.170035550467943
-0.169673123913929
-0.169445789887813
-0.169415216155223
-0.169614053133451
-0.170130090508979
-0.171064555606677
-0.17256164037735
-0.174831690255571
-0.178177315297132
-0.183035815039241
-0.190084953336931
-0.200327435294741
-0.215325792944381
-0.237477357907895
-0.27030882440399
-0.318460051133266
-0.171703864080403
-0.170953046560129
-0.170237188307576
-0.169559852295924
-0.168943377571935
-0.168393433015236
-0.167922952296127
-0.167565497398997
-0.167341525867463
-0.167298521582439
-0.167480880954536
-0.167962272983505
-0.168851395579768
-0.170273201504161
-0.172439917705051
-0.17561974765713
-0.180238961440026
-0.186926431986292
-0.196631932358313
-0.210798718104235
-0.231647382980495
-0.262459579354128
-0.307495120520957
-0.369663601845478
-0.168824574324093
-0.168121257939599
-0.167461999121588
-0.166859488357819
-0.166309817075147
-0.165853708434587
-0.165495237397008
-0.165266664888189
-0.165215670005089
-0.165379483543148
-0.165831051410594
-0.166670218290117
-0.168021396692874
-0.170073369013696
-0.173098079369606
-0.177488870612225
-0.183831233471616
-0.193011735377141
-0.206387046231746
-0.22600501794197
-0.254897346554579
-0.297006501579793
-0.35509095279725
-0.419438240026767
-0.166049982995021
-0.165399802235109
-0.164805330981004
-0.164273130366319
-0.163809822041177
-0.163462824127793
-0.163231120883375
-0.163165034382218
-0.163310251852515
-0.16373302447466
-0.164519906122195
-0.165797713248078
-0.167749231329124
-0.170619381069065
-0.174782609971382
-0.180792998384775
-0.189470082210967
-0.202088718635
-0.220535640842638
-0.247617363324383
-0.286963599218437
-0.341188830912668
-0.401888352159817
-0.406214930991464
-0.163383269946427
-0.162788872516823
-0.162268895288114
-0.161811761867432
-0.161459247387305
-0.161231188803527
-0.161143781812461
-0.161274219960189
-0.161663583152531
-0.162406371450139
-0.163611572409245
-0.165459415927673
-0.168177455425378
-0.172125059104392
-0.177808266175654
-0.186013413515265
-0.197900418913838
-0.215235133777792
-0.240607998965798
-0.277345978870028
-0.327922914451851
-0.38504307168153
-0.393394656788484
-0.0954022166260763
-0.16081987938836
-0.160301380296491
-0.159847116446882
-0.159497345669621
-0.159255617461192
-0.159169340706569
-0.159271065591373
-0.159630635424646
-0.160321712957387
-0.161460619009963
-0.163203602225239
-0.165775745535051
-0.169512730097733
-0.174884788248944
-0.182629285670049
-0.193822121471861
-0.210101469587775
-0.233851158440667
-0.268138735999944
-0.315261486051847
-0.368890134550538
-0.380267873992775
-0.122799955776433
1.38415399547988
-0.158367602008528
-0.157923396213181
-0.157568326389283
-0.157321861035248
-0.157217842051059
-0.157304717161122
-0.157629042370161
-0.158270286585128
-0.159345257073235
-0.160982677494905
-0.163419483287122
-0.166943691830728
-0.172018821706798
-0.179321294750594
-0.189848979525347
-0.205131724417968
-0.227340032336104
-0.259314206831161
-0.303177753997452
-0.353414224608589
-0.366980683143841
-0.144303253920978
1.16392356492691
4.70492698658848
-0.156029912456897
-0.155674196215685
-0.155420580860936
-0.155306777037374
-0.155371186870798
-0.155660457941178
-0.156257765892328
-0.157257982005228
-0.158804804591587
-0.161097625826761
-0.164422548233787
-0.16920975291576
-0.176085866512398
-0.185985880898843
-0.200307012277944
-0.221072200794504
-0.250859166604148
-0.291649335520704
-0.33859644414416
-0.353653495844059
-0.160834949188342
0.978632289572478
4.4311776926464
5.83090440553308
-0.153815889351917
-0.153558837152559
-0.153423410314165
-0.153468871909773
-0.153727641622193
-0.154279089872297
-0.155209792821036
-0.156662728636259
-0.158817728156035
-0.161951945340927
-0.166456581629838
-0.172927641238328
-0.182221003313195
-0.195635264403994
-0.215027250618241
-0.242751891897461
-0.280643875297704
-0.324420991286244
-0.340389475133731
-0.173188773101903
0.822061439593395
4.14061750629111
5.73587370637964
5.85807400093412
-0.151725973373359
-0.151581535072543
-0.151604481344463
-0.151831599099799
-0.152330223287615
-0.15320015521565
-0.154555640094113
-0.156578321477738
-0.159522954475334
-0.163764870526584
-0.169836544359204
-0.178555676133706
-0.191110074774827
-0.20919751107717
-0.234986933083094
-0.270136992244018
-0.310865213191407
-0.327270337140988
-0.182031838382878
0.689380003329511
3.83924915866377
5.63057894004597
5.92632698508951
NA
-0.149775123717191
-0.149768126313918
-0.149965324450059
-0.150420553044325
-0.151222674041417
-0.152486506628918
-0.154381106198161
-0.157147906410186
-0.161122295827049
-0.16682247672782
-0.174990772656048
-0.18672186572203
-0.203581000482874
-0.227534919970867
-0.260103158159304
-0.297911208389711
-0.314363590212713
-0.187937790584054
0.576745461417623
3.53185827360436
5.51648407201323
5.96386147933994
3.86925351843022
NA
-0.147973764031708
-0.148134537294329
-0.148543985912211
-0.149281628796002
-0.150459892360337
-0.152226558110088
-0.154815127354733
-0.158541422726179
-0.163878234924218
-0.171515931143076
-0.182470347292068
-0.198161409995529
-0.220389719480167
-0.250524252267274
-0.285533735931073
-0.30171941083617
-0.191395638089563
0.481040753511123
3.22231537555421
5.39490789895007
5.97461033712558
4.34069172937907
NA
NA
-0.146339430770059
-0.146704654224448
-0.147375891158667
-0.14846478980588
-0.150113191116556
-0.15253020260932
-0.156013442419587
-0.161003171839228
-0.168138989534372
-0.17834945318936
-0.192936862655193
-0.213534051136212
-0.241373365789668
-0.273712646030864
-0.289382765580361
-0.192819351698673
0.399700897600744
2.91375450493856
5.26706231682218
5.96196489951208
4.72526627463312
NA
NA
NA
-0.144898102393217
-0.145511970330731
-0.146509773173439
-0.148040552474562
-0.150290423839534
-0.153543527621775
-0.158197518849904
-0.164851444305875
-0.174353822841716
-0.187894785796536
-0.206959914442162
-0.23263000948187
-0.262426302517685
-0.277382864882024
-0.192571326165612
0.330601279012155
2.60873034991114
5.13404941350806
5.92886502260825
5.0357951217193
NA
NA
NA
NA
-0.143679548128535
-0.144593995112899
-0.146010504913099
-0.148096816854962
-0.151123730072665
-0.155462141769189
-0.16165303142312
-0.170483141077234
-0.183033504242897
-0.200647858108109
-0.224280750612875
-0.251650435274113
-0.265740751883303
-0.190949659609556
0.271948568144425
2.30931421052333
4.99688040312143
5.87789048564495
5.28301361043627
NA
NA
NA
NA
NA
-0.142715472862868
-0.144020230767299
-0.14595163861449
-0.148760888436481
-0.15279047971385
-0.158543680243509
-0.166731436411324
-0.178343248199481
-0.194585968179725
-0.216297970292621
-0.241372527045805
-0.254474694561148
-0.188215427256645
0.222231962687809
2.01817358487744
4.85549460248487
5.81130969828748
5.47589549059419
NA
NA
NA
NA
NA
NA
-0.142068492092254
-0.143854992019324
-0.146448736599545
-0.15018575426559
-0.155515411752707
-0.163096053211043
-0.173818508698495
-0.188767251130385
-0.208669741276495
-0.231563429936584
-0.24359751341086
-0.184587758139349
0.180171824153475
1.75929550474487
4.68809340107177
5.73113679127201
5.62196059527601
NA
NA
NA
NA
NA
NA
NA
-0.141799843496954
-0.144193319870435
-0.147646472023991
-0.152572373120915
-0.159569313370001
-0.169453929148977
-0.183180597223123
-0.201379943598285
-0.222202136792997
-0.233113811154154
-0.180252935760682
0.144670485037848
1.53718258621671
4.49201321691933
5.63916931372316
5.72753168542465
NA
NA
NA
NA
NA
NA
NA
NA
-0.141991637709751
-0.145169781007921
-0.149709399708369
-0.156157070171263
-0.165236446600986
-0.177815529383958
-0.194408951591031
-0.213274717875887
-0.223025244933483
-0.175372444727241
0.114794333461
1.3459731853909
4.27465082976608
5.53701642928907
5.79796276499128
NA
NA
NA
NA
NA
NA
NA
NA
NA
-0.142754504753273
-0.146928770439407
-0.152847168053859
-0.161170493359571
-0.1726617900702
-0.18774557999685
-0.204760146352582
-0.213327156113389
-0.170076626086889
0.0897399090778998
1.18092647098018
4.04200636470948
5.42613582172481
5.83781328656857
3.73139032996337
NA
NA
NA
NA
NA
NA
NA
NA
NA
-0.144223950669012
-0.14964000809506
-0.157247496976678
-0.167710893649455
-0.181373340965095
-0.196637453323254
-0.20401947560221
-0.164480572175252
0.0688135289407547
1.03816866345479
3.798992633514
5.30784071746
5.8509956084671
4.20063460814169
NA
NA
NA
NA
NA
NA
NA
NA
NA
NA
-0.146536146121067
-0.153460546687312
-0.162954344903986
-0.175276666072594
-0.18889407275096
-0.195095819627143
-0.158678548550696
0.0514266583399179
0.91447872566196
3.54965147709396
5.18333116880691
5.84088593592543
4.5842307308122
NA
NA
NA
NA
NA
NA
NA
NA
NA
NA
NA
-0.149806742117593
-0.158384060325309
-0.16944795521512
-0.181509247687166
-0.186550087116453
-0.152744292676512
0.0370646053234722
0.807165778943433
3.29731869699061
5.05369459964156
5.81042778817355
4.89468032191513
NA
NA
NA
NA
NA
NA
NA
NA
NA
NA
NA
NA
-0.15399649620976
-0.163872344824679
-0.174466086649899
-0.178369726115831
-0.146749692746045
0.0252854425981219
0.713958681945844
3.04475272318073
4.91993240220896
5.76219344357799
5.14248624429494
NA
NA
NA
NA
NA
NA
NA
NA
NA
NA
NA
NA
NA
-0.158540500048389
-0.167749412740175
-0.170548525684175
-0.140748495133024
0.0157119237980519
0.632936442054646
2.79422061874474
4.78295382104688
5.6984492573644
5.33645206809433
NA
NA
NA
NA
NA
NA
NA
NA
NA
NA
NA
NA
NA
NA
-0.180139475462424
-0.179312722763813
-0.178517499270992
-0.177768933750606
-0.177076914661955
-0.176451620594025
-0.175915940604081
-0.175485210810869
-0.175194388582631
-0.175073395056489
-0.175180964405472
-0.175579693932556
-0.176368891822278
-0.177664573702917
-0.179661794006751
-0.182614681111196
-0.1868846187177
-0.193035314873323
-0.201894820694124
-0.214712540711112
-0.233424561479152
-0.260986755062029
-0.3017244843517
-0.361180179458217
-0.177041188114815
-0.176264518170697
-0.175534988980338
-0.17486584092379
-0.174258764743008
-0.173733885751482
-0.173315951360361
-0.173030819914765
-0.172916088785632
-0.1730187213973
-0.17340084052877
-0.174164631042806
-0.175418596370751
-0.177336245118197
-0.180173597714973
-0.184275139308143
-0.190168320729829
-0.198632213545371
-0.21084936082096
-0.228622593920979
-0.254716453245079
-0.293156968037092
-0.349105624020298
-0.42581567811903
-0.174047546032263
-0.173342105668944
-0.172687373215434
-0.172096782541519
-0.171584700327226
-0.171182939545338
-0.170901868070155
-0.170787280148098
-0.17088243085621
-0.171253000169085
-0.171985136200958
-0.173190310023965
-0.175039365922248
-0.177756785670341
-0.1816975262017
-0.187337731844989
-0.1954223657322
-0.20705864610457
-0.223939223214355
-0.248633143228309
-0.284888899503626
-0.337528795893211
-0.409725754821236
-0.489312456295052
-0.17118365081517
-0.170543032065885
-0.169969362356261
-0.169472033907883
-0.169077694907432
-0.168801086199248
-0.168687951179594
-0.168775507771787
-0.169136769127081
-0.169831359912183
-0.170989172060155
-0.172764279052072
-0.175378278696405
-0.179149819759987
-0.184546584296334
-0.192259954040209
-0.203339478456775
-0.219363989338077
-0.242726434925589
-0.276920027454867
-0.326422818423592
-0.394335263932264
-0.470212975658009
-0.479792365168451
-0.168440003805213
-0.167873851923727
-0.167392159603773
-0.167002977126712
-0.166733621559416
-0.166615697592838
-0.166699823691613
-0.167036244944482
-0.167707606224736
-0.168816544994636
-0.170523592370485
-0.173022677603513
-0.176636057441841
-0.181790094318445
-0.189155278722517
-0.199694915475841
-0.214897865113909
-0.236993958848159
-0.269230350089055
-0.315768485026666
-0.379604445473407
-0.451787679846492
-0.466910604909302
-0.134203600350567
-0.165818343782292
-0.165342455846554
-0.164960352335493
-0.164696797248499
-0.164579364219752
-0.164652554632219
-0.164968497926481
-0.165611997446456
-0.166674578593444
-0.16830393069818
-0.170698293093309
-0.174154752472119
-0.179079257405575
-0.186095099999697
-0.196119281846203
-0.210539466644978
-0.231431730908828
-0.261810078872704
-0.305546805514233
-0.365514738451535
-0.434031341617203
-0.453459472373527
-0.167169402866056
1.48899088085936
-0.163328517786669
-0.1629481246815
-0.162690460169682
-0.162570206233676
-0.162629943204419
-0.16293266584317
-0.163541041491656
-0.164558689995489
-0.16611447379689
-0.168409622602763
-0.171706916321529
-0.176405851722751
-0.183091147204925
-0.192616243957727
-0.206285835990726
-0.226030385590166
-0.254646878276119
-0.295732745886328
-0.352035210823496
-0.416939266190107
-0.43962320257111
-0.193382023753553
1.24583886041131
4.89749611640864
-0.160977839115032
-0.160712670234827
-0.160585825128726
-0.160648592321457
-0.160924184043367
-0.161499366613612
-0.162469196547735
-0.163959167000547
-0.166147422022126
-0.169294685181714
-0.173776825756703
-0.180132108301385
-0.189185509490968
-0.202134546409221
-0.220785947003934
-0.247732913483427
-0.286319309500664
-0.339132466689483
-0.400503039030467
-0.425554782117509
-0.213851862574099
1.04076701562045
4.63171006731196
5.88351181361086
-0.158765688323453
-0.158642008638464
-0.158683873885815
-0.15894596073846
-0.159492180040987
-0.160408300204988
-0.161831178727599
-0.163915874264809
-0.166918826887447
-0.171184011157619
-0.177236471164432
-0.185821905192363
-0.198085224229209
-0.215694060211681
-0.241057711318997
-0.277273848409983
-0.32678925735058
-0.384711443183923
-0.411385163727381
-0.229448449576758
0.866994596211069
4.34438530143835
5.80531755153162
5.76758911778352
-0.156721711719274
-0.156756345484745
-0.156996844518212
-0.157510559291532
-0.158383676827614
-0.159730379591106
-0.161719153350987
-0.164575827140088
-0.168636225135429
-0.174384878064951
-0.182530057950243
-0.194132995292323
-0.21075090085386
-0.234612946522927
-0.268587368560856
-0.314973745104208
-0.36955178534938
-0.397220344811368
-0.24091462507411
0.719292384667523
4.04211271661112
5.71629434543681
5.85292301604274
NA
-0.154858222498344
-0.155074472661097
-0.155559943021283
-0.156382428514559
-0.157664103359814
-0.159553979835056
-0.162271597019603
-0.166130302790545
-0.171588898329907
-0.179308618204203
-0.190276219671571
-0.205950186508941
-0.228386832844881
-0.260242180954752
-0.303666794275499
-0.355002084063117
-0.383153106708302
-0.248893565648477
0.593517779230689
3.73016924077889
5.61784038504355
5.90811673149603
3.72061430947178
NA
-0.153187052974793
-0.153634920784125
-0.154422421660231
-0.155625068725604
-0.157421326842215
-0.160002168620375
-0.163667203376515
-0.168841131360656
-0.176149761398031
-0.186521138340269
-0.201288381839148
-0.222373780846951
-0.2522220196083
-0.292842378419482
-0.341051404503639
-0.369251299704465
-0.253927431317199
0.48631449621708
3.41283921236711
5.51121488599743
5.93685411092657
4.18813725668538
NA
NA
-0.151746474355257
-0.152477247709346
-0.153624195988625
-0.155323101203992
-0.157771040627622
-0.161244734987739
-0.166145762969913
-0.173063138795545
-0.182852445447397
-0.1967645396922
-0.216563000712309
-0.244517357813845
-0.282475721959949
-0.327677711551259
-0.355577003263747
-0.256494288414664
0.394934755661785
3.09362177700912
5.39758024242112
5.94231837477235
4.57487622513539
NA
NA
NA
-0.150572377178661
-0.151649553450353
-0.153259500393142
-0.155575383187237
-0.158866109650201
-0.163503225092766
-0.170040960903717
-0.179276899149666
-0.192365542141671
-0.210950839868418
-0.237105282677901
-0.272555632044248
-0.314862427196703
-0.342172638105085
-0.257003717092287
0.317085760535232
2.77540501270857
5.27799308298914
5.92728538724626
4.89213968802256
NA
NA
NA
NA
-0.14971094047321
-0.15122903289643
-0.153415370837981
-0.156527995053717
-0.16091408439029
-0.167083560488738
-0.175789313745612
-0.188098050218756
-0.205528562408554
-0.229979590011502
-0.263051025776984
-0.302583832495102
-0.329082132563774
-0.255799336308647
0.250844879224443
2.46055639977249
5.15342986457494
5.89419230932129
5.14951089768405
NA
NA
NA
NA
NA
-0.149230408927325
-0.151293968936152
-0.154235145477768
-0.158373850106655
-0.164194548405557
-0.172388905877805
-0.183952880185695
-0.200282079620283
-0.223128555297936
-0.25394696998167
-0.29082307302059
-0.316332948312419
-0.253185672160276
0.194578496929101
2.15105736914238
5.02476348473705
5.84519189012566
5.35508105751247
NA
NA
NA
NA
NA
NA
-0.149212879230929
-0.151979909043882
-0.15588358399492
-0.161368210863711
-0.169074943525435
-0.17992675823408
-0.195211855714695
-0.216534800333938
-0.245227116610836
-0.279565708129189
-0.303940102037627
-0.249418248423346
0.14689826572084
1.8683662961355
4.87295936246923
5.78219372200343
5.51569784578516
NA
NA
NA
NA
NA
NA
NA
-0.149771070472465
-0.153446134544516
-0.15860244351498
-0.165842318022946
-0.176018574138701
-0.190312357774334
-0.210192179397487
-0.236868422785452
-0.268784753138266
-0.29192741274406
-0.244719161968206
0.106614498127152
1.62537603416867
4.68718488866268
5.70691278066753
5.63716118901638
NA
NA
NA
NA
NA
NA
NA
NA
-0.151059197056724
-0.155899962047301
-0.162693221904712
-0.172220532504831
-0.18557283518645
-0.204085979999082
-0.228857718386882
-0.258468105773808
-0.280299604944399
-0.239279276295736
0.0727087802748079
1.41579178261809
4.47548131876436
5.62088222572658
5.72441318184025
NA
NA
NA
NA
NA
NA
NA
NA
NA
-0.153261219369202
-0.159623592085124
-0.168533402844217
-0.180989482011776
-0.198207907605115
-0.2211806420696
-0.248592859398562
-0.269061637992373
-0.233259592491508
0.0442955010268751
1.23454789477132
4.24438372071113
5.5254909605907
5.78169504282065
3.58622435737634
NA
NA
NA
NA
NA
NA
NA
NA
NA
-0.156631318084832
-0.164954296024616
-0.176555503487521
-0.192551542037982
-0.213818339831975
-0.239141928517506
-0.258219934109869
-0.226795693634548
0.0206146692619216
1.07750015770669
3.99926768484542
5.4219994115664
5.81265509635538
4.05099178749543
NA
NA
NA
NA
NA
NA
NA
NA
NA
NA
-0.161475683463733
-0.172267442970428
-0.187103729074047
-0.206758273468667
-0.230097385591693
-0.247775229329995
-0.220004580418143
0.00100875420433599
0.941212449833114
3.74458148358021
5.31155741114886
5.82046030148817
4.43621160400746
NA
NA
NA
NA
NA
NA
NA
NA
NA
NA
NA
-0.168118626242914
-0.181856037046662
-0.199990782226151
-0.221444696162415
-0.237715467549011
-0.212990456836931
-0.0150916090044166
0.822809861362306
3.48402551555
5.19521387958749
5.80788382105041
4.75289243790008
NA
NA
NA
NA
NA
NA
NA
NA
NA
NA
NA
NA
-0.176800817080123
-0.193496327209829
-0.21316574944848
-0.228041038457634
-0.205831613409914
-0.0281865151716003
0.719865009226039
3.22069325245826
5.07393068805649
5.77734944010556
5.01039599832318
NA
NA
NA
NA
NA
NA
NA
NA
NA
NA
NA
NA
NA
-0.187267633906671
-0.205242271457837
-0.218750106078848
-0.198597709764296
-0.038698016031419
0.630317617746405
2.95715198632738
4.94859070215862
5.73100756967942
5.21664737428725
NA
NA
NA
NA
NA
NA
NA
NA
NA
NA
NA
NA
NA
NA
-0.185613237363265
-0.184739067119548
-0.18390573340457
-0.18311894087112
-0.182396553258933
-0.181762232276366
-0.181223459868329
-0.180812372415086
-0.18056302006608
-0.180516039711556
-0.180733206044923
-0.181298757937429
-0.182314785381792
-0.183945611465562
-0.186397702361871
-0.189978409981995
-0.19513761839896
-0.202538564762381
-0.213171847942995
-0.228552444966094
-0.25099279966921
-0.283996284080373
-0.332701071969281
-0.403423102467336
-0.182412275216764
-0.1816023297628
-0.180843825100899
-0.180151868021914
-0.179533719012292
-0.179010222076556
-0.178622957292715
-0.178384118269604
-0.17834320284292
-0.178565384228007
-0.179121382429759
-0.18011882621375
-0.181700007111695
-0.184082871064142
-0.187546834800792
-0.192528984278032
-0.199659962732288
-0.209869655494505
-0.224587676600729
-0.24598928130916
-0.277367794136179
-0.323499795873121
-0.390349379861182
-0.481146596070011
-0.179335612054974
-0.178601431273737
-0.177931217864556
-0.177332024862338
-0.176835827973129
-0.176454312367784
-0.176231716130272
-0.176199578497094
-0.176418620333802
-0.176962158322001
-0.177934126054781
-0.179476503462493
-0.181780010361509
-0.185140890017082
-0.189945694704354
-0.196809053737735
-0.206606030102252
-0.220690879770854
-0.241102047825402
-0.27091854453341
-0.314619847748175
-0.377791434171412
-0.463714758337621
-0.556867160705928
-0.17639063105876
-0.175738179853814
-0.1751679396653
-0.174678998599892
-0.174320887692289
-0.174103560420409
-0.174072811564801
-0.174298140070365
-0.17482706209559
-0.175771079410349
-0.177269632545132
-0.179507057674454
-0.182748780407218
-0.187386900834777
-0.193981918192213
-0.203388640545293
-0.216856013506761
-0.236320135093382
-0.26465391958405
-0.306040978559109
-0.365728642487399
-0.446997905010373
-0.536559942533874
-0.547315470856475
-0.17358216729413
-0.173026866327092
-0.172557777010651
-0.172205737606274
-0.172000389102118
-0.171979182838725
-0.172193012594318
-0.172714999287155
-0.173630816733266
-0.175084452609168
-0.177247879686964
-0.180380508799843
-0.184849277914779
-0.191197166645913
-0.200213053730774
-0.213090384300137
-0.231640989942803
-0.258562941906182
-0.297751636453836
-0.35413362055302
-0.43096449131299
-0.516870094690942
-0.535003404851739
-0.160738141514411
-0.170913976957432
-0.170466540757533
-0.17012252058913
-0.16992584264598
-0.169907684406145
-0.170113759479447
-0.170623850910685
-0.171515174994023
-0.172919466154193
-0.175011970919765
-0.178032640574477
-0.182341794013733
-0.188437000524165
-0.197077584946929
-0.209390184667029
-0.227068867725328
-0.252640333771949
-0.289743326263591
-0.342993126504359
-0.415585989571024
-0.497808924729545
-0.521827483022013
-0.200119370505122
1.61247867238906
-0.168398843405359
-0.168066748413724
-0.167879894761675
-0.167856292862751
-0.168059667989
-0.168556494898006
-0.169416056214711
-0.17078172528322
-0.172799688328151
-0.175712497404437
-0.17985546362601
-0.185713284930922
-0.193989480056204
-0.205755708283726
-0.222597234620071
-0.24687748159927
-0.282003331154323
-0.332279550598607
-0.400839661273206
-0.479380926032177
-0.508011054096756
-0.231877875635018
1.34550431679572
5.06829644818067
-0.166039617078602
-0.165858765216636
-0.165836395186128
-0.166030856546729
-0.166509590605292
-0.16734639131077
-0.168660521663114
-0.170610870133024
-0.173415231265151
-0.177399529502871
-0.183017528659545
-0.19095036120465
-0.202185104985912
-0.218223850999709
-0.241276234008674
-0.274519097358327
-0.321981977421231
-0.386699397741295
-0.46158368876617
-0.493735489916391
-0.257109451221129
1.11982939096336
4.81476036175751
5.91373172834926
-0.163858863461019
-0.163839648069944
-0.16403144748694
-0.164490397496795
-0.165296903877693
-0.166564708670572
-0.168442712821323
-0.171144682342194
-0.174971671483759
-0.180362840223399
-0.187951745220964
-0.198681079343357
-0.213947628730706
-0.235828708481141
-0.267280808765975
-0.3120785318541
-0.373136026716677
-0.444418886961551
-0.479162528549813
-0.276761606135327
0.928071531946233
4.5349049722136
5.85091642363605
5.67140553617708
-0.16187008567761
-0.16205517898107
-0.162493169863481
-0.163273351021314
-0.164493473858187
-0.166300964027423
-0.16889804756075
-0.172574493746137
-0.177740593063955
-0.18499977869405
-0.195237735260666
-0.209767417277021
-0.230531002333321
-0.260284012327915
-0.302552660769499
-0.360127612387319
-0.427871570220629
-0.464424768369446
-0.291643171663005
0.764564333173874
4.23592578140754
5.77686610269871
5.77138393498429
NA
-0.160104168388218
-0.160524790024851
-0.161269472350268
-0.162447968535046
-0.1641821561207
-0.166681957527745
-0.170205167995014
-0.175156119430797
-0.182095826967258
-0.191856137363125
-0.205684384161423
-0.225377177795655
-0.253515346622534
-0.293384708653198
-0.347651197116316
-0.411937229512963
-0.449635665771883
-0.302457035280545
0.624852617045698
3.92357984090027
5.69291328856382
5.84188002074399
3.58111297777269
NA
-0.158579294876525
-0.15929838529031
-0.1604239276765
-0.162094044001608
-0.164488725608538
-0.167871478992681
-0.172603302446184
-0.179235444882953
-0.188543681366339
-0.201689400789434
-0.220362668264492
-0.246967478812247
-0.284564684595479
-0.335684452328173
-0.396601049266309
-0.434886582125001
-0.309811776495204
0.505348279532797
3.60254972219315
5.60026585082358
5.886345417474
4.04362005544346
NA
NA
-0.157348690452826
-0.158430412319293
-0.160030184444452
-0.162325337121907
-0.165563237322581
-0.170090975480266
-0.176422826693167
-0.185294411447048
-0.197787359376378
-0.21548709166862
-0.240630516916158
-0.276069475374617
-0.324203750670961
-0.381848595293121
-0.420258703625159
-0.314229929853605
0.403100927255365
3.27669030270908
5.50003463946894
5.90777156852535
4.43081428353362
NA
NA
NA
-0.156460206120317
-0.157993888462666
-0.160190274894617
-0.163288687557008
-0.167615834543127
-0.173657975976411
-0.182105539660047
-0.193975016584584
-0.210741813391467
-0.234500743031979
-0.267890723705573
-0.313185288082806
-0.367671064444942
-0.405813858758387
-0.31616861981324
0.315674911096537
2.94918995241107
5.39323049577625
5.90878400184487
4.75271574697198
NA
NA
NA
NA
-0.155981950949952
-0.158083766272839
-0.161045541433197
-0.165178154864756
-0.170940021307887
-0.178978803909581
-0.19024726414392
-0.206129637718673
-0.228565816516498
-0.260016020676037
-0.302612375120718
-0.354040854709102
-0.39160719128052
-0.31602523100258
0.241007326581596
2.62270210365796
5.28079593850187
5.89168665298491
5.01791415032264
NA
NA
NA
NA
NA
-0.156005663006822
-0.158837020084418
-0.16277903407538
-0.168268430480681
-0.175912359832143
-0.186609136918984
-0.201639266134146
-0.2228197194055
-0.252428044129865
-0.292469178531511
-0.340949319443205
-0.377677439283054
-0.314136778501637
0.177352711823487
2.29944389361632
5.16359063583131
5.85852120023273
5.23372848955605
NA
NA
NA
NA
NA
NA
-0.15665642232631
-0.160417764392763
-0.165642721832523
-0.172908300296053
-0.183050647847657
-0.197274731586079
-0.217257695126047
-0.245118597923001
-0.282729005995344
-0.328377837478282
-0.364058555304355
-0.310800739686773
0.123222830239251
1.99342589613625
5.03023885448072
5.81110479693713
5.40641060421524
NA
NA
NA
NA
NA
NA
NA
-0.158095519691414
-0.163061940763973
-0.169964023058768
-0.179577942493228
-0.193029729469967
-0.211868640921439
-0.238073417531412
-0.273377725263953
-0.316305698681768
-0.350778520163633
-0.30627688967228
0.0773388266730741
1.72889808240735
4.85875725115147
5.75106826721658
5.54128588875595
NA
NA
NA
NA
NA
NA
NA
NA
-0.160531011189661
-0.167079100102752
-0.176185315254195
-0.188894696630807
-0.206653294409525
-0.231281363803043
-0.264398171069966
-0.304719000825079
-0.337855385781208
-0.300781268812662
0.0385997669170868
1.50026007815235
4.65668113519959
5.67987469533612
5.64293352939124
NA
NA
NA
NA
NA
NA
NA
NA
NA
-0.164254473196193
-0.1728722896467
-0.184873251090703
-0.201598480666015
-0.224735741446913
-0.255774565272995
-0.29359423888032
-0.325304129193925
-0.294504454185474
0.0060472559154654
1.3021105280259
4.4310683966326
5.59885085587823
5.71529436648689
3.45009505562968
NA
NA
NA
NA
NA
NA
NA
NA
NA
-0.169636182071294
-0.180963323453904
-0.196704744445483
-0.218420776641154
-0.247488904066674
-0.282917507576753
-0.31313478746292
-0.287611852440065
-0.0211446005349289
1.13003734668472
4.18773818153838
5.50920491910421
5.76178027516116
3.90936691237085
NA
NA
NA
NA
NA
NA
NA
NA
NA
NA
-0.177154399476628
-0.191960884699348
-0.212329095403745
-0.239531202670178
-0.272672533939327
-0.301349771575319
-0.280244815777574
-0.0436939730640589
0.980388561537488
3.93152693896519
5.41203711731666
5.78536448097752
4.29456421329747
NA
NA
NA
NA
NA
NA
NA
NA
NA
NA
NA
-0.187365095009523
-0.206453737698618
-0.231880146844041
-0.262841415367986
-0.289954628575966
-0.272519890207316
-0.0622313424930487
0.850111069280698
3.66648103662925
5.30835307980131
5.78865690147533
4.61543368958507
NA
NA
NA
NA
NA
NA
NA
NA
NA
NA
NA
NA
-0.200783219978326
-0.224523742847288
-0.253409792041143
-0.27894755761188
-0.264541955163605
-0.077303870459529
0.73662938602779
3.39599718965892
5.19908268923602
5.77394940324095
4.88035132505378
NA
NA
NA
NA
NA
NA
NA
NA
NA
NA
NA
NA
NA
-0.217455955765295
-0.244357919666974
-0.26832824183496
-0.256395812545783
-0.0893847087559738
0.637752159102248
3.12293208047322
5.08507678336037
5.74327753541835
5.09647184436924
NA
NA
NA
NA
NA
NA
NA
NA
NA
NA
NA
NA
NA
NA
-0.190923270435158
-0.18996953363251
-0.189073612594635
-0.18823642138017
-0.187462930236581
-0.186791007417144
-0.186222759905762
-0.185806493176372
-0.185560752106564
-0.185558719619988
-0.185848015632275
-0.18653345115379
-0.187738822571788
-0.189641395516977
-0.192491906624127
-0.196644847798175
-0.202621190840211
-0.21120940117978
-0.22355745719499
-0.241445707459589
-0.267570641567366
-0.30603714385761
-0.362697767937802
-0.44457386752559
-0.18762591565555
-0.186757215507111
-0.185949907808601
-0.185206724411458
-0.184560538569817
-0.184023178344482
-0.183627384899514
-0.183400528074968
-0.183409625921238
-0.183711862484436
-0.184395459351357
-0.185585713766173
-0.187450746023037
-0.190231747704176
-0.194272242850277
-0.200078441688336
-0.208378717038109
-0.220276533969686
-0.237450092765527
-0.26245473186832
-0.299116540502425
-0.352957493711748
-0.430605351758182
-0.534906480228198
-0.184472739557826
-0.183690978652994
-0.182978081520957
-0.182359728677922
-0.181836365192907
-0.181466231602805
-0.181263519704236
-0.181285812427669
-0.181585876805278
-0.182269624908372
-0.183443719491403
-0.185265921532857
-0.187984642954163
-0.191917799018405
-0.197543043416182
-0.205561037676493
-0.217028004728963
-0.233518418530269
-0.257433108551767
-0.29238640514483
-0.343543611092757
-0.417166875654578
-0.516316663397944
-0.621259002793479
-0.18145824272653
-0.180777177375155
-0.180172920839984
-0.179686921258179
-0.179325185909448
-0.179146994293649
-0.179171632575472
-0.179481629757935
-0.180157549665134
-0.18131247291162
-0.183101627579909
-0.185747725219887
-0.189570064535163
-0.195017675460283
-0.202771477976416
-0.213808708986361
-0.229641364855187
-0.252515726602385
-0.285835155321187
-0.334435928016959
-0.404247581418698
-0.49844049894315
-0.600070006060074
-0.608062029212167
-0.178597148181643
-0.178020602155128
-0.177551834774466
-0.177211233874486
-0.17704192167385
-0.177086100558081
-0.177395733945448
-0.178058967683045
-0.179196960551074
-0.180942939733928
-0.183525304353075
-0.18723496324454
-0.192515610887546
-0.199999946245862
-0.210629500440058
-0.225812823663878
-0.24770295742159
-0.279455125739645
-0.32562591675848
-0.391817579221106
-0.481256765316499
-0.579422117525824
-0.596881788985304
-0.175109019241483
-0.175891579205393
-0.175446945465199
-0.175118654828198
-0.174961992379497
-0.175011469853582
-0.175327006871957
-0.175984468063039
-0.177094758544894
-0.178802125749072
-0.181312727985356
-0.184917947649933
-0.190025908596013
-0.197246576540408
-0.207480515743898
-0.222055483506181
-0.242976879998949
-0.273245714810696
-0.317109339164084
-0.379851415805498
-0.464742415884451
-0.559342258729386
-0.584523794694536
-0.221582734904422
1.75311591755431
-0.173359559439255
-0.173050352248825
-0.172903560846522
-0.172956020250135
-0.173278852526809
-0.173921039569523
-0.175011825085956
-0.176675290440488
-0.179118307057103
-0.182615392459592
-0.187556904341277
-0.194523394880202
-0.204366223585241
-0.218347830712025
-0.238353139613387
-0.267195647732861
-0.308865296671489
-0.368335158956958
-0.448870434888478
-0.539847093579222
-0.57124372323545
-0.259570251977313
1.46157216259264
5.21746373121416
-0.171004061842709
-0.170867957550565
-0.170928293585771
-0.171239474404111
-0.1718816277589
-0.172943534110021
-0.174567307094572
-0.176938882255994
-0.180326907462813
-0.185103995858394
-0.191826255029981
-0.201291275094857
-0.214697835026738
-0.233824836921742
-0.261307386445515
-0.300888509881937
-0.357242742674104
-0.433615145292264
-0.520945288275202
-0.557254353318432
-0.290252246425047
1.214664516584
4.97993103941363
5.92586246852635
-0.168856060205496
-0.168919773513947
-0.16922777049249
-0.169858844692821
-0.170893282070494
-0.172472602465764
-0.174777879047101
-0.178056993518736
-0.182675080188581
-0.189155423591114
-0.198256517700409
-0.211104282686326
-0.229389200290271
-0.25556918939779
-0.293159824741363
-0.346565720089248
-0.418957377143449
-0.502639334013158
-0.542748544763749
-0.314640195025482
1.0043269892365
4.71127105311284
5.87707381711363
5.57175505178713
-0.166931462265492
-0.167239132862801
-0.167851284595175
-0.168861929930245
-0.170399785211152
-0.172630712181796
-0.175807758595985
-0.180266961915106
-0.18651105660049
-0.195256120981747
-0.207572021816072
-0.225041081615174
-0.24997876587873
-0.285684178873285
-0.336278181621952
-0.404872189036997
-0.484933123606548
-0.527878155254612
-0.333610884066982
0.824431237890182
4.41929803458769
5.81676522765113
5.68430532598104
NA
-0.165268131730151
-0.165861679395995
-0.166853471253937
-0.168341362295252
-0.17050816381758
-0.173577050319577
-0.177882116181543
-0.183894711859137
-0.192297026811621
-0.204097399236315
-0.220784798935332
-0.244535529251922
-0.278437119986417
-0.326364436420024
-0.391339472044516
-0.467818721322464
-0.512788383013463
-0.347922613361896
0.670189880434388
4.11024886364393
5.7462096628418
5.76808158505803
3.45013687213759
NA
-0.16390038303016
-0.164857891256722
-0.166306841982218
-0.168402913868043
-0.171370482563181
-0.175521214718911
-0.181306001274093
-0.189375203821382
-0.200680059373422
-0.216615281729664
-0.239233621108863
-0.271417714869026
-0.316815509129122
-0.378330281991274
-0.451293702424312
-0.497587319840245
-0.35824192296707
0.537770296858063
3.78919861329203
5.66656333928179
5.8263181886398
3.90684621536733
NA
NA
-0.162886969022105
-0.164290582248376
-0.166317439931331
-0.169183170820904
-0.173182427313158
-0.17875271642804
-0.186492630178161
-0.197319904175101
-0.212534605565561
-0.234065819706923
-0.264619932249911
-0.307603002756548
-0.365833059200437
-0.435349054521892
-0.482376448635571
-0.365138972341004
0.424031859882613
3.46033603018564
5.57888886767996
5.86183443704565
4.29317414927685
NA
NA
NA
-0.162293229803954
-0.16425488944757
-0.167021081436723
-0.17087118053618
-0.176224967771408
-0.183655543961682
-0.194011640854587
-0.208538431127029
-0.229033061470774
-0.258028543227372
-0.298728264908964
-0.353818660898991
-0.419974378606744
-0.467236508385196
-0.369116646815661
0.326376941907699
3.12714378819994
5.48415921990458
5.87710721873218
4.61804641129775
NA
NA
NA
NA
-0.162210980705939
-0.16487888695479
-0.168587852116452
-0.173730344774184
-0.180856918793264
-0.190764651624568
-0.204626078121124
-0.224130539848546
-0.25164363260517
-0.290164015908596
-0.342266946691544
-0.405155949418815
-0.452238765958606
-0.370614969345632
0.242615785423437
2.79254360283054
5.38327389593762
5.87432308488207
4.88918391920301
NA
NA
NA
NA
NA
-0.162761044383599
-0.166331212351303
-0.171270198822792
-0.178097807551873
-0.187575837830423
-0.200793918158172
-0.219352178451912
-0.245451383878852
-0.281907584898661
-0.331161277905664
-0.390879657840617
-0.437440801360086
-0.370012601921426
0.170897534100524
2.4589852530308
5.27706539380296
5.85541678687248
5.11323139681535
NA
NA
NA
NA
NA
NA
-0.164101886165009
-0.168840812014989
-0.175380068984856
-0.184438976985664
-0.197048361646446
-0.214695627729313
-0.239450464427047
-0.273940287832157
-0.320484277767644
-0.377131830161843
-0.422882680816043
-0.367644837952321
0.109637015769968
2.13343778823855
5.16139447164926
5.82212004863431
5.29590377115429
NA
NA
NA
NA
NA
NA
NA
-0.166445373340776
-0.172706819523321
-0.18136226263979
-0.193380634389838
-0.210158102122126
-0.233631743312524
-0.26624880249515
-0.3102162601796
-0.363898347757877
-0.40860483697037
-0.363801922001474
0.0574696284304723
1.84690612948207
5.00770629790929
5.77598583332075
5.44210872603325
NA
NA
NA
NA
NA
NA
NA
NA
-0.170074216696378
-0.17834059070726
-0.189789726068803
-0.205737873003397
-0.227986038936984
-0.258829256559192
-0.300338760589712
-0.351162878835073
-0.39464003662392
-0.358730771694755
0.0132174139456201
1.59873260510259
4.81876961515622
5.71840899328402
5.55608702326566
NA
NA
NA
NA
NA
NA
NA
NA
NA
-0.17537147942212
-0.186280450017935
-0.201428877801641
-0.222513026963569
-0.251664377584936
-0.290837526018951
-0.338907725858244
-0.381008367053735
-0.352654108928508
-0.0241433988606312
1.38316515594202
4.60215794294724
5.65066219533903
5.64150856858287
3.32238048527188
NA
NA
NA
NA
NA
NA
NA
NA
NA
-0.182844520505798
-0.197232955056659
-0.217201760610673
-0.244744872115105
-0.281695683582277
-0.327118564340303
-0.367727834820875
-0.345763004925259
-0.0555030270102117
1.19552294100001
4.36412239440114
5.5738975028362
5.70156895014015
3.77544541607746
NA
NA
NA
NA
NA
NA
NA
NA
NA
NA
-0.193142175823119
-0.212049285464414
-0.238061297147603
-0.272900369461357
-0.31577950504862
-0.354810889700031
-0.338216389557611
-0.0816412638030535
1.03194166608823
4.10986749623124
5.48916863085886
5.73906373456375
4.15935949172424
NA
NA
NA
NA
NA
NA
NA
NA
NA
NA
NA
-0.207049566500922
-0.231606845382609
-0.26443165860882
-0.3048710301632
-0.342266388701873
-0.330161509895453
-0.103238460495334
0.889191007922607
3.84376709184177
5.39744562771774
5.75644814437256
4.48279538214662
NA
NA
NA
NA
NA
NA
NA
NA
NA
NA
NA
NA
-0.225369861624874
-0.256280215456965
-0.294378277396531
-0.330103854674957
-0.321716763482279
-0.120887996761571
0.764544629102279
3.56951252984987
5.2996169798995
5.75589403013285
4.75327523521175
NA
NA
NA
NA
NA
NA
NA
NA
NA
NA
NA
NA
NA
-0.248429378756368
-0.284291174462696
-0.318315580910923
-0.312990580432582
-0.135115625421426
0.655689567744762
3.29022346549816
5.19650638126916
5.73933028962553
4.97727849431521
NA
NA
NA
NA
NA
NA
NA
NA
NA
NA
NA
NA
NA
NA
-0.195884871650815
-0.194850497721074
-0.193867755272199
-0.192943209818463
-0.192111642283844
-0.191370212210785
-0.190746826996269
-0.190289010027865
-0.190021374453805
-0.190012023989807
-0.190331423476455
-0.191091510932252
-0.192425226668919
-0.194536774778281
-0.197712666728155
-0.20235911874262
-0.209077262759203
-0.218761893720852
-0.232735965946238
-0.253054365080037
-0.282817331815613
-0.326703658377026
-0.391303825500196
-0.484164468621917
-0.192509673330436
-0.191561702620623
-0.190681645641854
-0.189877143706742
-0.189171291464353
-0.188581268553323
-0.188150956653551
-0.187913838678968
-0.187923060322513
-0.188271354434275
-0.189027497205024
-0.190359860497292
-0.192439398885831
-0.195561753308649
-0.200103287063619
-0.206647494350032
-0.216033721501026
-0.229544492812118
-0.249101918362886
-0.277651041643233
-0.319578546607156
-0.381099327243608
-0.469406121382848
-0.586580563323141
-0.189288559612367
-0.188435159100786
-0.18766702183286
-0.1869870074042
-0.186439872999069
-0.186025808927719
-0.185821084468861
-0.185849937781518
-0.186203739967735
-0.186974333782773
-0.188288831226382
-0.19035202516071
-0.193409267511032
-0.197847992666844
-0.204216133100211
-0.213319482717297
-0.226374261802761
-0.245200222850239
-0.272570974810512
-0.312640112248569
-0.371226121047956
-0.455195384289347
-0.566984976791239
-0.681928181475148
-0.186214806700132
-0.185478549437429
-0.184830172303494
-0.184301430514299
-0.183928789303062
-0.183736979662806
-0.183786688029125
-0.184154295426762
-0.184925277884305
-0.186236270163363
-0.188260603543351
-0.191260423586902
-0.195591315334056
-0.201788977132432
-0.210609734102159
-0.223219960436644
-0.2413419727216
-0.267595400741623
-0.305875003069435
-0.361669439976797
-0.441512901675775
-0.548110435382832
-0.660157197623362
-0.661663930295865
-0.183306090077465
-0.182690578189522
-0.182191120813451
-0.181841122991116
-0.18166861561234
-0.181737720425889
-0.182115689909906
-0.182885707720535
-0.184181578869528
-0.186178033386501
-0.189112278651064
-0.193343507204994
-0.1993678199123
-0.207916251805096
-0.220090381288682
-0.237532106570109
-0.262703527007214
-0.299275906485542
-0.352426120906239
-0.428330127672844
-0.529927932849156
-0.638842827316914
-0.652111355333806
-0.177731569919503
-0.180575675076399
-0.180099101663879
-0.179765309576895
-0.179622337002316
-0.179703071144368
-0.180083502246013
-0.180858828421533
-0.182135015686776
-0.184100127768677
-0.186973445331074
-0.191098676085901
-0.196944738264661
-0.205235890969166
-0.216987700428147
-0.233768745092761
-0.257902786870266
-0.292849469925022
-0.343473788362682
-0.415630653486498
-0.512417626028188
-0.61801646717226
-0.641054029449286
-0.231829720771974
1.90941717581512
-0.178021291688401
-0.177715861571778
-0.17758461311515
-0.177680585206888
-0.178067784097656
-0.178840161754745
-0.18010606335057
-0.182025180998565
-0.184837849961068
-0.188862563778596
-0.194539333632157
-0.202562547936214
-0.213911389565227
-0.23005414041043
-0.253191893421036
-0.286583231631255
-0.334799980673345
-0.403396863147888
-0.495552050258566
-0.597710567773728
-0.628775783510989
-0.276596552461847
1.59265942411441
5.3451174321566
-0.175680016134105
-0.175567675898137
-0.175673656622529
-0.176069527805243
-0.176829143542501
-0.178082598349429
-0.179966427183642
-0.18271300500712
-0.186626095838399
-0.192145314985282
-0.199909167372321
-0.210858789219594
-0.226389156881196
-0.248568779341973
-0.280473078690564
-0.326396442384248
-0.391605394995532
-0.479318281313041
-0.577941128804352
-0.615518138539177
-0.313283306107972
1.32400660034701
5.12688550832147
5.92335561196218
-0.173568457777928
-0.1736843630814
-0.174079582505023
-0.174838914102652
-0.176064415958095
-0.177916932753331
-0.180595679999557
-0.18440565158179
-0.189761750089389
-0.197275877728228
-0.20783682867654
-0.222768917953156
-0.244035831211377
-0.274510552712207
-0.318256067910119
-0.380233554218854
-0.463690474824191
-0.55872681683411
-0.601500699453445
-0.342970052522359
1.09463887024806
4.87269050942035
5.8873517999154
5.47027938001656
-0.171710721475609
-0.172109799911701
-0.172855271498815
-0.174065211891558
-0.175875132417738
-0.178490127410704
-0.182195915782625
-0.187391614943883
-0.194655482349681
-0.204842806635371
-0.219204823693583
-0.239585319800222
-0.268700392988406
-0.310363558381437
-0.369268963140819
-0.4486423784298
-0.54006867450211
-0.586911814563869
-0.366592748441453
0.897923750398421
4.59098900150489
5.83963617234615
5.5936352973281
NA
-0.170148871188736
-0.170892329606315
-0.172075212668251
-0.173846853430411
-0.176397044629504
-0.179999691810032
-0.185035337210059
-0.192060106639474
-0.201883102397057
-0.215687187421408
-0.2352169283364
-0.2630304827904
-0.302713679429475
-0.35868765528452
-0.434162531736643
-0.52197889297505
-0.571905411642126
-0.3849667231018
0.728719261905873
4.28850846107849
5.78143112616156
5.68894995018171
3.32707663388157
NA
-0.168940043017561
-0.170103782020156
-0.171832513956885
-0.174317017110378
-0.177814653453494
-0.18269416637955
-0.189485339107977
-0.198954414334047
-0.212218854360731
-0.230932136314233
-0.257501588181691
-0.295292195878971
-0.348482363203526
-0.420220365517688
-0.504458192393382
-0.556618417819383
-0.398804642062135
0.582933459133209
3.97071465533964
5.71383974936808
5.75926197280324
3.77743922740778
NA
NA
-0.168146366296808
-0.169831578143693
-0.172248191535382
-0.175644771408393
-0.180373696985872
-0.186932192964725
-0.196057100171404
-0.208803685983496
-0.226728711829755
-0.252106759678502
-0.288093850772666
-0.338632227435055
-0.406800259530169
-0.487496335819002
-0.541175891625052
-0.408726336216171
0.45722625484328
3.64212350716116
5.63788315064213
5.80722865928258
4.16188416634666
NA
NA
NA
-0.167846075609345
-0.170198908793695
-0.17349248815719
-0.178066481491815
-0.184405822041567
-0.193190533845534
-0.205435964219629
-0.222608753179992
-0.246841509189384
-0.281110147837922
-0.329126521798899
-0.393879520907854
-0.471095621547744
-0.525671552875465
-0.415278579974764
0.348847481125044
3.3064958716465
5.55449184885578
5.83519157548427
4.48839266192951
NA
NA
NA
NA
-0.168161987094397
-0.171355639989864
-0.175782984365736
-0.181900409617903
-0.190359093935966
-0.202120794308137
-0.218568558625103
-0.241704906143905
-0.274334058686525
-0.319945589440912
-0.381439167709371
-0.455244918721785
-0.510194144206826
-0.418940903958462
0.255478052148598
2.96700444302672
5.46453186964825
5.84522270023814
4.76393014711424
NA
NA
NA
NA
NA
-0.169236411073753
-0.173521391984436
-0.179418946799212
-0.187565776005024
-0.198853186292116
-0.21460292044282
-0.236694916611812
-0.267755348753144
-0.311081950852932
-0.369462681189389
-0.439934873090377
-0.494814816719498
-0.420128666319502
0.175162628743888
2.62632272690407
5.36880222704877
5.83916197669488
4.99454475198826
NA
NA
NA
NA
NA
NA
-0.171276166786595
-0.17696473957153
-0.184801886630863
-0.19564256055589
-0.210712932871611
-0.231802792085102
-0.261372656550979
-0.302521206656321
-0.357930566142731
-0.425149783584127
-0.479593509850269
-0.419214250400621
0.106220774666073
2.28721505761627
5.2675510828748
5.81865746146382
5.18547256949373
NA
NA
NA
NA
NA
NA
NA
-0.174538265264863
-0.182077512415296
-0.192477457985743
-0.206902178052881
-0.227031121634424
-0.255172556593084
-0.294249543409362
-0.346821836838571
-0.410886565944143
-0.464581568990029
-0.416517097400054
0.0472101999972496
1.9783600291802
5.13471731517051
5.78518994391748
5.34124197535006
NA
NA
NA
NA
NA
NA
NA
NA
-0.179387770431909
-0.189360497683728
-0.203166998932851
-0.222372550034376
-0.249153887426213
-0.286254697968271
-0.336124386912738
-0.397125747783248
-0.449818757515274
-0.412319124118117
-0.00311943838602513
1.71032076581527
4.96200571542245
5.74009396139645
5.46579002761857
NA
NA
NA
NA
NA
NA
NA
NA
NA
-0.18629854770097
-0.199505069681441
-0.217827086010087
-0.243311468925378
-0.278526596476748
-0.325816468224502
-0.383854110492696
-0.435337723819507
-0.406868939950778
-0.0458556306924489
1.47698414301452
4.75750635946341
5.68458391847214
5.56253940830632
3.20246650690038
NA
NA
NA
NA
NA
NA
NA
NA
NA
-0.195913344463984
-0.213391104162988
-0.237633334406388
-0.271058856775918
-0.315885064986688
-0.371060506925582
-0.421164089102865
-0.400381966605469
-0.0819486713988908
1.27339062375614
4.52789315009224
5.61976284919474
5.63448518842114
3.64883358975835
NA
NA
NA
NA
NA
NA
NA
NA
NA
NA
-0.209062142270095
-0.232119050123744
-0.263835873900985
-0.306314347743055
-0.358728921494458
-0.407321727770067
-0.393043727823432
-0.112230800289127
1.09546019286361
4.27872786898917
5.54664368849705
5.68425430109016
4.03050046513251
NA
NA
NA
NA
NA
NA
NA
NA
NA
NA
NA
-0.226764138805036
-0.25684864537624
-0.297092645586296
-0.346842381523626
-0.393822630087564
-0.385021235429912
-0.137432567776235
0.939785263602471
4.01469908011592
5.46615417030709
5.71416547196789
4.35521282618899
NA
NA
NA
NA
NA
NA
NA
NA
NA
NA
NA
NA
-0.25009077393351
-0.288202169853472
-0.335388384359478
-0.380678641255395
-0.376458914478153
-0.158194987366662
0.803498040574715
3.73977344142837
5.37914935156141
5.72627576291834
4.62974859788121
NA
NA
NA
NA
NA
NA
NA
NA
NA
NA
NA
NA
NA
-0.279629282324161
-0.324353509491521
-0.367898130928656
-0.367471747188887
-0.175089887105019
0.684164357985027
3.4573192695361
5.28642324086173
5.72241148344932
4.85999685615726
NA
NA
NA
NA
NA
NA
NA
NA
NA
NA
NA
NA
NA
NA
NA
-0.199235185439782
-0.198149493883744
-0.197136299130564
-0.196195426802303
-0.195359248554695
-0.194654817074902
-0.194122287679042
-0.193779512785165
-0.193735039248173
-0.194028094515266
-0.194795176220008
-0.196194585262388
-0.198447403158163
-0.201862876059701
-0.206923809730762
-0.214271849116402
-0.22494951590098
-0.240458708352966
-0.263099776932848
-0.296440531455328
-0.345698953348382
-0.418200353750882
-0.521888077745641
-0.196925487151725
-0.195890344765875
-0.194911077963257
-0.194016591835721
-0.193220278370132
-0.192557141430234
-0.19205563812673
-0.191763781937471
-0.191742367899659
-0.192062653288563
-0.192853283465008
-0.194254412800227
-0.196487866864283
-0.199867722323728
-0.204827758535648
-0.212016179081563
-0.222391777827025
-0.237411496002504
-0.259269551923605
-0.291293108181119
-0.338437361509556
-0.407612186745805
-0.506428397568344
-0.635819082475542
-0.193645196532522
-0.192711609255698
-0.191848604577098
-0.191094360076392
-0.190472971844967
-0.19000609551326
-0.189742838748062
-0.189747795804795
-0.190101156675183
-0.190904676800276
-0.192312108879416
-0.194527416329016
-0.197858589870484
-0.20272325163019
-0.209737629057384
-0.219837962459439
-0.234378232230787
-0.255463348011135
-0.286228239712336
-0.331358744143721
-0.397358461185463
-0.49152922931655
-0.61537523189622
-0.7385325086948
-0.190522196507324
-0.189703570132817
-0.188989672938172
-0.188390287187827
-0.187963226768693
-0.187731587931957
-0.18776609997153
-0.188142266667024
-0.188958658884865
-0.190364959419619
-0.192561823791167
-0.195840424518459
-0.20060653734205
-0.207458604903098
-0.217267940846056
-0.231357369846324
-0.251690013739866
-0.281251532957764
-0.324452242669398
-0.38742698821898
-0.477169547634092
-0.595639583036562
-0.716463484656574
-0.708011094890961
-0.187572049196753
-0.186888129991377
-0.186334846915862
-0.185932428608684
-0.185730946396068
-0.185789934133819
-0.18618629479068
-0.187007187840043
-0.188415835360714
-0.190588384346144
-0.193818698259651
-0.198489424882003
-0.205171274930026
-0.214704496267294
-0.228340687032533
-0.247953934427704
-0.276355811497672
-0.317710613933282
-0.377812499193715
-0.463325254784213
-0.576592732706497
-0.694743825485375
-0.700521734033327
-0.169207588441228
-0.184806908839976
-0.184285230510358
-0.183915448067943
-0.183740211235415
-0.183819998503445
-0.18423125088764
-0.18506306353312
-0.186464761736199
-0.188620043080674
-0.191792299444134
-0.196359812311628
-0.202879187216748
-0.212139224889567
-0.225340574438528
-0.244254630378513
-0.271542440973225
-0.311134670108954
-0.36849275227308
-0.449977031547699
-0.558213820591514
-0.673425217719177
-0.691182634678189
-0.231349268247622
2.08000034575879
-0.182248549702802
-0.181908468432692
-0.181759868680556
-0.181859155496706
-0.182286054396827
-0.183124882028723
-0.184515216638924
-0.186645413818615
-0.189763189896948
-0.194231782133417
-0.200583877659325
-0.209580573706342
-0.222352976712216
-0.240593786580156
-0.266809124456553
-0.304712888730822
-0.359459115435665
-0.437105168337379
-0.540488559289312
-0.65254418923481
-0.680315717070834
-0.283326026977623
1.73742376633305
5.45143950961799
-0.179912243400164
-0.179792769922903
-0.179909618881236
-0.180346348093822
-0.181188462775945
-0.182572865454488
-0.184669228471382
-0.187726642236813
-0.19210479318651
-0.198290822930851
-0.207026365064199
-0.219385856257957
-0.236967341974667
-0.262160157956476
-0.298451145107032
-0.350699733636925
-0.424685940293204
-0.523389848462547
-0.632133699402408
-0.668192012839708
-0.326463843934589
1.44659397536434
5.25541239092169
5.90898992406278
-0.17782989274573
-0.177968582527882
-0.178413515337997
-0.179261975820443
-0.180631342967541
-0.182696834398593
-0.185698165103226
-0.18997840013953
-0.196000042112732
-0.204478524104263
-0.216432803084478
-0.2333845369371
-0.257588740138361
-0.292328993274449
-0.342210871448212
-0.412699600114867
-0.506907282924205
-0.612218961877938
-0.655050239047876
-0.361906543257636
1.19784193144614
5.01854950524713
5.88463977538565
5.36819271115435
-0.176038640416471
-0.176491375003424
-0.177339568386969
-0.178692633524854
-0.180729038642305
-0.183674463828027
-0.187847788498227
-0.193711067093229
-0.201938300887926
-0.213503868444599
-0.229843981415147
-0.253089949435804
-0.286361201221869
-0.333973511837798
-0.401130980883033
-0.491012140979252
-0.592817364226025
-0.641103136948529
-0.390647002657058
0.983988931664666
4.74998569312153
5.84846273787717
5.50083634650132
NA
-0.174581725884588
-0.17541932520306
-0.176769059944548
-0.178765726695716
-0.181650726171462
-0.185724059258971
-0.191432385920392
-0.199412716571613
-0.210593979928667
-0.226339856486387
-0.24867506605578
-0.280527647819934
-0.325978214177397
-0.389963601572229
-0.475688435250862
-0.573941855236853
-0.626536687754099
-0.413549267173316
0.7995043014731
4.45695987733455
5.80162737557637
5.60618772144386
3.21134234711312
NA
-0.173518312784205
-0.174845046939232
-0.176813296729176
-0.179631876552263
-0.183607789965908
-0.18915750100431
-0.196895143427083
-0.207703029133474
-0.222881448078143
-0.244334004298965
-0.274831157090699
-0.318222888248295
-0.379178327142231
-0.460913918102718
-0.555600518539838
-0.611502612363506
-0.431376298758775
0.640019795888229
4.14532886549896
5.74519312753745
5.68710243754514
3.65498708893697
NA
NA
-0.172927508427792
-0.174866038455517
-0.177620961082056
-0.181498934304149
-0.186892490729447
-0.194393590383925
-0.204841598268255
-0.219463803511302
-0.24006734473537
-0.269267693328585
-0.310687481330779
-0.368760499893843
-0.446669985808722
-0.537797958827609
-0.596146138277044
-0.444793036238072
0.501999529824728
3.81992438172548
5.68014022033519
5.74608555471459
4.03676599159947
NA
NA
NA
-0.172922255112321
-0.175619116021386
-0.179395001031798
-0.184639513835062
-0.191908259626478
-0.202001035260125
-0.216087735395447
-0.235875666154904
-0.263833154789291
-0.303374488187921
-0.358696011119899
-0.432939132018533
-0.520529078592137
-0.580583552952479
-0.454380917551191
0.382524829372533
3.48478506426477
5.60736143346466
5.78535151475774
4.36384283892628
NA
NA
NA
NA
-0.173625549359462
-0.177304348527431
-0.182398431520215
-0.189436688763139
-0.199189762257335
-0.212755172042497
-0.231761287480562
-0.258523408249524
-0.296268135018721
-0.34896479337426
-0.419698983185264
-0.503799081953475
-0.56491871047818
-0.460658826521185
0.279154909297454
3.14331857822679
5.52768569762898
5.80686990724428
4.6425187955398
NA
NA
NA
NA
NA
-0.175223059681684
-0.180168684034966
-0.186986846650435
-0.196400366513561
-0.209466602378191
-0.227715696735756
-0.253334105112312
-0.289366447890535
-0.339560975057687
-0.406933905714189
-0.487598205437507
-0.549236176960705
-0.464084098561565
0.189827011461099
2.79841391632704
5.44188416755946
5.81238723728773
4.87831469789131
NA
NA
NA
NA
NA
NA
-0.177952217973333
-0.184552937506804
-0.193642747035463
-0.206223074521144
-0.22373909757701
-0.248267012304194
-0.282659098311207
-0.330468030529158
-0.394626723622934
-0.471916283757196
-0.533612692304163
-0.465053572978342
0.11276985853273
2.45253619296312
5.35067146256557
5.8034752639903
5.07603878831139
NA
NA
NA
NA
NA
NA
NA
-0.182139311064248
-0.190912408153807
-0.203024984037863
-0.219836982445462
-0.243312433193672
-0.276140578206317
-0.321673713251931
-0.382756419778689
-0.456747803391346
-0.518112656917735
-0.463924962902147
0.0464689553748023
2.12214499848064
5.24035536815183
5.78154709278078
5.23987699858314
NA
NA
NA
NA
NA
NA
NA
NA
-0.188208793057628
-0.199866622744892
-0.21600645895422
-0.238470758867105
-0.269802143389318
-0.313168089719723
-0.371311500009507
-0.442085582517313
-0.50278281836751
-0.461004668859481
-0.0103978514232077
1.83402490938558
5.0865698507584
5.74787973457669
5.37348785408206
NA
NA
NA
NA
NA
NA
NA
NA
NA
-0.196752898198285
-0.212241259901545
-0.233740850755556
-0.263642226736641
-0.304936733498514
-0.360270689287146
-0.427913108399339
-0.487672841927991
-0.456571060276083
-0.0589794988150824
1.58268327001976
4.89692409936935
5.70363381884674
5.48006922667514
3.0897628122644
NA
NA
NA
NA
NA
NA
NA
NA
NA
-0.208545108223888
-0.229116295842588
-0.25765213576785
-0.296974095843967
-0.349617210112662
-0.414221900636556
-0.472814284434375
-0.450865244757161
-0.100278431500762
1.3628814475815
4.67850170926643
5.64986713017854
5.56243019757764
3.52911295931364
NA
NA
NA
NA
NA
NA
NA
NA
NA
NA
-0.224596763378054
-0.251827495132957
-0.289262838070315
-0.339341508868479
-0.400999836850991
-0.458240661051874
-0.444094675475522
-0.135179229730953
1.17031221421421
4.43722531805312
5.58754825811229
5.62304443586525
3.90779412908409
NA
NA
NA
NA
NA
NA
NA
NA
NA
NA
NA
-0.246162539868668
-0.281797173087589
-0.329424708556091
-0.388232167490774
-0.443970196523771
-0.4364491074781
-0.164458750967958
1.00139287942615
4.1780772968287
5.51757168636541
5.66410155773016
4.23275115817862
NA
NA
NA
NA
NA
NA
NA
NA
NA
NA
NA
NA
-0.274571009204116
-0.319852825591046
-0.375907529452419
-0.430024264986853
-0.428090141872996
-0.188803415074983
0.853115197471549
3.90528972448456
5.44075735281123
5.68754912043039
4.51011386430061
NA
NA
NA
NA
NA
NA
NA
NA
NA
NA
NA
NA
NA
-0.310615395286874
-0.364009753305981
-0.416417585784593
-0.419155009301981
-0.208822543979521
0.722920592418129
3.62247076169611
5.35786910990658
5.69512376503436
4.74524550519648
NA
NA
NA
NA
NA
NA
NA
NA
NA
NA
NA
NA
NA
NA
NA
NA
NA
NA
-0.19961309801978
-0.198658819613527
-0.197831123060668
-0.197171834114315
-0.196739466463528
-0.196578108689991
-0.196798935150303
-0.197515941100244
-0.198906705923316
-0.20121179853199
-0.204782487333034
-0.210135413658698
-0.218028872747472
-0.229572014881019
-0.246490279267517
-0.271382513709497
-0.3082067764778
-0.362827720857716
-0.44319356227949
-0.557557088175062
NA
NA
NA
-0.197510157223885
-0.196603028963404
-0.195830913216684
-0.195216431477645
-0.194826712931491
-0.194716312217864
-0.194976824149981
-0.195720429481121
-0.197131694345387
-0.199442247541626
-0.202981216274945
-0.208264068990675
-0.215986529230373
-0.22724537221294
-0.243667974724156
-0.267721735034655
-0.303150940137021
-0.35548691609077
-0.43228158961205
-0.541470649016703
-0.682433485354628
NA
NA
-0.19541949398746
-0.194557666415481
-0.193828245441443
-0.193266708810175
-0.192909808628675
-0.192848626616963
-0.193142636995123
-0.19392036544161
-0.195343767707494
-0.197649564991654
-0.201170268914672
-0.206357745016939
-0.213925959019939
-0.224901153315864
-0.240834812718537
-0.264080769500923
-0.298168363031431
-0.348323259431109
-0.421712394432288
-0.52596112687282
-0.661269909767725
-0.790906982561275
NA
-0.19334570020189
-0.192523085889302
-0.191834074109458
-0.191311881813052
-0.19100997902698
-0.190979297706855
-0.191302630541975
-0.192107561628383
-0.19354662108383
-0.195846336001578
-0.19932125560883
-0.204433026230683
-0.211841776895057
-0.222544777052013
-0.237995009499718
-0.260457911047153
-0.29325822282227
-0.341337097881996
-0.411470011455079
-0.511000144112332
-0.640801508015901
-0.768789539243019
-0.747179161609121
NA
-0.190499768503022
-0.18985107830799
-0.189366536059522
-0.189101514750005
-0.189105254834615
-0.18946316043599
-0.190290229953732
-0.191735104963121
-0.194031723023126
-0.197465900462006
-0.202489046207297
-0.209741233796347
-0.220160581537491
-0.235161261907139
-0.25685625813257
-0.288417029780316
-0.334516403400932
-0.401545029106223
-0.496566960678765
-0.62100870682002
-0.746907886457201
-0.742124645491754
-0.150249371588882
-0.188479422052906
-0.187876190372032
-0.18743235518521
-0.187195483506661
-0.187234788934822
-0.187614104051781
-0.18846595786375
-0.189922416706667
-0.192200404222326
-0.195595576259122
-0.2005277092505
-0.207619040709661
-0.217770567107838
-0.232323735000163
-0.253278813476675
-0.283656524963023
-0.327856324471004
-0.3919213747495
-0.482640010255369
-0.601882881481092
-0.725319969337905
-0.73487599039156
-0.220746397813992
2.26361369993446
-0.185908998027118
-0.185499988155541
-0.185296957211692
-0.185364056566112
-0.185777562390877
-0.18663314726332
-0.188099683276317
-0.190362542941932
-0.193708642446314
-0.198553929304308
-0.2054883611577
-0.215374116756187
-0.229483732500541
-0.249728488051906
-0.278966893091487
-0.321341035152799
-0.382596422038759
-0.469196688113757
-0.583403430377155
-0.704085534682325
-0.725778006533602
-0.28026968926081
1.8946209675401
5.53668220119697
-0.183573844703723
-0.183407316504349
-0.18350008677915
-0.183929288118747
-0.184807110117394
-0.186266520501451
-0.188509881680115
-0.191817347106246
-0.196570304844847
-0.203347612441091
-0.212966321477351
-0.226647859411557
-0.246209544604321
-0.274347736387886
-0.314981947525372
-0.373545591014093
-0.456220639024751
-0.565556383671341
-0.683241298671669
-0.715134644981358
-0.330210753937468
1.58121970140957
5.36543451934413
5.88502061240625
-0.18152328922436
-0.181634701071719
-0.182085109831624
-0.18297578362928
-0.184432105028631
-0.186660357449965
-0.189915490353727
-0.19457847266421
-0.201195954829606
-0.210556403552387
-0.223823215431304
-0.242718267791313
-0.269791935050909
-0.308769268488478
-0.364760595585082
-0.443692423048872
-0.548319223462032
-0.662829183708457
-0.703210682777551
-0.371774656566157
1.31279610231977
5.14842899975829
5.8712939548949
5.26638709693926
-0.179779044065167
-0.180244762994266
-0.181142684659967
-0.182596819046526
-0.184802700411229
-0.188006737141024
-0.192575888908206
-0.199039513651762
-0.208144313468408
-0.22100691392485
-0.239254325565647
-0.265314310612967
-0.302695576436539
-0.356240030300921
-0.431589058373617
-0.531675085879488
-0.642869500225689
-0.690238039559655
-0.406010680813349
1.08156087058907
4.89552499474641
5.84568628759476
5.40701633009014
NA
-0.178406977977592
-0.179314063605485
-0.18076013594426
-0.182940050673148
-0.186089638599661
-0.190577440903789
-0.196876622065684
-0.205736378550414
-0.218199319881799
-0.235824686915428
-0.260901275075801
-0.296758074197375
-0.347961029746977
-0.41989960861753
-0.515607622177254
-0.623387729165875
-0.676428315500207
-0.433830414111879
0.881568236788381
4.61449086392764
5.80931489220285
5.52110425323334
3.1023783879524
NA
-0.17748487073463
-0.178926427495909
-0.181074339846095
-0.184177310466771
-0.188562465980475
-0.194716173723562
-0.203326584791376
-0.215403759749583
-0.232426882037107
-0.25656043531622
-0.290957408832851
-0.339922825364147
-0.408601633341576
-0.50009431588118
-0.604396177372301
-0.661955388795456
-0.456038737934873
0.708156237098115
4.31158236039878
5.76319702379713
5.61133690760275
3.53906831761841
NA
NA
-0.177092373262362
-0.179212670946195
-0.182259680161298
-0.186550906814214
-0.192555157132926
-0.200921161720999
-0.212625471520825
-0.229059441205406
-0.252288476195919
-0.285281187604096
-0.332114931729212
-0.397681109400392
-0.48511889429718
-0.585908183053433
-0.646982051417177
-0.473340023788198
0.557570021266826
3.99195535899296
5.70827385973227
5.68007839940983
3.91758060698648
NA
NA
NA
-0.177352960525653
-0.18033998109426
-0.18454124453751
-0.190391865511227
-0.198526119350384
-0.209856077388242
-0.225728622466154
-0.248085043554007
-0.279729350612452
-0.324531577218106
-0.387119838596016
-0.470663322128061
-0.567927821543883
-0.63164159005457
-0.486359576406224
0.426729745859851
3.65991437926782
5.6454014616646
5.72942504573009
4.24436728830541
NA
NA
NA
NA
-0.178427584985791
-0.182532335521473
-0.188231927620547
-0.196136127173419
-0.207109934341824
-0.222433164454638
-0.243945379409794
-0.274302339129755
-0.317156177873653
-0.376907176800342
-0.456707451162815
-0.550461228391485
-0.616055658494383
-0.495648369578751
0.313066997971138
3.31909313388014
5.57538082594446
5.76124771776605
4.52514547918659
NA
NA
NA
NA
NA
-0.180525881002866
-0.18608084853984
-0.193752721463747
-0.204379398211822
-0.21917001547025
-0.239874140298806
-0.268994703898438
-0.309985384990793
-0.367024617240513
-0.443240583307258
-0.533500724608645
-0.600327282712177
-0.501696550777281
0.214411721737543
2.97258848295944
5.49894791088937
5.77720902311408
4.76496851692753
NA
NA
NA
NA
NA
NA
-0.183931860664249
-0.19138129736312
-0.201670361386959
-0.215945070505581
-0.235867801499387
-0.26380262706165
-0.303011549011896
-0.357464187507887
-0.430233792705867
-0.517051831149655
-0.584546049273086
-0.504933093084705
0.128906774174624
2.62304773645674
5.41679343833092
5.778809013195
4.96825437271357
NA
NA
NA
NA
NA
NA
NA
-0.189023400472117
-0.198981984920242
-0.212757353591074
-0.231922854783048
-0.258720089283474
-0.296230649559803
-0.348208271855459
-0.417680139855304
-0.501105069663401
-0.56878490400524
-0.50574345115069
0.0549560262768498
2.27715183479874
5.32515044477629
5.76739587463881
5.13888662549005
NA
NA
NA
NA
NA
NA
NA
NA
-0.196312025770253
-0.209605120361456
-0.228044491263291
-0.253749648772136
-0.289629287037819
-0.339251195540093
-0.405556245811176
-0.485656267390875
-0.553108347655886
-0.504468066424326
-0.00881845922176351
1.96881657728735
5.19265377681923
5.74419129885244
5.28026614062351
NA
NA
NA
NA
NA
NA
NA
NA
NA
-0.206490094561213
-0.224229189299501
-0.24888818711903
-0.283205595470419
-0.330573299948416
-0.393850025935445
-0.470694430478287
-0.537575788452071
-0.501402344655879
-0.063626289805696
1.6993277712978
5.02026035606084
5.7103071885784
5.39538624680817
2.98371489007327
NA
NA
NA
NA
NA
NA
NA
NA
NA
-0.220476123642437
-0.244125553963133
-0.276956822377086
-0.322168162056852
-0.382546762183809
-0.456212029085825
-0.522230578928927
-0.496815161556508
-0.110524672465582
1.46315282942034
4.81547655644677
5.66675757073113
5.48688275839837
3.41585581295889
NA
NA
NA
NA
NA
NA
NA
NA
NA
NA
-0.239465346521244
-0.270872497757288
-0.314027334818827
-0.371628277334236
-0.442198392364802
-0.507109990490061
-0.49094134484717
-0.150442354145116
1.25575522873557
4.58456650927986
5.61447164511111
5.55708884461467
3.79098934933885
NA
NA
NA
NA
NA
NA
NA
NA
NA
NA
NA
-0.264946230272217
-0.306138615446935
-0.361078939214793
-0.428643411380948
-0.492245009244929
-0.48398655097694
-0.18420250561183
1.07337432825338
4.33280767803368
5.55430857081298
5.60807302899214
4.11536716963786
NA
NA
NA
NA
NA
NA
NA
NA
NA
NA
NA
NA
-0.298493332651694
-0.350886095032265
-0.415535269640612
-0.477665635536782
-0.476131426165125
-0.21253182674689
0.912854550166331
4.06468734621284
5.48705655127137
5.64168183354425
4.3945485848873
NA
NA
NA
NA
NA
NA
NA
NA
NA
NA
NA
NA
NA
-0.341042125354011
-0.402860570756481
-0.463384353196023
-0.467540191637683
-0.236076610821796
0.771521353070456
3.78404137752225
5.41345010824656
5.65956384830444
4.633432977516
NA
NA
NA
NA
NA
NA
NA
NA
NA
NA
NA
NA
NA
NA
NA
NA
NA
NA
NA
NA
-0.200174867976626
-0.199361326331142
-0.19876583673976
-0.198459828330748
-0.198534639664329
-0.199131345883272
-0.200434896802085
-0.202690971113991
-0.206325987979982
-0.211865501742288
-0.220161171434792
-0.232469042459599
-0.250682578967606
-0.27772659383404
-0.317981519489307
-0.377934712779089
-0.466198366025324
-0.591077790406991
NA
NA
NA
NA
NA
NA
-0.197538489877329
-0.197000431757127
-0.196753844697769
-0.196880629759908
-0.197529468988147
-0.19885768488138
-0.201151150385976
-0.204770136992252
-0.210256618515412
-0.218403732780533
-0.2304244877096
-0.24814677152286
-0.274296137004566
-0.31307590631849
-0.370584074288691
-0.454997043453019
-0.574438317013378
-0.72634024958584
NA
NA
NA
NA
NA
-0.19571095795221
-0.19522563977579
-0.195032897698036
-0.195213591203554
-0.19590367755414
-0.197271277315354
-0.199582774269637
-0.203179811900903
-0.208604124166624
-0.216607953377977
-0.228355056502089
-0.245572595431441
-0.270877518062086
-0.308224058596683
-0.363402517060609
-0.444151988201546
-0.558379212223401
-0.704578287139706
-0.839008134679496
NA
NA
NA
NA
-0.193883935541271
-0.193453907367859
-0.193302412249968
-0.193530605513065
-0.194256029128775
-0.195662620886138
-0.197980952403113
-0.201563323234436
-0.206908856333903
-0.214780038575364
-0.226249049163046
-0.242976487074544
-0.267470017142455
-0.303446568625742
-0.356382517319524
-0.433652014648231
-0.542876031798941
-0.683487701564892
-0.817071913576158
-0.779365215391757
NA
NA
NA
-0.192052620173643
-0.19166743137697
-0.191565848329189
-0.191837658590234
-0.19260273031926
-0.194025435009077
-0.196359480230705
-0.199913789653415
-0.205195894255284
-0.212915070026306
-0.224107443553256
-0.240375494113416
-0.264060586187041
-0.298721988166315
-0.349533583193603
-0.423470640990591
-0.527914979489903
-0.663059407484183
-0.795240996278973
-0.777066422411659
-0.121594253738176
NA
NA
NA
-0.189878258824084
-0.189826111259114
-0.190133055257418
-0.190931605512874
-0.192381497473809
-0.194705805354679
-0.198240439338569
-0.203449915880419
-0.211013952067397
-0.221953303753114
-0.237748117632069
-0.260667694168609
-0.294063721045445
-0.342837339974061
-0.41360437657592
-0.513469905422857
-0.643284277696643
-0.77359964212266
-0.772218180297475
-0.200689603997936
2.45450177854914
NA
NA
-0.188091548719784
-0.188073821559245
-0.188424916349424
-0.189251075148668
-0.190711443819731
-0.193042796461054
-0.196544388130121
-0.201675415299857
-0.209095051778589
-0.219765603135607
-0.235111175565369
-0.257293603814865
-0.289467773213376
-0.336286459207702
-0.404031583853692
-0.499521596873586
-0.624154472748498
-0.752206877822652
-0.765207673828649
-0.268012269784951
2.06313217167442
5.6011649719537
NA
-0.186302901300936
-0.186327757164506
-0.186704386063246
-0.187555313848613
-0.189034387141219
-0.191352036754016
-0.194829367768881
-0.199879916100516
-0.207150602287513
-0.217561121211638
-0.232469513821249
-0.253925012487658
-0.284936670619928
-0.329892241553313
-0.394741087859348
-0.486046051584481
-0.605646781695054
-0.7311213928315
-0.756351931136791
-0.325030938698449
1.72677702472364
5.45699783010191
5.85328047088587
NA
-0.184571654806138
-0.18498106383147
-0.18585125216084
-0.187342809973759
-0.189658555472485
-0.193092141320242
-0.198067645054749
-0.205182915811977
-0.215335298989649
-0.229827450886921
-0.25057575142995
-0.280466911895849
-0.323632126402403
-0.385724047966409
-0.473032157646461
-0.587748225517179
-0.710386910783497
-0.74594878030029
-0.37300677422189
1.4384281132598
5.26208210856428
5.84924652038041
5.16551765793926
-0.182809641653282
-0.183254450385002
-0.184143354635992
-0.185642951827149
-0.187945722895587
-0.191339883340631
-0.19623126540549
-0.203203753225543
-0.213100204206865
-0.22717299299275
-0.247253629475862
-0.276051693153852
-0.317515862356622
-0.376963859913393
-0.460456018254451
-0.570442691871248
-0.690042954343607
-0.734247911438133
-0.413041743702467
1.18961806066981
5.02705836609352
5.83332247226707
5.31300949976277
NA
-0.181519915055291
-0.182427952136857
-0.183931479109296
-0.186221746985071
-0.189577563257648
-0.194384308177758
-0.201207446671359
-0.210856953660495
-0.224518584327959
-0.2439405397139
-0.271705620811715
-0.311525394676452
-0.368464154660677
-0.448296654383243
-0.553718064911877
-0.670117670294446
-0.721477144392291
-0.446094043383752
0.973951176947522
4.76024679295037
5.80657913202734
5.43470531403197
2.99966706720591
NA
-0.180711025762887
-0.182209963636502
-0.184489306305752
-0.187795242186166
-0.192525519673841
-0.199199590545335
-0.208601034423911
-0.22186684895226
-0.240657167544934
-0.267418227309295
-0.305668217497545
-0.360198145295073
-0.436542264317047
-0.537550151896346
-0.650632761188892
-0.7078437804021
-0.473006417574138
0.786447489793718
4.46832204813055
5.76999699519814
5.53313237451886
3.4292664562508
NA
NA
-0.180484473562914
-0.182747183408035
-0.186012661994025
-0.190652872100294
-0.197182683493744
-0.206342666990288
-0.219215146512385
-0.237394592131295
-0.263190145723685
-0.299930848086324
-0.352169246623195
-0.425174138343057
-0.521927228079222
-0.631607502217409
-0.693519768626228
-0.494525044459306
0.623121340645268
4.15676576877015
5.72447427121715
5.61052447239111
3.80405814068759
NA
NA
NA
-0.180995173747061
-0.184218963500623
-0.188770556730796
-0.195152958387205
-0.204076722210733
-0.216575861162046
-0.234156382838346
-0.259020704271156
-0.294322421082954
-0.344363492356464
-0.414176353812071
-0.506825552215202
-0.613054807851112
-0.67865906407704
-0.511311013365777
0.480728579426364
3.83014188550421
5.67083895758008
5.66887219725886
4.12986214740294
NA
NA
NA
NA
-0.182414842511552
-0.186884316572479
-0.193119440109082
-0.201810137193989
-0.213941555941735
-0.230943415889584
-0.254913877243836
-0.288827589456328
-0.336768695612249
-0.40353534505625
-0.492234473142475
-0.59498239706437
-0.663401132307768
-0.523944535222552
0.356558707384417
3.49231369908327
5.60985807404284
5.70994931384597
4.41188912270536
NA
NA
NA
NA
NA
-0.184988897509299
-0.191081566196479
-0.19954163057711
-0.21131515351975
-0.227759664677523
-0.250858880102971
-0.2834531282501
-0.329382335025402
-0.39323568778122
-0.478134080797433
-0.577397566180131
-0.647860297278281
-0.532950861577788
0.248344781388337
3.146568075959
5.54224179660406
5.73534095792902
4.65476791421436
NA
NA
NA
NA
NA
NA
-0.189039472069876
-0.19727730196615
-0.208697175925359
-0.224602723965755
-0.246870162357848
-0.278185581405876
-0.32219796015519
-0.383263014055502
-0.464504251300885
-0.560299782281809
-0.632141131506109
-0.538788011348749
0.15413368672935
2.7957337738572
5.46865335048023
5.74647864841202
4.86257510743802
NA
NA
NA
NA
NA
NA
NA
-0.195014551951749
-0.206092757190418
-0.221471119868273
-0.242937784625131
-0.273029220883652
-0.315202300410907
-0.373603358102651
-0.451333573019713
-0.543688291638167
-0.616338768329483
-0.541865257586311
0.072264063604047
2.44231210858049
5.3896370713378
5.7446509364105
5.03890958661845
NA
NA
NA
NA
NA
NA
NA
NA
-0.203500807553902
-0.218371613624467
-0.239061724692391
-0.267978514560173
-0.308391509069607
-0.364246155753386
-0.438603985626387
-0.527563794841303
-0.600518073444307
-0.542554187077792
0.00129033192167594
2.11368543631635
5.28049020655048
5.73102661370822
5.1869451625304
NA
NA
NA
NA
NA
NA
NA
NA
NA
-0.215299225817757
-0.235246331524887
-0.263029125155404
-0.30175822025508
-0.355178279988971
-0.426299786152613
-0.511917584914457
-0.584755450686495
-0.541172028423658
-0.0600537333335946
1.82597501436441
5.12745357313101
5.70667271667885
5.30948165727478
2.88380700317504
NA
NA
NA
NA
NA
NA
NA
NA
NA
-0.231479867798556
-0.258182894122831
-0.295300263667075
-0.346389030352294
-0.414404661851709
-0.496742783938934
-0.569105894795791
-0.5380122607028
-0.112871359543598
1.57333389029695
4.93845770583974
5.67256068588719
5.40899632854542
3.30864166982401
NA
NA
NA
NA
NA
NA
NA
NA
NA
NA
-0.253434089092797
-0.289004674605749
-0.337870231650907
-0.402904645849411
-0.482035325262198
-0.553612692716937
-0.533329198339752
-0.158137430076813
1.35099650350602
4.72010594674737
5.62958319600094
5.48769236386048
3.67980594986454
NA
NA
NA
NA
NA
NA
NA
NA
NA
NA
NA
-0.282869636957801
-0.329606864839442
-0.391786277119646
-0.467782799963251
-0.538318284063659
-0.527351733604026
-0.19671719064063
1.15501589013373
4.47796631073049
5.57856722911449
5.54752496967944
4.00294660713056
NA
NA
NA
NA
NA
NA
NA
NA
NA
NA
NA
NA
-0.321591156323211
-0.381034947930978
-0.453976786686207
-0.523258522825994
-0.520282119278007
-0.229371463911564
0.982089469529975
4.2167751341761
5.52026864145647
5.59024698531005
4.28311800991358
NA
NA
NA
NA
NA
NA
NA
NA
NA
NA
NA
NA
NA
-0.370636066604474
-0.440605969283306
-0.508456125391366
-0.512295848493612
-0.256785720672366
0.829420787927716
3.94058437953656
5.45539436605643
5.6174285792041
4.52480715719282
NA
NA
NA
NA
NA
NA
NA
NA
NA
NA
NA
NA
NA
NA
NA
NA
NA
NA
NA
NA
NA
NA
NA
-0.199277442932024
-0.1991435106103
-0.199535304719003
-0.200664132429168
-0.202789872997192
-0.206370950863007
-0.211980763423991
-0.220585166385741
-0.233494878640387
-0.252920071091732
-0.282007824556915
-0.325668377879147
-0.390974657957611
-0.487161541438823
-0.622482036977223
NA
NA
NA
NA
NA
NA
NA
NA
-0.197751146574482
-0.197694410641304
-0.198157767226464
-0.1993395818438
-0.201519790080589
-0.205099164616323
-0.210683239451619
-0.219149097331893
-0.231814947467319
-0.250697013334966
-0.278883404093526
-0.320960833745696
-0.383647547175792
-0.475725016477382
-0.605323021718552
-0.767551912590094
NA
NA
NA
NA
NA
NA
NA
NA
-0.196223050682601
-0.196743380167449
-0.197987640204
-0.200199643073869
-0.203795545917833
-0.209331986227617
-0.217667058120902
-0.230057252840369
-0.248448977894078
-0.275741763555702
-0.316302350742957
-0.376488137810525
-0.464657562779408
-0.588757043034173
-0.745285391319977
-0.882886295356098
NA
NA
NA
NA
NA
NA
NA
-0.194722111607686
-0.195314048473726
-0.196593356098516
-0.198845645991618
-0.202437703305279
-0.207930764228813
-0.216130893212034
-0.228269917139588
-0.246155607580836
-0.272594064030042
-0.311694263504328
-0.369500535723267
-0.453927770343011
-0.572760319224259
-0.723674244132736
-0.861331608341185
-0.8048455614709
NA
NA
NA
NA
NA
NA
-0.193213803006181
-0.193851517465282
-0.195178047665943
-0.1974545196676
-0.201040967737526
-0.206481384412032
-0.21454875697266
-0.226419911965917
-0.243845337293534
-0.269432895995467
-0.307141721594288
-0.362661346734177
-0.443531506467959
-0.557324185011971
-0.702704214631524
-0.83975379531647
-0.805562748709047
-0.0839883334282661
NA
NA
NA
NA
NA
-0.191685489335288
-0.192360699760519
-0.193732152032107
-0.196027298691536
-0.199607183261166
-0.204990066537979
-0.212925631372961
-0.224546773946378
-0.241485026739162
-0.266280688079022
-0.30264236980458
-0.355975204660067
-0.433454325947724
-0.542410856342206
-0.682372312758789
-0.818239851342141
-0.803399033388371
-0.171853851930361
2.64511632918886
NA
NA
NA
NA
NA
-0.190859066280115
-0.192261264560029
-0.194572214029432
-0.198137384916011
-0.20346534580444
-0.21126456632748
-0.222617043592189
-0.239111865294859
-0.263120157741195
-0.298197236157651
-0.349444040258092
-0.423675760366402
-0.527998160251663
-0.662673850607513
-0.796872556467787
-0.798744806500603
-0.247170659763016
2.24195519287127
5.64526682711417
NA
NA
NA
NA
-0.189335600762776
-0.190763722683015
-0.193086125712326
-0.196639835015125
-0.2018977234945
-0.209566279508029
-0.220662992768757
-0.236710950391212
-0.259972994093098
-0.293797508878414
-0.343050524358557
-0.414191282198116
-0.514079402570107
-0.643587962798174
-0.775716930107736
-0.791950085898347
-0.311475668004352
1.88225903428539
5.53025723194384
5.81526615777252
NA
NA
NA
-0.187797383192477
-0.18924336020738
-0.191580447074218
-0.195110540075635
-0.200304752680501
-0.207833900801219
-0.218677148366867
-0.234292840272755
-0.25682004858093
-0.289458223825533
-0.336794075348611
-0.404982675420642
-0.500623499725717
-0.625111128235404
-0.754828723814442
-0.783330740916839
-0.366090067588935
1.57374419880403
5.35941770677173
5.8200793488583
5.06606334076298
NA
NA
-0.186239347407231
-0.187711569985872
-0.190045186471983
-0.193553411311317
-0.198680853710709
-0.206074707501501
-0.216666375452632
-0.231850779739496
-0.253681441109602
-0.285168824507914
-0.330676770377306
-0.396035513215204
-0.487619275447734
-0.607222151650959
-0.734254747507473
-0.77316331388748
-0.412164178147802
1.3072011771977
5.14423128155777
5.81303353154168
5.2194436420114
NA
NA
NA
-0.186157660698862
-0.18849585919611
-0.191973170601193
-0.197030892236842
-0.204287572211978
-0.214629437654511
-0.22940516734079
-0.250544473572376
-0.28092913591525
-0.324684957625545
-0.387352711779713
-0.47504220981484
-0.58991150638458
-0.71403473055797
-0.761691830643327
-0.45070353126519
1.07573681215828
4.89361166250054
5.79515337442445
5.34776278454637
2.90273157570075
NA
NA
-0.184592476364954
-0.186921112463954
-0.190372223203809
-0.195360364533607
-0.202469476902111
-0.212576945350356
-0.226941228007927
-0.247422884788398
-0.276747764808088
-0.318818484697487
-0.378905544615922
-0.462881635137626
-0.573161759855258
-0.694198362345673
-0.749144538397085
-0.48258664706827
0.874030073626821
4.61466303125114
5.76738137727515
5.45340248678391
3.32518422551396
NA
NA
-0.183010542386614
-0.185338410909255
-0.188753001813764
-0.1936635816742
-0.200640843767132
-0.210505232333738
-0.224470916462832
-0.244311751190668
-0.272612280199367
-0.313072883322549
-0.370698641118887
-0.451111596312025
-0.55695840926748
-0.67477371799973
-0.735709533062252
-0.508598166374777
0.697850890554179
4.31320235380121
5.73058056645382
5.53847183723875
3.69590796602787
NA
NA
NA
-0.183734927702865
-0.187117161144335
-0.191950305250717
-0.198787356059462
-0.208416170419378
-0.221997711322088
-0.241215037925697
-0.268529469081954
-0.307448424565903
-0.362715544152255
-0.439726456482869
-0.541281521519667
-0.655777127942836
-0.721561640324822
-0.529429805507763
0.543772705777625
3.99405683676067
5.68554954736578
5.60486086728167
4.02017767205146
NA
NA
NA
NA
-0.185464286696859
-0.190219680200911
-0.196919694130684
-0.206317094756835
-0.219519704588024
-0.238135811482706
-0.264497844272644
-0.301934658411086
-0.354950881129346
-0.428700225303229
-0.526121468741328
-0.637226553329526
-0.706852963030012
-0.545697252257293
0.408953725847146
3.6613093391285
5.63302438504668
5.6542568108544
4.30274840707015
NA
NA
NA
NA
NA
-0.188476693063383
-0.195037641916057
-0.204204374230192
-0.217040273957738
-0.235071585023077
-0.26051697402742
-0.296535571569103
-0.347394174664587
-0.418029644099326
-0.51145395946329
-0.619131155798936
-0.691716432199877
-0.557947211169019
0.291009466697424
3.31844005764559
5.57368956567534
5.68817132661
4.5478690434398
NA
NA
NA
NA
NA
NA
-0.193143418922896
-0.202085023692011
-0.214561384156956
-0.232025975757738
-0.25658944437271
-0.291244192455751
-0.340038589781066
-0.407692188661204
-0.497267092786991
-0.601496408244155
-0.676271477302593
-0.56667048288228
0.187908525841726
2.9684392285904
5.5081849774597
5.70796994428368
4.75931074874942
NA
NA
NA
NA
NA
NA
NA
-0.199962619647413
-0.21208455973635
-0.229000371611606
-0.252710628556383
-0.286056046252975
-0.332875793781249
-0.397678985273555
-0.4835428624711
-0.584331101649199
-0.660617874604802
-0.572305462032499
0.0979119704555939
2.61389255899879
5.43710686890719
5.71488487086105
4.94041315620324
NA
NA
NA
NA
NA
NA
NA
NA
-0.209613558804102
-0.225993798871282
-0.248883120429261
-0.280971835112111
-0.325901656825664
-0.387973798981949
-0.470267068676506
-0.567630277662214
-0.644846075425188
-0.57523830093521
0.019510835800241
2.26767630177506
5.35037306419672
5.71003728481896
5.09413916022905
NA
NA
NA
NA
NA
NA
NA
NA
NA
-0.223009301533424
-0.245109308790604
-0.27598626690299
-0.319106409942807
-0.378561448332381
-0.457425376040814
-0.551394760147444
-0.629035412489668
-0.575819370976536
-0.0486116452751668
1.96171522080266
5.21853295143714
5.69444849664145
5.22311445710155
2.78956712461604
NA
NA
NA
NA
NA
NA
NA
NA
NA
-0.241377059426931
-0.271100955026606
-0.312482066973241
-0.369437637649707
-0.444999970513334
-0.535623477490232
-0.613248756360228
-0.574360525552011
-0.107607106619369
1.69257244942146
5.04721116368957
5.66905353160823
5.32967037724815
3.20706828368875
NA
NA
NA
NA
NA
NA
NA
NA
NA
NA
-0.266305408716892
-0.306028391111988
-0.360587209113465
-0.432977288413582
-0.520306902666945
-0.597547234915187
-0.571136658002668
-0.158491723457641
1.45523793478715
4.84335342385062
5.63470882040892
5.41588595341765
3.57395054683232
NA
NA
NA
NA
NA
NA
NA
NA
NA
NA
NA
-0.299730984848007
-0.351999573890512
-0.421342996597546
-0.505443394505516
-0.581979131237164
-0.566394673311996
-0.202171044201284
1.24558127030248
4.61280948264018
5.59220857021251
5.48361420976859
3.89532678042909
NA
NA
NA
NA
NA
NA
NA
NA
NA
NA
NA
NA
-0.343664152179427
-0.41008393341355
-0.491022205084137
-0.566586509098764
-0.56035751285609
-0.239441743248715
1.06014809537609
4.36056037717661
5.54228092401668
5.53451818785283
4.17580682074302
NA
NA
NA
NA
NA
NA
NA
NA
NA
NA
NA
NA
NA
-0.399187456575012
-0.477035319238048
-0.551399573623644
-0.55322052258116
-0.27101883309489
0.896019529878339
4.09086886535079
5.48560772974014
5.57009192152804
4.41950938388966
NA
NA
NA
NA
NA
NA
NA
NA
NA
NA
NA
NA
NA
NA
NA
NA
NA
NA
NA
NA
NA
NA
NA
NA
NA
NA
-0.19951075572997
-0.201429350406961
-0.204832146905084
-0.210400622790018
-0.219148201948898
-0.232607306960445
-0.253079271630857
-0.284185905862845
-0.331221274938857
-0.401951206136921
-0.506136661085117
-0.651816880509582
NA
NA
NA
NA
NA
NA
NA
NA
NA
NA
NA
-0.198485767738862
-0.200456906462009
-0.203881799800909
-0.209467174407759
-0.218114772934434
-0.231290302759428
-0.251268460192511
-0.281392213949614
-0.326763953596389
-0.394675538336856
-0.494492375104746
-0.634179826008738
-0.806128144299723
NA
NA
NA
NA
NA
NA
NA
NA
NA
NA
-0.197396254488982
-0.19943187864064
-0.202904732596365
-0.208445835379876
-0.216993382392905
-0.229933970783145
-0.249384743933505
-0.278574913284884
-0.322335262222866
-0.387567783884826
-0.483219684878413
-0.617146491280405
-0.78345866612351
-0.922645438421822
NA
NA
NA
NA
NA
NA
NA
NA
NA
-0.19625960334092
-0.198355733254509
-0.201850750256496
-0.207372090550997
-0.215812983396444
-0.228484176806148
-0.247455652744582
-0.275746842340941
-0.317955875647228
-0.380635748555678
-0.472288901523124
-0.600702347345478
-0.761404880032739
-0.901660405560285
-0.823931241091572
NA
NA
NA
NA
NA
NA
NA
NA
-0.195088924910175
-0.197232094034398
-0.200746816562204
-0.206245079908041
-0.214555575640326
-0.226992021059577
-0.245469129244271
-0.272893102692552
-0.313614186757097
-0.373848556777146
-0.461714289386811
-0.584811730597095
-0.73997619274035
-0.88051245008215
-0.827901485262212
-0.0381453221646391
NA
NA
NA
NA
NA
NA
NA
NA
-0.196058214541219
-0.199593679532016
-0.205058311869368
-0.213253025362475
-0.225433798412405
-0.243437912962194
-0.270020286230253
-0.309321086207869
-0.367219570020571
-0.451455229106925
-0.56945937956385
-0.719170593993063
-0.859298499394957
-0.828649675347178
-0.134912074159847
2.83356543773839
NA
NA
NA
NA
NA
NA
NA
-0.194846904825725
-0.1983997914182
-0.203808672635143
-0.211901464021645
-0.223824840257947
-0.241358286519572
-0.267143293018881
-0.3050620883453
-0.360734384931747
-0.441507956274112
-0.55463063642396
-0.698974134966445
-0.838119405535424
-0.826590258998607
-0.21836212744878
2.42961144977795
5.67001615172686
NA
NA
NA
NA
NA
NA
-0.193602420257317
-0.197154919120357
-0.202523964632337
-0.210485518621428
-0.222165592947106
-0.239255079570108
-0.264246660858411
-0.300850771472555
-0.354395587572951
-0.43185260858249
-0.540294559566981
-0.679385307677614
-0.817050562651522
-0.822093006191451
-0.290110972456848
2.04676892682129
5.58544721612332
5.77220649853954
NA
NA
NA
NA
NA
-0.192325579609036
-0.195866393138953
-0.201187806243805
-0.209029571034703
-0.22047084693916
-0.23710726539669
-0.261340806326053
-0.296686302698847
-0.348181323252528
-0.422486874213531
-0.526442175830075
-0.660392516819248
-0.796157317429788
-0.815491870263615
-0.351539118703122
1.7178519574037
5.44046104792917
5.78510457983192
4.96836459818777
NA
NA
NA
NA
NA
-0.194540646287965
-0.19981952796358
-0.207531834703938
-0.218725578465683
-0.234937619491068
-0.258433165820267
-0.292561347203283
-0.342099878919532
-0.413392159786932
-0.513044126453053
-0.641985473398938
-0.775495398971
-0.807088048466093
-0.403843047587484
1.43342921492481
5.24685229169603
5.78620196498704
5.12679061570453
NA
NA
NA
NA
NA
-0.193189511029894
-0.198404436769439
-0.205996656233442
-0.216949008685292
-0.232732133132864
-0.255519219468987
-0.288477596634183
-0.336148528095663
-0.404555677665951
-0.500086994223436
-0.624157556793253
-0.755119104606931
-0.797144201373605
-0.448069462338014
1.18607253278892
5.01416254582485
5.77648127030345
5.26087353529834
2.81113438309912
NA
NA
NA
NA
-0.191797896355111
-0.196955418503203
-0.204422815513112
-0.215135373071376
-0.230508986277929
-0.252607726745286
-0.284441960269585
-0.330316485220165
-0.395967535248152
-0.487553099567811
-0.60688445438477
-0.735059769568077
-0.785906288437551
-0.485139470094311
0.970086002698555
4.74994875764189
5.75685236954451
5.37286002997515
3.22644109846674
NA
NA
NA
NA
NA
-0.19547745363718
-0.20281098721138
-0.213292280787156
-0.228270352023506
-0.249690723253722
-0.280442263835947
-0.324606516662404
-0.387619618650563
-0.475423813451485
-0.590160454558946
-0.71536094424645
-0.773577828787164
-0.515868151052165
0.780979097876983
4.46037431879533
5.72814347442409
5.4647470351823
3.59284133054164
NA
NA
NA
NA
NA
-0.193970677689649
-0.201172789237977
-0.211426864133304
-0.226003801027074
-0.246784413277082
-0.276490581135328
-0.319007620235979
-0.379496544651379
-0.463687339359974
-0.573967104628161
-0.696036613050854
-0.760356237642995
-0.540981129759942
0.615136285243041
4.15053184622412
5.69112225561907
5.53832946020842
3.915131848143
NA
NA
NA
NA
NA
-0.192436106841714
-0.199507890432453
-0.209534586178258
-0.22372734321883
-0.243878920139209
-0.272580434341984
-0.313517258268958
-0.371596680404805
-0.452322684471091
-0.558289890958481
-0.677120776445035
-0.746399936680345
-0.561121053552683
0.469567156087895
3.82472730491415
5.64649967716845
5.59521033615962
4.19766135235953
NA
NA
NA
NA
NA
-0.190874568855195
-0.197821831969612
-0.207617852013271
-0.221439367830682
-0.240978627645105
-0.26871624517493
-0.308133024690488
-0.363910124600179
-0.441315576126055
-0.543114125640884
-0.658620658464229
-0.731867272040882
-0.576861922366489
0.341782458877835
3.48662243240172
5.59493343733063
5.63683350361239
4.44434049386366
NA
NA
NA
NA
NA
NA
-0.196109112719332
-0.205686497846415
-0.219136350869865
-0.238095688497137
-0.264888372005346
-0.302857279854986
-0.356424625068606
-0.430651997439274
-0.528423064452244
-0.640554398172379
-0.716882125098854
-0.588721052492289
0.229658112231245
3.13937276413125
5.53704354095711
5.66450308891273
4.6586592290901
NA
NA
NA
NA
NA
NA
NA
-0.203736542396764
-0.216831864929567
-0.235210825066908
-0.261110576312452
-0.297680088809658
-0.349135291077166
-0.420321854912707
-0.51419887693727
-0.622930356954559
-0.701562532832229
-0.59715865418183
0.131381944932277
2.78570863897484
5.4734014075477
5.67939817717489
4.84372513400965
NA
NA
NA
NA
NA
NA
NA
NA
-0.214518049187042
-0.232342506947837
-0.257374361368901
-0.292600886477543
-0.342035463010024
-0.410306933459649
-0.500431663571797
-0.605747662887888
-0.686011809553502
-0.60258823861513
0.0453816026547678
2.42990189596419
5.40264821680587
5.68259424577041
5.00230770064289
NA
NA
NA
NA
NA
NA
NA
NA
NA
-0.229488852766552
-0.253677572491171
-0.287620220070408
-0.335114111253275
-0.400595876030418
-0.487104407581677
-0.589013126605195
-0.670318018891614
-0.605376590498165
-0.0297094092845009
2.10569242049601
5.29361639062031
5.67507130309584
5.13687049995528
2.70055773917799
NA
NA
NA
NA
NA
NA
NA
NA
NA
-0.250029599803626
-0.282732446081249
-0.328367525952934
-0.391176376060403
-0.474199154375216
-0.57272771577762
-0.654559450214834
-0.605859585480682
-0.0950845180502639
1.82004575711646
5.14162373364617
5.65772805347706
5.24960854691698
3.1107549396196
NA
NA
NA
NA
NA
NA
NA
NA
NA
NA
-0.277934368154507
-0.321790049718
-0.382038332448589
-0.461704611209929
-0.556886459136389
-0.638800486592949
-0.604332842657494
-0.151808531396353
1.56770619929914
4.9539619303483
5.63138522388087
5.34248882805347
3.47312847318976
NA
NA
NA
NA
NA
NA
NA
NA
NA
NA
NA
-0.315373342194966
-0.373165111495316
-0.44960851167256
-0.541487657817213
-0.623102428465058
-0.601061409027734
-0.200816054934285
1.3443447549387
4.73676180161392
5.59681048432449
5.41726579729636
3.79232112631102
NA
NA
NA
NA
NA
NA
NA
NA
NA
NA
NA
NA
-0.364553507466317
-0.437892219122214
-0.526528245214917
-0.607511212253325
-0.596286337561939
-0.242940152361335
1.1463550702869
4.49524317624757
5.5547035253766
5.47552074896841
4.07254797165445
NA
NA
NA
NA
NA
NA
NA
NA
NA
NA
NA
NA
NA
-0.426541481011569
-0.511997710021801
-0.592072869234552
-0.590218609466685
-0.278928347605377
0.970693593947452
4.23387965154277
5.5057178230294
5.51867823802123
4.31759555946322
NA
NA
NA
NA
NA
NA
NA
NA
NA
NA
NA
NA
NA
NA
NA
NA
NA
NA
NA
NA
NA
NA
NA
NA
NA
NA
NA
NA
-0.201633634709033
-0.207043684194832
-0.215847769173189
-0.229696478096116
-0.251176803866646
-0.284192103998173
-0.33466304832325
-0.41089324552232
-0.523222334228787
-0.679216102567096
NA
NA
NA
NA
NA
NA
NA
NA
NA
NA
NA
NA
NA
-0.201057951404726
-0.206498970128521
-0.2152300146712
-0.228825248384134
-0.249788747900359
-0.281818051593849
-0.330463109932371
-0.403705045664544
-0.511377202165576
-0.661115189353913
-0.84218315680806
NA
NA
NA
NA
NA
NA
NA
NA
NA
NA
NA
NA
-0.200437121500286
-0.20587484987004
-0.214521310688442
-0.227873338708312
-0.248325702066084
-0.279372023850123
-0.326312213033303
-0.396679162810778
-0.499909563142345
-0.643641187953503
-0.819186577270234
-0.958430497511843
NA
NA
NA
NA
NA
NA
NA
NA
NA
NA
NA
-0.199725267383721
-0.205174038269961
-0.213727360408603
-0.22685338799379
-0.246790977648012
-0.276896979945627
-0.322188188187691
-0.389827024264148
-0.48880389776864
-0.626763041534601
-0.796776406272045
-0.938180871463787
-0.836963939212615
NA
NA
NA
NA
NA
NA
NA
NA
NA
NA
NA
-0.204394819996549
-0.212854505592741
-0.225736425486443
-0.245186258789625
-0.274383388563416
-0.3181046829931
-0.383126924941242
-0.478056098310462
-0.610453013029764
-0.774959061761936
-0.91762415036797
-0.844383477663191
0.0152556298545852
NA
NA
NA
NA
NA
NA
NA
NA
NA
NA
-0.203555312718335
-0.211911034846018
-0.224559934425916
-0.243519599452572
-0.271838375507554
-0.314052349396442
-0.376575969040297
-0.467644908738591
-0.594686940887351
-0.75374339741007
-0.896867336914877
-0.848245571062331
-0.0904979747691355
3.01833038408252
NA
NA
NA
NA
NA
NA
NA
NA
NA
-0.202642480687629
-0.210898560976541
-0.223308079920911
-0.241799419331254
-0.26927631333274
-0.310029470938586
-0.370168873491334
-0.457541838363599
-0.579461661185861
-0.733118330253698
-0.876026787734045
-0.848981886749617
-0.182187344366019
2.61750567613472
5.68369475987047
NA
NA
NA
NA
NA
NA
NA
NA
-0.201667993441271
-0.209819235238985
-0.221996556208806
-0.240026174527031
-0.266682451434796
-0.306039569808646
-0.363905787706924
-0.447746568487048
-0.56474257443218
-0.713082519547148
-0.855189573906593
-0.846986070790182
-0.261497184033545
2.21952295683722
5.62286009304056
5.72511242364301
NA
NA
NA
NA
NA
NA
NA
-0.20063467432866
-0.208682585816596
-0.22061833773652
-0.238206107748035
-0.264070288057255
-0.302092221421962
-0.357767718727043
-0.438244015755794
-0.55050974507311
-0.693638458176752
-0.834428858316688
-0.842612614292176
-0.329865909966878
1.86994772908921
5.50533774194554
5.74540373791729
4.87266512664808
NA
NA
NA
NA
NA
NA
NA
-0.207491147312991
-0.219188882336314
-0.236344280024388
-0.261437483402222
-0.298171027167275
-0.351760631843074
-0.429019350773707
-0.536750309449091
-0.674770338551005
-0.81381217643675
-0.836176812288516
-0.388544277137072
1.56750329569591
5.3348599727021
5.75397542529844
5.0354007736659
NA
NA
NA
NA
NA
NA
NA
-0.206243594010681
-0.217710423926712
-0.234434400019093
-0.258789177912726
-0.294281382987595
-0.345879587850894
-0.420061971539955
-0.52344164415203
-0.656473322504058
-0.793398974781634
-0.827966212307546
-0.438620000860092
1.30417151564945
5.12164072894319
5.75177442624033
5.17449394200303
2.72447314459337
NA
NA
NA
NA
NA
NA
-0.204946509809843
-0.216189864425957
-0.232485239310355
-0.256130700278233
-0.290432788325146
-0.340113713028476
-0.411357664332224
-0.510564336200618
-0.638731038402984
-0.773240388533255
-0.818233949427101
-0.481049822518669
1.07385334973
4.87371896505638
5.73967239923272
5.29206751339002
3.13267649442612
NA
NA
NA
NA
NA
NA
-0.203607278317697
-0.214617856636475
-0.230510228222583
-0.253454150397513
-0.286615501475926
-0.334462847764462
-0.402897749848497
-0.498105992750183
-0.62153606589695
-0.753376491649011
-0.807211089762324
-0.51668092292602
0.871778261639448
4.5976115587583
5.7184696845115
5.39001125491991
3.49457260870371
NA
NA
NA
NA
NA
NA
NA
-0.213011084016104
-0.228501392303373
-0.250776341697503
-0.282828066129699
-0.328927434655312
-0.394673793456844
-0.486041384978141
-0.604873165565054
-0.733835647739279
-0.795102123395594
-0.546267775307939
0.694120089477239
4.2986900567708
5.68890526274164
5.47003096607943
3.81452946233631
NA
NA
NA
NA
NA
NA
NA
-0.211363813913803
-0.226469859522387
-0.248085164629705
-0.279082338021089
-0.323497063784523
-0.386666725780337
-0.474365001283188
-0.588727547824303
-0.714654388842475
-0.782089538190235
-0.570482981101694
0.537745757652398
3.98148101291871
5.65166574004033
5.53365240542197
4.09653310090917
NA
NA
NA
NA
NA
NA
NA
-0.209684902312158
-0.224410756816895
-0.245393374499037
-0.275369038445435
-0.318171338231591
-0.378876671987011
-0.463057876321176
-0.573086030444802
-0.69584994147625
-0.768335861720204
-0.589923460200259
0.400045769499961
3.64982909633849
5.6073841626139
5.58225225765314
4.34419292700555
NA
NA
NA
NA
NA
NA
NA
NA
-0.222328930065888
-0.242704165187504
-0.271687591317841
-0.312944781684809
-0.371292965015565
-0.452100488432797
-0.557935794807168
-0.677441926137461
-0.753986979488377
-0.605130424785983
0.278809330240091
3.30704712584576
5.55665587590435
5.61708173372889
4.56074230369669
NA
NA
NA
NA
NA
NA
NA
NA
-0.220228553046184
-0.240007835578594
-0.26804717142381
-0.307814045453045
-0.363908533807377
-0.441480759054724
-0.543258243480286
-0.659447708262123
-0.739170789286952
-0.616587695331492
0.172145839371496
2.95600859198039
5.50003572359861
5.63926693222009
4.74907749311742
NA
NA
NA
NA
NA
NA
NA
NA
-0.218112719813939
-0.23731549438079
-0.264437922535147
-0.302778642929884
-0.356715613546069
-0.431186987121956
-0.529044835158201
-0.641865612727124
-0.72400351417664
-0.624727594358752
0.0784239959278335
2.59920820119336
5.43804604520424
5.64983877476959
4.91179129331606
NA
NA
NA
NA
NA
NA
NA
NA
NA
-0.234627649205703
-0.260863898301898
-0.297836869772161
-0.349702133122084
-0.421207330629918
-0.515272751350061
-0.624714707326807
-0.708580879452954
-0.629943482875619
-0.00377483680736468
2.25710935280108
5.35289630050201
5.64974138516559
5.05119554351857
2.61638333821879
NA
NA
NA
NA
NA
NA
NA
NA
NA
-0.257330382759433
-0.292982989182638
-0.342863519535583
-0.41152633963997
-0.501934346962887
-0.607993338873992
-0.692994535362785
-0.632583106053525
-0.0756929276275766
1.95499191578272
5.22168414088209
5.63983401839604
5.16936276726421
3.01934560983779
NA
NA
NA
NA
NA
NA
NA
NA
NA
NA
-0.288217940164406
-0.336199032143028
-0.402131082102485
-0.489009908511162
-0.591702778413389
-0.677319918392014
-0.63296590993831
-0.138426900366088
1.68766483550494
5.05171702068359
5.6209110028086
5.26815048266222
3.37705112288776
NA
NA
NA
NA
NA
NA
NA
NA
NA
NA
NA
-0.329694013418566
-0.393011520750304
-0.476490760365022
-0.575842864291044
-0.661624300113613
-0.631375774447557
-0.192950243997531
1.4506063772013
4.8494056633086
5.5937097038739
5.34922608812766
3.69372640183461
NA
NA
NA
NA
NA
NA
NA
NA
NA
NA
NA
NA
-0.384157054583198
-0.464358570092844
-0.560409419508394
-0.645967398527914
-0.628066515095146
-0.240125985903443
1.24004839386347
4.62020583934354
5.55890501176717
5.41408905005331
3.97323765839288
NA
NA
NA
NA
NA
NA
NA
NA
NA
NA
NA
NA
NA
-0.452601210444613
-0.545399129977842
-0.630399141962044
-0.623267548966389
-0.280732727486188
1.05282633127806
4.36879410686362
5.5171260243448
5.46410054893113
4.21907264037003
NA
NA
NA
NA
NA
NA
NA
NA
NA
NA
NA
NA
NA
NA
NA
NA
NA
NA
NA
NA
NA
NA
NA
NA
NA
NA
NA
NA
NA
NA
-0.210584237429252
-0.224726551288313
-0.247165846610518
-0.282106221684886
-0.336030068366994
-0.417902036335398
-0.538557808840188
-0.704807972048416
NA
NA
NA
NA
NA
NA
NA
NA
NA
NA
NA
NA
NA
NA
NA
-0.210419714316535
-0.224383165735643
-0.246225507200462
-0.280149262696004
-0.332135841730011
-0.410804813985914
-0.52649858543045
-0.686278157373668
-0.875852431240615
NA
NA
NA
NA
NA
NA
NA
NA
NA
NA
NA
NA
NA
NA
-0.210181901071577
-0.223907365668029
-0.245220467174967
-0.278104434840191
-0.328264270803597
-0.403888815496473
-0.514847731464357
-0.668373570249235
-0.852602646493365
-0.990399231462994
NA
NA
NA
NA
NA
NA
NA
NA
NA
NA
NA
NA
NA
-0.209839620138223
-0.22330318831145
-0.244122820703536
-0.276031034917405
-0.324436071705051
-0.397127780789702
-0.503567959374303
-0.651073196963799
-0.829899511055237
-0.971044165882436
-0.844284861567906
NA
NA
NA
NA
NA
NA
NA
NA
NA
NA
NA
NA
-0.209388763392238
-0.222621679365333
-0.242964419519162
-0.273889724163612
-0.320630874073133
-0.390526209584642
-0.492656836754469
-0.634358940235756
-0.807764581614342
-0.951220734806866
-0.855319011437886
0.0755805495173113
NA
NA
NA
NA
NA
NA
NA
NA
NA
NA
NA
-0.208842315359961
-0.221864607844817
-0.241691485066594
-0.271725666433768
-0.316850153080523
-0.384076194070232
-0.482090369355184
-0.618204703114685
-0.786191921978949
-0.931071767729166
-0.862464214944614
-0.0392231764394992
3.19819629554088
NA
NA
NA
NA
NA
NA
NA
NA
NA
NA
NA
-0.221005236173799
-0.240369601229961
-0.269506994237289
-0.313096539371515
-0.377774121585994
-0.4718524813723
-0.602589815187848
-0.765197307905793
-0.910707959110076
-0.866174841804705
-0.139218568328537
2.80203679763762
5.68971611152913
NA
NA
NA
NA
NA
NA
NA
NA
NA
NA
-0.220074402503515
-0.238979760906587
-0.267257161419704
-0.309362788877538
-0.371605756715834
-0.461928525768877
-0.587499080244105
-0.744776747215514
-0.890229827111836
-0.86685995876913
-0.226170102395283
2.39982673873831
5.64283866686034
5.67481897421677
NA
NA
NA
NA
NA
NA
NA
NA
NA
-0.219072382884263
-0.237521345699429
-0.264969243353614
-0.305658097424459
-0.365568098713333
-0.452307446620169
-0.572911554738059
-0.724923569891145
-0.869728776434224
-0.864894839051073
-0.301575501298288
2.02931643437107
5.55424968304388
5.70187652290317
4.7791268980036
NA
NA
NA
NA
NA
NA
NA
NA
-0.218000830893301
-0.236003322344858
-0.262648889733019
-0.301979161276537
-0.359662520480977
-0.442968829144482
-0.558798666112834
-0.705646433800512
-0.849277638791248
-0.860611026960047
-0.366738262993975
1.70870573730233
5.40829689592175
5.71731397193329
4.94553013828147
NA
NA
NA
NA
NA
NA
NA
NA
NA
-0.234434862382049
-0.260305141265123
-0.298323280470822
-0.35387307725008
-0.433906663309187
-0.545156230663642
-0.686925317856417
-0.828947652367016
-0.85431101778688
-0.422787873199904
1.42932345004764
5.21591994352218
5.72204407211821
5.08897327282839
2.64238271358266
NA
NA
NA
NA
NA
NA
NA
NA
-0.23280895093914
-0.257938470133159
-0.294688241979815
-0.348204109027194
-0.425102537037375
-0.531956178559665
-0.66875874912753
-0.808793048978036
-0.846268653509088
-0.470713511661664
1.18463543567863
4.98566761433588
5.71690540866502
5.21146153059213
3.04356117648568
NA
NA
NA
NA
NA
NA
NA
NA
-0.231136413914418
-0.255542169086517
-0.291082947233981
-0.342650955622767
-0.416547535113145
-0.519186270347698
-0.651130549339746
-0.788870730970419
-0.836726529413782
-0.511394727286496
0.969565388508717
4.72443004089903
5.70266855900892
5.31478753204201
3.40082505561521
NA
NA
NA
NA
NA
NA
NA
NA
-0.229421615901285
-0.253130423964961
-0.287508109052829
-0.337196624173563
-0.408236688512621
-0.506821837390598
-0.634037734904869
-0.769212851538984
-0.825905999313998
-0.545614576165572
0.780073804281167
4.4378636833168
5.68004651624334
5.40057115494985
3.71816523463527
NA
NA
NA
NA
NA
NA
NA
NA
-0.227673768579782
-0.250694211970036
-0.2839545271672
-0.331855566574323
-0.400150291864336
-0.494852524597478
-0.61746273889099
-0.749860564523408
-0.814001607736338
-0.574073805253906
0.612865501291974
4.13071877378396
5.64970240256309
5.47026564193027
3.99924412361453
NA
NA
NA
NA
NA
NA
NA
NA
NA
-0.248248093375413
-0.280426294399214
-0.326613511225027
-0.392286179937182
-0.483261055222827
-0.601396395139815
-0.730839678337019
-0.801193686525869
-0.597389859986286
0.465212241425909
3.80702330578201
5.61224484488558
5.52518891989346
4.24739568599524
NA
NA
NA
NA
NA
NA
NA
NA
NA
-0.245790360834698
-0.276927899790989
-0.321466182550686
-0.384627045706604
-0.472032659594628
-0.585821167852264
-0.712178209471917
-0.787640894574918
-0.616124437461073
0.334807312738234
3.47024511687163
5.56825250075444
5.56653342080642
4.46562200982431
NA
NA
NA
NA
NA
NA
NA
NA
NA
-0.2433193168596
-0.273458806006649
-0.316412918390357
-0.3771725375439
-0.461149055213634
-0.570727016489268
-0.693892296414377
-0.773481286955946
-0.630787252928884
0.219686737179953
3.12339512990512
5.51825698477072
5.59538192446149
4.65662757699588
NA
NA
NA
NA
NA
NA
NA
NA
NA
NA
-0.270012408077416
-0.311454657127711
-0.369907164671167
-0.450603748914736
-0.556097721724693
-0.675992176946521
-0.75884372551804
-0.64182737501276
0.118155299364515
2.76909031122586
5.46276272324125
5.61272406606103
4.8228384438679
NA
NA
NA
NA
NA
NA
NA
NA
NA
NA
-0.266595958821897
-0.306581728580515
-0.362828590594918
-0.44037653170482
-0.541920153892588
-0.658495643598542
-0.74383661540461
-0.649660150661782
0.0287432138025085
2.41523883513261
5.39663417244106
5.61946390395516
4.96643138714807
2.53668137079729
NA
NA
NA
NA
NA
NA
NA
NA
NA
-0.263207141047825
-0.301793378487097
-0.355929450142847
-0.430457804993238
-0.528180365972976
-0.641405949268249
-0.728561634804663
-0.6546488518875
-0.0498339367607228
2.09669462256509
5.28747535074352
5.61643095298856
5.08936041140147
2.93250787943697
NA
NA
NA
NA
NA
NA
NA
NA
NA
NA
-0.297090362843483
-0.349204125373626
-0.420830488729098
-0.514862683708274
-0.624731319303428
-0.713103976227071
-0.657130945556273
-0.118713699947701
1.81442687424064
5.13651739619937
5.60439006613165
5.19338580439101
3.28543937042477
NA
NA
NA
NA
NA
NA
NA
NA
NA
NA
NA
-0.34263887195679
-0.411490199423124
-0.501953768308653
-0.608472186121405
-0.69753844652475
-0.657408259583469
-0.17890220237161
1.56370408772483
4.95045826648391
5.58404746006394
5.2800897912107
3.59933706069621
NA
NA
NA
NA
NA
NA
NA
NA
NA
NA
NA
NA
-0.402421523541654
-0.489442781298251
-0.59262977974641
-0.681933643687907
-0.655750445686708
-0.231289957535025
1.34060062622308
4.73498153089831
5.55605909169757
5.35089858485835
3.87774998952065
NA
NA
NA
NA
NA
NA
NA
NA
NA
NA
NA
NA
NA
-0.477312598247545
-0.577199857913093
-0.666347991338083
-0.652402276257774
-0.27668555237759
1.14181820387697
4.49497047154089
5.52102858773262
5.40711088333406
4.12389839050222
NA
NA
NA
NA
NA
NA
NA
NA
NA
NA
NA
NA
NA
NA
NA
NA
NA
NA
NA
NA
NA
NA
NA
NA
NA
NA
NA
NA
NA
NA
NA
-0.217756215490384
-0.241021955243444
-0.277929028553521
-0.335418298985292
-0.423139384930752
-0.552273669835545
-0.728782114455621
NA
NA
NA
NA
NA
NA
NA
NA
NA
NA
NA
NA
NA
NA
NA
NA
-0.217899227818533
-0.240631358711078
-0.276398028864779
-0.33184184912716
-0.416127460392736
-0.540012585714502
-0.709819318853625
-0.907266114033866
NA
NA
NA
NA
NA
NA
NA
NA
NA
NA
NA
NA
NA
NA
NA
-0.217923249884497
-0.24012742166192
-0.274810514379161
-0.328288312126201
-0.409281284119091
-0.528169459936543
-0.691496046007414
-0.883836120411545
-1.01872253662802
NA
NA
NA
NA
NA
NA
NA
NA
NA
NA
NA
NA
NA
NA
NA
-0.239508246730506
-0.273143361417036
-0.324755254578317
-0.402636038113325
-0.516712189892077
-0.67378400930898
-0.860910369052592
-1.00039796745268
-0.846238389675878
NA
NA
NA
NA
NA
NA
NA
NA
NA
NA
NA
NA
NA
NA
-0.238779266143782
-0.271444317102261
-0.321250949085906
-0.396133516633919
-0.505637031622609
-0.656670910057013
-0.838507874567323
-0.981458381562289
-0.861023844679512
0.142250413067227
NA
NA
NA
NA
NA
NA
NA
NA
NA
NA
NA
NA
NA
-0.237979609734684
-0.269651739832695
-0.317764793614245
-0.38979299460216
-0.494918147116561
-0.640130171853586
-0.816644665011964
-0.962042834967545
-0.871595299569463
0.0183534539707004
3.37219720327887
NA
NA
NA
NA
NA
NA
NA
NA
NA
NA
NA
NA
-0.237076691272276
-0.267836471480623
-0.314289811682983
-0.383609909008934
-0.484545234928461
-0.624136881893368
-0.795328849621643
-0.942283280425859
-0.87843084106689
-0.089995010929668
2.98207465221388
5.68912281940504
NA
NA
NA
NA
NA
NA
NA
NA
NA
NA
NA
-0.236090240258213
-0.265952313099463
-0.310846121890738
-0.377547955399114
-0.474496434667687
-0.608680490440702
-0.774567761979853
-0.922291544935988
-0.881953995839532
-0.184639775402926
2.58394700005977
5.6488855565894
5.62201648791387
NA
NA
NA
NA
NA
NA
NA
NA
NA
NA
-0.235031151702857
-0.264035763303106
-0.307408368778278
-0.371626021744139
-0.464759432787789
-0.593741038738205
-0.75435975128067
-0.902167092693815
-0.882555933428327
-0.267150526153177
2.19533505240492
5.5874489185791
5.65527127550902
4.6878566599178
NA
NA
NA
NA
NA
NA
NA
NA
NA
NA
-0.262070905887682
-0.30399430136254
-0.365835992329809
-0.455310672558395
-0.579295025800064
-0.734706575135131
-0.881996141950051
-0.880583470547597
-0.338879101214731
1.8563941515287
5.46728513478095
5.67702154367536
4.85736505313916
NA
NA
NA
NA
NA
NA
NA
NA
NA
NA
-0.260058160013539
-0.300594936254215
-0.360171076188445
-0.446147576519297
-0.565329188272707
-0.71560437647885
-0.861852666786415
-0.876357421361721
-0.400992234894881
1.5608807583392
5.29697945744995
5.68814503586965
5.00457657216174
2.56452630028948
NA
NA
NA
NA
NA
NA
NA
NA
NA
-0.258011936017972
-0.29721342477977
-0.354611857596998
-0.437257639749408
-0.551813711892069
-0.697047978094652
-0.841807849416511
-0.870164502388275
-0.454519390065681
1.30179194871379
5.08562051756204
5.68945024833954
5.13138581654964
2.95878215107172
NA
NA
NA
NA
NA
NA
NA
NA
NA
-0.255931410035621
-0.293850792623532
-0.349166194761209
-0.428626137657595
-0.538739304029888
-0.679029356361312
-0.821920136957462
-0.862262952971484
-0.500371066871884
1.07371898231155
4.84049734965031
5.6816812067796
5.23949329353604
3.31133367513903
NA
NA
NA
NA
NA
NA
NA
NA
NA
-0.253821391650022
-0.290505190682328
-0.343832433430667
-0.420235210282271
-0.52608703991347
-0.661537082326807
-0.802238138670423
-0.852886597805652
-0.539353580576725
0.872389881041053
4.56755821078244
5.66552426692752
5.33043982518207
3.62583488136888
NA
NA
NA
NA
NA
NA
NA
NA
NA
NA
-0.287177129796712
-0.33859548629254
-0.412084820167066
-0.513839872416598
-0.644564175632037
-0.782801740477444
-0.842249881261332
-0.572191957503024
0.694343706000433
4.27178157591419
5.64161976861888
5.40561044569177
3.90565772243949
NA
NA
NA
NA
NA
NA
NA
NA
NA
NA
-0.283869945361289
-0.333459393857831
-0.40415846821667
-0.501977003494242
-0.628100784521883
-0.763648859173112
-0.83053847224525
-0.599529521953293
0.536719517929873
3.9573829574115
5.61055775239066
5.46626466872262
4.15388715663063
NA
NA
NA
NA
NA
NA
NA
NA
NA
NA
-0.28058005450293
-0.328418727471481
-0.396444036270056
-0.490492246365442
-0.612129584207206
-0.744808016752699
-0.817925816172467
-0.621951465170573
0.397119080841351
3.62798479488097
5.57289281722549
5.51354522040395
4.37331696295492
NA
NA
NA
NA
NA
NA
NA
NA
NA
NA
-0.277310166041683
-0.323467399088923
-0.388937540288505
-0.479361740183532
-0.596646317176318
-0.726304104701532
-0.804567359467108
-0.639977895957209
0.27350078518536
3.28672744081008
5.52914252849599
5.54848951658437
4.56647071950969
NA
NA
NA
NA
NA
NA
NA
NA
NA
NA
NA
-0.318610926189575
-0.381620969597573
-0.468577977239087
-0.581629732121418
-0.70815758259723
-0.790595880521305
-0.654082483860592
0.164103594194104
2.93634910538294
5.47979223926944
5.57204721426397
4.73562800483732
NA
NA
NA
NA
NA
NA
NA
NA
NA
NA
NA
-0.313832241660524
-0.37449886848658
-0.45812142708415
-0.567072033166664
-0.690381816519759
-0.776137018312147
-0.664697856688765
0.0674074650207128
2.57942079579242
5.42513574760077
5.58508848815692
4.88283508580075
2.46112029295292
NA
NA
NA
NA
NA
NA
NA
NA
NA
NA
-0.309135348887199
-0.36755865082066
-0.447979740178919
-0.55295897957049
-0.672989250780807
-0.761301803722997
-0.67220391165796
-0.0179171894971271
2.24450464677886
5.33915097449078
5.58841260592408
5.00993698914274
2.84993255823066
NA
NA
NA
NA
NA
NA
NA
NA
NA
NA
-0.304525537254931
-0.360788016906635
-0.438142613874856
-0.539273455058539
-0.65599080290121
-0.746179987340209
-0.676955714095807
-0.0930437632760076
1.94735538178611
5.20835866826884
5.58275430608693
5.11860506247279
3.19802894668546
NA
NA
NA
NA
NA
NA
NA
NA
NA
NA
NA
-0.354184914892586
-0.428597855962281
-0.526004316080544
-0.639390785271958
-0.730861846742327
-0.67926841740804
-0.159012132927644
1.6830200323248
5.03975347579884
5.56879579638047
5.21033984779398
3.50894398500711
NA
NA
NA
NA
NA
NA
NA
NA
NA
NA
NA
NA
-0.419332255325834
-0.513138312902143
-0.623191326396259
-0.715423329287813
-0.67942919258867
-0.216740553613485
1.44741115678771
4.83924762890556
5.54716943500051
5.28650019048105
3.78594472786062
NA
NA
NA
NA
NA
NA
NA
NA
NA
NA
NA
NA
NA
-0.500661112333646
-0.607394045129466
-0.699929844564174
-0.677695710822934
-0.267063672964124
1.23709766273022
4.61192286500718
5.51845715547315
5.34832639108601
4.03200845293222
NA
NA
NA
NA
NA
NA
NA
NA
NA
NA
NA
NA
NA
NA
NA
NA
NA
NA
NA
NA
NA
NA
NA
NA
NA
NA
NA
NA
NA
NA
NA
NA
-0.2328892088322
-0.271729817276935
-0.332933255364099
-0.426723288717339
-0.564574990068514
-0.751288890581856
NA
NA
NA
NA
NA
NA
NA
NA
NA
NA
NA
NA
NA
NA
NA
NA
NA
NA
-0.270690300893806
-0.329665343633155
-0.419787661675708
-0.552080095969127
-0.731916593750312
-0.936583610122414
NA
NA
NA
NA
NA
NA
NA
NA
NA
NA
NA
NA
NA
NA
NA
NA
NA
-0.269557472672745
-0.326440209102934
-0.413024170173447
-0.540034875984724
-0.713171395446356
-0.913032170493683
-1.04356620948444
NA
NA
NA
NA
NA
NA
NA
NA
NA
NA
NA
NA
NA
NA
NA
NA
-0.268337138084068
-0.323241883926092
-0.406466864855832
-0.528387312788659
-0.69505289612204
-0.889938653352402
-1.02640916037552
-0.843154541928353
NA
NA
NA
NA
NA
NA
NA
NA
NA
NA
NA
NA
NA
NA
NA
-0.267056061958277
-0.320035549365615
-0.400078197236629
-0.517133175149424
-0.677539405627791
-0.867333493187742
-1.00847635819474
-0.86180142962734
0.214726315604754
NA
NA
NA
NA
NA
NA
NA
NA
NA
NA
NA
NA
NA
NA
-0.265706635483241
-0.316852652013205
-0.393847597581564
-0.506252757723826
-0.660608203241695
-0.845224012452814
-0.989927413702671
-0.875923457059532
0.0817106811102624
3.53957627054702
NA
NA
NA
NA
NA
NA
NA
NA
NA
NA
NA
NA
NA
-0.264293078227281
-0.31368778029231
-0.38776597720177
-0.495737920169451
-0.644247830172636
-0.823639415332958
-0.970889108349036
-0.886012582861557
-0.0350152589868795
3.15671135319177
5.68281239329404
NA
NA
NA
NA
NA
NA
NA
NA
NA
NA
NA
NA
-0.262825909569349
-0.310527356363186
-0.38183480196067
-0.485558870609813
-0.62842524962135
-0.802580899349252
-0.951499432739817
-0.892509103818736
-0.137391371079091
2.76417423471148
5.64858433216665
5.5672815426284
NA
NA
NA
NA
NA
NA
NA
NA
NA
NA
NA
NA
-0.307384667799115
-0.376038643989979
-0.4757024051297
-0.613137485174931
-0.782055495388296
-0.931860583014608
-0.895817366690328
-0.227050259019693
2.36745406469209
5.60522914528283
5.60621545754461
4.598914526655
NA
NA
NA
NA
NA
NA
NA
NA
NA
NA
NA
-0.30426104642383
-0.370368687880076
-0.46615266188268
-0.598350147474176
-0.76207058154521
-0.912073958042772
-0.896298347539413
-0.305397604033807
2.01000295944846
5.51200584004863
5.63377229613066
4.77103595753877
NA
NA
NA
NA
NA
NA
NA
NA
NA
NA
NA
-0.301139356898022
-0.364822379164116
-0.456892950149461
-0.584063100980082
-0.742618284030106
-0.892221498226471
-0.894289866133886
-0.373642587379012
1.69827157102076
5.36487616734815
5.65079691732887
4.92150296091926
2.49060115120083
NA
NA
NA
NA
NA
NA
NA
NA
NA
NA
-0.298028818625866
-0.359398012329896
-0.447910756233283
-0.570240027717957
-0.723703546267812
-0.872382178065409
-0.890090134568616
-0.432852703375298
1.4247444493007
5.17351218570782
5.65807002040032
5.05210574643631
2.87805357284161
NA
NA
NA
NA
NA
NA
NA
NA
NA
NA
-0.294930969824902
-0.354077357972109
-0.439203537017274
-0.5568661808545
-0.705321676881054
-0.852621305532396
-0.883974344955961
-0.483965172159746
1.18366738965673
4.94560644054128
5.65630823054079
5.16445884789632
3.2258484219012
NA
NA
NA
NA
NA
NA
NA
NA
NA
NA
-0.291847069917634
-0.348866574183157
-0.430744547358708
-0.543927439394273
-0.687460014779479
-0.833000015066163
-0.876185875512353
-0.52781400414427
0.970511418867104
4.68742311982749
5.64617398145341
5.26003029878053
3.53733733252254
NA
NA
NA
NA
NA
NA
NA
NA
NA
NA
NA
-0.343754062605121
-0.422535672566122
-0.531405249111328
-0.670117196687575
-0.813559736188401
-0.866955988461405
-0.565145345600666
0.781634689620102
4.40417680378061
5.62828633759302
5.34013999431381
3.81563081343757
NA
NA
NA
NA
NA
NA
NA
NA
NA
NA
NA
-0.338745622290808
-0.414550151447731
-0.519285368442428
-0.653279784668618
-0.794348789041341
-0.856480623800648
-0.596626409507259
0.61404423860592
4.10026998471533
5.60321632578438
5.40599211108535
4.06358849700475
NA
NA
NA
NA
NA
NA
NA
NA
NA
NA
NA
-0.333827675943779
-0.406792903654505
-0.5075470664899
-0.636939364171706
-0.775403640344507
-0.844945273578789
-0.622863278160658
0.465245139473322
3.77947817649319
5.57149544268623
5.45868544357759
4.28381231534471
NA
NA
NA
NA
NA
NA
NA
NA
NA
NA
NA
-0.328997602417129
-0.399241279576478
-0.496181392360824
-0.621087986070701
-0.756750564000289
-0.832517709480974
-0.644389682068186
0.333109497937985
3.44507327069033
5.53363019514485
5.49920856045127
4.47866322985938
NA
NA
NA
NA
NA
NA
NA
NA
NA
NA
NA
NA
-0.391893441398387
-0.485166403551092
-0.60570586876743
-0.738418714408881
-0.819343456909237
-0.661702517396264
0.215816979866632
3.09991093327381
5.49008563307674
5.52847861689208
4.65028105426404
NA
NA
NA
NA
NA
NA
NA
NA
NA
NA
NA
NA
-0.38473984790278
-0.474488922994486
-0.590787477416962
-0.7204294750467
-0.805554672403223
-0.67524368358581
0.111790017123312
2.74649554320022
5.4413098798083
5.54733070370745
4.80059648996981
2.38939986312019
NA
NA
NA
NA
NA
NA
NA
NA
NA
NA
NA
-0.377767114833141
-0.464139796103336
-0.576320838528073
-0.702789677709943
-0.791276157996893
-0.685417017138137
0.0196603401041884
2.39782629221327
5.37692348392522
5.55653538361136
4.93135198700869
2.7713339818968
NA
NA
NA
NA
NA
NA
NA
NA
NA
NA
NA
-0.370972973897868
-0.454101336313024
-0.562286973589414
-0.685521743700875
-0.77660793794369
-0.692588065608855
-0.0617877282440631
2.08586494353402
5.26731629681494
5.55680023553153
5.04413229283652
3.11456817589436
NA
NA
NA
NA
NA
NA
NA
NA
NA
NA
NA
NA
-0.444363801113369
-0.548677486692973
-0.668631170877799
-0.761648179856625
-0.697088437948686
-0.133621808470274
1.80798536347356
5.11722155941773
5.54878490923529
5.14036373582846
3.42234425686325
NA
NA
NA
NA
NA
NA
NA
NA
NA
NA
NA
NA
-0.434911572516953
-0.53547906416691
-0.652126990146327
-0.74647850365397
-0.699216304532982
-0.196793669283196
1.5599272072093
4.9327894966591
5.53309697060677
5.2213440110155
3.69767319839108
NA
NA
NA
NA
NA
NA
NA
NA
NA
NA
NA
NA
NA
-0.522674928496802
-0.636008019972112
-0.7311777137309
-0.699248809527815
-0.252153335465849
1.33812855148518
4.71929211867949
5.51030118811505
5.28825348513279
3.94331636783132
NA
NA
NA
NA
NA
NA
NA
NA
NA
NA
NA
NA
NA
NA
NA
NA
NA
NA
NA
NA
NA
NA
NA
NA
NA
NA
NA
NA
NA
NA
NA
NA
NA
-0.263656476725024
-0.328737681046383
-0.428832753558794
-0.57564552371322
-0.77251200274538
NA
NA
NA
NA
NA
NA
NA
NA
NA
NA
NA
NA
NA
NA
NA
NA
NA
NA
-0.263088189812287
-0.325787337411145
-0.421945716104162
-0.562904750816469
-0.752719288626371
-0.963928501719031
NA
NA
NA
NA
NA
NA
NA
NA
NA
NA
NA
NA
NA
NA
NA
NA
NA
NA
-0.322891533092353
-0.415270802475353
-0.550612017751722
-0.733558443649295
-0.940325421496618
-1.06510326319044
NA
NA
NA
NA
NA
NA
NA
NA
NA
NA
NA
NA
NA
NA
NA
NA
NA
-0.319982735487775
-0.408798318779078
-0.538757838023856
-0.715028896223228
-0.917127496353275
-1.04923239279951
-0.835344962530557
NA
NA
NA
NA
NA
NA
NA
NA
NA
NA
NA
NA
NA
NA
NA
NA
-0.317085596376219
-0.402493175307282
-0.527310071649716
-0.697121099378278
-0.894367996608762
-1.03242547043646
-0.857948623184824
0.292521112501505
NA
NA
NA
NA
NA
NA
NA
NA
NA
NA
NA
NA
NA
NA
NA
-0.314219844600895
-0.396358353492566
-0.51625765902908
-0.679799735299809
-0.872069953603769
-1.01485156931792
-0.875727114984123
0.150375319866425
3.69974495906527
NA
NA
NA
NA
NA
NA
NA
NA
NA
NA
NA
NA
NA
NA
-0.311355232037164
-0.390399267789929
-0.505575762490776
-0.663061240553514
-0.850259342109076
-0.996654923774751
-0.889177860627282
0.0252551284974629
3.32523635793843
5.67155923306164
NA
NA
NA
NA
NA
NA
NA
NA
NA
NA
NA
NA
NA
-0.308511098797114
-0.384566535094278
-0.495252244574551
-0.646877277520769
-0.828942120800459
-0.977977491667362
-0.898761023400445
-0.0848689849878382
2.93941032545383
5.64298291443812
5.51108886753702
NA
NA
NA
NA
NA
NA
NA
NA
NA
NA
NA
NA
-0.305667031480096
-0.37889197282906
-0.485271991651065
-0.631230357178539
-0.808141132798864
-0.958929990964714
-0.904893685401807
-0.181704269987451
2.54494835389678
5.60815470259436
5.55523132656354
4.51232728041633
NA
NA
NA
NA
NA
NA
NA
NA
NA
NA
NA
NA
-0.373352155831515
-0.475599087317092
-0.616111321003737
-0.787854694708056
-0.939625366857376
-0.90795969761873
-0.266702209322269
2.16902355148051
5.5426910504173
5.58813410749965
4.68663118305465
NA
NA
NA
NA
NA
NA
NA
NA
NA
NA
NA
NA
-0.367933195773601
-0.466245104643395
-0.60149232429251
-0.768086601563327
-0.920160348571131
-0.908295811371001
-0.341128696938936
1.84097741921329
5.41974096634122
5.61061055362274
4.83989692788003
2.4203261691857
NA
NA
NA
NA
NA
NA
NA
NA
NA
NA
NA
-0.362634818845678
-0.457176987928791
-0.587353052554073
-0.748842790064698
-0.900616714423439
-0.906220828804578
-0.406077823588627
1.55297745451485
5.24935074905514
5.62341299460095
4.9738247055611
2.80110865104941
NA
NA
NA
NA
NA
NA
NA
NA
NA
NA
NA
-0.357446089002014
-0.448384973488409
-0.573684502241818
-0.730124138507021
-0.881069476904607
-0.902018721401685
-0.462520043127505
1.29889299627093
5.03965077757987
5.62723287060051
5.0899474790219
3.14413155439964
NA
NA
NA
NA
NA
NA
NA
NA
NA
NA
NA
-0.352369702318722
-0.439861372218793
-0.560457314444726
-0.711915289858542
-0.861589636201353
-0.895950635762202
-0.511315345850959
1.07392620093617
4.79722872166629
5.6227124152797
5.1896610364428
3.45247500824803
NA
NA
NA
NA
NA
NA
NA
NA
NA
NA
NA
-0.347394980116327
-0.431586562521311
-0.54766135675063
-0.694223407480823
-0.842226384444543
-0.888254899447607
-0.553232602503139
0.874242129132731
4.52754509071779
5.61044592744214
5.2742279315567
3.72901430082675
NA
NA
NA
NA
NA
NA
NA
NA
NA
NA
NA
NA
-0.423553997193003
-0.535278442057007
-0.677036273392608
-0.823030097170782
-0.879142763638975
-0.588957755600431
0.696704148760201
4.2351949700929
5.59098898986623
5.34479907869928
3.97640461275591
NA
NA
NA
NA
NA
NA
NA
NA
NA
NA
NA
NA
-0.415747353187624
-0.523291888699227
-0.660343745536786
-0.804049160286609
-0.868809874296968
-0.619114856813723
0.538714018479001
3.92410664072205
5.56485562842947
5.40242512024923
4.19707071624469
NA
NA
NA
NA
NA
NA
NA
NA
NA
NA
NA
NA
-0.408162821659881
-0.511684917752341
-0.644140603477449
-0.785313686533849
-0.857435392699603
-0.644259671655721
0.398062825973662
3.59768374347818
5.53253424424849
5.44805964166725
4.39322565543819
NA
NA
NA
NA
NA
NA
NA
NA
NA
NA
NA
NA
-0.400783029264731
-0.500446593523265
-0.628409700272806
-0.76685687706972
-0.845175500270888
-0.664900761466457
0.272863369424859
3.25889333322891
5.4944757628008
5.48258139778932
4.56688111828641
NA
NA
NA
NA
NA
NA
NA
NA
NA
NA
NA
NA
NA
-0.489555765285457
-0.613148454505889
-0.748702110706433
-0.832176254527578
-0.681498140611393
0.161485307263565
2.910343744714
5.45111171562379
5.50679475890321
4.71985766526558
2.32124560072427
NA
NA
NA
NA
NA
NA
NA
NA
NA
NA
NA
NA
-0.479000853567128
-0.598342571813309
-0.730872108910786
-0.818563435434666
-0.694467400818496
0.0625110597847591
2.55612266854656
5.4010517538773
5.52144356744202
4.85380288025549
2.69644960301098
NA
NA
NA
NA
NA
NA
NA
NA
NA
NA
NA
NA
-0.468767401350004
-0.583975090337019
-0.713385699104249
-0.80445617656202
-0.704189544093476
-0.0253096387586345
2.2294238603192
5.31352483400502
5.52720836373273
4.97022360405255
3.03482009921581
NA
NA
NA
NA
NA
NA
NA
NA
NA
NA
NA
NA
-0.458843100108189
-0.570038337269549
-0.696255212169441
-0.789956142157725
-0.711010999170596
-0.103073929926842
1.93807317391975
5.18287571584145
5.52472596434433
5.07047401108378
3.33933813534669
NA
NA
NA
NA
NA
NA
NA
NA
NA
NA
NA
NA
-0.44921886522428
-0.556518164082228
-0.679484899940159
-0.775157864774385
-0.715243232145496
-0.171762781199365
1.67763568504117
5.01549061483605
5.51458271424983
5.15579379639328
3.61278600700931
NA
NA
NA
NA
NA
NA
NA
NA
NA
NA
NA
NA
NA
-0.543403294636702
-0.66309026687376
-0.760140832642168
-0.717175962738159
-0.23224943830466
1.44441224828783
4.81683429088026
5.49732858119575
5.22730996407587
3.85772482394115
NA
NA
NA
NA
NA
NA
NA
NA
NA
NA
NA
NA
NA
NA
NA
NA
NA
NA
NA
NA
NA
NA
NA
NA
NA
NA
NA
NA
NA
NA
NA
NA
NA
NA
-0.322966409417885
-0.429649759569815
-0.58566901879148
-0.792634953252713
NA
NA
NA
NA
NA
NA
NA
NA
NA
NA
NA
NA
NA
NA
NA
NA
NA
NA
NA
-0.320318558221885
-0.422796133825501
-0.572665125260806
-0.772399096504491
-0.989430923606952
NA
NA
NA
NA
NA
NA
NA
NA
NA
NA
NA
NA
NA
NA
NA
NA
NA
NA
-0.317709344505565
-0.416179384630964
-0.560094427400424
-0.752834757484043
-0.965836830390721
-1.08348377342275
NA
NA
NA
NA
NA
NA
NA
NA
NA
NA
NA
NA
NA
NA
NA
NA
NA
-0.31513189465258
-0.409749171156108
-0.548006654498768
-0.733888400125405
-0.942599660571021
-1.0690118476906
-0.823110945634996
NA
NA
NA
NA
NA
NA
NA
NA
NA
NA
NA
NA
NA
NA
NA
NA
NA
-0.403524645839255
-0.536342950606058
-0.715576215780667
-0.919739396299437
-1.05344337472725
-0.849751412840077
0.375200240750216
NA
NA
NA
NA
NA
NA
NA
NA
NA
NA
NA
NA
NA
NA
NA
NA
-0.397483070125362
-0.525086514677862
-0.697858092597524
-0.897302147428804
-1.03695670089266
-0.871264999143021
0.223909140268833
3.85226089934509
NA
NA
NA
NA
NA
NA
NA
NA
NA
NA
NA
NA
NA
NA
NA
-0.391606663130799
-0.514225397041049
-0.680738623475385
-0.875306189324627
-1.01970801122614
-0.88817096229072
0.0903897815214548
3.48708944507855
5.65603461543892
NA
NA
NA
NA
NA
NA
NA
NA
NA
NA
NA
NA
NA
NA
-0.385883428661072
-0.503744240824182
-0.664183185725019
-0.853778391258768
-1.00184221310835
-0.900942038867831
-0.0274868157497208
3.10898019893734
5.63277245816126
5.45383699354162
NA
NA
NA
NA
NA
NA
NA
NA
NA
NA
NA
NA
NA
-0.380319918400646
-0.493606753401938
-0.648178424233602
-0.832732527376091
-0.983490837173743
-0.910007826731361
-0.131505676457635
2.72073206270407
5.60322856006473
5.50276027043407
4.42809506913643
NA
NA
NA
NA
NA
NA
NA
NA
NA
NA
NA
NA
-0.374887995303733
-0.483810702927377
-0.632709057914343
-0.812180331579101
-0.964766567075578
-0.915762351103887
-0.223180093214699
2.33301831516561
5.55960032350901
5.54058792499762
4.60419893391739
NA
NA
NA
NA
NA
NA
NA
NA
NA
NA
NA
NA
-0.369595545114008
-0.474341512291458
-0.617751679281724
-0.792131157065226
-0.945776937402354
-0.918558325644487
-0.303813959353372
1.98854240754971
5.46174403454338
5.56810201843923
4.75986446953603
2.35344568963556
NA
NA
NA
NA
NA
NA
NA
NA
NA
NA
NA
NA
-0.465165086041715
-0.603297241039035
-0.772584242279019
-0.926618049542502
-0.918722642174658
-0.374544389684077
1.68602390749522
5.31321489387002
5.58603244686746
4.89669901518264
2.72770363649866
NA
NA
NA
NA
NA
NA
NA
NA
NA
NA
NA
NA
-0.456289318261307
-0.589318087066703
-0.753547970274624
-0.907370702332432
-0.91655304521515
-0.436367026764624
1.41892690065613
5.12260480938394
5.59504182141039
5.01616405820174
3.06596172350842
NA
NA
NA
NA
NA
NA
NA
NA
NA
NA
NA
NA
-0.447687880583534
-0.575800397935117
-0.735016347485216
-0.888108756463738
-0.912322193383276
-0.490171804643384
1.18216823925455
4.89683942451253
5.59575556709435
5.11958779874008
3.37106047388195
NA
NA
NA
NA
NA
NA
NA
NA
NA
NA
NA
NA
-0.439346666113981
-0.562725144475354
-0.716995373559319
-0.868892258030109
-0.906280956468892
-0.536744714118819
0.971703853479206
4.64163962666759
5.58874423181478
5.20817615989488
3.64566058968182
NA
NA
NA
NA
NA
NA
NA
NA
NA
NA
NA
NA
-0.431254567630676
-0.550075847502053
-0.699472538208457
-0.849783831240364
-0.89864954504755
-0.576793915529266
0.784249307587961
4.36179312814386
5.57454851566413
5.28302981266804
3.89223165311978
NA
NA
NA
NA
NA
NA
NA
NA
NA
NA
NA
NA
-0.423399614328758
-0.537835038332818
-0.682446804751897
-0.830829502758611
-0.889635868765924
-0.610961230826518
0.617090977022881
4.06139049908046
5.55366393967735
5.34515950425753
4.11303819238725
NA
NA
NA
NA
NA
NA
NA
NA
NA
NA
NA
NA
NA
-0.525990595585444
-0.665905596903219
-0.812070819235266
-0.879427986858423
-0.63982196393384
0.467939630121276
3.74396321796911
5.52656351978498
5.39547758614083
4.31015432100396
NA
NA
NA
NA
NA
NA
NA
NA
NA
NA
NA
NA
NA
-0.514517030175973
-0.6498437395937
-0.793547336926758
-0.868195547286198
-0.6638921846818
0.334837198371965
3.41258665652732
5.49368592766119
5.43483139026454
4.48547440558593
NA
NA
NA
NA
NA
NA
NA
NA
NA
NA
NA
NA
NA
-0.503412554541904
-0.63424859106012
-0.775285094018079
-0.856090935625208
-0.683655150259774
0.216100818196293
3.06996985111164
5.45544820369626
5.46399541856783
4.64071518284255
2.2564072415339
NA
NA
NA
NA
NA
NA
NA
NA
NA
NA
NA
NA
-0.4926505699367
-0.619114937913474
-0.75731439844315
-0.843250841393106
-0.699534752427488
0.110264182690754
2.71849805770836
5.41223876834381
5.48368470682241
4.7774409610996
2.62503570124695
NA
NA
NA
NA
NA
NA
NA
NA
NA
NA
NA
NA
-0.482221564664581
-0.604422004781379
-0.739657328167358
-0.829803965697571
-0.711925724035017
0.0160411365374653
2.37754184732595
5.34717571542282
5.49455877532389
4.89707968829864
2.95856359830706
NA
NA
NA
NA
NA
NA
NA
NA
NA
NA
NA
NA
NA
-0.590168201807385
-0.722326006169767
-0.81586370701611
-0.721188922921027
-0.0676966593803243
2.07280339353686
5.23679159975295
5.4972302514153
5.00092159472998
3.2597374797018
NA
NA
NA
NA
NA
NA
NA
NA
NA
NA
NA
NA
NA
-0.576337230084666
-0.705337412816496
-0.80152591472849
-0.727647327317968
-0.141957524256358
1.80006396018034
5.08731349901384
5.49226799476992
5.09014925036642
3.53113115091403
NA
NA
NA
NA
NA
NA
NA
NA
NA
NA
NA
NA
NA
-0.562916204355673
-0.688702979717476
-0.786884625998839
-0.73160319286514
-0.207638077002043
1.55548333197889
4.90440104224626
5.48020086726717
5.16584029868125
3.77512718530323
NA
NA
NA
NA
NA
NA
NA
NA
NA
NA
NA
NA
NA
NA
