pt	FB	rho	time	Z1	Z2	X1	XC	A	M
1.01	1	0.1	0.0	2310.762587335457	7.982727072188335	924.3050349341828	616.2033566227885	63.013363750332296	612.8785255771229	NaN
1.01	1	0.1	9.999999999999999e-5	2310.762587335457	7.982727072188335	924.3050349341828	616.2033566227885	63.013363750332296	612.8785255771229	NaN
1.01	1	0.1	0.0010999999999999998	2310.762587335457	7.982727072188335	924.3050349341828	616.2033566227885	63.013363750332296	612.8785255771229	NaN
1.01	1	0.1	0.011099999999999997	2310.762587335457	7.982727072188335	924.3050349341828	616.2033566227885	63.013363750332296	612.8785255771229	NaN
1.01	1	0.1	0.11109999999999996	2310.762587335457	7.982727072188335	924.3050349341828	616.2033566227885	63.013363750332296	612.8785255771229	NaN
1.01	1	0.1	1.1110999999999995	2310.762587335457	7.982727072188335	924.3050349341828	616.2033566227885	63.01336375033216	612.8785255771228	NaN
1.01	1	0.1	7.6566452009414165	2310.762587335457	7.982727072188334	924.3050349341828	616.2033566227884	63.01336375033231	612.8785255771228	NaN
1.01	1	0.1	58.0485142387081	2310.762587335457	7.982727072188337	924.3050349341828	616.2033566227886	63.01336375033222	612.878525577123	NaN
1.01	1	0.1	439.9451161257723	2310.762587335457	7.982727072188335	924.3050349341828	616.2033566227885	63.01336375033231	612.878525577123	NaN
1.01	1	0.1	500.0	2310.762587335457	7.982727072188332	924.3050349341826	616.2033566227883	63.01336375033229	612.8785255771228	NaN
1.01	1	0.101	500.0	2310.762587335457	7.982727072188332	924.3050349341826	616.2033566227883	63.01336375033229	612.8785255771228	NaN
1.01	1	0.101	500.01150211365365	2310.7625858147026	7.982743880017044	924.3050349339156	616.2139789183019	63.01327365377525	612.8785260946207	NaN
1.01	1	0.101	500.02300422730735	2310.7625759159605	7.982788910842283	924.3050349301415	616.224582902787	63.013004115864064	612.8785297100725	NaN
1.01	1	0.101	500.0390791053317	2310.762535900191	7.982886822700704	924.3050349027845	616.2393719748729	63.01232900764476	612.8785457895391	NaN
1.01	1	0.101	500.0576132289464	2310.7624370404033	7.98303521833041	924.3050347966987	616.2563793793045	63.011122790300966	612.8785901583944	NaN
1.01	1	0.101	500.0805727629929	2310.762217862313	7.98325286411215	924.305034452857	616.2773821980173	63.00900094639271	612.8787015791556	NaN
1.01	1	0.101	500.1078572872153	2310.761799013661	7.983540096562335	924.3050335332922	616.302247538173	63.00559052306031	612.8789458681132	NaN
1.01	1	0.101	500.14097454970204	2310.761041077464	7.98391048678719	924.3050312722091	616.3322920469436	63.00018100864044	612.8794587457725	NaN
1.01	1	0.101	500.1810313825737	2310.759743713801	7.984372762648561	924.3050261171753	616.3684333566146	62.99182828918969	612.8804874939387	NaN
1.01	1	0.101	500.22884984726767	2310.757640633627	7.984931800851396	924.3050151850075	616.4112941811092	62.97935861798761	612.8824533691079	NaN
1.01	1	0.101	500.2825153476599	2310.7545612479203	7.98556093119383	924.3049947375954	616.4590310596885	62.962283466502775	612.8858363534496	NaN
1.01	1	0.101	500.3409846720205	2310.7503464042397	7.986245116757407	924.3049599430547	616.5106053565462	62.94020273277156	612.8912212848958	NaN
1.01	1	0.101	500.4036100039959	2310.7448479110108	7.986975282794839	924.3049048813227	616.5653458816826	62.91284546580734	612.8992849622517	NaN
1.01	1	0.101	500.4697765588557	2310.737946242103	7.987743404922648	924.3048228011556	616.6226253759247	62.88017978942415	612.9107462378449	NaN
1.01	1	0.101	500.53893612100643	2310.729548670986	7.988542534562359	924.3047063192413	616.6818906327663	62.84240063149975	612.9263288279668	NaN
1.01	1	0.101	500.610593763612	2310.719589339844	7.989366498576981	924.3045476646157	616.7426505029163	62.79991954610293	612.9467193477451	NaN
1.01	1	0.101	500.6843236134823	2310.7080245512097	7.990210028655062	924.3043388578939	616.8044881126012	62.7533266746724	612.9725363192218	NaN
1.01	1	0.101	500.75976404702703	2310.694829086924	7.991068681310047	924.3040718691595	616.8670546839727	62.703354854463896	613.0043039601885	NaN
1.01	1	0.101	500.8366163629101	2310.679991561199	7.991938805464641	924.3037387146476	616.9300660370078	62.65083888307888	613.0424359145601	NaN
1.01	1	0.101	500.9146396270771	2310.663510251906	7.992817467903242	924.3033315087282	616.9932957959766	62.596678047330826	613.0872263312724	NaN
1.01	1	0.101	500.99364779716535	2310.645388651696	7.993702405248254	924.30284245338	617.0565705210964	62.54180072100066	613.1388495740049	NaN
1.01	1	0.101	501.07349973113526	2310.625633012275	7.99459189718104	924.3022638273688	617.1197593008231	62.48713910660957	613.1973609826172	NaN
1.01	1	0.101	501.15409297914994	2310.6042498882866	7.995484684619235	924.3015879407191	617.1827668013617	62.4336068951413	613.2627021988944	NaN
1.01	1	0.101	501.2353583758539	2310.5812441281932	7.996379898674154	924.3008070697634	617.2455272638539	62.38208152025397	613.3347087010204	NaN
1.01	1	0.101	501.31725342228225	2310.5566178606014	7.997276978213964	924.2999134003795	617.3079978894272	62.33339162516812	613.4131165861024	NaN
1.01	1	0.101	501.39975699610727	2310.530369800622	7.998175604212834	924.2988989688326	617.3701536010675	62.288307033379404	613.4975696860648	NaN
1.01	1	0.101	501.4828641151403	2310.502495144939	7.9990756365871745	924.2977556168865	617.4319821537238	62.2475310563856	613.5876256374469	NaN
1.01	1	0.101	501.5665813726696	2310.4729858127707	7.999977060162134	924.296474960168	617.4934800393183	62.211693827172105	613.6827614125162	NaN
1.01	1	0.101	501.6509225940419	2310.4418311067325	8.000879934680052	924.2950483790964	617.5546488149713	62.181346147440244	613.7823780987476	NaN
1.01	1	0.101	501.73590482463777	2310.4090187078664	8.001784349933159	924.2934670352844	617.6154919150074	62.156953192038145	613.8858054494164	NaN
1.01	1	0.101	501.82154456015485	2310.3745359869263	8.002690384946051	924.2917219182814	617.6760118594042	62.13888775477976	613.9923066841816	NaN
1.01	1	0.101	501.90785414564505	2310.3383716205576	8.00359807034269	924.2898039276561	617.7362077891854	62.127422935392374	614.1010841122695	NaN
1.01	1	0.101	501.9948385824487	2310.3005173730644	8.004507356330766	924.2877039880635	617.7960734788983	62.12272438853607	614.2112865730613	NaN
1.01	1	0.101	502.08249275087053	2310.260969980837	8.005418086220383	924.2854131968307	617.8555958030399	62.12484265413183	614.3220193492186	NaN
1.01	1	0.101	502.17079946577485	2310.2197328826014	8.006329979601933	924.2829229904501	617.914753905276	62.13370637493743	614.4323575335231	NaN
1.01	1	0.101	502.2597286433372	2310.176817556106	8.007242627669134	924.2802253123632	617.9735191977231	62.14911757181083	614.5413633124049	NaN
1.01	1	0.101	502.34923779679934	2310.132244221676	8.008155502408265	924.2773127594991	618.0318562585345	62.170750286582454	614.648107056057	NaN
1.01	1	0.101	502.43927412405014	2310.0860416287073	8.009067981707464	924.2741786769404	618.0897247096639	62.198153841447166	614.7516915833055	NaN
1.01	1	0.101	502.52977803292634	2310.0382458409504	8.009979388111143	924.2708171784628	618.1470818768522	62.230761529376856	614.8512779294326	NaN
1.01	1	0.101	502.6206876192462	2309.9888981473914	8.010889035719247	924.2672230844177	618.2038858420726	62.267904764539765	614.9461102904428	NaN
1.01	1	0.101	502.7119436237498	2309.9380422863765	8.011796280093439	924.2633917755705	618.260098542885	62.30883193317225	615.0355379247218	NaN
1.01	1	0.101	502.80349416043595	2309.8857213683314	8.012700563982673	924.2593189810036	618.3156884684267	62.35273042156002	615.1190319861242	NaN
1.01	1	0.101	502.8952986477808	2309.831974884064	8.013601453412756	924.2550005262577	618.370632635695	62.39874992313408	615.1961961444227	NaN
1.01	1	0.101	502.9873306715053	2309.776836066948	8.014498661871023	924.2504320658725	618.4249177433944	62.446025215868985	615.2667709005912	NaN
1.01	1	0.101	503.07957965499776	2309.7203298091404	8.015392061881093	924.2456088240888	618.4785405028507	62.493696943926984	615.3306322497119	NaN
1.01	1	0.101	503.1720514196166	2309.66247120575	8.016281685299274	924.2405253602426	618.531507268494	62.5409294917202	615.3877859002532	NaN
1.01	1	0.101	503.26476780034295	2309.6032647285606	8.017167714408199	924.235175370129	618.5838331283352	62.58692558345548	615.4383584424507	NaN
1.01	1	0.101	503.3577655079387	2309.5427039879255	8.018050466034412	924.2295515304403	618.6355406149511	62.630937701168506	615.4825867957154	NaN
1.01	1	0.101	503.4510943548989	2309.480772064383	8.0189303701188	924.2236453945968	618.6866581422271	62.67227672046782	615.5208070197955	NaN
1.01	1	0.101	503.544814969629	2309.4174423697327	8.019807944172554	924.2174473456313	618.7372182675342	62.71031839771884	615.5534433143848	NaN
1.01	1	0.101	503.6389959539303	2309.3526800990267	8.02068376341871	924.2109466212661	618.787255780624	62.744508397733185	615.5809976736656	NaN
1.01	1	0.101	503.7337104079711	2309.286444358389	8.021558426162994	924.2041314300549	618.8368056071185	62.774366608858045	615.6040403952263	NaN
1.01	1	0.101	503.82903181075034	2309.218691012669	8.022432514569122	924.1969891749974	618.8859005521231	62.799491506718354	615.623201382308	NaN
1.01	1	0.101	503.92502900170774	2309.149376472134	8.023306548834883	924.1895068213942	618.934568788856	62.819565172348014	615.6391618414598	NaN
1.01	1	0.101	504.02176039184405	2309.0784623750187	8.024180936362667	924.1816714213155	618.982831203699	62.834359524351136	615.6526457961083	NaN
1.01	1	0.101	504.11926768446534	2309.005920994245	8.025055918827976	924.1734707921064	619.0306987753931	62.84374398012815	615.6644105573354	NaN
1.01	1	0.101	504.217569742637	2308.9317408980114	8.02593152308751	924.1648943085105	619.0781703196536	62.847694248508155	615.6752351484384	NaN
1.01	1	0.101	504.316657953625	2308.855931788398	8.02680752781911	924.1559336862974	619.1252312256238	62.846301216691444	615.6859057827576	NaN
1.01	1	0.101	504.4164944703119	2308.778527307936	8.027683457312579	924.1465835964409	619.1718537376481	62.83977797723677	615.6971979038062	NaN
1.01	1	0.101	504.51701494454977	2308.699584314179	8.02855861509009	924.1368418866722	619.2179993543604	62.82846241262558	615.7098552295947	NaN
1.01	1	0.101	504.6181358789293	2308.6191782021792	8.029432156301189	924.1267092919725	619.2636231496375	62.81281288246608	615.7245673145273	NaN
1.01	1	0.101	504.7197656211411	2308.5373947651256	8.030303188307213	924.1161886236899	619.3086793310221	62.79339577938212	615.7419480786376	NaN
1.01	1	0.101	504.8218165327816	2308.45432041002	8.031170876740015	924.1052836125559	619.3531267745385	62.77086568856249	615.7625178722949	NaN
1.01	1	0.101	504.9242157857938	2308.3700328172326	8.032034535016177	924.0939976562604	619.3969334023643	62.74594066125266	615.7866909311513	NaN
1.01	1	0.101	505.02691296854806	2308.2845937136935	8.032893682784474	924.0823327094358	619.4400787349762	62.7193759122622	615.8147688209775	NaN
1.01	1	0.101	505.1298841005102	2308.1980443480948	8.033748071518003	924.0702884379901	619.4825546392334	62.69193884418635	615.8469393475989	NaN
1.01	1	0.101	505.23313240121786	2308.1104036225183	8.034597681815876	924.0578616816725	619.5243646125108	62.66438730813332	615.8832796455946	NaN
1.01	1	0.101	505.3366867076033	2308.0216683131234	8.0354427012441	924.0450461914961	619.5655221307533	62.63745185008509	615.9237619635278	NaN
1.01	1	0.101	505.44059834020914	2307.931814813501	8.03628349029285	924.0318325963672	619.6060484919393	62.611821837855324	615.9682607710998	NaN
1.01	1	0.101	505.54493704612923	2307.8408019202334	8.037120542200364	924.0182085538959	619.6459704687023	62.58813482062443	616.0165601342999	NaN
1.01	1	0.101	505.64978629750823	2307.7485744415612	8.037954439282814	924.0041590702097	619.6853179146019	62.5669682458742	616.0683606255815	NaN
1.01	1	0.101	505.75523805756626	2307.655067537954	8.038785806951557	923.9896669890436	619.7241213906734	62.54883257932446	616.1232854025953	NaN
1.01	1	0.101	505.8613868901202	2307.56021190647	8.03961526471463	923.9747136811305	619.7624097885272	62.534164936184126	616.1808853773466	NaN
1.01	1	0.101	505.96832329244836	2307.463939922449	8.04044337357905	923.9592799682173	619.8002079359596	62.52332243393213	616.2406437591254	NaN
1.01	1	0.101	506.07612608989217	2307.3661928936144	8.041270579048405	923.9433473262276	619.8375341652074	62.516574686126816	616.3019805708833	NaN
1.01	1	0.101	506.1848542337065	2307.2669291253455	8.042097152839789	923.9268993403067	619.8743980034882	62.514095154749846	616.3642583192352	NaN
1.01	1	0.101	506.29453862791877	2307.1661322123714	8.0429231384092	923.9099233309452	619.9107982201508	62.5159516481186	616.4267903545773	NaN
1.01	1	0.101	506.4051756490378	2307.0638179761886	8.043748312734197	923.8924118864777	619.9467217624283	62.52209703391996	616.4888539654391	NaN
1.01	1	0.101	506.5167242775503	2306.9600381545415	8.044572177699202	923.8743639474424	619.9821440957065	62.532362202772774	616.5497098318328	NaN
1.01	1	0.101	506.6291090799678	2306.854878576119	8.045393995579605	923.8557849783604	620.0170314513578	62.54645403121777	616.6086284837719	NaN
1.01	1	0.101	506.7422295677569	2306.748451099783	8.046212869384242	923.8366859889951	620.0513448441525	62.56396092936157	616.6649219369027	NaN
1.01	1	0.101	506.8559747666022	2306.6408802204633	8.047027856347002	923.817081446191	620.0850451992509	62.58436721081252	616.7179765457811	NaN
1.01	1	0.101	506.9702394968984	2306.5322875533498	8.047838087048671	923.7969865666237	620.1180983357086	62.60707525311296	616.7672817335527	NaN
1.01	1	0.101	507.0849389557382	2306.4227774819306	8.048642865365785	923.7764145672069	620.1504787837604	62.63143251650254	616.8124504394832	NaN
1.01	1	0.101	507.2000189564901	2306.3124266445766	8.049441731815794	923.7553744080652	620.1821718169971	62.65675966662902	616.8532293667569	NaN
1.01	1	0.101	507.3154612855058	2306.201277974253	8.050234488864154	923.7338692426981	620.2131737834625	62.68237665637304	616.8894998058495	NaN
1.01	1	0.101	507.4312847124361	2306.0893389469147	8.051021194383184	923.7118955973187	620.2434911206923	62.707624832013344	616.921271270562	NaN
1.01	1	0.101	507.5475427464676	2305.9765831040622	8.051802132843767	923.6894431749939	620.2731385411365	62.73188441960776	616.9486706464533	NaN
1.01	1	0.101	507.66431914120454	2305.8629539442413	8.052577772562024	923.6664951644831	620.3021367850041	62.75458770430555	616.9719292227238	NaN
1.01	1	0.101	507.78172168879604	2305.748370685047	8.053348713693909	923.6430289966723	620.3305101677887	62.77522876370759	616.9913693028037	NaN
1.01	1	0.101	507.8998743147162	2305.6327358905723	8.054115627933237	923.6190175834719	620.3582839952146	62.79337087044548	617.0073913825771	NaN
1.01	1	0.101	508.0189072494078	2305.515945180529	8.054879189383984	923.5944311217356	620.3854818638882	62.808652785626855	617.0204622750495	NaN
1.01	1	0.101	508.1389448802434	2305.3978994020586	8.05563999516973	923.5692395869239	620.412122840691	62.8207950994712	617.0311039693623	NaN
1.01	1	0.101	508.2600909577831	2305.2785195707525	8.056398475091378	923.5434160365587	620.4382185515406	62.8296075465206	617.039882462111	NaN
1.01	1	0.101	508.38241223707473	2305.15776348721	8.057154798571633	923.5169405451395	620.4637705186535	62.83499778693132	617.047395362574	NaN
1.01	1	0.101	508.5059232568794	2305.035641299583	8.057908796364034	923.4898042038915	620.4887683536015	62.83698113131589	617.0542567512346	NaN
1.01	1	0.101	508.63057734673254	2304.9122248786784	8.058659927110462	923.462012010249	620.5131897322383	62.83568919332232	617.0610780242243	NaN
1.01	1	0.101	508.75626971025093	2304.787645084961	8.059407319994396	923.4335831651482	620.5370029521741	62.83137386677147	617.0684445751275	NaN
1.01	1	0.101	508.8828553236223	2304.662074098516	8.060149902686655	923.4045478648666	620.560172010963	62.82440259175638	617.0768900988921	NaN
1.01	1	0.101	509.0101778335265	2304.5356965631613	8.060886584138688	923.3749411471232	620.5826628724496	62.81524275146716	617.0868721080465	NaN
1.01	1	0.101	509.13810020421977	2304.4086788040117	8.061616433344229	923.344795752347	620.6044488931294	62.804436679348946	617.0987525930526	NaN
1.01	1	0.101	509.2665282872037	2304.2811450337463	8.062338803592683	923.3141361053674	620.6255139373895	62.792571777921445	617.1127862841794	NaN
1.01	1	0.101	509.3954233136041	2304.1531646641056	8.063053384148594	923.2829745709631	620.6458529086045	62.780250836853774	617.1291166972319	NaN
1.01	1	0.101	509.5248043439872	2304.024749776504	8.06376019127385	923.2513099863381	620.6654703606241	62.76806609906681	617.1477784279188	NaN
1.01	1	0.101	509.654743731427	2303.8958597303554	8.064459520643902	923.2191279306676	620.6843780714889	62.75657851396732	617.1687034738696	NaN
1.01	1	0.101	509.7853582663793	2303.766410227348	8.065151879156211	923.1864022034908	620.7025922400791	62.746301995716436	617.1917294740178	NaN
1.01	1	0.101	509.9167976712786	2303.636285120747	8.065837907185244	923.153097167129	620.7201306940494	62.73769157141721	617.2166083148344	NaN
1.01	1	0.101	510.0492304553021	2303.5053508893693	8.066518292808372	923.1191709917507	620.7370102052585	62.731133965674026	617.2430141307392	NaN
1.01	1	0.101	510.18282678196516	2303.373474033349	8.067193677772615	923.0845799316754	620.7532439653046	62.72693907533508	617.2705505009984	NaN
1.01	1	0.101	510.3177374632154	2303.2405421567646	8.06786455263354	923.0492839086918	620.7688392315891	62.725331000606076	617.2987573805973	NaN
1.01	1	0.101	510.4540695889982	2303.1064880942545	8.068531145976388	923.0132533240412	620.7837953483818	62.72643778863991	617.3271193780693	NaN
1.01	1	0.101	510.59186213101765	2302.97131364507	8.069193325905129	922.9764762468774	620.7981026112543	62.73028016517713	617.3550781377933	NaN
1.01	1	0.101	510.7310693180254	2302.8351051641826	8.069850550667379	922.9389638455942	620.811742709873	62.73676143775101	617.3820522584743	NaN
1.01	1	0.101	510.87156206978267	2302.6980310137806	8.070501911333642	922.9007510870752	620.824691338003	62.74566293368033	617.4074669078116	NaN
1.01	1	0.101	511.01315371640953	2302.5603151396767	8.07114628382757	922.8618906518185	620.8369227406863	62.75665003604305	617.4307912042916	NaN
1.01	1	0.101	511.15564413398175	2302.4221930441245	8.071782549500202	922.8224412825427	620.8484147532871	62.76929125701343	617.4515761479045	NaN
1.01	1	0.101	511.2988661503159	2302.2838663315965	8.0724098027764	922.7824548192968	620.8591524478321	62.7830877607036	617.4694839893009	NaN
1.01	1	0.101	511.442718962346	2302.14547076757	8.07302747943989	922.7419662566493	620.8691293290163	62.797507052060034	617.4843034738605	NaN
1.01	1	0.101	511.5871833614482	2302.0070626783527	8.073635391733923	922.7009885734483	620.8783463307177	62.81201465590801	617.4959512512809	NaN
1.01	1	0.101	511.73232172880057	2301.868620475233	8.07423369342873	922.659511807895	620.8868095265354	62.82610021030834	617.504463440833	NaN
1.01	1	0.101	511.87826823578723	2301.7300557350795	8.074822805774632	922.6175050500289	620.894527425994	62.83929715447207	617.509982001099	NaN
1.01	1	0.101	512.0252126396271	2301.5912303129526	8.075403323423215	922.5749204999374	620.9015083701612	62.8511968963125	617.5127394730881	NaN
1.01	1	0.101	512.1733787324521	2301.451978227664	8.075975908101961	922.5316993503835	620.9077582851031	62.86145918353968	617.5130442657085	NaN
1.01	1	0.101	512.322996056887	2301.3121333457843	8.076541168008191	922.4877799448918	620.9132789159816	62.869820610791606	617.5112673480379	NaN
1.01	1	0.101	512.4742634776266	2301.1715638108203	8.077099521910112	922.4431086796207	620.9180667220571	62.87610311414546	617.5078300552749	NaN
1.01	1	0.101	512.6273055505562	2301.030211876233	8.077651056537869	922.3976534237253	620.9221127298572	62.88022368052875	617.5031914820388	NaN
1.01	1	0.101	512.7821313834423	2300.888129768439	8.078195415826338	922.3514165829895	620.9254037659981	62.882205007384684	617.4978326736385	NaN
1.01	1	0.101	512.938615740751	2300.7454934981065	8.078731787838215	922.3044417666506	620.9279252209454	62.88218399221214	617.4922343964932	NaN
1.01	1	0.101	513.0965244129541	2300.6025755590445	8.07925904834666	922.2568071003182	620.9296646975342	62.88041204242191	617.4868473214343	NaN
1.01	1	0.101	513.2555839393797	2300.459678465524	8.079776033509704	922.2086046929234	620.9306149442674	62.87724156539167	617.482058480637	NaN
1.01	1	0.101	513.4155644695934	2300.317059194683	8.08028181615636	922.1599154183195	620.9307745820279	62.87309863802696	617.4781621044261	NaN
1.01	1	0.101	513.5763390976077	2300.174877852058	8.080775866272708	922.1107902541129	620.9301464912687	62.86844841101598	617.4753416808228	NaN
1.01	1	0.101	513.7379066357701	2300.0331810889675	8.081258072299207	922.0612425207548	620.9287349280639	62.863761352286716	617.4736646099575	NaN
1.01	1	0.101	513.9003861492525	2299.8919113514585	8.081728670027857	922.0112488283493	620.9265425515481	62.85948526097295	617.4730864345717	NaN
1.01	1	0.101	514.0639953123971	2299.7509301473133	8.08218813000854	921.9607552265503	620.9235680730033	62.856024129386185	617.4734605107118	NaN
1.01	1	0.101	514.2290188445136	2299.610049080909	8.082637030008591	921.9096866990592	620.919804871744	62.85372253809782	617.4745499394844	NaN
1.01	1	0.101	514.3957669900777	2299.469068029311	8.0830759182669	921.8579600214748	620.9152408499342	62.85285325132924	617.4760402099774	NaN
1.01	1	0.101	514.5645206036816	2299.3278225955855	8.083505164933674	921.8055010363789	620.9098599069623	62.853605520729396	617.4775527891445	NaN
1.01	1	0.101	514.7354625902499	2299.1862400101504	8.083924809543513	921.7522663932917	620.903645412362	62.856072278191355	617.478661755293	NaN
1.01	1	0.101	514.9086095731292	2299.0443909963083	8.084334445721746	921.6982653548124	620.8965854522787	62.86023661055884	617.4789169954453	NaN
1.01	1	0.101	515.083781077391	2298.9025071861092	8.084733226800356	921.6435698738537	620.8886780135613	62.86596222280849	617.4778766406121	NaN
1.01	1	0.101	515.2606478111827	2298.760933169976	8.085120058031555	921.5882997307863	620.8799327442415	62.872996586136125	617.4751461356446	NaN
1.01	1	0.101	515.4388537710192	2298.6200226973297	8.085493914363113	921.5325842414442	620.8703671746808	62.880992909719325	617.470414146322	NaN
1.01	1	0.101	515.6181442417957	2298.480037242273	8.085854103641415	921.476521879504	620.8599993711846	62.889546843906125	617.4634746618906	NaN
1.01	1	0.101	515.7984378880699	2298.3410952269437	8.086200356204671	921.4201574119514	620.8488410044712	62.89823642912247	617.4542322711796	NaN
1.01	1	0.101	515.979837670369	2298.203172278164	8.086532767349627	921.3634783990251	620.8368929803156	62.9066561347346	617.4426950377947	NaN
1.01	1	0.101	516.1626038316125	2298.06613091006	8.086851670667752	921.3064238302615	620.8241437602398	62.91444200953555	617.4289613971432	NaN
1.01	1	0.101	516.3471059150058	2297.929764368057	8.087157492749649	921.2488995228698	620.8105701065491	62.921289112235996	617.4132062244145	NaN
1.01	1	0.101	516.533755797359	2297.7938515170003	8.087450604463793	921.1907995283455	620.7961405736827	62.926964011547035	617.3956694176824	NaN
1.01	1	0.101	516.7229146921406	2297.658226123547	8.087731169652876	921.1320355413167	620.7808227219055	62.931315428220756	617.3766485044409	NaN
1.01	1	0.101	516.9147753988716	2297.522857224675	8.087999008692949	921.0725736169262	620.7645944946095	62.93428543875812	617.3564935157005	NaN
1.01	1	0.101	517.109257051292	2297.3879123874576	8.088253539460188	921.0124663085757	620.7474568973865	62.93592102252957	617.3355963993487	NaN
1.01	1	0.101	517.3059997754718	2297.2537451792437	8.08849389116401	920.9518531194902	620.7294393517759	62.93638028198981	617.3143618712504	NaN
1.01	1	0.101	517.5045189560906	2297.1207753625263	8.088719194411183	920.8909115064142	620.7105894107738	62.93592330670327	617.2931548913828	NaN
1.01	1	0.101	517.7044330862462	2296.9893319020257	8.088928863217959	920.8297861054867	620.6909517297861	62.93488332612749	617.2722436513533	NaN
1.01	1	0.101	517.9056119463379	2296.8595638550455	8.089122684986451	920.7685438485041	620.6705507343278	62.93362676307007	617.2517646483876	NaN
1.01	1	0.101	518.1082034856261	2296.7314388251784	8.089300734550008	920.7071672723928	620.6493835833177	62.93251508184082	617.2317161619562	NaN
1.01	1	0.101	518.312587429247	2296.6047889996407	8.089463222374013	920.6455705628568	620.6274210193649	62.931874983792774	617.2119702444342	NaN
1.01	1	0.101	518.5192922169458	2296.479376228652	8.089610344214877	920.5836265666694	620.6046135159843	62.93197676617813	617.1922938551323	NaN
1.01	1	0.101	518.7288765735989	2296.3549719347084	8.089742152873912	920.5212038046762	620.5809031608543	62.933017464780626	617.1723759819029	NaN
1.01	1	0.101	518.9417610518683	2296.23145668704	8.089858463636629	920.4582171087486	620.5562434792196	62.9351048282917	617.1518628567964	NaN
1.01	1	0.101	519.1580278615091	2296.1089238397876	8.089958829113055	920.3946854375339	620.5306256954781	62.938240498260186	617.1304038618302	NaN
1.01	1	0.101	519.3773121000712	2295.9877160423807	8.090042642964406	920.3307601007369	620.5040966356377	62.942308160808686	617.1077008429529	NaN
1.01	1	0.101	519.598964003729	2295.8683073109323	8.090109365018021	920.2666726454019	620.4767439431295	62.947081101448994	617.0835388162457	NaN
1.01	1	0.101	519.8224273739592	2295.7510860529255	8.090158702057394	920.2026226722461	620.448650945234	62.952256844540756	617.0577858638156	NaN
1.01	1	0.101	520.0475168599909	2295.6362212403205	8.090190593722255	920.1386998508688	620.4198591653266	62.957504905746035	617.0303799510145	NaN
1.01	1	0.101	520.2744622260906	2295.523666797292	8.0902050641594	920.0748760303117	620.3903581207554	62.96250868682206	617.0013193169374	NaN
1.01	1	0.101	520.5038180108138	2295.413234258696	8.09020206653922	920.0110360915646	620.3600931460667	62.96699510489121	616.9706572867595	NaN
1.01	1	0.101	520.7363069334846	2295.3046886327184	8.09018138350521	919.9470260632588	620.3289838253955	62.97075418794168	616.9385030255003	NaN
1.01	1	0.101	520.9725896254209	2295.1978638537303	8.09014261675878	919.882718821451	620.2969545971403	62.97365335685717	616.9050334836888	NaN
1.01	1	0.101	521.2129493268843	2295.0927945373483	8.090085303816299	919.8180982463837	620.263979552692	62.975650699560816	616.8705167576591	NaN
1.01	1	0.101	521.457035203222	2294.9897944677487	8.090009152164454	919.7533211303194	620.2301217536753	62.97680744089033	616.8353203333457	NaN
1.01	1	0.101	521.7040139749881	2294.8893474487763	8.089914208188421	919.6886664339393	620.195516504824	62.97728971088565	616.7998493322143	NaN
1.01	1	0.101	521.9531670414161	2294.7918402467867	8.089800731685807	919.6243725786876	620.1602890837564	62.97734524726552	616.7644184004203	NaN
1.01	1	0.101	522.2043468038152	2294.6974025981176	8.089668890117736	919.5605234463709	620.1244877618132	62.97725904128513	616.7291602463584	NaN
1.01	1	0.101	522.4580137514405	2294.6059377578545	8.089518532863082	919.4970497482135	620.0880747935464	62.97730841855621	616.6940168160153	NaN
1.01	1	0.101	522.7150638020978	2294.5172275542777	8.08934910932395	919.4337835441315	620.050948711435	62.97772902547753	616.6587750598304	NaN
1.01	1	0.101	522.9765462745362	2294.4310570560715	8.089159749620253	919.3705357132313	620.0129844294379	62.97869033703931	616.6231243947414	NaN
1.01	1	0.101	523.2432225994911	2294.3473621854546	8.088949590747866	919.307204343251	619.9740984157135	62.98027468155715	616.5867402451064	NaN
1.01	1	0.101	523.5150108457484	2294.2663688210177	8.088718370329714	919.2438976360215	619.9343320717413	62.982456976373435	616.5493922579491	NaN
1.01	1	0.101	523.7908636617609	2294.188559101662	8.088466809407086	919.1809423128691	619.8938719210626	62.985097267737096	616.5110078384402	NaN
1.01	1	0.101	524.0696388112036	2294.114368795275	8.088196025790264	919.1186672795202	619.8529222859249	62.987968871269835	616.4716023610314	NaN
1.01	1	0.101	524.351039091996	2294.04395155208	8.087906549492638	919.0571968133152	619.8115656443488	62.99081353984176	616.4311766997567	NaN
1.01	1	0.101	524.6356919402203	2293.9772279521517	8.087597982000226	918.9964539589275	619.7697498429769	62.99339016007005	616.3897060433363	NaN
1.01	1	0.101	524.9247979629505	2293.914032380846	8.087269157402389	918.9362564754927	619.727340412036	62.99550696400072	616.3471751075269	NaN
1.01	1	0.101	525.2195656553381	2293.85426796915	8.086918696628258	918.8764459866551	619.684205219931	62.997042656885554	616.3036400647758	NaN
1.01	1	0.101	525.5203865529627	2293.7980544734723	8.086546070720336	918.8170502108969	619.6403362426134	62.99796379163997	616.2593230541348	NaN
1.01	1	0.101	525.82625084357	2293.7457581600625	8.086152582285727	918.7583717129486	619.5959329576792	62.99833901016988	616.2146553790801	NaN
1.01	1	0.101	526.1356414735618	2293.697748377745	8.085740477169379	918.7007837405779	619.5512679966079	62.9983325139307	616.1700891194376	NaN
1.01	1	0.101	526.4481514800649	2293.6541452071656	8.08531077107922	918.644427086768	619.5064518215314	62.99816141211368	616.1258215138922	NaN
1.01	1	0.101	526.7647673646433	2293.614873994038	8.0848625871656	918.5891928557298	619.4613967582544	62.99804095135973	616.0817519726113	NaN
1.01	1	0.101	527.0873568102284	2293.5798238724174	8.084393642864745	918.5348486215789	619.4158974505394	62.99814297197531	616.0375759902593	NaN
1.01	1	0.101	527.4178000472156	2293.5489877552177	8.083901430098315	918.4812046740321	619.3697594449058	62.99856719259864	615.9929334231302	NaN
1.01	1	0.101	527.7565264632796	2293.5225642834466	8.083385510525131	918.428340205228	619.3230029505266	62.99931743099495	615.9476367361043	NaN
1.01	1	0.101	528.1015632281013	2293.5008977641137	8.082849272606648	918.3766977622411	619.2759812727616	63.000289271486906	615.9018343595767	NaN
1.01	1	0.101	528.4508859421087	2293.4842015605986	8.0822965187663	918.3266755914983	619.2290438408505	63.00129993642122	615.8557422835605	NaN
1.01	1	0.101	528.8048064341399	2293.4724961949596	8.081727549360478	918.2783054700293	619.1822190160923	63.00215038585799	615.8093642915823	NaN
1.01	1	0.101	529.1652657189877	2293.4657897492016	8.08114001806923	918.2314181224745	619.1353287409828	63.00267424644551	615.7625962038363	NaN
1.01	1	0.101	529.5342998202892	2293.464187342846	8.08053133755235	918.1858818011095	619.0882028114833	63.002770269295404	615.7154134026453	NaN
1.01	1	0.101	529.9118362107793	2293.467855857582	8.079902415717221	918.1418560880874	619.0409558833669	63.002428821457144	615.6681120254959	NaN
1.01	1	0.101	530.2952009921809	2293.476858777795	8.079258672888866	918.0997726335504	618.99402063649	63.00174483801931	615.6212884819054	NaN
1.01	1	0.101	530.6831653451998	2293.491158655797	8.078603297957429	918.0598422126444	618.9476311541088	63.000881117266275	615.5752665198971	NaN
1.01	1	0.101	531.0778173234369	2293.510824401956	8.077933942361565	918.021930060586	618.9016256203214	63.000001527715625	615.5298803658843	NaN
1.01	1	0.101	531.4830200718683	2293.536135596869	8.077245266884518	917.9858016834867	618.8556699780056	62.99922289632066	615.484710271354	NaN
1.01	1	0.101	531.9018550918286	2293.5674753931517	8.0765333646406	917.9513862185842	618.8095681006953	62.99858675300072	615.439415837673	NaN
1.01	1	0.101	532.3321426821138	2293.604854595097	8.0758034589857	917.9190708682438	618.7637231083179	62.99804588075941	615.3942346965682	NaN
1.01	1	0.101	532.7690968948008	2293.6478731700254	8.075065308750702	917.889342506735	618.7187745398644	62.99747511172587	615.3496939224459	NaN
1.01	1	0.101	533.2138192655023	2293.6965631180838	8.07431875993154	917.86220637944	618.674718806333	62.996721131545996	615.3057833687884	NaN
1.01	1	0.101	533.6700212839324	2293.751304886395	8.073559466686984	917.8375578465433	618.6313252812181	62.99566540456596	615.2623550340332	NaN
1.01	1	0.101	534.1386364141872	2293.8122214386917	8.072787999307321	917.815506662248	618.5886705457482	62.99427544634771	615.2196197498395	NaN
1.01	1	0.101	534.6150876757245	2293.8786365164005	8.072014051264969	917.7963788298152	618.5473142485071	62.992632827204766	615.1782655277021	NaN
1.01	1	0.101	535.0987726855919	2293.950279634848	8.071240675725335	917.7802436614392	618.5074168060171	62.99086903108308	615.1385113732825	NaN
1.01	1	0.101	535.5959939065024	2294.0279388510144	8.070460169200297	917.766981151467	618.4686005305481	62.989084125960154	615.0999505244561	NaN
1.01	1	0.101	536.1143558863789	2294.112773376656	8.069663752498345	917.7566020322367	618.4305057027956	62.98731536078094	615.0621257215944	NaN
1.01	1	0.101	536.652232557051	2294.2044851679443	8.068857647076335	917.749391789502	618.3935281543497	62.98554408917024	615.0253067033274	NaN
1.01	1	0.101	537.1993364031906	2294.301099170418	8.068060532385743	917.7456009714929	618.3585649828497	62.983705426175824	614.9903142916861	NaN
1.01	1	0.101	537.7600714087574	2294.4030641745776	8.067268995666451	917.7452320821692	618.325475681384	62.98168057659997	614.9570289896263	NaN
1.01	1	0.101	538.3378234420524	2294.5106766362555	8.066481868984319	917.748365846551	618.2942506238585	62.97941439065469	614.9255313024148	NaN
1.01	1	0.101	538.9259320406451	2294.622301482923	8.065711662200625	917.7549939518739	618.265406194669	62.97698090983148	614.8964408036546	NaN
1.01	1	0.101	539.5252565756828	2294.7376315262363	8.064960236108954	917.7650785147526	618.2390018058805	62.9744803291692	614.8698562452674	NaN
1.01	1	0.101	540.148895345467	2294.8587170881474	8.06421534934919	917.7788797131301	618.2146535804798	62.971946668936546	614.8453493924133	NaN
1.01	1	0.101	540.8026940542024	2294.9861798778497	8.063476030568985	917.7966760378824	618.1924551023743	62.96937927289539	614.8229240703218	NaN
1.01	1	0.101	541.46955310029	2295.116063439118	8.062766663215632	917.8180193354387	618.1732054449702	62.966793959435876	614.8033216012066	NaN
1.01	1	0.101	542.1524544616248	2295.2482605549226	8.062087667556616	917.8428796253799	618.1569080268126	62.96411469135446	614.7865600572118	NaN
1.01	1	0.101	542.8536238664794	2295.3824616798197	8.061440820111734	917.8712121372062	618.1436155947346	62.96132642571593	614.7727623274008	NaN
1.01	1	0.101	543.564816448716	2295.5163360189968	8.060836873170228	917.9024895923229	618.1335224425364	62.95852456180787	614.7621868912919	NaN
1.01	1	0.101	544.2966216395172	2295.651084652142	8.060269998979534	917.9369628306615	618.1265071095338	62.95574543654479	614.7547006767112	NaN
1.01	1	0.101	545.0530320000748	2295.786524452024	8.05974164085263	917.9746342773577	618.1226312546113	62.95300917188417	614.7503121025958	NaN
1.01	1	0.101	545.8211388010029	2295.9194624499182	8.05926402517853	918.0145993896131	618.1219692703287	62.950341091736725	614.7490683386212	NaN
1.01	1	0.101	546.6067561100717	2296.0500781080336	8.058835553355573	918.0568429256689	618.1244478025703	62.94769332873927	614.7509101836388	NaN
1.01	1	0.101	547.4089360354511	2296.1773490705923	8.058458900337316	918.1009851691629	618.1299961079267	62.94508599720529	614.755814984549	NaN
1.01	1	0.101	548.2232133669969	2296.2997852580506	8.058137259218407	918.1464210237484	618.1384566233914	62.94258472485658	614.7636522523766	NaN
1.01	1	0.101	549.0533454548678	2296.4172142005173	8.057869696594349	918.1929858276023	618.1497117817844	62.940216304380044	614.7742847962284	NaN
1.01	1	0.101	549.8953447434982	2296.5283857417803	8.05765755675116	918.2400745834423	618.1635270301891	62.93799268743736	614.7874581672163	NaN
1.01	1	0.101	550.7548049434761	2296.633382766781	8.057499163720747	918.2876121106915	618.1797968371137	62.9358862334543	614.8030681676272	NaN
1.01	1	0.101	551.634830239858	2296.7318576248335	8.057394027986698	918.335367469164	618.198390117775	62.93389962084273	614.8210085680785	NaN
1.01	1	0.101	552.5292631651199	2296.8225064622743	8.05734211268349	918.3826044568067	618.2189515331547	62.932076878438764	614.8409446652812	NaN
1.01	1	0.101	553.4370274703913	2296.904797044493	8.0573415208548	918.428885306077	618.2411917500118	62.93043976052487	614.862580803816	NaN
1.01	1	0.101	554.3607387721532	2296.978604597462	8.057389952029178	918.4739720594141	618.2649006780471	62.92898165540246	614.8856968092084	NaN
1.01	1	0.101	555.3097673203034	2297.0442140543437	8.057486011425775	918.5179234740273	618.2900486559777	62.92768488544951	614.9102659481	NaN
1.01	1	0.101	556.2851319439196	2297.1011644435907	8.057628027871598	918.5603581384418	618.3163826889214	62.92656095091907	614.9360513037649	NaN
1.01	1	0.101	557.2789986677215	2297.1486875290893	8.057811980582562	918.6005499236709	618.3433859473492	62.92563448234053	614.9625455006943	NaN
1.01	1	0.101	558.2931980428823	2297.186772833892	8.05803441524983	918.6382405621965	618.3707902306135	62.92490545767743	614.9894750829989	NaN
1.01	1	0.101	559.3392829028119	2297.2156778546127	8.058294191666588	918.6734916283588	618.3985776184429	62.924361496774175	615.0168196581783	NaN
1.01	1	0.101	560.4243506961857	2297.2352955343836	8.058589469308975	918.7061082385133	618.426577576002	62.92400352953774	615.0444170298113	NaN
1.01	1	0.101	561.5365562865661	2297.245343774494	8.05891248820105	918.7353644274551	618.4541172774168	62.92384152490824	615.0716045704149	NaN
1.01	1	0.101	562.674870662293	2297.2460859163084	8.059257467838895	918.760985858809	618.4808236505761	62.92386995331602	615.0980078221731	NaN
1.01	1	0.101	563.8518677098474	2297.2378256528386	8.059622475868196	918.7830020241023	618.5066301785344	62.924078750345004	615.1235592660555	NaN
1.01	1	0.101	565.0629720741128	2297.220977807207	8.059999974184468	918.8010954253035	618.5310697340666	62.924459167910676	615.1477983665625	NaN
1.01	1	0.101	566.2885581069469	2297.1965998381943	8.060377473824033	918.8149487165069	618.5534689273021	62.92499109648756	615.170054059422	NaN
1.01	1	0.101	567.5306245609232	2297.1656869919852	8.060749517746306	918.8247233303747	618.5736778548771	62.92565289996245	615.190171839223	NaN
1.01	1	0.101	568.7866495297139	2297.129379619077	8.061109764009586	918.8305978326323	618.5915180197952	62.92641992483402	615.2079712752135	NaN
1.01	1	0.101	570.0470145061231	2297.0891059292153	8.061450723736753	918.8328291836331	618.6068009031144	62.92726396804925	615.2232603988606	NaN
1.01	1	0.101	571.3100893623543	2297.046072497291	8.061768259670613	918.8317945020268	618.6195355391889	62.92816066472348	615.2360418263332	NaN
1.01	1	0.101	572.5767639094124	2297.0013265689486	8.062059727072869	918.8278903036165	618.6298025380111	62.929088015481526	615.2463906349305	NaN
1.01	1	0.101	573.8459862661059	2296.9558915813095	8.06232279657768	918.8215228001484	618.6377003528082	62.93002557656914	615.2544002456724	NaN
1.01	1	0.101	575.1181900099349	2296.910640028584	8.062556219941051	918.8130922325173	618.6433696412489	62.93095616429813	615.2602056112061	NaN
1.01	1	0.101	576.3953058580288	2296.866290183279	8.062759601152056	918.802974282685	618.6469747708287	62.931865092408536	615.2639658504017	NaN
1.01	1	0.101	577.6791788795663	2296.8234696762893	8.062932959569443	918.7915239479636	618.6486874708663	62.932739778694646	615.2658482603429	NaN
1.01	1	0.101	578.972007944703	2296.782708716629	8.063076730541672	918.7790717561119	618.6486850301432	62.93356992554906	615.2660258027229	NaN
1.01	1	0.101	580.2765736909741	2296.744443834375	8.063191699293268	918.7659210335962	618.6471462219027	62.934346854104355	615.2646731479625	NaN
1.01	1	0.101	581.5959322486846	2296.709039154096	8.063278890024854	918.7523517772468	618.6442485422729	62.93506332835383	615.2619642704115	NaN
1.01	1	0.101	582.9336031957955	2296.6767914649513	8.063339529562235	918.7386208490877	618.6401667866237	62.935713672798855	615.258070746731	NaN
1.01	1	0.101	584.2935635954465	2296.647940849095	8.063375001733155	918.7249646258259	618.6350724219556	62.93629327247891	615.2531609758033	NaN
1.01	1	0.101	585.6802148397227	2296.622679906431	8.063386821076323	918.711602271524	618.6291340655079	62.936798408765654	615.2474008447325	NaN
1.01	1	0.101	587.0987756966927	2296.6011541549	8.063376621343766	918.6987351225172	618.6225167093354	62.937226412897125	615.240952888022	NaN
1.01	1	0.101	588.5552859350029	2296.5834707813783	8.063346140111763	918.6865504916937	618.6153829101721	62.937575368142134	615.233977326065	NaN
1.01	1	0.101	590.0564678112603	2296.569704802222	8.063297234222674	918.6752262666465	618.6078956462085	62.9378439725355	615.226634978711	NaN
1.01	1	0.101	591.6101389206307	2296.5598955266178	8.063231900330807	918.6649304202691	618.6002189384051	62.938031700881325	615.2190878679912	NaN
1.01	1	0.101	593.2244497888134	2296.554047250051	8.063152356273717	918.6558273466183	618.5925242907888	62.93813873613299	615.2115055330821	NaN
1.01	1	0.101	594.9058616367571	2296.5521126120816	8.063061232403381	918.6480824660666	618.5850008790381	62.938166328390835	615.2040752400346	NaN
1.01	1	0.101	596.6556478475494	2296.5539443882103	8.062961851730902	918.6418555423132	618.5778640072429	62.9381178249187	615.1970105245833	NaN
1.01	1	0.101	598.464009995369	2296.5592111592036	8.062858534935682	918.6372754758776	618.5713556874503	62.93800034912871	615.1905521343913	NaN
1.01	1	0.101	600.3124356502349	2296.5673424060515	8.062756160372889	918.6343772582861	618.5656959740633	62.937825867035144	615.1849201734766	NaN
1.01	1	0.101	602.1846005809668	2296.5776124881168	8.062659057708363	918.6330684651979	618.5610207520949	62.93760937142884	615.1802521968727	NaN
1.01	1	0.101	604.0714402928825	2296.5892778845837	8.062570425208861	918.6331639845721	618.5573741755794	62.93736607201024	615.17659514494	NaN
1.01	1	0.101	605.9698764940123	2296.6016595330943	8.06249236868074	918.6344352259098	618.5547339701543	62.93710976562955	615.1739299892367	NaN
1.01	1	0.101	607.880668008379	2296.6141730238023	8.062426114148627	918.6366426527151	618.5530359469586	62.93685225202302	615.1721958408875	NaN
1.01	1	0.101	609.8073498722415	2296.6263355141527	8.062372201180851	918.6395537919361	618.5521907210291	62.936603225473306	615.1713064508037	NaN
1.01	1	0.101	611.7555004811857	2296.6377594353116	8.06233065403054	918.6429521857879	618.5520951469651	62.93637041675109	615.1711615426758	NaN
1.01	1	0.101	613.7325513567625	2296.6481425654374	8.062301111761291	918.6466413029341	618.5526396206468	62.93615980910472	615.1716540786966	NaN
1.01	1	0.101	615.7478009525842	2296.6572564501744	8.062282929373167	918.6504454018539	618.5537127066269	62.93597588030243	615.1726748839709	NaN
1.01	1	0.101	617.8127090667743	2296.6649355656623	8.062275251418141	918.6542088038746	618.5552038545575	62.93582182785606	615.1741153817618	NaN
1.01	1	0.101	619.9415241502916	2296.6710679284947	8.062277063863352	918.6577943929411	618.5570048376486	62.93569976265704	615.1758690561293	NaN
1.01	1	0.101	622.1518834964568	2296.675586439555	8.062287225942555	918.6610810675331	618.5590098534303	62.93561088514426	615.1778315904248	NaN
1.01	1	0.101	624.4654886144305	2296.6784633129664	8.062304475105528	918.6639609653008	618.5611143945348	62.93555559727459	615.1798997749108	NaN
1.01	1	0.101	626.9064439967053	2296.679709240385	8.062327378317987	918.6663354359188	618.5632112820144	62.93553351309092	615.1819675886238	NaN
1.01	1	0.101	629.4897465812076	2296.679392243467	8.062354143845464	918.668111910478	618.565181317486	62.93554306025886	615.1839168732324	NaN
1.01	1	0.101	632.1917253720397	2296.677707657128	8.06238229389653	918.6692194008314	618.5668871036279	62.935580045009694	615.1856109143239	NaN
1.01	1	0.101	634.9557000678163	2296.6750314765764	8.062409039997556	918.6696659596838	618.5682163360188	62.93563663363502	615.186937010986	NaN
1.01	1	0.101	637.7561920651285	2296.6717948033233	8.062432418559988	918.669550923519	618.5691350073498	62.93570399300253	615.1878596359375	NaN
1.01	1	0.101	640.5916118578398	2296.66837978517	8.062451321853866	918.6690085769932	618.5696615875968	62.935774369291344	615.1883953651645	NaN
1.01	1	0.101	643.4720121136099	2296.665092316346	8.062465274444243	918.6681764497848	618.5698424526557	62.93584160545312	615.1885887033086	NaN
1.01	1	0.101	646.415240987489	2296.6621610194416	8.062474259123583	918.6671820283414	618.5697382368855	62.93590114051639	615.1884985941535	NaN
1.01	1	0.101	649.4469862132102	2296.659744548857	8.062478585228638	918.6661372496458	618.5694156965963	62.935949848083176	615.1881903433581	NaN
1.01	1	0.101	652.6025308172133	2296.6579418971196	8.062478789248628	918.6651370448354	618.5689428679796	62.93598581883409	615.1877307853524	NaN
1.01	1	0.101	655.9309378166566	2296.6568021187363	8.062475567686679	918.6642599108902	618.5683865449312	62.93600815853739	615.1871857466026	NaN
1.01	1	0.101	659.4980929094074	2296.6563320393934	8.062469748827827	918.6635701897812	618.5678121996323	62.93601683091618	615.1866199330656	NaN
1.01	1	0.101	663.3584300769194	2296.656491263226	8.062462374105849	918.6631212001874	618.5672888796992	62.93601276701481	615.1861017943039	NaN
1.01	1	0.101	667.4153398077067	2296.657135563127	8.062454945401766	918.6629414225837	618.5668928633879	62.93599902384502	615.1857073873932	NaN
1.01	1	0.101	671.5367810224467	2296.658017112482	8.062448803725063	918.6629892488339	618.5666599979813	62.93598070487557	615.1854732501544	NaN
1.01	1	0.101	675.7589264048343	2296.6589266960805	8.062444498389445	918.6631869882331	618.5665757825298	62.935962048214535	615.1853859678682	NaN
1.01	1	0.101	680.1199464490371	2296.659709532917	8.06244217247049	918.6634579313555	618.5666092632894	62.93594615755028	615.1854156178027	NaN
1.01	1	0.101	684.7036271174629	2296.6602729473357	8.062441645793381	918.6637367310808	618.5667214867944	62.9359348591857	615.1855240933991	NaN
1.01	1	0.101	689.6312207608107	2296.6605735388207	8.06244254494528	918.6639716737249	618.5668720094483	62.93592897355119	615.1856715972892	NaN
1.01	1	0.101	695.0917564477187	2296.660611012374	8.062444358223576	918.6641252182418	618.5670214463076	62.93592844485378	615.1858191886441	NaN
1.01	1	0.101	701.0701406426965	2296.6604407253194	8.062446357605724	918.664175362236	618.5671288774913	62.93593208148156	615.1859261633791	NaN
1.01	1	0.101	707.119800389088	2296.6601981488534	8.06244778110514	918.6641427360977	618.5671724842153	62.93593709020139	615.1859703502338	NaN
1.01	1	0.101	713.4868990528457	2296.6599846076833	8.062448454245205	918.664071653715	618.5671663223854	62.93594142949719	615.1859651999688	NaN
1.01	1	0.101	720.3352635524674	2296.659859642073	8.062448444198342	918.664000549566	618.5671316864124	62.93594392018965	615.1859315048459	NaN
1.01	1	0.101	728.11011641042	2296.6598375581057	8.062447999394065	918.6639556250412	618.5670915355097	62.93594430694813	615.1858919028161	NaN
1.01	1	0.101	736.973930183409	2296.659891446846	8.06244749596847	918.6639492003552	618.567067469507	62.93594317169094	615.1858678695988	NaN
1.01	1	0.101	745.916011342951	2296.65995051405	8.06244726832365	918.6639658348737	618.567065990139	62.93594196641108	615.1858661462195	NaN
1.01	1	0.101	756.0111295981364	2296.6599787564537	8.062447294058847	918.6639836183723	618.5670756202838	62.935941406339325	615.1858755434666	NaN
1.01	1	0.101	768.2241380668552	2296.659971064949	8.062447430210018	918.6639892316804	618.5670839940475	62.93594157612347	615.1858838570225	NaN
1.01	1	0.101	781.2326427137913	2296.659955989832	8.0624474871157	918.6639848990288	618.567084279915	62.9359418835909	615.1858842061978	NaN
1.01	1	0.101	796.4630288765845	2296.6599533271565	8.062447462837717	918.6639816263579	618.567081693515	62.93594193376058	615.1858816606267	NaN
1.01	1	0.101	815.8675075009596	2296.6599574233906	8.062447443695472	918.6639825348625	618.5670813331892	62.93594184977147	615.1858812862768	NaN
1.01	1	0.101	837.8899126709623	2296.6599572594673	8.062447451180818	918.6639829892864	618.567081863734	62.935941853942374	615.1858818115796	NaN
1.01	1	0.101	866.8315561642147	2296.6599568763104	8.062447450691867	918.6639827378114	618.5670817223454	62.93594186152386	615.1858816734716	NaN
1.01	1	0.101	908.4060700946033	2296.659956980721	8.062447450751877	918.6639828009897	618.5670817552489	62.93594185944906	615.1858817055444	NaN
1.01	1	0.101	968.8677137577084	2296.659956984943	8.062447450616201	918.6639827934575	618.5670817459713	62.93594185934848	615.1858816963526	NaN
1.01	1	0.101	1064.6478203340414	2296.6599569789055	8.062447450629364	918.663982791019	618.5670817453465	62.93594185947048	615.1858816957614	NaN
1.01	1	0.101	1233.318877214772	2296.659956977222	8.062447450638855	918.6639827907642	618.5670817456192	62.93594185950523	615.1858816960385	NaN
1.01	1	0.101	1567.4692698666286	2296.6599569766704	8.062447450641791	918.663982790668	618.5670817456953	62.93594185951658	615.1858816961161	NaN
1.01	1	0.101	2347.6623445914843	2296.6599569765503	8.062447450642097	918.6639827906229	618.5670817456862	62.93594185951901	615.1858816961078	NaN
1.01	1	0.101	5177.205907571893	2296.659956976545	8.062447450642072	918.6639827906181	618.5670817456829	62.93594185951911	615.1858816961045	NaN
1.01	1	0.101	5500.0	2296.659956976545	8.06244745064207	918.6639827906179	618.5670817456827	62.935941859519126	615.1858816961043	NaN
1.01	1	0.101	Inf	2296.6599569765453	8.06244745064207	918.6639827906181	618.5670817456828	62.935941851749156	615.1858816856345	NaN
1.01	0	0.1	0.0	2310.762587335457	7.982727072188335	924.3050349341828	616.2033566227885	63.013363750332296	612.8785255771229	NaN
1.01	0	0.1	9.999999999999999e-5	2310.762587335457	7.982727072188335	924.3050349341828	616.2033566227885	63.013363750332296	612.8785255771229	NaN
1.01	0	0.1	0.0010999999999999998	2310.762587335457	7.982727072188335	924.3050349341828	616.2033566227885	63.013363750332296	612.8785255771229	NaN
1.01	0	0.1	0.011099999999999997	2310.762587335457	7.982727072188335	924.3050349341828	616.2033566227885	63.013363750332296	612.8785255771229	NaN
1.01	0	0.1	0.11109999999999996	2310.762587335457	7.982727072188335	924.3050349341828	616.2033566227885	63.013363750332296	612.8785255771229	NaN
1.01	0	0.1	1.1110999999999995	2310.762587335457	7.982727072188335	924.3050349341828	616.2033566227885	63.01336375033216	612.8785255771228	NaN
1.01	0	0.1	7.661620913997453	2310.762587335457	7.982727072188335	924.3050349341828	616.2033566227885	63.013363750332346	612.8785255771228	NaN
1.01	0	0.1	55.88904016518546	2310.762587335457	7.982727072188335	924.3050349341828	616.2033566227885	63.013363750332246	612.878525577123	NaN
1.01	0	0.1	337.8019448302811	2310.7625873354573	7.982727072188334	924.3050349341828	616.2033566227885	63.013363750332296	612.878525577123	NaN
1.01	0	0.1	500.0	2310.762587335457	7.982727072188337	924.3050349341827	616.2033566227885	63.0133637503323	612.878525577123	NaN
1.01	0	0.101	500.0	2310.762587335457	7.982727072188337	924.3050349341827	616.2033566227885	63.0133637503323	612.878525577123	NaN
1.01	0	0.101	500.01150211365365	2310.7625858147026	7.982743880017049	924.3050349339157	616.2139789183024	63.01327365377526	612.878526094621	NaN
1.01	0	0.101	500.02300422730735	2310.7625759159605	7.982788910842288	924.3050349301416	616.2245829027894	63.013004115864064	612.8785297100727	NaN
1.01	0	0.101	500.0390791053317	2310.762535900191	7.982886822700752	924.3050349027847	616.2393719748989	63.01232900764452	612.8785457895393	NaN
1.01	0	0.101	500.0576132289464	2310.7624370404033	7.983035218330825	924.3050347966988	616.2563793794711	63.01112279029856	612.8785901583947	NaN
1.01	0	0.101	500.0805727629929	2310.7622178623114	7.983252864114844	924.3050344528571	616.277382198842	63.00900094637583	612.8787015791561	NaN
1.01	0	0.101	500.1078572893627	2310.7617990136155	7.983540096599057	924.3050335332922	616.3022475433802	63.00559052266431	612.8789458681406	NaN
1.01	0	0.101	500.14097456244224	2310.7610410770903	7.983910486988218	924.305031272208	616.3322920697448	63.000181005884265	612.8794587460367	NaN
1.01	0	0.101	500.18103147871915	2310.759743710043	7.984372763973445	924.3050261171588	616.3684334784461	62.99182826514315	612.8804874970987	NaN
1.01	0	0.101	500.2288503907911	2310.757640605703	7.984931807898383	924.3050151848468	616.4112947680082	62.979358455135134	612.8824533969997	NaN
1.01	0	0.101	500.2825169237732	2310.7545611442715	7.985560951581644	924.3049947368412	616.4590327142035	62.962282899676474	612.8858364746982	NaN
1.01	0	0.101	500.34098768957995	2310.7503461573842	7.986245156769176	924.304959940854	616.5106085941986	62.940201450805766	612.8912216178265	NaN
1.01	0	0.101	500.4036149608381	2310.744847418922	7.9869753510198755	924.3049048760845	616.5653514113856	62.91284302662784	612.8992857157045	NaN
1.01	0	0.101	500.4697839118893	2310.737945372984	7.987743511404473	924.3048227903521	616.6226340385758	62.88017566796077	612.9107477250992	NaN
1.01	0	0.101	500.5389463089688	2310.729547258148	7.988542691839021	924.3047062991288	616.6819034829097	62.84239421757413	612.9263314891303	NaN
1.01	0	0.101	500.6106071790251	2310.719587181252	7.989366722201298	924.3045476300266	616.742668850734	62.799910165560966	612.946723758174	NaN
1.01	0	0.101	500.68434057075103	2310.7080214108864	7.9902103377208284	924.3043388021202	616.804513566015	62.75331361342082	612.9725431833618	NaN
1.01	0	0.101	500.75978480214616	2310.6948246883308	7.991069099586096	924.3040717837661	616.8670892346107	62.703337343069826	613.0043141128941	NaN
1.01	0	0.101	500.83664110621805	2310.6799855826853	7.991939362216016	924.30373858936	616.9301121221454	62.650816084807424	613.0424503117432	NaN
1.01	0	0.101	500.91466849278726	2310.663502317396	7.992818198893215	924.3033313312613	616.993356372836	62.59664902205039	613.0872460476285	NaN
1.01	0	0.101	500.99368086910874	2310.645378319524	7.993703353695684	924.3028422092391	617.0566491372064	62.541764378219625	613.1388758044503	NaN
1.01	0	0.101	501.07353704888703	2310.625619761504	7.994593114721969	924.3022634995888	617.11986016404	62.487094146645276	613.1973950515892	NaN
1.01	0	0.101	501.1541345444153	2310.60423310236	7.99548623228808	924.3015875095214	617.1828948508515	62.43355174019074	613.2627455801675	NaN
1.01	0	0.101	501.23540415893115	2310.5812230757692	7.996381847921201	924.3008065121046	617.2456882433692	62.3820142374026	613.3347630501156	NaN
1.01	0	0.101	501.31730336292947	2310.556591675183	7.997279411907402	924.2999126894349	617.3081984192942	62.33330984677022	613.4131837811966	NaN
1.01	0	0.101	501.39981099860563	2310.53033745941	7.9981786176394865	924.298898073441	617.3704012501075	62.288207875178315	613.4976518762553	NaN
1.01	0	0.101	501.4829220595024	2310.502455439752	7.999079338697029	924.297754500671	617.4322855279994	62.24741102272602	613.5877253220348	NaN
1.01	0	0.101	501.5666430979338	2310.4729373270684	7.999981574580291	924.2964735808766	617.4938488547319	62.21154872821906	613.682881506628	NaN
1.01	0	0.101	501.6509878976578	2310.4417721848117	8.000885400960192	924.295046687628	617.5550939863951	62.18117100532478	613.7825220307898	NaN
1.01	0	0.101	501.73597345591526	2310.408947423215	8.001790924798527	924.2934649746624	617.6160256441465	62.156742150042334	613.8859772687595	NaN
1.01	0	0.101	501.82161618474595	2310.374450119874	8.002698243252285	924.2917194231178	617.6766477035222	62.13863399414509	613.9925111492862	NaN
1.01	0	0.101	501.907928366414	2310.3382686118466	8.003607406632725	924.2898009224505	617.7369607686119	62.12711858200415	614.1013268650693	NaN
1.01	0	0.101	501.9949149029667	2310.300394298738	8.004518385728252	924.287700386569	617.7969601388112	62.12236044257514	614.2115742591712	NaN
1.01	0	0.101	502.08257059646417	2310.260823501944	8.005431045821128	924.2854089000461	617.8566343062076	62.124408928867126	614.3223598248554	NaN
1.01	0	0.101	502.17087816433514	2310.219559211538	8.00634512928049	924.2829178854222	617.9159640835032	62.133191463822335	614.4327600319986	NaN
1.01	0	0.101	502.2598074298379	2310.176612413006	8.00726025092868	924.2802192703105	617.9749226032329	62.148508844132266	614.5418386452162	NaN
1.01	0	0.101	502.34931584842747	2310.1320027759457	8.008175907313259	924.2773056327381	618.0334762171066	62.17003392738751	614.6486678471723	NaN
1.01	0	0.101	502.43935059677386	2310.085758438598	8.009091501606212	924.2741702952528	618.0915863566422	62.197314937270335	614.7523524879817	NaN
1.01	0	0.101	502.5298520690488	2310.037914807363	8.010006381892897	924.2708073460109	618.1492121610177	62.22978418223651	614.8520557948708	NaN
1.01	0	0.101	502.62075839748394	2309.9885124444713	8.010919888416325	924.267211574663	618.2063135500981	62.26677224686754	614.9470243347056	NaN
1.01	0	0.101	502.71201041585186	2309.9375942842016	8.011831403564345	924.2633783250732	618.2628543284945	62.307526866498335	615.0366098828434	NaN
1.01	0	0.101	502.8035563270482	2309.885202584491	8.012740397121657	924.2593032849844	618.3188048537038	62.35123493100368	615.1202861613622	NaN
1.01	0	0.101	502.89535568225665	2309.831375902887	8.013646463079784	924.2549822314882	618.3741440602246	62.39704579993058	615.1976594822964	NaN
1.01	0	0.101	502.98738220675745	2309.776146471875	8.014549343779242	924.2504107643824	618.4288606147464	62.444094039938484	615.268473010909	NaN
1.01	0	0.101	503.07962546986545	2309.7195381067436	8.015448941868591	924.2455840461962	618.4829532754741	62.49152017502658	615.3326054255323	NaN
1.01	0	0.101	503.1720914204837	2309.6615647550293	8.016345320785723	924.2404965681701	618.5364305392097	62.538488514451274	615.3900651290554	NaN
1.01	0	0.101	503.26480203954816	2309.6022296361275	8.01723869664882	924.2351419488581	618.5893097848592	62.5842017387561	615.4409814599645	NaN
1.01	0	0.101	503.3577941286096	2309.5415250376877	8.018129422096688	924.2295127819154	618.6416159729216	62.62791225323525	615.4855941237754	NaN
1.01	0	0.101	503.451117622348	2309.4794325789676	8.019017966095282	924.2236005260362	618.6933801594748	62.66893084434911	615.5242420824682	NaN
1.01	0	0.101	503.5448332166428	2309.415924114937	8.019904887915171	924.2173954620639	618.7446377331748	62.706633112161406	615.5573525433741	NaN
1.01	0	0.101	503.63900956324755	2309.350963152563	8.020790807884708	924.2108867150187	618.7954265414791	62.74046451251191	615.5854306634936	NaN
1.01	0	0.101	503.7337197948782	2309.284506968508	8.021676372865963	924.2040623692899	618.8457847989433	62.76994467709459	615.6090500774793	NaN
1.01	0	0.101	503.82903738655233	2309.2165094642833	8.022562216753302	924.196909692869	618.8957488105171	62.79467178709634	615.62884420144	NaN
1.01	0	0.101	503.9250311299371	2309.1469249597562	8.02344891418707	924.1894155054823	618.9453504247858	62.81432762024907	615.6454979166057	NaN
1.01	0	0.101	504.0217593366106	2309.0757128927444	8.024336928887383	924.1815667039668	618.99461431692	62.82868382467911	615.6597390409695	NaN
1.01	0	0.101	504.11926355692793	2309.0028432506465	8.025226559521606	924.1733509419578	619.0435552792246	62.83760963285235	615.6723287255469	NaN
1.01	0	0.101	504.21756246524876	2308.9283022541194	8.026117889186684	924.1647574222815	619.0921758588875	62.84108071052922	615.6840497722246	NaN
1.01	0	0.101	504.31664719030925	2308.852097267995	8.027010749935796	924.1557776860592	619.1404649479284	62.839188089617465	615.6956919756104	NaN
1.01	0	0.101	504.4164796418327	2308.7742595923664	8.027904715624858	924.1464062221452	619.1883979856644	62.83214522212027	615.7080340399256	NaN
1.01	0	0.101	504.51699523216394	2308.694843784379	8.02879913429057	924.1366406917293	619.235939274021	62.82029054884004	615.7218225237931	NaN
1.01	0	0.101	504.61811030360366	2308.613922937715	8.029693201040898	924.1264816323625	619.2830463264106	62.804083124477145	615.7377493817662	NaN
1.01	0	0.101	504.7197331319994	2308.531580520201	8.030586059693483	924.115931644604	619.3296755045465	62.78409007922389	615.7564305542638	NaN
1.01	0	0.101	504.82177611040936	2308.447900532359	8.031476910909898	924.1049942300556	619.3757877025057	62.76096667143887	615.7783881737153	NaN
1.01	0	0.101	504.9241665457827	2308.3629580999063	8.032365104207718	924.0936725337809	619.4213529037946	62.73543146596349	615.8040382100697	NaN
1.01	0	0.101	505.02685421683213	2308.276812210995	8.03325019854916	924.0819682337145	619.4663528931203	62.70823997627473	615.8336841059402	NaN
1.01	0	0.101	505.1298154151682	2308.1895010935864	8.034131990462484	924.069880685943	619.51078217619	62.680159647490186	615.8675158785819	NaN
1.01	0	0.101	505.23305363211045	2308.1010403469945	8.035010512484279	924.0574063908059	619.5546473535848	62.65194813412207	615.905613333181	NaN
1.01	0	0.101	505.336598010545	2308.0114230734052	8.035886012666039	924.0445387208555	619.5979655738839	62.62433555421673	615.9479519655217	NaN
1.01	0	0.101	505.4405001573813	2307.9206216171647	8.036758920977142	924.0312678888929	619.6407624101685	62.59801066099899	615.9944101152644	NaN
1.01	0	0.101	505.5448301433419	2307.828590261027	8.037629810075467	924.0175810868664	619.6830695605845	62.57361022549014	616.044776394358	NaN
1.01	0	0.101	505.6496717414936	2307.7352688597075	8.038499351137247	924.0034628090154	619.7249224211741	62.55171081127586	616.098756563298	NaN
1.01	0	0.101	505.75511723714135	2307.640587130746	8.039368267722429	923.9888953318413	619.7663576850802	62.53282192942165	616.1559795830541	NaN
1.01	0	0.101	505.861261504602	2307.54446987969	8.040237285315094	923.9738594058381	619.8074108610767	62.51737972575857	616.216002673868	NaN
1.01	0	0.101	505.9681953270274	2307.4468431972296	8.041107076593322	923.9583351817879	619.8481137260092	62.5057403860269	616.2783156997491	NaN
1.01	0	0.101	506.07599779082153	2307.347641799399	8.041978201340685	923.9423034176932	619.8884916737188	62.49817268437791	616.3423454677626	NaN
1.01	0	0.101	506.18472803113673	2307.2468172753697	8.042851043556459	923.9257469495782	619.9285610943028	62.49484939591884	616.4074610849527	NaN
1.01	0	0.101	506.2944170685544	2307.144346554179	8.043725751899617	923.9086523291296	619.9683270709925	62.49583784655683	616.4729819887916	NaN
1.01	0	0.101	506.40506119755656	2307.0402391787366	8.04460219497879	923.8910113937238	620.0077819010794	62.50109066293819	616.5381906235647	NaN
1.01	0	0.101	506.5166191974433	2306.9345411286295	8.045479948723608	923.8728223574866	620.0469051594845	62.510438744945	616.602351669844	NaN
1.01	0	0.101	506.62901526386077	2306.827333180491	8.046358329188118	923.8540900064311	620.0856657902998	62.52358920168603	616.6647383671173	NaN
1.01	0	0.101	506.74214844686657	2306.7187227902373	8.047236474709996	923.834824713855	620.1240262532589	62.54013084180666	616.7246643152098	NaN
1.01	0	0.101	506.8559073125296	2306.6088304784435	8.048113465124565	923.8150403309934	620.161948040475	62.55954846576137	616.781516729471	NaN
1.01	0	0.101	506.97018626625953	2306.497774017032	8.048988448922817	923.7947514548309	620.1993972090786	62.58124493488359	616.8347856944873	NaN
1.01	0	0.101	507.0849002314305	2306.3856536546255	8.049860752732785	923.7739706351266	620.2363488288261	62.60456811824613	616.8840852027956	NaN
1.01	0	0.101	507.1999948478232	2306.272541306522	8.050729952476262	923.7527060945381	620.2727895437622	62.62883894083409	616.9291638644381	NaN
1.01	0	0.101	507.3154518921904	2306.158474228415	8.0515959057073	923.7309601370366	620.3087183510357	62.65337743536018	616.9699061255125	NaN
1.01	0	0.101	507.43129018311134	2306.0434531202827	8.052458748883454	923.7087283192159	620.3441458725307	62.67752480569648	617.006326106901	NaN
1.01	0	0.101	507.5475633610596	2305.9274434386043	8.053318871480549	923.6859992264154	620.3790927082064	62.70066091718222	617.0385568946432	NaN
1.01	0	0.101	507.66435532462395	2305.810379230663	8.05417687377451	923.6627547754316	620.4135872123736	62.72221747924209	617.0668375835934	NaN
1.01	0	0.101	507.7817739623321	2305.6921689028504	8.05503351373155	923.6389709699473	620.44766295394	62.74168780692578	617.0914998123383	NaN
1.01	0	0.101	507.89994320647395	2305.5727029232153	8.055889643744768	923.6146191426915	620.4813559180462	62.758634286247585	617.1129547564483	NaN
1.01	0	0.101	508.01899316915507	2305.451863721653	8.056746136035706	923.5896677733494	620.5147014297224	62.772694766948696	617.131680915369	NaN
1.01	0	0.101	508.1390478995425	2305.329538278612	8.057603794074044	923.5640850257918	620.547730728854	62.78358903816477	617.1482124216494	NaN
1.01	0	0.101	508.2602105380732	2305.2056336575292	8.058463249251583	923.5378421101951	620.5804672073247	62.79112633274269	617.1631270743335	NaN
1.01	0	0.101	508.3825469437891	2305.080094396675	8.059324851291594	923.5109172942962	620.6129226695389	62.795214326652165	617.1770329050901	NaN
1.01	0	0.101	508.5060705360536	2304.9529189192704	8.060188572062971	923.4832999829622	620.6450943643956	62.795869063712566	617.1905518773934	NaN
1.01	0	0.101	508.630733448439	2304.8241696061996	8.06105395765994	923.4549936682841	620.6769640265275	62.793223707678095	617.2042997496723	NaN
1.01	0	0.101	508.7564299066726	2304.693970213109	8.061920167102832	923.4260162186115	620.7085001719537	62.787532428435725	617.2188623894625	NaN
1.01	0	0.101	508.88301443456527	2304.5624876495594	8.062786111033624	923.3963965889124	620.7396638686137	62.779165350078834	617.2347706502143	NaN
1.01	0	0.101	509.01033085741096	2304.429902060302	8.063650657839325	923.366168553256	620.7704165339533	62.76859249065308	617.2524773502059	NaN
1.01	0	0.101	509.1382429503935	2304.296374656516	8.064512841937779	923.3353634239922	620.8007272835029	62.75635832396484	617.2723398476716	NaN
1.01	0	0.101	509.26665778643365	2304.162022750641	8.065372014124902	923.3040039332107	620.830577756843	62.743051608048276	617.2946100747876	NaN
1.01	0	0.101	509.395538052866	2304.0269061331915	8.06622791201836	923.2721003994217	620.8599638503559	62.7292755955301	617.319431861469	NaN
1.01	0	0.101	509.52490433642714	2303.891023974559	8.067080661138718	923.2396492027881	620.8888949509393	62.71562214529015	617.3468439233013	NaN
1.01	0	0.101	509.6548305121375	2303.754319113279	8.067930730595593	923.20663300826	620.9173916707017	62.70265110831625	617.3767863924655	NaN
1.01	0	0.101	509.7854348793548	2303.616687021233	8.068778862826088	923.1730222101439	620.9454828495045	62.690874760718415	617.4091088913294	NaN
1.01	0	0.101	509.91686858095886	2303.47798784323	8.069625988621906	923.1387772856574	620.9732022584634	62.680746152100795	617.4435786442085	NaN
1.01	0	0.101	510.0493015393563	2303.338061252158	8.070473129760382	923.1038520470601	621.0005851134958	62.67264989035332	617.4798876854422	NaN
1.01	0	0.101	510.1829052362514	2303.1967448088026	8.071321285739137	923.0681980179293	621.0276643166154	62.66689384713944	617.5176588308583	NaN
1.01	0	0.101	510.31783164403333	2303.0538965320216	8.072171301289872	923.0317701809729	621.0544663609572	62.66370043810136	617.556450891975	NaN
1.01	0	0.101	510.45418864174906	2302.9094212902023	8.073023718048837	922.9945340803181	621.0810070555968	62.66319663190124	617.5957646945132	NaN
1.01	0	0.101	510.59201540020877	2302.7632972641873	8.073878633154356	922.9564733768046	621.1072878097826	62.66540291404384	617.635052942303	NaN
1.01	0	0.101	510.7312655680581	2302.615594090787	8.074735612857333	922.9175956466178	621.1332939078796	62.67022331114138	617.6737380432937	NaN
1.01	0	0.101	510.87180868653803	2302.4664715227395	8.075593721931815	922.8779332844	621.1589964305632	62.67744074827545	617.7112410983625	NaN
1.01	0	0.101	511.01345622753826	2302.3161517474546	8.076451701201906	922.8375372803673	621.1843584477976	62.686722776675445	617.7470209440414	NaN
1.01	0	0.101	511.1560062670084	2302.164871735003	8.077308248879513	922.7964650909933	621.2093437894268	62.69764020184462	617.7806157440145	NaN
1.01	0	0.101	511.29929032880864	2302.012833204899	8.078162301637152	922.7547670565024	621.2339251380905	62.709696175659104	617.8116766484925	NaN
1.01	0	0.101	511.4432069817121	2301.860166722833	8.079013224049717	922.7124759155156	621.2580888817627	62.72235958961469	617.8399865083945	NaN
1.01	0	0.101	511.5877370022743	2301.706915532407	8.07986088080666	922.6696012727945	621.2818362778901	62.73509662105768	617.8654632961209	NaN
1.01	0	0.101	511.7329431812204	2301.553035878496	8.080705615881993	922.6261284872124	621.3051819185673	62.74739682611593	617.8881523330783	NaN
1.01	0	0.101	511.8789602889755	2301.3984079361	8.081548175516614	922.5820206123547	621.3281507440297	62.758792918164204	617.9082123532589	NaN
1.01	0	0.101	512.0259786290458	2301.2428536445445	8.082389597733352	922.5372225194183	621.3507743539666	62.7688751024629	617.9258992009698	NaN
1.01	0	0.101	512.1742221931289	2301.086160290791	8.083231076083225	922.4916669910374	621.3730868978822	62.77730169509193	617.9415493455734	NaN
1.01	0	0.101	512.3239201002573	2300.9281111325845	8.084073791863721	922.4452832716971	621.3951204526954	62.783807992741664	617.9555638516917	NaN
1.01	0	0.101	512.4752697119355	2300.768524621822	8.084918707985091	922.3980086736543	621.4168997874086	62.78821525280284	617.9683922239835	NaN
1.01	0	0.101	512.628392877815	2300.607300516146	8.08576633524214	922.349802896358	621.43843688145	62.79044100101126	617.9805146100473	NaN
1.01	0	0.101	512.7832949058209	2300.444462598551	8.086616525782642	922.3006620896359	621.4597266288325	62.790510212011554	617.9924205211909	NaN
1.01	0	0.101	512.9398466441953	2300.2801765218815	8.087468403449801	922.2506260361735	621.4807463431587	62.78856392708123	618.0045832128502	NaN
1.01	0	0.101	513.0978114449026	2300.1147201990198	8.088320540296728	922.1997710001782	621.5014613442227	62.78485896660946	618.0174314935051	NaN
1.01	0	0.101	513.2569159397847	2299.9484084981345	8.089171358634614	922.148187849695	621.5218355000708	62.779753188677795	618.0313234747963	NaN
1.01	0	0.101	513.416932862637	2299.781506156641	8.09001957646091	922.0959552026058	621.5418418913154	62.77367687874715	618.0465272047185	NaN
1.01	0	0.101	513.5777395152995	2299.6141671805526	8.09086450210002	922.0431195004645	621.561469033327	62.767097396354075	618.0632106328052	NaN
1.01	0	0.101	513.7393394834176	2299.446413371512	8.091706122141499	921.9896865859614	621.580721792202	62.76048530604707	618.0814402441531	NaN
1.01	0	0.101	513.9018566862898	2299.2781420364304	8.092545041582195	921.9356223503828	621.5996188411723	62.75428669257587	618.1011858945283	NaN
1.01	0	0.101	514.0655133723609	2299.10915040082	8.093382344269774	921.8808589584007	621.61818851988	62.748902518874736	618.12232882974	NaN
1.01	0	0.101	514.2305984684292	2298.9391697812466	8.094219410965376	921.8253046862101	621.6364640881159	62.7446735775658	618.1446703620669	NaN
1.01	0	0.101	514.3974258017805	2298.7679097411724	8.095057695455534	921.7688576251785	621.6544784708477	62.74186869206138	618.16793951438	NaN
1.01	0	0.101	514.5662786702692	2298.5951155152475	8.095898444292796	921.711424535364	621.6722582799135	62.74067369584466	618.1917993156787	NaN
1.01	0	0.101	514.7373404439066	2298.4206385747	8.096742362956508	921.6529450702653	621.689817296834	62.74117936018444	618.2158536869432	NaN
1.01	0	0.101	514.9106254397904	2298.244505356636	8.0975893023638	921.5934165664142	621.707151041946	62.74336851640148	618.2396602799789	NaN
1.01	0	0.101	515.0859482354789	2298.0669453579276	8.098438149784926	921.5329061087357	621.7242360520202	62.747106741734726	618.2627572785566	NaN
1.01	0	0.101	515.2629738684388	2297.8883366856485	8.099287114410375	921.4715346186089	621.7410371060615	62.75214499170847	618.2847079266788	NaN
1.01	0	0.101	515.4413426205493	2297.7090776002256	8.100134351490805	921.4094342834084	621.7575203772795	62.758140442399586	618.3051529157976	NaN
1.01	0	0.101	515.6207992896768	2297.5294564120086	8.10097857281463	921.3467032181635	621.7736650509577	62.76469205841013	618.3238507305209	NaN
1.01	0	0.101	515.8012647635078	2297.349582054735	8.101819354196971	921.2833793644742	621.7894680868924	62.7713799104435	618.3406940068165	NaN
1.01	0	0.101	515.982845788255	2297.1693779424663	8.102657140108091	921.2194357756591	621.8049428645904	62.77779912153773	618.3557051183917	NaN
1.01	0	0.101	516.1658067410193	2296.9886138535894	8.10349307352946	921.154789474335	621.8201147195235	62.78358526775814	618.3690202703257	NaN
1.01	0	0.101	516.3505206804249	2296.8069576916464	8.104328740592509	921.0893180496698	621.8350153369081	62.78843228990098	618.3808693979901	NaN
1.01	0	0.101	516.5374009740784	2296.6240451164485	8.105165841896897	921.0228836314479	621.8496763785988	62.79210570293229	618.3915552168007	NaN
1.01	0	0.101	516.7268066492378	2296.4395729342023	8.10600576604268	920.9553667412157	621.8641220681194	62.79445426084086	618.4014316393514	NaN
1.01	0	0.101	516.918923107136	2296.253413552041	8.10684908077651	920.886709496724	621.8783611933275	62.79542241755204	618.4108797100571	NaN
1.01	0	0.101	517.113657768661	2296.065711272516	8.10769512085583	920.8169539829646	621.8923816404067	62.79506282178468	618.42027901804	NaN
1.01	0	0.101	517.3106400260372	2295.876875170408	8.108542050516705	920.7462434155286	621.9061533239233	62.79354206247422	618.4299756583083	NaN
1.01	0	0.101	517.509382282681	2295.6874182838787	8.109387607732797	920.6747650034631	621.9196417367975	62.791129107809	618.440252627082	NaN
1.01	0	0.101	517.7095094978353	2295.4977369523485	8.110230091378133	920.6026672314985	621.9328238488945	62.78816352272754	618.4513091152055	NaN
1.01	0	0.101	517.9109031802218	2295.3079781564265	8.111068931904427	920.5300072068949	621.9456958635338	62.785014057475315	618.4632507557756	NaN
1.01	0	0.101	518.1137242658072	2295.1180251028095	8.111904727538898	920.45674155889	621.9582720191243	62.78204071042906	618.4760894100939	NaN
1.01	0	0.101	518.3183642743763	2294.9275505432693	8.112738984487281	920.3827435437688	621.9705790641096	62.77956595261065	618.4897492793565	NaN
1.01	0	0.101	518.5253605469493	2294.73610190238	8.113573726621029	920.3078335562474	621.9826493709456	62.777854323020726	618.504075432743	NaN
1.01	0	0.101	518.7352753079491	2294.543216867615	8.114410984055434	920.2318231020515	621.9945130556828	62.77709687895132	618.518841630636	NaN
1.01	0	0.101	518.9485232659102	2294.3485816091898	8.115252111429193	920.1545776576158	622.006188644216	62.77739660948071	618.5337570738059	NaN
1.01	0	0.101	519.165169358442	2294.1522094839725	8.116097035878813	920.0760903968466	622.0176739565339	62.77875307349165	618.5484779552221	NaN
1.01	0	0.101	519.3848262830608	2293.954522059079	8.11694394174064	919.9965195148859	622.0289440127706	62.781051355619894	618.5626377064656	NaN
1.01	0	0.101	519.606832752886	2293.7561754710764	8.1177900467113	919.9161233822394	622.0399634988283	62.78406880267176	618.5759046541253	NaN
1.01	0	0.101	519.8306405862936	2293.5577087428082	8.118633112101751	919.8351198228162	622.0507071083833	62.78750749132609	618.5880454154111	NaN
1.01	0	0.101	520.0560847422025	2293.3593102085833	8.119472416392576	919.7535881129802	622.0611707086516	62.791040257360095	618.5989582463254	NaN
1.01	0	0.101	520.2834185023868	2293.1607995648574	8.120308799018263	919.6714565859216	622.0713697304736	62.79435223888031	618.6086710948977	NaN
1.01	0	0.101	520.5132180701471	2292.9617245560157	8.121144224281515	919.5885379051741	622.0813319123417	62.79717102710283	618.6173214185336	NaN
1.01	0	0.101	520.7462223784545	2292.7615096541067	8.1219811396531	919.5045878582625	622.0910884410292	62.799287286532426	618.6251302886707	NaN
1.01	0	0.101	520.9830960042456	2292.55966365787	8.122821604527843	919.4193915624762	622.1006635542504	62.80057058542783	618.6323743231369	NaN
1.01	0	0.101	521.2241056114946	2292.356049980515	8.123666179382308	919.3328798325625	622.1100628803249	62.80098465997182	618.6393536455114	NaN
1.01	0	0.101	521.4688649503885	2292.1510851388102	8.124513135953938	919.2452192907557	622.1192669493339	62.80060092768471	618.6463545833856	NaN
1.01	0	0.101	521.7165138981975	2291.9455662619375	8.125359208785852	919.1567456377443	622.1282420410647	62.799597745904286	618.6536139718876	NaN
1.01	0	0.101	521.9663397524882	2291.7401438992415	8.126201781006573	919.0677398156434	622.1369644498977	62.79823173904769	618.6612955208719	NaN
1.01	0	0.101	522.2182227490448	2291.5349657527654	8.12704032450086	918.9782700497196	622.1454339275282	62.796790453523	618.6694785287089	NaN
1.01	0	0.101	522.4726532259035	2291.3296854499577	8.127876326271325	918.8881886901024	622.153670295573	62.795548257204814	618.6781558814771	NaN
1.01	0	0.101	522.7305454046209	2291.123634470652	8.128712557046269	918.7972015688387	622.1617040414241	62.7947344625363	618.6872394155354	NaN
1.01	0	0.101	522.9929389369755	2290.9160743335938	8.129552032010546	918.7049760026931	622.1695652117482	62.79451097027014	618.6965674004014	NaN
1.01	0	0.101	523.2605367005867	2290.7065626274616	8.130396534774494	918.6113039780384	622.1772698944901	62.79495333902524	618.7059111565292	NaN
1.01	0	0.101	523.533155225619	2290.495363771492	8.131244991275139	918.5162915694077	622.1848074891167	62.796032587956546	618.7149899123795	NaN
1.01	0	0.101	523.8096889658611	2290.283439708945	8.132093554401038	918.4203645249379	622.1921448415796	62.797609039735306	618.723520014026	NaN
1.01	0	0.101	524.0890559036371	2290.071697702291	8.132938645567076	918.3239343345866	622.1992546853512	62.79945928265005	618.7312974917369	NaN
1.01	0	0.101	524.3710726059229	2289.8603382885362	8.13377953868092	918.2270977475798	622.2061360575689	62.80132887492355	618.7382498720215	NaN
1.01	0	0.101	524.6564712326286	2289.6488805387835	8.13461821434823	918.1296386812487	622.2128098236313	62.80298043821106	618.7444312228683	NaN
1.01	0	0.101	524.9465374382797	2289.4364650275766	8.135458122588998	918.0311598273579	622.2193062308097	62.80422658007436	618.7499933233012	NaN
1.01	0	0.101	525.2425290334486	2289.222296695887	8.136302418635822	917.9312846766683	622.2256502979628	62.80495233182026	618.7551501678656	NaN
1.01	0	0.101	525.5448097883032	2289.0062601283635	8.137151553660047	917.8299478370527	622.2318449004646	62.805134135402334	618.7601359403825	NaN
1.01	0	0.101	525.85226134702	2288.7892928054234	8.138001854374512	917.7275809222476	622.2378638496225	62.804853780750605	618.7651580946399	NaN
1.01	0	0.101	526.1633067415643	2288.572609222517	8.13884860967547	917.6247576966532	622.2436771520904	62.80428655013167	618.7703647655911	NaN
1.01	0	0.101	526.4775872607769	2288.356533710806	8.139690625317433	917.521639123986	622.2492818119474	62.80365332741334	618.775832729518	NaN
1.01	0	0.101	526.7961497705824	2288.140429287826	8.140530449865084	917.4179269977503	622.2546995069066	62.803166810807255	618.7815603604852	NaN
1.01	0	0.101	527.1208518584237	2287.9231576109246	8.141372544180973	917.3130736826374	622.2599615464023	62.80299292479422	618.7874690519865	NaN
1.01	0	0.101	527.4533803748619	2287.703760644549	8.14222062598821	917.2066071854796	622.2650912543434	62.803223880511865	618.7934082782037	NaN
1.01	0	0.101	527.7937464869408	2287.482425962315	8.143073964126206	917.0986058728334	622.2700834847794	62.80385495739344	618.7991646693062	NaN
1.01	0	0.101	528.1397952165225	2287.260719343204	8.143926543169085	916.9898282783307	622.2749043966652	62.804774576174566	618.8045118119383	NaN
1.01	0	0.101	528.4899217442968	2287.0397782871587	8.144774049820459	916.8808379475331	622.2795339834194	62.80579881790319	618.8093142826276	NaN
1.01	0	0.101	528.8448988177066	2286.819210867524	8.145618057736089	916.771449974184	622.2839859532404	62.80673399956789	618.8135735464934	NaN
1.01	0	0.101	529.2070006975906	2286.59774235458	8.14646349037843	916.6610340330664	622.2882895146961	62.807424133777765	618.8173985330504	NaN
1.01	0	0.101	529.5784831027541	2286.374196765766	8.147314849140514	916.5489961412869	622.2924682408315	62.8077815510504	618.8209607340832	NaN
1.01	0	0.101	529.9591812427444	2286.148907492018	8.14817086621447	916.4354925298567	622.2965157621801	62.80780989105986	618.8244373434153	NaN
1.01	0	0.101	530.3460586469356	2285.9238568632345	8.149024042493222	916.3215203151047	622.3003988941695	62.807612415864554	618.8279587521195	NaN
1.01	0	0.101	530.7378866234419	2285.6998786803188	8.149871285492809	916.2075112567879	622.3041086193642	62.80735477908902	618.831596958122	NaN
1.01	0	0.101	531.1368755387026	2285.4758409044944	8.150716940579777	916.0928974692656	622.3076686265783	62.80720147751095	618.835357451352	NaN
1.01	0	0.101	531.546645047453	2285.2499288606336	8.151567884287855	915.9767476835342	622.311109671065	62.80726876442796	618.8391715959441	NaN
1.01	0	0.101	531.9690764350171	2285.021406278186	8.152426887438285	915.8586708309971	622.3144424353483	62.80759201076368	618.8428986343152	NaN
1.01	0	0.101	532.4008006515467	2284.7923724034526	8.15328607361712	915.7397444825629	622.317637182048	62.808104203445566	618.8463532927178	NaN
1.01	0	0.101	532.8386565463633	2284.564675994006	8.154138566786832	915.6209367493296	622.3206727457676	62.8086638617203	618.849425273607	NaN
1.01	0	0.101	533.2853631007857	2284.3370642567584	8.154989121960107	915.5016043821662	622.3235709008452	62.80912672344867	618.8521452029572	NaN
1.01	0	0.101	533.745547926542	2284.1074527458713	8.155845556724548	915.3806525616126	622.3263602136562	62.80939620055141	618.8546315367067	NaN
1.01	0	0.101	534.2203532654639	2283.875634067724	8.156708649924033	915.257961723835	622.3290432805829	62.80945593917603	618.8570241958328	NaN
1.01	0	0.101	534.704082470467	2283.6446757505637	8.157567015744625	915.1351559296334	622.3315871817432	62.809383557425875	618.8594156873867	NaN
1.01	0	0.101	535.1961371412631	2283.415043155301	8.158418993776618	915.0124963429786	622.3339922714209	62.80930953433209	618.8618507609767	NaN
1.01	0	0.101	535.702981363787	2283.183988732341	8.159274824117011	914.8885207911852	622.3362908651061	62.80934647044514	618.8643157919256	NaN
1.01	0	0.101	536.229675482706	2282.9496576076126	8.16014138144012	914.7622230462403	622.3385013626123	62.80954068274906	618.8667211843422	NaN
1.01	0	0.101	536.770351132865	2282.7150951680896	8.16100742007841	914.6352381278152	622.3405959958299	62.809842659095196	618.868920491293	NaN
1.01	0	0.101	537.3206259155345	2282.4824606368343	8.161865029579923	914.508747492793	622.3425603532796	62.81013938503816	618.8708470388535	NaN
1.01	0	0.101	537.8893190405912	2282.2483492062674	8.162726812089389	914.3809080644145	622.3444270774713	62.810334816467844	618.8725714851362	NaN
1.01	0	0.101	538.4811570358655	2282.0113572601954	8.16359794579343	914.250945028758	622.3462078770098	62.81039747063556	618.874203397605	NaN
1.01	0	0.101	539.0862486810116	2281.7758927441314	8.164462263762521	914.1212780730821	622.3478722601607	62.81038302699284	618.875808155906	NaN
1.01	0	0.101	539.706476250445	2281.5415241537366	8.165321415427535	913.991685866721	622.3494285108904	62.81039137002043	618.877413064483	NaN
1.01	0	0.101	540.3561309086392	2281.3034146257637	8.16619315839358	913.8594925535313	622.3509105632761	62.81048923423575	618.8789924584898	NaN
1.01	0	0.101	541.0313703702307	2281.063703565352	8.167069668722418	913.7258759189103	622.3523053186544	62.81066114011228	618.8804408903421	NaN
1.01	0	0.101	541.720666576811	2280.8269364454027	8.167934380487548	913.5933822969719	622.3535906294456	62.810822900538575	618.8816928729118	NaN
1.01	0	0.101	542.4432070957866	2280.587090373723	8.168809335148406	913.4586494238778	622.3548026140627	62.81091031504973	618.8828242447997	NaN
1.01	0	0.101	543.1952617372988	2280.3462223912807	8.169687048825951	913.3228284978169	622.3559320754024	62.81092880903135	618.8839054687869	NaN
1.01	0	0.101	543.9653969226318	2280.108528336486	8.17055228974815	913.1883014159996	622.3569639317633	62.81094806121806	618.8849569653004	NaN
1.01	0	0.101	544.7831592835921	2279.8657149226865	8.171435281155786	913.0503779853087	622.3579366544353	62.811021278812945	618.8859758054964	NaN
1.01	0	0.101	545.6342753156564	2279.623090419956	8.172316738264024	912.912068269178	622.3588299897367	62.81112463549191	618.8868761272549	NaN
1.01	0	0.101	546.5165059410568	2279.382039529218	8.173191684782367	912.7741773745362	622.3596431405281	62.811194977780374	618.8876521584583	NaN
1.01	0	0.101	547.4536580908048	2279.1371505846055	8.174079798096603	912.6336138452006	622.3603968060225	62.81121872858893	618.8883783765302	NaN
1.01	0	0.101	548.4155042966127	2278.89726089177	8.174949078510215	912.4954646761471	622.361067676864	62.811242728252275	618.8890619786747	NaN
1.01	0	0.101	549.4544791021531	2278.6505771298184	8.175842298808373	912.3529450956626	622.3616914550229	62.81129861082814	618.8897027422031	NaN
1.01	0	0.101	550.5251027732908	2278.409253316275	8.176715488688368	912.2130851540026	622.3622402057972	62.81135059925618	618.8902384267208	NaN
1.01	0	0.101	551.6677832940824	2278.165374232447	8.177597343280018	912.0713179348988	622.3627363821643	62.81137279804735	618.8907184184835	NaN
1.01	0	0.101	552.8460608014952	2277.927913583626	8.17845546987481	911.932882584451	622.3631663084809	62.81139272540052	618.8911548617368	NaN
1.01	0	0.101	554.1106185746626	2277.688008096796	8.179321953057727	911.792635169045	622.3635505485105	62.811427626148614	618.8915429140374	NaN
1.01	0	0.101	555.4089012199582	2277.4568550471026	8.180156408340668	911.6571494909906	622.3638760787452	62.811450526602584	618.8918586277633	NaN
1.01	0	0.101	556.7678495667428	2277.2303290926247	8.18097379994133	911.5240505473068	622.3641552939544	62.81146266853808	618.8921370369904	NaN
1.01	0	0.101	558.1755629621069	2277.011248532747	8.18176401964019	911.3950318956277	622.3643903597022	62.81148142689849	618.8923749949906	NaN
1.01	0	0.101	559.6263725524723	2276.8009407035033	8.182522342485242	911.2709185108105	622.3645858961185	62.811495697427084	618.8925660348814	NaN
1.01	0	0.101	561.1185752960304	2276.5998969942843	8.183247054344587	911.1520435741988	622.3647471962263	62.811503584695586	618.8927268024438	NaN
1.01	0	0.101	562.6516036887034	2276.408330796835	8.1839374365523	911.0385738885115	622.3648792860246	62.811513997107504	618.8928596999641	NaN
1.01	0	0.101	564.220719780019	2276.22683083199	8.184591411212411	910.9308961950777	622.3649864321593	62.81152107591964	618.8929646639282	NaN
1.01	0	0.101	565.8261653874104	2276.055250472201	8.18520954370142	910.8289583417629	622.3650728417596	62.81152594768818	618.8930513075121	NaN
1.01	0	0.101	567.4680412427281	2275.8934207008756	8.18579247323212	910.732690700525	622.365142117787	62.81153139917672	618.8931203022869	NaN
1.01	0	0.101	569.1448513754118	2275.7412748413435	8.186340464518464	910.6420807513848	622.3651972845346	62.811534586436004	618.8931746946748	NaN
1.01	0	0.101	570.8576718027587	2275.598462869776	8.186854797745992	910.5569436760048	622.3652409912187	62.81153755567633	618.8932186128841	NaN
1.01	0	0.101	572.6069129278454	2275.4646855446863	8.187336565760424	910.477121357733	622.3652754238867	62.811539982878344	618.8932525793697	NaN
1.01	0	0.101	574.3933293698062	2275.339605583594	8.187786994752022	910.4024298574343	622.3653024008898	62.81154156729896	618.8932795025186	NaN
1.01	0	0.101	576.2182581009656	2275.2228456573753	8.188207452124873	910.3326585020825	622.3653234234082	62.8115431272507	618.8933004263378	NaN
1.01	0	0.101	578.0828523272731	2275.114047950856	8.18859923259749	910.2676057901102	622.3653397129017	62.81154410067481	618.8933165600944	NaN
1.01	0	0.101	579.9887892754231	2275.0128326101644	8.188963708340708	910.2070548911242	622.365352263993	62.81154498422958	618.893329112338	NaN
1.01	0	0.101	581.9377594282247	2274.918833319973	8.189302201286516	910.1507952091614	622.3653618775406	62.811545603563815	618.8933386149424	NaN
1.01	0	0.101	583.9317097738976	2274.831685655686	8.18961602542345	910.098615692381	622.3653691962804	62.81154608784796	618.8933459337516	NaN
1.01	0	0.101	585.9727583380061	2274.75103390859	8.189906462506437	910.0503091587377	622.3653747326464	62.8115464621715	618.8933514129919	NaN
1.01	0	0.101	588.0631907151034	2274.6765323437603	8.190174757758506	910.0056732639864	622.3653788929037	62.81154672889387	618.8933555666309	NaN
1.01	0	0.101	590.2055081251534	2274.6078444333752	8.190422122816248	909.9645102287755	622.3653819973805	62.81154694219999	618.8933586436887	NaN
1.01	0	0.101	592.4023893665803	2274.5446450384525	8.190649728017798	909.926628306697	622.3653842970821	62.81154708876712	618.8933609371484	NaN
1.01	0	0.101	594.6567456897544	2274.48661923653	8.190858706736698	909.8918412198016	622.3653859875473	62.81154720469397	618.8933626138399	NaN
1.01	0	0.101	596.9717060872852	2274.4334633176522	8.191050151880045	909.8599688729545	622.365387220109	62.8115472838825	618.8933638427173	NaN
1.01	0	0.101	599.350661164247	2274.3848840905553	8.191225118450337	909.8308370372371	622.365388111122	62.81154734423366	618.8933647264378	NaN
1.01	0	0.101	601.7972720614666	2274.340599139081	8.19138462266742	909.8042775871529	622.3653887494119	62.81154738598952	618.8933653629427	NaN
1.01	0	0.101	604.3155101177866	2274.3003364255733	8.19152964342829	909.7801283325445	622.3653892022888	62.81154741598618	618.8933658120543	NaN
1.01	0	0.101	606.9096852110339	2274.263834226158	8.191661122560452	909.7582330376786	622.3653895203572	62.81154743735085	618.893366129165	NaN
1.01	0	0.101	609.5844880081484	2274.23084089921	8.191779965667537	909.738441330145	622.365389741344	62.811547451595196	618.8933663485052	NaN
1.01	0	0.101	612.3450343064076	2274.201114730733	8.191887042691313	909.7206086472569	622.3653898931259	62.81154746199676	618.8933664995686	NaN
1.01	0	0.101	615.196921176044	2274.1744237367366	8.19198318862372	909.7045961493541	622.3653899961075	62.81154746860135	618.8933666020387	NaN
1.01	0	0.101	618.1462867479503	2274.150545537726	8.192069203955645	909.6902706702326	622.3653900650728	62.81154747324235	618.8933666704985	NaN
1.01	0	0.101	621.199884693255	2274.129267199454	8.19214585524477	909.6775046422204	622.365390110618	62.81154747628611	618.893366715886	NaN
1.01	0	0.101	624.3651698815748	2274.110385105161	8.192213875568385	909.6661760358994	622.3653901402505	62.81154747819254	618.8933667453242	NaN
1.01	0	0.101	627.6503971644083	2274.0937048490296	8.192273964898964	909.6561683090713	622.3653901592234	62.811547479482236	618.8933667641742	NaN
1.01	0	0.101	631.0647433807252	2274.0790411116413	8.192326790544108	909.6473703420822	622.3653901711637	62.81154748027506	618.8933667760729	NaN
1.01	0	0.101	634.6184470820529	2274.066217572685	8.19237298745237	909.6396763931958	622.3653901785399	62.811547480748956	618.8933667834019	NaN
1.01	0	0.101	638.3229802337411	2274.0550668099263	8.192413158568856	909.6329860438835	622.3653901830058	62.81154748105042	618.8933667878357	NaN
1.01	0	0.101	642.1912492191229	2274.0454302213425	8.192447875107861	909.6272041565583	622.3653901856517	62.81154748122968	618.8933667904716	NaN
1.01	0	0.101	646.2378496565372	2274.0371579209227	8.192477676921039	909.6222408153617	622.3653901871825	62.81154748132821	618.8933667919958	NaN
1.01	0	0.101	650.4793606220289	2274.0301086751547	8.192503072719681	909.618011290479	622.3653901880457	62.811547481383954	618.8933667928522	NaN
1.01	0	0.101	654.9347260811609	2274.0241497985903	8.19252454044517	909.6144359772252	622.3653901885187	62.81154748141635	618.8933667933221	NaN
1.01	0	0.101	659.6257152003848	2274.0191570734614	8.192542527553526	909.611440349052	622.3653901887702	62.81154748143356	618.8933667935725	NaN
1.01	0	0.101	664.5775045819486	2274.015014655071	8.192557451351902	909.6089549016455	622.3653901888994	62.81154748144218	618.8933667937009	NaN
1.01	0	0.101	669.8194173026536	2274.0116149709975	8.192569699358073	909.6069150930341	622.3653901889631	62.81154748144629	618.8933667937647	NaN
1.01	0	0.101	675.3858649342848	2274.008858615892	8.19257962967637	909.6052612808559	622.3653901889933	62.811547481447974	618.893366793795	NaN
1.01	0	0.101	681.317572812001	2274.0066542333434	8.19258757142081	909.6039386517325	622.3653901890069	62.81154748144888	618.8933667938088	NaN
1.01	0	0.101	687.6631943987851	2274.0049183857027	8.192593825182055	909.6028971433238	622.3653901890128	62.811547481449054	618.8933667938142	NaN
1.01	0	0.101	694.4814383445394	2274.003575416002	8.192598663523285	909.6020913615743	622.3653901890151	62.81154748144929	618.8933667938163	NaN
1.01	0	0.101	701.8439802797511	2274.002557283707	8.192602331570724	909.601480482223	622.365390189016	62.811547481449466	618.8933667938173	NaN
1.01	0	0.101	709.8398389372644	2274.0018033569904	8.192605047761075	909.6010281262018	622.3653901890164	62.81154748144944	618.8933667938174	NaN
1.01	0	0.101	718.5804930641409	2274.001260286201	8.192607004296704	909.6007022837307	622.3653901890164	62.811547481449466	618.8933667938177	NaN
1.01	0	0.101	728.208559718905	2274.000881711509	8.192608368198403	909.6004751389157	622.3653901890164	62.811547481449495	618.8933667938176	NaN
1.01	0	0.101	738.9100504697136	2274.0006280140333	8.192609282201696	909.6003229204301	622.3653901890164	62.81154748144948	618.8933667938176	NaN
1.01	0	0.101	750.9334539035091	2274.0004660114687	8.192609865853166	909.600225718891	622.3653901890164	62.81154748144954	618.8933667938177	NaN
1.01	0	0.101	764.6198225849503	2274.000368609013	8.192610216767935	909.6001672774179	622.3653901890164	62.811547481449374	618.8933667938174	NaN
1.01	0	0.101	780.4531979753124	2274.0003143834297	8.192610412128097	909.600134742068	622.3653901890162	62.81154748144959	618.8933667938176	NaN
1.01	0	0.101	799.1495666550245	2274.0002870975895	8.192610510431628	909.6001183705642	622.3653901890164	62.81154748144969	618.8933667938177	NaN
1.01	0	0.101	821.8237373200163	2274.0002751317647	8.192610553541273	909.6001111910688	622.3653901890164	62.81154748144964	618.8933667938176	NaN
1.01	0	0.101	850.3291600496605	2274.000270815582	8.192610569091316	909.6001086013592	622.3653901890164	62.81154748144951	618.8933667938176	NaN
1.01	0	0.101	888.0271096828907	2274.0002696535894	8.192610573277664	909.6001079041637	622.3653901890164	62.81154748144955	618.8933667938177	NaN
1.01	0	0.101	941.7836586126602	2274.0002694568284	8.192610573986542	909.6001077861073	622.3653901890165	62.81154748144952	618.8933667938176	NaN
1.01	0	0.101	1028.1657272452726	2274.0002694408136	8.192610574044238	909.6001077764985	622.3653901890165	62.81154748144954	618.8933667938176	NaN
1.01	0	0.101	1197.0815469097745	2274.0002694400446	8.192610574047007	909.6001077760372	622.3653901890165	62.811547481449566	618.8933667938178	NaN
1.01	0	0.101	1614.9722177428062	2274.000269439964	8.192610574047299	909.6001077759886	622.3653901890165	62.81154748144961	618.8933667938176	NaN
1.01	0	0.101	2941.7387652037432	2274.000269439951	8.192610574047347	909.6001077759804	622.3653901890164	62.811547481449594	618.8933667938176	NaN
1.01	0	0.101	5500.0	2274.000269439949	8.192610574047352	909.6001077759795	622.3653901890164	62.81154748144959	618.8933667938177	NaN
1.01	0	0.101	Inf	2274.000269439949	8.192610574047352	909.6001077759794	622.3653901890164	62.811547481449594	618.8933667938176	NaN
1.02	1	0.1	0.0	2310.762587335457	7.982727072188335	924.3050349341828	616.2033566227885	63.013363750332296	612.8785255771229	NaN
1.02	1	0.1	9.999999999999999e-5	2310.762587335457	7.982727072188335	924.3050349341828	616.2033566227885	63.013363750332296	612.8785255771229	NaN
1.02	1	0.1	0.0010999999999999998	2310.762587335457	7.982727072188335	924.3050349341828	616.2033566227885	63.013363750332296	612.8785255771229	NaN
1.02	1	0.1	0.011099999999999997	2310.762587335457	7.982727072188335	924.3050349341828	616.2033566227885	63.013363750332296	612.8785255771229	NaN
1.02	1	0.1	0.11109999999999996	2310.762587335457	7.982727072188335	924.3050349341828	616.2033566227885	63.013363750332296	612.8785255771229	NaN
1.02	1	0.1	1.1110999999999995	2310.762587335457	7.982727072188335	924.3050349341828	616.2033566227885	63.01336375033216	612.8785255771228	NaN
1.02	1	0.1	7.6566452009414165	2310.762587335457	7.982727072188334	924.3050349341828	616.2033566227884	63.01336375033231	612.8785255771228	NaN
1.02	1	0.1	58.0485142387081	2310.762587335457	7.982727072188337	924.3050349341828	616.2033566227886	63.01336375033222	612.878525577123	NaN
1.02	1	0.1	439.9451161257723	2310.762587335457	7.982727072188335	924.3050349341828	616.2033566227885	63.01336375033231	612.878525577123	NaN
1.02	1	0.1	500.0	2310.762587335457	7.982727072188332	924.3050349341826	616.2033566227883	63.01336375033229	612.8785255771228	NaN
1.02	1	0.10200000000000001	500.0	2310.762587335457	7.982727072188332	924.3050349341826	616.2033566227883	63.01336375033229	612.8785255771228	NaN
1.02	1	0.10200000000000001	500.00967208613923	2310.7625855080346	7.982751168458837	924.3050349339136	616.2212235746856	63.0132362927941	612.8785261926995	NaN
1.02	1	0.10200000000000001	500.0193441722784	2310.762573481496	7.98281684617169	924.3050349300757	616.2390646237711	63.01285480965546	612.8785304947295	NaN
1.02	1	0.10200000000000001	500.032710221038	2310.762524982677	7.982960763704622	924.3050349025154	616.2636769638752	63.01191210277298	612.878549306417	NaN
1.02	1	0.10200000000000001	500.0479590242004	2310.7624055423094	7.983181033154035	924.3050347969033	616.2916960263826	63.010252203978425	612.8786001933306	NaN
1.02	1	0.10200000000000001	500.066574999774	2310.762142871355	7.983506187923156	924.305034460903	616.3258153675959	63.00738967123918	612.8787245939636	NaN
1.02	1	0.10200000000000001	500.08829130190037	2310.7616476768208	7.983936321255785	924.30503358525	616.3654967727299	63.00290299223863	612.8789881621699	NaN
1.02	1	0.10200000000000001	500.1140566828862	2310.760769397039	7.98448909651406	924.3050315045651	616.4124095562543	62.99600208135815	612.8795185562178	NaN
1.02	1	0.10200000000000001	500.14447035847144	2310.759301849518	7.985173710800146	924.3050269454827	616.4675529767627	62.985696579241306	612.8805329928194	NaN
1.02	1	0.10200000000000001	500.1806263920599	2310.756930548488	7.9860090224097595	924.3050174369448	616.5327814551465	62.97048135883998	612.8824234131589	NaN
1.02	1	0.10200000000000001	500.2228612860235	2310.753286944926	7.986996178697118	924.3049988496559	616.6085300140392	62.94876708523694	612.8857888330322	NaN
1.02	1	0.10200000000000001	500.2698909714946	2310.7481203850207	7.988098874714307	924.3049659530708	616.6923151645905	62.919804506531705	612.891306121693	NaN
1.02	1	0.10200000000000001	500.3207072435053	2310.7412309934593	7.989289104588425	924.3049124012604	616.7821841459679	62.88314858790328	612.8997437088293	NaN
1.02	1	0.10200000000000001	500.3747911046188	2310.732420444673	7.990552255373784	924.3048305214536	616.8770819892605	62.8384197494807	612.9119899007861	NaN
1.02	1	0.10200000000000001	500.4316190510841	2310.721537748726	7.991874711963276	924.3047118022738	616.9759681658443	62.785575843770516	612.9289674708923	NaN
1.02	1	0.10200000000000001	500.49076713493014	2310.708462012847	7.993245726549281	924.3045470090229	617.0779994198913	62.72482060780994	612.9516119704595	NaN
1.02	1	0.10200000000000001	500.5518359181596	2310.693112396629	7.994655401095246	924.3043265734843	617.1823971946803	62.65664255663168	612.9808110957966	NaN
1.02	1	0.10200000000000001	500.6144949938429	2310.6754343238563	7.996095609081309	924.3040407080312	617.2885226078224	62.581733495731484	613.0173849675987	NaN
1.02	1	0.10200000000000001	500.67845703432056	2310.655399375685	7.997559343861694	924.303679645543	617.3958288515022	62.50096921901676	613.062050432025	NaN
1.02	1	0.10200000000000001	500.74348694212233	2310.632996413646	7.999040900420701	924.3032337041417	617.5038735976837	62.415350584221606	613.115410067577	NaN
1.02	1	0.10200000000000001	500.80939202629395	2310.6082277957994	8.000535627104886	924.302693371949	617.6122991047008	62.32596816873266	613.1779396871812	NaN
1.02	1	0.10200000000000001	500.87602324919254	2310.5811023811407	8.002039933219194	924.302049270377	617.7208309970002	62.23395741541783	613.2499913535878	NaN
1.02	1	0.10200000000000001	500.94326180531493	2310.551634766527	8.003550966493727	924.3012922020818	617.8292532566783	62.14047957893651	613.3317872911246	NaN
1.02	1	0.10200000000000001	501.01102094586975	2310.5198395687394	8.005066638659585	924.300413047293	617.9374086709422	62.04668825269733	613.4234314861587	NaN
1.02	1	0.10200000000000001	501.0792377797826	2310.4857305343116	8.006585426917393	924.2994027395604	618.0451833166202	61.953715547528205	613.5249123077174	NaN
1.02	1	0.10200000000000001	501.14787068118414	2310.4493181449197	8.008106304295936	924.2982521809173	618.1525005608031	61.86265577587011	613.6361115891444	NaN
1.02	1	0.10200000000000001	501.2168944778921	2310.4106090330815	8.009628622717068	924.2969521903533	618.2593119042724	61.77455645303083	613.7568100065416	NaN
1.02	1	0.10200000000000001	501.28629739452145	2310.3696052695414	8.011152037458439	924.2954934399339	618.3655909761752	61.690410134344134	613.8866935901365	NaN
1.02	1	0.10200000000000001	501.3560777030899	2310.3263044416535	8.012676427141301	924.2938664123346	618.4713273954676	61.61114890047427	614.0253581937899	NaN
1.02	1	0.10200000000000001	501.4262411139211	2310.280699882866	8.014201831868354	924.2920613649477	618.5765220696028	61.53763929024122	614.1723136541376	NaN
1.02	1	0.10200000000000001	501.4967983097037	2310.232781298982	8.0157283960836	924.2900683132035	618.6811829629016	61.47067775823105	614.3269868511915	NaN
1.02	1	0.10200000000000001	501.5677628338755	2310.182535594838	8.017256320585757	924.2878770299885	618.785321623326	61.41098586991016	614.4887244100756	NaN
1.02	1	0.10200000000000001	501.63914924411114	2310.1299478832852	8.018785821529264	924.2854770632281	618.8889502962423	61.35920500334635	614.6567953347352	NaN
1.02	1	0.10200000000000001	501.71097147482004	2310.075002655551	8.020317095028012	924.2828577733155	618.9920795130986	61.315890429962266	614.830393938644	NaN
1.02	1	0.10200000000000001	501.78324147577393	2310.0176850074254	8.021850288633068	924.280008387483	619.0947162246699	61.28150472280553	615.0086437365985	NaN
1.02	1	0.10200000000000001	501.8559680143171	2309.957981952599	8.023385477117218	924.2769180737533	619.1968622897402	61.25641072762023	615.1906025125385	NaN
1.02	1	0.10200000000000001	501.9291557499132	2309.895883690475	8.024922644730887	924.273576028665	619.2985134502861	61.24086433164464	615.3752692447537	NaN
1.02	1	0.10200000000000001	502.0028044707269	2309.831384868058	8.026461671435527	924.2699715805919	619.399658611829	61.23500750356335	615.5615929422785	NaN
1.02	1	0.10200000000000001	502.07690863528165	2309.764485668879	8.028002325966161	924.2660942989319	619.500279603609	61.23886208120257	615.7484839473673	NaN
1.02	1	0.10200000000000001	502.1514570710573	2309.695192806817	8.02954426244384	924.2619341115924	619.6003511870043	61.252324911609364	615.9348273726621	NaN
1.02	1	0.10200000000000001	502.2264330201062	2309.6235202080616	8.03108702432336	924.2574814158164	619.6998415452634	61.2751649245511	616.1194990157949	NaN
1.02	1	0.10200000000000001	502.30181437165686	2309.5494894741587	8.032630052148214	924.2527271839139	619.7987130078053	61.307022694484935	616.3013830240327	NaN
1.02	1	0.10200000000000001	502.37757429164674	2309.473129876952	8.03417269923238	924.2476630438692	619.8969232590571	61.34741301239282	616.4793913140294	NaN
1.02	1	0.10200000000000001	502.453682078207	2309.3944779937	8.035714251511155	924.2422813353604	619.9944267714284	61.39573076325475	616.6524836340373	NaN
1.02	1	0.10200000000000001	502.5301044134358	2309.313576763087	8.037253954806646	924.2365751200126	620.091176653043	61.45126032790806	616.8196878505267	NaN
1.02	1	0.10200000000000001	502.6068068152741	2309.230474113462	8.03879104528194	924.2305381482814	620.1871266253311	61.513188316484076	616.9801191018806	NaN
1.02	1	0.10200000000000001	502.6837553557072	2309.145221063495	8.040324784244323	924.2241647688674	620.2822331926777	61.580619310267934	617.1329971036718	NaN
1.02	1	0.10200000000000001	502.7609184391806	2309.0578694972223	8.04185449301959	924.217449788431	620.3764577289255	61.652593855789604	617.2776604139349	NaN
1.02	1	0.10200000000000001	502.83826857486383	2308.9684696947984	8.043379586548065	924.2103882832171	620.4697683985806	61.7281078390942	617.4135770278644	NaN
1.02	1	0.10200000000000001	502.9157839490835	2308.8770678655223	8.044899601923586	924.2029753792403	620.5621416881738	61.80613215060911	617.540350738028	NaN
1.02	1	0.10200000000000001	502.99344976033024	2308.7837037759577	8.046414221300873	924.195206008991	620.6535635285619	61.88563169813612	617.6577233382102	NaN
1.02	1	0.10200000000000001	503.0712591548139	2308.6884087242975	8.047923286222373	924.1870746679098	620.7440298489739	61.96558282468129	617.7655728400196	NaN
1.02	1	0.10200000000000001	503.14921381518553	2308.591203867698	8.049426804681358	924.1785751764992	620.8335466661674	62.04498860359296	617.8639084635661	NaN
1.02	1	0.10200000000000001	503.22732413446124	2308.4920990495184	8.050924949883079	924.1697004667054	620.9221296686346	62.122891610819465	617.9528630893793	NaN
1.02	1	0.10200000000000001	503.30560904218515	2308.391092104875	8.052418052287488	924.1604423979629	621.009803412204	62.19838416097682	618.0326840893981	NaN
1.02	1	0.10200000000000001	503.38409551303397	2308.2881686553674	8.053906585758922	924.1507916109076	621.0966001937712	62.27061617602326	618.1037233255167	NaN
1.02	1	0.10200000000000001	503.46281775394056	2308.1833024406574	8.055391147977504	924.1407374304023	621.1825586282146	62.33880099996008	618.1664269634838	NaN
1.02	1	0.10200000000000001	503.541816171051	2308.076456088499	8.056872437236592	924.1302678157892	621.2677220657318	62.40221969436105	618.221325691293	NaN
1.02	1	0.10200000000000001	503.62113602503507	2307.967582472357	8.058351224080322	924.1193693796272	621.3521367711268	62.46022424870654	618.2690255881039	NaN
1.02	1	0.10200000000000001	503.70082582836125	2307.8566266151456	8.059828318998365	924.1080274790436	621.4358499478466	62.51224031403179	618.3101998585928	NaN
1.02	1	0.10200000000000001	503.7809354114701	2307.7435282674655	8.061304535026917	924.096226401141	621.5189075531715	62.55776996319979	618.3455813760592	NaN
1.02	1	0.10200000000000001	503.8615136093108	2307.6282252633077	8.062780644624313	924.0839496635488	621.6013518841629	62.59639498716032	618.3759558447671	NaN
1.02	1	0.10200000000000001	503.9426055736331	2307.5106576831877	8.064257331222015	924.0711804452494	621.6832189737547	62.627781194640626	618.4021552385333	NaN
1.02	1	0.10200000000000001	504.02424971087805	2307.3907728601143	8.06573513576033	924.057902164326	621.7645358308373	62.651684031265745	618.4250509834868	NaN
1.02	1	0.10200000000000001	504.10647440329524	2307.2685310257248	8.067214401362305	924.044099193174	621.8453177127052	62.66795565746261	618.4455462361659	NaN
1.02	1	0.10200000000000001	504.18929482153715	2307.143911140742	8.068695221857425	924.0297576692275	621.9255657464736	62.676553265927815	618.4645665164994	NaN
1.02	1	0.10200000000000001	504.27271022364744	2307.016916275625	8.070177401133703	924.014866330462	622.0052652650136	62.67754791720843	618.4830479757617	NaN
1.02	1	0.10200000000000001	504.35670250741606	2306.887577275632	8.071660436486374	923.9994172176525	622.0843855278732	62.67113261049841	618.5019228754371	NaN
1.02	1	0.10200000000000001	504.44123649527944	2306.755953792302	8.073143533388988	923.9834061053175	622.1628811490314	62.657627738357455	618.5221022773469	NaN
1.02	1	0.10200000000000001	504.5262624247312	2306.6221317171576	8.074625658536227	923.9668325003884	622.2406954958379	62.63748192455087	618.5444566938033	NaN
1.02	1	0.10200000000000001	504.6117205513408	2306.486216909601	8.076105627772428	923.9496991383875	622.3177657671349	62.611266627825515	618.5697961309803	NaN
1.02	1	0.10200000000000001	504.6975471272946	2306.348326183434	8.07758221452701	923.9320110429003	622.3940289032302	62.57966397128552	618.5988513666138	NaN
1.02	1	0.10200000000000001	504.78368083095324	2306.2085769370024	8.079054261848018	923.9137742863878	622.4694274003941	62.54344856248036	618.6322582986369	NaN
1.02	1	0.10200000000000001	504.87006851374974	2306.0670772869503	8.080520778443152	923.8949946789947	622.5439140259525	62.50346525250965	618.6705466135573	NaN
1.02	1	0.10200000000000001	504.9566695254953	2305.9239180539435	8.081981006832756	923.87567657625	622.6174548847092	62.46060528984799	618.7141332357103	NaN
1.02	1	0.10200000000000001	505.04345833727496	2305.7791672627513	8.083434460065172	923.855821926363	622.6900307444513	62.41578314052645	618.7633202540518	NaN
1.02	1	0.10200000000000001	505.1304254976029	2305.632867301893	8.084880928960983	923.8354296172378	622.7616368128208	62.36991564541641	618.8182964541089	NaN
1.02	1	0.10200000000000001	505.2175773128378	2305.4850342601258	8.086320467670335	923.8144950962012	622.8322814350939	62.32390434096509	618.8791414186211	NaN
1.02	1	0.10200000000000001	505.30493455985663	2305.3356590385	8.087753363606566	923.7930102383457	622.901984071743	62.27862116206999	618.9458310971273	NaN
1.02	1	0.10200000000000001	505.3925306121519	2305.18470966348	8.089180098716929	923.7709634063876	622.970772936365	62.23489720847127	619.0182439703917	NaN
1.02	1	0.10200000000000001	505.4804092205114	2305.0321344212557	8.09060130643986	923.7483396635439	623.0386825261046	62.19351400853837	619.0961671386815	NaN
1.02	1	0.10200000000000001	505.5686220873784	2304.87786558287	8.092017726842586	923.7251211167195	623.1057511742702	62.15519660334654	619.1793018881073	NaN
1.02	1	0.10200000000000001	505.65722632463763	2304.7218235609453	8.093430161524065	923.7012873742086	623.1720187041154	62.12060774873838	619.2672685326584	NaN
1.02	1	0.10200000000000001	505.74628180164547	2304.563921477033	8.094839428485173	923.6768161210518	623.2375241938075	62.09034259943872	619.3596105048692	NaN
1.02	1	0.10200000000000001	505.8358483315406	2304.404070223445	8.09624631625185	923.6516838317547	623.3023038206294	62.0649233332818	619.4557978147092	NaN
1.02	1	0.10200000000000001	505.9259826694729	2304.242184062175	8.097651536996256	923.6258666353987	623.3663887766387	62.0447932677769	619.5552301988299	NaN
1.02	1	0.10200000000000001	506.0167353386655	2304.0781867287947	8.099055679092176	923.5993413373034	623.4298032808894	62.030310164806224	619.6572404909354	NaN
1.02	1	0.10200000000000001	506.1081472392856	2303.912018117993	8.10045915860905	923.5720866193462	623.4925626712234	62.02173863293527	619.7610988058478	NaN
1.02	1	0.10200000000000001	506.20024634053686	2303.743640996537	8.101862174547232	923.5440843373406	623.5546717945657	62.01924175108079	619.8660185975085	NaN
1.02	1	0.10200000000000001	506.29304461353314	2303.573047426568	8.10326467018718	923.515320864333	623.6161237919249	62.022872443581775	619.9711654842733	NaN
1.02	1	0.10200000000000001	506.386535818247	2303.400263725252	8.104666309574865	923.4857882753988	623.6768996522673	62.03256552741053	620.0756700788771	NaN
1.02	1	0.10200000000000001	506.48069467777435	2303.225352890724	8.106066476366909	923.455485165382	623.7369687985766	62.048131820583514	620.1786455761409	NaN
1.02	1	0.10200000000000001	506.5754779691918	2303.0484133991645	8.10746430164263	923.4244168655371	623.796290914472	62.06925596232502	620.279210218764	NaN
1.02	1	0.10200000000000001	506.6708278180717	2302.869573707821	8.108858723193999	923.3925948799872	623.8548190211194	62.09549951515486	620.3765137309124	NaN
1.02	1	0.10200000000000001	506.76667702247994	2302.6889826681286	8.110248571812196	923.3600355066023	623.9125035129044	62.12631034456101	620.4697656290018	NaN
1.02	1	0.10200000000000001	506.862955697719	2302.5067970998575	8.11163267257691	923.3267578021209	623.9692965680949	62.161038250200164	620.5582624412637	NaN
1.02	1	0.10200000000000001	506.95959822441347	2302.323168429945	8.113009945473738	923.2927811963644	624.0251562465024	62.198955682502124	620.6414107928379	NaN
1.02	1	0.10200000000000001	507.05654953145597	2302.1382302807874	8.114379491387707	923.258123093569	624.0800497148141	62.23928154374795	620.7187440992593	NaN
1.02	1	0.10200000000000001	507.1537699510554	2301.9520885565203	8.115740653389631	923.2227967714767	624.1339552473075	62.28120574273869	620.7899318028495	NaN
1.02	1	0.10200000000000001	507.2512383450069	2301.764814720732	8.117093050405659	923.1868097538245	624.1868629690127	62.323912446495264	620.8547814399983	NaN
1.02	1	0.10200000000000001	507.3489535162088	2301.5764423510273	8.118436584989288	923.1501627264747	624.2387744987873	62.3666005707105	620.913234739753	NaN
1.02	1	0.10200000000000001	507.44693422011596	2301.386966454364	8.119771430980965	923.112848949816	624.2897017982032	62.40850080414693	620.9653594605429	NaN
1.02	1	0.10200000000000001	507.5452179761854	2301.1963452176983	8.121098004976846	923.0748541480599	624.3396654404968	62.44888901220338	621.011338583996	NaN
1.02	1	0.10200000000000001	507.6438590037283	2301.004503603573	8.12241692697293	923.0361567956875	624.3886925522798	62.4870963995544	621.0514583586573	NaN
1.02	1	0.10200000000000001	507.74292543677876	2300.811338507636	8.123728972979396	922.9967287728552	624.4368145665377	62.52251706735253	621.086096264175	NaN
1.02	1	0.10200000000000001	507.8424958342457	2300.616725452436	8.12503502043939	922.9565364096644	624.484064844811	62.55461374083814	621.1157095710063	NaN
1.02	1	0.10200000000000001	507.9426548908417	2300.4205270027987	8.12633598585003	922.9155419834859	624.5304761736164	62.5829225005758	621.1408248084381	NaN
1.02	1	0.10200000000000001	508.04348828768224	2300.222603019973	8.127632754530998	922.873705723592	624.5760781637754	62.60705736916121	621.1620281398797	NaN
1.02	1	0.10200000000000001	508.1450763435454	2300.0228234142114	8.12892609906516	922.8309884977301	624.6208944666837	62.626715453545735	621.179956256412	NaN
1.02	1	0.10200000000000001	508.24748666243573	2299.8210830027656	8.130216590037659	922.787355141229	624.6649399800818	62.64168329835	621.1952872011368	NaN
1.02	1	0.10200000000000001	508.35076610626317	2299.6173178017802	8.131504504204836	922.7427783225874	624.7082182551507	62.65184468898992	621.2087301902868	NaN
1.02	1	0.10200000000000001	508.4549330295647	2299.4115208614135	8.132789742388843	922.6972425569352	624.7507195335265	62.65718956698962	621.2210133514429	NaN
1.02	1	0.10200000000000001	508.5599717225155	2299.2037537312676	8.134071780669581	922.6507474866967	624.7924201550351	62.657822845464615	621.232868431331	NaN
1.02	1	0.10200000000000001	508.66583116489517	2298.99414930454	8.13534967820284	922.6033093911623	624.8332839631727	62.65397083366171	621.2450120257115	NaN
1.02	1	0.10200000000000001	508.77242990772373	2298.7829023500412	8.136622159221739	922.5549599245943	624.8732660426762	62.64598234498702	621.258123951385	NaN
1.02	1	0.10200000000000001	508.879667062523	2298.570247709248	8.137887763102974	922.5057418539363	624.9123183060525	62.6343219477093	621.2728246135822	NaN
1.02	1	0.10200000000000001	508.987437207783	2298.356430504111	8.139145031094795	922.4557025887092	624.9503956993013	62.61955452043375	621.2896540826699	NaN
1.02	1	0.10200000000000001	509.0956456074361	2298.14167558003	8.140392684433408	922.4048870678903	624.9874615225178	62.60232261235908	621.3090555052671	NaN
1.02	1	0.10200000000000001	509.20422034332387	2297.926163040369	8.14162975491517	922.3533316314748	625.0234907520254	62.583319886595085	621.3313644294167	NaN
1.02	1	0.10200000000000001	509.31311979362806	2297.710013092865	8.142855653281638	922.3010597666905	625.0584711249574	62.56326426879378	621.3568042594674	NaN
1.02	1	0.10200000000000001	509.4223354258181	2297.493280339956	8.144070179545814	922.2480799302236	625.0924023449292	62.54287360322765	621.3854869025962	NaN
1.02	1	0.10200000000000001	509.5318909192349	2297.275955521936	8.14527349086616	922.1943851247381	625.1252940671972	62.522845287521314	621.417417108114	NaN
1.02	1	0.10200000000000001	509.64183888469165	2297.0579721859767	8.146466044164328	922.139953731905	625.1571632955079	62.503840161076845	621.4524989600357	NaN
1.02	1	0.10200000000000001	509.75225602462933	2296.8392165748965	8.147648524756562	922.0847512590188	625.188031590986	62.486470162834394	621.490543186715	NaN
1.02	1	0.10200000000000001	509.86323739067495	2296.619539390463	8.148821769366378	922.0287327128607	625.2179223683432	62.47128882379515	621.5312743894999	NaN
1.02	1	0.10200000000000001	509.9748897611329	2296.3987693383156	8.149986684594008	921.971845611067	625.2468583372015	62.458783558062926	621.5743376113087	NaN
1.02	1	0.10200000000000001	510.08732410063055	2296.1767284738007	8.151144161303682	921.9140336702644	625.2748591298582	62.449368689002505	621.6193041249791	NaN
1.02	1	0.10200000000000001	510.20064677252594	2295.9532499338147	8.152294982540168	921.8552413628354	625.3019390931807	62.443378281412414	621.6656766738461	NaN
1.02	1	0.10200000000000001	510.3149494478154	2295.728198084108	8.153439725738592	921.7954194019344	625.3281053123087	62.44105804961928	621.7128949378025	NaN
1.02	1	0.10200000000000001	510.4302979828041	2295.501490450572	8.154578663356743	921.7345310408317	625.3533560108634	62.44255603155043	621.7603425228156	NaN
1.02	1	0.10200000000000001	510.5467216406892	2295.2731186347214	8.155711676478553	921.6725584712894	625.377679676918	62.447912424986136	621.8073574405721	NaN
1.02	1	0.10200000000000001	510.6642049824485	2295.0431635905957	8.156838203441705	921.609508042655	625.4010553381526	62.45705006246276	621.8532482292187	NaN
1.02	1	0.10200000000000001	510.782685899452	2294.8117984935457	8.157957253561072	921.545412318534	625.423454433334	62.469768217478936	621.8973174062444	NaN
1.02	1	0.10200000000000001	510.9020624265425	2294.579274223702	8.159067504145899	921.4803273288879	625.4448443042986	62.485743122089794	621.938891902333	NaN
1.02	1	0.10200000000000001	511.0222084742556	2294.3458875183437	8.160167473006874	921.4143246772363	625.4651927160503	62.504537866301646	621.9773572277543	NaN
1.02	1	0.10200000000000001	511.14299495493304	2294.1119390315553	8.161255725573238	921.3474802138832	625.484472247515	62.52562202098126	622.0121897102498	NaN
1.02	1	0.10200000000000001	511.2643107872514	2293.8776922900583	8.162331062348567	921.2798622367645	625.5026634023155	62.54839848011859	622.0429811262086	NaN
1.02	1	0.10200000000000001	511.38607900283165	2293.643342873434	8.163392645403016	921.2115219549856	625.5197558340506	62.57223325467611	622.069452453338	NaN
1.02	1	0.10200000000000001	511.50826589164427	2293.4090016822925	8.164440051397735	921.142487559455	625.5357477937113	62.59648405210556	622.0914567584103	NaN
1.02	1	0.10200000000000001	511.63088369821895	2293.174691075798	8.165473262633713	921.0727618237122	625.5506443531558	62.62052488755183	622.1089735838968	NaN
1.02	1	0.10200000000000001	511.75398840755963	2292.9403506738336	8.166492615422177	921.0023225332849	625.5644550104236	62.64376560866869	622.1220979760877	NaN
1.02	1	0.10200000000000001	511.87767421720594	2292.7058495496553	8.16749872366818	920.9311249459898	625.5771911537198	62.665666512467695	622.1310270251298	NaN
1.02	1	0.10200000000000001	512.0020656166186	2292.4710028742893	8.168492388285877	920.8591058195977	625.5888636681285	62.68574897559093	622.1360460115159	NaN
1.02	1	0.10200000000000001	512.1273071725673	2292.235592652098	8.169474495574883	920.786188989731	625.5994808274309	62.70360335412136	622.1375154345114	NaN
1.02	1	0.10200000000000001	512.253550780155	2291.9993928058793	8.170445905019903	920.7122926709816	625.6090465787336	62.71889554875475	622.1358594762819	NaN
1.02	1	0.10200000000000001	512.3809394937036	2291.7622000269353	8.171407322526253	920.6373390353102	625.6175593046056	62.73137350375689	622.131555777384	NaN
1.02	1	0.10200000000000001	512.5095880373171	2291.5238698855874	8.172359163516598	920.5612660520807	625.6250112650873	62.740874733465816	622.1251257309978	NaN
1.02	1	0.10200000000000001	512.6395614190087	2291.2843552279587	8.17330141987488	920.4840407739641	625.6313889754168	62.747335302636415	622.1171237422294	NaN
1.02	1	0.10200000000000001	512.770856432737	2291.043737817368	8.17423356676273	920.4056712008531	625.6366747945386	62.750799496702484	622.1081232359344	NaN
1.02	1	0.10200000000000001	512.9033939385342	2290.802238923013	8.17515456090201	920.3262118792436	625.6408497429707	62.75142754584034	622.0986971892913	NaN
1.02	1	0.10200000000000001	513.0370297229924	2290.5601954565386	8.176062971508198	920.2457582944929	625.643897011534	62.74949707651282	622.089392442578	NaN
1.02	1	0.10200000000000001	513.1715847576326	2290.3180016331476	8.176957229267005	920.1644292266394	625.6458050213786	62.74539413555159	622.0807001379094	NaN
1.02	1	0.10200000000000001	513.3068854080492	2290.0760347044024	8.177835911601322	920.0823425280453	625.6465688611696	62.739592724779996	622.0730275746088	NaN
1.02	1	0.10200000000000001	513.442799396727	2289.8345909788895	8.178697964339959	919.9995929108579	625.6461896572906	62.732626118300246	622.0666770492792	NaN
1.02	1	0.10200000000000001	513.5792582304529	2289.5938483704567	8.179542807551949	919.9162375961412	625.6446723500429	62.725055635732694	622.0618345437651	NaN
1.02	1	0.10200000000000001	513.7162645853108	2289.3538571228237	8.180370331234547	919.8322910258338	625.6420227768468	62.717441877375926	622.0585677456601	NaN
1.02	1	0.10200000000000001	513.8538889068237	2289.1145500918947	8.181180821811013	919.7477262617731	625.638244838475	62.71032103146161	622.0568308324531	NaN
1.02	1	0.10200000000000001	513.9922592564382	2288.875764689829	8.181974853730997	919.6624807246226	625.633338208333	62.70418667871458	622.0564731553803	NaN
1.02	1	0.10200000000000001	514.1315469931836	2288.6372714152963	8.182753167442739	919.5764647297966	625.6272968199237	62.699476129180034	622.0572495795648	NaN
1.02	1	0.10200000000000001	514.2719489581792	2288.3988073828846	8.183516541496328	919.4895724158999	625.6201082911392	62.69655969041179	622.0588312099734	NaN
1.02	1	0.10200000000000001	514.4136652913845	2288.1601158828453	8.184265657763747	919.4016955951992	625.6117544923089	62.695731109491284	622.0608162588301	NaN
1.02	1	0.10200000000000001	514.5568717078462	2287.92099335796	8.185000958450464	919.3127412381967	625.6022135392873	62.69719759554144	622.0627418473445	NaN
1.02	1	0.10200000000000001	514.7016869935246	2287.6813417944186	8.18572250473144	919.222652092159	625.5914634139011	62.70106846257162	622.0640985618148	NaN
1.02	1	0.10200000000000001	514.8481410521824	2287.4412170761525	8.186429867901625	919.1314270553103	625.5794869740238	62.707342920815464	622.0643502562203	NaN
1.02	1	0.10200000000000001	514.9961559200896	2287.200853015856	8.187122110074684	919.0391334583863	625.5662771287027	62.71590008392042	622.0629610356533	NaN
1.02	1	0.10200000000000001	515.1455551058609	2286.960637708074	8.187797909001151	918.9459015211085	625.5518399136556	62.72649685560659	622.0594285571423	NaN
1.02	1	0.10200000000000001	515.2961068426531	2286.7210365340557	8.188455820179344	918.8518973676528	625.5361933685394	62.73877925429558	622.0533183848627	NaN
1.02	1	0.10200000000000001	515.4475865935295	2286.482488923244	8.18909457846619	918.7572837491563	625.5193621857626	62.75230804007965	622.0442915603168	NaN
1.02	1	0.10200000000000001	515.59983299017	2286.2453215289543	8.189713315358624	918.662184742602	625.5013704038537	62.76659320816231	622.03211975734	NaN
1.02	1	0.10200000000000001	515.7527799620956	2286.0097038190715	8.190311633396837	918.5666653910516	625.4822348374903	62.78112930519376	622.016687601103	NaN
1.02	1	0.10200000000000001	515.9064645674745	2285.775644162096	8.190889562147255	918.4707267196318	625.4619605998265	62.795425740421116	621.9979856037448	NaN
1.02	1	0.10200000000000001	516.0610180525098	2285.543012238575	8.191447448708832	918.3743114557452	625.4405388735966	62.80902994148823	621.9760981920986	NaN
1.02	1	0.10200000000000001	516.2166468801137	2285.3115757146843	8.191985823275388	918.2773162046761	625.4179467130019	62.82154386242121	621.9511906078616	NaN
1.02	1	0.10200000000000001	516.3736061892653	2285.081046260358	8.19250525787626	918.1796084657165	625.39414890932	62.83263561071639	621.9234973892794	NaN
1.02	1	0.10200000000000001	516.5321647080814	2284.8511352463597	8.193006222722182	918.0810489859688	625.3691023513938	62.84204839137921	621.8933140830649	NaN
1.02	1	0.10200000000000001	516.6925583874838	2284.6216217136066	8.19348894075161	917.9815209937775	625.3427636413783	62.84960888195065	621.8609927104076	NaN
1.02	1	0.10200000000000001	516.854934012706	2284.3924290576406	8.193953255711119	917.8809653112689	625.3151001579688	62.85523663881783	621.8269393147068	NaN
1.02	1	0.10200000000000001	517.0192952689372	2284.163691403001	8.19439855750001	917.7794133726865	625.2861026655934	62.858954527218835	621.7916082316465	NaN
1.02	1	0.10200000000000001	517.1854806346183	2283.9357695553654	8.194823835463177	917.6769998829863	625.255793812127	62.86089702864507	621.7554837497869	NaN
1.02	1	0.10200000000000001	517.3532035533382	2283.709179937864	8.195227896897952	917.5739366350044	625.2242252663358	62.861309799780486	621.7190418457141	NaN
1.02	1	0.10200000000000001	517.52214986783	2283.484452251293	8.195609673505952	917.4704513556089	625.1914619143664	62.8605343587061	621.6826973478434	NaN
1.02	1	0.10200000000000001	517.6920825043696	2283.261989699649	8.195968453820722	917.3667230961819	625.1575610849658	62.858978549695365	621.6467552172234	NaN
1.02	1	0.10200000000000001	517.8629054000983	2283.0419947465443	8.196303944872014	917.2628437886736	625.1225567745477	62.857080648634174	621.6113821162592	NaN
1.02	1	0.10200000000000001	518.0346785905867	2282.8244648139857	8.196616193419572	917.1588105006844	625.0864524195571	62.855275714467865	621.5766003268212	NaN
1.02	1	0.10200000000000001	518.2076011637579	2282.60923006314	8.196905444972241	917.0545376324015	625.0492205222531	62.85396859279978	621.5422970164536	NaN
1.02	1	0.10200000000000001	518.3819769059933	2282.396010398897	8.197171994830951	916.9498795834746	625.0108069761245	62.85351380968551	621.5082417152992	NaN
1.02	1	0.10200000000000001	518.5581670756774	2282.1844837064896	8.197416053479467	916.8446608253614	624.971139592942	62.85420031431355	621.4741083577593	NaN
1.02	1	0.10200000000000001	518.736526372568	2281.974367772943	8.197637633437793	916.7387153028112	624.930142049275	62.8562382229091	621.4395019384832	NaN
1.02	1	0.10200000000000001	518.9173182566209	2281.7655173505545	8.1978364695044	916.6319368508259	624.8877545626821	62.859744998716174	621.4039920700073	NaN
1.02	1	0.10200000000000001	519.1006198714546	2281.558021033351	8.198012001622413	916.5243338315155	624.8439593011364	62.864730477557224	621.3671549588544	NaN
1.02	1	0.10200000000000001	519.2862618759499	2281.3522458575526	8.198163464121313	916.4160609969356	624.7987995022122	62.871084925921366	621.3286182674018	NaN
1.02	1	0.10200000000000001	519.4738698216001	2281.1487633666175	8.19829008590219	916.3073906914874	624.752374378999	62.8785799849982	621.2880937684237	NaN
1.02	1	0.10200000000000001	519.6630183193574	2280.9481624406167	8.198391304965643	916.1986197607905	624.7048038952249	62.88689083576946	621.2453848961215	NaN
1.02	1	0.10200000000000001	519.8534048932873	2280.7508640230935	8.198466856835639	916.089968830314	624.6561844300132	62.89563546606896	621.2003752247999	NaN
1.02	1	0.10200000000000001	520.0449459453582	2280.5570393717435	8.198516703493878	915.981530231431	624.6065608075305	62.90441712202419	621.1530139894056	NaN
1.02	1	0.10200000000000001	520.2377859833235	2280.366627448071	8.198540882348533	915.873267535022	624.5559195592715	62.912859343860234	621.1033060127708	NaN
1.02	1	0.10200000000000001	520.432256322014	2280.179402157736	8.198539357134095	915.7650439398406	624.5041960835681	62.92063091805514	621.0513062242352	NaN
1.02	1	0.10200000000000001	520.6288060494206	2279.995059606095	8.198511912468286	915.6566652224823	624.4512906593525	62.927462659421494	620.997119809907	NaN
1.02	1	0.10200000000000001	520.8279049397792	2279.813320775867	8.198458115293494	915.5479362538176	624.3970938157778	62.93315939822111	620.940911471445	NaN
1.02	1	0.10200000000000001	521.029908869671	2279.6340527071643	8.19837737045616	915.4387348117873	624.3415239799906	62.93761058380177	620.8829265424521	NaN
1.02	1	0.10200000000000001	521.2349038635601	2279.4573871963407	8.198269092295929	915.3290921582559	624.284573280683	62.940801702942565	620.823516338383	NaN
1.02	1	0.10200000000000001	521.4426149761514	2279.2837612941144	8.198132946621515	915.2192334904416	624.2263371521016	62.942824552131256	620.7631377690601	NaN
1.02	1	0.10200000000000001	521.6525093047264	2279.1137877532337	8.197968992368585	915.1095132089654	624.1669894079995	62.94387749296361	620.7022875237222	NaN
1.02	1	0.10200000000000001	521.8640776489169	2278.9480032674287	8.197777564848087	915.0002614119358	624.1067039321755	62.944245591808006	620.6413827287947	NaN
1.02	1	0.10200000000000001	522.077081040777	2278.7866873332287	8.19755898362026	914.8916587212933	624.0455824794235	62.944262941754694	620.5806634998598	NaN
1.02	1	0.10200000000000001	522.2916282638463	2278.629841747022	8.197313288523908	914.7837057491643	623.9836289130337	62.944271226634626	620.5201623633334	NaN
1.02	1	0.10200000000000001	522.5081328022297	2278.477265967676	8.197040090194406	914.6762559351959	623.9207585995964	62.94458541340016	620.4597225397413	NaN
1.02	1	0.10200000000000001	522.7272135318839	2278.328663312915	8.19673854248477	914.5690747800909	623.8568255935803	62.945468597062856	620.3990396615036	NaN
1.02	1	0.10200000000000001	522.9495487455107	2278.18376160832	8.196407462806599	914.4619179141503	623.791665071915	62.947112846020175	620.3377195670922	NaN
1.02	1	0.10200000000000001	523.175659893162	2278.0424539891264	8.196045670317984	914.3546363191401	623.7251579094992	62.94962153466663	620.2753582499126	NaN
1.02	1	0.10200000000000001	523.4056421588203	2277.9049359839846	8.195652559738281	914.2472962724809	623.6573121619965	62.95299111199306	620.2116430462138	NaN
1.02	1	0.10200000000000001	523.6390189400546	2277.7717289517304	8.195228611928236	914.1402293719299	623.5883083886814	62.9570992610762	620.1464311136043	NaN
1.02	1	0.10200000000000001	523.8749906594685	2277.6434696144393	8.194775204393062	914.0338978277963	623.518427178869	62.96171663377732	620.0797264831117	NaN
1.02	1	0.10200000000000001	524.1129570039235	2277.520602696366	8.194293681137385	913.9286509543183	623.4478935850365	62.96654813104479	620.011571440074	NaN
1.02	1	0.10200000000000001	524.3528267771741	2277.403260510764	8.193784560594903	913.8245991293518	623.3767836282902	62.97128336999312	619.9419739295045	NaN
1.02	1	0.10200000000000001	524.5950057383822	2277.2913374349832	8.193247304678756	913.7216400680232	623.3050272629883	62.97563672553519	619.8709060649778	NaN
1.02	1	0.10200000000000001	524.8402334432673	2277.1846254991005	8.192680473413596	913.6195478557934	623.2324575423006	62.97937398560204	619.798336702642	NaN
1.02	1	0.10200000000000001	525.089331408906	2277.0829582833667	8.19208220501666	913.5180901016853	623.1588868414492	62.982330044507755	619.7242875956091	NaN
1.02	1	0.10200000000000001	525.3428381453356	2276.9863557714057	8.191451126225301	913.417176587036	623.0842160847769	62.98442328236872	619.6489206748108	NaN
1.02	1	0.10200000000000001	525.6006096475091	2276.8951216835026	8.190787539540365	913.3170006082274	623.0085519393375	62.985669913800066	619.5726265085705	NaN
1.02	1	0.10200000000000001	525.8617928072143	2276.8097586053545	8.190093787123788	913.2180165120707	622.9322110991832	62.986192206220935	619.4959865175815	NaN
1.02	1	0.10200000000000001	526.1254785224495	2276.7306846717656	8.18937270998646	913.1206661704828	622.8555248877168	62.98620336101576	619.4195295796989	NaN
1.02	1	0.10200000000000001	526.3913972442881	2276.658046213167	8.188625660147489	913.0251282591415	622.7786363056446	62.985964923010016	619.3434982609962	NaN
1.02	1	0.10200000000000001	526.6600491980819	2276.591773456788	8.187851866164984	912.9313044236015	622.7014671033136	62.9857380690837	619.2678113647951	NaN
1.02	1	0.10200000000000001	526.9325082980291	2276.531722171604	8.18704875517944	912.838923621774	622.6237813426734	62.985745778546914	619.1921390657286	NaN
1.02	1	0.10200000000000001	527.2100791634597	2276.477809146605	8.186212836560038	912.7476834127873	622.5452899950704	62.98614639575051	619.1160243137623	NaN
1.02	1	0.10200000000000001	527.4937297166441	2276.4301282917368	8.185341432082984	912.6574412859916	622.465814629066	62.9870124045285	619.0390644402701	NaN
1.02	1	0.10200000000000001	527.7833248285535	2276.3890038152717	8.184435235267777	912.5684299707867	622.3854968798885	62.98831109398882	618.9611454919751	NaN
1.02	1	0.10200000000000001	528.0774844849201	2276.3548597720837	8.183499088480291	912.4812390842708	622.3048216665281	62.98989969866059	618.8825123843689	NaN
1.02	1	0.10200000000000001	528.3748882633613	2276.3279584656143	8.182538028117373	912.396379865147	622.2242440664321	62.99155791542443	618.8034583973781	NaN
1.02	1	0.10200000000000001	528.6754257656835	2276.308350898393	8.181553420770085	912.3139775685978	622.143881525248	62.99304425956774	618.7240514731161	NaN
1.02	1	0.10200000000000001	528.9800527171307	2276.29603458252	8.18054315383881	912.2338753138037	622.0635718254764	62.99414234971265	618.6441863836678	NaN
1.02	1	0.10200000000000001	529.2901820273773	2276.2910851603124	8.179503501276308	912.1558440366296	621.9830513536191	62.994691831300464	618.5637409468101	NaN
1.02	1	0.10200000000000001	529.6067614162711	2276.2936886253083	8.178432231881336	912.0798256244793	621.9022006055377	62.99461198476715	618.4827943014532	NaN
1.02	1	0.10200000000000001	529.9292526170788	2276.3040359083093	8.177332223776256	912.0061343292422	621.8212903867809	62.993923701915975	618.4018371658033	NaN
1.02	1	0.10200000000000001	530.2559283803024	2276.3221652318407	8.176210634961363	911.9353070883915	621.7408753314372	62.992754438140565	618.3216141599672	NaN
1.02	1	0.10200000000000001	530.5859219222722	2276.3480126516183	8.175071879962793	911.8676242932819	621.6612730745707	62.99129944805334	618.2425542883291	NaN
1.02	1	0.10200000000000001	530.9201505349002	2276.3816189089484	8.173914296337315	911.8029863001298	621.5823672951176	62.989760976343106	618.164556038687	NaN
1.02	1	0.10200000000000001	531.2608116401707	2276.423257804778	8.1727318026295	911.7411062385098	621.5037691810835	62.98830192645069	618.0871572615857	NaN
1.02	1	0.10200000000000001	531.6104604661141	2276.47342252687	8.171517142346906	911.6817367334996	621.4250606007525	62.98701739815985	618.0097967204573	NaN
1.02	1	0.10200000000000001	531.9702036767104	2276.5325356036337	8.17026826705831	911.6249667686244	621.346200418103	62.985917941920725	617.9322430987927	NaN
1.02	1	0.10200000000000001	532.3378198683395	2276.600423351666	8.168994895058331	911.5713978165282	621.2678796521766	62.98492325050778	617.8549920957267	NaN
1.02	1	0.10200000000000001	532.7104649728576	2276.676562470109	8.167708993750386	911.5215957615226	621.1908646657354	62.983877020839245	617.7786829198075	NaN
1.02	1	0.10200000000000001	533.0884513387434	2276.760914647526	8.166411659870475	911.4756156578582	621.115227292889	62.98259404433	617.7033711742621	NaN
1.02	1	0.10200000000000001	533.4739311573226	2276.8538981751385	8.165097849032694	911.4333273828855	621.040697003234	62.98091671755335	617.6288667907854	NaN
1.02	1	0.10200000000000001	533.8685696502301	2276.955919337912	8.163764505724162	911.3947376560692	620.9671512851216	62.97876121932172	617.5551935160532	NaN
1.02	1	0.10200000000000001	534.2709602144226	2277.066583934339	8.162419175952834	911.360166060164	620.8950552926523	62.97615853516834	617.4829861483515	NaN
1.02	1	0.10200000000000001	534.6782969127428	2277.184947411284	8.161073935098825	911.3299481751295	620.8250683427655	62.97324427738149	617.4130369233179	NaN
1.02	1	0.10200000000000001	535.0912704621046	2277.3109569958774	8.159729136791624	911.3040775591419	620.7572018455404	62.97017548413649	617.3454059482373	NaN
1.02	1	0.10200000000000001	535.5138639437414	2277.4456418427208	8.15837484935825	911.2824166967441	620.6909804484573	62.9670686957027	617.2795771711916	NaN
1.02	1	0.10200000000000001	535.9511891276856	2277.5905764647355	8.156998617255743	911.2649537701999	620.6258856927662	62.96397310001943	617.2149207902961	NaN
1.02	1	0.10200000000000001	536.4045419639014	2277.7461819896116	8.15560114306213	911.251974868614	620.562084815168	62.96087830299703	617.1514526818204	NaN
1.02	1	0.10200000000000001	536.8675141637634	2277.910080564479	8.154206754661342	911.2438905791142	620.5007777682051	62.957735892831515	617.0902430901967	NaN
1.02	1	0.10200000000000001	537.3377409413943	2278.081051535549	8.152826380444205	911.2407984851897	620.442461605368	62.954426933508806	617.0317525679857	NaN
1.02	1	0.10200000000000001	537.8188286341641	2278.2599891531604	8.15145345737591	911.2427280918826	620.3868804857175	62.950816906223224	616.9757830490296	NaN
1.02	1	0.10200000000000001	538.3117362356894	2278.446832915909	8.150089918683726	911.2497830170628	620.334164183289	62.94686522379961	616.9225830415252	NaN
1.02	1	0.10200000000000001	538.8121030114215	2278.6394190960414	8.148752117662438	911.2619207920168	620.2849654556551	62.942668980078956	616.8729307002847	NaN
1.02	1	0.10200000000000001	539.3195572922639	2278.837008871298	8.147444673603585	911.2790568806192	620.239433755674	62.93835487013453	616.8270354933453	NaN
1.02	1	0.10200000000000001	539.8409905053363	2279.0416873298254	8.14615439098932	911.3014144835748	620.197134105032	62.9339845877172	616.7844326748206	NaN
1.02	1	0.10200000000000001	540.3839598403001	2279.255808091096	8.144869445637102	911.3294666284722	620.1578088969869	62.92956179247607	616.7447694931285	NaN
1.02	1	0.10200000000000001	540.9450546839855	2279.4773103236557	8.143605643632682	911.3631900562075	620.1220979672495	62.925100150238904	616.7085803743913	NaN
1.02	1	0.10200000000000001	541.5143207829591	2279.7014453489087	8.142390922524	911.4019221471611	620.0908313406007	62.92060115761529	616.676651622536	NaN
1.02	1	0.10200000000000001	542.0959926399797	2279.9290109587673	8.141220648615356	911.4457784451104	620.0638747569074	62.91595924615697	616.6488777865778	NaN
1.02	1	0.10200000000000001	542.6902804452126	2280.1591612019943	8.140099443815247	911.4946156364754	620.0413498282359	62.91116513387195	616.6254675705133	NaN
1.02	1	0.10200000000000001	543.2921588852906	2280.3890156450616	8.139040718533337	911.5477782156864	620.0234921722462	62.90632657201233	616.606743626367	NaN
1.02	1	0.10200000000000001	543.9049442308257	2280.618899807994	8.138041976685892	911.6052704513224	620.0102018953705	62.90151540570116	616.5926206213848	NaN
1.02	1	0.10200000000000001	544.535340318306	2280.850257928784	8.137097290993914	911.6674793524918	620.0014232223256	62.89675225577941	616.5829905074188	NaN
1.02	1	0.10200000000000001	545.1799305182025	2281.0806840786286	8.136217126038293	911.7338051167058	619.9972976515539	62.89207635329165	616.5779350921723	NaN
1.02	1	0.10200000000000001	545.8327542860944	2281.307006344633	8.13541273464805	911.803273864838	619.9978179617846	62.88749506962976	616.5774272068165	NaN
1.02	1	0.10200000000000001	546.4981301689941	2281.5297100838497	8.134681165055177	911.8759476446323	620.0028936671307	62.882948191443575	616.581398331346	NaN
1.02	1	0.10200000000000001	547.1754026927767	2281.747512446431	8.134025790874635	911.951348776746	620.0124333673242	62.8784579181885	616.589815794378	NaN
1.02	1	0.10200000000000001	547.8612827268727	2281.958392285037	8.133451196497736	912.0286712552314	620.0262363690998	62.874104120099204	616.6025230592368	NaN
1.02	1	0.10200000000000001	548.5575618487958	2282.162005889329	8.132956505615379	912.107660014674	620.0441439281293	62.86993379571025	616.6193532745197	NaN
1.02	1	0.10200000000000001	549.2634694236448	2282.3572582358997	8.132542596247035	912.1877633590345	620.065925721384	62.8659755697192	616.640046295298	NaN
1.02	1	0.10200000000000001	549.9780529194427	2282.5431123000058	8.132209542441965	912.2684042150313	620.0913058581693	62.862223630878674	616.664309074309	NaN
1.02	1	0.10200000000000001	550.7056577688742	2282.7199004762547	8.13195493027011	912.3495971339204	620.1201927237742	62.858642223460066	616.6920572638232	NaN
1.02	1	0.10200000000000001	551.4477748047714	2282.8870984503187	8.131778299928714	912.4310150409599	620.1524095227983	62.85523792104599	616.7231452155241	NaN
1.02	1	0.10200000000000001	552.2010107942583	2283.043172931943	8.131679605363956	912.5117923522943	620.1875351157264	62.85206199107975	616.757180027908	NaN
1.02	1	0.10200000000000001	552.9637254419183	2283.18723088302	8.131656844646802	912.5912827541819	620.2251738615903	62.84915173885353	616.7937660831228	NaN
1.02	1	0.10200000000000001	553.7360835023406	2283.3188787363524	8.131707083117886	912.6690537094516	620.2649951970174	62.84651365903192	616.832558809373	NaN
1.02	1	0.10200000000000001	554.5220130636915	2283.438340664808	8.131827731022042	912.7450452870903	620.3068635203259	62.84412699687088	616.8734151790715	NaN
1.02	1	0.10200000000000001	555.3270931026764	2283.545854088504	8.132017457297572	912.8192957047095	620.350742774343	62.84197598343534	616.9163078764908	NaN
1.02	1	0.10200000000000001	556.1509355764769	2283.6407202138666	8.13227390617373	912.8912417358341	620.3962625284258	62.84007956040561	616.96088691559	NaN
1.02	1	0.10200000000000001	556.9888071197938	2283.7220055356215	8.132592054448946	912.9599951530392	620.4427842164206	62.83846823221923	617.0065261389132	NaN
1.02	1	0.10200000000000001	557.8402474907559	2283.7895403543735	8.13296705782765	913.025110614763	620.4898914858014	62.83714813504619	617.0528048821999	NaN
1.02	1	0.10200000000000001	558.7107056692628	2283.843627313505	8.13339655311862	913.0865877909978	620.5374864348139	62.83610535307104	617.0996187885222	NaN
1.02	1	0.10200000000000001	559.6080697074327	2283.884429845771	8.133880027001261	913.1444813776587	620.585574260037	62.83533000017577	617.1469764797286	NaN
1.02	1	0.10200000000000001	560.5321431404802	2283.9115914642125	8.13441262085433	913.198239303546	620.6336859163713	62.83483152318373	617.194422852691	NaN
1.02	1	0.10200000000000001	561.4748905526615	2283.924907300435	8.134983681394926	913.2469763056101	620.6809509742585	62.83461938375341	617.241097839757	NaN
1.02	1	0.10200000000000001	562.4365421462016	2283.9247620510814	8.135586406725487	913.290417211126	620.7269542919098	62.83468519138197	617.2865836978389	NaN
1.02	1	0.10200000000000001	563.4244033200741	2283.911546216282	8.136218200143091	913.328593715991	620.7716034902993	62.83501604784889	617.3307860245404	NaN
1.02	1	0.10200000000000001	564.4396945747261	2283.8856561061043	8.13687230833133	913.3612406081699	620.814490211813	62.83560205525265	617.3733031443267	NaN
1.02	1	0.10200000000000001	565.4701737862193	2283.84819459384	8.137532884509222	913.387834133629	620.854704721424	62.83642273550108	617.4132323605875	NaN
1.02	1	0.10200000000000001	566.5100904819705	2283.8005741839092	8.138188434975504	913.4083394518489	620.8917546517197	62.83744970463582	617.4500779453015	NaN
1.02	1	0.10200000000000001	567.5609610538011	2283.744047758098	8.138832592247667	913.4230021097478	620.925495732357	62.838654819878926	617.4836903066999	NaN
1.02	1	0.10200000000000001	568.6200825566046	2283.6801213198514	8.139456978497622	913.4320652934425	620.9556995624329	62.84000592370124	617.5138385855739	NaN
1.02	1	0.10200000000000001	569.6816962211724	2283.6105732647898	8.140052476093341	913.4358724775519	620.9821559894157	62.84146771911921	617.5403079762675	NaN
1.02	1	0.10200000000000001	570.7440425352456	2283.5369494455203	8.140613525234752	913.4348932129715	621.0048632287593	62.84300909468838	617.5630886714611	NaN
1.02	1	0.10200000000000001	571.8077086425158	2283.4605582379354	8.141136790156397	913.429623985227	621.0239245731982	62.84460236588809	617.5822763443746	NaN
1.02	1	0.10200000000000001	572.8725906883345	2283.382655297027	8.141619386559938	913.4205643055266	621.0394635172951	62.84622153009761	617.5979881996823	NaN
1.02	1	0.10200000000000001	573.9383561774538	2283.3044092469518	8.142059147832773	913.4082165704167	621.0516346740578	62.847843425364694	617.6103722456355	NaN
1.02	1	0.10200000000000001	575.0057061618021	2283.2268040945737	8.142455065427065	913.393062825614	621.0606306646447	62.84944834653644	617.6196140506839	NaN
1.02	1	0.10200000000000001	576.0759271561683	2283.15067562772	8.142806878153657	913.3755555910922	621.0666606742311	62.85101900685367	617.6259164643891	NaN
1.02	1	0.10200000000000001	577.150293664922	2283.0767639697433	8.143114732682761	913.3561229433672	621.0699388802261	62.85254034684375	617.629488241463	NaN
1.02	1	0.10200000000000001	578.2301896695211	2283.005713632811	8.143379164658569	913.3351671617404	621.0706830030607	62.8539996867517	617.6305419015517	NaN
1.02	1	0.10200000000000001	579.3173022844862	2282.9380707389614	8.143601072970124	913.3130612871365	621.0691115620505	62.855386188377835	617.6292908480311	NaN
1.02	1	0.10200000000000001	580.4134973173409	2282.8743025807858	8.143781613099867	913.2901524339144	621.0654410708223	62.85669036588742	617.6259469774035	NaN
1.02	1	0.10200000000000001	581.5207940981237	2282.814808942187	8.143922144178388	913.2667643384975	621.0598850826743	62.85790424745933	617.6207197841122	NaN
1.02	1	0.10200000000000001	582.6414597846259	2282.7599261445694	8.144024203155393	913.2431977681839	621.0526533181993	62.8590213239325	617.6138151601849	NaN
1.02	1	0.10200000000000001	583.777980954042	2282.7099376485517	8.144089467457091	913.2197337961346	621.0439517109193	62.86003606235914	617.605435351402	NaN
1.02	1	0.10200000000000001	584.9330464721928	2282.6650818990443	8.144119737678576	913.1966369708729	621.0339832303115	62.860943752242044	617.5957799574262	NaN
1.02	1	0.10200000000000001	586.1097155316297	2282.6255519923257	8.14411693346112	913.1741548297312	621.0229474744384	62.86174069521516	617.5850455282825	NaN
1.02	1	0.10200000000000001	587.3114999730848	2282.591500647379	8.144083079889336	913.1525197190487	621.0110409922952	62.86242406692987	617.573425708146	NaN
1.02	1	0.10200000000000001	588.5422672148669	2282.5630488329944	8.144020312185665	913.1319539965313	620.9984600051929	62.86299162411212	617.561113922416	NaN
1.02	1	0.10200000000000001	589.8063366350931	2282.5402851892145	8.143930896135396	913.112671181304	620.9854018099591	62.863441776245615	617.5483048647317	NaN
1.02	1	0.10200000000000001	591.1085657863179	2282.523264766804	8.143817254970847	913.0948771865586	620.9720664894479	62.86377367831349	617.5351961368843	NaN
1.02	1	0.10200000000000001	592.454019154483	2282.5120084379782	8.143682050364724	913.0787758362219	620.9586629386401	62.86398718414032	617.5219941638497	NaN
1.02	1	0.10200000000000001	593.8470655059953	2282.5064899647755	8.14352836090311	913.0645744609942	620.945418955037	62.86408311137024	617.508924289784	NaN
1.02	1	0.10200000000000001	595.2901314795828	2282.506598286483	8.143359919956048	913.052479815916	620.9325890818568	62.86406408007799	617.4962386985497	NaN
1.02	1	0.10200000000000001	596.7811602611175	2282.5120714981795	8.143181457351455	913.0426855374333	620.9204626302709	62.86393585259621	617.4842245998341	NaN
1.02	1	0.10200000000000001	598.311745806347	2282.522409963563	8.142998802390498	913.0353306227155	620.9093477750738	62.8637090788244	617.4731889247122	NaN
1.02	1	0.10200000000000001	599.8700013655031	2282.536857189685	8.142818163049675	913.0304366513582	620.8995113091675	62.86339964088807	617.4633988455563	NaN
1.02	1	0.10200000000000001	601.4453434272559	2282.5544966951393	8.142645087840426	913.0278874745252	620.8911259173641	62.86302657897344	617.4550291916028	NaN
1.02	1	0.10200000000000001	603.0309656425625	2282.574384186076	8.142483888185364	913.0274620270437	620.8842622625408	62.8626093649927	617.4481540520267	NaN
1.02	1	0.10200000000000001	604.6235784386485	2282.595635184167	8.1423376143233	913.0288819705939	620.8789111280786	62.862166145142076	617.4427682703819	NaN
1.02	1	0.10200000000000001	606.2225008786625	2282.617465654741	8.142208238805713	913.0318478255604	620.875008539552	62.86171292837322	617.4388120973376	NaN
1.02	1	0.10200000000000001	607.8289144996302	2282.639204290106	8.1420968708396	913.0360613533593	620.8724554817741	62.86126336387851	617.4361906378545	NaN
1.02	1	0.10200000000000001	609.4454011394015	2282.6602904897836	8.142003946904001	913.0412381663227	620.8711318901914	62.86082880274137	617.434787688413	NaN
1.02	1	0.10200000000000001	611.0756337344945	2282.6802648259686	8.14192939107342	913.047113917773	620.8709062742105	62.860418502347905	617.434475295873	NaN
1.02	1	0.10200000000000001	612.7242613056558	2282.698757595599	8.141872738637407	913.0534467666095	620.8716420163648	62.86003987266255	617.4351200381356	NaN
1.02	1	0.10200000000000001	614.3968805115647	2282.715476760725	8.141833232056754	913.0600175023211	620.8732013937157	62.85969872798856	617.4365870518545	NaN
1.02	1	0.10200000000000001	616.100123977541	2282.730196992349	8.141809891531727	913.0666284610202	620.8754479644014	62.85939951448162	617.4387424426455	NaN
1.02	1	0.10200000000000001	617.8418409999986	2282.742750016216	8.141801565796563	913.0731017492426	620.878247802002	62.859145511053256	617.4414545481102	NaN
1.02	1	0.10200000000000001	619.6314164760045	2282.7530166701804	8.141806966289138	913.0792772333697	620.8814699299825	62.85893899200559	617.4445944026213	NaN
1.02	1	0.10200000000000001	621.4801130946829	2282.76091997818	8.14182468612753	913.0850100061199	620.8849858750774	62.85878136912964	617.4480353272704	NaN
1.02	1	0.10200000000000001	623.401259776558	2282.766420042966	8.141853196175719	913.0901672249581	620.8886679696927	62.85867329421414	617.451651273694	NaN
1.02	1	0.10200000000000001	625.4098174801596	2282.7695134628443	8.141890800929335	913.0946246004348	620.8923858250052	62.858614666259754	617.4553133399232	NaN
1.02	1	0.10200000000000001	627.5188567255343	2282.7702441061365	8.141935495969726	913.0982621812578	620.8959983972943	62.85860440013624	617.4588818778539	NaN
1.02	1	0.10200000000000001	629.7289035266074	2282.7687484989365	8.14198465678623	913.1009674752956	620.8993426524205	62.858639479881035	617.4621950827066	NaN
1.02	1	0.10200000000000001	632.0152983947961	2282.765343679011	8.142034835742297	913.102670308672	620.9022421110293	62.85871316669662	617.4650770488706	NaN
1.02	1	0.10200000000000001	634.3441360382399	2282.760533570845	8.142082543742779	913.1034028384261	620.904568280076	62.85881494844123	617.4673984796642	NaN
1.02	1	0.10200000000000001	636.698499484618	2282.7548672301714	8.142125257391179	913.103292359056	620.9062787579811	62.8589334993556	617.4691149964729	NaN
1.02	1	0.10200000000000001	639.0745485508928	2282.7488420771065	8.14216142269889	913.1025070366853	620.9073910333914	62.85905863200065	617.4702416659701	NaN
1.02	1	0.10200000000000001	641.4761044903107	2282.742871742742	8.14219024560827	913.1012226684242	620.9079576891336	62.85918192480616	617.4708286277107	NaN
1.02	1	0.10200000000000001	643.9119087259338	2282.7372824219146	8.142211498369432	913.099606650529	620.9080506183318	62.859296776256066	617.4709455046914	NaN
1.02	1	0.10200000000000001	646.3948678079836	2282.732319243446	8.142225369274623	913.0978107215826	620.9077512930579	62.85939826139008	617.4706717533277	NaN
1.02	1	0.10200000000000001	648.9421915487449	2282.728156570394	8.142232346327035	913.095968370137	620.9071447001206	62.85948291243336	617.4700906216104	NaN
1.02	1	0.10200000000000001	651.5765739711694	2282.724908479941	8.142233132243446	913.0941946055652	620.9063157189568	62.85954849893469	617.4692855209972	NaN
1.02	1	0.10200000000000001	654.3276616977175	2282.7226390309647	8.142228586188294	913.0925875389516	620.9053474828395	62.85959381486526	617.4683383601855	NaN
1.02	1	0.10200000000000001	657.2341731892332	2282.7213695413493	8.142219698170045	913.0912306364401	620.904321415814	62.859618529284724	617.4673295490834	NaN
1.02	1	0.10200000000000001	660.339013818605	2282.7210800506136	8.14220763025057	913.0901965179501	620.9033207796729	62.85962316096766	617.4663414992065	NaN
1.02	1	0.10200000000000001	663.648205031131	2282.721680506707	8.142193941750952	913.0895469734181	620.9024399831872	62.8596096820291	617.4654679567154	NaN
1.02	1	0.10200000000000001	667.0684513744195	2282.7229339865785	8.142180716423933	913.08929887229	620.9017732785434	62.85958307914105	617.4648031697656	NaN
1.02	1	0.10200000000000001	670.5413017548269	2282.7245212501984	8.142169528125235	913.0893858937998	620.9013534575624	62.85954994816506	617.4643809878148	NaN
1.02	1	0.10200000000000001	674.0767762420112	2282.726169280862	8.14216113188032	913.089708670174	620.9011634449167	62.85951587083952	617.464185749178	NaN
1.02	1	0.10200000000000001	677.6976737755155	2282.72766922146	8.142155778684046	913.0901676142994	620.9011652422303	62.859485084521	617.4641808182976	NaN
1.02	1	0.10200000000000001	681.4466349979133	2282.7288806241168	8.142153339333756	913.090674251626	620.9013105456318	62.85946040886034	617.4643190644853	NaN
1.02	1	0.10200000000000001	685.3839600921924	2282.7297206684552	8.142153436556589	913.0911546798145	620.9015478827512	62.85944347646095	617.4645499665935	NaN
1.02	1	0.10200000000000001	689.6012360537883	2282.730155796646	8.14215552337548	913.0915505104285	620.9018263065722	62.859434909423996	617.4648233025932	NaN
1.02	1	0.10200000000000001	694.2198655124805	2282.7301946934185	8.14215891112421	913.0918169347239	620.9020956131251	62.85943446372797	617.4650893962067	NaN
1.02	1	0.10200000000000001	699.2117530133438	2282.7299107727044	8.142162624285675	913.0919249194662	620.9023014126628	62.85944056119727	617.4652941431311	NaN
1.02	1	0.10200000000000001	704.2829412390009	2282.7294787841347	8.142165583109742	913.0918950169378	620.9024090919618	62.85944956948347	617.4654025392329	NaN
1.02	1	0.10200000000000001	709.52645709822	2282.7290485571957	8.142167408028069	913.0917842698248	620.9024306775946	62.85945842884921	617.4654258053139	NaN
1.02	1	0.10200000000000001	715.0245120786452	2282.7287216943264	8.142168059624504	913.0916470920235	620.9023909680112	62.85946508622136	617.4653880056054	NaN
1.02	1	0.10200000000000001	720.9679843696792	2282.728546500147	8.142167756212334	913.09152646222	620.9023198525056	62.8594685892184	617.4653184760925	NaN
1.02	1	0.10200000000000001	727.6552336176549	2282.728529688998	8.142166863504864	913.0914525589186	620.9022470916165	62.85946883899619	617.4652466114541	NaN
1.02	1	0.10200000000000001	735.0656234176964	2282.72862782033	8.142165915616834	913.091439449553	620.9022015765585	62.85946676508132	617.4652011711545	NaN
1.02	1	0.10200000000000001	742.548775881767	2282.7287434053383	8.1421653854857	913.0914663270261	620.9021927349247	62.85946438093451	617.4651919123833	NaN
1.02	1	0.10200000000000001	750.702301485228	2282.7288195892197	8.142165293530807	913.0915026242237	620.9022065650062	62.859462835252565	617.465205245695	NaN
1.02	1	0.10200000000000001	759.9762087332635	2282.7288345840043	8.142165497660688	913.0915258072646	620.9022262546541	62.85946255324919	617.4652246460968	NaN
1.02	1	0.10200000000000001	770.9033001719315	2282.7288060134556	8.142165735757121	913.0915268902842	620.9022366141782	62.85946315327357	617.4652350164899	NaN
1.02	1	0.10200000000000001	781.9624432255536	2282.728781595513	8.142165799531298	913.0915177321841	620.9022348004274	62.85946365211508	617.4652333324065	NaN
1.02	1	0.10200000000000001	795.3068995269682	2282.728778276877	8.142165745721725	913.0915119783555	620.9022297836835	62.8594637136646	617.4652283871153	NaN
1.02	1	0.10200000000000001	811.3578675654992	2282.728786385154	8.142165703003323	913.0915134647087	620.9022287412371	62.85946354586434	617.4652273201715	NaN
1.02	1	0.10200000000000001	828.9748248366743	2282.7287878123066	8.14216571397072	913.0915150605375	620.9022299692189	62.85946351817813	617.4652285279137	NaN
1.02	1	0.10200000000000001	852.902588289666	2282.728786003618	8.142165720577278	913.0915145180555	620.902229978616	62.859463555316445	617.4652285452934	NaN
1.02	1	0.10200000000000001	882.2315702917704	2282.728786443071	8.142165717470037	913.0915145414533	620.9022298616479	62.85946354614289	617.4652284276799	NaN
1.02	1	0.10200000000000001	921.4044314678207	2282.7287863381434	8.142165718270682	913.0915145401053	620.9022298940606	62.859463548339036	617.4652284601959	NaN
1.02	1	0.10200000000000001	980.079726928248	2282.7287863678425	8.142165718170446	913.0915145496082	620.9022298945357	62.85946354773002	617.465228460533	NaN
1.02	1	0.10200000000000001	1082.4596505730094	2282.72878636835	8.142165718143012	913.0915145479142	620.90222989258	62.85946354771705	617.465228458597	NaN
1.02	1	0.10200000000000001	1267.5359764374512	2282.728786367275	8.142165718139982	913.0915145470894	620.9022298920543	62.85946354773848	617.4652284580822	NaN
1.02	1	0.10200000000000001	1653.7836577684418	2282.728786367035	8.142165718138525	913.0915145468492	620.9022298918775	62.85946354774317	617.4652284579083	NaN
1.02	1	0.10200000000000001	2636.0876679722724	2282.728786367066	8.142165718137987	913.0915145468276	620.9022298918447	62.859463547742486	617.4652284578759	NaN
1.02	1	0.10200000000000001	5500.0	2282.7287863670736	8.142165718137946	913.0915145468293	620.902229891844	62.85946354774232	617.465228457875	NaN
1.02	1	0.10200000000000001	Inf	2282.728786367074	8.142165718137946	913.0915145468294	620.902229891844	62.85946354774234	617.4652284578751	NaN
1.02	0	0.1	0.0	2310.762587335457	7.982727072188335	924.3050349341828	616.2033566227885	63.013363750332296	612.8785255771229	NaN
1.02	0	0.1	9.999999999999999e-5	2310.762587335457	7.982727072188335	924.3050349341828	616.2033566227885	63.013363750332296	612.8785255771229	NaN
1.02	0	0.1	0.0010999999999999998	2310.762587335457	7.982727072188335	924.3050349341828	616.2033566227885	63.013363750332296	612.8785255771229	NaN
1.02	0	0.1	0.011099999999999997	2310.762587335457	7.982727072188335	924.3050349341828	616.2033566227885	63.013363750332296	612.8785255771229	NaN
1.02	0	0.1	0.11109999999999996	2310.762587335457	7.982727072188335	924.3050349341828	616.2033566227885	63.013363750332296	612.8785255771229	NaN
1.02	0	0.1	1.1110999999999995	2310.762587335457	7.982727072188335	924.3050349341828	616.2033566227885	63.01336375033216	612.8785255771228	NaN
1.02	0	0.1	7.661620913997453	2310.762587335457	7.982727072188335	924.3050349341828	616.2033566227885	63.013363750332346	612.8785255771228	NaN
1.02	0	0.1	55.88904016518546	2310.762587335457	7.982727072188335	924.3050349341828	616.2033566227885	63.013363750332246	612.878525577123	NaN
1.02	0	0.1	337.8019448302811	2310.7625873354573	7.982727072188334	924.3050349341828	616.2033566227885	63.013363750332296	612.878525577123	NaN
1.02	0	0.1	500.0	2310.762587335457	7.982727072188337	924.3050349341827	616.2033566227885	63.0133637503323	612.878525577123	NaN
1.02	0	0.10200000000000001	500.0	2310.762587335457	7.982727072188337	924.3050349341827	616.2033566227885	63.0133637503323	612.878525577123	NaN
1.02	0	0.10200000000000001	500.00967208613923	2310.7625855080346	7.982751168458842	924.3050349339137	616.221223574686	63.013236292794105	612.8785261926997	NaN
1.02	0	0.10200000000000001	500.0193441722784	2310.762573481496	7.982816846171696	924.3050349300759	616.2390646237732	63.01285480965547	612.8785304947297	NaN
1.02	0	0.10200000000000001	500.032710221038	2310.762524982677	7.98296076370466	924.3050349025156	616.2636769638972	63.01191210277281	612.8785493064172	NaN
1.02	0	0.10200000000000001	500.0479590242004	2310.76240554231	7.983181033154333	924.3050347969034	616.2916960265217	63.010252203976755	612.878600193331	NaN
1.02	0	0.10200000000000001	500.066574999774	2310.762142871355	7.983506187925037	924.3050344609031	616.3258153682672	63.00738967122788	612.8787245939643	NaN
1.02	0	0.10200000000000001	500.0882913052559	2310.7616476767253	7.9839363213342995	924.30503358525	616.3654967814176	63.00290299139303	612.8789881622238	NaN
1.02	0	0.10200000000000001	500.1140566881982	2310.760769396809	7.984489096667582	924.3050315045647	616.4124095744378	62.9960020795108	612.8795185563623	NaN
1.02	0	0.10200000000000001	500.14447038035865	2310.759301848223	7.985173711428808	924.3050269454786	616.4675530418382	62.98569657004206	612.8805329937554	NaN
1.02	0	0.10200000000000001	500.1806265076642	2310.7569305395323	7.986009025511511	924.3050174369057	616.5327817338083	62.970481301811255	612.882423420697	NaN
1.02	0	0.10200000000000001	500.22286180190105	2310.753286893656	7.9869961919821595	924.3049988493691	616.6085311183924	62.948766784070784	612.8857888832922	NaN
1.02	0	0.10200000000000001	500.2698923596898	2310.7481202121135	7.988098910359258	924.304965951873	616.6923180552681	62.919803549253686	612.8913063171968	NaN
1.02	0	0.10200000000000001	500.3207098615347	2310.7412305948064	7.989289172998657	924.3049123979292	616.7821896671581	62.8831464843002	612.899744222346	NaN
1.02	0	0.10200000000000001	500.37479533654454	2310.732419673778	7.990552369093817	924.3048305138514	616.8770911718818	62.83841585167361	612.9119910180851	NaN
1.02	0	0.10200000000000001	500.43162527143613	2310.7215364167973	7.991874885565656	924.3047117870651	616.9759822214731	62.78556937301782	612.9289696155812	NaN
1.02	0	0.10200000000000001	500.49077569399356	2310.70845988833	7.993245977130512	924.3045469814015	617.078019781906	62.724810678518885	612.9516157241815	NaN
1.02	0	0.10200000000000001	500.5518471424351	2310.693109202444	7.9946557491712635	924.3043265268974	617.1824255884025	62.65662818970052	612.9808172151129	NaN
1.02	0	0.10200000000000001	500.61450914860376	2310.6754297447615	7.996096078656305	924.3040406341021	617.2885610591613	62.5817136737069	613.017394371824	NaN
1.02	0	0.10200000000000001	500.6784743534783	2310.6553930483237	7.997559964046843	924.303679533803	617.3958798091494	62.500942859911845	613.0620642145357	NaN
1.02	0	0.10200000000000001	500.74350760549544	2310.6329879295017	7.999041705839093	924.3032335420161	617.5039399649022	62.41531656543577	613.1154294730889	NaN
1.02	0	0.10200000000000001	500.8094161629392	2310.60821669613	8.000536658874863	924.30269314468	617.6123843130391	62.325925308854885	613.1779660981399	NaN
1.02	0	0.10200000000000001	500.8760509553801	2310.5810881435514	8.002041240264541	924.30204896079	617.7209391029965	62.23390442091288	613.2500262948145	NaN
1.02	0	0.10200000000000001	500.9432931450376	2310.5516167952214	8.003552606427315	924.3012917904307	617.829389006481	62.1404150017404	613.3318324254989	NaN
1.02	0	0.10200000000000001	501.0110559472596	2310.519817184863	8.005068678597466	924.3004125111303	617.9375775599797	62.046610442382345	613.4234886096494	NaN
1.02	0	0.10200000000000001	501.07927645392743	2310.485702953626	8.006587944800504	924.2994020532568	618.0453916850383	61.95362256308141	613.524983382913	NaN
1.02	0	0.10200000000000001	501.147913013898	2310.4492844654387	8.00810938964309	924.2982513154313	618.1527556481226	61.86254532685619	613.6361987539339	NaN
1.02	0	0.10200000000000001	501.21694044403677	2310.410568209025	8.009632377918019	924.2969511125663	618.2596219421557	61.77442580411723	613.7569156275031	NaN
1.02	0	0.10200000000000001	501.28634693548236	2310.3695561033096	8.01115657830798	924.2954921125652	618.3659652278548	61.69025605151957	613.8868202641775	NaN
1.02	0	0.10200000000000001	501.3561307546646	2310.3262455448685	8.012681884541266	924.2938647927837	618.4717762769536	61.610967528978726	614.0255088510431	NaN
1.02	0	0.10200000000000001	501.42629758791634	2310.2806296616286	8.014208352572702	924.2920594049511	618.5770572038538	61.53742608630419	614.172491589597	NaN
1.02	0	0.10200000000000001	501.4968580937481	2310.232697926665	8.015736143904974	924.2900659580577	618.6818172662333	61.47042739378647	614.327195800609	NaN
1.02	0	0.10200000000000001	501.56782580053664	2310.1824369755413	8.017265477854842	924.2878742173496	618.786069408761	61.41069212832487	614.4889686617798	NaN
1.02	0	0.10200000000000001	501.63921522682415	2310.1298316362427	8.018796589881356	924.2854737228112	618.8898273305879	61.35886070303532	614.6570797802456	NaN
1.02	0	0.10200000000000001	501.71104029577924	2310.0748660598247	8.020329697334342	924.2828538248143	618.9931031513132	61.3154873080324	614.8307242573774	NaN
1.02	0	0.10200000000000001	501.7833129118609	2310.017524990144	8.021864969612093	924.2800037404653	619.0959054540339	61.281033366685165	615.0090264490739	NaN
1.02	0	0.10200000000000001	501.85604181546285	2309.957795035844	8.023402505051772	924.2769126256	619.1982378477154	61.25586047811821	615.1910451726594	NaN
1.02	0	0.10200000000000001	501.92923160917394	2309.895665975192	8.024942312120164	924.2735696643483	619.3000978699035	61.24022321614056	615.375780526649	NaN
1.02	0	0.10200000000000001	502.00288205256976	2309.8311319686095	8.026484296805375	924.2699641698389	619.4014763425242	61.23426216313951	615.5621828851449	NaN
1.02	0	0.10200000000000001	502.0769875404915	2309.7641927006034	8.028028254248987	924.2660856961926	619.5023570356686	61.237997727198284	615.749164051166	NaN
1.02	0	0.10200000000000001	502.1515368655223	2309.6948543173844	8.029573866568432	924.2619241527909	619.6027167535243	61.251325296608634	615.9356108623825	NaN
1.02	0	0.10200000000000001	502.22651320453576	2309.623130162119	8.031120705426325	924.2574699180813	619.7025257317958	61.274012334643814	616.1204009609239	NaN
1.02	0	0.10200000000000001	502.3018944161144	2309.5490411778446	8.032668240960492	924.25271394153	619.8017484358286	61.30569798119383	616.3024206181723	NaN
1.02	0	0.10200000000000001	502.37765361553824	2309.4726159544525	8.034215856170414	924.2476478272264	619.9003446833244	61.34589564006893	616.4805840126515	NaN
1.02	0	0.10200000000000001	502.45376008073373	2309.393890314693	8.035762867641592	924.2422638865054	619.9982711310935	61.39399890697518	616.6538534006241	NaN
1.02	0	0.10200000000000001	502.5301804538818	2309.3129064211685	8.037308551658912	924.2365551513377	620.0954830477162	61.44929097143626	616.8212592676357	NaN
1.02	0	0.10200000000000001	502.60688026956143	2309.229711324144	8.038852176121196	924.2305153353185	620.1919363820427	61.51095742547858	616.9819196287064	NaN
1.02	0	0.10200000000000001	502.68382561229237	2309.144355123205	8.04039303409511	924.2241387469122	620.2875898534139	61.57810198371292	617.1350571675933	NaN
1.02	0	0.10200000000000001	502.76098494084704	2309.056888689175	8.041930479671615	924.2174201449363	620.3824071000356	61.64976452227749	617.2800135669665	NaN
1.02	0	0.10200000000000001	502.8383308092956	2308.9673612471934	8.043463960684502	924.2103545537979	620.4763585474731	61.72494040579408	617.4162599741802	NaN
1.02	0	0.10200000000000001	502.9158414956212	2308.8758178397266	8.044993048596274	924.2029370380191	620.5694230257362	61.80260019196003	617.5434034427036	NaN
1.02	0	0.10200000000000001	502.99350228522087	2308.782297005896	8.046517460689453	924.1951624627325	620.6615888512151	61.88170857394855	617.661189026167	NaN
1.02	0	0.10200000000000001	503.0713064319576	2308.686828717232	8.048037075262593	924.1870252469827	620.7528544382038	61.96124179440894	617.7694980327616	NaN
1.02	0	0.10200000000000001	503.14925573134474	2308.589432712921	8.0495519387994	924.1785191264466	620.8432283992777	62.040202892203624	617.8683429935337	NaN
1.02	0	0.10200000000000001	503.2273606841142	2308.490117329018	8.051062264965294	924.1696369401377	620.932729148965	62.117634430394745	617.9578601165399	NaN
1.02	0	0.10200000000000001	503.3056403380372	2308.3888787721376	8.052568427397683	924.1603704438184	621.02138414898	62.192628715945744	618.0383001592644	NaN
1.02	0	0.10200000000000001	503.38412176042004	2308.285700947921	8.054070945593734	924.150710167034	621.1092287713811	62.264335605785924	618.1100184182125	NaN
1.02	0	0.10200000000000001	503.46283926711686	2308.180555725483	8.055570466524154	924.1406453102413	621.1963049502232	62.331968339855635	618.1734646188902	NaN
1.02	0	0.10200000000000001	503.541833337653	2308.073403762928	8.057067740789764	924.1301637005448	621.2826595645766	62.39480777569243	618.2291731226037	NaN
1.02	0	0.10200000000000001	503.6211493126091	2307.964195797426	8.058563595321658	924.119251804237	621.3683426811599	62.4522056306736	618.2777538640415	NaN
1.02	0	0.10200000000000001	503.70083575962343	2307.8528745810104	8.060058900624982	924.1078948213548	621.4534055517499	62.50358719377806	618.3198840884402	NaN
1.02	0	0.10200000000000001	503.78094254472717	2307.7393774457078	8.061554533453757	924.0960768698257	621.5378984295746	62.54845410679443	618.3563009171147	NaN
1.02	0	0.10200000000000001	503.86151850789076	2307.6236396737095	8.063051333225198	924.0837812872904	621.6218681222394	62.58638768270831	618.3877945064683	NaN
1.02	0	0.10200000000000001	503.94260878537006	2307.505598652251	8.064550053212024	924.0709910604729	621.7053553560432	62.61705325081849	618.4152014708188	NaN
1.02	0	0.10200000000000001	504.024251725117	2307.38519892772	8.066051305757888	924.0576894070094	621.7883919249288	62.64020581777586	618.4393980088925	NaN
1.02	0	0.10200000000000001	504.10647560638296	2307.262397882008	8.067555505640078	924.0438604924874	621.8709978671516	62.655697210431455	618.461292104005	NaN
1.02	0	0.10200000000000001	504.18929543410866	2307.1371716302215	8.069062816628241	924.0294902467184	621.9531789502956	62.66348446084399	618.4818140423831	NaN
1.02	0	0.10200000000000001	504.2727102692806	2307.009520404535	8.07057310952675	924.0145671971317	622.0349249039374	62.66363871263881	618.501904551621	NaN
1.02	0	0.10200000000000001	504.3567017637508	2306.8794722992907	8.072085943361014	923.9990831775741	622.116208993064	62.65635333518073	618.5225001283102	NaN
1.02	0	0.10200000000000001	504.4412344839283	2306.7470842922203	8.073600579353041	923.983033755675	622.1969893803254	62.64194939259926	618.54451560538	NaN
1.02	0	0.10200000000000001	504.5262584303567	2306.6124396645264	8.075116033728417	923.9664182280981	622.2772125034269	62.62087644431764	618.5688247244802	NaN
1.02	0	0.10200000000000001	504.6117136651203	2306.4756416959995	8.07663116633288	923.9492391122155	622.3568181996551	62.59370706523968	618.59624017487	NaN
1.02	0	0.10200000000000001	504.69753630926346	2306.3368045977995	8.078144790683208	923.9315011999473	622.4357457296516	62.561124559384595	618.6274949480423	NaN
1.02	0	0.10200000000000001	504.7836650137353	2306.196043023522	8.079655788875897	923.91321030584	622.5139397860513	62.523904637964364	618.6632268503811	NaN
1.02	0	0.10200000000000001	504.87004667850647	2306.053462176054	8.081163209750834	923.8943719556577	622.5913553698665	62.48289307026391	618.7039673624331	NaN
1.02	0	0.10200000000000001	504.9566407892571	2305.909149694481	8.082666339934558	923.8749901849981	622.6679610571853	62.4389817424838	618.7501353113238	NaN
1.02	0	0.10200000000000001	505.04342199966555	2305.7631701413266	8.084164742311454	923.8550665886871	622.7437404598081	62.39308544232502	618.8020349857309	NaN
1.02	0	0.10200000000000001	505.13038109864175	2305.615562070827	8.085658265488824	923.8345996588647	622.8186921504633	62.34612099095641	618.8598578500404	NaN
1.02	0	0.10200000000000001	505.21752465611866	2305.466337359516	8.087147030322475	923.8135844066062	622.8928284345003	62.29898959005068	618.9236867631256	NaN
1.02	0	0.10200000000000001	505.3048737418852	2305.315482254761	8.088631401037182	923.7920122234026	622.9661734015327	62.25256255091244	618.9935016477046	NaN
1.02	0	0.10200000000000001	505.3924620468633	2305.16295965258	8.090111947069849	923.7698709370201	623.0387605970066	62.207670106569196	619.0691857109358	NaN
1.02	0	0.10200000000000001	505.480333636053	2305.008712247168	8.09158939983042	923.7471450268702	623.1106305401769	62.165092740331545	619.1505315306712	NaN
1.02	0	0.10200000000000001	505.5685405242873	2304.8526662323434	8.093064607768213	923.7238159633196	623.1818282628599	62.12555432059005	619.2372466063962	NaN
1.02	0	0.10200000000000001	505.6571401532085	2304.6947354142185	8.09453849112339	923.6998626571816	623.2524009372249	62.089716346491784	619.3289581744144	NaN
1.02	0	0.10200000000000001	505.7461926996743	2304.534825853193	8.096011995245561	923.6752620434341	623.3223955388254	62.058172699701856	619.4252171798523	NaN
1.02	0	0.10200000000000001	505.835758274765	2304.372840927086	8.097486043534051	923.6499897899891	623.3918565969108	62.031444308873276	619.5255016300856	NaN
1.02	0	0.10200000000000001	505.9258939045738	2304.2086870085336	8.098961488277583	923.6240211688284	623.4608239521476	62.00997331530688	619.6292195683013	NaN
1.02	0	0.10200000000000001	506.0166503254816	2304.0422797005845	8.100439060054349	923.5973320903969	623.5293305577129	61.99411642121128	619.735712209899	NaN
1.02	0	0.10200000000000001	506.10806859077917	2303.873550637152	8.101919315759012	923.5699003118995	623.597400331008	61.98413732185118	619.8442578812146	NaN
1.02	0	0.10200000000000001	506.2001767042867	2303.702454446854	8.103402588845219	923.5417067629883	623.6650462233531	61.98019835677111	619.954077738087	NaN
1.02	0	0.10200000000000001	506.29298656620836	2303.528975327157	8.104888946333558	923.5127369000278	623.7322687075601	61.98235189253036	620.0643443209588	NaN
1.02	0	0.10200000000000001	506.3864917235606	2303.353132258946	8.106378160220446	923.4829819192942	623.79905500703	61.990532371301654	620.1741940817456	NaN
1.02	0	0.10200000000000001	506.4806665386592	2303.1749816193733	8.1078697024807	923.4524395947591	623.8653794351912	62.00455040332888	620.2827447742586	NaN
1.02	0	0.10200000000000001	506.5754673261103	2302.994616022458	8.10936277142114	923.4211144955508	623.9312051223434	62.0240905681438	620.3891178994043	NaN
1.02	0	0.10200000000000001	506.6708356841909	2302.8121588023337	8.110856351674578	923.3890174196746	623.9964871447804	62.04871449315414	620.4924652568814	NaN
1.02	0	0.10200000000000001	506.7667039032047	2302.627754211862	8.112349304631667	923.356163986985	624.06117682716	62.07787021710211	620.5919975830792	NaN
1.02	0	0.10200000000000001	506.86300166543555	2302.4415547311282	8.11384047588952	923.3225725752196	624.125226562752	62.110907799223725	620.6870121899797	NaN
1.02	0	0.10200000000000001	506.9596630363892	2302.2537073778876	8.115328803574425	923.2882618997961	624.1885944231733	62.14710000768702	620.7769165291876	NaN
1.02	0	0.10200000000000001	507.0566327775921	2302.064340939621	8.116813412593435	923.2532485782612	624.2512479300813	62.18566608639685	620.8612453627244	NaN
1.02	0	0.10200000000000001	507.1538712175644	2301.8735557154337	8.118293683699806	923.2175449934956	624.3131665669143	62.22579627073882	620.939670418405	NaN
1.02	0	0.10200000000000001	507.2513573477437	2301.681416554722	8.119769293283628	923.1811576463591	624.3743429320042	62.26667498185462	621.012002763969	NaN
1.02	0	0.10200000000000001	507.3490902092334	2301.4879491978268	8.12124022600386	923.1440860519403	624.4347826991363	62.307501264272844	621.0781891378691	NaN
1.02	0	0.10200000000000001	507.4470888727665	2301.293139432509	8.12270676583426	923.1063221373362	624.4945036835654	62.347505760833606	621.1383039397656	NaN
1.02	0	0.10200000000000001	507.5453912121593	2301.096934749904	8.124169469343574	923.0678501228596	624.5535342226439	62.38596407722161	621.1925385009292	NaN
1.02	0	0.10200000000000001	507.6440518086676	2300.899247883917	8.125629126890288	923.028646802357	624.6119111413434	62.42220692604636	621.241189144993	NaN
1.02	0	0.10200000000000001	507.7431391407004	2300.6999619571984	8.127086714480596	922.9886821951164	624.6696774395475	62.45562769121887	621.2846451031602	NaN
1.02	0	0.10200000000000001	507.8427320416944	2300.498937289054	8.128543336420861	922.9479206044042	624.726879727121	62.48568818403809	621.3233769283333	NaN
1.02	0	0.10200000000000001	507.9429154100591	2300.2960199152667	8.13000015892203	922.9063221176658	624.7835654333438	62.511923457287786	621.3579257260707	NaN
1.02	0	0.10200000000000001	508.04377496351117	2300.091052256981	8.131458332068265	922.8638446655522	624.8397797118832	62.53394648963852	621.3888931139435	NaN
1.02	0	0.10200000000000001	508.1453908565942	2299.8838863289006	8.132918898093742	922.8204467558425	624.895561990861	62.55145350043655	621.4169315236119	NaN
1.02	0	0.10200000000000001	508.24783029125956	2299.674399244016	8.13438268848268	922.7760908719733	624.9509422965515	62.56423051751891	621.4427342096517	NaN
1.02	0	0.10200000000000001	508.35113940845673	2299.462510434872	8.135850214578438	922.7307474505227	625.005937553982	62.57216142058851	621.4670240250965	NaN
1.02	0	0.10200000000000001	508.45533554323777	2299.2481983554517	8.137321567395214	922.6843989828044	625.0605484615108	62.57523710575341	621.4905399958825	NaN
1.02	0	0.10200000000000001	508.56040177663493	2299.0315126181763	8.138796353504162	922.6370433478982	625.1147579001885	62.57356446838536	621.5140209534405	NaN
1.02	0	0.10200000000000001	508.6662858014762	2298.812577266805	8.140273693710235	922.588695352882	625.1685317548015	62.56737283336333	621.5381860563307	NaN
1.02	0	0.10200000000000001	508.77290505352	2298.5915809557973	8.14175230893102	922.5393853897041	625.2218228625015	62.55701484800633	621.5637131826676	NaN
1.02	0	0.10200000000000001	508.8801579527596	2298.36875414306	8.14323068739784	922.489155019195	625.2745776587217	62.542959296125865	621.5912171827538	NaN
1.02	0	0.10200000000000001	508.98793895662914	2298.1443379202756	8.14470729814411	922.4380503264075	625.3267440838983	62.52577510048866	621.6212305707328	NaN
1.02	0	0.10200000000000001	509.09615376879003	2297.918552064638	8.146180798913882	922.3861146618	625.3782788330215	62.50610816965384	621.6541888922446	NaN
1.02	0	0.10200000000000001	509.2047314034681	2297.6915692954426	8.147650193953917	922.3333823855504	625.4291524343741	62.484654477677914	621.6904219104168	NaN
1.02	0	0.10200000000000001	509.31363153323997	2297.463499196061	8.14911492256615	922.2798745332782	625.4793516379959	62.46213304836135	621.7301505134211	NaN
1.02	0	0.10200000000000001	509.42284707794016	2297.2343820689666	8.150574880712293	922.2255966259158	625.5288793689344	62.439261640180966	621.7734882568813	NaN
1.02	0	0.10200000000000001	509.5324033060315	2297.004190194014	8.152030395329888	922.1705381777798	625.5777530695805	62.416736499073615	621.8204461607085	NaN
1.02	0	0.10200000000000001	509.6423543765406	2296.7728346174645	8.153482165593372	922.1146735677287	625.6260020165862	62.395216467544856	621.8709391931525	NaN
1.02	0	0.10200000000000001	509.7527785786766	2296.5401748605614	8.154931188993219	922.0579637210808	625.673664273972	62.37531084196645	621.9247933528422	NaN
1.02	0	0.10200000000000001	509.8637724660916	2296.306031132615	8.156378675470451	922.0003585438849	625.7207834190584	62.357570109596836	621.9817523296284	NaN
1.02	0	0.10200000000000001	509.9754442490721	2296.0701982713467	8.157825954855532	921.9417999530074	625.7674052329312	62.34247845149929	622.0414833074082	NaN
1.02	0	0.10200000000000001	510.0879061697877	2295.832461971696	8.159274374439807	921.8822256689658	625.8135742663338	62.33044698731388	622.1035816635136	NaN
1.02	0	0.10200000000000001	510.20126567559987	2295.592617674848	8.160725184853398	921.821573902069	625.8593302437832	62.321806812216444	622.1675748064639	NaN
1.02	0	0.10200000000000001	510.31561515847983	2295.350492585746	8.162179411977316	921.759789096104	625.9047042611846	62.316801114171106	622.2329258043561	NaN
1.02	0	0.10200000000000001	510.4310207556345	2295.105969741694	8.163637721958857	921.6968285051429	625.9497150265123	62.31557603460418	622.2990382539612	NaN
1.02	0	0.10200000000000001	510.54751131273474	2294.85901175532	8.165100293693484	921.6326690222671	625.9943655965772	62.31817066088083	622.3652644236458	NaN
1.02	0	0.10200000000000001	510.6650702548035	2294.609678354031	8.166566732866228	921.5673127138593	626.0386416167121	62.324507581817784	622.4309194745912	NaN
1.02	0	0.10200000000000001	510.78363369367884	2294.358130585766	8.168036067048098	921.5007890690898	626.0825121377568	62.33438667998344	622.4953040226269	NaN
1.02	0	0.10200000000000001	510.90309751165563	2294.1046158200306	8.169506851891407	921.4331521734384	626.1259336993821	62.34748552495835	622.557735313407	NaN
1.02	0	0.10200000000000001	511.0233335287076	2293.8494332982905	8.170977384551348	921.3644724198	626.1688573035406	62.36336905805709	622.617583907603	NaN
1.02	0	0.10200000000000001	511.1442111021475	2293.592888024951	8.172445974889571	921.2948245545922	626.2112366078668	62.381508960574294	622.6743096454545	NaN
1.02	0	0.10200000000000001	511.265618313386	2293.3352454966816	8.173911201076235	921.2242752992138	626.253035127895	62.40131022006041	622.7274901316463	NaN
1.02	0	0.10200000000000001	511.3874782162335	2293.076696975889	8.175372095862372	921.1528732530674	626.2942309881736	62.42214070623074	622.7768377205745	NaN
1.02	0	0.10200000000000001	511.5097577739	2292.8173404146764	8.176828238311462	921.0806426843407	626.3348186953234	62.44335955864926	622.8222044268304	NaN
1.02	0	0.10200000000000001	511.6324704111544	2292.557175088228	8.17827976615938	921.007580923153	626.3748085738774	62.464341691046215	622.8635773085412	NaN
1.02	0	0.10200000000000001	511.7556735716997	2292.29610697544	8.179727328714938	920.9336587419147	626.41422458783	62.484497264568155	622.9010675887088	NaN
1.02	0	0.10200000000000001	511.8794630170494	2292.0339611680038	8.18117200325541	920.8588228314712	626.4531012943029	62.50328632906467	622.9348966592983	NaN
1.02	0	0.10200000000000001	512.0039646636983	2291.770499570386	8.182615185845432	920.7829999817136	626.4914802945246	62.52022954356654	622.9653811309552	NaN
1.02	0	0.10200000000000001	512.1293242419133	2291.5054432327634	8.184058461078992	920.7061028562202	626.5294063494682	62.534916281346405	622.9929182049076	NaN
1.02	0	0.10200000000000001	512.2556941554733	2291.238500559546	8.185503444767233	920.62803779709	626.5669230455323	62.54701148565637	623.0179717008608	NaN
1.02	0	0.10200000000000001	512.3832171213163	2290.9694021916066	8.186951596278496	920.548714990525	626.6040679802703	62.55626263441121	623.041058450011	NaN
1.02	0	0.10200000000000001	512.5120062667316	2290.6979431263776	8.188403998670886	920.4680612734795	626.6408674845458	62.562507841212195	623.0627340678056	NaN
1.02	0	0.10200000000000001	512.6421235873768	2290.4240279287583	8.1898611298691	920.3860344614027	626.6773315288065	62.56568548821849	623.0835768486781	NaN
1.02	0	0.10200000000000001	512.7735615503668	2290.147708853801	8.19132267891141	920.3026361755037	626.7134501599319	62.565844410606765	623.1041685690683	NaN
1.02	0	0.10200000000000001	512.9062362623257	2289.869199186773	8.192787498250611	920.2179176595556	626.7491935753183	62.5631516919252	623.1250719668489	NaN
1.02	0	0.10200000000000001	513.0399995372876	2289.588846630713	8.194253765812398	920.1319735090715	626.7845172978733	62.557893458265085	623.1468062600176	NaN
1.02	0	0.10200000000000001	513.1746704478777	2289.307065976515	8.195719352546067	920.0449224025386	626.8193718901076	62.550464566869955	623.1698238072966	NaN
1.02	0	0.10200000000000001	513.3100760742693	2289.024253107222	8.197182273845993	919.9568810348289	626.8537139265516	62.541346587710265	623.1944913401485	NaN
1.02	0	0.10200000000000001	513.4460871992283	2288.7407104263084	8.198641067513426	919.8679404106583	626.8875144342793	62.53107792993273	623.2210780321444	NaN
1.02	0	0.10200000000000001	513.5826398540805	2288.4566026394264	8.200095004792248	919.7781506994409	626.9207628555473	62.520222097068476	623.2497507297323	NaN
1.02	0	0.10200000000000001	513.7197420383353	2288.1719439977273	8.201544135382074	919.68751552114	626.9534669257623	62.509338995309236	623.2805751327056	NaN
1.02	0	0.10200000000000001	513.8574697132469	2287.886608116847	8.202989217542859	919.5959933309124	626.9856499562549	62.498961689302035	623.3135209859273	NaN
1.02	0	0.10200000000000001	513.9959562408657	2287.600351418607	8.2044315823928	919.5035033716092	627.0173468321464	62.48957881337353	623.3484692297809	NaN
1.02	0	0.10200000000000001	514.135377888785	2287.3128445525326	8.205872962794507	919.4099345686611	627.0485995075865	62.48162153640636	623.3852194412918	NaN
1.02	0	0.10200000000000001	514.2759357514255	2287.0237108949	8.207315292350497	919.3151571928927	627.0794521771252	62.47545344878452	623.4234963599395	NaN
1.02	0	0.10200000000000001	514.417833098454	2286.7325739643775	8.208760466236818	919.2190380103641	627.1099460002811	62.471361613827916	623.4629549673585	NaN
1.02	0	0.10200000000000001	514.5612470791657	2286.4391156929096	8.210210055473707	919.1214597124393	627.1401132753447	62.46954719876961	623.5031845951164	NaN
1.02	0	0.10200000000000001	514.7062953611045	2286.1431440457245	8.21166498350234	919.022344307401	627.1699713332482	62.47011472194136	623.5437139919205	NaN
1.02	0	0.10200000000000001	514.8530036927122	2285.8446574756786	8.213125227363765	918.9216764095955	627.1995174779714	62.47306036976803	623.5840214594431	NaN
1.02	0	0.10200000000000001	515.0012872649742	2285.543880017663	8.214589669843848	918.8195174637958	627.2287274250383	62.47826232085821	623.6235555962296	NaN
1.02	0	0.10200000000000001	515.1509618103521	2285.241235325227	8.216056250728512	918.7159995418834	627.2575598206919	62.48547859037819	623.6617704186823	NaN
1.02	0	0.10200000000000001	515.3017895714645	2284.937250646793	8.217522450553188	918.6112945651028	627.285966876192	62.494357912190594	623.6981714103855	NaN
1.02	0	0.10200000000000001	515.4535437818472	2284.632425295139	8.218985930562065	918.5055697801279	627.3139071123621	62.504464643380715	623.7323605235858	NaN
1.02	0	0.10200000000000001	515.6060647986308	2284.327118401293	8.220445062929238	918.3989480841644	627.3413549560228	62.51531248760601	623.7640672088518	NaN
1.02	0	0.10200000000000001	515.7592913244042	2284.021488751373	8.221899199556251	918.2914851066931	627.3683046443318	62.52639923340765	623.7931602557527	NaN
1.02	0	0.10200000000000001	515.9132668530162	2283.715485338386	8.22334869453417	918.1831634534589	627.3947692469815	62.537236742331714	623.8196436089614	NaN
1.02	0	0.10200000000000001	516.0681296046561	2283.408871081321	8.224794770606376	918.0738986947514	627.4207769052532	62.54737404172372	623.8436426286192	NaN
1.02	0	0.10200000000000001	516.2240925661939	2283.1012658170894	8.226239299375507	917.9635526441077	627.4463658071373	62.5564139978257	623.8653862346989	NaN
1.02	0	0.10200000000000001	516.3814159874579	2282.792203386047	8.227684521750858	917.8519523570035	627.4715785062256	62.56402536097462	623.8851881314217	NaN
1.02	0	0.10200000000000001	516.5403709454597	2282.4812050396295	8.229132699757002	917.7389158818588	627.4964555288075	62.569952422234365	623.9034282010584	NaN
1.02	0	0.10200000000000001	516.7011912837485	2282.167873796099	8.23058568005124	917.6242867269497	627.5210280539121	62.574024456137806	623.9205335291525	NaN
1.02	0	0.10200000000000001	516.8640155861578	2281.8520056930583	8.232044390199126	917.5079759054585	627.5453101696755	62.57616644740451	623.9369575352006	NaN
1.02	0	0.10200000000000001	517.0288334259991	2281.5336896648423	8.233508399286809	917.3900013545887	627.5692929646497	62.57641063339574	623.9531557138197	NaN
1.02	0	0.10200000000000001	517.1954670527115	2281.2133362698155	8.234975814171564	917.2705021955157	627.5929446668908	62.574904756995394	623.9695582727663	NaN
1.02	0	0.10200000000000001	517.3636184289303	2280.8915802079164	8.236443752423067	917.1497059027043	627.6162199913217	62.5719095925457	623.986542948539	NaN
1.02	0	0.10200000000000001	517.5329720700804	2280.569078997271	8.237909274330507	917.0278547071455	627.6390758098096	62.56778014992299	624.0044128055813	NaN
1.02	0	0.10200000000000001	517.7032996044898	2280.2463139616507	8.239370282086467	916.9051299518333	627.6614848424831	62.5629330823853	624.0233820561518	NaN
1.02	0	0.10200000000000001	517.8745197518883	2279.9234810828275	8.240825993759382	916.7816080599679	627.6834416057906	62.55780953971727	624.0435701460098	NaN
1.02	0	0.10200000000000001	518.0467094211656	2279.6004770222607	8.24227698038451	916.6572517083152	627.7049612510023	62.55284192986106	624.0650026755387	NaN
1.02	0	0.10200000000000001	518.2200840296015	2279.2769433989683	8.243724942871475	916.5319234716629	627.7260746388473	62.54842816372453	624.0876168408472	NaN
1.02	0	0.10200000000000001	518.3949613173943	2278.9523407841575	8.24517236234949	916.4054117410792	627.7468219950755	62.54491299035903	624.111268710352	NaN
1.02	0	0.10200000000000001	518.5717120075108	2278.626045045253	8.246622059482075	916.2774664861923	627.7672458390581	62.54257412037092	624.1357400014411	NaN
1.02	0	0.10200000000000001	518.7506928666947	2278.297473141025	8.248076633265775	916.1478480211073	627.7873829127309	62.54161026723928	624.160743129332	NaN
1.02	0	0.10200000000000001	518.9321579263209	2277.9662446203747	8.249537754474797	916.0163917526543	627.8072549629132	62.54212860326849	624.1859255937198	NaN
1.02	0	0.10200000000000001	519.1161616076708	2277.6323520129895	8.25100543479114	915.883078799672	627.8268602167606	62.54413103887532	624.2108792667959	NaN
1.02	0	0.10200000000000001	519.3025041813609	2277.29624837942	8.25247767315682	915.7480757220414	627.8461708026196	62.547503332039824	624.2351650722344	NaN
1.02	0	0.10200000000000001	519.4907879937359	2276.95873264193	8.253950990117833	915.6116936021195	627.8651419796603	62.552016462711656	624.2583606523735	NaN
1.02	0	0.10200000000000001	519.6805850344255	2276.6206403773776	8.255421795231317	915.4742661655278	627.8837309819563	62.55734820457193	624.2801206027191	NaN
1.02	0	0.10200000000000001	519.8716104654302	2276.282535262943	8.256887723276648	915.3360236726528	627.9019134921941	62.56312100623455	624.3002227438052	NaN
1.02	0	0.10200000000000001	520.0638092315461	2275.944564963948	8.258348234469734	915.1970301812594	627.9196893684892	62.56894312404047	624.3185845938436	NaN
1.02	0	0.10200000000000001	520.257356908634	2275.606472716238	8.259804534260413	915.0571833675157	627.9370795467133	62.5744429534803	624.3352555379871	NaN
1.02	0	0.10200000000000001	520.452613244492	2275.2676911892313	8.261259143106427	914.9162488941398	627.9541190651736	62.57929391122649	624.3503970175486	NaN
1.02	0	0.10200000000000001	520.6500490755524	2274.9274791968287	8.262715292182035	914.7739141187874	627.9708487477051	62.583231738663635	624.364258905667	NaN
1.02	0	0.10200000000000001	520.8501430036015	2274.5851051114073	8.264176131841873	914.629863436742	627.9873056349734	62.586067662375406	624.377154800076	NaN
1.02	0	0.10200000000000001	521.0532383427906	2274.2400902422905	8.26564370005368	914.4838816422933	628.0035118470679	62.587700877841954	624.3894354019981	NaN
1.02	0	0.10200000000000001	521.2593817910324	2273.892472215591	8.267117824781844	914.3359692861126	628.0194640932995	62.588131932919694	624.4014580377593	NaN
1.02	0	0.10200000000000001	521.4682451938415	2273.542917046592	8.268595684559301	914.1863969167707	628.0351315130229	62.587473052949164	624.4135534511643	NaN
1.02	0	0.10200000000000001	521.6792619677617	2273.1924691706895	8.270072899915183	914.0356047582405	628.0504697732914	62.58594424638615	624.4259965997869	NaN
1.02	0	0.10200000000000001	521.8919315693964	2272.842035548142	8.271545720320923	913.8839833994639	628.0654446921302	62.58384670783452	624.4389877347953	NaN
1.02	0	0.10200000000000001	522.1060549958246	2272.4920058108532	8.273012603103062	913.7317063952157	628.0800470153573	62.58152097415883	624.4526429090336	NaN
1.02	0	0.10200000000000001	522.3217905408043	2272.1421816082216	8.27447447571056	913.5786930900898	628.0942925370339	62.57930572165252	624.4669915155526	NaN
1.02	0	0.10200000000000001	522.5395959031929	2271.7918928944837	8.27593421709602	913.4246529579357	628.108214621145	62.5775059201938	624.4819796232456	NaN
1.02	0	0.10200000000000001	522.7601172654918	2271.4401943594967	8.277395816371088	913.2691671722467	628.1218544719796	62.57637038646449	624.4974760716574	NaN
1.02	0	0.10200000000000001	522.9840275929308	2271.0861334390183	8.278863249562267	913.1118048349991	628.1352499317729	62.57607487351636	624.5132777452282	NaN
1.02	0	0.10200000000000001	523.2117898469332	2270.7291227040414	8.2803389436195	912.9522896963955	628.1484220021455	62.57670622861256	624.5291132715621	NaN
1.02	0	0.10200000000000001	523.4433851998567	2270.3693465716447	8.281822123250192	912.7906875844427	628.1613621909315	62.57824604265618	624.5446533783356	NaN
1.02	0	0.10200000000000001	523.6782281727981	2270.007857680406	8.28330845748135	912.6274591698354	628.1740327590642	62.58056137542524	624.5595480264639	NaN
1.02	0	0.10200000000000001	523.9155105277409	2269.6460138682537	8.284792411202876	912.4632140484132	628.1863895678116	62.583418903430506	624.5734981996806	NaN
1.02	0	0.10200000000000001	524.1547285923494	2269.284668385531	8.28627056731607	912.2983438692353	628.1984098486976	62.58652604420775	624.586323659605	NaN
1.02	0	0.10200000000000001	524.3959214279253	2268.923836640414	8.287742956626818	912.1328630727857	628.2101004661146	62.58957932788465	624.597985068859	NaN
1.02	0	0.10200000000000001	524.6396145808703	2268.562818339459	8.289212518244172	911.9664554924282	628.2214904501996	62.59230290266016	624.608569336108	NaN
1.02	0	0.10200000000000001	524.8866393821615	2268.2004970098938	8.290683850256668	911.7986051724547	628.2326189675448	62.59447475416788	624.6182613234796	NaN
1.02	0	0.10200000000000001	525.1378593885801	2267.8357584835367	8.292161497922564	911.6287869117069	628.2435213885597	62.5959450663024	624.6273115667105	NaN
1.02	0	0.10200000000000001	525.393766730484	2267.468071477322	8.29364761167161	911.4567386266028	628.2542127803465	62.596652208450394	624.6359997335536	NaN
1.02	0	0.10200000000000001	525.6540710421523	2267.098041737928	8.295139743616977	911.2827293570099	628.2646749002774	62.59663794614488	624.6445929964317	NaN
1.02	0	0.10200000000000001	525.9177814785155	2266.7272372949756	8.296631602340966	911.107489771951	628.2748654619802	62.59605145395702	624.6533096233729	NaN
1.02	0	0.10200000000000001	526.1840020249687	2266.357033419932	8.298117726330306	910.9316734720787	628.2847521757267	62.59512460664158	624.6623012585248	NaN
1.02	0	0.10200000000000001	526.4525890338326	2265.9877200174064	8.299597044180457	910.7554276030579	628.2943346157509	62.5941238089943	624.6716458408813	NaN
1.02	0	0.10200000000000001	526.7241761265504	2265.61852625573	8.301072727645298	910.5783920861414	628.3036393997425	62.593303418937246	624.6813432150639	NaN
1.02	0	0.10200000000000001	526.9999121332753	2265.2480316503793	8.302550509337868	910.3998860433632	628.3127064102823	62.592872238424945	624.6913167212417	NaN
1.02	0	0.10200000000000001	527.2810371215633	2264.874767212919	8.304036267301285	910.2191921563814	628.3215725217404	62.5929699816147	624.7014164474921	NaN
1.02	0	0.10200000000000001	527.5682115252085	2264.4980990336744	8.305532518749049	910.0359868839046	628.3302515313067	62.59364679830263	624.7114211424986	NaN
1.02	0	0.10200000000000001	527.8608268847602	2264.119070061948	8.307035121201752	909.8507623307574	628.3387186935223	62.59484506418642	624.7210555479885	NaN
1.02	0	0.10200000000000001	528.1573662672924	2263.739837904868	8.308535560731153	909.6645688468943	628.346928521976	62.59640197153427	624.7300608324932	NaN
1.02	0	0.10200000000000001	528.4569223279761	2263.3616945989565	8.310028804755124	909.4780486815251	628.3548592758929	62.59809158248992	624.7382908411684	NaN
1.02	0	0.10200000000000001	528.7598835947048	2262.9842667771754	8.311516415809727	909.2910286960738	628.3625258097971	62.599681400439806	624.7457426782983	NaN
1.02	0	0.10200000000000001	529.0675864853632	2262.6060477363117	8.31300439817388	909.1027669690826	628.3699637743129	62.600974742251076	624.7525303615917	NaN
1.02	0	0.10200000000000001	529.3816573744404	2262.2252692681864	8.314499738094936	908.9123770848887	628.3772097913824	62.601838333463256	624.7588445946006	NaN
1.02	0	0.10200000000000001	529.7029517867866	2261.8411870822592	8.316005362412783	908.7194723053412	628.3842775472008	62.60222299561757	624.7649045643432	NaN
1.02	0	0.10200000000000001	530.030484770417	2261.455268037556	8.317515533844714	908.5247773542445	628.3911403479736	62.60218072040504	624.7709039449558	NaN
1.02	0	0.10200000000000001	530.3622724784052	2261.0700614295447	8.319020331209956	908.3295800100533	628.3977569091784	62.60186065765177	624.7769786655764	NaN
1.02	0	0.10200000000000001	530.6977442878713	2260.6863731571325	8.320516693550289	908.1343016126124	628.4041203943935	62.60146486933988	624.7832058453913	NaN
1.02	0	0.10200000000000001	531.0381844901889	2260.3028935807547	8.322009808856896	907.9382868912493	628.4102589380822	62.60119134841139	624.7895955698278	NaN
1.02	0	0.10200000000000001	531.3858930910644	2259.917281825803	8.323508836424368	907.7403386194654	628.4162131945741	62.60119243590642	624.7960849224278	NaN
1.02	0	0.10200000000000001	531.742822828994	2259.5277319480315	8.32502080379425	907.5395156031566	628.4220107638001	62.60154584758107	624.8025363231375	NaN
1.02	0	0.10200000000000001	532.1084775353385	2259.135183038666	8.326542066949902	907.3362851832826	628.4276367784852	62.60223008861688	624.8087410979582	NaN
1.02	0	0.10200000000000001	532.4799391036728	2258.74307246143	8.328059346022014	907.1324247586275	628.4330447688565	62.60312065024002	624.8144871970311	NaN
1.02	0	0.10200000000000001	532.8561191592767	2258.3527425181824	8.329567529098398	906.9286457582331	628.438222827645	62.60403884978281	624.8196846734564	NaN
1.02	0	0.10200000000000001	533.2388765608645	2257.9624746473964	8.331073333759797	906.724063318885	628.4431999310547	62.60481541332952	624.8243849574204	NaN
1.02	0	0.10200000000000001	533.6312378168641	2257.569521403169	8.33258740065922	906.517235300024	628.4480138079681	62.60533215956455	624.8287303171331	NaN
1.02	0	0.10200000000000001	534.0347530180285	2257.172790583856	8.334113948292895	906.307572881197	628.4526777057439	62.60554971301451	624.8328921991554	NaN
1.02	0	0.10200000000000001	534.446711868651	2256.7753725319235	8.33564111274922	906.0967019432813	628.4571567367902	62.60552595474334	624.8370018278786	NaN
1.02	0	0.10200000000000001	534.8642234890129	2256.3803220487866	8.337157229235082	905.8862558296769	628.4614223659247	62.60539943866195	624.841135888288	NaN
1.02	0	0.10200000000000001	535.289202218795	2255.9860609042894	8.338668437865461	905.6754109349341	628.4654984451213	62.6053272932815	624.8453259081942	NaN
1.02	0	0.10200000000000001	535.7260118980715	2255.5889423415783	8.340188761647001	905.4622179542641	628.4694258129405	62.605429124861395	624.8495350125941	NaN
1.02	0	0.10200000000000001	536.1776231811483	2255.1868677992597	8.341726240912788	905.2455336884531	628.4732245718948	62.60574954010142	624.8536486982641	NaN
1.02	0	0.10200000000000001	536.6402900414863	2254.783748669666	8.34326593932292	905.0274554344862	628.4768584429663	62.60623246074009	624.8574861706757	NaN
1.02	0	0.10200000000000001	537.1099652315379	2254.3834588860477	8.344793132337477	904.8100925570044	628.4802982420455	62.60674715045412	624.8609365177132	NaN
1.02	0	0.10200000000000001	537.5904999924742	2253.9830494794287	8.346319147265081	904.591860274583	628.4835755265584	62.607163768902815	624.8640456550215	NaN
1.02	0	0.10200000000000001	538.0873270953603	2253.5785836495493	8.347859021589505	904.3706089108663	628.4867244810428	62.6074035311013	624.8669389766495	NaN
1.02	0	0.10200000000000001	538.5997145835327	2253.171375100603	8.349407773380227	904.1470456017523	628.4897353634097	62.60747048725405	624.8697360097349	NaN
1.02	0	0.10200000000000001	539.1206519194418	2252.7674790717015	8.350942434916744	903.9245055802955	628.4925682344734	62.6074553668606	624.8724948390435	NaN
1.02	0	0.10200000000000001	539.653829385982	2252.364409386911	8.352472533714483	903.701640457127	628.4952473019044	62.60747848023945	624.8752486617373	NaN
1.02	0	0.10200000000000001	540.2079512082604	2251.956309006846	8.354020339973982	903.4752091490615	628.49781362171	62.607621746848515	624.877968083653	NaN
1.02	0	0.10200000000000001	540.7835760209964	2251.54375044762	8.35558369331595	903.245511965682	628.5002630047817	62.60788462974813	624.8805375128258	NaN
1.02	0	0.10200000000000001	541.3699364191609	2251.1351195231105	8.357130872782259	903.0172266699099	628.5025498598047	62.60817872966556	624.8828306894759	NaN
1.02	0	0.10200000000000001	541.973807274964	2250.726226694354	8.358677816591788	902.788033761674	628.5047039220115	62.60840505935211	624.8848849230149	NaN
1.02	0	0.10200000000000001	542.6043759842536	2250.311839114318	8.360244354881189	902.5549950978757	628.5067543840327	62.60851618766987	624.8868075195924	NaN
1.02	0	0.10200000000000001	543.2523270741897	2249.8990437483803	8.361803738189089	902.3220968095306	628.5086687568903	62.60854673761223	624.8886595324993	NaN
1.02	0	0.10200000000000001	543.915956355116	2249.4895363985866	8.363349638005174	902.0903206353106	628.5104457973072	62.60858603751544	624.8904679307788	NaN
1.02	0	0.10200000000000001	544.6138061176371	2249.072964942972	8.364921177475411	901.8538094498495	628.5121331522598	62.6086986013019	624.8922297161517	NaN
1.02	0	0.10200000000000001	545.3408800999199	2248.653786058933	8.366501566889388	901.6150806486241	628.5137130440042	62.60886886005265	624.8938440907694	NaN
1.02	0	0.10200000000000001	546.0847399854297	2248.240081603527	8.368060404205197	901.3787575878916	628.5151606105301	62.60901887543249	624.8952537143591	NaN
1.02	0	0.10200000000000001	546.868932852626	2247.819966071314	8.369642529687537	901.1380621406851	628.5165215020156	62.609100056784186	624.8965493782499	NaN
1.02	0	0.10200000000000001	547.6786183911711	2247.4028264689714	8.371212640030208	900.8983777522105	628.5177683617089	62.60913379766656	624.897772645138	NaN
1.02	0	0.10200000000000001	548.5173086657041	2246.9878922367348	8.37277370779349	900.6592889363076	628.5189097442659	62.60918576599542	624.8989412805696	NaN
1.02	0	0.10200000000000001	549.412054346859	2246.5637046984807	8.374368882613071	900.4141912314038	628.5199790629347	62.60928136262493	624.9000362090749	NaN
1.02	0	0.10200000000000001	550.3285960839089	2246.1481479820263	8.375930966133852	900.1734322220691	628.5209353283476	62.609373017696086	624.9009756845736	NaN
1.02	0	0.10200000000000001	551.2971106560457	2245.728977327331	8.377506055282714	899.929945610534	628.52181267659	62.60942281202937	624.9018214930453	NaN
1.02	0	0.10200000000000001	552.2945410019262	2245.31775226164	8.379050777511175	899.6904719843949	628.522592392942	62.609452219232985	624.9025989226075	NaN
1.02	0	0.10200000000000001	553.3440312402013	2244.906417223444	8.380595461206916	899.4503539266315	628.5232961185515	62.60950154041454	624.9033177961807	NaN
1.02	0	0.10200000000000001	554.4353179596279	2244.5007754648072	8.38211837468343	899.2130074406194	628.5239193805769	62.60955823192654	624.9039369605592	NaN
1.02	0	0.10200000000000001	555.5636319071843	2244.1038141994904	8.383608372764604	898.9802257732382	628.5244650105053	62.60959150852251	624.9044670893585	NaN
1.02	0	0.10200000000000001	556.7260756847811	2243.71743359813	8.385058392222627	898.7531759274094	628.5249384421219	62.609613361819626	624.9049403800116	NaN
1.02	0	0.10200000000000001	557.9295934230239	2243.3402179663854	8.386473808151138	898.531076982594	628.5253489420181	62.609644663606176	624.9053560412062	NaN
1.02	0	0.10200000000000001	559.1615749173052	2242.976752256071	8.387837473516923	898.3166817812318	628.5256990191085	62.60967247480351	624.9057003653471	NaN
1.02	0	0.10200000000000001	560.4252653406459	2242.6263605438166	8.389151975628316	898.1096475975038	628.5259968317954	62.60968791625817	624.9059935445106	NaN
1.02	0	0.10200000000000001	561.7150171742513	2242.290753629696	8.390410939696206	897.9110385705455	628.5262478266616	62.60970368489512	624.9062468354944	NaN
1.02	0	0.10200000000000001	563.0344188256215	2241.9690207417407	8.391617818032113	897.7203659218825	628.5264589720801	62.609720646899355	624.9064567782274	NaN
1.02	0	0.10200000000000001	564.3776503262563	2241.6624934484657	8.392767644125477	897.5384652818153	628.5266350293136	62.60973116333994	624.9066297728416	NaN
1.02	0	0.10200000000000001	565.7465040364239	2241.3705310961905	8.393862843057242	897.3649996601615	628.5267814323599	62.60973984027939	624.90677668678	NaN
1.02	0	0.10200000000000001	567.1406407923563	2241.0929668828644	8.394904056580476	897.199908326528	628.5269026401661	62.60974918975486	624.9068975908859	NaN
1.02	0	0.10200000000000001	568.5591458766903	2240.829680445774	8.39589174723347	897.0431541396782	628.5270025183124	62.609755468807116	624.9069959438737	NaN
1.02	0	0.10200000000000001	570.0026326651447	2240.580217813675	8.39682762484494	896.8944973860896	628.5270845271264	62.60976041415708	624.9070780329267	NaN
1.02	0	0.10200000000000001	571.4715865579635	2240.3441479828048	8.39771330973549	896.7537080170401	628.5271516115816	62.609765424287666	624.9071448878663	NaN
1.02	0	0.10200000000000001	572.9662059442346	2240.1210783466768	8.39855027547567	896.6205753165448	628.5272062685632	62.60976884996326	624.9071988509663	NaN
1.02	0	0.10200000000000001	574.487324752144	2239.910517306677	8.399340364964663	896.4948262658783	628.5272506377967	62.6097716511097	624.907243246327	NaN
1.02	0	0.10200000000000001	576.0357477242682	2239.71199014861	8.400085356218767	896.3761949698597	628.5272865185253	62.60977425631356	624.9072789056743	NaN
1.02	0	0.10200000000000001	577.6122891391822	2239.525031913647	8.40078698953999	896.2644187567148	628.5273154204207	62.6097760318307	624.9073075344813	NaN
1.02	0	0.10200000000000001	579.2180125663652	2239.349161603551	8.401447064684481	896.1592230619812	628.5273386091326	62.609777584011866	624.9073307234924	NaN
1.02	0	0.10200000000000001	580.8540056307057	2239.1839134348174	8.402067323874814	896.060340389345	628.527357137535	62.60977886722948	624.9073490845173	NaN
1.02	0	0.10200000000000001	582.5214486510467	2239.02882967877	8.402649478905445	895.9675062922826	628.5273718793237	62.609779778135064	624.9073637514907	NaN
1.02	0	0.10200000000000001	584.2216448982007	2238.883459725669	8.403195214847155	895.8804590453464	628.5273835568885	62.6097805942702	624.9073753934148	NaN
1.02	0	0.10200000000000001	585.9559547145088	2238.7473672182155	8.403706163415263	895.7989441234704	628.5273927647502	62.609781189917946	624.9073845181942	NaN
1.02	0	0.10200000000000001	587.7258521954172	2238.6201257075018	8.404183919386927	895.7227117873135	628.527399990649	62.60978166436613	624.9073917287742	NaN
1.02	0	0.10200000000000001	589.532902852674	2238.5013212424915	8.404630030960552	895.6515187980087	628.5274056329959	62.60978204992837	624.9073973285659	NaN
1.02	0	0.10200000000000001	591.3787785137115	2238.390551712105	8.405046002281662	895.5851281675765	628.5274100159455	62.609782328472825	624.907401690658	NaN
1.02	0	0.10200000000000001	593.2652537812145	2238.2874274207347	8.405433291317328	895.5233096302538	628.5274134020995	62.60978256163625	624.9074050603023	NaN
1.02	0	0.10200000000000001	595.1942184606187	2238.191570573028	8.405793311809964	895.4658394439489	628.5274160032733	62.609782728501685	624.9074076437973	NaN
1.02	0	0.10200000000000001	597.1676874538007	2238.10261502734	8.406127434209397	895.4125003380143	628.5274179895332	62.609782862997044	624.9074096227985	NaN
1.02	0	0.10200000000000001	599.1878099145113	2238.0202061270743	8.40643698630211	895.3630814947461	628.5274194967654	62.609782961545584	624.9074111190092	NaN
1.02	0	0.10200000000000001	601.2568824327695	2237.944000400539	8.406723254326284	895.3173784405448	628.5274206329962	62.60978303728731	624.9074122511328	NaN
1.02	0	0.10200000000000001	603.377362645602	2237.8736653287224	8.406987483825652	895.2751929676436	628.5274214836459	62.60978309355444	624.9074130957417	NaN
1.02	0	0.10200000000000001	605.5518849161617	2237.8088791120394	8.407230880502745	895.2363330463039	628.5274221158807	62.609783135406126	624.9074137255049	NaN
1.02	0	0.10200000000000001	607.7832774447153	2237.74933046781	8.40745461095351	895.2006127476283	628.5274225821998	62.60978316634582	624.9074141886435	NaN
1.02	0	0.10200000000000001	610.0745836270643	2237.6947183911993	8.407659803537197	895.1678521376476	628.5274229233831	62.609783188934735	624.9074145284147	NaN
1.02	0	0.10200000000000001	612.42908477143	2237.644751981174	8.407847549000852	895.1378772044847	628.5274231708975	62.6097832053115	624.9074147742866	NaN
1.02	0	0.10200000000000001	614.850325465129	2237.599150288334	8.40801890102121	895.1105197935234	628.5274233488543	62.609783217151296	624.9074149514744	NaN
1.02	0	0.10200000000000001	617.3421438145608	2237.5576421508786	8.408174876791412	895.0856175310537	628.5274234755923	62.60978322548338	624.9074150774028	NaN
1.02	0	0.10200000000000001	619.9087053872312	2237.5199660611047	8.40831645749367	895.063013762448	628.5274235649507	62.60978323146862	624.9074151663405	NaN
1.02	0	0.10200000000000001	622.5545417452028	2237.485870050365	8.408444588703624	895.0425574981923	628.5274236272866	62.60978323554382	624.9074152283147	NaN
1.02	0	0.10200000000000001	625.2845948158714	2237.4551115830473	8.408560180762152	895.0241033625913	628.5274236702825	62.6097832384295	624.9074152710741	NaN
1.02	0	0.10200000000000001	628.1042695621849	2237.427457446364	8.40866410916444	895.0075115376543	628.5274236995843	62.60978324035305	624.907415300232	NaN
1.02	0	0.10200000000000001	631.0194925711687	2237.402683676444	8.408757214814319	894.9926477268223	628.5274237192993	62.609783241661574	624.9074153198245	NaN
1.02	0	0.10200000000000001	634.0367813689348	2237.380575476458	8.408840304310303	894.9793831123052	628.5274237323838	62.609783242534164	624.9074153328469	NaN
1.02	0	0.10200000000000001	637.163327651251	2237.3609271278615	8.408914150259273	894.9675943069557	628.5274237409416	62.60978324309473	624.9074153413568	NaN
1.02	0	0.10200000000000001	640.4070892280675	2237.3435419445327	8.408979491430765	894.9571633307842	628.5274237464517	62.609783243462104	624.9074153468343	NaN
1.02	0	0.10200000000000001	643.7769052014535	2237.328232186715	8.409037033064081	894.947977562465	628.5274237499402	62.609783243694324	624.9074153503062	NaN
1.02	0	0.10200000000000001	647.2826297580918	2237.3148189985936	8.409087447088266	894.939929704305	628.5274237521091	62.60978324383656	624.9074153524632	NaN
1.02	0	0.10200000000000001	650.9352901349971	2237.3031323509745	8.409131372324602	894.9329177496936	628.5274237534317	62.60978324392442	624.9074153537775	NaN
1.02	0	0.10200000000000001	654.7472807461211	2237.293010967745	8.409169414751505	894.9268449403709	628.5274237542209	62.60978324397724	624.9074153545629	NaN
1.02	0	0.10200000000000001	658.7325932274841	2237.2843022661596	8.409202147719016	894.9216197316306	628.5274237546813	62.60978324400781	624.9074153550209	NaN
1.02	0	0.10200000000000001	662.9071014184854	2237.2768622816247	8.409230112222803	894.9171557479489	628.5274237549434	62.60978324402474	624.9074153552821	NaN
1.02	0	0.10200000000000001	667.288910172527	2237.270555594263	8.409253817172747	894.9133717394692	628.5274237550883	62.609783244034176	624.9074153554257	NaN
1.02	0	0.10200000000000001	671.898782888829	2237.2652552559757	8.40927373966076	894.9101915386238	628.5274237551662	62.609783244039555	624.907415355503	NaN
1.02	0	0.10200000000000001	676.7606855667802	2237.2608426988936	8.409290325299558	894.9075440054802	628.5274237552067	62.609783244042454	624.9074153555432	NaN
1.02	0	0.10200000000000001	681.9024622746902	2237.2572076498373	8.409303988539744	894.9053629765955	628.5274237552268	62.60978324404379	624.907415355564	NaN
1.02	0	0.10200000000000001	687.3567123808859	2237.2542480236257	8.409315113067168	894.9035872011262	628.5274237552366	62.60978324404417	624.9074153555732	NaN
1.02	0	0.10200000000000001	693.1618974439873	2237.2518698218482	8.409324052180471	894.9021602801733	628.5274237552412	62.609783244044394	624.9074153555779	NaN
1.02	0	0.10200000000000001	699.3638263666047	2237.24998700055	8.409331129286015	894.9010305874401	628.527423755243	62.609783244044664	624.9074153555796	NaN
1.02	0	0.10200000000000001	706.017578898106	2237.2485213426176	8.409336638375716	894.900151192697	628.527423755244	62.60978324404482	624.9074153555808	NaN
1.02	0	0.10200000000000001	713.1901383135536	2237.247402299249	8.409340844621452	894.8994797666799	628.5274237552443	62.60978324404474	624.9074153555813	NaN
1.02	0	0.10200000000000001	720.9641735581478	2237.246566802543	8.409343985078412	894.8989784686569	628.5274237552443	62.609783244044685	624.9074153555811	NaN
1.02	0	0.10200000000000001	729.4430018151552	2237.2459591040856	8.409346269290983	894.8986138495824	628.5274237552442	62.60978324404468	624.9074153555806	NaN
1.02	0	0.10200000000000001	738.7576784262191	2237.245530554584	8.409347880120503	894.8983567198813	628.5274237552443	62.609783244044586	624.9074153555804	NaN
1.02	0	0.10200000000000001	749.078101199844	2237.2452393242784	8.409348974795737	894.8981819816976	628.5274237552443	62.60978324404478	624.9074153555808	NaN
1.02	0	0.10200000000000001	760.6292946649487	2237.245050128136	8.409349685945541	894.898068464012	628.5274237552443	62.60978324404488	624.907415355581	NaN
1.02	0	0.10200000000000001	773.7172240582977	2237.2449338902206	8.409350122860276	894.8979987212624	628.5274237552443	62.60978324404495	624.9074153555808	NaN
1.02	0	0.10200000000000001	788.770567191189	2237.2448673533477	8.409350372958901	894.8979587991388	628.5274237552444	62.60978324404471	624.9074153555808	NaN
1.02	0	0.10200000000000001	806.4154733886824	2237.244832611862	8.409350503545111	894.8979379542475	628.5274237552445	62.60978324404481	624.9074153555811	NaN
1.02	0	0.10200000000000001	827.6069702861522	2237.2448165820165	8.409350563798057	894.8979283363406	628.5274237552444	62.609783244044706	624.9074153555808	NaN
1.02	0	0.10200000000000001	853.8978635899352	2237.2448103599127	8.409350587185685	894.8979246030779	628.5274237552444	62.60978324404483	624.907415355581	NaN
1.02	0	0.10200000000000001	888.0141095071772	2237.244808486846	8.409350594226161	894.897923479238	628.5274237552444	62.60978324404474	624.907415355581	NaN
1.02	0	0.10200000000000001	935.2854545236274	2237.244808107214	8.409350595653123	894.8979232514587	628.5274237552443	62.60978324404477	624.9074153555808	NaN
1.02	0	0.10200000000000001	1007.7987230622476	2237.2448080665645	8.409350595805916	894.8979232270693	628.5274237552443	62.609783244044806	624.9074153555808	NaN
1.02	0	0.10200000000000001	1139.2496143574888	2237.244808064533	8.409350595813551	894.8979232258499	628.5274237552443	62.609783244044785	624.9074153555807	NaN
1.02	0	0.10200000000000001	1442.5235833100762	2237.244808064378	8.409350595814136	894.8979232257569	628.5274237552443	62.60978324404478	624.9074153555807	NaN
1.02	0	0.10200000000000001	2283.0329264668	2237.2448080643517	8.409350595814235	894.8979232257412	628.5274237552444	62.60978324404477	624.9074153555808	NaN
1.02	0	0.10200000000000001	5500.0	2237.244808064348	8.40935059581425	894.8979232257391	628.5274237552444	62.60978324404477	624.907415355581	NaN
1.02	0	0.10200000000000001	Inf	2237.2448080643476	8.409350595814251	894.897923225739	628.5274237552444	62.60978323558309	624.9074153579743	NaN
1.03	1	0.1	0.0	2310.762587335457	7.982727072188335	924.3050349341828	616.2033566227885	63.013363750332296	612.8785255771229	NaN
1.03	1	0.1	9.999999999999999e-5	2310.762587335457	7.982727072188335	924.3050349341828	616.2033566227885	63.013363750332296	612.8785255771229	NaN
1.03	1	0.1	0.0010999999999999998	2310.762587335457	7.982727072188335	924.3050349341828	616.2033566227885	63.013363750332296	612.8785255771229	NaN
1.03	1	0.1	0.011099999999999997	2310.762587335457	7.982727072188335	924.3050349341828	616.2033566227885	63.013363750332296	612.8785255771229	NaN
1.03	1	0.1	0.11109999999999996	2310.762587335457	7.982727072188335	924.3050349341828	616.2033566227885	63.013363750332296	612.8785255771229	NaN
1.03	1	0.1	1.1110999999999995	2310.762587335457	7.982727072188335	924.3050349341828	616.2033566227885	63.01336375033216	612.8785255771228	NaN
1.03	1	0.1	7.6566452009414165	2310.762587335457	7.982727072188334	924.3050349341828	616.2033566227884	63.01336375033231	612.8785255771228	NaN
1.03	1	0.1	58.0485142387081	2310.762587335457	7.982727072188337	924.3050349341828	616.2033566227886	63.01336375033222	612.878525577123	NaN
1.03	1	0.1	439.9451161257723	2310.762587335457	7.982727072188335	924.3050349341828	616.2033566227885	63.01336375033231	612.878525577123	NaN
1.03	1	0.1	500.0	2310.762587335457	7.982727072188332	924.3050349341826	616.2033566227883	63.01336375033229	612.8785255771228	NaN
1.03	1	0.10300000000000001	500.0	2310.762587335457	7.982727072188332	924.3050349341826	616.2033566227883	63.01336375033229	612.8785255771228	NaN
1.03	1	0.10300000000000001	500.0087397164145	2310.76258530228	7.982756790895359	924.3050349339125	616.227575236191	63.01320762137285	612.878526258463	NaN
1.03	1	0.10300000000000001	500.01747943282896	2310.7625718453223	7.982838515622668	924.3050349300414	616.2517621208224	63.012740216312416	612.8785310208515	NaN
1.03	1	0.10300000000000001	500.02948784557435	2310.762517640212	7.983018337995156	924.3050349023733	616.2849433459006	63.011593100217894	612.8785516666253	NaN
1.03	1	0.10300000000000001	500.0431153292496	2310.762384325356	7.983295042460541	924.3050347969635	616.3225260029926	63.00958808044609	612.8786069598829	NaN
1.03	1	0.10300000000000001	500.0596306274454	2310.7620922303604	7.983705096357612	924.305034464645	616.367969992349	63.00616467130299	612.8787403263799	NaN
1.03	1	0.10300000000000001	500.07872171198176	2310.7615449285686	7.984248788998288	924.3050336092564	616.4203614985976	63.00086509614421	612.8790181689101	NaN
1.03	1	0.10300000000000001	500.1011190222482	2310.760583149095	7.984947314816336	924.3050316098256	616.4816352993384	62.99283732178187	612.8795657589033	NaN
1.03	1	0.10300000000000001	500.1272037064379	2310.758996329994	7.985809477298539	924.3050273190495	616.5527378859264	62.98106499017455	612.8805871299405	NaN
1.03	1	0.10300000000000001	500.15782179449155	2310.756465555485	7.986857032919708	924.3050185626997	616.6358436137403	62.96399044125183	612.882441778382	NaN
1.03	1	0.10300000000000001	500.1936581550876	2310.7525667554687	7.988105768260894	924.3050015203431	616.7326295288359	62.93965905446435	612.885713936389	NaN
1.03	1	0.10300000000000001	500.2345591258017	2310.746872726442	7.989542029930002	924.304970507034	616.8424598237389	62.90635619657748	612.8911988008207	NaN
1.03	1	0.10300000000000001	500.27924480880256	2310.739137166463	7.991113700666163	924.3049189497009	616.9616851857637	62.863518823573415	612.8997188466784	NaN
1.03	1	0.10300000000000001	500.32708681512077	2310.729112466073	7.992793971620149	924.3048387800358	617.0884488648452	62.81057920300254	612.9122434654407	NaN
1.03	1	0.10300000000000001	500.3775704207567	2310.716596564498	7.9945620940280415	924.3047208371726	617.2212285351112	62.747282957412644	612.9298138658477	NaN
1.03	1	0.10300000000000001	500.4302919063283	2310.7014225521475	7.996402380175202	924.3045550275608	617.3588242596625	62.67364622587763	612.9535143054572	NaN
1.03	1	0.10300000000000001	500.4848732928729	2310.6834730276973	7.99830064030816	924.3043307556796	617.5001312104009	62.59002583909401	612.9844048359495	NaN
1.03	1	0.10300000000000001	500.54099638174233	2310.662666093741	8.000245093222118	924.3040370966025	617.6442266518046	62.4970372342863	613.0234944477702	NaN
1.03	1	0.10300000000000001	500.59838331534473	2310.6389543276605	8.00222556142034	924.3036630695666	617.7903160397371	62.39553305030937	613.0717007445511	NaN
1.03	1	0.10300000000000001	500.65680281293436	2310.612315092045	8.004233626937223	924.3031977550946	617.9377454295078	62.286539769300774	613.129832344004	NaN
1.03	1	0.10300000000000001	500.71606245753463	2310.582745589403	8.006262328129575	924.3026304154663	618.0859778157956	62.17121669240597	613.1985716782845	NaN
1.03	1	0.10300000000000001	500.77600973793363	2310.5502543732878	8.008306167285921	924.301950489495	618.2345917633422	62.050802745819226	613.2784743180455	NaN
1.03	1	0.10300000000000001	500.83652195445603	2310.514858999954	8.010360741279246	924.3011476434054	618.383252449339	61.92659064307999	613.3699619743413	NaN
1.03	1	0.10300000000000001	500.8975053721033	2310.476580108816	8.012422692637273	924.3002117056633	618.5317063452026	61.79989012114056	613.4733298146282	NaN
1.03	1	0.10300000000000001	500.958889930539	2310.435438738	8.014489511721134	924.2991326255209	618.6797652832342	61.672006718253066	613.5887508019795	NaN
1.03	1	0.10300000000000001	501.0206259438328	2310.3914535447134	8.016559409723637	924.2979003989302	618.8272959412596	61.54422295592251	613.7162835336414	NaN
1.03	1	0.10300000000000001	501.0826803124505	2310.344639290184	8.0186311780876	924.2965050024476	618.9742086174319	61.4177860562013	613.8558788381977	NaN
1.03	1	0.10300000000000001	501.1450334966168	2310.295005719828	8.02070407634319	924.2949363228573	619.1204482965479	61.293898572311356	614.0073864846362	NaN
1.03	1	0.10300000000000001	501.20767662612667	2310.242557146324	8.022777727008167	924.2931840981825	619.265986447333	61.17371215938255	614.1705604387391	NaN
1.03	1	0.10300000000000001	501.2706090561183	2310.187292405186	8.024852027613276	924.2912378671191	619.4108142371539	61.05832285451431	614.3450631717781	NaN
1.03	1	0.10300000000000001	501.333836156877	2310.1292052380586	8.026927072474239	924.2890869337697	619.5549366114276	60.948767421624126	614.5304686215517	NaN
1.03	1	0.10300000000000001	501.39736737788945	2310.0682849817076	8.029003085287503	924.2867203483015	619.6983672882519	60.846019942365274	614.7262641155706	NaN
1.03	1	0.10300000000000001	501.46121457870805	2310.0045174777197	8.031080362032817	924.2841269039316	619.8411246059035	60.750988107210894	614.9318516118268	NaN
1.03	1	0.10300000000000001	501.52539057308013	2309.9378861715763	8.033159222184512	924.2812951517573	619.9832280611995	60.66450890320475	615.146548547065	NaN
1.03	1	0.10300000000000001	501.58990789001456	2309.868373326515	8.035239968137757	924.2782134325688	620.1246955116306	60.58734345576527	615.3695887901621	NaN
1.03	1	0.10300000000000001	501.65477775597327	2309.795961278277	8.037322852770261	924.274869923758	620.2655410153814	60.52017095761692	615.6001242305829	NaN
1.03	1	0.10300000000000001	501.7200093123509	2309.7206336461713	8.039408055374906	924.2712526978592	620.4057733046715	60.46358177838276	615.8372275575144	NaN
1.03	1	0.10300000000000001	501.78560902315724	2309.6423764856095	8.041495664302023	924.2673497915639	620.5453947605414	60.41807005013256	616.0798965182397	NaN
1.03	1	0.10300000000000001	501.85158033264645	2309.5611792519894	8.043585668014778	924.2631492777691	620.6844009851379	60.384026037694305	616.3270602316726	NaN
1.03	1	0.10300000000000001	501.91792347229557	2309.477035635958	8.045677951146367	924.258639341623	620.82278072498	60.36172881692657	616.5775874357179	NaN
1.03	1	0.10300000000000001	501.98463547717955	2309.3899441492626	8.047772297293111	924.2538083522028	620.9605162460374	60.35133968590882	616.8302970010784	NaN
1.03	1	0.10300000000000001	502.05171028184054	2309.299908582429	8.049868394284376	924.2486449337061	621.0975838653123	60.3528968182908	617.0839702029222	NaN
1.03	1	0.10300000000000001	502.1191389218766	2309.2069382769655	8.051965842663185	924.2431380310724	621.233954679855	60.36631151502446	617.3373647055984	NaN
1.03	1	0.10300000000000001	502.1869097234619	2309.1110483542643	8.054064163631276	924.2372769764182	621.3695952430853	60.39136634483742	617.5892295843454	NaN
1.03	1	0.10300000000000001	502.2550085169564	2309.012259851876	8.056162807580524	924.2310515525462	621.5044682614224	60.42771534620407	617.8383212326922	NaN
1.03	1	0.10300000000000001	502.3234188388354	2308.9105998157	8.058261162089478	924.2244520554533	621.6385332379489	60.47488639992262	618.0834196945011	NaN
1.03	1	0.10300000000000001	502.39212213045926	2308.8061013387937	8.060358559653737	924.2174693545703	621.7717470812444	60.532285814967736	618.3233451022156	NaN
1.03	1	0.10300000000000001	502.4610979927556	2308.6988034556116	8.062454286941344	924.2100949435937	621.9040647925632	60.599205171230956	618.5569740523971	NaN
1.03	1	0.10300000000000001	502.53032452032306	2308.5887508417104	8.064547596223058	924.2023209763229	622.0354402677496	60.674830414033956	618.7832555731616	NaN
1.03	1	0.10300000000000001	502.599778853773	2308.4759930743044	8.06663772306177	924.1941402668227	622.1658274619448	60.75825327464138	619.0012266560316	NaN
1.03	1	0.10300000000000001	502.66943779946627	2308.360583658208	8.068723905530842	924.185546263358	622.2951816080016	60.84848470590423	619.2100263183843	NaN
1.03	1	0.10300000000000001	502.7392787512237	2308.2425784065704	8.070805411865772	924.1765329611047	622.4234609087209	60.94447032768168	619.4089084096678	NaN
1.03	1	0.10300000000000001	502.8092806589821	2308.1220335576504	8.072881568697523	924.1670947751355	622.5506282013006	61.0451071826116	619.5972518596225	NaN
1.03	1	0.10300000000000001	502.8794251152684	2307.9990035010496	8.074951791908079	924.1572263598392	622.6766527165827	61.149261342380775	619.7745682529394	NaN
1.03	1	0.10300000000000001	502.9496974081165	2307.87353837035	8.077015615557462	924.1469223909166	622.8015116521628	61.25578554370976	619.9405061384135	NaN
1.03	1	0.10300000000000001	503.0200874912919	2307.7456816108124	8.079072717488474	924.1361773174795	622.9251914814521	61.36353614372649	620.094852031727	NaN
1.03	1	0.10300000000000001	503.09059073549633	2307.615467804563	8.08112293774304	924.1249851085838	623.0476887777116	61.47138861431506	620.2375281085824	NaN
1.03	1	0.10300000000000001	503.1612084890532	2307.4829207550206	8.083166290837909	924.1133389979196	623.1690106343904	61.57825117390391	620.3685871796379	NaN
1.03	1	0.10300000000000001	503.2319483380559	2307.3480520883295	8.08520296893387	924.1012312535997	623.2891745236598	61.68307612157344	620.488205357282	NaN
1.03	1	0.10300000000000001	503.3028241671244	2307.210860240161	8.087233339090304	924.0886529677863	623.4082078034676	61.78486894865253	620.5966733052586	NaN
1.03	1	0.10300000000000001	503.3738559156312	2307.071330076872	8.08925793181185	924.0755938947839	623.5261467260593	61.88269517087994	620.6943865451956	NaN
1.03	1	0.10300000000000001	503.4450691763108	2306.929432914861	8.091277425342332	924.0620423231427	623.643035227159	61.97568534683691	620.7818356530521	NaN
1.03	1	0.10300000000000001	503.5164945604553	2306.7851271185623	8.093292623721885	924.0479850046155	623.7589233924564	62.06303852806016	620.8595966813824	NaN
1.03	1	0.10300000000000001	503.58816687300293	2306.6383592266566	8.095304430045339	924.0334071423747	623.873865698779	62.14402464097099	620.9283222215801	NaN
1.03	1	0.10300000000000001	503.66012412866854	2306.489065569747	8.097313815972644	924.0182924415276	623.9879191012209	62.21798630875851	620.9887333304018	NaN
1.03	1	0.10300000000000001	503.7324063223436	2306.337174584011	8.09932178524225	924.0026232495794	624.1011408491172	62.28434050259844	621.0416122993214	NaN
1.03	1	0.10300000000000001	503.80505402993987	2306.1826096936556	8.101329333535684	923.98638078259	624.213586177496	62.34258058793226	621.0877962711407	NaN
1.03	1	0.10300000000000001	503.87810669702674	2306.0252930917873	8.103337400961722	923.969545480333	624.3253056769769	62.392279074802346	621.128171388009	NaN
1.03	1	0.10300000000000001	503.95160072953917	2305.8651502144407	8.10534682061098	923.9520974803394	624.4363425524665	62.43309155965263	621.1636672166092	NaN
1.03	1	0.10300000000000001	504.02556728406114	2305.7021151580193	8.107358260630676	923.9340172488384	624.5467296431117	62.464762033571276	621.1952508977774	NaN
1.03	1	0.10300000000000001	504.1000299610545	2305.5361366239267	8.10937216565193	923.9152863350129	624.656486539641	62.48712974582619	621.2239205086742	NaN
1.03	1	0.10300000000000001	504.17500249016365	2305.367184190787	8.111388700107224	923.8958882339217	624.7656169403948	62.50013739647466	621.2506969446822	NaN
1.03	1	0.10300000000000001	504.25048674668164	2305.19525412389	8.11340770254082	923.8758092709307	624.8741067312643	62.503840125001645	621.2766137265983	NaN
1.03	1	0.10300000000000001	504.32647143903705	2305.020373864222	8.115428659624635	923.8550393999109	624.9819232256588	62.498414236337	621.302704265407	NaN
1.03	1	0.10300000000000001	504.4029319208997	2304.8426040115887	8.117450711164256	923.8335727535157	625.0890161083154	62.484164152506764	621.3299865055344	NaN
1.03	1	0.10300000000000001	504.4798314035054	2304.6620369576362	8.119472692134508	923.811407806415	625.1953203152245	62.461525795180926	621.3594453653952	NaN
1.03	1	0.10300000000000001	504.55712365343186	2304.4787917383405	8.121493212450465	923.7885470498941	625.3007607837815	62.43106475728465	621.3920140012572	NaN
1.03	1	0.10300000000000001	504.6347568964313	2304.2930055519805	8.123510765596118	923.7649961804217	625.4052585088933	62.39346828572126	621.4285553688985	NaN
1.03	1	0.10300000000000001	504.7126783728827	2304.104823122747	8.125523850473765	923.7407629067919	625.5087370217637	62.34953114787934	621.4698457083832	NaN
1.03	1	0.10300000000000001	504.7908388596827	2303.9143855217903	8.127531088173848	923.7158555564739	625.6111283222381	62.30013654989353	621.516561330615	NaN
1.03	1	0.10300000000000001	504.86919649986896	2303.72182011796	8.129531316900241	923.6902816964696	625.7123774317705	62.24623407640857	621.5692694958068	NaN
1.03	1	0.10300000000000001	504.9477195869792	2303.527232679648	8.131523656854915	923.6640469232759	625.8124452168316	62.188816804442425	621.6284235415561	NaN
1.03	1	0.10300000000000001	505.02638817103707	2303.3307021465594	8.133507542868243	923.6371539242631	625.9113094562115	62.12889948232302	621.6943618204108	NaN
1.03	1	0.10300000000000001	505.10519456861346	2303.1322780525297	8.135482728120293	923.6096018461294	626.0089644066212	62.06749908634401	621.7673096344664	NaN
1.03	1	0.10300000000000001	505.1841429756013	2302.931980255821	8.137449265081411	923.581385959583	626.1054192460971	62.00561842184861	621.8473832034422	NaN
1.03	1	0.10300000000000001	505.26324852185047	2302.729800227976	8.139407473016439	923.5524975452256	626.2006959107505	61.94423279452014	621.9345948546626	NaN
1.03	1	0.10300000000000001	505.3425358437846	2302.525703770139	8.141357894521102	923.5229240033582	626.2948264800248	61.88427957695104	622.0288585414738	NaN
1.03	1	0.10300000000000001	505.4220374766539	2302.319634420912	8.14330124895592	923.4926490986121	626.387850514851	61.826650054521856	622.1299952521676	NaN
1.03	1	0.10300000000000001	505.5017921378093	2302.111517375233	8.145238384693084	923.4616533216072	626.4798124470227	61.77218297910272	622.2377379144235	NaN
1.03	1	0.10300000000000001	505.58184291937147	2301.90126386229	8.147170230729923	923.4299143664863	626.5707590484294	61.721659250445185	622.3517355441703	NaN
1.03	1	0.10300000000000001	505.66223552149194	2301.688775628539	8.14909775090151	923.3974076759878	626.6607371319842	61.6757970881397	622.4715567472488	NaN
1.03	1	0.10300000000000001	505.7430164274252	2301.473949768532	8.151021898308239	923.364107093303	626.7497913674778	61.635247279822735	622.5966925481196	NaN
1.03	1	0.10300000000000001	505.82423107930174	2301.256683737063	8.152943571424897	923.3299855995323	626.837962279678	61.600588068489536	622.7265588655555	NaN
1.03	1	0.10300000000000001	505.9059220237262	2301.036880611436	8.154863571190647	923.2950161508516	626.9252843937733	61.57231941501753	622.8604989502861	NaN
1.03	1	0.10300000000000001	505.988127008231	2300.814454644671	8.156782558704712	923.2591726264568	627.0117845106919	61.55085648654042	622.9977861991101	NaN
1.03	1	0.10300000000000001	506.0708770565097	2300.5893370248546	8.158701014269246	923.2224308787362	627.0974801462179	61.53652235324783	623.1376279002967	NaN
1.03	1	0.10300000000000001	506.15419463457704	2300.3614815212486	8.1606192004246	923.1847698370133	627.1823782496944	61.5295400565957	623.2791706420496	NaN
1.03	1	0.10300000000000001	506.23809195923604	2300.1308698523208	8.162537130096494	923.14617263711	627.2664742429881	61.53002446000868	623.4215079890392	NaN
1.03	1	0.10300000000000001	506.3225696843217	2299.8975160959167	8.164454545068075	923.106627658391	627.3497515933961	61.53797451496232	623.5636912331532	NaN
1.03	1	0.10300000000000001	506.40761611534754	2299.661469673881	8.166370907766803	923.0661293748841	627.4321820209783	61.55326684174696	623.7047436655663	NaN
1.03	1	0.10300000000000001	506.49320728381406	2299.422815926512	8.168285413163112	923.0246788282475	627.5137265908543	61.575651723592344	623.84367878189	NaN
1.03	1	0.10300000000000001	506.57930797674896	2299.181673926298	8.170197021898597	922.9822836249499	627.5943376780231	61.60475266050781	623.9795219930979	NaN
1.03	1	0.10300000000000001	506.66587384436946	2298.938191103567	8.172104516201337	922.9389573392797	627.6739618046264	61.640070466038246	624.1113349971504	NaN
1.03	1	0.10300000000000001	506.7528545339078	2298.692534751476	8.174006576144341	922.894718285225	627.7525431778715	61.6809924900527	624.2382412858731	NaN
1.03	1	0.10300000000000001	506.8401974681255	2298.444881432011	8.17590186673091	922.8495877957407	627.8300274761625	61.72680684789038	624.3594505801137	NaN
1.03	1	0.10300000000000001	506.9278519600593	2298.19540514227	8.17778912836614	922.8035881352696	627.9063655467498	61.77672090745333	624.4742802353712	NaN
1.03	1	0.10300000000000001	507.015773091359	2297.94426589054	8.179667258080713	922.7567403348343	627.9815164976638	61.82988260542996	624.5821717028574	NaN
1.03	1	0.10300000000000001	507.1039251209882	2297.691599406667	8.181535376831713	922.7090620925794	628.0554500248535	61.88540300456911	624.6827012232995	NaN
1.03	1	0.10300000000000001	507.1922839839903	2297.4375093223953	8.183392874206982	922.6605660131085	628.1281476773627	61.94237834166616	624.7755843191928	NaN
1.03	1	0.10300000000000001	507.2808389435617	2297.1820617273684	8.185239432929677	922.6112582048992	628.1996032207712	61.99991031884037	624.8606748455394	NaN
1.03	1	0.10300000000000001	507.36959328026256	2296.925282510068	8.187075031784902	922.5611373523795	628.2698221078651	62.057123661102665	624.9379594933138	NaN
1.03	1	0.10300000000000001	507.45856427389015	2296.6671568090233	8.188899933339446	922.5101941710545	628.3388203620547	62.11318062795992	625.0075491830088	NaN
1.03	1	0.10300000000000001	507.54778243017535	2296.40763075542	8.190714656326566	922.4584113137397	628.4066229152986	62.16729237370756	625.0696684515747	NaN
1.03	1	0.10300000000000001	507.63729026009497	2296.146614643591	8.192519939769351	922.4057635869453	628.4732617072071	62.218727601464174	625.1246440986034	NaN
1.03	1	0.10300000000000001	507.7271404927494	2295.8839878896647	8.194316696992002	922.352218572097	628.5387735036144	62.26681891711294	625.1728937840236	NaN
1.03	1	0.10300000000000001	507.8173939411049	2295.619605147529	8.196105964512109	922.2977375472723	628.6031976451092	62.310967640857776	625.2149152787862	NaN
1.03	1	0.10300000000000001	507.9081168113169	2295.3533041945466	8.197888842128311	922.2422768547145	628.6665736123456	62.35064765719537	625.251276543998	NaN
1.03	1	0.10300000000000001	507.99937745681757	2295.084915585858	8.199666424904809	922.1857897409624	628.7289384628484	62.38540904034528	625.2826067342102	NaN
1.03	1	0.10300000000000001	508.0912425118788	2294.8142742665777	8.201439726502912	922.1282287382079	628.7903241505543	62.41488210956473	625.3095879240138	NaN
1.03	1	0.10300000000000001	508.18377224929594	2294.541233593894	8.203209591722088	922.06954871705	628.8507546902158	62.438782436261526	625.332947090528	NaN
1.03	1	0.10300000000000001	508.2770153412472	2294.2656812304826	8.204976602683878	922.0097105344616	628.9102433597571	62.456917235328994	625.3534477413584	NaN
1.03	1	0.10300000000000001	508.371003356107	2293.9875559008146	8.20674098575671	921.948685089437	628.9687902078514	62.46919319179449	625.3718803490426	NaN
1.03	1	0.10300000000000001	508.4657457046871	2293.7068628565185	8.208502532920717	921.8864573267366	629.0263803230011	62.47562524334726	625.3890506918568	NaN
1.03	1	0.10300000000000001	508.5612262271535	2293.4236844577263	8.21026055899867	921.8230293660732	629.0829835134672	62.4763450979584	625.4057653707744	NaN
1.03	1	0.10300000000000001	508.6574026918082	2293.138182019397	8.212013915850353	921.7584218075334	629.1385559477615	62.47160745144896	625.4228142426517	NaN
1.03	1	0.10300000000000001	508.7542101919581	2292.850585915515	8.21376107754686	921.6926723824703	629.1930439924263	62.46179142529517	625.4409503522511	NaN
1.03	1	0.10300000000000001	508.85156852272274	2292.5611736451347	8.215500292883528	921.6258316868293	629.2463898770709	62.44739506703341	625.4608689095912	NaN
1.03	1	0.10300000000000001	508.9493921363123	2292.270240024551	8.217229775266736	921.5579567691473	629.298538032063	62.42902208185699	625.4831874787221	NaN
1.03	1	0.10300000000000001	509.047600788841	2291.978065173594	8.218947893593452	921.4891037775838	629.3494408722815	62.40736175897378	625.5084296168935	NaN
1.03	1	0.10300000000000001	509.14612859340247	2291.6848871875277	8.2206533237255	921.4193212709012	629.3990628360992	62.383164628520426	625.5370134279897	NaN
1.03	1	0.10300000000000001	509.2449303129835	2291.390883063285	8.222345142695165	921.3486451289157	629.4473823023383	62.35721690709546	625.5692455094098	NaN
1.03	1	0.10300000000000001	509.3439845269304	2291.0961590425377	8.224022863067937	921.277095481576	629.494391516483	62.33031639793773	625.6053197676143	NaN
1.03	1	0.10300000000000001	509.4432941355968	2290.8007490247037	8.225686419310561	921.2046754815156	629.5400950685278	62.30325152248157	625.6453200095606	NaN
1.03	1	0.10300000000000001	509.5428848263047	2290.50461919809	8.227336119928907	921.1313715941575	629.5845074703757	62.27678417437982	625.6892249733247	NaN
1.03	1	0.10300000000000001	509.6428024000289	2290.2076761934336	8.228972582690096	921.0571548320027	629.627650417082	62.25163621987687	625.7369146833252	NaN
1.03	1	0.10300000000000001	509.7431091597407	2289.9097781301944	8.230596657637127	920.9819828317167	629.6695499204797	62.22847912734429	625.7881770578281	NaN
1.03	1	0.10300000000000001	509.8438799906739	2289.610746644505	8.232209349126862	920.9058023327128	629.7102336476291	62.207925811841264	625.8427142796621	NaN
1.03	1	0.10300000000000001	509.9451978854325	2289.310380592953	8.233811733391697	920.8285522529077	629.7497283887739	62.19052389853592	625.900148428215	NaN
1.03	1	0.10300000000000001	510.04714915101766	2289.008470683904	8.235404876039677	920.7501671957815	629.7880577862745	62.17674949889279	625.9600264539506	NaN
1.03	1	0.10300000000000001	510.1498179212705	2288.7048161027565	8.236989744173487	920.6705816879748	629.8252402131591	62.16700081378586	626.0218245799518	NaN
1.03	1	0.10300000000000001	510.2532800699555	2288.399242787927	8.23856711557642	920.5897350953693	629.8612868946141	62.16159094703232	626.0849527691814	NaN
1.03	1	0.10300000000000001	510.35759648399636	2288.0916234081046	8.240137485297032	920.5075772674084	629.8962003126662	62.16073962477602	626.1487601004836	NaN
1.03	1	0.10300000000000001	510.46280613980827	2287.781897658249	8.24170097721955	920.4240745751712	629.9299730921476	62.16456390308806	626.2125423775253	NaN
1.03	1	0.10300000000000001	510.56891993227134	2287.4700900143444	8.243257274938891	920.33921557895	629.9625876702371	62.17306858800635	626.2755536110442	NaN
1.03	1	0.10300000000000001	510.67591670013087	2287.1563206812552	8.244805591871332	920.2530151145916	629.9940170889845	62.186137913199865	626.3370229569944	NaN
1.03	1	0.10300000000000001	510.78374314816625	2286.8408048032898	8.24634470181957	920.1655153109361	630.0242271609902	62.20353079324937	626.3961779879614	NaN
1.03	1	0.10300000000000001	510.8923189192257	2286.523836436429	8.247873042122936	920.0767823422389	630.053179956203	62.22488225491065	626.4522736094112	NaN
1.03	1	0.10300000000000001	511.0015465798981	2286.2057582401017	8.249388878837165	919.9868989014816	630.0808380580106	62.24971292654416	626.5046237634995	NaN
1.03	1	0.10300000000000001	511.1113248544877	2285.886922043539	8.250890504233512	919.895953594182	630.1071687384922	62.2774468076157	626.5526316043844	NaN
1.03	1	0.10300000000000001	511.22156216530914	2285.5676490829705	8.252376422475084	919.8040296106458	630.1321471148028	62.307435473306576	626.595813613579	NaN
1.03	1	0.10300000000000001	511.33218797180535	2285.2481972820124	8.253845489852042	919.71119480828	630.1557577648583	62.33898553714327	626.6338147962101	NaN
1.03	1	0.10300000000000001	511.44316034265654	2284.928740054268	8.255296992317882	919.6174946464887	630.1779947330917	62.371385954497384	626.6664143145638	NaN
1.03	1	0.10300000000000001	511.55446956714013	2284.6093570253047	8.256730663191473	919.522948304934	630.1988602640841	62.4039325612543	626.6935229123974	NaN
1.03	1	0.10300000000000001	511.66613843955554	2284.290034647314	8.258146654619681	919.4275476009218	630.2183627481951	62.43594843884747	626.7151744823486	NaN
1.03	1	0.10300000000000001	511.77822002652306	2283.970674187304	8.25954547751852	919.331258130315	630.2365143102297	62.466799765900326	626.7315142350209	NaN
1.03	1	0.10300000000000001	511.8907936842059	2283.6511047258227	8.260927922838464	919.2340220498969	630.2533283702654	62.495907612637595	626.7427855557329	NaN
1.03	1	0.10300000000000001	512.0039596348342	2283.3311001383895	8.262294970249574	919.1357622799138	630.2688173592563	62.522756533207875	626.7493170188802	NaN
1.03	1	0.10300000000000001	512.1178322406774	2283.0103995244826	8.26364768782221	919.036388038032	630.2829907156286	62.546901053439775	626.7515104659166	NaN
1.03	1	0.10300000000000001	512.2325315937175	2282.6887320011197	8.264987120070945	918.9358020636556	630.2958532182759	62.56797113491205	626.7498305041997	NaN
1.03	1	0.10300000000000001	512.3481731460266	2282.3658464251725	8.2663141636346	918.8339098061127	630.3074037592485	62.58567770093816	626.7447953295657	NaN
1.03	1	0.10300000000000001	512.4648551378122	2282.041546465908	8.267629430785586	918.7306308256963	630.3176346903396	62.599819101758634	626.7369682742949	NaN
1.03	1	0.10300000000000001	512.5826445147501	2281.7157288118697	8.268933111752705	918.6259118249009	630.3265319680133	62.610289043225215	626.7269489326045	NaN
1.03	1	0.10300000000000001	512.7015633226879	2281.3884187773324	8.27022485978952	918.5197395381502	630.3340763287656	62.61708570066215	626.715362168401	NaN
1.03	1	0.10300000000000001	512.8215795881557	2281.059792260561	8.271503740999854	918.4121498282857	630.3402456244435	62.62032049934785	626.7028430325362	NaN
1.03	1	0.10300000000000001	512.9426075077791	2280.7301712805747	8.272768292572385	918.3032284900278	630.3450180847861	62.620223545221194	626.6900161767539	NaN
1.03	1	0.10300000000000001	513.0645200528352	2280.3999856197847	8.274016707312356	918.1931006992519	630.3483757763289	62.617141920607644	626.6774701411077	NaN
1.03	1	0.10300000000000001	513.1871722429806	2280.069706654277	8.275247108644399	918.0819104104768	630.3503071987711	62.61152810793915	626.6657294560347	NaN
1.03	1	0.10300000000000001	513.310428288795	2279.739772872687	8.276457833929525	917.969795707269	630.3508081676111	62.60391873931046	626.6552292638431	NaN
1.03	1	0.10300000000000001	513.4341846911216	2279.4105287399884	8.277647644939275	917.8568673340613	630.3498808218607	62.59490701272886	626.6462967087423	NaN
1.03	1	0.10300000000000001	513.5583845214301	2279.0821892397416	8.27881582705495	917.7431949564296	630.3475312710267	62.58511350111328	626.6391410233281	NaN
1.03	1	0.10300000000000001	513.6830226087857	2278.7548299157475	8.279962187846708	917.6288016402251	630.3437666596977	62.57515930235179	626.6338516878996	NaN
1.03	1	0.10300000000000001	513.8081437245669	2278.428395944167	8.2810869871113	917.5136648243908	630.3385923076445	62.56564366951293	626.630402572391	NaN
1.03	1	0.10300000000000001	513.9338363731368	2278.1027226458164	8.282190831272045	917.3977215044421	630.3320093286309	62.557126540384765	626.6286596736521	NaN
1.03	1	0.10300000000000001	514.0602238446118	2277.7775626118273	8.283274552471593	917.2808761490547	630.3240129375961	62.55011528266099	626.6283905070525	NaN
1.03	1	0.10300000000000001	514.1874533203022	2277.4526170301333	8.284339082694988	917.1630106299257	630.3145915638618	62.545054405143546	626.6292739197432	NaN
1.03	1	0.10300000000000001	514.3156827678021	2277.127571554933	8.28538532346793	917.0439964012256	630.303726908062	62.54231681636008	626.6309098561367	NaN
1.03	1	0.10300000000000001	514.4450650967242	2276.8021376580677	8.286414010122934	916.9237094073598	630.2913951286375	62.54219524706504	626.632829352687	NaN
1.03	1	0.10300000000000001	514.5757291129572	2276.4761001094776	8.287425571190528	916.8020481309537	630.2775693819358	62.54489273196956	626.6345057855606	NaN
1.03	1	0.10300000000000001	514.7077581576116	2276.149367781266	8.288419994474008	916.6789539252977	630.262223815362	62.550511687415664	626.6353690716851	NaN
1.03	1	0.10300000000000001	514.8411701334995	2275.822018179171	8.28939673038132	916.5544301196062	630.2453386658973	62.55904240210725	626.6348248357286	NaN
1.03	1	0.10300000000000001	514.9759060672183	2275.494318370224	8.29035468097667	916.4285531254441	630.2269053163733	62.57035371556393	626.6322798788841	NaN
1.03	1	0.10300000000000001	515.1118353142422	2275.1667039794975	8.291292317336769	916.3014678422968	630.2069294284328	62.5841904749954	626.6271730714271	NaN
1.03	1	0.10300000000000001	515.2487810263284	2274.8397102115414	8.292207924010592	916.1733638736972	630.1854303564012	62.60018231508694	626.6190075635412	NaN
1.03	1	0.10300000000000001	515.3865593708668	2274.513873592401	8.293099898424677	916.044438628534	630.1624365465643	62.617865101598866	626.6073781123096	NaN
1.03	1	0.10300000000000001	515.5250188985713	2274.189638654021	8.293967000704706	915.9148601362974	630.1379785056472	62.636711614698584	626.5919884012069	NaN
1.03	1	0.10300000000000001	515.664068323154	2273.867296979787	8.294808484156723	915.7847407193129	630.1120816870272	62.65616516922564	626.5726568542407	NaN
1.03	1	0.10300000000000001	515.8036892083395	2273.5469649239335	8.295624104107185	915.6541249341343	630.0847608974948	62.67567053029853	626.5493128689174	NaN
1.03	1	0.10300000000000001	515.9439360183494	2273.228592040338	8.296414041530872	915.5229895425448	630.0560167899781	62.69469903536971	626.52198699861	NaN
1.03	1	0.10300000000000001	516.0849278260043	2272.911988510034	8.297178783094319	915.3912514873557	630.025834351862	62.71276733999075	626.4907985587241	NaN
1.03	1	0.10300000000000001	516.2268347042844	2272.5968634281394	8.297918985120091	915.2587809956472	629.9941832148038	62.72945073569549	626.455943376847	NaN
1.03	1	0.10300000000000001	516.3698596240127	2272.282871175997	8.298635332858497	915.125418968781	629.9610198796015	62.744392655271994	626.4176836153929	NaN
1.03	1	0.10300000000000001	516.514214945902	2271.969666963726	8.299328396891918	914.9909994130439	629.9262922984028	62.75731217234975	626.3763408813406	NaN
1.03	1	0.10300000000000001	516.6600921405579	2271.656973336334	8.299998488120396	914.8553780494598	629.8899474255103	62.76801123473826	626.3322929343447	NaN
1.03	1	0.10300000000000001	516.8076249965447	2271.3446556189615	8.300645522308603	914.7184666781728	629.8519420067908	62.77638296071	626.285972778821	NaN
1.03	1	0.10300000000000001	516.9568522753202	2271.0327923706695	8.301268928274226	914.5802675565168	629.812255307736	62.78242128223247	626.2378661223775	NaN
1.03	1	0.10300000000000001	517.107694159752	2270.7217109516296	8.301867656372744	914.4408943657053	629.7708997331894	62.78623005658196	626.1884999474817	NaN
1.03	1	0.10300000000000001	517.2599618051472	2270.4119515555503	8.302440337751227	914.3005620466766	629.7279229277839	62.78802697056407	626.1384143382181	NaN
1.03	1	0.10300000000000001	517.4134070388576	2270.1041521670168	8.302985569723045	914.1595395435152	629.683397359638	62.788136375207294	626.0881169291087	NaN
1.03	1	0.10300000000000001	517.5677942645376	2269.7988980130467	8.303502209942254	914.0180827332282	629.6374006265257	62.786968456315165	626.0380312964174	NaN
1.03	1	0.10300000000000001	517.7229624067204	2269.4966027030628	8.303989549890924	913.8763775880916	629.5899954142542	62.784988343069955	625.9884560563487	NaN
1.03	1	0.10300000000000001	517.8788576687517	2269.197456064511	8.30444732924272	913.7345111342004	629.5412159802033	62.78268250470164	625.9395440586275	NaN
1.03	1	0.10300000000000001	518.0355385341946	2268.901430203246	8.304875638533968	913.592468463737	629.4910624167501	62.780528613969416	625.8913002745048	NaN
1.03	1	0.10300000000000001	518.1931628114819	2268.608320011189	8.305274774377146	913.4501463837184	629.4395009430684	62.77897157868549	625.8435921103858	NaN
1.03	1	0.10300000000000001	518.3519647062983	2268.317799866628	8.305645090210637	913.3073760641238	629.3864683952377	62.77840553329297	625.7961664171318	NaN
1.03	1	0.10300000000000001	518.5122242304586	2268.0294902591495	8.305986860401058	913.1639522827421	629.3318805161815	62.77916002699683	625.748670331681	NaN
1.03	1	0.10300000000000001	518.6742273354766	2267.7430354304975	8.306300164403961	913.0196703691911	629.2756448572982	62.78148807195802	625.7006757787136	NaN
1.03	1	0.10300000000000001	518.8382136927455	2267.458195114268	8.30658479802901	912.8743731290117	629.2176796852002	62.78555383943997	625.6517095411217	NaN
1.03	1	0.10300000000000001	519.0043147456257	2267.1749428426738	8.306840232320944	912.7280048144851	629.1579383428412	62.79141888984036	625.6012906866636	NaN
1.03	1	0.10300000000000001	519.1724989961581	2266.893539977278	8.307065654463887	912.5806566837567	629.0964330544322	62.7990286719241	625.5489734845618	NaN
1.03	1	0.10300000000000001	519.3425596347191	2266.614529486518	8.307260116968429	912.4325735975362	629.0332445207896	62.808205528687374	625.4943862512791	NaN
1.03	1	0.10300000000000001	519.514174065537	2266.3386118839135	8.307422760668327	912.2840975668862	628.9685041810928	62.81865693278048	625.4372521826424	NaN
1.03	1	0.10300000000000001	519.6870175393108	2266.066447999539	8.307553000202187	912.1355664463886	628.9023531729831	62.830002514949406	625.3773870561437	NaN
1.03	1	0.10300000000000001	519.8608697048863	2265.7984951640965	8.307650571257415	911.9872224737304	628.8349001323779	62.841813030124335	625.314683882566	NaN
1.03	1	0.10300000000000001	520.035669704842	2265.5349418453484	8.307715441096882	911.8391683425858	628.7661961303462	62.85364964332	625.2490975248812	NaN
1.03	1	0.10300000000000001	520.2115210210927	2265.2757270599823	8.307747655448706	911.6913678973197	628.696228477115	62.86509593643904	625.1806341868344	NaN
1.03	1	0.10300000000000001	520.388665906689	2265.020604463913	8.307747188032307	911.5436728127327	628.6249272188184	62.875780901535656	625.1093457833617	NaN
1.03	1	0.10300000000000001	520.5674424540382	2264.7692257670665	8.307713828072275	911.3958630416103	628.5521799214347	62.88539453388175	625.0353298003477	NaN
1.03	1	0.10300000000000001	520.7482253807269	2264.5212378413075	8.30764712563902	911.2476991662681	628.477854667379	62.89369878551833	624.958737273911	NaN
1.03	1	0.10300000000000001	520.9313452302098	2264.276396453971	8.307546416629558	911.0989898917577	628.401833730371	62.900536784927816	624.8797917430439	NaN
1.03	1	0.10300000000000001	521.1169869457863	2264.0346897317395	8.307410951776495	910.9496724178772	628.3240578422557	62.9058426649085	624.7988170541108	NaN
1.03	1	0.10300000000000001	521.3050976332714	2263.7964283166	8.307240123816296	910.799880411387	628.2445685769824	62.9096522889119	624.7162572403792	NaN
1.03	1	0.10300000000000001	521.495372478502	2263.5622200719845	8.30703369773884	910.6499454477067	628.1635187024655	62.91211054027251	624.6326543678828	NaN
1.03	1	0.10300000000000001	521.6873737193705	2263.332784116997	8.306791870297559	910.5002936261307	628.0811247139418	62.91346617833606	624.5485611222597	NaN
1.03	1	0.10300000000000001	521.880725876323	2263.1087031484035	8.306515082043433	910.3512892123433	627.9975833995658	62.91404815835554	624.4644217744486	NaN
1.03	1	0.10300000000000001	522.075260824753	2262.890273728321	8.306203709769049	910.2031265657115	627.913006736931	62.9142286754533	624.3804874078285	NaN
1.03	1	0.10300000000000001	522.2710606095291	2262.6774976818997	8.305857805929064	910.0558069229878	627.8273997803548	62.914384871237274	624.2967914688297	NaN
1.03	1	0.10300000000000001	522.4684298380795	2262.4701556823056	8.305476947149588	909.9091703006588	627.7406697723513	62.914867249009646	624.2131678098702	NaN
1.03	1	0.10300000000000001	522.6678332529382	2262.2679096958454	8.305060195653034	909.7629519608735	627.6526518634306	62.91597620521623	624.1292900576349	NaN
1.03	1	0.10300000000000001	522.8698062164236	2262.0704181676347	8.304606191145748	909.6168553810838	627.5631482564947	62.91794418367608	624.0447250148427	NaN
1.03	1	0.10300000000000001	523.0748259071137	2261.8774683262764	8.304113428367957	909.4706481764277	627.4719861652228	62.92091968411063	623.9590042675014	NaN
1.03	1	0.10300000000000001	523.2831389496594	2261.6891188949453	8.30358076899269	909.324280569996	627.3790963829163	62.92495035030207	623.8717180965357	NaN
1.03	1	0.10300000000000001	523.4946047361478	2261.5057906906013	8.303008063479853	909.177981576709	627.2845855831899	62.92996735462489	623.7826114058291	NaN
1.03	1	0.10300000000000001	523.7087074833506	2261.3281841784938	8.302396409600508	909.0322296954286	627.188732791707	62.93578244656041	623.6916190923375	NaN
1.03	1	0.10300000000000001	523.9248240087913	2261.1570011515705	8.301747597801743	908.8875531386049	627.0918696723311	62.942110924761096	623.598795269316	NaN
1.03	1	0.10300000000000001	524.1425547575375	2260.9926803698418	8.301063106939544	908.7443063345829	626.9942307576142	62.94861624114148	623.5042015351751	NaN
1.03	1	0.10300000000000001	524.3618753930183	2260.8353334178273	8.30034342191902	908.6025846719602	626.895883976319	62.95495627743536	623.4078504148368	NaN
1.03	1	0.10300000000000001	524.5831126726939	2260.6848305325652	8.299587854786319	908.4622613141204	626.7967411395414	62.960818622879266	623.3097086915649	NaN
1.03	1	0.10300000000000001	524.8068356632152	2260.5409333463813	8.29879471174276	908.3230755080493	626.6966076701378	62.96594408107574	623.2097307604428	NaN
1.03	1	0.10300000000000001	525.033693367277	2260.40343465019	8.297961761166869	908.1847462453161	626.5952570254558	62.970142393563606	623.1079142020711	NaN
1.03	1	0.10300000000000001	525.2641832928929	2260.2723001960853	8.29708709853753	908.0471152626415	626.4925356611916	62.97330494076876	623.004384904283	NaN
1.03	1	0.10300000000000001	525.4983759185945	2260.1477816260312	8.296170354514098	907.9102978299466	626.3884858359858	62.97541787108854	622.8994955642861	NaN
1.03	1	0.10300000000000001	525.7357834390604	2260.03039885189	8.295213495078263	907.7747294975348	626.2834011099459	62.976573236030156	622.7938462145897	NaN
1.03	1	0.10300000000000001	525.9756337884678	2259.920715324493	8.294219983266428	907.6409772912384	626.1777002069047	62.97696550304745	622.6881132094692	NaN
1.03	1	0.10300000000000001	526.2173965194936	2259.819074324458	8.293192646870507	907.5094364758195	626.0716922524688	62.976862173764715	622.5827758330823	NaN
1.03	1	0.10300000000000001	526.4610790229692	2259.725536316513	8.292132218101667	907.3801906620305	625.9654489687205	62.97655816935642	622.4779718126816	NaN
1.03	1	0.10300000000000001	526.7072117604577	2259.639982320663	8.291037118282915	907.2530558428291	625.8588173019754	62.97633331508728	622.3735133707248	NaN
1.03	1	0.10300000000000001	526.956694525906	2259.56225251913	8.289903926400251	907.1276932808553	625.7514935392055	62.976420995390406	622.2689747473407	NaN
1.03	1	0.10300000000000001	527.21055254463	2259.492273475531	8.288728384494274	907.0037540540623	625.6431347826931	62.976985692108975	622.1638195380272	NaN
1.03	1	0.10300000000000001	527.4695435843062	2259.4301658035806	8.287507255822902	906.8810731664611	625.5335293817313	62.978103939330545	622.0575873283683	NaN
1.03	1	0.10300000000000001	527.7336431344602	2259.3762904040173	8.286240964356093	906.7598842185115	625.4228092496325	62.97974626775053	621.950128293622	NaN
1.03	1	0.10300000000000001	528.0018809221988	2259.3311317383454	8.284934719345905	906.6408327914788	625.3115022502886	62.98177036053039	621.8416973019663	NaN
1.03	1	0.10300000000000001	528.2730907010614	2259.295043290511	8.28359510682559	906.5245876551792	625.2002036336704	62.98394578238198	621.7326849743127	NaN
1.03	1	0.10300000000000001	528.5468326304214	2259.2681416036908	8.282225455632389	906.4114495837375	625.0891963373936	62.9860054050606	621.6232797347582	NaN
1.03	1	0.10300000000000001	528.8235347929807	2259.250428508753	8.280824848996046	906.3013507587793	624.978410399669	62.987693635963446	621.5134309065837	NaN
1.03	1	0.10300000000000001	529.1041834049048	2259.2419426361207	8.279389473903896	906.1940376341645	624.8675671603713	62.98879987688771	621.4029754606196	NaN
1.03	1	0.10300000000000001	529.3898257301997	2259.242839459767	8.277915097204128	906.0892933160535	624.7563886626675	62.98918193973331	621.291823699621	NaN
1.03	1	0.10300000000000001	529.6808778429961	2259.2533600440347	8.276400723775865	905.9871807942324	624.6448653857485	62.98878707704984	621.1801994449878	NaN
1.03	1	0.10300000000000001	529.9765907708492	2259.273678218418	8.274851565540992	905.8881677236201	624.5334380876768	62.9876707194866	621.0687840864952	NaN
1.03	1	0.10300000000000001	530.2756271017253	2259.3037794587713	8.273276176128011	905.7928529231036	624.4227475980324	62.985992558974104	620.9584162784557	NaN
1.03	1	0.10300000000000001	530.5774281910424	2259.343575048153	8.271679215247818	905.7015150141162	624.3131197898817	62.98397282506149	620.8495350899029	NaN
1.03	1	0.10300000000000001	530.8826908606482	2259.393113223457	8.270058774948264	905.6140418273621	624.2044222233203	62.98183508510787	620.7420232929109	NaN
1.03	1	0.10300000000000001	531.1930684027566	2259.452705351313	8.268407885824763	905.5301096258011	624.0962129813475	62.979763298081906	620.6353647944193	NaN
1.03	1	0.10300000000000001	531.5106061003205	2259.522924935849	8.266717557635506	905.4493993748109	623.98797008113	62.97787507408267	620.5288909149559	NaN
1.03	1	0.10300000000000001	531.8366754705264	2259.60437068492	8.264982561718945	905.37187453669	623.8794625835885	62.9762056895753	620.4221707122218	NaN
1.03	1	0.10300000000000001	532.1704721929568	2259.697121326958	8.263209493895557	905.298046634107	623.7712086186526	62.97469993117267	620.3154996164019	NaN
1.03	1	0.10300000000000001	532.509459419136	2259.800571081437	8.261414313647581	905.228706511281	623.6642439932511	62.97321658729104	620.2097297550088	NaN
1.03	1	0.10300000000000001	532.8525072039054	2259.914290093609	8.259605544956527	905.1642146405088	623.5590915622963	62.97155880551557	620.10530265688	NaN
1.03	1	0.10300000000000001	533.200562108224	2260.038470193166	8.257780830541005	905.1045082105371	623.4556243367216	62.96952696851689	620.002121161301	NaN
1.03	1	0.10300000000000001	533.5553710719614	2260.173681570107	8.255933883719923	905.0494586723735	623.3535231455694	62.96696709829034	619.8999836278633	NaN
1.03	1	0.10300000000000001	533.917772268581	2260.3202435011344	8.25406351946113	904.9991588547139	623.2527846291671	62.96381351833685	619.7990603297325	NaN
1.03	1	0.10300000000000001	534.2862762765063	2260.4774860051198	8.252180731388636	904.9540093411658	623.1540517086938	62.96012375934188	619.7001808219222	NaN
1.03	1	0.10300000000000001	534.6588440841982	2260.644314322771	8.250299092485037	904.9143543401794	623.0580448960122	62.956055245390765	619.6042074347806	NaN
1.03	1	0.10300000000000001	535.0359635111453	2260.820641566745	8.248419222813752	904.8801858537815	622.9647851784883	62.95178258688876	619.5112160715654	NaN
1.03	1	0.10300000000000001	535.4205222181506	2261.0075780922166	8.2465302183761	904.8513521956797	622.8737539184916	62.947439276258436	619.4206516913234	NaN
1.03	1	0.10300000000000001	535.8165699300683	2261.2069927058624	8.244616605007426	904.827804665006	622.7842964604944	62.94309063141425	619.3317485557609	NaN
1.03	1	0.10300000000000001	536.2265860107565	2261.420127317201	8.242671915935412	904.8097810885847	622.6962648641443	62.93873689129395	619.2441981469675	NaN
1.03	1	0.10300000000000001	536.6473272963962	2261.645181865092	8.24071729489893	904.7977661598476	622.6107566633544	62.93434326225731	619.1589342020875	NaN
1.03	1	0.10300000000000001	537.0741991017849	2261.879330512224	8.238778944836005	904.7920260608445	622.5289691114208	62.929819132976	619.0770627694874	NaN
1.03	1	0.10300000000000001	537.5083295642984	2262.1226960371323	8.236856157835104	904.7925773431409	622.4508812268915	62.92500825116769	618.9985763700771	NaN
1.03	1	0.10300000000000001	537.952070555994	2262.376109754103	8.234943585495694	904.7995063121726	622.3763169819291	62.919792036002505	618.9233952501863	NaN
1.03	1	0.10300000000000001	538.404772020909	2262.6386772115643	8.233049493029023	904.8128940613495	622.305652668201	62.914174952481254	618.8520383697163	NaN
1.03	1	0.10300000000000001	538.862919322289	2262.9077254220592	8.231193303275493	904.8326126850677	622.239617534068	62.90829163606326	618.7853648287063	NaN
1.03	1	0.10300000000000001	539.3272973523449	2263.1830106072975	8.22937597651942	904.8585918820344	622.1782166195072	62.90227380797158	618.7234318375708	NaN
1.03	1	0.10300000000000001	539.8032345310544	2263.466990995587	8.227582038038888	904.8911160359947	622.1209581415309	62.89618424892787	618.6657093547241	NaN
1.03	1	0.10300000000000001	540.296743959538	2263.7625335558305	8.225796757166796	904.9307522787419	622.0675185575556	62.89002365486198	618.6117694890395	NaN
1.03	1	0.10300000000000001	540.8066374702101	2264.0680994112477	8.224033671765703	904.9775943247977	622.018495816799	62.883803657115344	618.5620902605572	NaN
1.03	1	0.10300000000000001	541.3244229960729	2264.377658627363	8.22232916843384	905.0308306789631	621.9749780314123	62.87755193160417	618.5176949658493	NaN
1.03	1	0.10300000000000001	541.8508228879266	2264.6906526166135	8.220685874329169	905.0903337748892	621.9370109520149	62.871170579965415	618.4786395685927	NaN
1.03	1	0.10300000000000001	542.3880481385482	2265.007348445893	8.219102460654026	905.1561602054783	621.9045690271995	62.86459391896524	618.444975412713	NaN
1.03	1	0.10300000000000001	542.9331850491645	2265.3249470880633	8.217592692233488	905.2277128672332	621.8779233080671	62.857897524277504	618.4170818655281	NaN
1.03	1	0.10300000000000001	543.4844631626374	2265.641361735666	8.216165132750003	905.3044267725659	621.8571485803537	62.851201974851044	618.3951003040568	NaN
1.03	1	0.10300000000000001	544.0465033815806	2265.958138292562	8.214811940006392	905.3866167990877	621.8420801305875	62.844556661914126	618.3788499661214	NaN
1.03	1	0.10300000000000001	544.622814080857	2266.275990389141	8.213530700310603	905.474514985519	621.8327343335096	62.83798607837403	618.3682804826515	NaN
1.03	1	0.10300000000000001	545.2094113366431	2266.591426757048	8.212335833467101	905.5671826070354	621.8292427133221	62.831538671889845	618.3634643719428	NaN
1.03	1	0.10300000000000001	545.8028809809266	2266.901455531041	8.21123739413945	905.663652375599	621.8315448087653	62.82521099909282	618.3643237201089	NaN
1.03	1	0.10300000000000001	546.4061473356448	2267.206469621693	8.210232491501458	905.7639426997898	621.8395334271604	62.81893994645996	618.3707761509813	NaN
1.03	1	0.10300000000000001	547.019242850066	2267.50529327976	8.209323946255893	905.8675948828355	621.8531013932133	62.81274017443801	618.382777146538	NaN
1.03	1	0.10300000000000001	547.6395684978943	2267.795561875307	8.208517284732787	905.9736732929199	621.8720188463352	62.80669681959574	618.4001533058159	NaN
1.03	1	0.10300000000000001	548.2676054667834	2268.076503400787	8.207812478629348	906.0817440466916	621.8960742868851	62.80087402523342	618.4226995100715	NaN
1.03	1	0.10300000000000001	548.9038757282933	2268.3473723614575	8.207209303684673	906.1913741546234	621.9250485515146	62.79530975550989	618.4501675302469	NaN
1.03	1	0.10300000000000001	549.5469193137706	2268.606654799642	8.206708753932395	906.3017843790255	621.9586027689968	62.7900194863418	618.4821909787751	NaN
1.03	1	0.10300000000000001	550.1981572739054	2268.8540949776034	8.206308813212914	906.4126897032947	621.9965166436344	62.78497333006695	618.5185416932487	NaN
1.03	1	0.10300000000000001	550.8607864032738	2269.0899817101945	8.206007201426443	906.5240928749811	622.0386997793817	62.780141382051255	618.5591479199358	NaN
1.03	1	0.10300000000000001	551.5347673770349	2269.3133264574626	8.205803768616564	906.6354285832734	622.084870790091	62.775547860500524	618.6037652634307	NaN
1.03	1	0.10300000000000001	552.2176305454215	2269.5225013416584	8.205697899053872	906.7457378574788	622.1345363505782	62.771250141262016	618.6519271556152	NaN
1.03	1	0.10300000000000001	552.9082324369596	2269.7165659804123	8.205687050917662	906.8543114479946	622.1872462943893	62.767287198357366	618.703181907611	NaN
1.03	1	0.10300000000000001	553.6066071010181	2269.8950729046446	8.205767775539565	906.9606528233426	622.2426172259493	62.76366710903477	618.7571312643356	NaN
1.03	1	0.10300000000000001	554.3153819240431	2270.058230169788	8.205936952720855	907.0646579201459	622.300471151215	62.760368800344224	618.8135874331151	NaN
1.03	1	0.10300000000000001	555.0389319610468	2270.206414284749	8.206192900585437	907.1664199280305	622.3607854285813	62.75736989345632	618.8725333054341	NaN
1.03	1	0.10300000000000001	555.7787647639824	2270.3391875177103	8.206533714816334	907.265557088235	622.4232956043793	62.754679483833115	618.9337246893544	NaN
1.03	1	0.10300000000000001	556.5319372672299	2270.4554484003856	8.206954605636717	907.361107401999	622.4873346486941	62.752332130402415	618.996514637477	NaN
1.03	1	0.10300000000000001	557.2960484336315	2270.5545791785667	8.207449340642757	907.4522781176856	622.5522590256122	62.75034980541304	619.0602632471029	NaN
1.03	1	0.10300000000000001	558.0725484503935	2270.6366833377615	8.208013283337797	907.5387964830209	622.6177450400261	62.74872764837722	619.1246390937449	NaN
1.03	1	0.10300000000000001	558.8666850648103	2270.7021268165477	8.208644862691242	907.6207561916091	622.6837739685864	62.747448539585754	619.1896189321315	NaN
1.03	1	0.10300000000000001	559.6837161658807	2270.750945533008	8.209343174368183	907.6981123349245	622.7502864361898	62.74650655236235	619.2551503819003	NaN
1.03	1	0.10300000000000001	560.5222391302364	2270.7827101899406	8.210101342030345	907.7701313219068	622.8166408247586	62.74591413898428	619.3206081560172	NaN
1.03	1	0.10300000000000001	561.3763039591502	2270.797279088167	8.210906931754888	907.8358447006271	622.8818524736333	62.74568009815148	619.3850185511258	NaN
1.03	1	0.10300000000000001	562.2455632234233	2270.7951020764995	8.211751613887568	907.8949102072885	622.9454115507939	62.745795048203014	619.4478693757195	NaN
1.03	1	0.10300000000000001	563.1349337367141	2270.776660826397	8.212631900741787	907.9473490463045	623.0071846990974	62.74624382144821	619.5090241294641	NaN
1.03	1	0.10300000000000001	564.0471600542808	2270.7423738937787	8.213541931015003	907.9929773689951	623.0668407857911	62.74701458603494	619.5681570387987	NaN
1.03	1	0.10300000000000001	564.9753192434096	2270.693273342214	8.214465739389542	908.0312359871098	623.1234506253423	62.74808772096111	619.6243482432894	NaN
1.03	1	0.10300000000000001	565.9116012547938	2270.631024501898	8.215386485570235	908.0618604489143	623.1761936385673	62.74943106091756	619.6767775254824	NaN
1.03	1	0.10300000000000001	566.8554584047471	2270.5571606782514	8.216295065792286	908.0850643541572	623.224800702436	62.75101163190775	619.7251689047499	NaN
1.03	1	0.10300000000000001	567.8070392721635	2270.4732051492506	8.217183636475259	908.1011458694895	623.2690959278193	62.752795237736876	619.7693416845409	NaN
1.03	1	0.10300000000000001	568.7632866818668	2270.3810095612316	8.218042150179192	908.1104313259167	623.3088270775341	62.754743291770374	619.8090401788801	NaN
1.03	1	0.10300000000000001	569.7204565806859	2270.2825644946374	8.218861213344	908.1133724244586	623.3438303402293	62.75681616889699	619.8440938638001	NaN
1.03	1	0.10300000000000001	570.6776597228252	2270.179559820857	8.219635215889493	908.1105216514187	623.3741465123303	62.75897938603984	619.8745340935957	NaN
1.03	1	0.10300000000000001	571.6353017714508	2270.073454978817	8.22036057684595	908.1024466149165	623.39990708729	62.761201840133744	619.9004836200053	NaN
1.03	1	0.10300000000000001	572.5934799990306	2269.9656337225924	8.22103428918346	908.0897134075501	623.4212664490454	62.76345452676943	619.9220895156399	NaN
1.03	1	0.10300000000000001	573.5520230819075	2269.8574000326153	8.221653975586094	908.0728882420889	623.4384049368367	62.76571123038909	619.9395247459703	NaN
1.03	1	0.10300000000000001	574.5113301036984	2269.7498806655426	8.222218384502673	908.0525178410372	623.4515395287071	62.76794936724437	619.9529983742115	NaN
1.03	1	0.10300000000000001	575.4723290749263	2269.6440328937097	8.222727148398393	908.0291164986909	623.4609075681965	62.7701491215233	619.9627402323607	NaN
1.03	1	0.10300000000000001	576.4360616534528	2269.540700495505	8.223180388629245	908.003169426148	623.4667521960923	62.77229289744215	619.968986989482	NaN
1.03	1	0.10300000000000001	577.4035589090773	2269.440636584373	8.223578585431431	907.9751363212208	623.4693187581072	62.77436545525846	619.9719781394388	NaN
1.03	1	0.10300000000000001	578.3759925189106	2269.344496500807	8.22392259037218	907.9454482221405	623.468853758235	62.77635378227923	619.971954422141	NaN
1.03	1	0.10300000000000001	579.3547087510094	2269.2528450732693	8.224213564688569	907.9145071823566	623.4656021618898	62.778246458030274	619.9691552311635	NaN
1.03	1	0.10300000000000001	580.3411542975467	2269.166174229731	8.224452894399507	907.8826901320422	623.4598058030319	62.780033366551436	619.9638173788509	NaN
1.03	1	0.10300000000000001	581.3368820121154	2269.084911228094	8.224642154269068	907.8503509375755	623.4517029109987	62.781705876181185	619.956174609135	NaN
1.03	1	0.10300000000000001	582.3436083063698	2269.009422338106	8.224783086641215	907.8178209594381	623.4415275120955	62.78325678027057	619.9464566997383	NaN
1.03	1	0.10300000000000001	583.3632010357594	2268.9400221771457	8.22487756998588	907.7854120683751	623.4295096165542	62.78467986079031	619.9348895373241	NaN
1.03	1	0.10300000000000001	584.3976563299655	2268.8769818676096	8.224927602774383	907.7534200928241	623.4158762459452	62.785969667564196	619.9216962903557	NaN
1.03	1	0.10300000000000001	585.4491800552566	2268.820529331819	8.22493530321146	907.7221249641303	623.4008514922054	62.787121679058984	619.9070975415391	NaN
1.03	1	0.10300000000000001	586.5202844659804	2268.770850653286	8.224902900521354	907.6917908625593	623.3846562322489	62.78813233063439	619.8913108675266	NaN
1.03	1	0.10300000000000001	587.6137605090308	2268.728097981671	8.224832730858306	907.6626703858874	623.3675100045137	62.788998735886665	619.8745525935625	NaN
1.03	1	0.10300000000000001	588.7326334773564	2268.6923941509576	8.224727257713646	907.6350086121851	623.349633837074	62.78971854879966	619.8570406629628	NaN
1.03	1	0.10300000000000001	589.8802881878177	2268.6638288218205	8.224589091780633	907.6090423438376	623.3312506921214	62.79029013105362	619.8389951400459	NaN
1.03	1	0.10300000000000001	591.0604278700091	2268.642458892743	8.224421032038219	907.5850032737593	623.312588702119	62.79071257415666	619.8206413343319	NaN
1.03	1	0.10300000000000001	592.276793536355	2268.628305401622	8.224226167035255	907.5631234660206	623.293888005079	62.79098570228182	619.8022165480448	NaN
1.03	1	0.10300000000000001	593.532528253361	2268.6213373797546	8.224008068891225	907.5436400897605	623.2754110096516	62.791110411037614	619.7839803576721	NaN
1.03	1	0.10300000000000001	594.8293506334758	2268.621432592164	8.223771035858489	907.5267905809274	623.257449957576	62.79108954016301	619.766222269384	NaN
1.03	1	0.10300000000000001	596.1660201473421	2268.6283134992386	8.223520419434838	907.5127998613993	623.2403340566401	62.79092919043991	619.7492690170006	NaN
1.03	1	0.10300000000000001	597.5369730200941	2268.6414623357955	8.223262785294526	907.5018439354584	623.2244182369751	62.79064043768966	619.7334738502869	NaN
1.03	1	0.10300000000000001	598.9335108037933	2268.6600825623104	8.223005363002974	907.493988930411	623.2100307626201	62.790240102911945	619.7191649343899	NaN
1.03	1	0.10300000000000001	600.3468653932416	2268.683167886133	8.22275500467325	907.4891557907575	623.1974133142257	62.78974926482587	619.7065857722412	NaN
1.03	1	0.10300000000000001	601.7703675739315	2268.7096296933596	8.222517417444253	907.4871374331773	623.1866979858573	62.78919057914502	619.6958718894371	NaN
1.03	1	0.10300000000000001	603.1999662408456	2268.738405619049	8.222296922206525	907.4876427773545	623.1779189883018	62.78858605739946	619.6870619259188	NaN
1.03	1	0.10300000000000001	604.6338884133411	2268.7685233110356	8.222096542340557	907.4903390297595	623.1710370002153	62.78795577632615	619.6801214103904	NaN
1.03	1	0.10300000000000001	606.0719904025556	2268.799125056566	8.221918227584915	907.4948815259189	623.1659629511756	62.787317384065716	619.6749661645601	NaN
1.03	1	0.10300000000000001	607.5153855659803	2268.8294746548745	8.22176305928227	907.500932230587	623.162575483361	62.78668598194395	619.6714795415743	NaN
1.03	1	0.10300000000000001	608.9661241528529	2268.858951518523	8.22163144274421	907.5081701175704	623.1607339069661	62.786074261185746	619.6695252561435	NaN
1.03	1	0.10300000000000001	610.4270086221674	2268.887040136364	8.221523262223362	907.5162962689772	623.1602870380999	62.785492726246346	619.6689561711717	NaN
1.03	1	0.10300000000000001	611.9014963702148	2268.913317837278	8.221438003315523	907.5250356956599	623.1610790977239	62.784949956693225	619.6696201875419	NaN
1.03	1	0.10300000000000001	613.3936706717915	2268.9374426522977	8.221374847052962	907.5341371964146	623.1629534916906	62.7844528625021	619.6713640339532	NaN
1.03	1	0.10300000000000001	614.9082702639165	2268.9591421948535	8.221332740370968	907.5433721082462	623.1657550810797	62.78400691485823	619.6740355625824	NaN
1.03	1	0.10300000000000001	616.4507794189064	2268.978204005686	8.221310447247347	907.5525325058378	623.1693313921963	62.78361634841584	619.677484989874	NaN
1.03	1	0.10300000000000001	618.0275714144457	2268.994467312005	8.221306584380926	907.5614290971911	623.17353304536	62.78328433206687	619.6815653566965	NaN
1.03	1	0.10300000000000001	619.6461324073958	2269.0078164051474	8.221319643584964	907.5698890855323	623.1782136237732	62.783013105225436	619.6861324292003	NaN
1.03	1	0.10300000000000001	621.3152818630736	2269.0181749493026	8.221348000790316	907.5777536020418	623.1832287842382	62.782804095264936	619.6910438454681	NaN
1.03	1	0.10300000000000001	623.0452063335696	2269.025501854898	8.221389901569818	907.5848743470126	623.188434018942	62.78265800021403	619.6961569209008	NaN
1.03	1	0.10300000000000001	624.8470892477886	2269.029792174183	8.221443406783287	907.5911102195	623.1936807789649	62.78257476612207	619.7013248119174	NaN
1.03	1	0.10300000000000001	626.7308177147588	2269.031088563485	8.221506244211527	907.5963232015407	623.1988083833835	62.78255334163009	619.7063884645333	NaN
1.03	1	0.10300000000000001	628.6986835247438	2269.029523220789	8.221575505539755	907.6003804002308	623.2036326142292	62.78259079819403	619.7111651484345	NaN
1.03	1	0.10300000000000001	630.7366254924034	2269.025402733514	8.221647365655762	907.603181883532	623.2079478665469	62.78268057726875	619.7154501982095	NaN
1.03	1	0.10300000000000001	632.8186884583276	2269.0192519780485	8.221717586202958	907.6047213602377	623.2115775069645	62.7828116350355	619.7190666024798	NaN
1.03	1	0.10300000000000001	634.9257583531006	2269.0117054349416	8.22178267104252	907.6051073005449	623.2144315376745	62.78297075143823	619.7219225074003	NaN
1.03	1	0.10300000000000001	637.049945748135	2269.0033775260836	8.221840242911039	907.604516673584	623.2164993475684	62.78314520486392	619.724004637491	NaN
1.03	1	0.10300000000000001	639.1904862006677	2268.9948056858	8.221888872860859	907.6031506731939	623.2178210301564	62.78332391964992	619.725350196496	NaN
1.03	1	0.10300000000000001	641.3512372783491	2268.9864334600074	8.221927871645256	907.6012103038855	623.2184668756347	62.78349779415297	619.7260266683295	NaN
1.03	1	0.10300000000000001	643.5393187565842	2268.978612346032	8.22195710483804	907.5988842293509	623.2185238443461	62.78365964845382	619.726118435431	NaN
1.03	1	0.10300000000000001	645.764695316662	2268.971610394487	8.221976848475622	907.5963433255495	623.2180869854914	62.78380403739633	619.7257182556875	NaN
1.03	1	0.10300000000000001	648.0402552906346	2268.9656232579914	8.221987677999461	907.5937389896179	623.2172540603437	62.78392701636611	619.72492189647	NaN
1.03	1	0.10300000000000001	650.3824374385833	2268.960784943049	8.221990387103514	907.5912034149509	623.2161223538459	62.78402591551543	619.7238249336103	NaN
1.03	1	0.10300000000000001	652.8122100951632	2268.9571777453384	8.221985931344724	907.5888511724426	623.2147871405288	62.78409913262154	619.7225211896589	NaN
1.03	1	0.10300000000000001	655.3562576814294	2268.9548402487912	8.221975399011766	907.5867816442365	623.2133416845031	62.784145967608865	619.7211026976149	NaN
1.03	1	0.10300000000000001	658.0466544611588	2268.9537713763275	8.221960025378825	907.5850823252287	623.2118794412092	62.78416654106826	619.7196618593742	NaN
1.03	1	0.10300000000000001	660.909079535093	2268.9539202912792	8.221941324438284	907.5838325234565	623.2105012647476	62.78416201074535	619.7182986171861	NaN
1.03	1	0.10300000000000001	663.9199264667448	2268.955128362189	8.22192140847049	907.583093421648	623.2093236219873	62.7841357807471	619.7171288377148	NaN
1.03	1	0.10300000000000001	667.0020151823903	2268.9570704212756	8.221902725102359	907.5828561949543	623.2084424013234	62.78409467864745	619.7162487968968	NaN
1.03	1	0.10300000000000001	670.1276036937888	2268.959379593911	8.2218869013126	907.5830299670827	623.2078796804146	62.78404631715816	619.7156819848905	NaN
1.03	1	0.10300000000000001	673.3007076445879	2268.9617429469813	8.22187477536833	907.5834980330769	623.2076125870461	62.7839971458268	619.7154072066328	NaN
1.03	1	0.10300000000000001	676.5394166089868	2268.963920495112	8.221866625077874	907.58414485758	623.2075958754011	62.78395208160066	619.7153808162907	NaN
1.03	1	0.10300000000000001	679.8729517971364	2268.9657434884057	8.221862328543029	907.5848665737475	623.2077736527399	62.78391455659031	619.7155483188783	NaN
1.03	1	0.10300000000000001	683.3430951066596	2268.967105671981	8.221861487198433	907.5855748287432	623.2080863014303	62.78388670616385	619.7158512535092	NaN
1.03	1	0.10300000000000001	687.0098848316488	2268.9679534703855	8.221863512784639	907.5861974507569	623.2084743667311	62.783869576085806	619.7162310816166	NaN
1.03	1	0.10300000000000001	690.9577008578117	2268.9682773741083	8.221867674538698	907.5866769567934	623.2088797576512	62.783863301971444	619.7166304132465	NaN
1.03	1	0.10300000000000001	695.2586970043976	2268.9681150358056	8.221873039525718	907.5869680433224	623.2092420741906	62.783867041369916	619.7169893618623	NaN
1.03	1	0.10300000000000001	699.7666038689199	2268.9676045393767	8.221878261296096	907.5870525563735	623.2094972907211	62.78387787040842	619.7172440012356	NaN
1.03	1	0.10300000000000001	704.3446269908725	2268.966960223466	8.221882287935193	907.586976356254	623.2096248127565	62.78389133342822	619.7173729988108	NaN
1.03	1	0.10300000000000001	709.0668088928612	2268.9663458336477	8.22188477321754	907.5868071007903	623.2096436218612	62.78390406301428	619.7173943791191	NaN
1.03	1	0.10300000000000001	713.99825622519	2268.96587339394	8.221885712514544	907.5866076407807	623.2095843300932	62.78391377394189	619.7173378998469	NaN
1.03	1	0.10300000000000001	719.2792665227904	2268.965598714186	8.221885367558345	907.5864281200638	623.2094822279514	62.78391934880218	619.7172381988798	NaN
1.03	1	0.10300000000000001	725.1231042188256	2268.9655341192215	8.22188415676305	907.5863053320923	623.2093724783718	62.78392056962186	619.7171299850469	NaN
1.03	1	0.10300000000000001	731.6578753193296	2268.965644497531	8.22188266990643	907.5862615385521	623.2092901388962	62.78391819962599	619.7170480779442	NaN
1.03	1	0.10300000000000001	738.2872803501134	2268.9658189054417	8.221881615048819	907.5862846684859	623.2092582844754	62.78391455816439	619.7170157939407	NaN
1.03	1	0.10300000000000001	745.2890316952769	2268.965967655449	8.221881167997024	907.5863366776986	623.2092654688461	62.78391148855025	619.7170222228503	NaN
1.03	1	0.10300000000000001	752.9139200856496	2268.9660428722837	8.221881253528219	907.58638519979	623.2092927501988	62.78390996124733	619.7170488543543	NaN
1.03	1	0.10300000000000001	761.7736581557613	2268.966038461212	8.221881629946422	907.5864095590307	623.209320099977	62.78391008126841	619.7170759143592	NaN
1.03	1	0.10300000000000001	771.4812914982878	2268.9659919930205	8.221881938942209	907.586405389602	623.2093307080872	62.78391105370862	619.7170866129024	NaN
1.03	1	0.10300000000000001	781.610915212685	2268.965958034101	8.221882010234072	907.5863913217022	623.2093267327369	62.78391175203036	619.7170828364684	NaN
1.03	1	0.10300000000000001	793.6213004974572	2268.965953610974	8.22188192598441	907.5863828181983	623.2093191159013	62.78391183551892	619.7170753259455	NaN
1.03	1	0.10300000000000001	807.8928811752928	2268.96596604789	8.221881852024524	907.5863845575394	623.2093169401136	62.783911575949155	619.71707311844	NaN
1.03	1	0.10300000000000001	823.0939158442045	2268.9659704177516	8.22188186036378	907.5863876168885	623.2093187808595	62.78391148748666	619.7170749185346	NaN
1.03	1	0.10300000000000001	844.0282580374881	2268.965967289668	8.221881880100094	907.5863872603112	623.2093194141885	62.78391155286307	619.7170755588661	NaN
1.03	1	0.10300000000000001	866.6447117102146	2268.965967229126	8.221881874593125	907.5863868333959	623.2093189794928	62.78391155365825	619.7170751293681	NaN
1.03	1	0.10300000000000001	897.8044267262801	2268.965967543228	8.221881874878806	907.5863870309233	623.2093190879926	62.783911547274684	619.7170752352158	NaN
1.03	1	0.10300000000000001	942.1991583038579	2268.9659674804807	8.22188187472623	907.5863869846515	623.209319059069	62.78391154854236	619.7170752069043	NaN
1.03	1	0.10300000000000001	1006.6132377762303	2268.9659674695786	8.221881874848078	907.5863869871936	623.2093190653035	62.78391154877443	619.7170752131175	NaN
1.03	1	0.10300000000000001	1115.8243081635096	2268.965967473308	8.22188187484883	907.5863869893506	623.2093190663915	62.78391154869845	619.7170752141762	NaN
1.03	1	0.10300000000000001	1306.6253917319245	2268.9659674749037	8.221881874844284	907.586386989926	623.2093190664874	62.78391154866553	619.7170752142638	NaN
1.03	1	0.10300000000000001	1696.6175895668396	2268.9659674753575	8.221881874843426	907.5863869901209	623.2093190665479	62.78391154865621	619.7170752143214	NaN
1.03	1	0.10300000000000001	2709.9535053761283	2268.9659674753975	8.221881874843614	907.5863869901568	623.209319066573	62.7839115486554	619.7170752143461	NaN
1.03	1	0.10300000000000001	5500.0	2268.9659674753943	8.22188187484365	907.5863869901576	623.2093190665748	62.78391154865546	619.717075214348	NaN
1.03	1	0.10300000000000001	Inf	2268.9659674753943	8.221881874843648	907.5863869901575	623.2093190665748	62.783911551402504	619.7170752004291	NaN
1.03	0	0.1	0.0	2310.762587335457	7.982727072188335	924.3050349341828	616.2033566227885	63.013363750332296	612.8785255771229	NaN
1.03	0	0.1	9.999999999999999e-5	2310.762587335457	7.982727072188335	924.3050349341828	616.2033566227885	63.013363750332296	612.8785255771229	NaN
1.03	0	0.1	0.0010999999999999998	2310.762587335457	7.982727072188335	924.3050349341828	616.2033566227885	63.013363750332296	612.8785255771229	NaN
1.03	0	0.1	0.011099999999999997	2310.762587335457	7.982727072188335	924.3050349341828	616.2033566227885	63.013363750332296	612.8785255771229	NaN
1.03	0	0.1	0.11109999999999996	2310.762587335457	7.982727072188335	924.3050349341828	616.2033566227885	63.013363750332296	612.8785255771229	NaN
1.03	0	0.1	1.1110999999999995	2310.762587335457	7.982727072188335	924.3050349341828	616.2033566227885	63.01336375033216	612.8785255771228	NaN
1.03	0	0.1	7.661620913997453	2310.762587335457	7.982727072188335	924.3050349341828	616.2033566227885	63.013363750332346	612.8785255771228	NaN
1.03	0	0.1	55.88904016518546	2310.762587335457	7.982727072188335	924.3050349341828	616.2033566227885	63.013363750332246	612.878525577123	NaN
1.03	0	0.1	337.8019448302811	2310.7625873354573	7.982727072188334	924.3050349341828	616.2033566227885	63.013363750332296	612.878525577123	NaN
1.03	0	0.1	500.0	2310.762587335457	7.982727072188337	924.3050349341827	616.2033566227885	63.0133637503323	612.878525577123	NaN
1.03	0	0.10300000000000001	500.0	2310.762587335457	7.982727072188337	924.3050349341827	616.2033566227885	63.0133637503323	612.878525577123	NaN
1.03	0	0.10300000000000001	500.0087397164145	2310.76258530228	7.982756790895364	924.3050349339126	616.2275752361915	63.01320762137287	612.8785262584632	NaN
1.03	0	0.10300000000000001	500.01747943282896	2310.7625718453223	7.9828385156226735	924.3050349300415	616.2517621208245	63.01274021631243	612.8785310208517	NaN
1.03	0	0.10300000000000001	500.02948784557435	2310.762517640212	7.983018337995189	924.3050349023734	616.2849433459211	63.01159310021776	612.8785516666255	NaN
1.03	0	0.10300000000000001	500.0431153292496	2310.762384325356	7.983295042460787	924.3050347969636	616.3225260031189	63.00958808044474	612.8786069598831	NaN
1.03	0	0.10300000000000001	500.0596306274454	2310.76209223036	7.983705096359144	924.3050344646451	616.3679699929497	63.00616467129395	612.8787403263801	NaN
1.03	0	0.10300000000000001	500.07872171198176	2310.761544928567	7.9842487890055285	924.3050336092565	616.4203615008566	63.000865096098984	612.879018168911	NaN
1.03	0	0.10300000000000001	500.1011190257286	2310.7605831489077	7.984947314957185	924.3050316098254	616.4816353162037	62.99283732019337	612.8795657590143	NaN
1.03	0	0.10300000000000001	500.12720372000746	2310.7589963289893	7.985809477854987	924.3050273190468	616.5527379442931	62.9810649826765	612.8805871306155	NaN
1.03	0	0.10300000000000001	500.1578218413253	2310.756465550876	7.986857034848881	924.3050185626827	616.6358437984588	62.96399041011198	612.8824417819202	NaN
1.03	0	0.10300000000000001	500.1936583603025	2310.7525667295918	7.988105776337985	924.3050015202199	616.732630228288	62.93965889454421	612.8857139592932	NaN
1.03	0	0.10300000000000001	500.23455985804287	2310.7468726105517	7.989542058023992	924.3049705063469	616.8424621304921	62.90635552753397	612.8911989188465	NaN
1.03	0	0.10300000000000001	500.27924644663693	2310.739136848105	7.991113763795806	924.3049189474111	616.9616902913597	62.86351707850873	612.8997192160465	NaN
1.03	0	0.10300000000000001	500.32708969050867	2310.729111794498	7.992794084412914	924.3048387743028	617.08845795627	62.81057567946295	612.9122443437094	NaN
1.03	0	0.10300000000000001	500.37757487016626	2310.716595339078	7.994562273217697	924.3047208249894	617.2212429882535	62.747276776615465	612.9298156522701	NaN
1.03	0	0.10300000000000001	500.4302982511438	2310.7014205228234	7.996402644742832	924.3045550044516	617.3588456531271	62.673636363007994	612.9535175666929	NaN
1.03	0	0.10300000000000001	500.48488183573477	2310.683469893646	7.998301012241723	924.3043307153988	617.5001613859511	62.590011144932554	612.9844103281467	NaN
1.03	0	0.10300000000000001	500.54100739112664	2310.662661506714	8.000245597920225	924.3040370309309	617.6442677482572	62.49701647773177	613.0235031223496	NaN
1.03	0	0.10300000000000001	500.5983970255678	2310.638947891156	8.0022262286438	924.3036629681161	617.7903705667452	62.39550493737312	613.0717137505601	NaN
1.03	0	0.10300000000000001	500.6568194104497	2310.612306365938	8.004234491289203	924.3031976052728	617.9378163058385	62.286502979626505	613.129851008963	NaN
1.03	0	0.10300000000000001	500.716082103303	2310.5827340775986	8.006263430754585	924.3026302022126	618.0860684962228	62.171169839184536	613.1985975168195	NaN
1.03	0	0.10300000000000001	500.7760325436384	2310.5502395311355	8.00830755597242	924.3019501954232	618.2347062478458	62.05074440935633	613.2785089904979	NaN
1.03	0	0.10300000000000001	500.83654800651374	2310.51484021649	8.010362472169934	924.3011472485059	618.3833954090277	61.926519299562436	613.370007299443	NaN
1.03	0	0.10300000000000001	500.8975347283565	2310.4765567000254	8.012424831000883	924.3002111872249	618.5318831791544	61.79980411123088	613.4733877561489	NaN
1.03	0	0.10300000000000001	500.9589226249991	2310.4354099337042	8.014492132998662	924.2991319579236	618.6799821948903	61.67190418875032	613.5888234715368	NaN
1.03	0	0.10300000000000001	501.02066199150033	2310.39141847276	8.016562600594533	924.2978995533564	618.8275600159094	61.54410179131411	613.7163732032685	NaN
1.03	0	0.10300000000000001	501.08271970996157	2310.3445969611694	8.018635037423309	924.2965039465931	618.9745278914253	61.41764381066013	613.8559879542338	NaN
1.03	0	0.10300000000000001	501.1450762227557	2310.2949550099806	8.020708716198891	924.2949350205847	619.1208318292353	61.29373239458391	614.0075176898241	NaN
1.03	0	0.10300000000000001	501.2077226546897	2310.242496767777	8.022783274072422	924.293182508739	619.266444425097	61.173518687867336	614.1707166370613	NaN
1.03	0	0.10300000000000001	501.27065834792165	2310.187220890324	8.024858624018973	924.2912359447645	619.4113580322489	61.05809814953614	614.3452475544477	NaN
1.03	0	0.10300000000000001	501.33388864726385	2310.129120927586	8.026934876525543	924.2890846275898	619.555578835489	60.948506897704235	614.530684683179	NaN
1.03	0	0.10300000000000001	501.3974230019137	2310.0681859760903	8.029012273480854	924.286717600664	619.699121935638	60.845718230607226	614.7265157914044	NaN
1.03	0	0.10300000000000001	501.46127324571364	2310.004401632827	8.03109112946704	924.2841236505603	619.8420070848933	60.75063900244228	614.932143278779	NaN
1.03	0	0.10300000000000001	501.52545218338554	2309.9377510524673	8.033171784391996	924.2812913201936	619.9842553232465	60.664105239273944	615.1468851638193	NaN
1.03	0	0.10300000000000001	501.5899723175149	2309.868216192988	8.035254561834913	924.2782089419059	620.1258861057881	60.58687703111345	615.3699759408821	NaN
1.03	0	0.10300000000000001	501.6548448648693	2309.795779032756	8.037339737728406	924.274864682745	620.2669152186168	60.51963241673085	615.6005682958415	NaN
1.03	0	0.10300000000000001	501.72007894816267	2309.7204228063647	8.03942751545645	924.2712466040277	620.4073531942888	60.462960531134634	615.8377358116098	NaN
1.03	0	0.10300000000000001	501.78568101227165	2309.642133146521	8.041518008754712	924.2673427298622	620.5472043032661	60.41735418493258	616.0804772672401	NaN
1.03	0	0.10300000000000001	501.85165446869416	2309.5608990626083	8.043611232315362	924.2631411199262	620.6864660951114	60.38320224850475	616.3277229138498	NaN
1.03	0	0.10300000000000001	501.9179995376087	2309.4767137316703	8.045707098909425	924.2586299432006	620.8251293914483	60.36078232030613	616.5783428642784	NaN
1.03	0	0.10300000000000001	501.9847132248001	2309.3895751310406	8.047805420866503	924.2537975519742	620.963178572173	60.35025417323204	616.831157469528	NaN
1.03	0	0.10300000000000001	502.05178943953166	2309.2994864682028	8.049905915970948	924.2486325515434	621.1005921473903	60.351654409689324	617.0849496807875	NaN
1.03	0	0.10300000000000001	502.11921918731827	2309.2064564636034	8.052008215582896	924.2431238663343	621.2373434612734	60.3648927317566	617.3384790073884	NaN
1.03	0	0.10300000000000001	502.1869907504088	2309.1104995927512	8.054111872210312	924.2372608071166	621.3734013428934	60.38975009274593	617.5904965097004	NaN
1.03	0	0.10300000000000001	502.25508993294983	2309.011636178282	8.056216368915727	924.2310331317568	621.5087308579828	60.42587892826121	617.8397608266308	NaN
1.03	0	0.10300000000000001	502.3235002223786	2308.909892540055	8.058321125936846	924.2244311111796	621.6432938619848	60.47280553466517	618.0850543565307	NaN
1.03	0	0.10300000000000001	502.3922030198945	2308.8053009896275	8.06042550927111	924.2174455867719	621.7770496623806	60.529934690079095	618.3251998089753	NaN
1.03	0	0.10300000000000001	502.4611778816463	2308.697899744961	8.06252883938096	924.2100680223718	621.9099556687796	60.596556514014736	618.5590765231127	NaN
1.03	0	0.10300000000000001	502.5304028850918	2308.5877325800325	8.064630403475858	924.2022905364258	622.0419682466766	60.67185561955013	618.7856365292527	NaN
1.03	0	0.10300000000000001	502.5998551264015	2308.4748481717675	8.06672947142928	924.194105907922	622.1730437690115	60.75492250111716	619.0039198787541	NaN
1.03	0	0.10300000000000001	502.6695114232086	2308.3592989921776	8.068825317439435	924.1855075404891	622.3031399865123	60.84476708377314	619.2130689499803	NaN
1.03	0	0.10300000000000001	502.73934917196254	2308.2411397894984	8.070917245728406	924.176489381877	622.4322175970775	60.940334111730536	619.4123410167316	NaN
1.03	0	0.10300000000000001	502.80934735357647	2308.1204256408187	8.073004619955167	924.1670457918814	622.56024198419	61.04051995550013	619.6011185806083	NaN
1.03	0	0.10300000000000001	502.87948761066406	2307.997209687346	8.075086893943805	924.1571713619887	622.6871849695062	61.1441902046377	619.7789168850219	NaN
1.03	0	0.10300000000000001	502.94975530970396	2307.8715407029404	8.077163641119995	924.1468606950585	622.8130264195073	61.250197304432	619.9453882189218	NaN
1.03	0	0.10300000000000001	503.0201404878705	2307.743460694065	8.079234579743341	924.1361081597537	622.9377555355868	61.357397452873805	620.100322842244	NaN
1.03	0	0.10300000000000001	503.0906386134185	2307.613002699193	8.081299591980203	924.1249076348739	623.061371722618	61.464666077405745	620.2436466961415	NaN
1.03	0	0.10300000000000001	503.16125113695557	2307.48018887921	8.083358736342767	924.1132522545269	623.1838850244436	61.570911417037074	620.3754163611716	NaN
1.03	0	0.10300000000000001	503.2319857656667	2307.345029080013	8.085412251727194	924.1011341745507	623.3053160396056	61.67508584061922	620.495811762093	NaN
1.03	0	0.10300000000000001	503.30285648197406	2307.2075198863695	8.08746055392636	924.0885443682862	623.425695390204	61.77619486016422	620.6051273672186	NaN
1.03	0	0.10300000000000001	503.37388334218565	2307.067644149205	8.089504225867277	924.0754724565068	623.5450628356131	61.873303994549424	620.7037625997257	NaN
1.03	0	0.10300000000000001	503.4450920472239	2306.9253710443245	8.091544001538054	924.0619065832542	623.6634660444208	61.96554372018107	620.7922120217343	NaN
1.03	0	0.10300000000000001	503.5165132938732	2306.7806566861777	8.093580744037732	924.0478333467458	623.7809590647098	62.05211288730308	620.8710557841646	NaN
1.03	0	0.10300000000000001	503.5881819832967	2306.633445174616	8.095615420104801	924.0332377802446	623.8976006412418	62.13228113528569	620.9409507679516	NaN
1.03	0	0.10300000000000001	503.66013619946955	2306.483670277595	8.097649068772856	924.0181034090747	624.0134522539693	62.20539066824732	621.0026225029262	NaN
1.03	0	0.10300000000000001	503.7324160131191	2306.331257667368	8.099682765903566	924.0024123834388	624.128575990606	62.27085795350093	621.0568579961956	NaN
1.03	0	0.10300000000000001	503.8050620297999	2306.1761279087154	8.101717582464401	923.9861457152812	624.2430321434693	62.328175738967836	621.1044993222641	NaN
1.03	0	0.10300000000000001	503.8781137360244	2306.0182001199346	8.103754538268054	923.9692836207239	624.3568766417052	62.376915890268656	621.1464378124067	NaN
1.03	0	0.10300000000000001	503.9516075118918	2305.857396623091	8.105794547703102	923.9518060120337	624.4701581383696	62.416733322199484	621.1836084074213	NaN
1.03	0	0.10300000000000001	504.02557447368656	2305.6936482693873	8.107838362256976	923.9336931178885	624.582915037118	62.44737141193858	621.2169837897092	NaN
1.03	0	0.10300000000000001	504.1000381365794	2305.526900480688	8.109886509715107	923.9149262465374	624.6951724612541	62.46866891645819	621.2475676449035	NaN
1.03	0	0.10300000000000001	504.17501208828077	2305.357119592159	8.111939235416688	923.8954886547239	624.8069394667856	62.48056824751316	621.2763864239024	NaN
1.03	0	0.10300000000000001	504.2504980086353	2305.184298709664	8.113996454674696	923.8753664353796	624.9182069865238	62.483124546233384	621.304479007319	NaN
1.03	0	0.10300000000000001	504.32648436572646	2305.008462239308	8.116057725006613	923.8545493180441	625.0289469407907	62.47651447716757	621.3328838114495	NaN
1.03	0	0.10300000000000001	504.40294625268314	2304.829667869789	8.118122250080225	923.8330312166341	625.1391130976299	62.46104321069891	621.3626232853189	NaN
1.03	0	0.10300000000000001	504.4798465952581	2304.648005259469	8.120188920523375	923.8108103973995	625.2486438729585	62.437147794876715	621.3946862287539	NaN
1.03	0	0.10300000000000001	504.55713890177935	2304.4635907859165	8.12225639494764	923.7878891404831	625.3574671508521	62.405395253169054	621.4300090196842	NaN
1.03	0	0.10300000000000001	504.6347711997944	2304.276558973209	8.124323210360863	923.7642729176673	625.4655064558234	62.36647443851904	621.4694572183419	NaN
1.03	0	0.10300000000000001	504.71269059342984	2304.0870518078345	8.126387905957001	923.7399691953195	625.5726875728645	62.32118175430011	621.5138091673556	NaN
1.03	0	0.10300000000000001	504.79084780724367	2303.895207438956	8.128449143067103	923.7149860284215	625.6789446971678	62.27040191205348	621.5637429740245	NaN
1.03	0	0.10300000000000001	504.86920103210434	2303.7011500053604	8.130505803397426	923.6893306687963	625.7842252134466	62.21508572472434	621.6198276286656	NaN
1.03	0	0.10300000000000001	504.9477186784218	2303.5049817247773	8.132557055928647	923.6630083569789	625.8884926752555	62.15622713891854	621.6825183544141	NaN
1.03	0	0.10300000000000001	505.0263809869637	2303.3067775685136	8.134602392186371	923.6360213741542	625.9917280520058	62.094841350566604	621.752155773645	NaN
1.03	0	0.10300000000000001	505.10518049683037	2303.1065827138623	8.136641630900481	923.6083684176006	626.0939293765593	62.031945373105394	621.8289679979162	NaN
1.03	0	0.10300000000000001	505.1841216946849	2302.9044121179254	8.138674901386775	923.580044246097	626.1951103341906	61.968541622390035	621.9130747781411	NaN
1.03	0	0.10300000000000001	505.2632200069538	2302.7002519110674	8.140702610490422	923.5510395816833	626.2952980843198	61.9056046733396	622.0044927416797	NaN
1.03	0	0.10300000000000001	505.34250040456607	2302.494061990982	8.142725400499085	923.5213412029763	626.394530716954	61.844070854638375	622.1031410037085	NaN
1.03	0	0.10300000000000001	505.42199575955107	2302.2857794918045	8.144744101859668	923.4909321983118	626.4928545505541	61.78483018455461	622.2088465594909	NaN
1.03	0	0.10300000000000001	505.5017451295381	2302.075322680509	8.146759685317528	923.4597923234891	626.5903215047069	61.72871998713228	622.3213491748791	NaN
1.03	0	0.10300000000000001	505.58179197309823	2301.8625952666016	8.14877321358339	923.4278984672973	626.6869865521289	61.67651962300754	622.4403055216518	NaN
1.03	0	0.10300000000000001	505.66218232067604	2301.6474910524475	8.150785793177802	923.3952252189249	626.7829052803473	61.62894576328453	622.5652925139038	NaN
1.03	0	0.10300000000000001	505.74296299857986	2301.4298986520516	8.152798528892097	923.3617454995086	626.8781316763238	61.58664765842607	622.6958100984724	NaN
1.03	0	0.10300000000000001	505.8241797627171	2301.2097066482534	8.154812477261823	923.3274313167618	626.972715958205	61.55020209760339	622.8312835288432	NaN
1.03	0	0.10300000000000001	505.90587542228667	2300.9868089676856	8.156828601094736	923.2922546139669	627.0667025511074	61.52010771257442	622.9710655941157	NaN
1.03	0	0.10300000000000001	505.9880879349286	2300.761110514033	8.158847724606764	923.2561882234453	627.1601281838698	61.49677848555445	623.1144392290197	NaN
1.03	0	0.10300000000000001	506.0708484523539	2300.532533109961	8.16087048868191	923.2192069371616	627.2530200835799	61.48053646395918	623.2606209820506	NaN
1.03	0	0.10300000000000001	506.1541794830516	2300.3010212782588	8.162897310346894	923.1812886225003	627.3453944539574	61.47160382444072	623.4087661782775	NaN
1.03	0	0.10300000000000001	506.23809314078187	2300.066547925607	8.16492834561694	923.1424153927647	627.4372551900333	61.47009471393921	623.5579762465345	NaN
1.03	0	0.10300000000000001	506.322589830645	2299.829118917435	8.166963464101386	923.1025746614513	627.5285931965085	61.476007478962366	623.7073092505794	NaN
1.03	0	0.10300000000000001	506.40765750370764	2299.5887761148824	8.169002238140665	923.0617599923168	627.6193864043021	61.48921821877118	623.8557940579245	NaN
1.03	0	0.10300000000000001	506.493271687984	2299.3455982132527	8.171043950942456	923.0199716097308	627.7096006462051	61.50947674793069	624.0024483749362	NaN
1.03	0	0.10300000000000001	506.579396583756	2299.0996984715757	8.17308762987822	922.9772163787047	627.7991916135377	61.5364061366358	624.1463005774973	NaN
1.03	0	0.10300000000000001	506.6659872577576	2298.8512191254626	8.17513210485399	922.9335071727453	627.8881078276347	61.56950683020068	624.2864143424224	NaN
1.03	0	0.10300000000000001	506.7529927914921	2298.600322799605	8.177176087437411	922.8888616375114	627.976294378524	61.60816588591551	624.4219144020734	NaN
1.03	0	0.10300000000000001	506.8403601504547	2298.347181520152	8.17921826450594	922.8433004146141	628.0636971141481	61.65167124980773	624.5520114317577	NaN
1.03	0	0.10300000000000001	506.92803830928386	2298.091964638639	8.181257395041687	922.7968450302245	628.1502667646417	61.69923025620842	624.6760238352459	NaN
1.03	0	0.10300000000000001	507.0159822272241	2297.834826861801	8.183292400525325	922.7495156535097	628.2359625955501	61.74999099297086	624.7933947147283	NaN
1.03	0	0.10300000000000001	507.1041561665575	2297.5758979254065	8.185322437441462	922.701329014538	628.3207551304728	61.80306478714346	624.9037027964583	NaN
1.03	0	0.10300000000000001	507.1925362455731	2297.3152743198475	8.187346950002825	922.6522965831632	628.4046279113045	61.85754824303165	625.006667309226	NaN
1.03	0	0.10300000000000001	507.281112027306	2297.053013746552	8.18936569924286	922.6024231691393	628.487578188839	61.91254344090847	625.1021472190591	NaN
1.03	0	0.10300000000000001	507.369887209478	2296.789132206993	8.191378770771866	922.551705964405	628.5696166952824	61.967175434719394	625.190135934469	NaN
1.03	0	0.10300000000000001	507.45887951893855	2296.5236034962077	8.193386564263434	922.5001340210295	628.6507666735927	62.020606649674015	625.2707527674454	NaN
1.03	0	0.10300000000000001	507.5481199807455	2296.2563606533854	8.19538976911847	922.447688110716	628.7310623839481	62.07204822234658	625.3442324568956	NaN
1.03	0	0.10300000000000001	507.63765157465446	2295.9872993732565	8.19738932707501	922.3943409938151	628.8105471488649	62.120768553207746	625.4109137607905	NaN
1.03	0	0.10300000000000001	507.7275275443361	2295.716282611997	8.199386388104196	922.3400579704256	628.8892712142743	62.16609971497874	625.471228112638	NaN
1.03	0	0.10300000000000001	507.8178091154644	2295.443147138291	8.2013822544572	922.2847978819786	628.967289239896	62.207442212819224	625.5256886797326	NaN
1.03	0	0.10300000000000001	507.9085628526266	2295.1677113560286	8.203378318341205	922.2285144514686	629.0446576553492	62.244268932911034	625.5748802932304	NaN
1.03	0	0.10300000000000001	507.9998573397005	2294.889785366789	8.205375986596728	922.171158180416	629.1214316409634	62.276128851004096	625.6194500897456	NaN
1.03	0	0.10300000000000001	508.0917592481276	2294.609183099559	8.207376594287974	922.1126787981543	629.1976618341839	62.302651236951384	625.6600987308871	NaN
1.03	0	0.10300000000000001	508.18432867435536	2294.325736887955	8.20938130511617	922.0530283741593	629.2733907076508	62.32355088581391	625.6975716858989	NaN
1.03	0	0.10300000000000001	508.27761383424195	2294.0393142442463	8.21139100112611	921.9921650768371	629.3486487413827	62.33863476429202	625.7326499144326	NaN
1.03	0	0.10300000000000001	508.3716454960095	2293.749835662874	8.213406170392041	921.9300573617664	629.4234507354772	62.34781012520413	625.766139159792	NaN
1.03	0	0.10300000000000001	508.46643195570203	2293.4572909522194	8.215426810013978	921.8666880637248	629.4977929039485	62.35109357036576	625.7988570777501	NaN
1.03	0	0.10300000000000001	508.56195567697887	2293.161750557913	8.217452367748276	921.8020575978687	629.5716515619829	62.348619745864866	625.831617651345	NaN
1.03	0	0.10300000000000001	508.65817294021855	2292.8633675871565	8.219481749254658	921.7361852479909	629.6449842880829	62.3406475588017	625.8652129388263	NaN
1.03	0	0.10300000000000001	508.75501749110754	2292.5623672862876	8.221513409270116	921.6691076789014	629.7177340611291	62.32756136070481	625.9003930319891	NaN
1.03	0	0.10300000000000001	508.8524081146729	2292.259024015171	8.223545521953914	921.6008744963303	629.7898360091046	62.30986495333184	625.937845894696	NaN
1.03	0	0.10300000000000001	508.9502588100276	2291.9536297082714	8.225576199836107	921.5315415766541	629.8612255168598	62.28816767407048	625.9781791717736	NaN
1.03	0	0.10300000000000001	509.04848945864046	2291.6464603601776	8.227603715934883	921.4611635426126	629.9318460081932	62.26316369502001	626.0219058525921	NaN
1.03	0	0.10300000000000001	509.14703487184244	2291.3377472145744	8.22962668542145	921.3897869060937	630.001654902017	62.235607188379205	626.0694348689561	NaN
1.03	0	0.10300000000000001	509.2458509480679	2291.0276567763826	8.231644182353131	921.3174449139581	630.070627008941	62.20628651052347	626.1210667403261	NaN
1.03	0	0.10300000000000001	509.3449177333254	2290.7162804577147	8.233655789658235	921.2441544208207	630.1387554608684	62.17600004287183	626.1769936107332	NaN
1.03	0	0.10300000000000001	509.44423972808727	2290.403632916667	8.235661591773718	921.1699147080102	630.2060506422184	62.14553535931559	626.237302491493	NaN
1.03	0	0.10300000000000001	509.5438443746801	2290.0896562429452	8.237662130811858	921.09470769223	630.2725379427885	62.1156522618066	626.3019805896505	NaN
1.03	0	0.10300000000000001	509.64377918384633	2289.7742285909335	8.239658336784554	921.0184992691837	630.338254756694	62.08706958103619	626.3709214858748	NaN
1.03	0	0.10300000000000001	509.7441081755646	2289.4571751471717	8.241651446260832	920.9412413380683	630.4032472476372	62.06045505140071	626.4439313953828	NaN
1.03	0	0.10300000000000001	509.84490786686825	2289.1382806904253	8.243642914507861	920.8628743554584	630.467567063802	62.03641742987768	626.520734901989	NaN
1.03	0	0.10300000000000001	509.9462628098811	2288.817303719611	8.245634321463159	920.7833304332918	630.5312680232626	62.01549998985637	626.6009797754089	NaN
1.03	0	0.10300000000000001	510.0482606539978	2288.4939922154244	8.247627271321448	920.7025370186497	630.5944027726682	61.99817453258273	626.6842408081105	NaN
1.03	0	0.10300000000000001	510.1509866963887	2288.168101130754	8.249623285370609	920.620421202699	630.6570194187829	61.98483516340292	626.7700229347726	NaN
1.03	0	0.10300000000000001	510.25451758745044	2287.839412647875	8.251623682031786	920.5369149498412	630.7191579589585	61.97579129475307	626.8577639485401	NaN
1.03	0	0.10300000000000001	510.3589145069202	2287.5077581793266	8.253629450809699	920.4519610271475	630.7808467428424	61.97125950128141	626.9468379300861	NaN
1.03	0	0.10300000000000001	510.4642161048012	2287.1730411470376	8.255641126195995	920.3655194137191	630.8420991619513	61.97135433765529	627.0365607067577	NaN
1.03	0	0.10300000000000001	510.57043220042635	2286.8352573421826	8.25765868056787	920.2775733708839	630.9029111390864	61.97607882472249	627.126199267847	NaN
1.03	0	0.10300000000000001	510.6775398330917	2286.49450774725	8.25968146555097	920.1881337934919	630.9632602518158	61.98531614533719	627.2149872445907	NaN
1.03	0	0.10300000000000001	510.78548336557	2286.1509983534665	8.261708231911209	920.097240280762	631.0231072681178	61.99882487979351	627.3021478182872	NaN
1.03	0	0.10300000000000001	510.8941798762272	2285.805023000606	8.26373724783921	920.0049576679612	631.0824005006835	62.01624038628464	627.3869237466661	NaN
1.03	0	0.10300000000000001	511.00352961339456	2285.456929952063	8.26576650732227	919.911367953068	631.1410825275112	62.03708422812019	627.468611672839	NaN
1.03	0	0.10300000000000001	511.1134295850132	2285.107078375873	8.267793989224675	919.8165590477842	631.1990979649344	62.060781842207774	627.546595824928	NaN
1.03	0	0.10300000000000001	511.22378741370557	2284.75579393979	8.269817912200878	919.7206127224404	631.2564006434637	62.086686630834485	627.6203758971217	NaN
1.03	0	0.10300000000000001	511.334532668675	2284.40333247979	8.271836934624265	919.6235942072001	631.3129587874715	62.114107244651954	627.6895853935598	NaN
1.03	0	0.10300000000000001	511.44562433819755	2284.049856060048	8.273850277430821	919.525544776293	631.3687577154718	62.14233469192639	627.7539995259093	NaN
1.03	0	0.10300000000000001	511.55705425977624	2283.695422038984	8.275857769642023	919.4264776776307	631.4238002248351	62.17066668372459	627.8135339197602	NaN
1.03	0	0.10300000000000001	511.6688471606262	2283.3399830652706	8.27785983135248	919.3263770182806	631.4781052257865	62.198427822093755	627.8682366149326	NaN
1.03	0	0.10300000000000001	511.78105823935215	2282.983395020832	8.279857413268754	919.2251989196079	631.5317052639266	62.22498534140011	627.9182760473085	NaN
1.03	0	0.10300000000000001	511.89376899727387	2282.6254306236406	8.28185190709829	919.1228744018932	631.584643394867	62.24976086094821	627.9639272148161	NaN
1.03	0	0.10300000000000001	512.0070816637179	2282.265797554207	8.283845034053359	919.0193137501993	631.6369696547617	62.27223903546961	628.0055575380972	NaN
1.03	0	0.10300000000000001	512.1211122287132	2281.904161014257	8.285838712657199	918.9144123975641	631.6887371954901	62.29197419483435	628.0436132484286	NaN
1.03	0	0.10300000000000001	512.2359818217018	2281.5401714878512	8.287834902273886	918.8080586136448	631.7399980288677	62.30859611304572	628.0786065188865	NaN
1.03	0	0.10300000000000001	512.3518059943129	2281.1734990303767	8.289835415925202	918.7001434663098	631.7907982612794	62.3218159795443	628.1111030046231	NaN
1.03	0	0.10300000000000001	512.4686818635946	2280.803874126898	8.291841703197958	918.5905731678749	631.8411728972244	62.33143348339745	628.1417090735063	NaN
1.03	0	0.10300000000000001	512.5866736790084	2280.43113322623	8.29385461446325	918.4792833430391	631.8911405473516	62.337345450537434	628.1710576493792	NaN
1.03	0	0.10300000000000001	512.7057992321277	2280.055261204403	8.295874188561319	918.366252960765	631.9406991069205	62.33955563427783	628.1997916715607	NaN
1.03	0	0.10300000000000001	512.8260211213833	2279.6764180604378	8.297899530812204	918.2515140353089	631.9898239702015	62.338183838911824	628.2285445849786	NaN
1.03	0	0.10300000000000001	512.9472479860957	2279.2949338331337	8.29992886311168	918.1351519633421	632.0384705474075	62.33347104627829	628.2579184309417	NaN
1.03	0	0.10300000000000001	513.069348492201	2278.911263285124	8.301959784725025	918.0172934072654	632.0865816473323	62.32577658649678	628.2884614096246	NaN
1.03	0	0.10300000000000001	513.1921756993061	2278.5259082467505	8.303989695052584	917.8980835539597	632.134098171503	62.31556484243199	628.3206476627679	NaN
1.03	0	0.10300000000000001	513.3155946456942	2278.139330509252	8.30601625327424	917.7776594025729	632.1809699282062	62.30338223953442	628.3548618235787	NaN
1.03	0	0.10300000000000001	513.4395051426087	2277.7518805508043	8.308037742311024	917.6561268937043	632.2271634961844	62.28982841178842	628.3913896550706	NaN
1.03	0	0.10300000000000001	513.5638552392456	2277.3637562007475	8.310053267555421	917.5335465971347	632.272665782183	62.27552652031169	628.4304146380475	NaN
1.03	0	0.10300000000000001	513.6886456989706	2276.9749899015646	8.312062802981071	917.409927993588	632.3174838872468	62.261096545743484	628.4720194875046	NaN
1.03	0	0.10300000000000001	513.8139275404874	2276.5854578568765	8.31406712415051	917.2852306328836	632.3616424477491	62.247133474010454	628.5161909177356	NaN
1.03	0	0.10300000000000001	513.9397954409046	2276.194902098105	8.31606767752732	917.1593695984266	632.4051797340686	62.23419054363331	628.5628261087354	NaN
1.03	0	0.10300000000000001	514.0663784536629	2275.802960767751	8.318066411883628	917.0322239362234	632.4481431710473	62.22276673869461	628.6117394198617	NaN
1.03	0	0.10300000000000001	514.1938288961679	2275.409203820383	8.32006558697337	916.9036472468681	632.4905846614546	62.21329718710789	628.6626684335779	NaN
1.03	0	0.10300000000000001	514.3223088669849	2275.0131756705214	8.322067552269294	916.7734810189949	632.5325555948795	62.20614505150466	628.7152786608075	NaN
1.03	0	0.10300000000000001	514.4519738730912	2274.6144462072903	8.324074489381648	916.6415712764303	632.5741014581612	62.20159352436681	628.769166975795	NaN
1.03	0	0.10300000000000001	514.5829530643163	2274.2126714914607	8.326088112553563	916.5077891070786	632.6152559952818	62.199836838254555	628.8238645990807	NaN
1.03	0	0.10300000000000001	514.7153271250947	2273.8076606447285	8.328109345789796	916.3720540560702	632.6560353635327	62.2009698254062	628.8788417566517	NaN
1.03	0	0.10300000000000001	514.8491080000097	2273.399435950989	8.330138041634852	916.2343561002309	632.6964336146607	62.2049768248869	628.9335177662879	NaN
1.03	0	0.10300000000000001	514.9842279802425	2272.988263273129	8.332172853401984	916.0947683183027	632.7364216061047	62.21172267396245	628.9872810653511	NaN
1.03	0	0.10300000000000001	515.1205469248358	2272.5746266635515	8.334211384770832	915.9534408564281	632.7759514439646	62.220950346929115	629.0395220733404	NaN
1.03	0	0.10300000000000001	515.2578804104137	2272.1591398340993	8.336250644583078	915.8105727954852	632.8149664737866	62.23228972667623	629.0896761510855	NaN
1.03	0	0.10300000000000001	515.3960410981313	2271.742419135735	8.33828767788642	915.6663694910966	632.8534138457766	62.24527879659243	629.1372675019397	NaN
1.03	0	0.10300000000000001	515.5348787514913	2271.3249628231088	8.340320150941388	915.5210004260415	632.8912552374991	62.25939383845297	629.18194301929	NaN
1.03	0	0.10300000000000001	515.6743072264809	2270.9070716606584	8.34234672225417	915.3745699999192	632.9284727781767	62.274082440832004	629.2234897385545	NaN
1.03	0	0.10300000000000001	515.8143157493134	2270.4888181398182	8.344367170928338	915.2271044760271	632.9650700648593	62.288793826461706	629.2618365472266	NaN
1.03	0	0.10300000000000001	515.9549676260573	2270.0700539465706	8.346382338949446	915.0785521536759	633.0010697186935	62.30300354021162	629.2970447666345	NaN
1.03	0	0.10300000000000001	516.0963909356539	2269.650441325814	8.348393961087918	914.9287922113888	633.0365090975167	62.31623198579206	629.3292927689062	NaN
1.03	0	0.10300000000000001	516.2387639749953	2269.22949957484	8.350404427029696	914.7776494173921	633.0714351201868	62.328057780839835	629.3588583771285	NaN
1.03	0	0.10300000000000001	516.3822960738942	2268.8066644238247	8.352416487908268	914.6249141107895	633.1058985121174	62.33812759842095	629.3861010939539	NaN
1.03	0	0.10300000000000001	516.5272028311912	2268.381362674223	8.354432897195508	914.4703685009484	633.1399473840146	62.346164378152416	629.4114447358368	NaN
1.03	0	0.10300000000000001	516.6736740544168	2267.953106585112	8.356455966232382	914.3138211588669	633.1736199176135	62.351975660147495	629.4353598380975	NaN
1.03	0	0.10300000000000001	516.8218352291888	2267.5216048886778	8.358487051045717	914.1551488594064	633.2069365663637	62.355463303874146	629.45834455499	NaN
1.03	0	0.10300000000000001	516.9717097594669	2267.0868687509733	8.360526073579265	913.9943380055239	633.239893537796	62.35663446193094	629.4809027920171	NaN
1.03	0	0.10300000000000001	517.1231981100539	2266.649266011011	8.362571294098181	913.8315081675413	633.2724609220147	62.35561105873322	629.5035194566275	NaN
1.03	0	0.10300000000000001	517.2760936162388	2266.2094682229394	8.364619586349201	913.6668961292154	633.3045889536754	62.35263210051376	629.5266350051916	NaN
1.03	0	0.10300000000000001	517.4301392225827	2265.768281481785	8.366667244880064	913.5007953685285	633.3362220093259	62.3480428962158	629.5506230403465	NaN
1.03	0	0.10300000000000001	517.5851024203486	2265.3264295024783	8.368710995650156	913.3334751595308	633.3673144957384	62.34227007568435	629.5757741021705	NaN
1.03	0	0.10300000000000001	517.7408351429842	2264.8843850306935	8.370748763459549	913.1651152551235	633.3978416866607	62.3357879410083	629.6022866337221	NaN
1.03	0	0.10300000000000001	517.8973022535681	2264.4422946277195	8.372779996030328	912.9957742215731	633.4278030190532	62.32908422579854	629.6302644749887	NaN
1.03	0	0.10300000000000001	518.054582660244	2263.9999827705037	8.374805619807484	912.8253874526448	633.457219680087	62.322630894160675	629.659719393516	NaN
1.03	0	0.10300000000000001	518.2128537977541	2263.5570027842655	8.376827784042758	912.6537834636985	633.4861293033139	62.31686179826512	629.6905766783302	NaN
1.03	0	0.10300000000000001	518.3723669015073	2263.1127123955885	8.378849498633032	912.4807104877286	633.5145795697842	62.31215637689432	629.7226817366851	NaN
1.03	0	0.10300000000000001	518.5334143201969	2262.66636953949	8.380874187495735	912.3058720081989	633.5426211585798	62.308827379624375	629.7558058502137	NaN
1.03	0	0.10300000000000001	518.6962866867038	2262.2172535638315	8.382905135746725	912.1289735479422	633.5702998626525	62.30711022262178	629.7896501585949	NaN
1.03	0	0.10300000000000001	518.8612167989294	2261.7648192930737	8.384944799093887	911.9497840605977	633.597647597741	62.30715183129683	629.8238484137385	NaN
1.03	0	0.10300000000000001	519.028314533496	2261.3088705936116	8.386994038133393	911.7682071126303	633.6246733272167	62.30899795791948	629.8579721773144	NaN
1.03	0	0.10300000000000001	519.1975141154777	2260.849694451365	8.389051542904422	911.5843385093684	633.651357425502	62.312580847313455	629.8915462191055	NaN
1.03	0	0.10300000000000001	519.3685728784577	2260.3880511784105	8.391113909115624	911.3984676487892	633.677655012855	62.31771352848722	629.9240830435575	NaN
1.03	0	0.10300000000000001	519.5411474270232	2259.9249567500665	8.393176636840975	911.2109943980439	633.7035106166157	62.32409911244306	629.9551364609015	NaN
1.03	0	0.10300000000000001	519.7149167012175	2259.4613469858477	8.395235634819226	911.0222948592562	633.7288776658801	62.33135795517971	629.9843574378331	NaN
1.03	0	0.10300000000000001	519.8896847841436	2258.9978067536035	8.397288410675042	910.832609351977	633.7537322580005	62.33906562192181	630.011530681977	NaN
1.03	0	0.10300000000000001	520.0654260336541	2258.5344607251272	8.399334528751867	910.6419934707164	633.778076796538	62.34679069291105	630.0365844370222	NaN
1.03	0	0.10300000000000001	520.242281597197	2258.0709958029356	8.40137548218986	910.4503223508237	633.8019363279145	62.354125546570025	630.0595805757538	NaN
1.03	0	0.10300000000000001	520.4205285058999	2257.6067547873613	8.403414255796603	910.2573249724735	633.8253515867325	62.36070871136159	630.0806950548734	NaN
1.03	0	0.10300000000000001	520.6005323274175	2257.1408698454584	8.405454722798945	910.0626363852698	633.848370772823	62.366240511389556	630.1001952709335	NaN
1.03	0	0.10300000000000001	520.7826820824192	2256.67243716165	8.407500872076753	909.8658689990654	633.8710402262324	62.37049487893214	630.1184167513228	NaN
1.03	0	0.10300000000000001	520.967300877366	2256.2007472197665	8.409555805678574	909.6667096611573	633.8933935609454	62.3733303084903	630.1357387104189	NaN
1.03	0	0.10300000000000001	521.1545367520421	2255.7255561180914	8.411620573814876	909.4650371717134	633.9154402708211	62.37470196402102	630.1525567810402	NaN
1.03	0	0.10300000000000001	521.3442740817768	2255.2472936420427	8.413693301309554	909.2610163208842	633.9371587338394	62.37467372366739	630.1692525882798	NaN
1.03	0	0.10300000000000001	521.536146263048	2254.7670086490434	8.415769460927807	909.0550817865999	633.9585018992418	62.37342315211229	630.1861641504934	NaN
1.03	0	0.10300000000000001	521.7296908459982	2254.28596215406	8.417843658645436	908.8477691208086	633.9794176892123	62.37122933599376	630.2035635833387	NaN
1.03	0	0.10300000000000001	521.9245563827699	2253.80510940216	8.41991186796413	908.6394921441934	633.9998716383077	62.36844135583908	630.221644224282	NaN
1.03	0	0.10300000000000001	522.1206298034209	2253.324798277343	8.421972703940554	908.4304079370501	634.0198577059533	62.365437717128835	630.2405146930072	NaN
1.03	0	0.10300000000000001	522.3180569054422	2252.844740827572	8.424027512040501	908.2203977198112	634.0393965327075	62.36258915418886	630.2601982402844	NaN
1.03	0	0.10300000000000001	522.5172001841091	2252.3641381284733	8.426079803172534	908.0091150273053	634.0585276580438	62.36023026774769	630.28063634406	NaN
1.03	0	0.10300000000000001	522.7185652256763	2251.8818760275326	8.428134396256253	907.7960669419393	634.0772998035055	62.3586393615705	630.3016940339742	NaN
1.03	0	0.10300000000000001	522.9226966159894	2251.396785443183	8.430196299217917	907.5807265706628	634.0957598257589	62.35802316246609	630.3231640475674	NaN
1.03	0	0.10300000000000001	523.1300284715101	2250.907998001467	8.432269201496004	907.3626914617918	634.1139395286376	62.358502593720466	630.3447687563319	NaN
1.03	0	0.10300000000000001	523.3406983056008	2250.415370112293	8.434353697339276	907.1418773444393	634.1318418142206	62.360097377557516	630.366164845628	NaN
1.03	0	0.10300000000000001	523.5544199663948	2249.9197484563847	8.436446201080365	906.9186458155052	634.1494344891867	62.36271304215279	630.3869659122304	NaN
1.03	0	0.10300000000000001	523.77058703678	2249.422691632347	8.438540164233086	906.6936888344633	634.1666639200067	62.36614266999911	630.4067986714393	NaN
1.03	0	0.10300000000000001	523.9886106242928	2248.925670920739	8.440629462457078	906.4676721394105	634.1834845674442	62.37009408846234	630.4253776072885	NaN
1.03	0	0.10300000000000001	524.2082176665041	2248.4293998914177	8.442711198233612	906.2409271995616	634.1998803152206	62.37423446498731	630.44255428188	NaN
1.03	0	0.10300000000000001	524.4295339934064	2247.9336800796127	8.444786310901248	906.0133719621668	634.2158662093623	62.378233694734966	630.458323742121	NaN
1.03	0	0.10300000000000001	524.6530217975622	2247.4375789317755	8.446858794358702	905.7845833302346	634.2314793223353	62.381796984982884	630.4728050038708	NaN
1.03	0	0.10300000000000001	524.879351428769	2246.939744652681	8.448934355784626	905.5539355971487	634.246766457929	62.384686990934355	630.4862126066189	NaN
1.03	0	0.10300000000000001	525.1092134017321	2246.4388359050604	8.451018613839906	905.3207964874496	634.2617699853313	62.38673972151782	630.4988254136011	NaN
1.03	0	0.10300000000000001	525.3430468576612	2245.934108468767	8.453114666948482	905.0848021874601	634.2765110929367	62.387878863535065	630.5109518684561	NaN
1.03	0	0.10300000000000001	525.5807467242573	2245.4260131828582	8.455220642575048	904.8461451854781	634.2909752898081	62.388130318233806	630.5228908102816	NaN
1.03	0	0.10300000000000001	525.8216267992786	2244.916216616729	8.457329659376665	904.6055968489311	634.30511623818	62.38762978603863	630.5348957624792	NaN
1.03	0	0.10300000000000001	526.0648661722472	2244.406607859825	8.459433970594775	904.3640486110119	634.3188865323734	62.38660777803809	630.5471557296679	NaN
1.03	0	0.10300000000000001	526.3100620857549	2243.8981424147805	8.461529730644909	904.1219625696771	634.3322683037029	62.38534915743025	630.5597889348525	NaN
1.03	0	0.10300000000000001	526.557412566165	2243.390513513325	8.463618309100447	903.8792039140013	634.345278094205	62.38414622461121	630.5728382746981	NaN
1.03	0	0.10300000000000001	526.8076156293347	2242.882420134294	8.465705144438855	903.6351566192365	634.357955908568	62.383261344100745	630.586270155118	NaN
1.03	0	0.10300000000000001	527.0616548706985	2242.3720498401376	8.467797731959637	903.3889465384669	634.3703504121354	62.38290096603105	630.5999767541382	NaN
1.03	0	0.10300000000000001	527.3204693546179	2241.8577634751905	8.469902807808182	903.1397685712667	634.3825014447882	62.38319601484852	630.6137769990082	NaN
1.03	0	0.10300000000000001	527.5844593414643	2241.339057896705	8.472022426139963	902.8873579443523	634.3944189221255	62.38418306786098	630.6274165315623	NaN
1.03	0	0.10300000000000001	527.8530603372028	2240.8173298053375	8.474150885183725	902.6323762382387	634.4060697798574	62.38578806130681	630.6405872329805	NaN
1.03	0	0.10300000000000001	528.1250679441799	2240.295146431196	8.476277758196117	902.3760726963158	634.4173996082104	62.387830725533334	630.6529995432617	NaN
1.03	0	0.10300000000000001	528.399674055758	2239.774217344302	8.478396170343357	902.1192945763299	634.4283782523562	62.390064590870594	630.6644772640863	NaN
1.03	0	0.10300000000000001	528.6770030303003	2239.2544397189617	8.480506641761957	901.8620043820653	634.4390161716293	62.392230916883335	630.6749930831983	NaN
1.03	0	0.10300000000000001	528.9579581101905	2238.7342869841664	8.482615455704565	901.603454569501	634.4493512715857	62.3941008691751	630.6846477428167	NaN
1.03	0	0.10300000000000001	529.2438307696244	2238.2116081776517	8.484731383137014	901.3425727665896	634.4594296065186	62.39550325503278	630.6936324852568	NaN
1.03	0	0.10300000000000001	529.5356860716272	2237.6847766871188	8.486861026333315	901.0785323562493	634.4692825809292	62.396344211698604	630.7021852493423	NaN
1.03	0	0.10300000000000001	529.833524585596	2237.1541493687987	8.489002950548336	900.8114936834723	634.4789025683144	62.396624876009845	630.7105394875064	NaN
1.03	0	0.10300000000000001	530.1360098169297	2236.62241759816	8.491146327303438	900.5428022828418	634.4882425314152	62.39645161589793	630.7188793368713	NaN
1.03	0	0.10300000000000001	530.4417828338779	2236.0921828401856	8.49328075046433	900.2737802961427	634.4972629920912	62.396016617398175	630.7273287771297	NaN
1.03	0	0.10300000000000001	530.7508018543751	2235.563677517594	8.495405386315134	900.0045619505681	634.5059684280338	62.39554695089269	630.7359535352746	NaN
1.03	0	0.10300000000000001	531.0642743765675	2235.035035246595	8.497527824707857	899.7342078243935	634.5143965356302	62.39525386711896	630.7447517721549	NaN
1.03	0	0.10300000000000001	531.3840704833904	2234.50340877354	8.499659546473222	899.4612589362498	634.522595868454	62.39529741166264	630.7536496695246	NaN
1.03	0	0.10300000000000001	531.7117376891241	2233.966653842408	8.501809162199676	899.1845966497037	634.530598838008	62.39576073959512	630.7624969541864	NaN
1.03	0	0.10300000000000001	532.0470513095944	2233.4256146737725	8.503973295817415	898.9046346642277	634.5383913374031	62.39662696694932	630.771066613595	NaN
1.03	0	0.10300000000000001	532.3877931611071	2232.8842551655853	8.506136133473372	898.6234174280439	634.5459185124929	62.397772110823254	630.7791123334717	NaN
1.03	0	0.10300000000000001	532.7325390713528	2232.3450842829197	8.50828773876877	898.3422612398542	634.5531525209676	62.399005198355816	630.7864962514006	NaN
1.03	0	0.10300000000000001	533.0821423234509	2231.8069883586368	8.510432651146575	898.0606025250631	634.5601162253531	62.40013093417284	630.7932346897776	NaN
1.03	0	0.10300000000000001	533.4388300659677	2231.2668707459316	8.512583279979122	897.7768251229008	634.5668545156	62.40099445906588	630.7994568482583	NaN
1.03	0	0.10300000000000001	533.804733315266	2230.721995418997	8.514750547897894	897.4894792932224	634.5734022975722	62.401509956790036	630.8053491469758	NaN
1.03	0	0.10300000000000001	534.179603318341	2230.173292336552	8.516930774629676	897.1990382017639	634.5797480453664	62.401682266149436	630.8110866263056	NaN
1.03	0	0.10300000000000001	534.5604918236539	2229.625511154631	8.519105142756485	896.9080156685675	634.5858404004101	62.40161498048236	630.8167842344124	NaN
1.03	0	0.10300000000000001	534.9462155609036	2229.0806241580244	8.521265917897201	896.617479012788	634.5916653886566	62.4014751432896	630.8225119815612	NaN
1.03	0	0.10300000000000001	535.3388891353918	2228.5359441265196	8.523423844661874	896.3260127990512	634.5972590805509	62.40143082829886	630.8282908606118	NaN
1.03	0	0.10300000000000001	535.7420921456383	2227.987018004989	8.525596613138426	896.0312312233439	634.6026699951849	62.40160384742313	630.8340726237903	NaN
1.03	0	0.10300000000000001	536.1579926488166	2227.4316240085473	8.527793031066672	895.731919543851	634.607918803178	62.40203675999141	630.8397272778176	NaN
1.03	0	0.10300000000000001	536.5836432276608	2226.8743936540122	8.529994810582446	895.4305594247179	634.6129621256114	62.402668899475685	630.845051603146	NaN
1.03	0	0.10300000000000001	537.015427649718	2226.3204912310334	8.532181624973456	895.1299576179404	634.6177595061682	62.4033597364592	630.8499060385676	NaN
1.03	0	0.10300000000000001	537.4554996452002	2225.767517146875	8.534363038847761	894.8288335382173	634.6223395084331	62.40396130808639	630.8543179386123	NaN
1.03	0	0.10300000000000001	537.908331934196	2225.2104665516704	8.536558850990184	894.5244629682611	634.6267470886967	62.40436953761947	630.858414873038	NaN
1.03	0	0.10300000000000001	538.3757649482156	2224.647933196767	8.53877463224304	894.2160614100361	634.6309934088508	62.40455644585799	630.8623431623074	NaN
1.03	0	0.10300000000000001	538.8526925312352	2224.08678031435	8.540983401724567	893.9073909033085	634.6350297665708	62.40458706791956	630.8661873806003	NaN
1.03	0	0.10300000000000001	539.337282717265	2223.529590457254	8.543175086057039	893.5998974237606	634.6388456595188	62.40458945115308	630.8699965246383	NaN
1.03	0	0.10300000000000001	539.835421626852	2222.970172034135	8.545374115452598	893.2901797642342	634.6424895718283	62.404684790187645	630.8737864284474	NaN
1.03	0	0.10300000000000001	540.3531692700311	2222.402764802722	8.547603164010916	892.9750330039492	634.6459991437483	62.40493517477043	630.8774945625372	NaN
1.03	0	0.10300000000000001	540.8870360361176	2221.832331976317	8.549842764592292	892.6571964848866	634.6493435769603	62.40530865145112	630.8809669010394	NaN
1.03	0	0.10300000000000001	541.429954541943	2221.267114994771	8.5520606378979	892.3412803110648	634.652480870188	62.405696055839336	630.8840906693482	NaN
1.03	0	0.10300000000000001	541.989047535003	2220.7003705364677	8.554283325962134	892.0235376633574	634.6554553906352	62.405993403015614	630.8869312702178	NaN
1.03	0	0.10300000000000001	542.5708476924505	2220.1266909740802	8.55653208062921	891.7009280523075	634.6582969453244	62.40615282235332	630.8896076450507	NaN
1.03	0	0.10300000000000001	543.1680264048078	2219.554463606382	8.558774078841822	891.3781676053936	634.6609668274144	62.406210633845255	630.8921852397159	NaN
1.03	0	0.10300000000000001	543.7775375717506	2218.9873105898655	8.560995215938105	891.0573295748347	634.6634560921258	62.40626367394787	630.8946952936918	NaN
1.03	0	0.10300000000000001	544.4135636762059	2218.4131728513294	8.563242783183084	890.7316016498623	634.6658220556867	62.40639341741789	630.8971517286495	NaN
1.03	0	0.10300000000000001	545.0792007975166	2217.831089537099	8.565520576919466	890.4004169618547	634.6680679455035	62.406607971695635	630.8994675094118	NaN
1.03	0	0.10300000000000001	545.7584677266818	2217.2562946915396	8.567769052381166	890.072456937805	634.6701399586923	62.40683202969864	630.9015252872372	NaN
1.03	0	0.10300000000000001	546.4645613313955	2216.6787197021827	8.57002767516085	889.7420034562103	634.6720813155167	62.406990499866446	630.9033879507572	NaN
1.03	0	0.10300000000000001	547.2030544168737	2216.095658084449	8.572307084082825	889.4075050754141	634.6739033448704	62.40706740072063	630.9051417728563	NaN
1.03	0	0.10300000000000001	547.9568383160662	2215.5219307004436	8.574549414311312	889.0774900880156	634.6755662156744	62.40711882180427	630.9068023018327	NaN
1.03	0	0.10300000000000001	548.7479754826534	2214.9422095965	8.576814647203369	888.7431666635441	634.6771206258231	62.407211118219	630.9083989423538	NaN
1.03	0	0.10300000000000001	549.5802375500758	2214.35623877819	8.579103836769896	888.4043780723551	634.6785684759436	62.407346311179936	630.9098683951395	NaN
1.03	0	0.10300000000000001	550.4313835955894	2213.781324575936	8.581349447184547	888.0711592562493	634.6798735898581	62.40746349404341	630.9111452478879	NaN
1.03	0	0.10300000000000001	551.3283914706451	2213.2010078804346	8.583615841732103	887.7340018254828	634.6810801033862	62.407529835172234	630.9123126333535	NaN
1.03	0	0.10300000000000001	552.2465940187485	2212.633025584516	8.585833821249876	887.4032441110932	634.6821579697202	62.407573058825264	630.9133868694158	NaN
1.03	0	0.10300000000000001	553.2087232780239	2212.0649070676513	8.588052155926114	887.0716679519261	634.6831389202785	62.40763828213326	630.9143868024391	NaN
1.03	0	0.10300000000000001	554.2076610132644	2211.5030001173764	8.590246124782798	886.7430094400153	634.6840181562568	62.40771673740283	630.9152658002165	NaN
1.03	0	0.10300000000000001	555.2331203511634	2210.9543914710016	8.592388122358445	886.4214691799187	634.684793632504	62.40777106449441	630.9160211844287	NaN
1.03	0	0.10300000000000001	556.2916016541463	2210.4166348106223	8.594487758592152	886.1056750810151	634.6854783051309	62.40780304310432	630.9166979698932	NaN
1.03	0	0.10300000000000001	557.3759531024996	2209.8942658038272	8.596527374638962	885.7983528502238	634.686075609759	62.40784056323587	630.9173026715728	NaN
1.03	0	0.10300000000000001	558.4927719615996	2209.384877615312	8.598516410427349	885.4981489074943	634.6865972137931	62.40788399796977	630.9178236354671	NaN
1.03	0	0.10300000000000001	559.6296520349437	2208.8945853554505	8.600431020809175	885.2087312672821	634.6870456323803	62.40791392550519	630.9182626245566	NaN
1.03	0	0.10300000000000001	560.7911802075711	2208.421492181666	8.602278635983728	884.9290460837401	634.6874312508501	62.40793383972141	630.9186461245006	NaN
1.03	0	0.10300000000000001	561.9747440512642	2207.966748940237	8.604054776824714	884.6598338728413	634.6877608273893	62.40795684672972	630.9189783709606	NaN
1.03	0	0.10300000000000001	563.1799031049089	2207.5304424480128	8.605759111756827	884.401203204597	634.6880413864546	62.40797858890852	630.9192562434151	NaN
1.03	0	0.10300000000000001	564.4050165495618	2207.1129633992655	8.607390115340529	884.1534388713528	634.6882790797733	62.407992597464506	630.9194903660265	NaN
1.03	0	0.10300000000000001	565.6500478975877	2206.714023739036	8.608948907895961	883.9164188561982	634.688479796355	62.40800463530649	630.9196915922898	NaN
1.03	0	0.10300000000000001	566.9155964355818	2206.3331100872374	8.61043748606341	883.6898821749882	634.6886488124087	62.40801739648195	630.9198604463231	NaN
1.03	0	0.10300000000000001	568.2005724531538	2205.970181073315	8.611855998511217	883.4738439124608	634.6887905511219	62.40802683243516	630.9200001649397	NaN
1.03	0	0.10300000000000001	569.5056892933155	2205.6246253248914	8.613206818887486	883.2679757414709	634.6889091005371	62.40803374726793	630.9201182745742	NaN
1.03	0	0.10300000000000001	570.8312046901292	2205.2959638567263	8.614491801821877	883.0720238237451	634.689007949364	62.408040770104144	630.9202172370282	NaN
1.03	0	0.10300000000000001	572.1774241556158	2204.9836991436146	8.61571287331639	882.8857194278843	634.689090117079	62.40804648933148	630.9202984952623	NaN
1.03	0	0.10300000000000001	573.5448489604106	2204.6872889573124	8.616872133625197	882.708763627079	634.6891582133347	62.40805056367588	630.9203661514365	NaN
1.03	0	0.10300000000000001	574.934131350066	2204.406169785995	8.61797176619634	882.5408415578977	634.689214478967	62.40805441890117	630.9204224375799	NaN
1.03	0	0.10300000000000001	576.3459041646067	2204.13979740446	8.61901387935356	882.3816469695902	634.6892608244059	62.40805764925326	630.9204683624306	NaN
1.03	0	0.10300000000000001	577.7808880408363	2203.887626019475	8.620000588131594	882.2308700862396	634.6892988776234	62.40805998476297	630.9205061617718	NaN
1.03	0	0.10300000000000001	579.2399135393347	2203.6491088653142	8.620934012182977	882.0881982400286	634.689330021433	62.408062102059326	630.9205372758405	NaN
1.03	0	0.10300000000000001	580.7238295053036	2203.42371623946	8.62181620536742	881.9533269204829	634.6893554247446	62.408063843969295	630.9205624640578	NaN
1.03	0	0.10300000000000001	582.2335529480356	2203.2109276464826	8.622649186600935	881.825955321511	634.6893760738341	62.40806513414482	630.9205829973824	NaN
1.03	0	0.10300000000000001	583.7700758139356	2203.01023243393	8.623434937447415	881.7057869398019	634.6893927983396	62.408066279366324	630.9205996812213	NaN
1.03	0	0.10300000000000001	585.3344306655936	2202.8211352303515	8.624175380873375	881.5925330285173	634.6894062936453	62.40806718100669	630.9206130641436	NaN
1.03	0	0.10300000000000001	586.9277186329253	2202.6431524978293	8.624872394760622	881.4859107115519	634.6894171411052	62.408067873456446	630.9206238675415	NaN
1.03	0	0.10300000000000001	588.5511061150885	2202.4758135288066	8.625527808001372	881.3856437387202	634.6894258251428	62.408068470987374	630.9206325130557	NaN
1.03	0	0.10300000000000001	590.2058187284806	2202.318661290264	8.626143397171765	881.2914631327243	634.6894327480657	62.40806892052508	630.9206393846034	NaN
1.03	0	0.10300000000000001	591.8931574525965	2202.1712509538697	8.626720892255694	881.2031064334763	634.6894382429199	62.40806928325518	630.9206448618596	NaN
1.03	0	0.10300000000000001	593.6144950318544	2202.0331504973756	8.627261974246425	881.1203181687978	634.6894425844181	62.40806957693282	630.9206491749229	NaN
1.03	0	0.10300000000000001	595.3712845779637	2201.9039401104415	8.627768277423423	881.0428495955048	634.6894459983423	62.40806979712521	630.9206525711116	NaN
1.03	0	0.10300000000000001	597.1650683395745	2201.783211760395	8.628241390997733	880.9704585243336	634.6894486695544	62.40806997814915	630.9206552302354	NaN
1.03	0	0.10300000000000001	598.9974854064528	2201.670568952678	8.628682859990786	880.9029092509099	634.6894507488056	62.40807011403194	630.9206572958185	NaN
1.03	0	0.10300000000000001	600.8702684258432	2201.565627138547	8.629094183573658	880.8399728653981	634.6894523585065	62.40807022111317	630.9206588991309	NaN
1.03	0	0.10300000000000001	602.7852635878287	2201.468012706743	8.629476818954652	880.7814267044993	634.6894535976311	62.408070303550595	630.9206601302395	NaN
1.03	0	0.10300000000000001	604.7444343926578	2201.3773630976216	8.629832180867771	880.7270544689652	634.6894545458314	62.40807036580226	630.9206610742192	NaN
1.03	0	0.10300000000000001	606.7498759218824	2201.293326391554	8.630161643122275	880.6766460191324	634.6894552669008	62.40807041414632	630.9206617910587	NaN
1.03	0	0.10300000000000001	608.803825948092	2201.215561165033	8.630466539104171	880.6299973250909	634.6894558116728	62.40807044978936	630.9206623331037	NaN
1.03	0	0.10300000000000001	610.9086797913507	2201.143736262162	8.630748162611171	880.5869103608836	634.6894562204367	62.408070477208355	630.9206627396441	NaN
1.03	0	0.10300000000000001	613.0670046208445	2201.077530671789	8.631007768275625	880.5471930575038	634.6894565249456	62.4080704971528	630.9206630425442	NaN
1.03	0	0.10300000000000001	615.2815583236148	2201.0166333284787	8.631246572288543	880.5106592061971	634.6894567500773	62.408070512229365	630.9206632664827	NaN
1.03	0	0.10300000000000001	617.5553077468915	2200.9607430214733	8.631465752702985	880.4771284230517	634.6894569152007	62.40807052306371	630.920663430729	NaN
1.03	0	0.10300000000000001	619.8914521691548	2200.9095682380066	8.631666449997727	880.4464260711736	634.6894570352972	62.40807053109212	630.9206635501815	NaN
1.03	0	0.10300000000000001	622.2934485569987	2200.86282706068	8.631849767432007	880.4183832126691	634.6894571218736	62.408070536784116	630.9206636363099	NaN
1.03	0	0.10300000000000001	624.7650393159525	2200.8202470904707	8.63201677130285	880.3928365737455	634.6894571837037	62.4080705409074	630.9206636977968	NaN
1.03	0	0.10300000000000001	627.3102856316939	2200.781565345162	8.632168491301854	880.3696284931287	634.6894572274252	62.40807054379162	630.9206637413015	NaN
1.03	0	0.10300000000000001	629.9336044246098	2200.746528188079	8.632305920756284	880.3486068870145	634.6894572580189	62.408070545822085	630.9206637717198	NaN
1.03	0	0.10300000000000001	632.639812560129	2200.714891240428	8.632430016937496	880.329625202774	634.6894572791892	62.40807054722728	630.9206637927866	NaN
1.03	0	0.10300000000000001	635.4341739805084	2200.686419345298	8.63254170116971	880.3125424024784	634.6894572936666	62.408070548181946	630.9206638071827	NaN
1.03	0	0.10300000000000001	638.3224591526642	2200.660886478553	8.632641859150004	880.2972229135672	634.6894573034427	62.408070548834004	630.9206638169072	NaN
1.03	0	0.10300000000000001	641.311011106386	2200.6380757000043	8.632731341113063	880.2835366028562	634.6894573099563	62.40807054926319	630.920663823388	NaN
1.03	0	0.10300000000000001	644.4068216006257	2200.617779108178	8.632810961984452	880.2713587520248	634.6894573142341	62.408070549547205	630.9206638276409	NaN
1.03	0	0.10300000000000001	647.6176246694148	2200.5997977673205	8.632881501645326	880.2605700158797	634.6894573170007	62.40807054973171	630.9206638303939	NaN
1.03	0	0.10300000000000001	650.952002688724	2200.5839416648323	8.632943705080088	880.2510563984262	634.6894573187603	62.408070549847274	630.9206638321444	NaN
1.03	0	0.10300000000000001	654.4195135633908	2200.5700296561486	8.632998282575539	880.2427092210357	634.6894573198601	62.408070549919735	630.9206638332382	NaN
1.03	0	0.10300000000000001	658.0308442563876	2200.557889402261	8.633045909950871	880.235425085904	634.6894573205342	62.408070549964776	630.9206638339084	NaN
1.03	0	0.10300000000000001	661.7979912108369	2200.5473573195623	8.633087228741276	880.2291058466691	634.689457320939	62.40807054999167	630.9206638343115	NaN
1.03	0	0.10300000000000001	665.734483223265	2200.538278510874	8.633122846457042	880.2236585675606	634.6894573211767	62.40807055000729	630.9206638345478	NaN
1.03	0	0.10300000000000001	669.8556462016231	2200.5305067097192	8.633153336792306	880.2189954903486	634.6894573213131	62.40807055001645	630.920663834683	NaN
1.03	0	0.10300000000000001	674.17893676786	2200.5239042008347	8.633179239928436	880.2150339869348	634.6894573213889	62.40807055002173	630.9206638347586	NaN
1.03	0	0.10300000000000001	678.724342373866	2200.5183417572316	8.63320106277376	880.2116965217858	634.68945732143	62.40807055002425	630.9206638348	NaN
1.03	0	0.10300000000000001	683.5148949165967	2200.5136985489185	8.633219279315647	880.2089105973076	634.6894573214518	62.40807055002543	630.9206638348211	NaN
1.03	0	0.10300000000000001	688.5773033345208	2200.509862062595	8.633234330930517	880.2066087057539	634.6894573214626	62.40807055002651	630.920663834832	NaN
1.03	0	0.10300000000000001	693.9427669820061	2200.506728002004	8.633246626770665	880.2047282695032	634.6894573214679	62.40807055002669	630.9206638348373	NaN
1.03	0	0.10300000000000001	699.6480206162212	2200.5042001810234	8.633256544180327	880.2032115769537	634.6894573214703	62.408070550026906	630.9206638348395	NaN
1.03	0	0.10300000000000001	705.7366976974461	2200.5021904049163	8.633264429158853	880.2020057113006	634.6894573214715	62.40807055002697	630.9206638348412	NaN
1.03	0	0.10300000000000001	712.2611230746318	2200.5006183405285	8.633270596867836	880.2010624726692	634.689457321472	62.40807055002693	630.9206638348414	NaN
1.03	0	0.10300000000000001	719.2847268237208	2200.499411367005	8.63327533221514	880.2003382885532	634.689457321472	62.40807055002698	630.9206638348414	NaN
1.03	0	0.10300000000000001	726.8853931900853	2200.49850440391	8.633278890527977	880.1997941106936	634.6894573214721	62.40807055002692	630.9206638348414	NaN
1.03	0	0.10300000000000001	735.1603433786943	2200.4978397134405	8.633281498327937	880.1993952964108	634.6894573214721	62.40807055002701	630.9206638348417	NaN
1.03	0	0.10300000000000001	744.2320533246755	2200.4973667492427	8.633283353923453	880.1991115178913	634.6894573214721	62.408070550026984	630.9206638348414	NaN
1.03	0	0.10300000000000001	754.258543827514	2200.4970418452795	8.633284628629996	880.1989165755128	634.6894573214721	62.40807055002705	630.9206638348415	NaN
1.03	0	0.10300000000000001	765.4476961358354	2200.4968279652417	8.633285467752875	880.1987882474901	634.6894573214721	62.40807055002714	630.9206638348417	NaN
1.03	0	0.10300000000000001	778.080106483974	2200.496694376319	8.633285991866963	880.1987080941362	634.6894573214722	62.40807055002695	630.9206638348414	NaN
1.03	0	0.10300000000000001	792.5455264405709	2200.4966162777437	8.633286298273855	880.1986612349912	634.6894573214722	62.40807055002692	630.9206638348414	NaN
1.03	0	0.10300000000000001	809.4061540005582	2200.4965743552275	8.63328646274995	880.1986360814816	634.6894573214722	62.40807055002685	630.9206638348414	NaN
1.03	0	0.10300000000000001	829.5083259140879	2200.4965542693053	8.633286541553764	880.198624029928	634.6894573214722	62.40807055002681	630.9206638348414	NaN
1.03	0	0.10300000000000001	854.202688316125	2200.496546044374	8.633286573822932	880.1986190949697	634.6894573214722	62.40807055002696	630.9206638348415	NaN
1.03	0	0.10300000000000001	885.806379263309	2200.4965433618027	8.633286584347559	880.1986174854263	634.6894573214722	62.40807055002696	630.9206638348415	NaN
1.03	0	0.10300000000000001	928.7019190845695	2200.496542744434	8.633286586769705	880.1986171150053	634.6894573214722	62.40807055002698	630.9206638348415	NaN
1.03	0	0.10300000000000001	992.3862047146156	2200.4965426633803	8.633286587087703	880.1986170663731	634.6894573214722	62.408070550026984	630.9206638348415	NaN
1.03	0	0.10300000000000001	1101.7393401251209	2200.496542658607	8.633286587106431	880.1986170635091	634.6894573214722	62.40807055002695	630.9206638348415	NaN
1.03	0	0.10300000000000001	1337.7178536275278	2200.496542658322	8.633286587107547	880.1986170633382	634.6894573214722	62.40807055002695	630.9206638348415	NaN
1.03	0	0.10300000000000001	1952.6958273440964	2200.496542658281	8.63328658710771	880.1986170633139	634.6894573214722	62.40807055002694	630.9206638348417	NaN
1.03	0	0.10300000000000001	4189.341450226273	2200.496542658275	8.633286587107737	880.1986170633099	634.6894573214722	62.40807055002695	630.9206638348415	NaN
1.03	0	0.10300000000000001	5500.0	2200.496542658274	8.633286587107738	880.1986170633095	634.6894573214722	62.40807055002695	630.9206638348415	NaN
1.03	0	0.10300000000000001	Inf	2200.496542658275	8.633286587107735	880.1986170633097	634.6894573214722	62.408070550026956	630.9206638348415	NaN
1.04	1	0.1	0.0	2310.762587335457	7.982727072188335	924.3050349341828	616.2033566227885	63.013363750332296	612.8785255771229	NaN
1.04	1	0.1	9.999999999999999e-5	2310.762587335457	7.982727072188335	924.3050349341828	616.2033566227885	63.013363750332296	612.8785255771229	NaN
1.04	1	0.1	0.0010999999999999998	2310.762587335457	7.982727072188335	924.3050349341828	616.2033566227885	63.013363750332296	612.8785255771229	NaN
1.04	1	0.1	0.011099999999999997	2310.762587335457	7.982727072188335	924.3050349341828	616.2033566227885	63.013363750332296	612.8785255771229	NaN
1.04	1	0.1	0.11109999999999996	2310.762587335457	7.982727072188335	924.3050349341828	616.2033566227885	63.013363750332296	612.8785255771229	NaN
1.04	1	0.1	1.1110999999999995	2310.762587335457	7.982727072188335	924.3050349341828	616.2033566227885	63.01336375033216	612.8785255771228	NaN
1.04	1	0.1	7.6566452009414165	2310.762587335457	7.982727072188334	924.3050349341828	616.2033566227884	63.01336375033231	612.8785255771228	NaN
1.04	1	0.1	58.0485142387081	2310.762587335457	7.982727072188337	924.3050349341828	616.2033566227886	63.01336375033222	612.878525577123	NaN
1.04	1	0.1	439.9451161257723	2310.762587335457	7.982727072188335	924.3050349341828	616.2033566227885	63.01336375033231	612.878525577123	NaN
1.04	1	0.1	500.0	2310.762587335457	7.982727072188332	924.3050349341826	616.2033566227883	63.01336375033229	612.8785255771228	NaN
1.04	1	0.10400000000000001	500.0	2310.762587335457	7.982727072188332	924.3050349341826	616.2033566227883	63.01336375033229	612.8785255771228	NaN
1.04	1	0.10400000000000001	500.0081332225625	2310.762585143067	7.9827615451975396	924.305034933912	616.2334086018623	63.01318344864326	612.8785263093353	NaN
1.04	1	0.10400000000000001	500.016266445125	2310.7625705781156	7.982856896956878	924.305034930019	616.2634239403747	63.01264359682793	612.8785314278376	NaN
1.04	1	0.10400000000000001	500.02739980584306	2310.7625119515665	7.983067281459062	924.3050349022791	616.3044518452401	63.01132460246546	612.8785534931791	NaN
1.04	1	0.10400000000000001	500.0399909933823	2310.7623678764435	7.983392185673604	924.3050347969888	616.3507695475746	63.00903011707621	612.8786122075236	NaN
1.04	1	0.10400000000000001	500.05517886894796	2310.7620529156675	7.983874997964598	924.3050344669551	616.4065231007163	63.005137498659295	612.8787526071741	NaN
1.04	1	0.10400000000000001	500.072633582448	2310.7614649630814	7.984516353066955	924.3050336240512	616.4704413734327	62.99915929557799	612.8790419688329	NaN
1.04	1	0.10400000000000001	500.09296637274633	2310.7604374531447	7.985340715558967	924.3050316737944	616.5446883027759	62.99019062298215	612.8796048024867	NaN
1.04	1	0.10400000000000001	500.1164414858378	2310.7587555084137	7.986356529206557	924.3050275433075	616.6301285140058	62.97719209070909	612.8806378733633	NaN
1.04	1	0.10400000000000001	500.1437360526612	2310.7560984817387	7.987586778436549	924.3050192427557	616.7290924946745	62.95858163897605	612.8824799961827	NaN
1.04	1	0.10400000000000001	500.17549365756884	2310.7520308229095	7.989052207075361	924.305003280988	616.8437295964545	62.932304669000196	612.8856820630017	NaN
1.04	1	0.10400000000000001	500.21208659286964	2310.7460249515566	7.990760541553574	924.3049740173734	616.9751455955035	62.89604035336155	612.8910711371468	NaN
1.04	1	0.10400000000000001	500.252705127608	2310.737699965231	7.992664729941124	924.304924374827	617.1201762956069	62.84855407806496	612.8995804288764	NaN
1.04	1	0.10400000000000001	500.2964139456798	2310.7267991844637	7.994713856547631	924.3048462176782	617.2752568480629	62.78933597074693	612.9122022306047	NaN
1.04	1	0.10400000000000001	500.3427405350278	2310.7130623634703	7.9968814480620285	924.3047298620377	617.4385187406546	62.71787869408666	612.9300748736858	NaN
1.04	1	0.10400000000000001	500.391246988734	2310.6962920275737	7.999144540461699	924.30456470234	617.6082506113917	62.63408538973157	612.9543750622935	NaN
1.04	1	0.10400000000000001	500.4415887906282	2310.6763292993055	8.00148557456066	924.3043393255139	617.7831025658672	62.538144948725254	612.9862994623142	NaN
1.04	1	0.10400000000000001	500.4934441125436	2310.653069780617	8.00388859799855	924.3040419928129	617.9618348309787	62.43060482637426	613.0269923633832	NaN
1.04	1	0.10400000000000001	500.5465467999751	2310.626444319486	8.006340560321187	924.3036607589387	618.143429471061	62.312261984414455	613.0775280837347	NaN
1.04	1	0.10400000000000001	500.60066510480453	2310.5964192586357	8.008830210004513	924.3031837552079	618.3270125564492	62.18414658794078	613.1388708105636	NaN
1.04	1	0.10400000000000001	500.65560858795425	2310.5629843656793	8.011348354285726	924.3025992584237	618.5118735365738	62.047448225266486	613.2118646304448	NaN
1.04	1	0.10400000000000001	500.7112213820748	2310.5261471420768	8.01388750927508	924.3018957752204	618.6974376928907	61.90347335524835	613.2972216564632	NaN
1.04	1	0.10400000000000001	500.7673793559776	2310.4859259065715	8.016441739928604	924.3010620454996	618.8832522729455	61.75360003310532	613.3955208769557	NaN
1.04	1	0.10400000000000001	500.823984141785	2310.4423460247936	8.019006362415553	924.3000870503633	619.0689626728039	61.5992480702238	613.5072067672986	NaN
1.04	1	0.10400000000000001	500.8809616195656	2310.3954341562053	8.021577853595492	924.2989599323305	619.2543039620447	61.44184502729518	613.632598296701	NaN
1.04	1	0.10400000000000001	500.9382572100807	2310.3452158499604	8.02415361869365	924.2976699458648	619.4390823693545	61.28280791643355	613.7718939824474	NaN
1.04	1	0.10400000000000001	500.9958331951177	2310.291712740237	8.026731854413315	924.296206371405	619.623163997875	61.123526025119055	613.92518069856	NaN
1.04	1	0.10400000000000001	501.05366549459444	2310.234941199906	8.02931139062259	924.294558443901	619.8064622787448	60.96535077595698	614.0924403407556	NaN
1.04	1	0.10400000000000001	501.11174116002684	2310.1749113188416	8.031891567186486	924.2927152773254	619.9889282148612	60.809588055317946	614.273556456812	NaN
1.04	1	0.10400000000000001	501.170055956572	2310.1116266328295	8.034472117361558	924.2906658032668	620.1705413301542	60.65749364673551	614.4683190290217	NaN
1.04	1	0.10400000000000001	501.2286123252283	2310.0450842171817	8.037053070476912	924.2883987190532	620.3513022007719	60.510269960660644	614.6764281070994	NaN
1.04	1	0.10400000000000001	501.28741749637965	2309.975275268972	8.039634663405815	924.2859024542973	620.5312257941115	60.36906378973455	614.8974957118716	NaN
1.04	1	0.10400000000000001	501.34648187259756	2309.902185958304	8.042217265780382	924.2831651532663	620.7103359382784	60.23496403039828	615.1310466346536	NaN
1.04	1	0.10400000000000001	501.40581758478754	2309.8257985639107	8.044801314443104	924.2801746769163	620.8886605795618	60.108999031188155	615.3765181837621	NaN
1.04	1	0.10400000000000001	501.46543722785935	2309.7460928104356	8.047387257185306	924.2769186245813	621.066227809811	59.99213311046272	615.6332593337916	NaN
1.04	1	0.10400000000000001	501.5253527739619	2309.6630473362457	8.049975505465907	924.273384374722	621.2430626211553	59.885261974868754	615.9005297768493	NaN
1.04	1	0.10400000000000001	501.5855747020039	2309.5766411644954	8.052566397556106	924.2695591406816	621.4191844651655	59.789206873854795	616.1774995962921	NaN
1.04	1	0.10400000000000001	501.64611130019784	2309.486855161103	8.0551601699975	924.2654300408752	621.5946054494899	59.704707655049305	616.4632499255229	NaN
1.04	1	0.10400000000000001	501.70696821963855	2309.393673293753	8.057756940487145	924.2609841744035	621.7693293614446	59.63241483687287	616.7567754569682	NaN
1.04	1	0.10400000000000001	501.7681482468891	2309.2970836545655	8.060356700526535	924.2562086979802	621.9433513803093	59.57288116982307	617.0569891026131	NaN
1.04	1	0.10400000000000001	501.82965129161477	2309.1970791773188	8.062959317400562	924.2510908978621	622.1166584260611	59.526553192581865	617.3627290964149	NaN
1.04	1	0.10400000000000001	501.89147458517334	2309.093657983923	8.065564545050648	924.2456182496653	622.2892300930704	59.493763348640115	617.6727686817943	NaN
1.04	1	0.10400000000000001	501.9536130233444	2308.986823407739	8.068172040783159	924.2397784642468	622.4610399458614	59.474723260442595	617.9858280502835	NaN
1.04	1	0.10400000000000001	502.01605957069006	2308.876583796115	8.070781384192797	924.2335595215694	622.6320569256832	59.46951862362822	618.300587955928	NaN
1.04	1	0.10400000000000001	502.0788057280876	2308.7629520720375	8.073392098286241	924.2269496886188	622.8022468610963	59.478106010588114	618.6157047423565	NaN
1.04	1	0.10400000000000001	502.14184187566747	2308.6459453906796	8.076003664962334	924.2199375387636	622.9715735695733	59.500311722421465	618.9298255088731	NaN
1.04	1	0.10400000000000001	502.20515756255935	2308.5255847961143	8.078615537940655	924.2125119677306	623.1399997624907	59.535832612601354	619.2416034522836	NaN
1.04	1	0.10400000000000001	502.2687416142958	2308.401895151491	8.081227147909795	924.2046622237192	623.3074874251524	59.5842387040303	619.5497124648044	NaN
1.04	1	0.10400000000000001	502.3325821418901	2308.274905231917	8.083837903549979	924.1963779476727	623.4739979233475	59.64497740910703	619.8528612037727	NaN
1.04	1	0.10400000000000001	502.39666642880985	2308.1446480594936	8.086447187586122	924.1876492310878	623.6394917931881	59.71737915842423	620.1498063669056	NaN
1.04	1	0.10400000000000001	502.4609807959431	2308.0111613070558	8.089054352072287	924.1784666822765	623.8039284907114	59.800664387594225	620.4393655295592	NaN
1.04	1	0.10400000000000001	502.5255104832029	2307.874487693185	8.091658714490968	924.1688214963818	623.9672662021393	59.8939518793117	620.7204295658146	NaN
1.04	1	0.10400000000000001	502.5902396776642	2307.734675078794	8.094259559853375	924.1587055078041	624.1294620352289	59.996268639548	620.9919750021025	NaN
1.04	1	0.10400000000000001	502.65515167817784	2307.5917762439076	8.096856148215103	924.1481112196686	624.2904725405439	60.10656133005711	621.2530759066449	NaN
1.04	1	0.10400000000000001	502.72022930637	2307.445848057183	8.099447731802531	924.1370317842066	624.4502548070465	60.223709400387	621.50291534204	NaN
1.04	1	0.10400000000000001	502.7854555101425	2307.296950094645	8.102033579309452	924.1254609308369	624.6087679589732	60.34653971821305	621.7407956420684	NaN
1.04	1	0.10400000000000001	502.8508141687538	2307.145142637525	8.104613007480998	924.1133928293792	624.765975043388	60.47384244449472	621.9661470660151	NaN
1.04	1	0.10400000000000001	502.9162909775015	2306.9904842915253	8.107185414952973	924.100821900526	624.9218449865638	60.60438751915851	622.1785340015293	NaN
1.04	1	0.10400000000000001	502.9818743841362	2306.8330292830196	8.109750317162835	924.0877425735297	625.0763545428584	60.73694118633803	622.3776584440262	NaN
1.04	1	0.10400000000000001	503.04755643198035	2306.6728247855417	8.112307376638782	924.0741490174395	625.2294898939443	60.87028172551996	622.5633603190149	NaN
1.04	1	0.10400000000000001	503.1133334781283	2306.509908391162	8.114856427565105	924.0600348564017	625.3812478448978	61.003213816788374	622.7356148571196	NaN
1.04	1	0.10400000000000001	503.1792067216277	2306.344305933821	8.11739749227746	924.0453928894406	625.5316364932326	61.13458101699013	622.8945273085584	NaN
1.04	1	0.10400000000000001	503.2451825124166	2306.176029796115	8.11993078880645	924.0302148311678	625.6806753392834	61.26327605187219	623.0403255348923	NaN
1.04	1	0.10400000000000001	503.31127242987077	2306.005077788924	8.12245672931566	924.0144910877774	625.8283948509829	61.388248842045826	623.1733511228931	NaN
1.04	1	0.10400000000000001	503.3774931811057	2305.831432530771	8.124975911619071	923.9982105684859	625.9748356317493	61.50851246254473	623.2940497692418	NaN
1.04	1	0.10400000000000001	503.4438662896601	2305.65506144868	8.127489102884724	923.981360550246	626.1200471565103	61.62314721456412	623.4029614297153	NaN
1.04	1	0.10400000000000001	503.5104176180616	2305.4759173301127	8.129997217411182	923.9639265963445	626.2640862023557	61.73130323444188	623.5007107865591	NaN
1.04	1	0.10400000000000001	503.5771767795551	2305.293939308507	8.13250129074178	923.9458925237441	626.4070151164871	61.83220213059224	623.5879984358965	NaN
1.04	1	0.10400000000000001	503.64417635511194	2305.109054534512	8.135002447121275	923.9272404499524	626.5488997603301	61.92513794483416	623.6655928657791	NaN
1.04	1	0.10400000000000001	503.7114509924563	2304.9211803549283	8.137501863374583	923.9079509093064	626.6898073186904	62.00947802271736	623.7343234303854	NaN
1.04	1	0.10400000000000001	503.7790363466384	2304.730227132698	8.140000727859457	923.8880030589099	626.8298039071867	62.08466416702751	623.7950742154698	NaN
1.04	1	0.10400000000000001	503.8469678228312	2304.5361018477834	8.142500193251232	923.8673749972302	626.9689519213027	62.1502144543389	623.8487786118112	NaN
1.04	1	0.10400000000000001	503.9152791516843	2304.3387124254386	8.145001324526687	923.8460441995326	627.1073072183195	62.20572613188439	623.8964143628259	NaN
1.04	1	0.10400000000000001	503.98400074122884	2304.1379729830155	8.147505040342958	923.8239881009529	627.2449160464063	62.25087983643399	623.9389986529126	NaN
1.04	1	0.10400000000000001	504.0531578722362	2303.9338098344883	8.150012050543792	923.8011848214948	627.3818118878853	62.28544537785404	623.9775827873021	NaN
1.04	1	0.10400000000000001	504.1227688144763	2303.726168042035	8.15252279281896	923.7776140195533	627.5180123923863	62.309289098288176	624.013245889906	NaN
1.04	1	0.10400000000000001	504.1928430202726	2303.5150180445676	8.15503737426312	923.75325782762	627.6535167134799	62.32238255164629	624.0470870203272	NaN
1.04	1	0.10400000000000001	504.2633795990148	2303.3003617098443	8.157555525035507	923.7281017954051	627.7883036234628	62.32481186869338	624.0802151517712	NaN
1.04	1	0.10400000000000001	504.3343664204007	2303.0822366634657	8.160076576118175	923.7021356966563	627.9223310136568	62.316786746647125	624.1137366782993	NaN
1.04	1	0.10400000000000001	504.4057800799147	2302.8607180247345	8.162599468608247	923.6753540721788	628.0555371113869	62.29864756788548	624.148740405926	NaN
1.04	1	0.10400000000000001	504.4775870474433	2302.635916356356	8.165122804664271	923.6477563278465	628.1878438614783	62.27086894246379	624.1862805463542	NaN
1.04	1	0.10400000000000001	504.54974589143643	2302.407971931292	8.167644934774355	923.6193463503976	628.3191620867506	62.23405816885246	624.2273586287778	NaN
1.04	1	0.10400000000000001	504.6222104857882	2302.1770454112907	8.170164076658304	923.5901316033979	628.4493980892643	62.188947694486856	624.2729057536458	NaN
1.04	1	0.10400000000000001	504.6949337108894	2301.943306344732	8.172678447597454	923.5601218366148	628.5784606759329	62.136381645344706	624.323766635089	NaN
1.04	1	0.10400000000000001	504.76787115415493	2301.706921031939	8.175186392517771	923.5293275817874	628.7062676733933	62.077297475838655	624.3806867011831	NaN
1.04	1	0.10400000000000001	504.84098429951797	2301.4680414718714	8.177686490381346	923.4977586537248	628.8327510621425	62.012704550729275	624.4443029908768	NaN
1.04	1	0.10400000000000001	504.914242911275	2301.2267964978005	8.180177629560745	923.4654228203564	628.9578603192708	61.94366168670221	624.515139028491	NaN
1.04	1	0.10400000000000001	504.98762651455905	2300.9832856068556	8.182659049977037	923.4323247401003	629.081563940663	61.871255458700695	624.593603348246	NaN
1.04	1	0.10400000000000001	505.0611249223061	2300.737575835862	8.185130351536179	923.3984652515913	629.2038492069001	61.796580693428886	624.6799908643899	NaN
1.04	1	0.10400000000000001	505.13473812857336	2300.4897007806794	8.187591480810577	923.3638409295166	629.3247208655048	61.72072371865589	624.7744864038935	NaN
1.04	1	0.10400000000000001	505.2084755518869	2300.239661924564	8.190042696276745	923.328443958677	629.4441988012655	61.644748769616214	624.8771693333017	NaN
1.04	1	0.10400000000000001	505.28235498699365	2299.987431149868	8.192484524787144	923.2922621941241	629.5623153608364	61.56968717974385	624.988018746257	NaN
1.04	1	0.10400000000000001	505.35640130356705	2299.732954335688	8.194917710923168	923.2552794084241	629.6791124324319	61.49652902476041	625.1069185222279	NaN
1.04	1	0.10400000000000001	505.4306450433133	2299.4761555412533	8.197343164492722	923.2174756658063	629.7946385480104	61.42621661528027	625.2336619234744	NaN
1.04	1	0.10400000000000001	505.5051209801716	2299.21694154856	8.199761908396008	923.1788277964655	629.9089461167541	61.35963925567608	625.3679555120945	NaN
1.04	1	0.10400000000000001	505.57986668082117	2298.955206622839	8.20217502810301	923.1393099538922	630.022088846567	61.29762871575912	625.5094223186672	NaN
1.04	1	0.10400000000000001	505.6549210711292	2298.6908374552672	8.204583622924286	923.0988942524227	630.1341193578377	61.24095493370255	625.6576042991776	NaN
1.04	1	0.10400000000000001	505.7303230632767	2298.423718078031	8.206988760816532	923.0575514547568	630.245087065321	61.190321505314515	625.8119643487208	NaN
1.04	1	0.10400000000000001	505.8061101742501	2298.1537349773234	8.209391434466037	923.0152517449163	630.3550362170462	61.14636070897486	625.9718880092677	NaN
1.04	1	0.10400000000000001	505.88231720710036	2297.880782136618	8.211792520928284	922.9719655471372	630.4640041913649	61.1096278124996	626.1366853624072	NaN
1.04	1	0.10400000000000001	505.95897494875015	2297.6047661569046	8.214192743325567	922.9276644142703	630.5720199775436	61.08059461956013	626.3055934261826	NaN
1.04	1	0.10400000000000001	506.0361089109955	2297.325611343918	8.21659263544242	922.8823219698066	630.6791028740207	61.05964228849242	626.4777795509809	NaN
1.04	1	0.10400000000000001	506.1137382079252	2297.04326440607	8.218992512071688	922.8359148454037	630.7852615247231	61.04705360105461	626.6523464688936	NaN
1.04	1	0.10400000000000001	506.1918745042741	2296.757698975452	8.22139244295699	922.7884236454548	630.8904931864313	61.043005068622264	626.8283392592647	NaN
1.04	1	0.10400000000000001	506.27052120039536	2296.4689193235185	8.223792235309014	922.739833831198	630.9947834351108	61.0475593470454	627.0047549188106	NaN
1.04	1	0.10400000000000001	506.3496729192148	2296.1769629922987	8.226191426568239	922.6901364666335	631.0981063614369	61.060658641570996	627.1805548579125	NaN
1.04	1	0.10400000000000001	506.4293153648011	2295.881902039923	8.228589289094966	922.639328759897	631.2004252999553	61.082119881358196	627.3546804379457	NaN
1.04	1	0.10400000000000001	506.50942564568794	2295.5838425061365	8.23098484903704	922.5874143121249	631.3016941538373	61.11163248483421	627.5260714509775	NaN
1.04	1	0.10400000000000001	506.5899732153023	2295.282921474901	8.233376923205117	922.5344029384627	631.4018594346106	61.148759532845865	627.6936872614143	NaN
1.04	1	0.10400000000000001	506.6709213651562	2294.979301913735	8.235764171145648	922.4803100590702	631.5008628486036	61.192942945964596	627.8565295525167	NaN
1.04	1	0.10400000000000001	506.7522292655147	2294.6731652626745	8.238145161412705	922.4251556228097	631.5986443436818	61.24351296376796	628.0136655311504	NaN
1.04	1	0.10400000000000001	506.83385447368283	2294.364702036929	8.240518448878209	922.3689625789129	631.6951454448658	61.29970182446081	628.1642501759509	NaN
1.04	1	0.10400000000000001	506.91575559699027	2294.054101609853	8.242882653347433	922.3117550832643	631.7903124541232	61.36066096423194	628.3075457494982	NaN
1.04	1	0.10400000000000001	506.9978950327313	2293.741541485762	8.245236536991538	922.2535564845438	631.8840994087794	61.42548081354302	628.4429375259356	NaN
1.04	1	0.10400000000000001	507.080241412399	2293.427177510421	8.247579069893803	922.1943873563102	631.9764703795034	61.49321181602373	628.5699445468367	NaN
1.04	1	0.10400000000000001	507.16277164606925	2293.111135473318	8.249909481200019	922.1342636749047	632.0674010427923	61.562885388681785	628.6882252064414	NaN
1.04	1	0.10400000000000001	507.24547242102	2292.7935047213487	8.252227292384973	922.0731952827408	632.1568794343494	61.63353361724836	628.7975778267582	NaN
1.04	1	0.10400000000000001	507.3283411199198	2292.4743339805236	8.254532332482183	922.0111847040966	632.2449059285171	61.704206801116385	628.8979369113202	NaN
1.04	1	0.10400000000000001	507.4113861628984	2292.1536294257426	8.25682473625558	921.9482263527291	632.3314925322726	61.773988307595815	628.9893660240201	NaN
1.04	1	0.10400000000000001	507.4946268191488	2291.8313548690435	8.259104927409194	921.8843061372386	632.4166616207173	61.84200655765592	629.0720483587279	NaN
1.04	1	0.10400000000000001	507.57809261617166	2291.507433604334	8.261373591081513	921.8194014007795	632.5004443130797	61.907444325997055	629.1462760821835	NaN
1.04	1	0.10400000000000001	507.6618223225396	2291.1817520229465	8.26363163556005	921.7534812412113	632.5828785176653	61.9695456404354	629.2124392240602	NaN
1.04	1	0.10400000000000001	507.7458626121451	2290.8541645950963	8.265880146711195	921.6865071528407	632.6640068024448	62.027620839493515	629.271014848633	NaN
1.04	1	0.10400000000000001	507.8302663721625	2290.5245003701107	8.26812033458731	921.6184340401461	632.7438740937878	62.08105033113401	629.3225568973376	NaN
1.04	1	0.10400000000000001	507.9150906465908	2290.1925710307582	8.270353472523814	921.5492116320655	632.8225252384153	62.129287676146056	629.3676869323933	NaN
1.04	1	0.10400000000000001	508.00039414159403	2289.8581807909973	8.272580827362157	921.4787863803897	632.9000024059968	62.17186258813415	629.4070857726831	NaN
1.04	1	0.10400000000000001	508.0862342541839	2289.521138287178	8.274803580497503	921.4071039017646	632.9763423527143	62.208384436497376	629.4414858426808	NaN
1.04	1	0.10400000000000001	508.17266352158526	2289.181270861862	8.277022737908148	921.3341120803606	633.0515735176612	62.23854672507616	629.4716638239512	NaN
1.04	1	0.10400000000000001	508.2597256561851	2288.8384405833112	8.2792390343248	921.2597647263998	633.1257131660055	62.26213296455531	629.4984330950475	NaN
1.04	1	0.10400000000000001	508.34745123566074	2288.492561705378	8.281452834055527	921.1840257560025	633.1987646906796	62.27902399217524	629.5226351858475	NaN
1.04	1	0.10400000000000001	508.43585364547766	2288.1436171799974	8.283664044028582	921.1068733893173	633.2707155990181	62.28920648271845	629.5451295028391	NaN
1.04	1	0.10400000000000001	508.5249259272379	2287.7916715877705	8.285872054948326	921.028303768405	633.341536664734	62.29278170593156	629.5667805798455	NaN
1.04	1	0.10400000000000001	508.6146395186703	2287.436876521856	8.28807573337403	920.948333048646	633.4111828806052	62.28997292965443	629.5884424876755	NaN
1.04	1	0.10400000000000001	508.7049457204374	2287.07946504579	8.290273482014742	920.8669970796076	633.4795965841726	62.28112930037942	629.6109406339473	NaN
1.04	1	0.10400000000000001	508.79578010514234	2286.7197343118055	8.292463369017344	920.7843482969366	633.5467125501393	62.266724042101174	629.6350519542445	NaN
1.04	1	0.10400000000000001	508.88706953999247	2286.358017618203	8.294643313582212	920.7004499367087	633.6124644263178	62.247345575752696	629.6614852601864	NaN
1.04	1	0.10400000000000001	508.97874044421104	2285.994651395444	8.296811291052002	920.6153686935219	633.6767912181639	62.22368160680186	629.6908637206716	NaN
1.04	1	0.10400000000000001	509.0707266853862	2285.629943518205	8.298965518106325	920.5291672554346	633.7396425947927	62.196497789327395	629.7237111583231	NaN
1.04	1	0.10400000000000001	509.16297600722106	2285.2641474260517	8.30110459297229	920.4418978051467	633.8009823531405	62.16661348874774	629.7604431540009	NaN
1.04	1	0.10400000000000001	509.2554540477696	2284.897445866624	8.303227571497604	920.3535974974817	633.8607896487092	62.134877418721445	629.8013629051292	NaN
1.04	1	0.10400000000000001	509.34814618608914	2284.5299433736773	8.305333988387384	920.264285845548	633.9190584654923	62.10214520286546	629.846661251284	NaN
1.04	1	0.10400000000000001	509.44105745096545	2284.1616665759716	8.30742383239235	920.1739639293316	633.9757957525009	62.069260139263825	629.8964197539773	NaN
1.04	1	0.10400000000000001	509.5342111110153	2283.7925698771624	8.309497492335412	920.0826149376938	634.0310188365789	62.03703753283504	629.9506157306465	NaN
1.04	1	0.10400000000000001	509.62764638823245	2283.4225447325744	8.311555685811737	919.9902056825294	634.0847525241344	62.00625238814517	630.0091282172295	NaN
1.04	1	0.10400000000000001	509.72141565294606	2283.0514310735816	8.313599379736258	919.8966887740439	634.1370261899384	61.977629875153596	630.0717440805596	NaN
1.04	1	0.10400000000000001	509.8155813147378	2282.6790299954832	8.315629708164876	919.8020052645115	634.1878710214727	61.951837815080204	630.1381637639631	NaN
1.04	1	0.10400000000000001	509.9102125489628	2282.305117120952	8.31764789083323	919.706087628787	634.237317517885	61.92948039368499	630.2080064391407	NaN
1.04	1	0.10400000000000001	510.0053816794769	2281.9294573111188	8.31965514892212	919.6088632676841	634.2853931653847	61.91109241748682	630.2808144020178	NaN
1.04	1	0.10400000000000001	510.1011603659618	2281.5518200960178	8.321652621723088	919.5102583930307	634.3321203943161	61.89713341663324	630.3560570372682	NaN
1.04	1	0.10400000000000001	510.1976153162756	2281.171996881333	8.323641278863096	919.4102025893943	634.3775147066264	61.88798113516812	630.4331346008626	NaN
1.04	1	0.10400000000000001	510.29480366022943	2280.789819337259	8.32562183175016	919.3086339284762	634.4215830878973	61.88392404514915	630.5113825866374	NaN
1.04	1	0.10400000000000001	510.39276804694765	2280.4051786650316	8.327594646202302	919.2055045814728	634.4643227690427	61.88515284185719	630.5900775648377	NaN
1.04	1	0.10400000000000001	510.49153193382415	2280.0180438436514	8.329559666164535	919.1007864381255	634.5057205617525	61.891751264419504	630.6684457747206	NaN
1.04	1	0.10400000000000001	510.59109565006725	2279.6284765312926	8.331516359767903	918.9944760885982	634.545752972717	61.903687145003225	630.7456757270356	NaN
1.04	1	0.10400000000000001	510.69143439544035	2279.2366380807225	8.333463708951218	918.8865978658204	634.5843874381134	61.92080523368307	630.8209361053028	NaN
1.04	1	0.10400000000000001	510.79249901927835	2278.842785445908	8.335400255488818	918.7772039213431	634.6215847462546	61.942823839099475	630.8933992064406	NaN
1.04	1	0.10400000000000001	510.89422024123314	2278.447253561034	8.337324211006768	918.6663704638414	634.6573025378434	61.969337359649245	630.9622689802463	NaN
1.04	1	0.10400000000000001	510.99651613741753	2278.0504251130424	8.339233621580503	918.5541901817115	634.6914994135632	61.999826100416364	631.0268111236044	NaN
1.04	1	0.10400000000000001	511.0993016452784	2277.652692803695	8.341126558185659	918.4407620782694	634.7241388796918	62.03367336498311	631.0863814856732	NaN
1.04	1	0.10400000000000001	511.2024984739327	2277.2544205527615	8.343001300146476	918.3261804382147	634.7551924341151	62.07018830835571	631.1404491803956	NaN
1.04	1	0.10400000000000001	511.3060435576219	2276.855910935331	8.344856477600874	918.2105250198623	634.7846412524025	62.1086318480997	631.1886117819893	NaN
1.04	1	0.10400000000000001	511.40989527135565	2276.4573818327563	8.346691161806726	918.0938534504196	634.8124764662801	62.14824284779619	631.230602024699	NaN
1.04	1	0.10400000000000001	511.5140368698316	2276.0589542530147	8.348504897941943	917.9761965627741	634.8386981856504	62.188262139495485	631.2662867448918	NaN
1.04	1	0.10400000000000001	511.6184774647676	2275.660649937986	8.350297690706691	917.8575564567396	634.8633136707014	62.227952955345124	631.2956599582144	NaN
1.04	1	0.10400000000000001	511.72325114987086	2275.2623962542257	8.352069957318378	917.7379067031662	634.8863350697115	62.26661727996794	631.3188322266866	NaN
1.04	1	0.10400000000000001	511.82841461027436	2274.8640369278864	8.353822456719087	917.6171943825659	634.9077769951103	62.303608241000056	631.336018187266	NaN
1.04	1	0.10400000000000001	511.9340436824295	2274.4653467132766	8.35555620520327	917.495343476273	634.9276541817941	62.33833921674211	631.3475237816673	NaN
1.04	1	0.10400000000000001	512.0402289335793	2274.066049609809	8.357272381354502	917.3722595617988	634.9459793416758	62.370290505820584	631.3537341820642	NaN
1.04	1	0.10400000000000001	512.1470702363522	2273.6658405876046	8.358972221573781	917.247835866021	634.962761302904	62.39901453329348	631.3551029830418	NaN
1.04	1	0.10400000000000001	512.2546700103879	2273.264411895833	8.36065690285927	917.1219610833865	634.978003483751	62.42414052324626	631.3521428200867	NaN
1.04	1	0.10400000000000001	512.3631250956106	2272.861483884601	8.362327414712745	916.994529031707	634.9917028269984	62.445379588247235	631.3454172026937	NaN
1.04	1	0.10400000000000001	512.472516927939	2272.4568413267357	8.363984417820552	916.8654505622935	635.0038492960751	62.46253088922262	631.3355329395699	NaN
1.04	1	0.10400000000000001	512.5829007964974	2272.0503720822617	8.365628104322294	916.7346668327081	635.0144261736858	62.47548930422053	631.3231320750965	NaN
1.04	1	0.10400000000000001	512.6942955241702	2271.6421029666994	8.367258081154509	916.6021623429631	635.0234113502257	62.48425426321766	631.3088818091603	NaN
1.04	1	0.10400000000000001	512.806676404012	2271.2322224367153	8.368873316431495	916.467974298341	635.0307797113186	62.48893840176157	631.2934606441743	NaN
1.04	1	0.10400000000000001	512.9199747263539	2270.8210783204186	8.370472189816509	916.332194158946	635.0365064100558	62.48977341798823	631.2775394450513	NaN
1.04	1	0.10400000000000001	513.0340861873397	2270.409143152179	8.372052666231378	916.1949583937061	635.0405703791616	62.48710980189301	631.2617575309615	NaN
1.04	1	0.10400000000000001	513.1488875011146	2269.9969507759192	8.373612567151724	916.0564290005996	635.042957135777	62.48140778129354	631.2466960464048	NaN
1.04	1	0.10400000000000001	513.2642570587851	2269.58502029411	8.37514986908365	915.9167686392402	635.0436600428959	62.47321908389371	631.2328525680681	NaN
1.04	1	0.10400000000000001	513.3800940027218	2269.173788076262	8.376662948616824	915.776117182246	635.0426797382228	62.463161872227865	631.220620980572	NaN
1.04	1	0.10400000000000001	513.4963317061101	2268.7635619151906	8.378150726134313	915.6345746958501	635.040022072393	62.45189284284538	631.2102789983771	NaN
1.04	1	0.10400000000000001	513.6129443308685	2268.3545013009625	8.379612702212762	915.4921926782257	635.0356952410232	62.44008035329913	631.2019835081103	NaN
1.04	1	0.10400000000000001	513.7299476077801	2267.9466188814895	8.3810489135739	915.3489723582002	635.0297067783242	62.42838108305305	631.1957722523365	NaN
1.04	1	0.10400000000000001	513.8473955091102	2267.5397964827744	8.382459839182692	915.2048681454932	635.0220608796744	62.41742120557435	631.1915697794236	NaN
1.04	1	0.10400000000000001	513.9653744302492	2267.1338094896046	8.383846282800292	915.0597943215699	635.0127563096693	62.407781856753296	631.1891957061899	NaN
1.04	1	0.10400000000000001	514.0839958169033	2266.7283559641683	8.385209247072073	914.9136338443925	635.0017850219367	62.399988010575015	631.1883738634567	NaN
1.04	1	0.10400000000000001	514.2033875145377	2266.3230892642573	8.386549804907421	914.7662489255	634.9891315795195	62.394499581715884	631.188741517399	NaN
1.04	1	0.10400000000000001	514.323683593321	2265.917654713734	8.387868967692835	914.6174936734188	634.9747734976771	62.39170351821792	631.1898584734574	NaN
1.04	1	0.10400000000000001	514.4450122407873	2265.511731341484	8.389167548799556	914.4672292942982	634.9586826801257	62.39190573490521	631.1912164640563	NaN
1.04	1	0.10400000000000001	514.5674815815561	2265.1050787041463	8.390446024617571	914.3153420061471	634.9408281236191	62.39532200689277	631.1922498076007	NaN
1.04	1	0.10400000000000001	514.6911639296528	2264.6975866127436	8.39170440232122	914.161763009898	634.9211799743382	62.40206750412008	631.1923488340507	NaN
1.04	1	0.10400000000000001	514.8160809074992	2264.2893193662344	8.392942121502697	914.0064874427006	634.8997146212587	62.412145676070296	631.1908777863919	NaN
1.04	1	0.10400000000000001	514.942193948063	2263.8805398726063	8.39415803143524	913.849586614097	634.87641985702	62.42543875252217	631.1871983776944	NaN
1.04	1	0.10400000000000001	515.0694055217801	2263.4716974273215	8.395350483460605	913.691206770079	634.8512985011342	62.44170364398198	631.1806985106147	NaN
1.04	1	0.10400000000000001	515.1975744253365	2263.0633705994483	8.396517548121368	913.5315501330892	634.8243687783544	62.46057733687596	631.1708231136131	NaN
1.04	1	0.10400000000000001	515.326542637432	2262.6561759615092	8.397657308371686	913.3708412923913	634.7956607766283	62.48159383603779	631.1571020108578	NaN
1.04	1	0.10400000000000001	515.4561657462872	2262.2506701367092	8.398768139203773	913.2092889697362	634.7652099436216	62.504210929629565	631.1391698968994	NaN
1.04	1	0.10400000000000001	515.5863381787871	2261.8472732397026	8.39984889531495	913.0470542218787	634.7330496238839	62.52784194202646	631.1167759540433	NaN
1.04	1	0.10400000000000001	515.7170084071032	2261.4462276150166	8.400898978887952	912.884231226299	634.6992044681757	62.55188706145383	631.0897837382436	NaN
1.04	1	0.10400000000000001	515.8481840207265	2261.0475902590174	8.401918305971291	912.72084087261	634.6636856787165	62.57576042802777	631.0581639737688	NaN
1.04	1	0.10400000000000001	515.9799292237062	2260.651249173155	8.402907209624562	912.5568339907514	634.626488238989	62.59891142100051	631.0219834005944	NaN
1.04	1	0.10400000000000001	516.1123572554972	2260.256954625834	8.403866311715504	912.3921010791857	634.5875900004794	62.62084026948361	630.9813924758541	NaN
1.04	1	0.10400000000000001	516.2456194696075	2259.864359111363	8.404796384399788	912.2264863231316	634.5469524661158	62.64110912456536	630.9366139829523	NaN
1.04	1	0.10400000000000001	516.3798910162781	2259.4730653769734	8.405698206712799	912.0598059005949	634.5045235047763	62.659350042242465	630.887934115973	NaN
1.04	1	0.10400000000000001	516.5153526955505	2259.0826829212965	8.406572419420076	911.891871022803	634.4602423497122	62.67527151196826	630.835696865908	NaN
1.04	1	0.10400000000000001	516.6521678060866	2258.692895287506	8.407419377857837	911.7225170414803	634.414047518164	62.68866497901704	630.7803019567054	NaN
1.04	1	0.10400000000000001	516.7904544215683	2258.303535572619	8.408239014557303	911.5516379206823	634.3658878152257	62.69941252113543	630.7222051274471	NaN
1.04	1	0.10400000000000001	516.9302567898978	2257.914658555514	8.40903074088162	911.3792213165318	634.3157353496863	62.70749594636965	630.6619173312428	NaN
1.04	1	0.10400000000000001	517.0715253447738	2257.5265829660575	8.409793439715683	911.2053724260575	634.263596998581	62.71300590507194	630.5999964318328	NaN
1.04	1	0.10400000000000001	517.2141182296112	2257.1398709267155	8.410525597914406	911.0303108037449	634.2095186589183	62.71614724902191	630.5370240852357	NaN
1.04	1	0.10400000000000001	517.3578321721317	2256.755228959788	8.411225575306442	910.8543309415869	634.1535776063671	62.71723546776339	630.4735650750929	NaN
1.04	1	0.10400000000000001	517.5024543763371	2256.3733599961515	8.411891917886948	910.6777375173708	634.0958642910975	62.7166807907677	630.4101167609466	NaN
1.04	1	0.10400000000000001	517.6478147703697	2255.994825586381	8.412523589273569	910.5007811645836	634.0364608057075	62.714961441242	630.3470633405714	NaN
1.04	1	0.10400000000000001	517.7938208170237	2255.6199641973267	8.413120050545551	910.323616614158	633.9754237457383	62.71259176237443	630.284646697496	NaN
1.04	1	0.10400000000000001	517.9404705161913	2255.248872344024	8.413681205902718	910.1462882318906	633.9127747125939	62.710091433288575	630.222956278197	NaN
1.04	1	0.10400000000000001	518.0878488685707	2254.8814299515834	8.414207273143855	909.968736094713	633.8484976666755	62.707959559373215	630.1619336218155	NaN
1.04	1	0.10400000000000001	518.2361144720294	2254.5173493713655	8.41469863035423	909.7908141230556	633.7825411962782	62.706654597727415	630.1013857524346	NaN
1.04	1	0.10400000000000001	518.3854801599498	2254.1562360477114	8.41515566743895	909.6123152422098	633.7148244684455	62.70657920149546	630.0410033182777	NaN
1.04	1	0.10400000000000001	518.5361883071776	2253.7976577228715	8.4155786538897	909.4330025460322	633.645246838741	62.70806817003774	629.980381807706	NaN
1.04	1	0.10400000000000001	518.688479054345	2253.4412246987326	8.415967627087468	909.2526482259583	633.5737021547482	62.711377435050984	629.9190464064401	NaN
1.04	1	0.10400000000000001	518.8425498729126	2253.086682609596	8.41632230959061	909.0710816937371	633.5000987991523	62.716672269860986	629.8564823286154	NaN
1.04	1	0.10400000000000001	518.9985089063093	2252.7340094813717	8.416642075124416	908.8882434811131	633.4243846270781	62.7240139956308	629.7921720540338	NaN
1.04	1	0.10400000000000001	519.1563343603128	2252.383487800265	8.416925994759556	908.704230096574	633.3465708778338	62.733346957849065	629.7256372627127	NaN
1.04	1	0.10400000000000001	519.315863338691	2252.0357022583007	8.417172985619015	908.5193027738699	633.2667427702207	62.74449125949234	629.6564767361745	NaN
1.04	1	0.10400000000000001	519.4768310692349	2251.691427043305	8.417382033957374	908.3338372679232	633.1850444190931	62.75714889990009	629.5843875116587	NaN
1.04	1	0.10400000000000001	519.6389523841694	2251.351434470875	8.417552395861312	908.1482265637144	633.1016397763699	62.77092718812804	629.509163705673	NaN
1.04	1	0.10400000000000001	519.8020068706592	2251.016316433832	8.417683676550565	907.9627827868608	633.0166680356721	62.78537474624972	629.430680753725	NaN
1.04	1	0.10400000000000001	519.965892495652	2250.686390402569	8.417775769807228	907.7776786196699	632.9302124305547	62.80002011048716	629.3488777280577	NaN
1.04	1	0.10400000000000001	520.130640955769	2250.361694048412	8.417828714138418	907.5929344079848	632.842287857504	62.814404966283	629.263744329956	NaN
1.04	1	0.10400000000000001	520.2964062874122	2250.042035158668	8.417842532437042	907.4084361672823	632.7528429232646	62.8281090739403	629.1753132476173	NaN
1.04	1	0.10400000000000001	520.4634381768944	2249.7270675383597	8.417817096901793	907.2239703466738	632.6617712648659	62.840767516251695	629.0836577229903	NaN
1.04	1	0.10400000000000001	520.6320441778109	2249.4163806582555	8.417752040931482	907.0392697503839	632.5689303075376	62.852082438245056	628.9888957635912	NaN
1.04	1	0.10400000000000001	520.8025390016965	2249.1096029208193	8.417646735379588	906.8540717531528	632.474168726243	62.86183186362389	628.891203617431	NaN
1.04	1	0.10400000000000001	520.9751771878539	2248.8065208118364	8.417500351611352	906.6681916890574	632.3773649335204	62.86987800783766	628.7908402986127	NaN
1.04	1	0.10400000000000001	521.1500747720231	2248.507198864975	8.417312029621103	906.4816039536237	632.2784736910164	62.87617678552695	628.6881777035153	NaN
1.04	1	0.10400000000000001	521.3271473422105	2248.2120512649476	8.417081128138689	906.2945007390676	632.1775651803626	62.88078790056493	628.5837165661601	NaN
1.04	1	0.10400000000000001	521.5061153825268	2247.9217881725317	8.416807444556909	906.1072760855011	632.0748263221477	62.88388072658341	628.478055247093	NaN
1.04	1	0.10400000000000001	521.6866047288346	2247.63721473109	8.416491244001524	905.9204113814802	631.9705060327383	62.88572781029974	628.3717966864192	NaN
1.04	1	0.10400000000000001	521.868294451496	2247.3589855116834	8.416133048824992	905.7343185036414	631.8648298647682	62.88668144154241	628.2654298058071	NaN
1.04	1	0.10400000000000001	522.0510266344488	2247.087455289175	8.415733318436244	905.5492312147624	631.7579336955783	62.88713839070902	628.1592447063535	NaN
1.04	1	0.10400000000000001	522.2348434385989	2246.8226632179944	8.415292173734665	905.3651769404604	631.6498385525135	62.8875032159438	628.0533048256156	NaN
1.04	1	0.10400000000000001	522.419971352729	2246.5643997734082	8.414809227163138	905.1820037818919	631.540456818129	62.88815741456704	627.9474611273017	NaN
1.04	1	0.10400000000000001	522.6067781146166	2246.3123057810053	8.414283522417392	904.9994336792768	631.4296157624208	62.8894361328813	627.841388421926	NaN
1.04	1	0.10400000000000001	522.795710808348	2246.0659840488306	8.413713593761402	904.8171311445432	631.3170936236052	62.89161059929703	627.7346350750557	NaN
1.04	1	0.10400000000000001	522.9872093822705	2245.825124778347	8.413097686277542	904.6347911416112	631.2026716639798	62.89487305622936	627.6266878893521	NaN
1.04	1	0.10400000000000001	523.1815870745672	2245.5896467431808	8.412434196512834	904.4522514345553	631.0862072166128	62.89932118230645	627.5170581409578	NaN
1.04	1	0.10400000000000001	523.3788960452681	2245.3598218971274	8.411722306202604	904.269608818492	630.9677165055454	62.904941708762614	627.4053819850371	NaN
1.04	1	0.10400000000000001	523.5788569894565	2245.136291356256	8.410962515864792	904.0872655599035	630.8474191691689	62.911599558331424	627.2914942263162	NaN
1.04	1	0.10400000000000001	523.7809588177983	2244.9198822736794	8.410156551775568	903.9058169948078	630.7256793802551	62.91904530728716	627.1754128306283	NaN
1.04	1	0.10400000000000001	523.9847072911898	2244.7113035926936	8.409306509484166	903.7258158283828	630.6028554124537	62.92694751771353	627.0572341024606	NaN
1.04	1	0.10400000000000001	524.1898411218397	2244.510943664355	8.408413859091933	903.5475856942215	630.4791677192387	62.93493850179579	626.9370295037609	NaN
1.04	1	0.10400000000000001	524.3964040106117	2244.318859737827	8.407478889669013	903.37117628728	630.3546543126728	62.94265629054285	626.8148066329027	NaN
1.04	1	0.10400000000000001	524.6047090138372	2244.1348798830118	8.406500611484738	903.1964154234646	630.2291923242769	62.9497752994306	626.6905207168928	NaN
1.04	1	0.10400000000000001	524.8152507056274	2243.958736806033	8.405476972642242	903.0230014616855	630.1025521683891	62.95602663769922	626.5641121049129	NaN
1.04	1	0.10400000000000001	525.0285785008518	2243.7902066759693	8.40440537570294	902.8506195834384	629.9744756050659	62.96121190300112	626.4355661677283	NaN
1.04	1	0.10400000000000001	525.2451197961915	2243.629248833769	8.403283587218668	902.679086100429	629.8447834948774	62.96521468386753	626.3050022273708	NaN
1.04	1	0.10400000000000001	525.4649708251831	2243.476117790964	8.402110985575959	902.5085005193906	629.7135010529792	62.96801282145502	626.1727761223303	NaN
1.04	1	0.10400000000000001	525.6877792764938	2243.33135873484	8.400889476204695	902.3393071503878	629.5809251619228	62.9696897129701	626.0395154061376	NaN
1.04	1	0.10400000000000001	525.9129054028429	2243.195608550994	8.39962289803267	902.1721387902315	629.4475234999093	62.97043421841062	625.905976439238	NaN
1.04	1	0.10400000000000001	526.1398108338965	2243.0693215836345	8.398314934944295	902.0075121269297	629.3137002985137	62.97051752294152	625.7727706769836	NaN
1.04	1	0.10400000000000001	526.3683473498687	2242.952653527208	8.39696729356508	901.8456329345387	629.179626868121	62.97025150762997	625.6401738399378	NaN
1.04	1	0.10400000000000001	526.5988072847589	2242.845529641308	8.395579123628483	901.6863946391071	629.045217474294	62.96994576873122	625.5081005102481	NaN
1.04	1	0.10400000000000001	526.8318382608765	2242.747778350572	8.394147277863818	901.5294734303512	628.9101866497069	62.969873936552176	625.3761721189404	NaN
1.04	1	0.10400000000000001	527.0682930668979	2242.6592625903145	8.392667076574742	901.3744574842974	628.7741436846699	62.97024965789897	625.2438261926739	NaN
1.04	1	0.10400000000000001	527.3089972798543	2242.5799951455283	8.391133726130485	901.2210129369855	628.6367316005914	62.97120793540852	625.1104701546343	NaN
1.04	1	0.10400000000000001	527.5543937507069	2242.5102237594706	8.389544700165006	901.0691002392961	628.4978297559628	62.97278741363289	624.9757000066547	NaN
1.04	1	0.10400000000000001	527.804183330318	2242.45042143834	8.387902351771624	900.9191524126068	628.3577469791429	62.97491498676866	624.8395196096069	NaN
1.04	1	0.10400000000000001	528.057405755017	2242.401104915826	8.386213736182144	900.7719584448291	628.2171569533492	62.97740704971982	624.7023234780382	NaN
1.04	1	0.10400000000000001	528.3131479924274	2242.3625973926396	8.384486058288102	900.6282067800103	628.0766897573726	62.980002440523066	624.5645455171989	NaN
1.04	1	0.10400000000000001	528.5711407262611	2242.3349917237556	8.382722491522628	900.4881698837552	627.9366079055073	62.982413518533704	624.4263673473414	NaN
1.04	1	0.10400000000000001	528.8317902129031	2242.318291445273	8.380921668202951	900.3517491833044	627.7968079634668	62.98437008737596	624.2877184162237	NaN
1.04	1	0.10400000000000001	529.0959326435826	2242.312554238958	8.379079167955219	900.2186620049124	627.6569726717192	62.985649650195505	624.1484098999732	NaN
1.04	1	0.10400000000000001	529.3644533604585	2242.317962803468	8.377190113008409	900.0886648526094	627.5167855765826	62.98609898102548	624.0083263123726	NaN
1.04	1	0.10400000000000001	529.6377652393345	2242.334787130818	8.375252922481058	899.9617962375129	627.3762019836191	62.98565397101853	623.8676704205644	NaN
1.04	1	0.10400000000000001	529.9153679593841	2242.3632289620887	8.373272626993506	899.8385213083814	627.235653782023	62.98435848281495	623.7271333414118	NaN
1.04	1	0.10400000000000001	530.1961443096721	2242.403283858394	8.37125892742418	899.7195164332302	627.095865041806	62.982365482341955	623.5876633754807	NaN
1.04	1	0.10400000000000001	530.4793810264996	2242.4548290949824	8.369218874289247	899.6052037947447	626.9573276751244	62.97990123741609	623.4498981502198	NaN
1.04	1	0.10400000000000001	530.765344972425	2242.5178475548105	8.367152572851186	899.4955766157008	626.8200422659734	62.9772097541447	623.3138860194025	NaN
1.04	1	0.10400000000000001	531.0551794592984	2242.592586866216	8.365053819780108	899.3903346408453	626.6836105064066	62.97450659832332	623.1791822262735	NaN
1.04	1	0.10400000000000001	531.3505643036965	2242.6796091464566	8.362912567632158	899.2890858589096	626.5474339076324	62.971948789991295	623.0450621738668	NaN
1.04	1	0.10400000000000001	531.6531157991003	2242.779667812885	8.360719368876303	899.1915890984138	626.4110124031104	62.969616676968414	622.9108370034832	NaN
1.04	1	0.10400000000000001	531.9633263705709	2242.8932765976883	8.358473175100146	899.0980578342939	626.2744083172666	62.96750345196897	622.7763382211086	NaN
1.04	1	0.10400000000000001	532.2797072761131	2243.0201440260107	8.356187538929609	899.0092753754033	626.1385530628618	62.965512190412916	622.6422648613542	NaN
1.04	1	0.10400000000000001	532.6002227231368	2243.1594827633935	8.35388006241848	898.9260283544033	626.0045428430802	62.96346709903137	622.5095477701959	NaN
1.04	1	0.10400000000000001	532.9244248670342	2243.310967392281	8.351556905631174	898.8485607572652	625.8727453662967	62.961150948754806	622.3785025483921	NaN
1.04	1	0.10400000000000001	533.2533199874014	2243.474933357723	8.349213924929137	898.7767668121612	625.7429407204769	62.958356570902936	622.2489654044784	NaN
1.04	1	0.10400000000000001	533.5883419188809	2243.652038689944	8.346844258586666	898.710532429671	625.6147952707498	62.95493115900747	622.1207416122174	NaN
1.04	1	0.10400000000000001	533.9299910102729	2243.8425338774387	8.344448044436959	898.6500045358401	625.4883860269841	62.95081791039803	621.9940984954559	NaN
1.04	1	0.10400000000000001	534.2769169856786	2244.0455680177865	8.342038534776497	898.5956280585306	625.3644654451426	62.946087483358156	621.8699876074462	NaN
1.04	1	0.10400000000000001	534.6274290611032	2244.259886733198	8.339631067901651	898.547766432278	625.2438300387546	62.94091013690992	621.7493576833293	NaN
1.04	1	0.10400000000000001	534.9817866173776	2244.485295114474	8.337227356412154	898.50642569987	625.1265510500032	62.93547428868154	621.6323449097732	NaN
1.04	1	0.10400000000000001	535.3422249334568	2244.7229193596722	8.334816117727872	898.471446413512	625.0120942194749	62.929928295814264	621.5183870191394	NaN
1.04	1	0.10400000000000001	535.7121247059401	2244.9748359583737	8.332379562813951	898.4427491260722	624.8997021477779	62.92435233775524	621.4066203559361	NaN
1.04	1	0.10400000000000001	536.0943206500064	2245.242949102765	8.329905107258528	898.4205218157049	624.7889587740912	62.91875708262955	621.2964665006087	NaN
1.04	1	0.10400000000000001	536.4877259299533	2245.526428220494	8.327406565587271	898.4052602606876	624.6806642237204	62.91311518662364	621.1885430347533	NaN
1.04	1	0.10400000000000001	536.8877515751889	2245.821646149594	8.324919131128512	898.3973819583898	624.5764427195329	62.9073639753147	621.08434013333	NaN
1.04	1	0.10400000000000001	537.2933308993137	2246.127279933974	8.322454513958347	898.3969584799111	624.4768013171046	62.90135842471018	620.9843342442138	NaN
1.04	1	0.10400000000000001	537.7063606933903	2246.444188523342	8.320006506156297	898.4040360651268	624.3815118578401	62.89493969314292	620.8883628521983	NaN
1.04	1	0.10400000000000001	538.1279368880753	2246.7726426749937	8.317574685013305	898.4187349082777	624.2906160078214	62.88803432507666	620.7966004212474	NaN
1.04	1	0.10400000000000001	538.5559805399816	2247.110370905684	8.315176957214307	898.4410273019073	624.2048224669112	62.880718382833905	620.7099128891297	NaN
1.04	1	0.10400000000000001	538.9883427878007	2247.454914052127	8.312830213273996	898.4707094520584	624.1247126706346	62.87315402167779	620.6289971963766	NaN
1.04	1	0.10400000000000001	539.4270932352047	2247.8071197072427	8.310527986283374	898.5078045650968	624.0500372899389	62.86546060692906	620.5536296527974	NaN
1.04	1	0.10400000000000001	539.8771144509248	2248.1701127784636	8.308251286112887	898.5527410731851	623.9802408190757	62.857683901467865	620.4831934245382	NaN
1.04	1	0.10400000000000001	540.3430017395984	2248.5467609733482	8.305986302819026	898.6061649862005	623.9150837589896	62.849814757082505	620.4173291167864	NaN
1.04	1	0.10400000000000001	540.8226283578523	2248.9343822159735	8.3037537608209	898.6680165673871	623.8553737381084	62.8418765483108	620.3567201341968	NaN
1.04	1	0.10400000000000001	541.3091391866319	2249.3263680793557	8.301593252699002	898.737348521553	623.8022441493591	62.83390015296761	620.302436812153	NaN
1.04	1	0.10400000000000001	541.802974107236	2249.721964351376	8.299508337621962	898.8139865241202	623.755754236625	62.82578454997529	620.2545496922204	NaN
1.04	1	0.10400000000000001	542.3058818336403	2250.1214074355144	8.297497659352658	898.8979699553271	623.7158700724568	62.817456266176094	620.2131036344321	NaN
1.04	1	0.10400000000000001	542.8159784607733	2250.521999858218	8.295574497657595	898.9887125599951	623.6828412266569	62.80897995121844	620.1784634890286	NaN
1.04	1	0.10400000000000001	543.3310892418	2250.920865707632	8.293751126138552	899.0854579438504	623.6567931948424	62.80048994773255	620.1508398854256	NaN
1.04	1	0.10400000000000001	543.8539776211163	2251.318959116753	8.292021711493554	899.188337241348	623.6375569537616	62.792056949766106	620.1300675253812	NaN
1.04	1	0.10400000000000001	544.3883904648742	2251.717799667527	8.290379743306667	899.29775245862	623.6250695351941	62.783708342397404	620.1160237557043	NaN
1.04	1	0.10400000000000001	544.9334574287334	2252.115302668342	8.288834440919272	899.4131795637452	623.6194478887917	62.77548749482573	620.1087536695013	NaN
1.04	1	0.10400000000000001	545.4848747563841	2252.507003673359	8.287402308678491	899.5332662175131	623.6206957308563	62.767431684625436	620.1082235589381	NaN
1.04	1	0.10400000000000001	546.0431393134858	2252.8920437537104	8.28608455245349	899.6576174918457	623.6286699268895	62.759489086162326	620.1142937627629	NaN
1.04	1	0.10400000000000001	546.6100770086543	2253.2704182482416	8.284879709376792	899.7861323147791	623.6432642103903	62.751620000226346	620.1269048038805	NaN
1.04	1	0.10400000000000001	547.1845675826532	2253.640114039054	8.283792755727948	899.9180305703057	623.6642981541479	62.74387610076764	620.1459468060743	NaN
1.04	1	0.10400000000000001	547.7650398507251	2253.9989840240723	8.282827803603341	900.0523960690134	623.6914892192498	62.73634860193363	620.1711836505281	NaN
1.04	1	0.10400000000000001	548.3522434237428	2254.3464332707335	8.281983947217086	900.1888343928471	623.724608895055	62.72909693805387	620.2023820022806	NaN
1.04	1	0.10400000000000001	548.9461396605577	2254.6814066087345	8.281261305033535	900.3267636400994	623.7633775376016	62.72215997742417	620.2392304868397	NaN
1.04	1	0.10400000000000001	549.5457625432442	2255.0024292314106	8.28066026625399	900.4653842741926	623.8074189149283	62.71554862667524	620.2813257512626	NaN
1.04	1	0.10400000000000001	550.1523964361829	2255.3093114747103	8.2801783417962	900.604418192614	623.8564972232725	62.70923012746258	620.3284246626638	NaN
1.04	1	0.10400000000000001	550.7685944672048	2255.6023650085813	8.279812944493289	900.7438626179933	623.9105083885455	62.703172222803325	620.3804417244123	NaN
1.04	1	0.10400000000000001	551.3947486162135	2255.8807297451617	8.279563556079353	900.8831997139777	623.9691778428831	62.69739374661957	620.4371401868847	NaN
1.04	1	0.10400000000000001	552.0290452389663	2256.1426927119214	8.279429560256007	901.02142366203	624.0319858879317	62.69195320412503	620.4980327035273	NaN
1.04	1	0.10400000000000001	552.6702276010452	2256.387057622159	8.279408430838181	901.1576848957264	624.0984121359489	62.68689928145465	620.5626045540604	NaN
1.04	1	0.10400000000000001	553.3179650019899	2256.6131889526537	8.27949644087831	901.2913648445982	624.1680011809875	62.68225122960062	620.6303871969636	NaN
1.04	1	0.10400000000000001	553.9734843027303	2256.8210584777107	8.279689750610634	901.4221788547299	624.2404576320066	62.6779964789475	620.7010714166527	NaN
1.04	1	0.10400000000000001	554.6400404836097	2257.011126601317	8.279985827894814	901.5502095140292	624.3157203489342	62.67410695839043	620.7745939575885	NaN
1.04	1	0.10400000000000001	555.3205253215712	2257.1834580810932	8.280383156762694	901.6753876711844	624.393694355095	62.67057282909164	620.8508741211679	NaN
1.04	1	0.10400000000000001	556.0145323698673	2257.337187828463	8.28087842860284	901.7969931336738	624.4738900381783	62.66741870951327	620.9294462088016	NaN
1.04	1	0.10400000000000001	556.7193719231693	2257.471231027203	8.281465278286591	901.9139657305504	624.5555253000764	62.66468053739926	621.0095445649757	NaN
1.04	1	0.10400000000000001	557.4338540143254	2257.5851841171216	8.282136929208477	902.0255998294418	624.6379760970566	62.662373269572804	621.0905445811371	NaN
1.04	1	0.10400000000000001	558.159831619796	2257.679266571638	8.2828888811995	902.1317012529255	624.7209633167325	62.66048712749025	621.1721588517203	NaN
1.04	1	0.10400000000000001	558.9018195212786	2257.753845367514	8.283719842511523	902.2323850519444	624.8044908816751	62.659004481112795	621.2543880585342	NaN
1.04	1	0.10400000000000001	559.6637835799173	2257.808898065909	8.284628515061009	902.3275459826483	624.8884534847709	62.657921117281845	621.3371354493459	NaN
1.04	1	0.10400000000000001	560.4445279830294	2257.8439898963998	8.285607059336424	902.4163843913401	624.9721365669836	62.657250063008995	621.4197039736631	NaN
1.04	1	0.10400000000000001	561.2392458037916	2257.8589966603927	8.28664162265427	902.497851092663	625.054457532131	62.657000414696306	621.5010235574579	NaN
1.04	1	0.10400000000000001	562.0468299076949	2257.8544005970834	8.287721902088519	902.5714891397562	625.1347705760213	62.65716310510364	621.5804473166025	NaN
1.04	1	0.10400000000000001	562.8705438748902	2257.8307790990775	8.288843068717897	902.6372814129612	625.2128697344577	62.65772116090475	621.6577651714355	NaN
1.04	1	0.10400000000000001	563.7135430371459	2257.7886037720136	8.289999957386396	902.6951273399435	625.2884940985954	62.658660302121596	621.7327194433987	NaN
1.04	1	0.10400000000000001	564.5726233791894	2257.728794785773	8.291178237086674	902.7445325907385	625.3608154941949	62.659961891167825	621.8044916700967	NaN
1.04	1	0.10400000000000001	565.4404034444682	2257.653097980217	8.292357686660452	902.7850531730526	625.4287912492237	62.66159270198865	621.8720435988772	NaN
1.04	1	0.10400000000000001	566.314007310109	2257.5633606088804	8.293524748374065	902.8167728791756	625.4919106417121	62.66351487067576	621.9348587145194	NaN
1.04	1	0.10400000000000001	567.1936935299318	2257.461250947638	8.294670762431794	902.8400205305111	625.549983388003	62.66569105998292	621.9927393767023	NaN
1.04	1	0.10400000000000001	568.0786368053045	2257.348580079679	8.295786345171127	902.8551548534439	625.6028047916233	62.66808151711111	622.0454762804798	NaN
1.04	1	0.10400000000000001	568.9658867963609	2257.227482651604	8.296860471451213	902.8626017980423	625.6501369354592	62.670642467691636	622.0928263223958	NaN
1.04	1	0.10400000000000001	569.8531625486567	2257.1000420802047	8.297884340450267	902.8629158337926	625.6918961124198	62.67333208834294	622.1346969901426	NaN
1.04	1	0.10400000000000001	570.7404383009524	2256.9679682631554	8.29885301201027	902.8567134341653	625.7281863872618	62.67611487180665	622.1711818925811	NaN
1.04	1	0.10400000000000001	571.6277140532483	2256.8328614680904	8.299762501144068	902.8446169166114	625.7591537121007	62.67895645015272	622.2024174966351	NaN
1.04	1	0.10400000000000001	572.5150723972774	2256.6961977057344	8.300609778365775	902.8272461504788	625.7849818057407	62.68182569864004	622.2285794055954	NaN
1.04	1	0.10400000000000001	573.4025322089835	2256.5593476418226	8.301392567778937	902.8052149277343	625.8058821223839	62.68469477358012	622.2498709881894	NaN
1.04	1	0.10400000000000001	574.2904314220301	2256.4235165177947	8.302109613486833	902.7791157824546	625.8220971315379	62.68753931585632	622.2665261396104	NaN
1.04	1	0.10400000000000001	575.1795311601154	2256.289732568215	8.302760578089822	902.7495062282853	625.8338893522871	62.69033794902094	622.2787991169943	NaN
1.04	1	0.10400000000000001	576.0707155959461	2256.158902869706	8.303345642841217	902.7169120291211	625.8415267012343	62.69307151917793	622.2869505742317	NaN
1.04	1	0.10400000000000001	576.9648673173647	2256.0318417614403	8.303865345639101	902.681831777439	625.8452781553303	62.69572317740275	622.2912430391716	NaN
1.04	1	0.10400000000000001	577.8629259864981	2255.9092709969937	8.304320570285144	902.6447361905396	625.8454129493466	62.69827837150468	622.2919395378716	NaN
1.04	1	0.10400000000000001	578.7659590632783	2255.791819574507	8.304712523223214	902.606066346554	625.8421987430479	62.70072437267176	622.2893016146044	NaN
1.04	1	0.10400000000000001	579.6751277529934	2255.680038624582	8.30504265503598	902.5662365311126	625.8358998290344	62.70304977176475	622.2835878314959	NaN
1.04	1	0.10400000000000001	580.5916586416417	2255.5744138650725	8.30531260845218	902.5256375856354	625.8267766683293	62.70524447899567	622.2750535087462	NaN
1.04	1	0.10400000000000001	581.5168741883116	2255.4753697948913	8.305524199254092	902.4846379159359	625.8150856067944	62.707299875788976	622.2639502829267	NaN
1.04	1	0.10400000000000001	582.4522228988816	2255.383274365931	8.30567939485377	902.4435846097847	625.801078552752	62.70920862123179	622.2505255274662	NaN
1.04	1	0.10400000000000001	583.3992602860875	2255.298448327062	8.305780288561511	902.4028068916348	625.7850036375862	62.710964248715776	622.2350229784605	NaN
1.04	1	0.10400000000000001	584.3596436583856	2255.2211712172434	8.305829091662101	902.3626189436226	625.7671062871959	62.71256103983865	622.2176839469681	NaN
1.04	1	0.10400000000000001	585.3351966380162	2255.1516808964357	8.30582813518372	902.3233197635476	625.7476292224196	62.71399418800475	622.198747367999	NaN
1.04	1	0.10400000000000001	586.3279757268905	2255.0901748513	8.305779862859023	902.285193405838	625.7268122925126	62.71525981790664	622.1784495089044	NaN
1.04	1	0.10400000000000001	587.3402556264743	2255.036817184457	8.305686829180845	902.2485127920879	625.7048942819582	62.716354738211486	622.1570256567336	NaN
1.04	1	0.10400000000000001	588.3744895823271	2254.9917434484128	8.305551720668253	902.2135439420233	625.6821158678504	62.71727628452173	622.1347130958445	NaN
1.04	1	0.10400000000000001	589.4333628289578	2254.9550578561143	8.30537738240235	902.1805462731448	625.6587208472522	62.718022446126014	622.111752398575	NaN
1.04	1	0.10400000000000001	590.5198327159648	2254.9268306509066	8.305166848964593	902.1497733018958	625.6349577425115	62.71859197595946	622.0883889745841	NaN
1.04	1	0.10400000000000001	591.6369402968345	2254.90709722302	8.304923434391585	902.1214784913067	625.6110863474491	62.71898436641455	622.0648794930518	NaN
1.04	1	0.10400000000000001	592.7874105286778	2254.8958460263816	8.304650904781385	902.0959206021693	625.5873873824642	62.7192000667122	622.0415015209189	NaN
1.04	1	0.10400000000000001	593.973084796744	2254.892986835244	8.30435371440295	902.0733624232428	625.564171453145	62.719241191086255	622.0185625643726	NaN
1.04	1	0.10400000000000001	595.1940713730385	2254.8982968233577	8.304037292703288	902.054060573526	625.5417856613208	62.719112675146945	621.9964068179047	NaN
1.04	1	0.10400000000000001	596.4475694997027	2254.911343225599	8.303708328178683	902.0382418716459	625.5206134497198	62.71882385208234	621.9754153434512	NaN
1.04	1	0.10400000000000001	597.7276208841205	2254.931412020561	8.303374627763523	902.0260531984845	625.5010441179082	62.7183899060347	621.9559762923249	NaN
1.04	1	0.10400000000000001	599.0267803084805	2254.9575163042873	8.303044267823148	902.0175064260409	625.4834111547314	62.71783167784864	621.9384239033802	NaN
1.04	1	0.10400000000000001	600.3382958739099	2254.9884976480266	8.302724577356432	902.0124640018033	625.4679438633484	62.7171735063674	621.922990188709	NaN
1.04	1	0.10400000000000001	601.6571175543224	2255.0231476736253	8.30242158206902	902.0106684084662	625.4547593770586	62.7164406717298	621.9097964922138	NaN
1.04	1	0.10400000000000001	602.9802554726721	2255.0603077346163	8.302139823002037	902.0117856454134	625.4438767999235	62.71565734167472	621.8988670221169	NaN
1.04	1	0.10400000000000001	604.3063739552844	2255.0989202882756	8.301882509324798	902.0154449815504	625.4352430586702	62.714845523652755	621.8901541619488	NaN
1.04	1	0.10400000000000001	605.6354042912357	2255.138050956462	8.301651732845865	902.0212665087244	625.4287552241274	62.71402461349584	621.8835604378497	NaN
1.04	1	0.10400000000000001	606.9682360081804	2255.176892333737	8.301448684097537	902.0288785029747	625.4242778562165	62.71321133368674	621.8789556555462	NaN
1.04	1	0.10400000000000001	608.306499252801	2255.21475789519	8.3012738430936	902.037927414461	625.4216556769584	62.71241987367543	621.8761894532807	NaN
1.04	1	0.10400000000000001	609.6524059345637	2255.251070695154	8.301127139555273	902.0480827680918	625.4207224892561	62.7116621284888	621.8751001697295	NaN
1.04	1	0.10400000000000001	611.0086671099365	2255.285350947807	8.301008078163672	902.0590389710516	625.4213071483795	62.710947962942654	621.8755208078536	NaN
1.04	1	0.10400000000000001	612.3784552051773	2255.3172036354435	8.30091583608728	902.0705151845981	625.4232374525252	62.71028547516956	621.877282936988	NaN
1.04	1	0.10400000000000001	613.7654083294015	2255.34630715636	8.300849336648607	902.0822541032654	625.4263425259902	62.7096812335673	621.8802190997748	NaN
1.04	1	0.10400000000000001	615.1736743996503	2255.372403397891	8.300807303607048	902.0940201741972	625.4304541398551	62.709140484578924	621.884164164808	NaN
1.04	1	0.10400000000000001	616.6079927815007	2255.395289259363	8.300788299996091	902.1055975477615	625.435407273763	62.70866733097382	621.8889559206622	NaN
1.04	1	0.10400000000000001	618.0738121323466	2255.414809535578	8.300790754172903	902.1167878960107	625.4410400940184	62.70826487954114	621.8944350861528	NaN
1.04	1	0.10400000000000001	619.5774559029862	2255.43085123199	8.300812974460895	902.1274082361629	625.4471934717079	62.70793535902145	621.9004448606445	NaN
1.04	1	0.10400000000000001	621.1262798052428	2255.443338852269	8.300853151101498	902.1372884091496	625.4537098155558	62.70768021795894	621.9068297916705	NaN
1.04	1	0.10400000000000001	622.7286293218142	2255.4522310149277	8.300909333241291	902.1462675491605	625.4604303927939	62.707500192758104	621.9134331414261	NaN
1.04	1	0.10400000000000001	624.3935051106929	2255.457522661324	8.300979365652875	902.1541908711198	625.467191172926	62.70739525832645	621.920092767946	NaN
1.04	1	0.10400000000000001	626.1288331405639	2255.4592575567963	8.301060732454323	902.1609057125127	625.473814527725	62.7073643610784	621.9266328618759	NaN
1.04	1	0.10400000000000001	627.9371022925786	2255.4575691428963	8.301150256485844	902.1662634029785	625.480097953836	62.70740455810485	621.9328526096118	NaN
1.04	1	0.10400000000000001	629.809037908306	2255.452762201512	8.301243790062786	902.1701435627973	625.4858135368507	62.70750931443007	621.9385252885976	NaN
1.04	1	0.10400000000000001	631.7245375547459	2255.4453731283256	8.301336551988872	902.1725118862828	625.4907502088653	62.70766728008995	621.9434397675794	NaN
1.04	1	0.10400000000000001	633.6653284036033	2255.4360919829646	8.301424264385098	902.1734562887748	625.4947777751971	62.70786396603405	621.9474641634667	NaN
1.04	1	0.10400000000000001	635.6217563515058	2255.425622006104	8.301503806513823	902.1731537063635	625.4978570405449	62.70808468083042	621.9505564974224	NaN
1.04	1	0.10400000000000001	637.590740107737	2255.4146007657396	8.301573150580307	902.1718210618271	625.5000129556006	62.70831615310729	621.9527385088955	NaN
1.04	1	0.10400000000000001	639.5735759991189	2255.4035706773902	8.30163115449263	902.1696840132914	625.5013107490958	62.7085471271556	621.9540721944081	NaN
1.04	1	0.10400000000000001	641.5745322025109	2255.3929749051417	8.301677355775876	902.1669601096249	625.501839230431	62.70876843508256	621.9546433188486	NaN
1.04	1	0.10400000000000001	643.6002019210212	2255.38316376485	8.301711803265114	902.1638505371906	625.5016998745017	62.70897285465824	621.9545505949998	NaN
1.04	1	0.10400000000000001	645.6592917039084	2255.374405340251	8.301734924687299	902.1605367752029	625.5009997911109	62.709154882408065	621.9538986841212	NaN
1.04	1	0.10400000000000001	647.7627509741525	2255.36689690492	8.301747426778707	902.1571800002552	625.4998473750379	62.709310492044615	621.9527938430217	NaN
1.04	1	0.10400000000000001	649.9242240339211	2255.360775580329	8.301750222737072	902.1539219872728	625.4983498061066	62.70943691029809	621.9513414035924	NaN
1.04	1	0.10400000000000001	652.160837437156	2255.356127614426	8.301744382692656	902.1508868550438	625.4966119016302	62.70953242256706	621.9496445956802	NaN
1.04	1	0.10400000000000001	654.4938834014774	2255.3529963067863	8.301731109307	902.148183819506	625.4947364874304	62.70959620800919	621.9478048774887	NaN
1.04	1	0.10400000000000001	656.9488439261632	2255.3513856994973	8.30171175249637	902.1459103152185	625.4928265392385	62.709628264294366	621.9459240356761	NaN
1.04	1	0.10400000000000001	659.5488776566078	2255.351253504332	8.30168792328065	902.144156028816	625.4909917988526	62.70962956031675	621.9441107587646	NaN
1.04	1	0.10400000000000001	662.2889540112922	2255.3524647428108	8.30166180189757	902.1429984511386	625.4893590820575	62.709603010845704	621.9424910407334	NaN
1.04	1	0.10400000000000001	665.11332117024	2255.3547109985066	8.3016361828402	902.1424604766189	625.4880531409569	62.70955514462944	621.941189631628	NaN
1.04	1	0.10400000000000001	667.9791490226692	2255.3575768043424	8.301613360927938	902.1424693575193	625.4871311520807	62.709494668302945	621.9402649655761	NaN
1.04	1	0.10400000000000001	670.880932599604	2255.3606790850254	8.30159465721237	902.1429019921844	625.4865858668492	62.70942956197437	621.9397116352164	NaN
1.04	1	0.10400000000000001	673.8262376167628	2255.363704750295	8.301580703298473	902.1436261844093	625.4863775545215	62.70936632094604	621.9394917989476	NaN
1.04	1	0.10400000000000001	676.833178706016	2255.366419596661	8.30157160847095	902.1445174473911	625.4864490949884	62.70930978214682	621.9395500612832	NaN
1.04	1	0.10400000000000001	679.9276863079554	2255.368660158044	8.301567118850814	902.1454656219187	625.4867357114335	62.709263301774364	621.9398231322958	NaN
1.04	1	0.10400000000000001	683.1462326100791	2255.370324726081	8.301566723868984	902.1463773126646	625.4871704967657	62.709228946880636	621.9402453324574	NaN
1.04	1	0.10400000000000001	686.5396449216012	2255.371362956562	8.30156973436609	902.1471755266857	625.487687404987	62.70920771442735	621.9407515977146	NaN
1.04	1	0.10400000000000001	690.1769450221348	2255.3717680564646	8.301575317718614	902.1477977395567	625.4882217207736	62.70919969453769	621.9412779796025	NaN
1.04	1	0.10400000000000001	694.1159567596994	2255.3715813154035	8.301582421416013	902.1481930662698	625.4887055584437	62.7092039724453	621.9417571745713	NaN
1.04	1	0.10400000000000001	698.2531397309831	2255.370947795293	8.301589528115157	902.1483364286041	625.4890649248343	62.70921746520841	621.9421153645532	NaN
1.04	1	0.10400000000000001	702.4534039937149	2255.3701098034953	8.301595310889924	902.1482710590827	625.4892673350822	62.709235095660176	621.9423193214292	NaN
1.04	1	0.10400000000000001	706.7599173194512	2255.3692663393495	8.30159924785695	902.1480724923872	625.4893289558265	62.709252728174356	621.9423841143737	NaN
1.04	1	0.10400000000000001	711.2154439052565	2255.3685619106022	8.301601225415391	902.1478142858049	625.4892815490076	62.709267375505426	621.942340480774	NaN
1.04	1	0.10400000000000001	715.9133400835252	2255.368079547253	8.301601454364109	902.1475581630916	625.4891641930684	62.709277337839985	621.9422266736184	NaN
1.04	1	0.10400000000000001	720.9902160204153	2255.3678539219104	8.301600339031742	902.1473521951108	625.4890170709833	62.70928192433806	621.9420822599012	NaN
1.04	1	0.10400000000000001	726.6451543947619	2255.3678764023925	8.301598431733533	902.1472304414064	625.4888794443305	62.709281346190686	621.941946094522	NaN
1.04	1	0.10400000000000001	732.7191136061022	2255.3680725101344	8.301596538890237	902.1472077072269	625.4887913683091	62.70927718790429	621.9418581193096	NaN
1.04	1	0.10400000000000001	738.8745041869345	2255.3683066015824	8.301595314375597	902.1472535216302	625.4887643174546	62.709272286335306	621.941830301153	NaN
1.04	1	0.10400000000000001	745.399065695607	2255.3684914277796	8.30159485373202	902.1473253732397	625.4887811487044	62.709268446701415	621.9418460924607	NaN
1.04	1	0.10400000000000001	752.4970959915584	2255.3685805730265	8.301595030622716	902.1473881583292	625.4888193754659	62.70926661872781	621.9418834753725	NaN
1.04	1	0.10400000000000001	760.6917689295913	2255.3685713532395	8.301595552433213	902.1474197359908	625.4888561715422	62.709266840206965	621.9419198954952	NaN
1.04	1	0.10400000000000001	769.5772029878908	2255.368508846281	8.301595990180562	902.147415311239	625.4888717525986	62.709268155670955	621.9419355864262	NaN
1.04	1	0.10400000000000001	778.7921453704361	2255.368458252818	8.30159612670249	902.1473963779304	625.488867932019	62.70926920734054	621.9419320415725	NaN
1.04	1	0.10400000000000001	789.402079727287	2255.3684441535047	8.30159603691006	902.1473820905138	625.4888572222221	62.709269492744276	621.9419215182562	NaN
1.04	1	0.10400000000000001	802.330987596772	2255.36845950682	8.301595904838868	902.1473814469132	625.4888515429367	62.70926916815888	621.9419158330378	NaN
1.04	1	0.10400000000000001	815.509715254188	2255.3684707578946	8.301595885147137	902.1473864093301	625.4888531974613	62.709268934926754	621.941917417096	NaN
1.04	1	0.10400000000000001	832.4172795953078	2255.3684689664797	8.301595921317215	902.1473879477717	625.4888554264162	62.70926897404522	621.941919628938	NaN
1.04	1	0.10400000000000001	851.3714457505359	2255.3684660458025	8.301595926562113	902.1473866689554	625.4888550069589	62.70926903459827	621.941919227659	NaN
1.04	1	0.10400000000000001	877.0582371802464	2255.3684670632233	8.301595919233279	902.1473867266211	625.4888547379821	62.70926901317432	621.9419189570683	NaN
1.04	1	0.10400000000000001	907.5461213298727	2255.368466912866	8.301595921357388	902.1473867914801	625.4888548562757	62.70926901640292	621.9419190747076	NaN
1.04	1	0.10400000000000001	950.3807300806011	2255.3684669571076	8.301595920824003	902.147386778854	625.488854828381	62.70926901545845	621.9419190469268	NaN
1.04	1	0.10400000000000001	1014.9836645224527	2255.368466937459	8.301595920899489	902.1473867730846	625.4888548285924	62.70926901586832	621.941919047226	NaN
1.04	1	0.10400000000000001	1130.823338564516	2255.368466936856	8.301595920920382	902.1473867742168	625.4888548300004	62.709269015882015	621.9419190486209	NaN
1.04	1	0.10400000000000001	1352.111908329276	2255.3684669373442	8.301595920924672	902.1473867747947	625.4888548304602	62.70926901587215	621.9419190490731	NaN
1.04	1	0.10400000000000001	1834.756033509825	2255.3684669373333	8.301595920926486	902.1473867749165	625.4888548305942	62.709269015872486	621.9419190492058	NaN
1.04	1	0.10400000000000001	3108.4935622895173	2255.3684669372883	8.301595920926825	902.1473867749154	625.4888548306074	62.709269015873446	621.9419190492189	NaN
1.04	1	0.10400000000000001	5500.0	2255.3684669372847	8.301595920926836	902.1473867749139	625.488854830607	62.709269015873524	621.9419190492187	NaN
1.04	1	0.10400000000000001	Inf	2255.3684669372847	8.301595920926836	902.1473867749139	625.488854830607	62.709269015873524	621.9419190492185	NaN
1.04	0	0.1	0.0	2310.762587335457	7.982727072188335	924.3050349341828	616.2033566227885	63.013363750332296	612.8785255771229	NaN
1.04	0	0.1	9.999999999999999e-5	2310.762587335457	7.982727072188335	924.3050349341828	616.2033566227885	63.013363750332296	612.8785255771229	NaN
1.04	0	0.1	0.0010999999999999998	2310.762587335457	7.982727072188335	924.3050349341828	616.2033566227885	63.013363750332296	612.8785255771229	NaN
1.04	0	0.1	0.011099999999999997	2310.762587335457	7.982727072188335	924.3050349341828	616.2033566227885	63.013363750332296	612.8785255771229	NaN
1.04	0	0.1	0.11109999999999996	2310.762587335457	7.982727072188335	924.3050349341828	616.2033566227885	63.013363750332296	612.8785255771229	NaN
1.04	0	0.1	1.1110999999999995	2310.762587335457	7.982727072188335	924.3050349341828	616.2033566227885	63.01336375033216	612.8785255771228	NaN
1.04	0	0.1	7.661620913997453	2310.762587335457	7.982727072188335	924.3050349341828	616.2033566227885	63.013363750332346	612.8785255771228	NaN
1.04	0	0.1	55.88904016518546	2310.762587335457	7.982727072188335	924.3050349341828	616.2033566227885	63.013363750332246	612.878525577123	NaN
1.04	0	0.1	337.8019448302811	2310.7625873354573	7.982727072188334	924.3050349341828	616.2033566227885	63.013363750332296	612.878525577123	NaN
1.04	0	0.1	500.0	2310.762587335457	7.982727072188337	924.3050349341827	616.2033566227885	63.0133637503323	612.878525577123	NaN
1.04	0	0.10400000000000001	500.0	2310.762587335457	7.982727072188337	924.3050349341827	616.2033566227885	63.0133637503323	612.878525577123	NaN
1.04	0	0.10400000000000001	500.0081332225625	2310.762585143067	7.982761545197543	924.3050349339121	616.2334086018626	63.01318344864327	612.8785263093355	NaN
1.04	0	0.10400000000000001	500.016266445125	2310.7625705781156	7.982856896956883	924.3050349300191	616.2634239403766	63.012643596827935	612.8785314278379	NaN
1.04	0	0.10400000000000001	500.02739980584306	2310.7625119515665	7.983067281459089	924.3050349022792	616.3044518452591	63.01132460246535	612.8785534931793	NaN
1.04	0	0.10400000000000001	500.0399909933823	2310.7623678764435	7.983392185673818	924.3050347969889	616.3507695476924	63.00903011707505	612.8786122075238	NaN
1.04	0	0.10400000000000001	500.05517886894796	2310.762052915667	7.983874997965927	924.3050344669552	616.4065231012733	63.00513749865157	612.8787526071744	NaN
1.04	0	0.10400000000000001	500.072633582448	2310.7614649630796	7.984516353073182	924.3050336240514	616.4704413755071	62.99915929553977	612.8790419688336	NaN
1.04	0	0.10400000000000001	500.09296637274633	2310.760437453136	7.985340715583356	924.3050316737945	616.5446883094507	62.99019062282357	612.8796048024899	NaN
1.04	0	0.10400000000000001	500.11644148942776	2310.7587555080795	7.98635652944843	924.3050275433067	616.6301285462043	62.97719208793295	612.880637873572	NaN
1.04	0	0.10400000000000001	500.143736070934	2310.7560984795687	7.987586779526207	924.3050192427486	616.7290926115522	62.95858162338452	612.882479997739	NaN
1.04	0	0.10400000000000001	500.17549375165646	2310.7520308088187	7.989052212170546	924.3050032809282	616.8437300617107	62.93230457812076	612.8856820746188	NaN
1.04	0	0.10400000000000001	500.21208698375045	2310.746024878326	7.990760561757053	924.304974016986	616.9751472927571	62.896039915950084	612.891071206378	NaN
1.04	0	0.10400000000000001	500.25270620625764	2310.7376997166302	7.992664785100475	924.304924373225	617.1201807849756	62.84855267542746	612.8995806964771	NaN
1.04	0	0.10400000000000001	500.296416019856	2310.7267986081633	7.9947139637008116	924.3048462132546	617.275265496288	62.78933286429995	612.9122029300605	NaN
1.04	0	0.10400000000000001	500.34274391475265	2310.7130612528654	7.996881626073719	924.3047298520705	617.4385330847794	62.71787294179875	612.9300763785444	NaN
1.04	0	0.10400000000000001	500.39125197426364	2310.69629012096	7.999144810263878	924.3045646826632	617.6082723791815	62.63407586966566	612.9543779171339	NaN
1.04	0	0.10400000000000001	500.441595674561	2310.6763262758104	8.001485960153992	924.304339290153	617.7831337545418	62.53813036872851	612.9863044149085	NaN
1.04	0	0.10400000000000001	500.4934531536002	2310.6530652689567	8.003889126168616	924.3040419337943	617.9618776895071	62.43058379553383	613.0270003691387	NaN
1.04	0	0.10400000000000001	500.5465582301251	2310.62643789523	8.006341261947682	924.3036606660314	618.1434866016388	62.312233025459314	613.077540317672	NaN
1.04	0	0.10400000000000001	500.60067911950694	2310.596410448776	8.008831120574795	924.303183615824	618.3270869554292	62.18410817936359	613.1388886563159	NaN
1.04	0	0.10400000000000001	500.65562535222807	2310.562972644635	8.011349515132071	924.3025990574617	618.511968688304	62.04739879982121	613.2118896759561	NaN
1.04	0	0.10400000000000001	500.7112410226186	2310.5261319345295	8.013888968144899	924.3018954950825	618.6975576135305	61.90341132065704	613.2972556672587	NaN
1.04	0	0.10400000000000001	500.76740196483723	2310.485906582519	8.016443552066917	924.3010616660434	618.8834015914892	61.753523752531805	613.3955657791536	NaN
1.04	0	0.10400000000000001	500.8240097917021	2310.4423218829947	8.019008592149973	924.3000865486265	619.0691467475627	61.599155796172894	613.5072646573159	NaN
1.04	0	0.10400000000000001	500.88099036095093	2310.395404417633	8.021580575083693	924.2989592824572	619.2545289356148	61.441734871224	613.6326714271424	NaN
1.04	0	0.10400000000000001	500.9382890640103	2310.3451796542136	8.024156916499736	924.2976691191516	619.4393552113846	61.28267782009077	613.7719847376087	NaN
1.04	0	0.10400000000000001	500.9958681806558	2310.2916691093988	8.02673582565094	924.2962053355052	619.6234926600214	61.12337362672552	613.9252916620732	NaN
1.04	0	0.10400000000000001	501.0537036102928	2310.234889039789	8.029316145067702	924.294557162958	619.8068557036577	60.965173395582646	614.0925742630809	NaN
1.04	0	0.10400000000000001	501.11178239201945	2310.1748493951472	8.031897228633085	924.292713711453	619.9893964344142	60.809382599384605	614.2737162948289	NaN
1.04	0	0.10400000000000001	501.17010028666533	2310.1115535433764	8.034478825023514	924.2906639078385	620.1710955664001	60.657256507918255	614.4685080029906	NaN
1.04	0	0.10400000000000001	501.2286597117361	2310.0449983917874	8.037060979242488	924.2883964448799	620.3519548862221	60.509996983245955	614.6766496755191	NaN
1.04	0	0.10400000000000001	501.2874678936196	2309.9751749252846	8.03964394586235	924.2858997463626	620.5319907165458	60.368750129182224	614.8977536854519	NaN
1.04	0	0.10400000000000001	501.34653523097467	2309.9020690750835	8.042228113431062	924.2831619499442	620.7112283281024	60.23460406280722	615.1313452419214	NaN
1.04	0	0.10400000000000001	501.405873838947	2309.8256628677896	8.044813938454045	924.2801709097062	620.8896971645988	60.10858628524768	615.3768620966097	NaN
1.04	0	0.10400000000000001	501.4654962924697	2309.7459357530597	8.047401889511569	924.2769142175483	621.0674268965458	59.991660174104325	615.6336537274038	NaN
1.04	0	0.10400000000000001	501.52541455928576	2309.662866042363	8.04999240085867	924.2733792427179	621.2444442357598	59.884720363348784	615.9009804887037	NaN
1.04	0	0.10400000000000001	501.5856390976777	2309.5764324205497	8.052585834198243	924.2695531891965	621.4207703995737	59.7885869606888	616.1780131604177	NaN
1.04	0	0.10400000000000001	501.64617819089165	2309.4866153577614	8.055182451507507	924.2654231638938	621.5964194000284	59.70399854896243	616.4638337605822	NaN
1.04	0	0.10400000000000001	501.7070374726868	2309.39339840645	8.05778239668928	924.2609762538806	621.7713969823573	59.63160430991563	616.7574379383992	NaN
1.04	0	0.10400000000000001	501.7682197241165	2309.296769186575	8.060385689220164	924.2561996015395	621.9457004036989	59.57195555857146	617.057739759519	NaN
1.04	0	0.10400000000000001	501.8297248409714	2309.196720131841	8.062992225217522	924.2510804777922	622.1193187190772	59.525497334027115	617.3635787220416	NaN
1.04	0	0.10400000000000001	501.89155004458337	2309.0932488160192	8.065601788783296	924.2456063408779	622.2922337455694	59.49256051222255	617.6737295120208	NaN
1.04	0	0.10400000000000001	501.9536902164083	2308.9863579882385	8.068214068317266	924.2397648827736	622.4644213306145	59.47335509771196	617.9869139097901	NaN
1.04	0	0.10400000000000001	502.01613831065873	2308.876055360464	8.07082867574148	924.2335440621806	622.635852777466	59.467965126190045	618.3018144526114	NaN
1.04	0	0.10400000000000001	502.0788858136059	2308.762353182066	8.073445167237209	924.2269321230618	622.8064963293605	59.476345484044394	618.6170894259036	NaN
1.04	0	0.10400000000000001	502.141923073891	2308.645267919958	8.076063058159667	924.2199176154097	622.9763182338257	59.49832076453083	618.9313879710639	NaN
1.04	0	0.10400000000000001	502.2052396130739	2308.524819878014	8.078681836792848	924.2124894090746	623.1452837010534	59.533586103193755	619.2433655371457	NaN
1.04	0	0.10400000000000001	502.26882422046253	2308.4010331503528	8.081300968913746	924.2046367252162	623.3133572450238	59.58170980597777	619.5516984197033	NaN
1.04	0	0.10400000000000001	502.3326649621005	2308.273935715871	8.083919898738438	924.1963491767308	623.4805027843923	59.64213758015815	619.8550978340255	NaN
1.04	0	0.10400000000000001	502.3967490761913	2308.1435597578525	8.086538045220703	924.1876168250581	623.6466834467516	59.714198187106646	620.1523232318002	NaN
1.04	0	0.10400000000000001	502.4610628338635	2308.0099420770916	8.089154797039532	924.1784302469794	623.8118612975805	59.79711044676102	620.442195114895	NaN
1.04	0	0.10400000000000001	502.5255914336684	2307.8731244612595	8.091769509079608	924.1687806027434	623.9759971725415	59.889991620337895	620.7236075059304	NaN
1.04	0	0.10400000000000001	502.59031901701377	2307.733153808655	8.094381503874866	924.1586596901753	624.1390508253796	59.991867295510964	620.99554023046	NaN
1.04	0	0.10400000000000001	502.65522885868177	2307.5900818495343	8.096990080044169	924.1480599699086	624.3009815047845	60.101682883275174	621.2570708958986	NaN
1.04	0	0.10400000000000001	502.7203037694654	2307.443964330895	8.09959452899495	924.1369745463753	624.4617490216096	60.218316763165355	621.5073862751591	NaN
1.04	0	0.10400000000000001	502.78552671277896	2307.294859602278	8.102194159726025	924.1253970929106	624.6213152760016	60.340594953656755	621.745792597842	NaN
1.04	0	0.10400000000000001	502.8508815925358	2307.142826647283	8.104788329797906	924.1133217170524	624.7796461073889	60.46730696236482	621.9717241026161	NaN
1.04	0	0.10400000000000001	502.91635416383065	2306.987922636052	8.107376480372897	924.100742765305	624.9367133258482	60.59722231601728	622.1847492977925	NaN
1.04	0	0.10400000000000001	502.9819329389478	2306.83020028334	8.109958170190701	924.0876545853232	625.0924966067377	60.729107010070955	622.384574306259	NaN
1.04	0	0.10400000000000001	503.0476100477329	2306.669705124806	8.112533106898619	924.0740512528447	625.2469851574283	60.861739246169435	622.5710432282901	NaN
1.04	0	0.10400000000000001	503.1133819513792	2306.5064729864444	8.115101171871073	924.059926286528	625.4001789334826	60.993923753828064	622.7441354893972	NaN
1.04	0	0.10400000000000001	503.1792499662205	2306.3405278052596	8.117662437013827	924.0452723673425	625.5520893317529	61.12450421692942	622.9039605419307	NaN
1.04	0	0.10400000000000001	503.2452205508427	2306.171879977881	8.120217171972088	924.0300810830635	625.7027392872465	61.252373480595274	623.0507504207499	NaN
1.04	0	0.10400000000000001	503.31130541095564	2306.0005251600014	8.122765844107057	924.0143426973215	625.8521629351842	61.37648158919856	623.1848509469038	NaN
1.04	0	0.10400000000000001	503.377521362871	2305.826443720661	8.125309109175365	923.9980459680427	626.0004047353606	61.49584164318293	623.306712070617	NaN
1.04	0	0.10400000000000001	503.44389003993984	2305.6496006841503	8.127847796192365	923.9811780071752	626.1475182816372	61.609533877667324	623.4168781033751	NaN
1.04	0	0.10400000000000001	503.51043741989525	2305.4699462543717	8.130382885803474	923.9637241968383	626.2935647708753	61.71670825644301	623.5159782311907	NaN
1.04	0	0.10400000000000001	503.57719320601456	2305.287416869203	8.132915483592894	923.945668163612	626.4386112274836	61.81658604616546	623.6047176991486	NaN
1.04	0	0.10400000000000001	503.64419007089856	2305.1019367886156	8.135446788806453	923.9269918176433	626.5827285217418	61.90846082135273	623.6838698730021	NaN
1.04	0	0.10400000000000001	503.7114627380038	2304.9134203115223	8.137978057689999	923.9076754727469	626.7259891468728	61.99169931606949	623.754269222265	NaN
1.04	0	0.10400000000000001	503.77904692223416	2304.721774590355	8.140510562403366	923.8876980518708	626.8684648208058	62.06574260063341	623.8168052124254	NaN
1.04	0	0.10400000000000001	503.84697807260875	2304.5269032317415	8.143045543530219	923.8670374054531	627.0102238123575	62.13010793272042	623.8724168874332	NaN
1.04	0	0.10400000000000001	503.9152899336609	2304.328710671063	8.145584157009337	923.8456707512792	627.1513280527287	62.18439168971597	623.9220878958953	NaN
1.04	0	0.10400000000000001	503.9840129056561	2304.1271074112733	8.148127414946062	923.8235752558879	627.2918300161257	62.22827365999817	623.9668415503469	NaN
1.04	0	0.10400000000000001	504.0531722114513	2303.922016137822	8.15067612081207	923.8007287703575	627.4317694126709	62.26152288596534	624.0077354211915	NaN
1.04	0	0.10400000000000001	504.1227860341987	2303.713378247165	8.153230805262927	923.7771106796758	627.5711700470047	62.28400512842484	624.0458549480522	NaN
1.04	0	0.10400000000000001	504.19286366293016	2303.501160670898	8.155791663965099	923.7527028584152	627.7100369177555	62.295691625886455	624.0823053945252	NaN
1.04	0	0.10400000000000001	504.2634040022624	2303.285361886319	8.158358510368416	923.7274906071082	627.8483542492629	62.29666857157279	624.118201681697	NaN
1.04	0	0.10400000000000001	504.33439465555807	2303.066016372583	8.160930750602583	923.7014634714601	627.9860848038695	62.28714617447844	624.1546557055293	NaN
1.04	0	0.10400000000000001	504.4058119368699	2302.8431962653544	8.163507392664544	923.6746157737483	628.1231710670786	62.2674658136656	624.1927611803236	NaN
1.04	0	0.10400000000000001	504.4776220009971	2302.6170094077006	8.166087095663286	923.6469467215288	628.2595385262556	62.23810356652462	624.233576492918	NaN
1.04	0	0.10400000000000001	504.54978312593727	2302.38759345416	8.168668259114394	923.6184600035427	628.3951009445799	62.199668581748476	624.2781065803719	NaN
1.04	0	0.10400000000000001	504.6222489361398	2302.1551064816604	8.171249143499011	923.5891628781209	628.5297670752788	62.15289539937918	624.327285219218	NaN
1.04	0	0.10400000000000001	504.69497214889964	2301.919715293869	8.173828006285891	923.5590648602431	628.663447923467	62.09863028418911	624.3819592159775	NaN
1.04	0	0.10400000000000001	504.7679082572126	2301.681583267576	8.176403232197165	923.5281762177461	628.7960634295548	62.037812707171824	624.4428756928958	NaN
1.04	0	0.10400000000000001	504.8410187490869	2301.440859111502	8.17897344378945	923.4965064518362	628.927547879522	61.97145374318052	624.5106732531555	NaN
1.04	0	0.10400000000000001	504.9142734819343	2301.1976679343115	8.18153757957588	923.4640629616104	629.057853444903	61.90061348909836	624.5858771159678	NaN
1.04	0	0.10400000000000001	504.98765213847366	2300.952105060614	8.184094938083922	923.4308499829762	629.1869518521655	61.826379309625224	624.6688978733746	NaN
1.04	0	0.10400000000000001	505.06114477276407	2300.7042327594613	8.186645189165445	923.396867861106	629.3148343307851	61.74984627544429	624.7600331034669	NaN
1.04	0	0.10400000000000001	505.1347516448454	2300.4540793869087	8.189188360389723	923.3621126250642	629.4415103077556	61.672100474383505	624.8594710188639	NaN
1.04	0	0.10400000000000001	505.2084824885049	2300.201640576159	8.191724804235891	923.3265758441977	629.5670051894762	61.5942054297786	624.967295248595	NaN
1.04	0	0.10400000000000001	505.282355444028	2299.9468817673396	8.194255154593735	923.2902446910465	629.6913576920642	61.517191367692234	625.0834900892106	NaN
1.04	0	0.10400000000000001	505.35639573326563	2299.689741854536	8.19678027553283	923.2531021953629	629.814616887597	61.44204695698659	625.2079455647479	NaN
1.04	0	0.10400000000000001	505.4306342824499	2299.430137259178	8.19930120954075	923.2151276013855	629.9368393303081	61.36971285302002	625.3404620648043	NaN
1.04	0	0.10400000000000001	505.5051062394947	2299.167966611572	8.20181912345865	923.1762968603588	630.0580861770212	61.30107657816272	625.4807541527578	NaN
1.04	0	0.10400000000000001	505.57984955554207	2298.90311543947	8.204335257898212	923.1365831749093	630.1784205810412	61.236968046676594	625.6284536992443	NaN
1.04	0	0.10400000000000001	505.6549035428715	2298.635461153576	8.206850877112316	923.0959576392642	630.2979052067537	61.178155346047376	625.7831122240093	NaN
1.04	0	0.10400000000000001	505.73030747308195	2298.3648780908866	8.209367221454832	923.0543899420177	630.4165999632637	61.125340307459865	625.9442027214732	NaN
1.04	0	0.10400000000000001	505.80609920088796	2298.0912426509863	8.21188546189152	923.011849137772	630.5345599254445	61.079153570070694	626.111121217078	NaN
1.04	0	0.10400000000000001	505.8823138148442	2297.8144385060905	8.214406656574214	922.9683044861426	630.6518334381037	61.040148935607505	626.2831884109954	NaN
1.04	0	0.10400000000000001	505.95898232870906	2297.534361820951	8.21693170990162	922.9237263494359	630.7684604182122	61.00879692619552	626.4596518541383	NaN
1.04	0	0.10400000000000001	506.0361303998009	2297.250926518019	8.219461333583071	922.8780871556355	630.8844708278478	60.98547760500081	626.6396890728579	NaN
1.04	0	0.10400000000000001	506.11377716183574	2296.9640692513835	8.221996012534163	922.8313623730899	630.9998834422099	60.97047282570222	626.8224122951266	NaN
1.04	0	0.10400000000000001	506.19193418415887	2296.6737540206814	8.224535975881867	922.7835314826821	631.1147049147326	60.96395828498698	627.0068752258542	NaN
1.04	0	0.10400000000000001	506.27060463642283	2296.3799761037017	8.227081175508873	922.7345788898398	631.2289292367071	60.96599588598004	627.192082383755	NaN
1.04	0	0.10400000000000001	506.3497827496032	2296.0827649303333	8.229631274852522	922.6844947042242	631.3425376948464	60.97652708046989	627.3770013949262	NaN
1.04	0	0.10400000000000001	506.42945370163466	2295.7821853666937	8.232185651759343	922.6332752825331	631.4554994705732	60.995367988357295	627.5605785114146	NaN
1.04	0	0.10400000000000001	506.50959400176146	2295.4783370675227	8.234743417316215	922.5809234541467	631.5677729322184	61.02220715026947	627.7417572175733	NaN
1.04	0	0.10400000000000001	506.59017244127864	2295.1713515725196	8.23730345228508	922.5274483467063	631.6793076532114	61.056606708226205	627.9194994629199	NaN
1.04	0	0.10400000000000001	506.67115164689636	2294.8613869383776	8.239864461695493	922.4728647438766	631.7900471387577	61.0980076313021	628.0928086876688	NaN
1.04	0	0.10400000000000001	506.7524902107805	2294.5486199392076	8.242425046156853	922.4171919471781	631.8999321571131	61.14573929152434	628.2607534303107	NaN
1.04	0	0.10400000000000001	506.83414519779353	2294.2332365506413	8.24498378306461	922.360452237679	632.0089043473598	61.199033204075114	628.4224898412891	NaN
1.04	0	0.10400000000000001	506.91607490485546	2293.915421177599	8.24753931343272	922.302668997843	632.1169099019941	61.25704034007629	628.5772816840007	NaN
1.04	0	0.10400000000000001	506.99824159402544	2293.595345705815	8.250090425493449	922.2438646758466	632.2239029429284	61.31885095498459	628.7245163554658	NaN
1.04	0	0.10400000000000001	507.0806139503987	2293.273159380454	8.252636127447488	922.1840587774174	632.3298482848306	61.38351562080188	628.8637159632201	NaN
1.04	0	0.10400000000000001	507.16316909545077	2292.9489802328167	8.255175704480255	922.1232660328221	632.4347234122282	61.45006613158043	628.9945431342445	NaN
1.04	0	0.10400000000000001	507.2458940811331	2292.6228884190405	8.257708758245021	922.0614948298847	632.5385196351332	61.517535135236166	629.1168018305048	NaN
1.04	0	0.10400000000000001	507.3287867648787	2292.2949219371912	8.260235226325712	921.9987460291338	632.6412423640597	61.58497356454168	629.2304337462779	NaN
1.04	0	0.10400000000000001	507.41185611388823	2291.9650746037782	8.262755383777815	921.935012170296	632.7429106348591	61.651465374067676	629.3355113097263	NaN
1.04	0	0.10400000000000001	507.4951219957081	2291.6332961228377	8.26526982903499	921.8702770676903	632.8435560147803	61.71613942839524	629.4322283595593	NaN
1.04	0	0.10400000000000001	507.578614555807	2291.2994938924285	8.267779457699087	921.8045157517411	632.9432210628914	61.77817871046824	629.5208895476142	NaN
1.04	0	0.10400000000000001	507.66237316879443	2290.9635366350876	8.270285424200814	921.7376947962745	633.0419573696489	61.83682715745698	629.6018992403119	NaN
1.04	0	0.10400000000000001	507.74644508208127	2290.625259402982	8.272789095249944	921.6697729641608	633.1398233528428	61.89139469616556	629.6757506639113	NaN
1.04	0	0.10400000000000001	507.83088369715125	2290.2844701946747	8.27529199372208	921.6007022366725	633.236881773399	61.94126101644283	629.7430156389943	NaN
1.04	0	0.10400000000000001	507.91574649654797	2289.9409581679365	8.277795733541858	921.5304292437428	633.3331970111491	61.98587872155432	629.8043351275376	NaN
1.04	0	0.10400000000000001	508.00109248572414	2289.5945039945104	8.280301942046297	921.4588972288911	633.4288319845932	62.02477642411528	629.8604105068327	NaN
1.04	0	0.10400000000000001	508.0869791833249	2289.2448922416734	8.28281217125872	921.3860485531459	633.5238447943304	62.05756242435692	629.9119954177087	NaN
1.04	0	0.10400000000000001	508.1734590403539	2288.891926284791	8.285327795034343	921.3118278722653	633.6182849998437	62.08392942875566	629.9598877032424	NaN
1.04	0	0.10400000000000001	508.2605753547168	2288.535445499354	8.287849894558201	921.2361859692917	633.7121896522518	62.10366068973841	630.0049208724134	NaN
1.04	0	0.10400000000000001	508.3483579637172	2288.1753435833684	8.290379140827495	921.1590840287363	633.8055794264066	62.11663767797802	630.0479544183423	NaN
1.04	0	0.10400000000000001	508.43681913598135	2287.8115862624545	8.292915686420757	921.0804979920133	633.8984553086034	62.1228489146392	630.0898622454473	NaN
1.04	0	0.10400000000000001	508.52595048271905	2287.4442249515314	8.295459089730585	921.0004222393746	633.990796658707	62.122398989138546	630.1315186954002	NaN
1.04	0	0.10400000000000001	508.61572179789283	2287.073402517482	8.298008296451998	920.9188716945347	634.0825614651437	62.11551604616008	630.1737820320916	NaN
1.04	0	0.10400000000000001	508.706082713246	2286.69934733004	8.300561701414711	920.8358813953535	634.1736894879375	62.102555499005796	630.2174759385261	NaN
1.04	0	0.10400000000000001	508.79696738500735	2286.322354525268	8.303117294065759	920.7515031266965	634.2641082299941	62.08399776972083	630.2633702322694	NaN
1.04	0	0.10400000000000001	508.88830171739676	2285.942756381097	8.305672870794032	920.6657993669681	634.3537409666576	62.060438722693924	630.3121625713857	NaN
1.04	0	0.10400000000000001	508.9800117479508	2285.5608874347986	8.308226273416812	920.5788356822537	634.442515281115	62.03257298934609	630.3644629078028	NaN
1.04	0	0.10400000000000001	509.0720316301831	2285.1770508712393	8.310775609483668	920.4906729992796	634.5303705311019	62.00117193489537	630.4207820214281	NaN
1.04	0	0.10400000000000001	509.16430993944573	2284.7914915961496	8.313319419816592	920.4013610341929	634.6172631160737	61.96705895978881	630.4815246870821	NaN
1.04	0	0.10400000000000001	509.25681360621326	2284.404379048548	8.315856775958743	920.3109336875623	634.7031690807758	61.931084910127765	630.546987192556	NaN
1.04	0	0.10400000000000001	509.3495296206404	2284.0157993002554	8.318387313814918	920.2194064351245	634.7880844202288	61.89410565086584	630.6173584955701	NaN
1.04	0	0.10400000000000001	509.44246481189873	2283.625755286862	8.320911213895263	920.1267755680922	634.872023569291	61.85696301378723	630.6927238983299	NaN
1.04	0	0.10400000000000001	509.53564433545387	2283.2341725905962	8.323429147079233	920.0330187748048	634.9550168102785	61.82046941058339	630.7730702416451	NaN
1.04	0	0.10400000000000001	509.62910932301884	2282.840908900965	8.325942199301771	919.9380966845966	635.0371071045109	61.78539584290674	630.8582916877047	NaN
1.04	0	0.10400000000000001	509.7229140216973	2282.4457657895273	8.32845178462142	919.841955089136	635.1183466928478	61.75246269238775	630.9481953723187	NaN
1.04	0	0.10400000000000001	509.81712266688123	2282.0485017621827	8.330959553589413	919.7445276152771	635.1987937058988	61.722332500723155	631.0425064980867	NaN
1.04	0	0.10400000000000001	509.91180610205896	2281.6488465180278	8.33346729746187	919.6457388471011	635.2785088065583	61.695603970717826	631.1408725624295	NaN
1.04	0	0.10400000000000001	510.0070381895555	2281.246516211746	8.335976849603544	919.545507861271	635.3575519120396	61.6728064311451	631.24286673289	NaN
1.04	0	0.10400000000000001	510.10289185748303	2280.841230354843	8.338489980201503	919.4437523489285	635.435978877855	61.65439415126959	631.3479904380641	NaN
1.04	0	0.10400000000000001	510.1994347522299	2280.43273046858	8.34100828381903	919.340393375809	635.5138381411845	61.64073997736979	631.4556755943642	NaN
1.04	0	0.10400000000000001	510.29672445355516	2280.020800651223	8.343533059055918	919.2353608481873	635.5911673150996	61.63212796626676	631.5652870924581	NaN
1.04	0	0.10400000000000001	510.3948034731944	2279.6052891013683	8.346065186440912	919.1285994671731	635.6679899347927	61.62874494720376	631.676126634303	NaN
1.04	0	0.10400000000000001	510.4936943512552	2279.186129235358	8.34860501285184	919.0200748349818	635.7443126081982	61.63067137253369	631.7874392012247	NaN
1.04	0	0.10400000000000001	510.5933957722247	2278.7633564532	8.351152265905862	918.909778679001	635.8201232527941	61.637872362991935	631.8984240109818	NaN
1.04	0	0.10400000000000001	510.6938805642589	2278.337116844651	8.353706019283266	918.7977321584866	635.8953909727871	61.65019051997599	632.0082513391822	NaN
1.04	0	0.10400000000000001	510.7950967339685	2277.9076629050933	8.356264736261105	918.6839858321873	635.9700682646303	61.66734257083423	632.1160861182549	NaN
1.04	0	0.10400000000000001	510.8969720889824	2277.4753338891915	8.358826402407642	918.5686154682037	636.0440957055876	61.68892194982144	632.2211175083368	NaN
1.04	0	0.10400000000000001	510.999422170201	2277.040521983058	8.361388737056908	918.451713794983	636.1174086480491	61.7144086937413	632.3225917581292	NaN
1.04	0	0.10400000000000001	511.102360141932	2276.603630067816	8.363949446855855	918.3333795586085	636.1899447267131	61.74318660407712	632.4198441040945	NaN
1.04	0	0.10400000000000001	511.20570689730437	2276.165028533607	8.366506476537834	918.2137058075365	636.2616508467268	61.774566092488335	632.512325451519	NaN
1.04	0	0.10400000000000001	511.3093996092424	2275.7250187257996	8.36905821334579	918.0927694827908	636.3324884619686	61.8078100196247	632.5996206705522	NaN
1.04	0	0.10400000000000001	511.41339779957696	2275.283807017274	8.371603624026953	917.9706235192807	636.4024366681159	61.84215967815552	632.6814575334334	NaN
1.04	0	0.10400000000000001	511.5176865397825	2274.8414911797195	8.374142317443866	917.8472920795002	636.4714930634822	61.87685855246603	632.7577069843707	NaN
1.04	0	0.10400000000000001	511.6222772761104	2274.3980569696205	8.376674547448973	917.7227685076372	636.5396729210643	61.911172513036504	632.8283768469566	NaN
1.04	0	0.10400000000000001	511.7272066914578	2273.9533831663	8.379201168157731	917.5970156477871	636.60700711147	61.94440591908147	632.8936011487352	NaN
1.04	0	0.10400000000000001	511.83253414210577	2273.50725275325	8.381723556265937	917.4699679831538	636.6735392513064	61.975913854046944	632.9536271566728	NaN
1.04	0	0.10400000000000001	511.93833804437963	2273.0593686191405	8.384243510572965	917.3415352115137	636.7393224000043	62.00511116591493	633.0088017070915	NaN
1.04	0	0.10400000000000001	512.0447113049956	2272.609373342244	8.386763131811021	917.2116071894292	636.8044154227404	62.03147919415041	633.05955780014	NaN
1.04	0	0.10400000000000001	512.1517556241059	2272.156873735499	8.389284679559303	917.0800604956747	636.8688789691633	62.05457114566024	633.1064018784756	NaN
1.04	0	0.10400000000000001	512.2595745618227	2271.701470556389	8.391810404658335	916.9467667961809	636.9327710661346	62.07401713900066	633.1499018421998	NaN
1.04	0	0.10400000000000001	512.368265034847	2271.2427947182396	8.394342350478983	916.8116034773765	636.996142201193	62.08952980074088	633.1906753370498	NaN
1.04	0	0.10400000000000001	512.4779071344088	2270.780550370163	8.396882121983479	916.6744667510048	637.0590299267101	62.10091112886707	633.2293775486996	NaN
1.04	0	0.10400000000000001	512.5885531079416	2270.31456118912	8.399430643530751	916.5352862375491	637.1214535548288	62.108060969650026	633.2666876589475	NaN
1.04	0	0.10400000000000001	512.700216990265	2269.8448135381755	8.401987940228604	916.394039168605	637.1834098031823	62.110986600444676	633.3032930094976	NaN
1.04	0	0.10400000000000001	512.8128679398303	2269.3714836060744	8.404553011715908	916.2507602605959	637.2448709887852	62.10981177658449	633.3398706162133	NaN
1.04	0	0.10400000000000001	512.9264307419886	2268.8949340811405	8.407123873151324	916.105542621823	637.3057873575634	62.10478228474595	633.3770665448827	NaN
1.04	0	0.10400000000000001	513.0407956125979	2268.4156716763705	8.409697804607271	915.9585265856799	637.3660941936715	62.09626447426375	633.4154747653864	NaN
1.04	0	0.10400000000000001	513.1558360859606	2267.9342710026895	8.412271773011168	915.8098776063679	637.4257224917961	62.08473428521039	633.4556178158648	NaN
1.04	0	0.10400000000000001	513.2714303463324	2267.4512846066727	8.414842916132379	915.6597589063108	637.4846103585683	62.070756922001564	633.4979314947539	NaN
1.04	0	0.10400000000000001	513.3874801936955	2266.9671636733665	8.417408957379687	915.5083063635243	637.5427120848939	62.054960155470084	633.5427548556391	NaN
1.04	0	0.10400000000000001	513.5039238605572	2266.4822051549922	8.419968470832861	915.3556107737779	637.6000032394497	62.03800559536167	633.5903256655091	NaN
1.04	0	0.10400000000000001	513.6207417626174	2265.9965289299084	8.422520982384468	915.2017090182077	637.6564817614974	62.02056178366008	633.6407805157152	NaN
1.04	0	0.10400000000000001	513.7379565345814	2265.510079080542	8.425066942876928	915.046582678902	637.7121661395518	62.00328137935607	633.6941583407197	NaN
1.04	0	0.10400000000000001	513.855629188511	2265.0226413971936	8.427607618043552	914.8901619051442	637.7670918704864	61.98678313321022	633.7504059246497	NaN
1.04	0	0.10400000000000001	513.973852911845	2264.5338706163557	8.43014493117934	914.7323326534984	637.8213071055814	61.971638237300695	633.8093841105716	NaN
1.04	0	0.10400000000000001	514.0927454509394	2264.0433233333824	8.43268128067186	914.5729461089618	637.8748680230655	61.958360027405206	633.8708737496083	NaN
1.04	0	0.10400000000000001	514.2124401010465	2263.5504963842454	8.435219333970794	914.4118302923707	637.9278339943442	61.94739582709972	633.934580619411	NaN
1.04	0	0.10400000000000001	514.3330751641157	2263.054871136894	8.437761796222759	914.2488040707589	637.980262539747	61.93911966336465	634.0001390677859	NaN
1.04	0	0.10400000000000001	514.4547812719603	2262.555966008446	8.440311142311591	914.083694421045	638.0322038828149	61.93382473186437	634.0671144889628	NaN
1.04	0	0.10400000000000001	514.5776664200848	2262.0533976314787	8.442869311041832	913.9163572082834	638.0836951368016	61.931714737085365	634.1350055535697	NaN
1.04	0	0.10400000000000001	514.7017995540974	2261.5469469943127	8.445437381013308	913.7467003760396	638.1347545731402	61.93289380310466	634.2032481780171	NaN
1.04	0	0.10400000000000001	514.8271953112001	2261.03661976721	8.448015283018924	913.574705987403	638.185377073205	61.93735569681662	634.271224411869	NaN
1.04	0	0.10400000000000001	514.9538051412678	2260.5226796032944	8.45060165448723	913.4004438344467	638.2355327332928	61.944974666254694	634.3382803577605	NaN
1.04	0	0.10400000000000001	515.0815203317268	2260.005632465468	8.45319394199428	913.2240687261386	638.2851703930572	61.955501722045554	634.4037557455985	NaN
1.04	0	0.10400000000000001	515.2101900825994	2259.486150184281	8.455788804103069	913.0457966846299	638.3342266389276	61.968570427901106	634.467023929767	NaN
1.04	0	0.10400000000000001	515.3396507825262	2258.9649499784446	8.458382723658747	912.8658649521459	638.3826380828716	61.983714087375354	634.5275352340201	NaN
1.04	0	0.10400000000000001	515.4697577167997	2258.442666145619	8.460972645155381	912.6844877718073	638.4303531938459	62.00039244983936	634.58485401982	NaN
1.04	0	0.10400000000000001	515.6004098121666	2257.9197518536134	8.463556449841917	912.5018211188542	638.4773402748597	62.01802300596373	634.6386819806132	NaN
1.04	0	0.10400000000000001	515.7315635953696	2257.3964258294573	8.466133200325721	912.3179420425527	638.5235906648687	62.03601163034259	634.6888661481199	NaN
1.04	0	0.10400000000000001	515.8632367322543	2256.872661655495	8.468703171895783	912.1328424660755	638.5691178703141	62.05377893561217	634.7353943565441	NaN
1.04	0	0.10400000000000001	515.9955042906906	2256.3482063537112	8.47126774088263	911.9464333139285	638.6139542060891	62.07078096891166	634.7783828602534	NaN
1.04	0	0.10400000000000001	516.1284901500607	2255.8226180483966	8.473829183084538	911.7585557219786	638.6581460843521	62.08652447199967	634.8180601020035	NaN
1.04	0	0.10400000000000001	516.2623551185898	2255.2953161032888	8.476390416219225	911.5689972106633	638.7017486599791	62.100577900677514	634.8547494295614	NaN
1.04	0	0.10400000000000001	516.3972815504773	2254.7656442045536	8.47895468519075	911.3775131569697	638.7448198884643	62.11257973623109	634.8888520293104	NaN
1.04	0	0.10400000000000001	516.5334537690161	2254.2329487097977	8.48152518007571	911.1838545854813	638.7874139079598	62.12224576225108	634.9208303357627	NaN
1.04	0	0.10400000000000001	516.6710330921185	2253.696676451708	8.484104568046106	910.9878040297474	638.8295735367801	62.12937679708702	634.9511911747113	NaN
1.04	0	0.10400000000000001	516.8101283127971	2253.1564880241644	8.48669446002969	910.7892182874031	638.871322348785	62.13386793356776	634.9804674956036	NaN
1.04	0	0.10400000000000001	516.9507665015612	2252.612367112708	8.489294906201243	910.5880711067512	638.9126579114419	62.13571913584467	635.0091975821451	NaN
1.04	0	0.10400000000000001	517.0928753820228	2252.064682414445	8.491904126246672	910.3844795748535	638.9535493429553	62.135044894296925	635.0379017449405	NaN
1.04	0	0.10400000000000001	517.236290939739	2251.514150871381	8.494518712225611	910.1786943160087	638.993942461846	62.13207809963586	635.0670582764033	NaN
1.04	0	0.10400000000000001	517.380795846368	2250.9616836123287	8.497134381546221	909.9710450487047	639.0337729540225	62.12716264463458	635.0970819227012	NaN
1.04	0	0.10400000000000001	517.5261760617032	2250.4081661589225	8.4997470252808	909.7618593129088	639.0729829075129	62.12073261582704	635.1283076542452	NaN
1.04	0	0.10400000000000001	517.6722725842144	2249.8542623301964	8.502353625727826	909.5513874796708	639.1115340255424	62.11328167164069	635.1609808235385	NaN
1.04	0	0.10400000000000001	517.8190121917514	2249.3003024365266	8.504952762792358	909.3397576128092	639.1494137006282	62.10532960681312	635.1952532490809	NaN
1.04	0	0.10400000000000001	517.9664160310385	2248.7462578110617	8.507544708744836	909.1269622160796	639.1866346032862	62.09739210657986	635.231184141698	NaN
1.04	0	0.10400000000000001	518.1145927644576	2248.191774135031	8.510131248335545	908.9128674604615	639.2232303437922	62.089956548248516	635.2687443514693	NaN
1.04	0	0.10400000000000001	518.2637229397518	2247.6362369794033	8.512715353172124	908.6972353862839	639.2592493943184	62.08346397349088	635.3078222034861	NaN
1.04	0	0.10400000000000001	518.4140377388563	2247.078856820374	8.515300771997662	908.4797545363976	639.2947483085401	62.078295838470176	635.3482292412041	NaN
1.04	0	0.10400000000000001	518.5657919537812	2246.518773363345	8.517891538933206	908.2600792109624	639.3297843676564	62.07476354164135	635.3897046034479	NaN
1.04	0	0.10400000000000001	518.7192289040668	2245.9551867555597	8.520491366025626	908.0378806015704	639.3644073075809	62.07309864944396	635.4319175149592	NaN
1.04	0	0.10400000000000001	518.8745359100009	2245.387519580056	8.523102904166025	907.8129117390658	639.3986500730977	62.073442092002956	635.4744689780645	NaN
1.04	0	0.10400000000000001	519.0317947235476	2244.8155922109586	8.525726954491349	907.5850797646328	639.4325198321421	62.07583179455888	635.5168965608491	NaN
1.04	0	0.10400000000000001	519.1909433736018	2244.2397511493973	8.528361906949854	907.3545015169491	639.4659928033299	62.08019084953266	635.558689671415	NaN
1.04	0	0.10400000000000001	519.351776690834	2243.660853638617	8.531003842323129	907.1215027640906	639.4990179734385	62.08632203737645	635.5993232170532	NaN
1.04	0	0.10400000000000001	519.5140026560999	2243.0800523872767	8.533647540592158	906.8865362038464	639.5315317097427	62.09391607368968	635.6383094101418	NaN
1.04	0	0.10400000000000001	519.6773351593272	2242.4984570947504	8.536288031410121	906.6500465552668	639.5634776119962	62.10257638188594	635.6752532282268	NaN
1.04	0	0.10400000000000001	519.841577469242	2241.9168395635043	8.538921923181764	906.4123492712952	639.594821864052	62.11185481694552	635.709891828492	NaN
1.04	0	0.10400000000000001	520.006666082337	2241.3354880123643	8.541548039173875	906.1735670251202	639.625558979197	62.12128867577586	635.7421089647459	NaN
1.04	0	0.10400000000000001	520.1726765173787	2240.7541998159927	8.544167422060104	905.9336217134745	639.6557096452298	62.13043204224462	635.7719290022682	NaN
1.04	0	0.10400000000000001	520.3398053295471	2240.1723578492038	8.546782964157753	905.6922611893373	639.6853144335754	62.138879239685764	635.7994996215207	NaN
1.04	0	0.10400000000000001	520.508338712475	2239.589051297657	8.54939884478299	905.4491055485142	639.7144258640546	62.14628135443468	635.8250702193351	NaN
1.04	0	0.10400000000000001	520.6786095863007	2239.003232479505	8.552019815272294	905.2037100181702	639.7430994923501	62.15235816011928	635.8489693871383	NaN
1.04	0	0.10400000000000001	520.8509393146671	2238.413921069836	8.554650282892874	904.9556497375028	639.7713836702742	62.156908136255254	635.8715819772434	NaN
1.04	0	0.10400000000000001	521.0255610637719	2237.8204633677447	8.557293162493178	904.7046303438538	639.7993078922389	62.15981897916598	635.8933245316819	NaN
1.04	0	0.10400000000000001	521.2025356741705	2237.2228068567983	8.559948675687085	904.4506082525997	639.8268718656471	62.16107954762194	635.9146177356267	NaN
1.04	0	0.10400000000000001	521.3817004202981	2236.6216533211104	8.56261370357469	904.1938623678793	639.8540414836016	62.160790550467816	635.9358570106621	NaN
1.04	0	0.10400000000000001	521.5627077193992	2236.0183055249295	8.565282501272158	903.9349359176567	639.8807589810465	62.15916626433931	635.957386196769	NaN
1.04	0	0.10400000000000001	521.7451617266398	2235.4141952485356	8.567948806673455	903.6744386672123	639.9069658185443	62.15651899653015	635.9794794776637	NaN
1.04	0	0.10400000000000001	521.9287738104214	2234.8103674843805	8.570608113625443	903.4128242092204	639.9326247818249	62.153226671260306	636.0023316527928	NaN
1.04	0	0.10400000000000001	522.113452177183	2234.2072001593347	8.57325888194855	903.1502636358747	639.9577296556286	62.149693762276314	636.0260538213711	NaN
1.04	0	0.10400000000000001	522.2993156218689	2233.604381662315	8.575902603797605	902.8866288298369	639.9823031466287	62.146316076581	636.0506732568685	NaN
1.04	0	0.10400000000000001	522.486662023775	2233.001035916371	8.578543225601821	902.6215405419622	640.0063890109271	62.14345381639315	636.0761366473167	NaN
1.04	0	0.10400000000000001	522.6759139986888	2232.3959163719396	8.581186277574421	902.3544485401624	640.0300422704111	62.14141230443053	636.1023147262043	NaN
1.04	0	0.10400000000000001	522.8675434693375	2231.7876596533956	8.583837754608883	902.0847406244897	640.05331820571	62.140427492415775	636.1290057281924	NaN
1.04	0	0.10400000000000001	523.0619652182088	2231.1751264516233	8.586502631399082	901.8118936285332	640.0762593793506	62.14065280545845	636.1559363153872	NaN
1.04	0	0.10400000000000001	523.2593972048514	2230.557830966734	8.589183010561783	901.5356682455629	640.0988810819678	62.14214476396824	636.1827627221068	NaN
1.04	0	0.10400000000000001	523.4597336955453	2229.936310139955	8.591876552318817	901.2562819986604	640.1211609265248	62.14484860004822	636.2090834370769	NaN
1.04	0	0.10400000000000001	523.662543941611	2229.312088276437	8.594576669704754	900.9744036978465	640.1430441382528	62.14859247768693	636.2344804024672	NaN
1.04	0	0.10400000000000001	523.8672713190311	2228.687030619811	8.59727535586767	900.6908696919776	640.1644692482851	62.15310262504401	636.2585893866336	NaN
1.04	0	0.10400000000000001	524.07350814653	2228.062497798032	8.599966835946308	900.4063011779799	640.1853972445127	62.158040399092684	636.2811660220203	NaN
1.04	0	0.10400000000000001	524.2811519993863	2227.4388961090062	8.602649477647557	900.1208926814894	640.2058240186836	62.163046672862166	636.3021142307085	NaN
1.04	0	0.10400000000000001	524.4904157380897	2226.8156856800256	8.6053257182812	899.8344060820101	640.2257764311424	62.16777955151261	636.3214793267298	NaN
1.04	0	0.10400000000000001	524.7017593127692	2226.1916207026093	8.608001000510303	899.5462722542603	640.2453014193937	62.17194132442123	636.3394241112686	NaN
1.04	0	0.10400000000000001	524.9157806878277	2225.565099119894	8.610682252562794	899.2557465470659	640.2644529867558	62.1752968087544	636.356199787476	NaN
1.04	0	0.10400000000000001	525.1330586125932	2224.934635463156	8.613375858825862	898.9621259304283	640.2832771218475	62.177687224233765	636.3721148080846	NaN
1.04	0	0.10400000000000001	525.3539326241745	2224.2994895114734	8.61608498654513	898.6650448231152	640.3017942300434	62.179043565776276	636.3875001154255	NaN
1.04	0	0.10400000000000001	525.5782825928353	2223.6602613686928	8.618807081093285	898.364762706611	640.3199850935242	62.179400409699404	636.4026708684377	NaN
1.04	0	0.10400000000000001	525.8055168537592	2223.0188640460406	8.621534028742657	898.0621647150188	640.3377962698618	62.17890286100868	636.4178933455378	NaN
1.04	0	0.10400000000000001	526.0349193047882	2222.377493651441	8.624256567594887	897.7582859510678	640.355172022999	62.17779249095011	636.4333687099897	NaN
1.04	0	0.10400000000000001	526.266084941189	2221.737411325488	8.626969452749014	897.4537334532116	640.3720868486765	62.17636940153884	636.4492288526773	NaN
1.04	0	0.10400000000000001	526.4990953783617	2221.0985055487427	8.62967327441993	897.1484671115277	640.3885533294545	62.17494684199626	636.4655328271677	NaN
1.04	0	0.10400000000000001	526.7344667221615	2220.4594985082294	8.632373542410908	896.8418851711338	640.4046125063572	62.17381372628244	636.4822649206938	NaN
1.04	0	0.10400000000000001	526.973001961136	2219.818400035937	8.635078737146786	896.5330318913627	640.4203192706512	62.173208167708545	636.4993358142016	NaN
1.04	0	0.10400000000000001	527.2155686063974	2219.1731363145177	8.637797643019923	896.220895335755	640.4357254716361	62.17329819772403	636.5165830635617	NaN
1.04	0	0.10400000000000001	527.4627574514944	2218.5224541939724	8.64053554568284	895.9048466767613	640.4508590597393	62.174164211682985	636.5337684274531	NaN
1.04	0	0.10400000000000001	527.7144769898998	2217.866934940644	8.643290000875547	895.5851437022866	640.4657040665475	62.17578104182067	636.5505826169295	NaN
1.04	0	0.10400000000000001	527.9698732651563	2217.2091034533487	8.646050429475489	895.2630026699802	640.4802038318517	62.17800974289263	636.5666894111558	NaN
1.04	0	0.10400000000000001	528.2279488546762	2216.5517502699304	8.648805197804906	894.9397909427674	640.4943022066522	62.18061906603501	636.5818192584077	NaN
1.04	0	0.10400000000000001	528.488298378594	2215.896067583303	8.651549417804802	894.616107438779	640.5079824305158	62.18333444244621	636.5958445693095	NaN
1.04	0	0.10400000000000001	528.751271053962	2215.2413311081245	8.654286230547582	894.2916087059255	640.521268664736	62.18588701793956	636.6087873151289	NaN
1.04	0	0.10400000000000001	529.0177747461539	2214.5854879072017	8.657024303523043	893.9652832289528	640.5342091070494	62.18804860079548	636.6207895062913	NaN
1.04	0	0.10400000000000001	529.2889361852943	2213.9260592017986	8.659774036407633	893.6358904635118	640.5468553629505	62.18965460798011	636.6320738949872	NaN
1.04	0	0.10400000000000001	529.565577175545	2213.2614249390613	8.662542206030103	893.3026021740203	640.5592378738846	62.19062150695034	636.6428990853799	NaN
1.04	0	0.10400000000000001	529.847559584472	2212.5923257247564	8.665325744702589	892.9657683386604	640.5713416223913	62.190963282255666	636.6535083073638	NaN
1.04	0	0.10400000000000001	530.1336851238224	2211.9219536717874	8.668111419666724	892.6269861947115	640.5831109322388	62.19079979496868	636.6640895252076	NaN
1.04	0	0.10400000000000001	530.4227873942832	2211.253282344955	8.670886964794443	892.2877669170601	640.5945005776082	62.19033628052905	636.674770830204	NaN
1.04	0	0.10400000000000001	530.7147601898853	2210.586738049064	8.673650722370427	891.9483451059763	640.605512799148	62.18981409342756	636.6856246904852	NaN
1.04	0	0.10400000000000001	531.0105480399632	2209.9203798891986	8.676410839685222	891.607746345073	640.6161878316228	62.189461539315516	636.6966591371302	NaN
1.04	0	0.10400000000000001	531.3117238747672	2209.250990548052	8.679180708534956	891.2643254040224	640.6265814305451	62.1894590305492	636.7078119949141	NaN
1.04	0	0.10400000000000001	531.6197939864189	2208.57568649192	8.681972288736963	890.9165849643447	640.636738132201	62.18991420951225	636.7189450631452	NaN
1.04	0	0.10400000000000001	531.9350936263359	2207.894281301375	8.684786362451646	890.5644025238594	640.646658413472	62.19083925360926	636.7298367988411	NaN
1.04	0	0.10400000000000001	532.2560946132512	2207.2105700806633	8.68760729206854	890.2097236259397	640.6562874473996	62.19213607513232	636.7402137178068	NaN
1.04	0	0.10400000000000001	532.5809950393343	2206.5287247323145	8.69041794727662	889.854719505855	640.6655726054183	62.193619272799104	636.7498683318214	NaN
1.04	0	0.10400000000000001	532.9097140763354	2205.849156175649	8.693216741242702	889.4996242266656	640.6745174982351	62.19507561880986	636.7587511430651	NaN
1.04	0	0.10400000000000001	533.243718375256	2205.1691341437618	8.696015010971202	889.1430247233992	640.6831655341789	62.19631572170028	636.7669521363779	NaN
1.04	0	0.10400000000000001	533.5851020630643	2204.4848602326133	8.698828444385716	888.7829246154549	640.6915680904264	62.19720693415732	636.7746493751702	NaN
1.04	0	0.10400000000000001	533.935101885326	2203.79447559745	8.701664714453042	888.4183256791353	640.6997474463817	62.19769601496655	636.7820468513064	NaN
1.04	0	0.10400000000000001	534.2924282170505	2203.101139153576	8.704510882384575	888.0508801098092	640.7076666102012	62.19782718804935	636.7893066462246	NaN
1.04	0	0.10400000000000001	534.6545596518075	2202.410170066903	8.707345193174044	887.6834146880622	640.7152707080826	62.19773833861694	636.7965289893971	NaN
1.04	0	0.10400000000000001	535.021299617564	2201.7222323201645	8.710165029763038	887.3163069183425	640.7225619283572	62.197613610653384	636.8037772276487	NaN
1.04	0	0.10400000000000001	535.3948595918375	2201.0335572087033	8.712985930667926	886.9475615706049	640.7295876551524	62.19762478909178	636.811062477345	NaN
1.04	0	0.10400000000000001	535.7783870521337	2200.3389753363913	8.715829122920388	886.574402595274	640.7364027285959	62.19789031651691	636.8183258199067	NaN
1.04	0	0.10400000000000001	536.1734424689784	2199.6365196442434	8.718702683991411	886.1957461591609	640.7430245228445	62.19844501373328	636.8254209329987	NaN
1.04	0	0.10400000000000001	536.5772418634988	2198.9319350364926	8.721583156294644	885.8146726327988	640.7493993116402	62.199218281575796	636.8321253933391	NaN
1.04	0	0.10400000000000001	536.9866768007331	2198.23113912003	8.724446436022193	885.4343979237527	640.7554806359279	62.200060161171415	636.8382874103556	NaN
1.04	0	0.10400000000000001	537.4033463964056	2197.531803321382	8.727302137048822	885.0536835132584	640.7612976425849	62.20081227173008	636.8439298182767	NaN
1.04	0	0.10400000000000001	537.8310637750286	2196.828196098927	8.730173734779566	884.6694130492232	640.7669025055452	62.201357956685705	636.8491848016575	NaN
1.04	0	0.10400000000000001	538.2721672339492	2196.1174388754484	8.733073021488211	884.2799961069817	640.772318197987	62.20165361277298	636.8542131754485	NaN
1.04	0	0.10400000000000001	538.7231439918144	2195.4060916628273	8.735973295642923	883.8890186969522	640.7774968217698	62.2017483655797	636.8591158259379	NaN
1.04	0	0.10400000000000001	539.1806601286172	2194.6999523499494	8.73885101285902	883.4996918192847	640.7824045163532	62.20176808556893	636.8639469185789	NaN
1.04	0	0.10400000000000001	539.64838374273	2193.993901080589	8.741727132459463	883.1092187417306	640.7870853937291	62.20185095385547	636.8687437600719	NaN
1.04	0	0.10400000000000001	540.1322915181024	2193.2799339831195	8.744634318169407	882.7131660273482	640.7915947050276	62.20209032347128	636.8734768266175	NaN
1.04	0	0.10400000000000001	540.633831243875	2192.5573026874886	8.747575658293256	882.3110900700295	640.7959354267797	62.202495856190524	636.8780202347959	NaN
1.04	0	0.10400000000000001	541.1453744610694	2191.838052156333	8.750502195813045	881.9096934100368	640.8000388361037	62.20297924041865	636.8821941077836	NaN
1.04	0	0.10400000000000001	541.6672746469013	2191.122339837184	8.753413385926505	881.5090954074001	640.8039131331172	62.20341739588768	636.8859803958604	NaN
1.04	0	0.10400000000000001	542.2071590708797	2190.4007540408948	8.756347587434423	881.1040370405816	640.8076142218016	62.203721839272575	636.8894942568363	NaN
1.04	0	0.10400000000000001	542.7667977486512	2189.672447507001	8.759308304740477	880.6940271831305	640.8111471230309	62.203875345534186	636.8928508727421	NaN
1.04	0	0.10400000000000001	543.3371201079065	2188.9503347179193	8.762243118237265	880.2863505370681	640.8144549584928	62.20394583146682	636.8960890685784	NaN
1.04	0	0.10400000000000001	543.9219141012225	2188.230420854364	8.76516835630548	879.878787667267	640.8175653041776	62.20403991685655	636.8992504263612	NaN
1.04	0	0.10400000000000001	544.5331101124203	2187.499618768605	8.768137265864752	879.4639256451337	640.8205372660323	62.20422946529326	636.9023310125298	NaN
1.04	0	0.10400000000000001	545.1689879547334	2186.7620993481496	8.771132964950969	879.0441084297271	640.8233532432914	62.20450308507969	636.9052153513866	NaN
1.04	0	0.10400000000000001	545.8170406426666	2186.03368442252	8.774091271799957	878.6283655281434	640.8259597079211	62.20477335092437	636.9077943640984	NaN
1.04	0	0.10400000000000001	546.4909930460798	2185.3002812730724	8.777069506347928	878.2086812128301	640.8284145537299	62.20496576707397	636.9101551975104	NaN
1.04	0	0.10400000000000001	547.1931938115885	2184.5614862921575	8.78006938312655	877.7848202764012	640.8307215555335	62.205067530121326	636.9123825850693	NaN
1.04	0	0.10400000000000001	547.9093459922526	2183.8337959101045	8.783024001911258	877.3662788627258	640.8328369983789	62.20513854737337	636.9144910687169	NaN
1.04	0	0.10400000000000001	548.657719890301	2183.100249861699	8.78600230830431	876.943333252165	640.8348177551345	62.20525075112268	636.916518149823	NaN
1.04	0	0.10400000000000001	549.4449978527798	2182.3571876887663	8.789019243771525	876.5138610811978	640.8366748989588	62.20541435079904	636.9184071317991	NaN
1.04	0	0.10400000000000001	550.248753050444	2181.6277378398345	8.79198098388816	876.0912597045271	640.8383576839989	62.205568414845025	636.920066106374	NaN
1.04	0	0.10400000000000001	551.0901323925286	2180.894507289463	8.7949582267431	875.6654944194778	640.839914855402	62.20566790150811	636.9215743637861	NaN
1.04	0	0.10400000000000001	551.9557241440551	2180.171311907599	8.797894949107649	875.2446218579837	640.8413243872677	62.205727342106904	636.9229654571907	NaN
1.04	0	0.10400000000000001	552.8493731161406	2179.4564475426564	8.800798137201925	874.8277073854249	640.8425997881125	62.2057983363232	636.9242586884695	NaN
1.04	0	0.10400000000000001	553.7853461869338	2178.7408634809485	8.80370461629929	874.4095088953645	640.8437643967324	62.2058948527964	636.9254353167562	NaN
1.04	0	0.10400000000000001	554.7383063990958	2178.0455916000906	8.80652901577242	874.0023745230998	640.8447935450928	62.205978760460326	636.9264474734674	NaN
1.04	0	0.10400000000000001	555.7247395922025	2177.3596756631373	8.80931588211455	873.5999609665301	640.8457146884605	62.20603036687713	636.927348414007	NaN
1.04	0	0.10400000000000001	556.728288479263	2176.695470926281	8.81201504493144	873.2095879014207	640.846521912511	62.206071381067936	636.9281565458411	NaN
1.04	0	0.10400000000000001	557.7630097233294	2176.04442477432	8.81466127679849	872.8263024803225	640.8472362674953	62.20612348700501	636.9288782145088	NaN
1.04	0	0.10400000000000001	558.8156507523312	2175.415573701457	8.81721785603986	872.455494971226	640.8478577036312	62.20617329336367	636.9294937787165	NaN
1.04	0	0.10400000000000001	559.8899998672442	2174.8068076421514	8.819693352093223	872.0959968762368	640.8483984578814	62.20620614617587	636.9300244949785	NaN
1.04	0	0.10400000000000001	560.9815229305008	2174.220748058699	8.822077087582828	871.7494275929204	640.8488654995322	62.20623162149454	636.9304910508458	NaN
1.04	0	0.10400000000000001	562.0936234440338	2173.6555029558167	8.824376732728506	871.4147356502722	640.8492688741769	62.206260680300616	636.9308968094624	NaN
1.04	0	0.10400000000000001	563.2223228529192	2173.1129511206045	8.826584612520719	871.0930959831668	640.849614949385	62.206286809690845	636.9312393276549	NaN
1.04	0	0.10400000000000001	564.3686007100903	2172.5923046782714	8.828703894896673	870.7841004575769	640.8499112944112	62.20630448040021	636.9315316067568	NaN
1.04	0	0.10400000000000001	565.5313594453808	2172.093702312322	8.83073397360672	870.4878850840453	640.8501641093492	62.20631963635711	636.9317847046669	NaN
1.04	0	0.10400000000000001	566.711720089088	2171.6162681745127	8.832678370417815	870.2039782848176	640.8503793996051	62.2063354960797	636.9320000628552	NaN
1.04	0	0.10400000000000001	567.9085769369082	2171.1600238067545	8.834536951651986	869.9324369019489	640.8505620568603	62.20634814716049	636.9321804719456	NaN
1.04	0	0.10400000000000001	569.1226612042383	2170.7242229503468	8.836312710127324	869.6728565582861	640.8507167001613	62.206357259411014	636.9323339937337	NaN
1.04	0	0.10400000000000001	570.354064093947	2170.3083675728935	8.838007628128281	869.4249760751919	640.8508472706746	62.206365975337945	636.9324647810951	NaN
1.04	0	0.10400000000000001	571.6032705420644	2169.9118224974222	8.839624247845917	869.1884484616977	640.8509572468365	62.20637392033022	636.9325740361421	NaN
1.04	0	0.10400000000000001	572.8705202423764	2169.534039317695	8.841164759274333	868.9629746942337	640.8510496270245	62.20637973093469	636.9326654680294	NaN
1.04	0	0.10400000000000001	574.1563997587459	2169.174372650377	8.842631749647778	868.7481944579525	640.8511270331963	62.20638461530708	636.9327427741707	NaN
1.04	0	0.10400000000000001	575.4614665953491	2168.8322060791174	8.844027690290599	868.5437615833615	640.8511917229991	62.206389205454265	636.932807254205	NaN
1.04	0	0.10400000000000001	576.7862590590277	2168.5069454505124	8.845354964030458	868.3493403912287	640.8512456383075	62.206392760838185	636.9328606479794	NaN
1.04	0	0.10400000000000001	578.1314441785473	2168.197982979741	8.846616011763476	868.1645845343191	640.851290451077	62.20639556637985	636.9329052925139	NaN
1.04	0	0.10400000000000001	579.4977200007146	2167.9047256987897	8.847813216468627	867.9891542609665	640.8513275929258	62.206398137220546	636.9329423405753	NaN
1.04	0	0.10400000000000001	580.8858008580294	2167.6265983976186	8.8489488911978	867.8227184293072	640.8513582866282	62.20640019402399	636.9329727750181	NaN
1.04	0	0.10400000000000001	582.296464145171	2167.3630341864628	8.850025317585791	867.6649490895203	640.8513835751094	62.20640179329442	636.9329979448228	NaN
1.04	0	0.10400000000000001	583.730531569518	2167.113479607648	8.851044724943671	867.5155247471065	640.851404345149	62.206403212327196	636.9330186534456	NaN
1.04	0	0.10400000000000001	585.1888575031252	2166.877396893677	8.852009280967982	867.374131902307	640.8514213487036	62.20640434904744	636.9330355267033	NaN
1.04	0	0.10400000000000001	586.6723468523026	2166.6542609779035	8.852921103869496	867.240463428815	640.85143522197	62.2064052375068	636.9330493362312	NaN
1.04	0	0.10400000000000001	588.1819526972133	2166.4435602968665	8.85378225900463	867.114219204911	640.851446501693	62.206406005575076	636.9330605730971	NaN
1.04	0	0.10400000000000001	589.7186727275991	2166.244797400484	8.854594756279207	866.9951066143744	640.8514556394196	62.206406609682944	636.9330696453206	NaN
1.04	0	0.10400000000000001	591.283559106494	2166.0574876642286	8.85536055530344	866.8828398956435	640.8514630139797	62.206407088980306	636.9330769898186	NaN
1.04	0	0.10400000000000001	592.877719300767	2165.8811593842015	8.856081564891667	866.777140306173	640.8514689422271	62.20640749155149	636.933082888883	NaN
1.04	0	0.10400000000000001	594.5023181153882	2165.715353639162	8.856759643511644	866.6777361352498	640.8514736883482	62.206407801386305	636.9330876046139	NaN
1.04	0	0.10400000000000001	596.1585854264964	2165.559623597115	8.857396602004616	866.5843623729093	640.8514774719108	62.20640805203456	636.9330913735954	NaN
1.04	0	0.10400000000000001	597.8478183150817	2165.4135344985493	8.857994203539047	866.4967607746266	640.8514804747715	62.20640825347689	636.9330943584126	NaN
1.04	0	0.10400000000000001	599.5713881939052	2165.276663192403	8.858554165394942	866.4146796489982	640.8514828470211	62.20640840810357	636.9330967185418	NaN
1.04	0	0.10400000000000001	601.3307454600078	2165.1485979770564	8.859078159502968	866.3378738203365	640.85148471207	62.206408533414674	636.9330985748747	NaN
1.04	0	0.10400000000000001	603.1274340971698	2165.028937816552	8.859567815542896	866.2661042094037	640.8514861710034	62.206408629372	636.9331000250477	NaN
1.04	0	0.10400000000000001	604.9630870990314	2164.9172930034856	8.860024718126175	866.1991382753954	640.8514873062709	62.206408704670444	636.93310115536	NaN
1.04	0	0.10400000000000001	606.8394392180201	2164.813284554166	8.860450409169008	866.1367496919369	640.8514881848402	62.20640876315049	636.9331020287948	NaN
1.04	0	0.10400000000000001	608.7583364152904	2164.7165439860983	8.86084638870572	866.0787182472507	640.8514888608613	62.206408807620086	636.9331027015857	NaN
1.04	0	0.10400000000000001	610.7217456421606	2164.6267131554087	8.861214115461175	866.0248297757654	640.8514893779147	62.20640884217907	636.9331032158618	NaN
1.04	0	0.10400000000000001	612.7317667424957	2164.543444065222	8.861555007546766	865.9748760682953	640.8514897709016	62.20640886800423	636.933103606809	NaN
1.04	0	0.10400000000000001	614.7906446610288	2164.4663987420563	8.861870442882672	865.9286548194892	640.8514900676283	62.20640888781948	636.9331039020315	NaN
1.04	0	0.10400000000000001	616.900783394787	2164.395249109695	8.862161759635208	865.8859695706607	640.8514902901289	62.206408902466244	636.9331041233355	NaN
1.04	0	0.10400000000000001	619.0647622050103	2164.3296768585865	8.862430256677229	865.8466296472021	640.8514904557634	62.206408913507865	636.9331042881455	NaN
1.04	0	0.10400000000000001	621.2853531867012	2164.2693733513597	8.862677193905444	865.8104501152815	640.8514905781273	62.206408921574365	636.9331044098489	NaN
1.04	0	0.10400000000000001	623.5655412807391	2164.2140395310566	8.862903792551252	865.7772517380935	640.8514906678008	62.20640892754669	636.9331044990736	NaN
1.04	0	0.10400000000000001	625.9085461029545	2164.1633858549594	8.86311123539139	865.7468609456614	640.8514907329638	62.206408931844535	636.9331045638891	NaN
1.04	0	0.10400000000000001	628.3178492537743	2164.117132181266	8.863300667156079	865.7191097747949	640.8514907798943	62.20640893496896	636.9331046105797	NaN
1.04	0	0.10400000000000001	630.7972215491013	2164.07500774368	8.86347319458155	865.6938358604551	640.8514908133764	62.20640893717821	636.9331046438878	NaN
1.04	0	0.10400000000000001	633.3507573314482	2164.0367510652413	8.863629886715522	865.6708823895186	640.8514908370264	62.20640893875202	636.9331046674132	NaN
1.04	0	0.10400000000000001	635.9829111021452	2164.002109921399	8.863771775025041	865.650098083113	640.8514908535559	62.20640893984392	636.9331046838597	NaN
1.04	0	0.10400000000000001	638.6985432136967	2163.9708412565938	8.863899853698566	865.6313371502338	640.8514908649797	62.20640894060174	636.9331046952213	NaN
1.04	0	0.10400000000000001	641.5029679454144	2163.9427111636132	8.86401507969456	865.6144592783264	640.8514908727816	62.20640894111984	636.9331047029849	NaN
1.04	0	0.10400000000000001	644.4020130756044	2163.9174948166865	8.864118372983048	865.5993295955367	640.8514908780423	62.20640894146714	636.9331047082172	NaN
1.04	0	0.10400000000000001	647.4020866625841	2163.8949764328386	8.864210616674642	865.5858186494295	640.851490881542	62.20640894170032	636.9331047116985	NaN
1.04	0	0.10400000000000001	650.5102570608856	2163.8749492163224	8.86429265722193	865.5738023751585	640.8514908838365	62.206408941851755	636.9331047139822	NaN
1.04	0	0.10400000000000001	653.7343441907042	2163.857215321254	8.864365304549162	865.5631620742311	640.851490885318	62.20640894194961	636.933104715455	NaN
1.04	0	0.10400000000000001	657.0830315904943	2163.8415857876585	8.864429332293478	865.5537843770567	640.8514908862585	62.20640894201236	636.9331047163911	NaN
1.04	0	0.10400000000000001	660.565992889891	2163.8278805094437	8.864485477917803	865.5455612244363	640.8514908868452	62.20640894205096	636.9331047169746	NaN
1.04	0	0.10400000000000001	664.1940509520919	2163.8159281628964	8.86453444298769	865.5383898251982	640.851490887204	62.20640894207499	636.9331047173314	NaN
1.04	0	0.10400000000000001	667.9793590879972	2163.805566169958	8.86457689330779	865.5321726345663	640.8514908874189	62.20640894208933	636.9331047175456	NaN
1.04	0	0.10400000000000001	671.9356322632659	2163.796640619441	8.864613459232459	865.5268173071872	640.8514908875449	62.20640894209711	636.9331047176711	NaN
1.04	0	0.10400000000000001	676.0784155051209	2163.7890062204187	8.864644735846259	865.5222366693835	640.8514908876165	62.2064089421018	636.933104717742	NaN
1.04	0	0.10400000000000001	680.425425041659	2163.782526222496	8.86467128328172	865.5183486714715	640.8514908876566	62.20640894210463	636.9331047177816	NaN
1.04	0	0.10400000000000001	684.9969618967274	2163.7770723480544	8.864693626989352	865.5150763472193	640.8514908876781	62.20640894210617	636.9331047178035	NaN
1.04	0	0.10400000000000001	689.8164295330118	2163.7725247120907	8.86471225805975	865.5123477658258	640.8514908876896	62.20640894210668	636.9331047178148	NaN
1.04	0	0.10400000000000001	694.9109958920803	2163.768771726723	8.864727633609542	865.5100959746753	640.8514908876951	62.20640894210727	636.9331047178204	NaN
1.04	0	0.10400000000000001	700.3124185471186	2163.7657100126535	8.864740177139835	865.5082589462515	640.8514908876979	62.206408942107494	636.9331047178231	NaN
1.04	0	0.10400000000000001	706.0581306227797	2163.763244283899	8.864750279004921	865.506779508997	640.851490887699	62.206408942107636	636.9331047178243	NaN
1.04	0	0.10400000000000001	712.1926343163191	2163.761287234454	8.86475829687385	865.5056052793224	640.8514908876997	62.206408942107544	636.9331047178251	NaN
1.04	0	0.10400000000000001	718.7693621535036	2163.759759401812	8.864764556287303	865.50468857973	640.8514908877	62.20640894210744	636.9331047178252	NaN
1.04	0	0.10400000000000001	725.8531617811915	2163.7585890192827	8.864769351260986	865.503986350207	640.8514908877	62.20640894210758	636.9331047178251	NaN
1.04	0	0.10400000000000001	733.5238311570017	2163.7577118340014	8.86477294502988	865.5034600390348	640.8514908877	62.20640894210758	636.9331047178251	NaN
1.04	0	0.10400000000000001	741.8810287846612	2163.757070926567	8.864775570786229	865.5030754945727	640.8514908877	62.20640894210769	636.9331047178251	NaN
1.04	0	0.10400000000000001	751.0506394628263	2163.7566165316175	8.86477743241392	865.5028028576024	640.8514908877	62.20640894210773	636.9331047178252	NaN
1.04	0	0.10400000000000001	761.1954150114893	2163.756305738181	8.864778705715647	865.50261638154	640.8514908877	62.20640894210768	636.9331047178252	NaN
1.04	0	0.10400000000000001	772.5300288702263	2163.7561022310388	8.864779539472176	865.5024942772544	640.8514908877	62.20640894210776	636.9331047178252	NaN
1.04	0	0.10400000000000001	785.345110374641	2163.7559759597566	8.864780056798109	865.5024185144853	640.8514908877	62.20640894210779	636.9331047178251	NaN
1.04	0	0.10400000000000001	800.0457641819113	2163.7559027599523	8.864780356693378	865.5023745946023	640.8514908877	62.20640894210769	636.9331047178251	NaN
1.04	0	0.10400000000000001	817.2192314580398	2163.7558638990886	8.86478051590405	865.5023512780838	640.8514908877	62.20640894210781	636.9331047178251	NaN
1.04	0	0.10400000000000001	837.7542779042556	2163.755845557324	8.86478059104918	865.5023402730254	640.8514908877	62.206408942107714	636.933104717825	NaN
1.04	0	0.10400000000000001	863.0798015029666	2163.7558382042957	8.864780621174104	865.5023358612087	640.8514908877	62.206408942107764	636.9331047178251	NaN
1.04	0	0.10400000000000001	895.6699416682345	2163.755835880768	8.864780630693463	865.5023344670916	640.8514908877	62.206408942107714	636.9331047178251	NaN
1.04	0	0.10400000000000001	940.266255795794	2163.7558353720756	8.864780632777546	865.5023341618763	640.8514908877	62.20640894210775	636.9331047178251	NaN
1.04	0	0.10400000000000001	1007.3308186288637	2163.7558353104637	8.864780633029966	865.5023341249091	640.8514908877	62.20640894210776	636.9331047178251	NaN
1.04	0	0.10400000000000001	1124.9723205984465	2163.7558353071036	8.86478063304373	865.5023341228931	640.8514908877	62.20640894210772	636.9331047178251	NaN
1.04	0	0.10400000000000001	1386.2001550027574	2163.7558353068835	8.864780633044633	865.5023341227612	640.8514908877	62.20640894210774	636.933104717825	NaN
1.04	0	0.10400000000000001	2074.470628247401	2163.7558353068503	8.864780633044768	865.5023341227411	640.8514908877	62.20640894210773	636.9331047178251	NaN
1.04	0	0.10400000000000001	4638.868886348553	2163.7558353068453	8.864780633044791	865.502334122738	640.8514908877	62.20640894210772	636.9331047178251	NaN
1.04	0	0.10400000000000001	5500.0	2163.755835306845	8.864780633044791	865.5023341227379	640.8514908877	62.206408942107736	636.933104717825	NaN
1.04	0	0.10400000000000001	Inf	2163.7558353068443	8.864780633044795	865.5023341227377	640.8514908877	62.20640894210772	636.9331047178251	NaN
1.05	1	0.1	0.0	2310.762587335457	7.982727072188335	924.3050349341828	616.2033566227885	63.013363750332296	612.8785255771229	NaN
1.05	1	0.1	9.999999999999999e-5	2310.762587335457	7.982727072188335	924.3050349341828	616.2033566227885	63.013363750332296	612.8785255771229	NaN
1.05	1	0.1	0.0010999999999999998	2310.762587335457	7.982727072188335	924.3050349341828	616.2033566227885	63.013363750332296	612.8785255771229	NaN
1.05	1	0.1	0.011099999999999997	2310.762587335457	7.982727072188335	924.3050349341828	616.2033566227885	63.013363750332296	612.8785255771229	NaN
1.05	1	0.1	0.11109999999999996	2310.762587335457	7.982727072188335	924.3050349341828	616.2033566227885	63.013363750332296	612.8785255771229	NaN
1.05	1	0.1	1.1110999999999995	2310.762587335457	7.982727072188335	924.3050349341828	616.2033566227885	63.01336375033216	612.8785255771228	NaN
1.05	1	0.1	7.6566452009414165	2310.762587335457	7.982727072188334	924.3050349341828	616.2033566227884	63.01336375033231	612.8785255771228	NaN
1.05	1	0.1	58.0485142387081	2310.762587335457	7.982727072188337	924.3050349341828	616.2033566227886	63.01336375033222	612.878525577123	NaN
1.05	1	0.1	439.9451161257723	2310.762587335457	7.982727072188335	924.3050349341828	616.2033566227885	63.01336375033231	612.878525577123	NaN
1.05	1	0.1	500.0	2310.762587335457	7.982727072188332	924.3050349341826	616.2033566227883	63.01336375033229	612.8785255771228	NaN
1.05	1	0.10500000000000001	500.0	2310.762587335457	7.982727072188332	924.3050349341826	616.2033566227883	63.01336375033229	612.8785255771228	NaN
1.05	1	0.10500000000000001	500.0076919269926	2310.7625850114136	7.982765742513298	924.3050349339112	616.2388845572143	63.013162151071896	612.878526351393	NaN
1.05	1	0.10500000000000001	500.01538385398527	2310.762569529663	7.982873159816291	924.3050349300023	616.2743715235362	63.01255846560072	612.8785317643056	NaN
1.05	1	0.10500000000000001	500.02588448071367	2310.7625072439982	7.983110647747938	924.3050349022096	616.3227504684552	63.01108831546471	612.8785550036207	NaN
1.05	1	0.10500000000000001	500.03773059792877	2310.762354258623	7.983478395898639	924.3050347970006	616.3772370208766	63.00853970752926	612.8786165526369	NaN
1.05	1	0.10500000000000001	500.05197145075016	2310.7620203388374	7.984026034601148	924.3050344685759	616.4426102019131	63.00423592042535	612.8787628162997	NaN
1.05	1	0.10500000000000001	500.0682696948474	2310.7613985887865	7.9847546279429205	924.3050336344064	616.5172567511473	62.99766385980249	612.8790619451686	NaN
1.05	1	0.10500000000000001	500.0871591880624	2310.7603161632524	7.985691675500895	924.3050317182231	616.6035433022289	62.98787230474356	612.8796383253634	NaN
1.05	1	0.10500000000000001	500.108832929339	2310.758553969131	7.986845415053266	924.3050276974036	616.7022474667442	62.9737998478882	612.8806842153825	NaN
1.05	1	0.10500000000000001	500.13385472250764	2310.755789491552	7.988239630890096	924.3050197075277	616.8158005826529	62.95384481159118	612.882524517697	NaN
1.05	1	0.10500000000000001	500.16278305226615	2310.7515856722885	7.9898967707077375	924.3050045146061	616.9465520854025	62.92592237846642	612.8856812787524	NaN
1.05	1	0.10500000000000001	500.1961527334245	2310.7453709281676	7.99183722880873	924.3049767276129	617.0966746966766	62.88741681097717	612.890969253209	NaN
1.05	1	0.10500000000000001	500.23366713277426	2310.7366268997694	7.994033077383065	924.304928936972	617.264548507558	62.836334081138645	612.8994109624916	NaN
1.05	1	0.10500000000000001	500.2743370624905	2310.7250482020027	7.996417236570661	924.3048527693018	617.4454787734227	62.772002853101334	612.912050956042	NaN
1.05	1	0.10500000000000001	500.31760055159265	2310.7103464797406	7.998950587818444	924.3047383067275	617.6367389581761	62.69383358637348	612.9300765763459	NaN
1.05	1	0.10500000000000001	500.36302365804056	2310.6922852287908	8.00160409406003	924.3045744784498	617.8362145677964	62.60157128756195	612.9547482547785	NaN
1.05	1	0.10500000000000001	500.41026289359905	2310.6706735472703	8.004355567411702	924.3043492931588	618.0422280656079	62.49527950110875	612.9873615718501	NaN
1.05	1	0.10500000000000001	500.45900369435327	2310.645380485991	8.007185354929566	924.3040503115634	618.253264054231	62.3754112652211	613.029176095188	NaN
1.05	1	0.10500000000000001	500.50898263201975	2310.616317679882	8.010077248229944	924.3036648245125	618.4680628383677	62.24270985412521	613.0813900648104	NaN
1.05	1	0.10500000000000001	500.5599701617833	2310.583438357758	8.013017289312918	924.3031801536088	618.685540923097	62.098187844438115	613.1450980233851	NaN
1.05	1	0.10500000000000001	500.6117756465722	2310.546724906571	8.01599396688455	924.3025837592143	618.9048079513411	61.943050850064736	613.2212760780108	NaN
1.05	1	0.10500000000000001	500.6642412802373	2310.506182438996	8.018997810033417	924.3018633528011	619.1251356509879	61.77865079424634	613.3107667110378	NaN
1.05	1	0.10500000000000001	500.7172413990366	2310.4618293566823	8.022021309773645	924.3010068915238	619.3459499631707	61.606429097142374	613.4142789634461	NaN
1.05	1	0.10500000000000001	500.7706742870559	2310.41369480484	8.025058419753485	924.3000026339819	619.5667921729037	61.42789090181379	613.5323812359753	NaN
1.05	1	0.10500000000000001	500.8244626869815	2310.36181041319	8.028104560250629	924.2988390384087	619.7873170851108	61.24455983156207	613.6655133214153	NaN
1.05	1	0.10500000000000001	500.8785484337937	2310.3062080119157	8.03115629062301	924.2975047299115	620.0072672297481	61.05795953449894	613.8139895885237	NaN
1.05	1	0.10500000000000001	500.93289040040133	2310.246915690424	8.03421117420801	924.2959884010647	620.226461414602	60.8695918045951	613.9780095104732	NaN
1.05	1	0.10500000000000001	500.9874612048716	2310.1839561580264	8.037267576492335	924.294278738404	620.4447787519475	60.68092534778455	614.1576645658494	NaN
1.05	1	0.10500000000000001	501.0422449634816	2310.117345111604	8.040324525623438	924.2923643327013	620.6621474816553	60.493386340192664	614.3529463189503	NaN
1.05	1	0.10500000000000001	501.0972349172872	2310.047090681545	8.043381568719148	924.2902336066246	620.8785337587121	60.30835364173651	614.5637520333945	NaN
1.05	1	0.10500000000000001	501.15243151213053	2309.973193203016	8.046438656226561	924.2878747472544	621.0939326861733	60.1271555680716	614.7898893422246	NaN
1.05	1	0.10500000000000001	501.20784056708237	2309.8956456222863	8.049496033564727	924.2852756577794	621.3083600792964	59.95106847319805	615.0310787413276	NaN
1.05	1	0.10500000000000001	501.26347170602963	2309.8144342221167	8.052554149498667	924.2824239241488	621.5218456035697	59.78131566952834	615.286954670977	NaN
1.05	1	0.10500000000000001	501.319336925866	2309.7295397337894	8.055613573935029	924.2793068028062	621.7344267426763	59.61906637053926	615.5570649782596	NaN
1.05	1	0.10500000000000001	501.37544930634635	2309.640938754947	8.05867492520809	924.2759112307132	621.9461435803214	59.465434023931685	615.8408691198451	NaN
1.05	1	0.10500000000000001	501.43182188448	2309.548605362586	8.061738807886247	924.2722238566585	622.1570344456962	59.321473516775555	616.1377356770482	NaN
1.05	1	0.10500000000000001	501.4884666419088	2309.4525129308176	8.064805758072954	924.2682310965644	622.3671321925189	59.188177099086126	616.446939449955	NaN
1.05	1	0.10500000000000001	501.5453936930715	2309.352635940949	8.067876200766948	924.2639192059177	622.5764614058118	59.06646866822165	616.7676591556915	NaN
1.05	1	0.10500000000000001	501.6026106331473	2309.2489517700164	8.070950416795966	924.2592743687894	622.7850363413653	58.95719659696706	617.0989761280974	NaN
1.05	1	0.10500000000000001	501.6601221195937	2309.141442247182	8.074028523040665	924.2542827934603	622.9928598269628	58.86112519622399	617.4398750087042	NaN
1.05	1	0.10500000000000001	501.71792969179137	2309.0300948711897	8.077110465855021	924.2489308069779	623.1999230890041	58.77892527534476	617.7892469952706	NaN
1.05	1	0.10500000000000001	501.7760318301457	2308.914903588849	8.080196027412585	924.2432049398759	623.4062064562364	58.71116439981294	618.1458960604151	NaN
1.05	1	0.10500000000000001	501.8344242791813	2308.7958689884463	8.083284845927023	924.2370919884958	623.6116809735254	58.65829751557636	618.5085485294419	NaN
1.05	1	0.10500000000000001	501.89310051074096	2308.6729980686323	8.08637644284727	924.2305790568421	623.8163104375145	58.620658776004305	618.8758652911857	NaN
1.05	1	0.10500000000000001	501.9520523745271	2308.5463034283775	8.0894702592945	924.2236535644627	624.0200539863008	58.598455093206894	619.2464567585749	NaN
1.05	1	0.10500000000000001	502.01127073929024	2308.415802249099	8.09256569120287	924.2163032347585	624.2228685321742	58.59176197330956	619.6188990197161	NaN
1.05	1	0.10500000000000001	502.07074609899183	2308.281515136862	8.095662121840215	924.2085160651768	624.4247109537382	58.600521742695356	619.9917505782398	NaN
1.05	1	0.10500000000000001	502.13046906177607	2308.143465035912	8.098758947505033	924.2002802903106	624.6255397811402	58.6245440963308	620.3635687253402	NaN
1.05	1	0.10500000000000001	502.1904306255682	2308.001676493017	8.101855591612226	924.1915843559999	624.8253160820267	58.663508642451866	620.7329245670882	NaN
1.05	1	0.10500000000000001	502.2506222782618	2307.8561752633086	8.104951509427897	924.1824169078697	625.024003720039	58.716969020342646	621.0984166959221	NaN
1.05	1	0.10500000000000001	502.3110358578687	2307.706988485732	8.108046180406566	924.172766813214	625.2215688138655	58.78435811323536	621.4586829986575	NaN
1.05	1	0.10500000000000001	502.37166327230676	2307.554145261837	8.111139093557716	924.1626232117397	625.4179787698614	58.864994033045605	621.812411229786	NaN
1.05	1	0.10500000000000001	502.4324961209159	2307.3976775771384	8.11422972818241	924.1519755957481	625.6132010522709	58.958086695790556	622.1583486708824	NaN
1.05	1	0.10500000000000001	502.4935252692806	2307.237621460004	8.117317532728888	924.1408139164155	625.807201874352	59.06274495031645	622.4953112578654	NaN
1.05	1	0.10500000000000001	502.55474050359413	2307.0740180495072	8.120401908183343	924.1291286952628	625.9999452147996	59.177984494687514	622.8221929017147	NaN
1.05	1	0.10500000000000001	502.6161303323611	2306.9069143536326	8.123482199273536	924.1169111235944	626.1913923519243	59.30273687076015	623.1379752225085	NaN
1.05	1	0.10500000000000001	502.67768199606144	2306.7363634740336	8.1265576962909	924.1041531293049	626.3815020699992	59.43585984224231	623.4417377063395	NaN
1.05	1	0.10500000000000001	502.7393817088895	2306.5624241562687	8.129627648421943	924.0908473937992	626.5702315671691	59.576149339823104	623.7326679487173	NaN
1.05	1	0.10500000000000001	502.80121518880276	2306.385159425829	8.132691291027452	924.0769872920348	626.7575381862559	59.72235311617918	624.0100716839918	NaN
1.05	1	0.10500000000000001	502.8631683300866	2306.204634646551	8.135747879268232	924.0625667719721	626.9433814745574	59.87318562735235	624.2733813311646	NaN
1.05	1	0.10500000000000001	502.9252280960845	2306.0209147303126	8.1387967316758	924.0475801442068	627.127725774693	60.02734398274121	624.5221629475078	NaN
1.05	1	0.10500000000000001	502.9873834008662	2305.834061136912	8.14183727206077	924.0320218254744	627.3105426273249	60.183523946566545	624.756120273857	NaN
1.05	1	0.10500000000000001	503.0496259776091	2305.6441286862855	8.144869069671177	924.015886035498	627.4918129848667	60.340435436150706	624.9750958818414	NaN
1.05	1	0.10500000000000001	503.11195112927504	2305.4511625246023	8.147891872571599	923.9991664749414	627.6715289426487	60.49681674475057	625.1790692320105	NaN
1.05	1	0.10500000000000001	503.1743582949687	2305.2551955024637	8.150905631209595	923.9818560094309	627.8496948251673	60.65144690179014	625.368151869621	NaN
1.05	1	0.10500000000000001	503.2368514367221	2305.0562460152973	8.153910512669036	923.9639463691793	628.026327680114	60.803155913999525	625.5425803788658	NaN
1.05	1	0.10500000000000001	503.29943919443764	2304.854316535972	8.156906903375445	923.9454278910085	628.2014570719274	60.95083266061286	625.7027076018928	NaN
1.05	1	0.10500000000000001	503.36213486040515	2304.649392742478	8.159895403033412	923.9262893017693	628.375124362897	61.0934306400479	625.8489929473685	NaN
1.05	1	0.10500000000000001	503.4249561748729	2304.4414432884937	8.162876810122887	923.9065175546583	628.547381520769	61.229971777224755	625.981992372199	NaN
1.05	1	0.10500000000000001	503.4879249680263	2304.230420180362	8.165852100401287	923.8860977222693	628.7182895548766	61.35954866323952	626.1023485868834	NaN
1.05	1	0.10500000000000001	503.5510666933386	2304.0162596459672	8.168822400735708	923.8650129419112	628.8879167287711	61.48132569940002	626.2107819308426	NaN
1.05	1	0.10500000000000001	503.6144098162542	2303.798883644031	8.17178895672928	923.8432444337207	629.0563364725887	61.59453948226997	626.3080820766694	NaN
1.05	1	0.10500000000000001	503.67798511636136	2303.5782018435743	8.17475309704969	923.8207715813803	629.2236251726775	61.698498976359076	626.3951007894002	NaN
1.05	1	0.10500000000000001	503.7418248461008	2303.3541142900385	8.177716191943219	923.7975721033897	629.3898597050128	61.79258579025766	626.4727456480432	NaN
1.05	1	0.10500000000000001	503.8059617878853	2303.1265146389383	8.180679608074145	923.7736223102845	629.5551148449271	61.87625504059601	626.5419746990887	NaN
1.05	1	0.10500000000000001	503.87042813555865	2302.895294242273	8.18364465644525	923.7488974853396	629.7194603828531	61.949037068430194	626.6037917499946	NaN
1.05	1	0.10500000000000001	503.93525423462046	2302.6603469994034	8.186612535244237	923.7233723895323	629.8829580645861	62.01054040400211	626.6592420593922	NaN
1.05	1	0.10500000000000001	504.0004671516532	2302.4215751081006	8.189584266503871	923.6970219155423	630.0456583088409	62.060456197091035	626.7094079904278	NaN
1.05	1	0.10500000000000001	504.0660891131947	2302.1788955996867	8.192560628683246	923.6698218893375	630.2075968331889	62.09856429239049	626.7554041615656	NaN
1.05	1	0.10500000000000001	504.1321358983839	2301.932247363513	8.195542089204782	923.6417499961497	630.368791418184	62.12474094240243	626.7983715549475	NaN
1.05	1	0.10500000000000001	504.1986152869239	2301.6815982751045	8.198528741615489	923.6127867932425	630.5292390627409	62.138967865683355	626.8394699951565	NaN
1.05	1	0.10500000000000001	504.2655257858241	2301.4269515462647	8.201520257304551	923.5829167079842	630.6889140509443	62.141342038264995	626.8798685153678	NaN
1.05	1	0.10500000000000001	504.3328558515861	2301.168350378648	8.204515861011615	923.5521289028259	630.8477673854603	62.13208515458883	626.9207332705171	NaN
1.05	1	0.10500000000000001	504.40058389978805	2300.9058796511654	8.20751434228777	923.52041783263	631.0057281694047	62.11155131379766	626.9632130267672	NaN
1.05	1	0.10500000000000001	504.4686792213559	2300.6396639746517	8.210514106942313	923.48778337551	631.1627070586933	62.080231281836724	627.0084226352124	NaN
1.05	1	0.10500000000000001	504.53710388229746	2300.3698615926855	8.213513270405716	923.4542304261537	631.318601784602	62.03875182777476	627.0574254299895	NaN
1.05	1	0.10500000000000001	504.60581545506005	2300.096654512518	8.216509784830018	923.4197679473355	631.4733042191325	61.98786916883586	627.1112158356772	NaN
1.05	1	0.10500000000000001	504.6747701831218	2299.8202362974957	8.219501581331395	923.3844076152858	631.6267079458943	61.92845650879007	627.1707035344403	NaN
1.05	1	0.10500000000000001	504.74392624633856	2299.540798801836	8.222486712327743	923.34816219545	631.778715532275	61.86148651567532	627.2367004780958	NaN
1.05	1	0.10500000000000001	504.81324661074734	2299.258519973409	8.225463471660138	923.3110439158643	631.9292443764928	61.78801047022805	627.3099114398326	NaN
1.05	1	0.10500000000000001	504.88270126355434	2298.9735536756866	8.228430484638608	923.273062978891	632.0782307909102	61.70913598380115	627.390928416318	NaN
1.05	1	0.10500000000000001	504.95226864878555	2298.686022461645	8.23138676115409	923.2342263637534	632.225632056152	61.62600517437255	627.4802285711554	NaN
1.05	1	0.10500000000000001	505.0219363422445	2298.396013333563	8.234331714748421	923.1945369621313	632.3714266814261	61.53977468627794	627.578175124771	NaN
1.05	1	0.10500000000000001	505.0917010460793	2298.103576324246	8.237265152214546	923.153993061847	632.5156131804013	61.45159843796123	627.6850203552399	NaN
1.05	1	0.10500000000000001	505.16156809422296	2297.808725233064	8.240187242779864	923.1125881201164	632.6582078763788	61.3626133707661	627.8009099413043	NaN
1.05	1	0.10500000000000001	505.231550582114	2297.5114401270625	8.243098472346587	923.0703107976063	632.7992420515035	61.27392815431646	627.9258878570914	NaN
1.05	1	0.10500000000000001	505.301668264209	2297.2116710548025	8.245999589296193	923.0271451951202	632.9387587882869	61.18661446503877	628.0599012347664	NaN
1.05	1	0.10500000000000001	505.3719463691294	2296.9093423564077	8.248891548364412	922.983071217243	633.0768098330229	61.10170025573107	628.2028048675232	NaN
1.05	1	0.10500000000000001	505.44241433042805	2296.604357578046	8.251775452626111	922.9380650711506	633.2134524869658	61.02016453534024	628.3543649675215	NaN
1.05	1	0.10500000000000001	505.5131045210382	2296.296604605449	8.254652497291666	922.8920998498119	633.3487467028253	60.942933039862176	628.5142621408328	NaN
1.05	1	0.10500000000000001	505.5840510080715	2295.9859609267005	8.257523915981153	922.8451461883882	633.4827524128585	60.870874293084036	628.6820935848741	NaN
1.05	1	0.10500000000000001	505.6552883674544	2295.67229883152	8.260390931034419	922.7971729657096	633.6155271545193	60.80479559586923	628.8573747054091	NaN
1.05	1	0.10500000000000001	505.72685051326954	2295.3554907236253	8.26325470597325	922.7481480776556	633.7471238980729	60.74543865352672	629.0395402613692	NaN
1.05	1	0.10500000000000001	505.7987696155434	2295.0354142023416	8.266116303036922	922.6980392301289	633.8775892046355	60.693474528855795	629.2279455118539	NaN
1.05	1	0.10500000000000001	505.8710750544034	2294.7119571212916	8.268976643620672	922.6468147824402	634.0069616056655	60.64949784381317	629.4218676014412	NaN
1.05	1	0.10500000000000001	505.94379246515507	2294.3850223622776	8.271836473727776	922.594444599465	634.135270292778	60.61402017409398	629.6205077184865	NaN
1.05	1	0.10500000000000001	506.01694287982065	2294.0545322755506	8.274696334537717	922.5409009019879	634.2625341117608	60.587462761110544	629.8229944549677	NaN
1.05	1	0.10500000000000001	506.09054196857966	2293.720432747416	8.277556538101239	922.4861591056024	634.3887608503087	60.57014878593621	630.028388763391	NaN
1.05	1	0.10500000000000001	506.164599426555	2293.382696664569	8.28041714978187	922.4301986060236	634.5139468788798	60.562295554667585	630.2356909672674	NaN
1.05	1	0.10500000000000001	506.23911851067453	2293.041326725022	8.283277977414741	922.3730034955515	634.6380771276929	60.56400707396799	630.4438500799096	NaN
1.05	1	0.10500000000000001	506.3140957928316	2292.6963572626705	8.286138569475249	922.314563146273	634.7611254818657	60.575267573851	630.6517757296666	NaN
1.05	1	0.10500000000000001	506.3895210731971	2292.347855310471	8.288998219788375	922.2548726863954	634.8830554670027	60.59593658480978	630.8583524895455	NaN
1.05	1	0.10500000000000001	506.4653776119229	2291.995920141611	8.291855984455541	922.1939332274932	635.0038214469075	60.62574619904333	631.0624568222379	NaN
1.05	1	0.10500000000000001	506.5416425930979	2291.6406816474746	8.294710707240117	922.1317518856031	635.1233701437105	60.664301088177915	631.2629759708997	NaN
1.05	1	0.10500000000000001	506.61828794795775	2291.28229692955	8.297561057705494	922.0683414694341	635.2416426338674	60.71108178550754	631.4588285127668	NaN
1.05	1	0.10500000000000001	506.6952815058598	2290.9209452138393	8.300405580304922	922.0037198306566	635.3585767102162	60.76545154942734	631.6489856733274	NaN
1.05	1	0.10500000000000001	506.7725884664345	2290.556821089001	8.303242753584474	921.9379088530633	635.4741095441401	60.826666889818476	631.8324924462738	NaN
1.05	1	0.10500000000000001	506.85017316589784	2290.190126172792	8.30607105792607	921.8709330762583	635.588180554623	60.89389156281983	632.0084874638108	NaN
1.05	1	0.10500000000000001	506.9280009973392	2289.8210598581472	8.30888904622681	921.8028180525954	635.7007342355412	60.96621346018824	632.1762203632827	NaN
1.05	1	0.10500000000000001	507.0060404074243	2289.449809514027	8.31169541443669	921.7335884944921	635.8117228096082	61.04266359834064	632.3350657504551	NaN
1.05	1	0.10500000000000001	507.08426477719513	2289.0765410765403	8.314489064954971	921.6632663814335	635.9211084346442	61.12223612662979	632.4845329049352	NaN
1.05	1	0.10500000000000001	507.1626540367671	2288.701390786612	8.317269157764946	921.5918691763878	636.0288647828588	61.20390822455703	632.6242708690133	NaN
1.05	1	0.10500000000000001	507.2411959713677	2288.324458326938	8.320035148271918	921.5194082159691	636.1349779864219	61.28665892735939	632.7540691344749	NaN
1.05	1	0.10500000000000001	507.31988708221047	2287.9458020631428	8.32278680762557	921.4458874309075	636.2394468260363	61.369485992313635	632.8738542682731	NaN
1.05	1	0.10500000000000001	507.3987330203303	2287.565436354602	8.325524226930625	921.3713024184681	636.3422822629743	61.45142031746892	632.9836833245542	NaN
1.05	1	0.10500000000000001	507.4777486300068	2287.1833308012574	8.32824780734686	921.2956398680277	636.4435064327876	61.531537717155146	633.0837349768819	NaN
1.05	1	0.10500000000000001	507.55695760207783	2286.799411458499	8.330958236764118	921.2188773719967	636.5431511644708	61.60896807370351	633.1742992332095	NaN
1.05	1	0.10500000000000001	507.6363917981521	2286.413563750478	8.333656455787747	921.1409835933409	636.6412561608987	61.68290216274007	633.2557665922525	NaN
1.05	1	0.10500000000000001	507.71609031396787	2286.0256367660895	8.336343615889092	921.0619187472066	636.7378669720604	61.752596609180785	633.3286173337472	NaN
1.05	1	0.10500000000000001	507.796098213204	2285.635449280543	8.339021027874317	920.981635485428	636.8330327176475	61.81737740809781	633.3934113246384	NaN
1.05	1	0.10500000000000001	507.8764650042252	2285.2427971563384	8.341690103640712	920.9000801344399	636.9268036905455	61.87664264310663	633.4507787050106	NaN
1.05	1	0.10500000000000001	507.95724279356136	2284.847462447742	8.344352289502629	920.817194373366	637.0192288023791	61.92986492624857	633.501411495021	NaN
1.05	1	0.10500000000000001	508.0384840415358	2284.4492245748074	8.34700898924943	920.7329174537579	637.1103528353328	61.9765940869394	633.5460560177953	NaN
1.05	1	0.10500000000000001	508.1202389244513	2284.047873544866	8.349661477830304	920.6471889859845	637.2002135646193	62.01646064934937	633.5855059126967	NaN
1.05	1	0.10500000000000001	508.2025522505722	2283.643225474822	8.352310804753726	920.5599523779209	637.2888387553338	62.04918049089022	633.6205952862357	NaN
1.05	1	0.10500000000000001	508.2854600145171	2283.235139987591	8.354957690805271	920.4711588685428	637.3762431914381	62.074560967627434	633.6521914372148	NaN
1.05	1	0.10500000000000001	508.3689858482876	2282.8235381891272	8.357602427024608	920.3807719025439	637.4624260576547	62.092508523994255	633.6811864774137	NaN
1.05	1	0.10500000000000001	508.4531377227466	2282.408419444068	8.360244787354517	920.2887714636278	637.5473690445946	62.10303734479311	633.7084870944997	NaN
1.05	1	0.10500000000000001	508.53790559055983	2281.9898734870167	8.362883976077777	920.195157577572	637.6310358124309	62.1062780771585	633.7350018790515	NaN
1.05	1	0.10500000000000001	508.6232606951532	2281.5680842220686	8.365518630673048	920.0999520962152	637.7133733548102	62.102484984652996	633.7616259527131	NaN
1.05	1	0.10500000000000001	508.7091570811477	2281.1433224934976	8.36814689331428	920.0031980229144	637.7943154966837	62.09203948029059	633.7892232029692	NaN
1.05	1	0.10500000000000001	508.7955356323423	2280.7159261617344	8.370766556639087	919.9049558330536	637.873788472659	62.07544805374307	633.8186072018259	NaN
1.05	1	0.10500000000000001	508.88232997916754	2280.2862707223862	8.373375259144165	919.80529735337	637.9517176038325	62.05333340269619	633.8505223569422	NaN
1.05	1	0.10500000000000001	508.9694734679717	2279.8547344971184	8.375970702497007	919.7042980010657	638.0280340848532	62.026418868036814	633.8856271753107	NaN
1.05	1	0.10500000000000001	509.0569057849198	2279.4216654331576	8.378550847212233	919.6020289646154	638.1026805392195	61.99550770039898	633.9244810934671	NaN
1.05	1	0.10500000000000001	509.1445783524883	2278.98735396796	8.38111406156538	919.4985504111144	638.1756146872884	61.96145951237889	633.9675357585398	NaN
1.05	1	0.10500000000000001	509.232457865197	2278.552015175935	8.383659207799015	919.3939065837877	638.2468108275217	61.92516645654078	634.0151307749846	NaN
1.05	1	0.10500000000000001	509.32052796798973	2278.1157802349258	8.386185669306716	919.2881229356962	638.3162594341607	61.887531133529734	634.0674933507455	NaN
1.05	1	0.10500000000000001	509.4087893612537	2277.6786958295465	8.388693330432414	919.1812050984993	638.3839653789488	61.849447454704176	634.1247409013488	NaN
1.05	1	0.10500000000000001	509.49725871367383	2277.2407296012157	8.391182522617266	919.0731393361882	638.4499452985019	61.81178492586011	634.1868855528933	NaN
1.05	1	0.10500000000000001	509.58596686586094	2276.801779233952	8.393653952591508	918.9638939711366	638.5142246286399	61.77537617929535	634.2538396580064	NaN
1.05	1	0.10500000000000001	509.6749565081947	2276.3616842393267	8.396108619008341	918.8534216001074	638.5768345318946	61.741007306431655	634.3254214955443	NaN
1.05	1	0.10500000000000001	509.7642797301012	2275.920238442948	8.398547729312508	918.741661632121	638.6378090539828	61.70941023510596	634.4013607863745	NaN
1.05	1	0.10500000000000001	509.85399526205174	2275.477204023841	8.400972612272673	918.628543376633	638.6971824021973	61.68125654259936	634.4813035164859	NaN
1.05	1	0.10500000000000001	509.9441657726092	2275.032325282076	8.403384636414984	918.5139892339793	638.7549866100488	61.657151893263574	634.5648162530188	NaN
1.05	1	0.10500000000000001	510.0348548341575	2274.585344009098	8.40578512409674	918.3979184740849	638.8112493367447	61.63763062096688	634.651389744292	NaN
1.05	1	0.10500000000000001	510.1261238079613	2274.136015183698	8.408175268446108	918.2802512947607	638.8659919912203	61.62314985562185	634.7404423374438	NaN
1.05	1	0.10500000000000001	510.2180284202159	2273.6841240772496	8.41055604752629	918.1609134562491	638.919228058206	61.61408288983423	634.8313235068644	NaN
1.05	1	0.10500000000000001	510.31061512130196	2273.2295042637115	8.4129281388034	918.0398413849316	638.970961718841	61.610711577416076	634.9233182272712	NaN
1.05	1	0.10500000000000001	510.4039173471318	2272.7720558982583	8.415291837496914	917.9169875964865	639.0211868584331	61.613217840246094	635.0156530689429	NaN
1.05	1	0.10500000000000001	510.49795203679867	2272.3117624799943	8.417646988003163	917.792325966379	639.0698866544759	61.62167472090686	635.1075051392895	NaN
1.05	1	0.10500000000000001	510.5927168504158	2271.848703898211	8.419992938970138	917.665856229301	639.1170339234548	61.63603788541489	635.1980149284692	NaN
1.05	1	0.10500000000000001	510.68818883415287	2271.383062121706	8.422328538900436	917.5376066489839	639.1625924728155	61.656138981053964	635.2863040131875	NaN
1.05	1	0.10500000000000001	510.78432513817444	2270.9151166499682	8.424652183931165	917.4076339403621	639.2065195181381	61.68168261524553	635.371497756371	NaN
1.05	1	0.10500000000000001	510.8810662507239	2270.4452276139396	8.426961924511348	917.2760196824985	639.2487690659196	61.712248726908065	635.4527521481373	NaN
1.05	1	0.10500000000000001	510.978341560471	2269.973807644549	8.429255621220301	917.1428633302711	639.2892958250847	61.747301528225535	635.5292825453372	NaN
1.05	1	0.10500000000000001	511.07607661837943	2269.5012857821007	8.431531130131727	917.0082725643452	639.3280590765544	61.786205150286	635.6003912846146	NaN
1.05	1	0.10500000000000001	511.1742008291434	2269.0280697638887	8.433786484970366	916.8723526619823	639.3650258054362	61.828244781611424	635.6654908455854	NaN
1.05	1	0.10500000000000001	511.27265451478814	2268.5545118998857	8.43602005118444	916.7351963649465	639.4001726861987	61.87265118857863	635.724120254349	NaN
1.05	1	0.10500000000000001	511.37139437513184	2268.0808832413227	8.438230631500643	916.5968756758259	639.4334867113558	61.91862605827506	635.7759536217396	NaN
1.05	1	0.10500000000000001	511.4703970301034	2267.607357469476	8.440417519425361	916.4574361395805	639.4649646106786	61.96536595111525	635.8208012514754	NaN
1.05	1	0.10500000000000001	511.56966058868215	2267.1340046304886	8.442580503568811	916.3168938099797	639.4946113258457	62.01208326287224	635.858604652867	NaN
1.05	1	0.10500000000000001	511.6692046758469	2266.6607924955238	8.444719836180372	916.1752343996999	639.5224379354211	62.0580234952416	635.889427356265	NaN
1.05	1	0.10500000000000001	511.7690690832022	2266.187594607832	8.446836172627409	916.0324144589715	639.5484592816066	62.1024786596952	635.9134432681706	NaN
1.05	1	0.10500000000000001	511.8693115527535	2265.714202458029	8.448930495246827	915.8883639147381	639.572691595734	62.14479731264499	635.9309241800465	NaN
1.05	1	0.10500000000000001	511.9700046918728	2265.2403416814936	8.451004023296143	915.7429900079244	639.5951502266175	62.184391830050906	635.9422275065999	NaN
1.05	1	0.10500000000000001	512.0712321852469	2264.76569137538	8.45305811410869	915.5961824182951	639.6158476049859	62.220743812535424	635.9477850259873	NaN
1.05	1	0.10500000000000001	512.1730841220518	2264.289907264344	8.455094153285112	915.4478198615698	639.6347914892306	62.25340845687406	635.9480929704267	NaN
1.05	1	0.10500000000000001	512.2756512774661	2263.812649308504	8.457113432650383	915.2977784191567	639.6519835677631	62.2820187593312	635.9437035159033	NaN
1.05	1	0.10500000000000001	512.3790181523513	2263.3336144685704	8.459117014500853	915.1459419172013	639.6674185128626	62.30629032489724	635.9352173897236	NaN
1.05	1	0.10500000000000001	512.4832548696587	2262.8525739324923	8.461105586834083	914.9922142410823	639.681083647027	62.326027416658974	635.9232769506353	NaN
1.05	1	0.10500000000000001	512.5884082866539	2262.369412901741	8.463079318988067	914.8365330749408	639.6929593968844	62.34113048564554	635.9085587029439	NaN
1.05	1	0.10500000000000001	512.6944936519321	2261.884166643015	8.46503774408571	914.6788830898223	639.7030207409906	62.351604856854614	635.8917638053525	NaN
1.05	1	0.10500000000000001	512.8014888998358	2261.3970432556625	8.466979705140382	914.5193054005355	639.7112397153674	62.357569260307784	635.873604962844	NaN
1.05	1	0.10500000000000001	512.909334171206	2260.908421747866	8.468903405097342	914.3578992804398	639.7175887604315	62.35926182006963	635.854788476758	NaN
1.05	1	0.10500000000000001	513.0179382972409	2260.418818378196	8.470806579506341	914.1948133125414	639.7220442932608	62.357040460072966	635.835991484984	NaN
1.05	1	0.10500000000000001	513.1271919645887	2259.928823679158	8.472686771391114	914.0302261610964	639.7245896207992	62.35137521054891	635.8178362728247	NaN
1.05	1	0.10500000000000001	513.236984501572	2259.439025008696	8.474541641897373	913.8643214028106	639.7252163809204	62.342831784184746	635.8008651667019	NaN
1.05	1	0.10500000000000001	513.3472200865558	2258.9499340110333	8.476369239391111	913.6972627342398	639.7239241835138	62.33204824412824	635.7855197774929	NaN
1.05	1	0.10500000000000001	513.4578299953298	2258.461933969744	8.478168173681933	913.5291747956372	639.7207187030906	62.31970824046449	635.7721271161207	NaN
1.05	1	0.10500000000000001	513.5687793794391	2257.97525311004	8.479937680441953	913.3601320965083	639.71560884321	62.30651447518082	635.7608931761341	NaN
1.05	1	0.10500000000000001	513.6800691255212	2257.4899605740484	8.481677596633228	913.1901554017745	639.7086036342018	62.29316502384853	635.7519029279539	NaN
1.05	1	0.10500000000000001	513.7917339923337	2257.0059790378496	8.483388276102298	913.0192138964933	639.6997093647516	62.280333777392514	635.7451249147067	NaN
1.05	1	0.10500000000000001	513.9038385270654	2256.52310682788	8.48507047587419	912.8472309160405	639.6889272272604	62.26865507660535	635.7404185701363	NaN
1.05	1	0.10500000000000001	514.0164714277453	2256.0410462445725	8.486725227645255	912.6740922532022	639.6762516381306	62.25871193016709	635.7375427881668	NaN
1.05	1	0.10500000000000001	514.1297390112002	2255.559434957775	8.48835370712964	912.4996560363332	639.6616692960843	62.25102678855567	635.7361647654762	NaN
1.05	1	0.10500000000000001	514.2437576963731	2255.077880624828	8.489957101836435	912.3237643076646	639.6451590657559	62.24605377245777	635.7358687055661	NaN
1.05	1	0.10500000000000001	514.3586452987294	2254.595999321022	8.491536476597899	912.1462566040556	639.6266928043553	62.24417126971899	635.7361644762711	NaN
1.05	1	0.10500000000000001	514.4745108033917	2254.1134588306	8.493092635103315	911.9669860385186	639.6062373001994	62.24567396518666	635.7364968095188	NaN
1.05	1	0.10500000000000001	514.5914426335013	2253.6300262954505	8.4946259812127	911.78583783723	639.583757465671	62.25076366759026	635.7362561026117	NaN
1.05	1	0.10500000000000001	514.7094960903149	2253.14561698354	8.496136392289566	911.6027492512344	639.5592207830693	62.259538879616215	635.7347922467637	NaN
1.05	1	0.10500000000000001	514.828682107955	2252.660335125871	8.497623133235455	911.417727464547	639.5326025767831	62.271984054859416	635.7314329433879	NaN
1.05	1	0.10500000000000001	514.9489606931917	2252.174493375112	8.499084849097295	911.230860183683	639.5038911137399	62.287960837122874	635.7255073121113	NaN
1.05	1	0.10500000000000001	515.0702429378696	2251.688596310943	8.500519671218393	911.0423127702288	639.473090982982	62.30720477501253	635.7163740060519	NaN
1.05	1	0.10500000000000001	515.1924038189122	2251.203281198774	8.50192544246908	910.852308390693	639.4402232035602	62.32933108704626	635.7034508548447	NaN
1.05	1	0.10500000000000001	515.3153035424864	2250.71922747131	8.503300011887083	910.6610946501374	639.4053215733059	62.353851112720875	635.686241486378	NaN
1.05	1	0.10500000000000001	515.4388120229369	2250.2370582487424	8.504641521014708	910.4689051862102	639.3684260601004	62.38019795614518	635.6643545659064	NaN
1.05	1	0.10500000000000001	515.5628296777928	2249.7572611974933	8.505948603985326	910.27592695321	639.3295751788862	62.40775701963041	635.6375134630891	NaN
1.05	1	0.10500000000000001	515.6873009624146	2249.2801416924344	8.507220474076066	910.0822788853754	639.2887990288078	62.43589660516024	635.6055567267915	NaN
1.05	1	0.10500000000000001	515.8122199717574	2248.8058091502185	8.508456907101682	909.8880030672486	639.2461140437111	62.46399490544247	635.5684316234631	NaN
1.05	1	0.10500000000000001	515.9376297017191	2248.3341886289213	8.50965815490959	909.6930659600224	639.2015197177284	62.49146165011009	635.5261835813769	NaN
1.05	1	0.10500000000000001	516.0636170940388	2247.865048210617	8.51082482264514	909.4973663640656	639.1549971385227	62.517754303571266	635.4789440911825	NaN
1.05	1	0.10500000000000001	516.1903049881552	2247.3980369358524	8.51195772891981	909.3007483288095	639.1065092768885	62.54238959502806	635.4269191902325	NaN
1.05	1	0.10500000000000001	516.3178417344652	2246.932729703539	8.513057761831275	909.1030177787367	639.0560029828491	62.56495173138583	635.3703799328038	NaN
1.05	1	0.10500000000000001	516.4463879462633	2246.4686803312325	8.51412573141381	908.9039635908861	639.0034130748312	62.58509867720817	635.3096559306133	NaN
1.05	1	0.10500000000000001	516.5760998293059	2246.0054838976957	8.515162220223692	908.7033838913068	638.9486689723914	62.60256793130174	635.2451323841105	NaN
1.05	1	0.10500000000000001	516.7071084320667	2245.5428495760907	8.516167434690606	908.5011184499094	638.8917044173504	62.61718297854989	635.1772503583037	NaN
1.05	1	0.10500000000000001	516.8394961879309	2245.0806778196907	8.517141076422792	908.2970848829325	638.8324699674109	62.62886120389735	635.1065083038319	NaN
1.05	1	0.10500000000000001	516.9732750907394	2244.619125923342	8.518082269815995	908.0913118022332	638.7709464125611	62.637622981072695	635.0334605440073	NaN
1.05	1	0.10500000000000001	517.1083750866994	2244.158633016173	8.518989598995915	907.8839556379426	638.7071547930813	62.64359992537816	634.9587059687158	NaN
1.05	1	0.10500000000000001	517.2446521625185	2243.699875532141	8.519861290309382	907.6752867587035	638.6411574199973	62.64703829751568	634.8828606682508	NaN
1.05	1	0.10500000000000001	517.3819189687864	2243.2436496471723	8.520695512428683	907.465641041845	638.5730467649532	62.64829295390586	634.8065143598322	NaN
1.05	1	0.10500000000000001	517.5199888419285	2242.790717530489	8.521490691787635	907.255351532475	638.5029250791148	62.64780965085446	634.7301798263114	NaN
1.05	1	0.10500000000000001	517.658716798219	2242.341674737201	8.522245726757568	907.0446857334591	638.4308824197765	62.646097982681226	634.654249455631	NaN
1.05	1	0.10500000000000001	517.7980257235486	2241.896875542125	8.522960049951205	906.8338064939334	638.3569798555212	62.643700446882626	634.5789685082999	NaN
1.05	1	0.10500000000000001	517.9379157436862	2241.4564181605538	8.523633563596611	906.6227592361257	638.2812403075875	62.64116305731698	634.5044263486659	NaN
1.05	1	0.10500000000000001	518.0784609067882	2241.0201719645656	8.524266504023515	906.4114788240367	638.2036461247872	62.639010678043014	634.4305613812575	NaN
1.05	1	0.10500000000000001	518.2197983009352	2240.5878271664315	8.524859283901288	906.199807956134	638.124141452788	62.6377278275439	634.3571742879016	NaN
1.05	1	0.10500000000000001	518.3621125255033	2240.158955828024	8.525412339055785	905.9875223992094	638.0426382180783	62.63774410639568	634.2839457982949	NaN
1.05	1	0.10500000000000001	518.5056161440858	2239.7330808250304	8.525925991200062	905.7743618691725	637.959025608394	62.639422619988686	634.2104573571596	NaN
1.05	1	0.10500000000000001	518.6505251332634	2239.3097542401665	8.526400331279321	905.5600677400207	637.8731838217232	62.64304952996879	634.1362149667196	NaN
1.05	1	0.10500000000000001	518.7970277105285	2238.8886479857733	8.526835128976183	905.3444295911911	637.7850032992119	62.64882303075505	634.0606779413447	NaN
1.05	1	0.10500000000000001	518.9452474801566	2238.4696515257137	8.527229784634349	905.1273387142237	637.6944091847708	62.65684080668745	633.9832940856575	NaN
1.05	1	0.10500000000000001	519.095207513803	2238.052956109549	8.527583350368118	904.9088384250131	637.6013871055936	62.66708684084502	633.9035404518528	NaN
1.05	1	0.10500000000000001	519.246810612594	2237.639084068751	8.527894647291701	904.6891489169944	637.506000391651	62.67942147883064	633.8209633518	NaN
1.05	1	0.10500000000000001	519.3998539828611	2237.2288199538766	8.528162472832186	904.468641146742	637.4083858708584	62.693581401398355	633.7352061767314	NaN
1.05	1	0.10500000000000001	519.5540828345892	2236.8230437600364	8.528385829623705	904.2477553006262	637.3087231692584	62.709195113437445	633.6460159265431	NaN
1.05	1	0.10500000000000001	519.709262263055	2236.4225330884337	8.528564072670981	904.0268957412158	637.2071889551183	62.725813191079965	633.5532307860097	NaN
1.05	1	0.10500000000000001	519.865236488414	2236.0278187488143	8.528696916575036	903.8063476097014	637.1039160227383	62.74294573111798	633.4567603064369	NaN
1.05	1	0.10500000000000001	520.0219586710432	2235.639130897425	8.528784326055582	903.5862381801943	636.9989696145593	62.76009815525886	633.3565682602223	NaN
1.05	1	0.10500000000000001	520.1794940388245	2235.2564187947314	8.528826354267679	903.366537458267	636.8923409695223	62.77680018815343	633.2526613034753	NaN
1.05	1	0.10500000000000001	520.3380059292344	2234.8794120770453	8.528822983343304	903.1470830260151	636.7839529648415	62.79262690382926	633.1450831934857	NaN
1.05	1	0.10500000000000001	520.4977315251753	2234.507701829607	8.528773998178862	902.9276186126981	636.6736739408012	62.80721310381526	633.033914695571	NaN
1.05	1	0.10500000000000001	520.658949142969	2234.1408335820092	8.528678911082299	902.707843015013	636.5613387595091	62.82026322709512	632.9192806535367	NaN
1.05	1	0.10500000000000001	520.8219345248658	2233.778414708677	8.528536954579184	902.4874720000428	636.4467790950198	62.831559103603155	632.8013670101045	NaN
1.05	1	0.10500000000000001	520.9869044344924	2233.420235642742	8.528347164306592	902.266314355392	636.3298644143518	62.84096773009709	632.6804483909515	NaN
1.05	1	0.10500000000000001	521.1539526416459	2233.066389101506	8.528108567210932	902.0443539572445	636.2105502425234	62.848450389744826	632.5569202762346	NaN
1.05	1	0.10500000000000001	521.323001484576	2232.7173365395047	8.527820445423224	901.8218063422377	636.0889169213782	62.85407238178628	632.4313151936819	NaN
1.05	1	0.10500000000000001	521.4938069611571	2232.373851789928	8.52748256308354	901.5991014106833	635.9651703504901	62.85800882672151	632.3042720574808	NaN
1.05	1	0.10500000000000001	521.6660383837282	2232.0368215220597	8.527095200779808	901.3767698327708	635.8395872799772	62.86053914770118	632.1764445485506	NaN
1.05	1	0.10500000000000001	521.8393982954136	2231.706995789928	8.526658947179921	901.1552839071263	635.7124281701042	62.862025764774046	632.0483812146368	NaN
1.05	1	0.10500000000000001	522.0137179601899	2231.384822454987	8.526174366527611	900.9349386812225	635.5838648697802	62.862880916892486	631.9204336288681	NaN
1.05	1	0.10500000000000001	522.1889968668388	2231.0704120809464	8.525641696354882	900.7158109189289	635.4539480031926	62.863530871229536	631.7927193087899	NaN
1.05	1	0.10500000000000001	522.3653969727194	2230.7635934200125	8.525060647539764	900.4977776555775	635.3226079981024	62.86438481756483	631.6651291360428	NaN
1.05	1	0.10500000000000001	522.5432120915541	2230.4640083169434	8.52443031469028	900.2805651580911	635.1896756599061	62.86581087265669	631.5373597364285	NaN
1.05	1	0.10500000000000001	522.7228225231553	2230.171220454458	8.523749198932505	900.0638135898961	635.0549150982303	62.86811807752672	631.4089595941002	NaN
1.05	1	0.10500000000000001	522.9046327564462	2229.8848357837796	8.523015373709079	899.8471582477105	634.9180706582816	62.87154165516028	631.2793884681638	NaN
1.05	1	0.10500000000000001	523.0889852146807	2229.6046385604454	8.522226848957638	899.6303334729218	634.778933096021	62.87622854198602	631.148095372596	NaN
1.05	1	0.10500000000000001	523.2760517574042	2229.3307307675814	8.521382161503288	899.4132940911542	634.6374235524122	62.88222154670079	631.0146163673669	NaN
1.05	1	0.10500000000000001	523.4657394497139	2229.063614952677	8.520481045628427	899.1963095741124	634.4936672306794	62.88944477626262	630.8786698275442	NaN
1.05	1	0.10500000000000001	523.6576905295171	2228.804119465078	8.519524746010225	898.9799422272679	634.3479951906777	62.897699796492404	630.7401933087403	NaN
1.05	1	0.10500000000000001	523.8514274928228	2228.5531388903505	8.518515543171038	898.7648640305807	634.200834474236	62.906683592723816	630.5992790322068	NaN
1.05	1	0.10500000000000001	524.0465641419335	2228.311343901842	8.517455701684096	898.5516160041999	634.0525465093523	62.91602739077481	630.4560521510141	NaN
1.05	1	0.10500000000000001	524.242944092029	2228.0790469299495	8.516346551910486	898.3404670896522	633.9033202147336	62.92534147122339	630.3105836707123	NaN
1.05	1	0.10500000000000001	524.4406682763733	2227.8562366231367	8.515188065603729	898.1314048640146	633.7531503337784	62.93425267529804	630.1628683186193	NaN
1.05	1	0.10500000000000001	524.6400528138024	2227.6426936497683	8.513978846001498	897.924201921014	633.6018699669122	62.942430847714306	630.0128446424648	NaN
1.05	1	0.10500000000000001	524.841551549425	2227.438126707421	8.512716413751681	897.7185143299234	633.4492109096894	62.94960625431705	629.8604384254219	NaN
1.05	1	0.10500000000000001	525.0456472177038	2227.242311708759	8.511397804785641	897.5140034565883	633.2948880987753	62.9555817073105	629.7056294786928	NaN
1.05	1	0.10500000000000001	525.2527026074	2227.05522975474	8.510020570746445	897.3104849151696	633.138713643415	62.96024321662003	629.5485474114676	NaN
1.05	1	0.10500000000000001	525.462790973257	2226.8771722813817	8.5085840892872	897.1080800051377	632.9807244717621	62.96357173659588	629.3895770986878	NaN
1.05	1	0.10500000000000001	525.6756052771982	2226.7087287241106	8.507090487652373	896.9072725207262	632.8212474738646	62.96565409090831	629.22939266728	NaN
1.05	1	0.10500000000000001	525.89058609655	2226.550588856794	8.50554404594585	896.7087532442507	632.6607983474371	62.96668340887902	629.0688159353689	NaN
1.05	1	0.10500000000000001	526.1072334258287	2226.403269106377	8.503949068836054	896.5131144612964	632.4998446996423	62.96693820180771	628.9085409660119	NaN
1.05	1	0.10500000000000001	526.3253582230556	2226.2669799923883	8.502307890437274	896.3206351970255	632.3386195819935	62.966743133752814	628.7489252253415	NaN
1.05	1	0.10500000000000001	526.5451484806858	2226.1416768967765	8.500620091935879	896.1312562953892	632.1770778667409	62.96642677202907	628.5899427060318	NaN
1.05	1	0.10500000000000001	526.7671151042639	2226.0271890842314	8.498882642481346	895.9446645886874	632.01494375047	62.966287296351496	628.4312405146196	NaN
1.05	1	0.10500000000000001	526.9919826219082	2225.9233530002425	8.497090566392837	895.7604159664251	631.8517986197656	62.9665677563939	628.2722406345307	NaN
1.05	1	0.10500000000000001	527.2205244031745	2225.830130373357	8.495238181571978	895.5780892793293	631.6872070419207	62.967437475289074	628.1122801488066	NaN
1.05	1	0.10500000000000001	527.4533060729972	2225.7477032558486	8.493321244522484	895.3974899036573	631.5209036064749	62.96897517839869	627.9508121836277	NaN
1.05	1	0.10500000000000001	527.6903625543633	2225.6765047946897	8.491339844822553	895.2188684245413	631.3530171454595	62.97115241643949	627.7876496795894	NaN
1.05	1	0.10500000000000001	527.9310586483143	2225.6171058714613	8.489299936034417	895.0429618062964	631.1841522174066	62.97382552234707	627.6230833375856	NaN
1.05	1	0.10500000000000001	528.1744666464119	2225.5699725818313	8.48721043541775	894.8706525490379	631.015103812298	62.97675307687791	627.4576514655496	NaN
1.05	1	0.10500000000000001	528.4199953091786	2225.5353191354657	8.485077827503549	894.7025092755587	630.846413577157	62.979640266550525	627.2917436008313	NaN
1.05	1	0.10500000000000001	528.6676585131592	2225.5131827382147	8.482903569450242	894.538649482822	630.6781981094226	62.98218729524276	627.125443545953	NaN
1.05	1	0.10500000000000001	528.917979642951	2225.5035821287206	8.480684647530307	894.3788692073371	630.5102357101766	62.984125934650635	626.9586053902983	NaN
1.05	1	0.10500000000000001	529.1717495949799	2225.5066355107147	8.478415563061363	894.2228486384024	630.3421478977638	62.98524442815566	626.7910145027414	NaN
1.05	1	0.10500000000000001	529.429678324111	2225.5225925851178	8.476091437236224	894.0703862230108	630.1736396720352	62.985406793680454	626.6226046849162	NaN
1.05	1	0.10500000000000001	529.6919521626193	2225.5517492548415	8.473712125897658	893.9216358316883	630.0047815278558	62.98457223867527	626.4537134871525	NaN
1.05	1	0.10500000000000001	529.9579684720667	2225.5942668383755	8.471284833075819	893.7771850428712	629.8361525502396	62.982811778228395	626.2851889371817	NaN
1.05	1	0.10500000000000001	530.226740722048	2225.650075741379	8.468820562199438	893.6377534723172	629.6685488318064	62.98030291572985	626.1180516990319	NaN
1.05	1	0.10500000000000001	530.4977318969417	2225.719022085882	8.46632643818908	893.5037429634457	629.502453634892	62.97728926361939	625.9529261314473	NaN
1.05	1	0.10500000000000001	530.7712391767193	2225.8011031969604	8.463802013492378	893.3751153511986	629.3378293639407	62.97402635698123	625.7898168787906	NaN
1.05	1	0.10500000000000001	531.0482945984057	2225.896620661422	8.461240082965718	893.2515363597438	629.1742216572273	62.97073823977568	625.628218014962	NaN
1.05	1	0.10500000000000001	531.3303912637731	2226.0062233049143	8.458629227917244	893.1325766998649	629.01096083021	62.96758925180316	625.4673287666602	NaN
1.05	1	0.10500000000000001	531.6190091415972	2226.1307803206487	8.45595830611606	893.0179514963623	628.8474599386495	62.964667085557004	625.3063676728597	NaN
1.05	1	0.10500000000000001	531.9147682224757	2226.2709461960167	8.45322440945271	892.9078251863012	628.6836836626901	62.96197325807888	625.1450601115071	NaN
1.05	1	0.10500000000000001	532.2166083950788	2226.4265302783956	8.45044045272006	892.8029799497543	628.5205346733459	62.95942005065763	624.9840599904944	NaN
1.05	1	0.10500000000000001	532.5226127865016	2226.596625724994	8.447627384658952	892.704348565622	628.3593108386909	62.956837746350146	624.8244715373746	NaN
1.05	1	0.10500000000000001	532.8319557227758	2226.7806507508026	8.44479610054078	892.6123507991273	628.2006540386545	62.95400410578392	624.6668527207187	NaN
1.05	1	0.10500000000000001	533.1452113612839	2226.9787765279857	8.441944745816913	892.5269492577816	628.044470368595	62.95069319726854	624.5111398903966	NaN
1.05	1	0.10500000000000001	533.4636124150242	2227.1916781896766	8.439065761204466	892.4479966709763	627.890383687403	62.94672095664173	624.3570790071816	NaN
1.05	1	0.10500000000000001	533.788021388977	2227.419897445992	8.436155371542876	892.3755323977268	627.7382614562907	62.941986160871295	624.2047227164555	NaN
1.05	1	0.10500000000000001	534.1178789934725	2227.662971992677	8.433222848013772	892.3099313510656	627.5886583309384	62.93650938792703	624.0548379568698	NaN
1.05	1	0.10500000000000001	534.4515381727873	2227.919462325841	8.430286979150477	892.2516749744677	627.4425617463087	62.930434615053116	623.908601289421	NaN
1.05	1	0.10500000000000001	534.7882839512924	2228.188443622214	8.427357966142631	892.2009414784422	627.3004660063556	62.92396210068725	623.7666228209914	NaN
1.05	1	0.10500000000000001	535.1292403069484	2228.470424830892	8.424430055797265	892.1576152740416	627.1620828284244	62.9172743525243	623.6286355146286	NaN
1.05	1	0.10500000000000001	535.4769315148361	2228.7672175228786	8.421486299120208	892.1215418264692	627.0266575910051	62.910495722865726	623.4938178060459	NaN
1.05	1	0.10500000000000001	535.8344555160365	2229.0813493100177	8.41850644077401	892.092741802519	626.8933903900825	62.90367641733233	623.361232602411	NaN
1.05	1	0.10500000000000001	536.2035876294663	2229.414354854912	8.415483002027633	892.0715586077971	626.7621513420329	62.896806226300555	623.230566485693	NaN
1.05	1	0.10500000000000001	536.5820587528688	2229.7640402441184	8.412442209250875	892.0585625589231	626.634269048863	62.88985285629798	623.102962079491	NaN
1.05	1	0.10500000000000001	536.9660225839627	2230.126413684277	8.409421477146637	892.0540842596856	626.51140048452	62.88273753763448	622.9799600103058	NaN
1.05	1	0.10500000000000001	537.3552785503191	2230.500661462716	8.406428009650835	892.0581589978412	626.3938500329683	62.8752977028771	622.8618556859684	NaN
1.05	1	0.10500000000000001	537.7514416922922	2230.8876936213533	8.403455446282866	892.0708566086577	626.2813975366774	62.8673762080909	622.7485121863874	NaN
1.05	1	0.10500000000000001	538.155144446868	2231.2874731740335	8.400505811292417	892.0922927931972	626.1741805956889	62.85891434644172	622.6402130059756	NaN
1.05	1	0.10500000000000001	538.5643607326842	2231.6972464523656	8.397600327783325	892.1223798095493	626.0730032758701	62.85000834335515	622.5379272743392	NaN
1.05	1	0.10500000000000001	538.9774029957024	2232.114467018314	8.394756223688292	892.160871758278	625.9784321101691	62.84083003604364	622.4423401066381	NaN
1.05	1	0.10500000000000001	539.3960427820764	2232.540033704052	8.391966487012525	892.207789218397	625.8901974011144	62.83150406640916	622.3532093020472	NaN
1.05	1	0.10500000000000001	539.8244499955143	2232.9772996266584	8.389210456420429	892.263591705871	625.8077014897345	62.82207850173173	622.2698766232459	NaN
1.05	1	0.10500000000000001	540.2668496475591	2233.4296454005444	8.386471095903046	892.329004092523	625.7306229872514	62.81254272744829	622.1918987227626	NaN
1.05	1	0.10500000000000001	540.7225393586217	2233.895295706892	8.383764395146976	892.4041301820105	625.6596529412842	62.80291330934609	622.1198331323482	NaN
1.05	1	0.10500000000000001	541.1854198181306	2234.3668462897695	8.381135765668992	892.4879393837608	625.5960970497383	62.79324464994844	622.0549062161498	NaN
1.05	1	0.10500000000000001	541.6542428992105	2234.841815594012	8.378598506493441	892.5799552637059	625.540252566888	62.78346267623564	621.997410451604	NaN
1.05	1	0.10500000000000001	542.1307362463928	2235.3206994495367	8.37614945106766	892.6802402199804	625.4920257768739	62.77346724593359	621.9473167928076	NaN
1.05	1	0.10500000000000001	542.614336169056	2235.801626093477	8.373797905111262	892.7883864883868	625.4515889173645	62.76327916295865	621.9049117442021	NaN
1.05	1	0.10500000000000001	543.1026042003438	2236.2808881540473	8.371560592468558	892.903466826267	625.4191537315726	62.753032566639554	621.8705171118002	NaN
1.05	1	0.10500000000000001	543.5961666143108	2236.757847530183	8.369438404201178	893.0251877753882	625.3946131541442	62.74283470865694	621.8440669175495	NaN
1.05	1	0.10500000000000001	544.0983222091979	2237.234343183921	8.367422217727498	893.1539578979229	625.3778077754906	62.73272829939579	621.8253657300306	NaN
1.05	1	0.10500000000000001	544.6107699800475	2237.7104804434894	8.365512041065381	893.2898414946583	625.3687729553502	62.72274466255037	621.8143740168509	NaN
1.05	1	0.10500000000000001	545.1307785288813	2238.1822147998337	8.36372404114339	893.4316852227573	625.3675868971777	62.71294069364564	621.811108844363	NaN
1.05	1	0.10500000000000001	545.6559980349155	2238.6460696451268	8.36206963219145	893.5783272611571	625.3741334719729	62.703320316064435	621.8154322748138	NaN
1.05	1	0.10500000000000001	546.1877837792654	2239.1019515487724	8.36054697012219	893.729593141366	625.3882558014933	62.693820118573335	621.827206335141	NaN
1.05	1	0.10500000000000001	546.7270559578122	2239.5492954140177	8.359156322957341	893.8851890858522	625.4098223785455	62.684424688620766	621.8463584835894	NaN
1.05	1	0.10500000000000001	547.272538807443	2239.985731593248	8.357903206739284	894.0441686407191	625.4385877395473	62.675204777529004	621.8727148962834	NaN
1.05	1	0.10500000000000001	547.8233029471098	2240.4093424565	8.356790520034583	894.2056585119786	625.4742377060957	62.66625125050702	621.9060004846649	NaN
1.05	1	0.10500000000000001	548.3799518516328	2240.8194850398127	8.35581714355781	894.3692247051397	625.5165151481538	62.65762321769704	621.9459486218193	NaN
1.05	1	0.10500000000000001	548.9423178034285	2241.2149658898884	8.354983119136962	894.5342033223938	625.5650950005924	62.64936020818966	621.9922019021793	NaN
1.05	1	0.10500000000000001	549.5097136965999	2241.5943392483764	8.354288348278082	894.6997781743814	625.6195705443348	62.641471879296354	622.0443263990927	NaN
1.05	1	0.10500000000000001	550.0831734422278	2241.957385326257	8.353730058165308	894.8656379070163	625.6796785347706	62.633925613312954	622.1020506438279	NaN
1.05	1	0.10500000000000001	550.6648369362997	2242.304448634937	8.353305294558979	895.0317762726331	625.7453000485561	62.626686075372334	622.1652724533313	NaN
1.05	1	0.10500000000000001	551.2554370728892	2242.6348689388074	8.353013076050733	895.197757354535	625.8161813903104	62.61976402646653	622.2337751807735	NaN
1.05	1	0.10500000000000001	551.853726171265	2242.9469540315845	8.352852736823989	895.3625848421722	625.8918022597363	62.613215295666436	622.3070752752103	NaN
1.05	1	0.10500000000000001	552.4584239349675	2243.239269574408	8.352821856399535	895.5252851135297	625.9715826417233	62.607096270614605	622.3846063243437	NaN
1.05	1	0.10500000000000001	553.0690016538514	2243.5109895489354	8.352916558877391	895.6851256044823	626.0550035449232	62.60143707731794	622.4658403798182	NaN
1.05	1	0.10500000000000001	553.6859134055185	2243.7618467530624	8.35313248414759	895.8416545327816	626.1416659137228	62.59623595181508	622.5503630151101	NaN
1.05	1	0.10500000000000001	554.311311740565	2243.992197426716	8.353466188101903	895.9948349926418	626.2314138984633	62.59146675724022	622.6380102593463	NaN
1.05	1	0.10500000000000001	554.9481208711627	2244.202413542277	8.353915795552837	896.1447478375175	626.3242132750044	62.587106880151765	622.728754772538	NaN
1.05	1	0.10500000000000001	555.5976603434834	2244.392096773954	8.35447912919631	896.2910179338166	626.4197902480971	62.58316372048168	622.8223438673934	NaN
1.05	1	0.10500000000000001	556.2584908284341	2244.560124483399	8.35515097568197	896.4326493359596	626.5174390115825	62.57967229961134	622.9180955568271	NaN
1.05	1	0.10500000000000001	556.9285504017216	2244.7055998818514	8.355923736346945	896.5686064642689	626.6163373972545	62.57666400531182	623.0151984774617	NaN
1.05	1	0.10500000000000001	557.607574763803	2244.8283557875257	8.356790504133222	896.6983128943019	626.7159194764905	62.57414518084662	623.1130825154329	NaN
1.05	1	0.10500000000000001	558.2978100374554	2244.9287173329944	8.357747329286546	896.8216757042917	626.8159791936114	62.57210140885721	623.2115336219266	NaN
1.05	1	0.10500000000000001	559.0032416770503	2245.0070041762583	8.358793247068963	896.9388067419086	626.9165327166744	62.57051621451503	623.3105670684955	NaN
1.05	1	0.10500000000000001	559.7267004724208	2245.063095189767	8.35992604800972	897.0494819943822	627.0173784601645	62.569388865818205	623.4099922614761	NaN
1.05	1	0.10500000000000001	560.4666492300735	2245.096568644935	8.3611360730611	897.1527877098829	627.1176703778474	62.56873314985814	623.5089817216468	NaN
1.05	1	0.10500000000000001	561.2191005291997	2245.1074079678165	8.362408103950367	897.2476504525678	627.2162583133636	62.56855615956691	623.6063976665579	NaN
1.05	1	0.10500000000000001	561.9830366723444	2245.0961761811936	8.363730709662702	897.3335877759846	627.3124392185955	62.56884719654921	623.7015361362243	NaN
1.05	1	0.10500000000000001	562.7608826823803	2245.063526877209	8.365098027358716	897.4105567013432	627.405953597676	62.56958771535721	623.7941333998637	NaN
1.05	1	0.10500000000000001	563.5553029802633	2245.010014814839	8.366504417522735	897.478473995875	627.4965308628365	62.57076120966453	623.8839212780297	NaN
1.05	1	0.10500000000000001	564.3644544216129	2244.9365949172616	8.367935848701112	897.5368968235466	627.583382717994	62.572347531517494	623.9701207695157	NaN
1.05	1	0.10500000000000001	565.1822970261115	2244.8450889852597	8.369370677727813	897.5853408792999	627.6653933589639	62.57431180332548	624.0516220212975	NaN
1.05	1	0.10500000000000001	566.0052052855883	2244.737584704694	8.370792017221275	897.6238042392334	627.7418795260272	62.57661200614126	624.1277372550151	NaN
1.05	1	0.10500000000000001	566.8328419422784	2244.6159598860777	8.372189471326502	897.6526199126548	627.8125870082866	62.579206895129325	624.1982036532971	NaN
1.05	1	0.10500000000000001	567.6650534020087	2244.482089776878	8.37355369043202	897.6721929777702	627.8773400121495	62.582054432074855	624.2628389944962	NaN
1.05	1	0.10500000000000001	568.5000613139231	2244.33813613847	8.374873584750567	897.6829694763927	627.9359133501075	62.58510884867275	624.3214127557405	NaN
1.05	1	0.10500000000000001	569.3355518013824	2244.186393982216	8.376138550505404	897.6855052288612	627.9881565336276	62.588323560319765	624.3737664409691	NaN
1.05	1	0.10500000000000001	570.1710422888416	2244.0288029496414	8.377342130033584	897.6804451404332	628.0341309323076	62.59165894376468	624.4199506576635	NaN
1.05	1	0.10500000000000001	571.0065327763009	2243.867117528417	8.378479599804548	897.6684509595968	628.0739764616886	62.59507761034796	624.4600943090988	NaN
1.05	1	0.10500000000000001	571.8420232637602	2243.7029819830445	8.37954715328504	897.6501865205616	628.1078712468861	62.598544029357676	624.4943658577832	NaN
1.05	1	0.10500000000000001	572.6775137512194	2243.5379260446293	8.380541857339134	897.6263121955353	628.1360270571296	62.602026020594224	624.5229683953361	NaN
1.05	1	0.10500000000000001	573.5130042386787	2243.373361880682	8.381461605166995	897.597479828472	628.1586848408799	62.60549472131799	624.5461339699368	NaN
1.05	1	0.10500000000000001	574.3486900617874	2243.2105445098014	8.382305254639569	897.5643199449913	628.1761138737182	62.60892438617651	624.5641225484368	NaN
1.05	1	0.10500000000000001	575.1854337860397	2243.0504859588445	8.38307289735919	897.5274119356419	628.188607669961	62.61229369893249	624.5772190582239	NaN
1.05	1	0.10500000000000001	576.0239757932962	2242.8941209229065	8.383764883898095	897.4873096159154	628.1964574446616	62.61558273268905	624.5857070151635	NaN
1.05	1	0.10500000000000001	576.8651509563841	2242.7422745826243	8.384381983857894	897.4445341620141	628.1999550099628	62.61877421783067	624.5898714042489	NaN
1.05	1	0.10500000000000001	577.7097826470815	2242.5956917366375	8.3849252433087	897.3995805942848	628.1993902490092	62.62185293117825	624.5899955260147	NaN
1.05	1	0.10500000000000001	578.5588078473163	2242.455023485204	8.385396026119802	897.3529131035759	628.1950504297355	62.62480555636792	624.586360190101	NaN
1.05	1	0.10500000000000001	579.4132237094312	2242.320846527592	8.385795922149336	897.3049695289551	628.1872187286422	62.62762004871889	624.5792424364529	NaN
1.05	1	0.10500000000000001	580.2740828562178	2242.193672294542	8.38612670962212	897.2561638758183	628.1761739617561	62.630285623311316	624.5689155092224	NaN
1.05	1	0.10500000000000001	581.1425006772536	2242.0739533124015	8.38639033195541	897.2068882815147	628.1621906240964	62.632792883555325	624.5556488182723	NaN
1.05	1	0.10500000000000001	582.0196900701453	2241.9620856158876	8.386588884974532	897.1575134762035	628.1455385985053	62.6351337741032	624.539707407472	NaN
1.05	1	0.10500000000000001	582.9069567050401	2241.8584166903684	8.386724593103224	897.1083916032588	628.1264836003587	62.637301221912026	624.521352274972	NaN
1.05	1	0.10500000000000001	583.8056850334809	2241.763252901673	8.38679979727991	897.059859570328	628.1052883607638	62.63928888385543	624.5008416413896	NaN
1.05	1	0.10500000000000001	584.7173625995189	2241.676861226242	8.386816957421889	897.012240195904	628.0822132963112	62.64109120987953	624.4784317281872	NaN
1.05	1	0.10500000000000001	585.6436407861682	2241.5994682501937	8.386778652250003	896.9658416308703	628.057516212896	62.642703581737216	624.4543764239556	NaN
1.05	1	0.10500000000000001	586.5863626784367	2241.5312637799575	8.386687573371871	896.9209589877875	628.0314528815247	62.64412221129041	624.428927722474	NaN
1.05	1	0.10500000000000001	587.5475351421852	2241.472407466317	8.386546534410398	896.8778787227213	628.0042795940977	62.64534390190569	624.4023382087155	NaN
1.05	1	0.10500000000000001	588.5293097899564	2241.4230308664137	8.386358500491342	896.8368818588757	627.9762559609264	62.64636599116405	624.3748638996784	NaN
1.05	1	0.10500000000000001	589.534028414881	2241.38323349848	8.386126617924818	896.7982438306981	627.9476460301905	62.64718650807952	624.3467654033905	NaN
1.05	1	0.10500000000000001	590.5642264925472	2241.353079961689	8.38585425616346	896.7622357864408	627.9187206299407	62.64780426667777	624.3183101898729	NaN
1.05	1	0.10500000000000001	591.622426200914	2241.332597170366	8.385545124032978	896.7291311301972	627.8897653133448	62.64821887709665	624.2897804192287	NaN
1.05	1	0.10500000000000001	592.7107876048392	2241.321757684018	8.385203463551425	896.6992096140733	627.8610902034512	62.648431068013984	624.2614827908853	NaN
1.05	1	0.10500000000000001	593.8306127282747	2241.320443469633	8.38483430570747	896.6727546938314	627.833038970661	62.64844349042144	624.2337576214338	NaN
1.05	1	0.10500000000000001	594.9816687549591	2241.3283880040854	8.384443757058655	896.6500408001646	627.8059940214515	62.648261963122714	624.206984212493	NaN
1.05	1	0.10500000000000001	596.1613479927073	2241.3450991384634	8.384039245144669	896.6313068820958	627.7803731856907	62.64789705997944	624.1815779095251	NaN
1.05	1	0.10500000000000001	597.3645399340993	2241.3697930924773	8.383629341680148	896.6167068410684	627.756597893866	62.64736546363804	624.1579589759989	NaN
1.05	1	0.10500000000000001	598.5849113524721	2241.4014052482435	8.383222913455114	896.6062565311738	627.7350325980556	62.64668973271618	624.1364926671707	NaN
1.05	1	0.10500000000000001	599.8165918855033	2241.438688498791	8.382828101184192	896.599818229245	627.7159359621667	62.64589621255483	624.1174404968183	NaN
1.05	1	0.10500000000000001	601.0550096696725	2241.480332903691	8.382451728516768	896.5971270838891	627.6994502922146	62.64501249656137	624.1009492316363	NaN
1.05	1	0.10500000000000001	602.2972546343337	2241.525068556953	8.382099067538203	896.5978328914698	627.6856129447091	62.64406527674138	624.087061706734	NaN
1.05	1	0.10500000000000001	603.5418475403118	2241.5717240189115	8.381773948475052	896.6015407311961	627.6743810062447	62.64307913982799	624.0757409465575	NaN
1.05	1	0.10500000000000001	604.7884346727203	2241.619253278755	8.381478969565846	896.6078407939185	627.6656546079737	62.64207600618686	624.0668930813107	NaN
1.05	1	0.10500000000000001	606.0375130471452	2241.6667423468566	8.381215723620869	896.6163278652779	627.6592957492157	62.64107499840003	624.0603859318041	NaN
1.05	1	0.10500000000000001	607.2902448250201	2241.713405410806	8.380984998774943	896.6266131176303	627.6551422464049	62.640092535332506	624.0560628188607	NaN
1.05	1	0.10500000000000001	608.5483080032544	2241.758574321943	8.380786953543412	896.638330347667	627.6530178787737	62.63914255800877	624.0537526377099	NaN
1.05	1	0.10500000000000001	609.8138038635442	2241.801686065796	8.38062125683783	896.6511386378774	627.6527393419572	62.63823679335015	624.0532767914949	NaN
1.05	1	0.10500000000000001	611.0892068453531	2241.8422700404535	8.380487197616274	896.6647227976738	627.6541208739457	62.63738502561704	624.0544538259118	NaN
1.05	1	0.10500000000000001	612.3773476975224	2241.879936121201	8.380383769123492	896.6787924815702	627.6569772002558	62.63659534996406	624.0571023946453	NaN
1.05	1	0.10500000000000001	613.6814247668987	2241.9143639851004	8.380309732274846	896.6930805687272	627.6611252727964	62.63587439604043	624.0610430273005	NaN
1.05	1	0.10500000000000001	615.0050454787369	2241.945293963752	8.380263661977894	896.7073412191758	627.6663851620182	62.63522752063314	624.0660990551668	NaN
1.05	1	0.10500000000000001	616.3522921021525	2241.9725192284886	8.380243980121396	896.7213477555644	627.6725803264547	62.634658972963585	624.0720969137282	NaN
1.05	1	0.10500000000000001	617.7278149937911	2241.9958793017213	8.380248977140155	896.734890499466	627.679537400623	62.63417203034044	624.0788659623983	NaN
1.05	1	0.10500000000000001	619.1369445482213	2242.0152547033163	8.380276823003367	896.7477745130441	627.6870855106762	62.633769109932224	624.0862378333738	NaN
1.05	1	0.10500000000000001	620.5858574395701	2242.03056331128	8.380325567935316	896.7598175945526	627.6950553039471	62.6334518452289	624.0940454892068	NaN
1.05	1	0.10500000000000001	622.0814787007657	2242.0417562503458	8.38039311763757	896.7708462313335	627.7032759336814	62.63322117059984	624.1021202605946	NaN
1.05	1	0.10500000000000001	623.6313275398985	2242.048820435257	8.380477175472791	896.7806930103272	627.7115714414372	62.63307726569563	624.1102882584282	NaN
1.05	1	0.10500000000000001	625.2423985290646	2242.0517884472956	8.380575102618966	896.7891924560291	627.7197530537262	62.63301934409415	624.118362712394	NaN
1.05	1	0.10500000000000001	626.9183887190177	2242.050771663629	8.380683649085919	896.7961810060971	627.7276083456798	62.63304495138625	624.1261331039291	NaN
1.05	1	0.10500000000000001	628.6549575648996	2242.0460315868777	8.38079860395976	896.8015129385553	627.7348951127054	62.633148463438204	624.1333587761403	NaN
1.05	1	0.10500000000000001	630.4376460349092	2242.0380602999257	8.380914839563111	896.8051089022804	627.7413673636223	62.63331941051196	624.139794256014	NaN
1.05	1	0.10500000000000001	632.2490281665068	2242.027558881259	8.381027251152783	896.807009207334	627.7468397333407	62.63354296538765	624.1452530324982	NaN
1.05	1	0.10500000000000001	634.0772197385448	2242.015303220671	8.381131754308004	896.8073675282268	627.7512244882672	62.633802782134126	624.1496447639288	NaN
1.05	1	0.10500000000000001	635.9166880430582	2242.0020326628264	8.381225492103969	896.8064024378851	627.7545156857087	62.63408332670331	624.1529601361771	NaN
1.05	1	0.10500000000000001	637.76633949752	2241.9883994109296	8.381306665225612	896.8043569873832	627.756762169012	62.63437092516308	624.1552444013748	NaN
1.05	1	0.10500000000000001	639.6281737234741	2241.9749521374324	8.381374318285358	896.8014745552069	627.7580469159357	62.634654096826615	624.1565770381968	NaN
1.05	1	0.10500000000000001	641.5063689960518	2241.9621379202736	8.381428140257803	896.7979860317773	627.758472610383	62.63492350577241	624.1570574792469	NaN
1.05	1	0.10500000000000001	643.4069044134031	2241.9503108506565	8.38146830652482	896.7941036725605	627.7581522162762	62.635171774943636	624.1567957524553	NaN
1.05	1	0.10500000000000001	645.3374262367288	2241.9397435721576	8.381495354275367	896.7900189320228	627.7572028805099	62.63539324045569	624.1559063999182	NaN
1.05	1	0.10500000000000001	647.3073687649273	2241.9306387814604	8.381510089563706	896.7859024826846	627.7557422007898	62.63558370799547	624.1545047348154	NaN
1.05	1	0.10500000000000001	649.3282786609441	2241.9231397659223	8.381513520045832	896.7819054800523	627.7538861489976	62.63574023034606	624.1527047394363	NaN
1.05	1	0.10500000000000001	651.4144789190029	2241.9173390970655	8.381506809417731	896.7781612985837	627.7517481033636	62.63586092424318	624.1506180679404	NaN
1.05	1	0.10500000000000001	653.5834665174956	2241.9132867136836	8.381491254850088	896.7747885255671	627.7494394340146	62.635944800895665	624.1483545876091	NaN
1.05	1	0.10500000000000001	655.8561704615731	2241.9109935017996	8.3814682992129	896.7718938354907	627.7470714292327	62.635991691830064	624.146024266463	NaN
1.05	1	0.10500000000000001	658.2533614305858	2241.910427099175	8.381439624557014	896.7695761337079	627.7447611252948	62.63600234016613	624.1437429560801	NaN
1.05	1	0.10500000000000001	660.7802233114784	2241.9114773413216	8.381407423587492	896.7679259523924	627.7426419311005	62.63597913221903	624.1416430557113	NaN
1.05	1	0.10500000000000001	663.4018355853658	2241.9138729945334	8.381374650358708	896.7669958829337	627.7408589670803	62.63592784409814	624.1398692916432	NaN
1.05	1	0.10500000000000001	666.0705314879091	2241.917180682516	8.381344222941479	896.7667444218497	627.7395089627827	62.63585763174384	624.138519305502	NaN
1.05	1	0.10500000000000001	668.7704493925087	2241.9209548801027	8.381318050080125	896.7670528863538	627.7386095245771	62.63577786349602	624.1376125749667	NaN
1.05	1	0.10500000000000001	671.502108319045	2241.9248116765652	8.381297190618728	896.7677781877251	627.7381318799283	62.63569658831262	624.1371224413814	NaN
1.05	1	0.10500000000000001	674.2761670108927	2241.9284489659744	8.38128205443019	896.7687782338086	627.7380216363605	62.635620122884625	624.1369965379782	NaN
1.05	1	0.10500000000000001	677.10970868825	2241.9316428281427	8.381272587699868	896.7699227923639	627.738211657285	62.635553134614106	624.137169535642	NaN
1.05	1	0.10500000000000001	680.0270634416389	2241.9342397493865	8.381268402022481	896.771098090246	627.7386295516004	62.635498809089114	624.1375705832314	NaN
1.05	1	0.10500000000000001	683.0612218114289	2241.9361456199235	8.381268875440567	896.772207637331	627.739202150822	62.63545908362526	624.138127784808	NaN
1.05	1	0.10500000000000001	686.2574093263703	2241.937316116942	8.381273217691144	896.7731713398371	627.7398576925198	62.635434850458964	624.1387704028804	NaN
1.05	1	0.10500000000000001	689.6746541320799	2241.937749691976	8.381280491471804	896.7739230208057	627.7405254392008	62.635426103857746	624.139428514249	NaN
1.05	1	0.10500000000000001	693.3573660945538	2241.9374955111944	8.381289508461984	896.7744076612644	627.7411301173798	62.63543177031076	624.1400274755911	NaN
1.05	1	0.10500000000000001	697.2171703756546	2241.936714177615	8.381298567341155	896.7745974481816	627.7415893804177	62.63544843161104	624.1404851328082	NaN
1.05	1	0.10500000000000001	701.1370450878037	2241.9356724139907	8.38130614219871	896.7745367333802	627.7418639439718	62.63547046366655	624.1407614091894	NaN
1.05	1	0.10500000000000001	705.141724890344	2241.934597760577	8.381311568265403	896.7743077323603	627.7419680710095	62.635493094424355	624.1408693466278	NaN
1.05	1	0.10500000000000001	709.263050969761	2241.9336605567482	8.381314646479986	896.7739927960064	627.7419348348144	62.63551276358264	624.14084084877	NaN
1.05	1	0.10500000000000001	713.5698527996402	2241.932966105822	8.38131554524098	896.7736631395113	627.741806541724	62.63552728199752	624.1407172494726	NaN
1.05	1	0.10500000000000001	718.1601176572577	2241.9325673261255	8.38131465897424	896.7733761347603	627.741627688224	62.635535562120936	624.1405422914052	NaN
1.05	1	0.10500000000000001	723.1877948918167	2241.932471642949	8.381312540792322	896.773174511696	627.7414418523433	62.63553747154677	624.1403590208588	NaN
1.05	1	0.10500000000000001	728.7365063787154	2241.9326363124437	8.381309949366344	896.7730869825591	627.7412938914837	62.635533932426554	624.1402119822457	NaN
1.05	1	0.10500000000000001	734.4087850432593	2241.9329261865482	8.38130786422779	896.7731054507967	627.7412191879318	62.63552780285223	624.1401367827606	NaN
1.05	1	0.10500000000000001	740.279000551387	2241.9332109409547	8.381306668733686	896.7731830089683	627.7412097681579	62.635521816135665	624.1401261460111	NaN
1.05	1	0.10500000000000001	746.4958326902907	2241.933409372781	8.381306376571722	896.7732747417836	627.7412437750252	62.63551766622204	624.1401588419313	NaN
1.05	1	0.10500000000000001	753.3351343173389	2241.933488057453	8.381306767311616	896.773346411296	627.7412952560888	62.63551604119843	624.1402093696439	NaN
1.05	1	0.10500000000000001	761.2202488452543	2241.933454398091	8.38130747477506	896.7733766874859	627.7413388329034	62.635516771825905	624.1402526058256	NaN
1.05	1	0.10500000000000001	769.4551975625612	2241.9333724818052	8.381307991328493	896.7733664040728	627.7413544914732	62.635518501049425	624.1402684667482	NaN
1.05	1	0.10500000000000001	778.1531639826337	2241.933309651268	8.381308144262297	896.7733415680509	627.7413482557889	62.6355198175105	624.1402625944478	NaN
1.05	1	0.10500000000000001	788.0452696528122	2241.9332920712077	8.381308024103648	896.7733232661221	627.7413342892095	62.63552017924695	624.1402488689881	NaN
1.05	1	0.10500000000000001	800.0053680788637	2241.9333112644763	8.381307844469985	896.773321592636	627.7413262248822	62.63551977170641	624.1402408073986	NaN
1.05	1	0.10500000000000001	812.1256460777722	2241.9333279924876	8.381307801924981	896.7733280776321	627.7413277479733	62.635519421137246	624.1402422353065	NaN
1.05	1	0.10500000000000001	827.0530920597828	2241.9333282580906	8.381307846642564	896.7733313431571	627.7413311768059	62.63551941741274	624.1402456237828	NaN
1.05	1	0.10500000000000001	844.5607492032093	2241.9333229459357	8.381307867341688	896.7733297846058	627.7413312322975	62.635519529031185	624.140245703349	NaN
1.05	1	0.10500000000000001	865.4002428589963	2241.9333234245614	8.381307855566368	896.7733292345742	627.7413304839866	62.63551951857236	624.1402449613497	NaN
1.05	1	0.10500000000000001	891.3701379269446	2241.9333240185356	8.381307856194205	896.7733296138331	627.7413306984646	62.635519506211054	624.1402451706178	NaN
1.05	1	0.10500000000000001	928.6153587685575	2241.9333237946908	8.381307856496099	896.7733295084237	627.7413306580261	62.635519510891406	624.1402451316819	NaN
1.05	1	0.10500000000000001	982.2911429927059	2241.9333238160243	8.381307856636738	896.7733295302729	627.7413306745866	62.63551951045223	624.1402451479544	NaN
1.05	1	0.10500000000000001	1060.716241753355	2241.9333238268855	8.381307856575384	896.7733295321334	627.7413306730457	62.635519510223254	624.1402451463805	NaN
1.05	1	0.10500000000000001	1207.455052281567	2241.933323827002	8.381307856561072	896.7733295312021	627.741330672005	62.635519510220234	624.1402451453512	NaN
1.05	1	0.10500000000000001	1498.023055001102	2241.9333238269282	8.381307856556635	896.7733295308512	627.7413306716513	62.635519510221606	624.1402451450019	NaN
1.05	1	0.10500000000000001	2139.4588663726586	2241.9333238270447	8.381307856555269	896.7733295308217	627.7413306715817	62.63551951021912	624.1402451449324	NaN
1.05	1	0.10500000000000001	4013.015461999796	2241.933323827072	8.381307856555143	896.7733295308286	627.74133067158	62.63551951021856	624.1402451449306	NaN
1.05	1	0.10500000000000001	5500.0	2241.933323827073	8.381307856555146	896.7733295308292	627.7413306715804	62.63551951021853	624.1402451449311	NaN
1.05	1	0.10500000000000001	Inf	2241.933323827073	8.381307856555145	896.7733295308291	627.7413306715804	62.635519507213445	624.1402451531518	NaN
1.05	0	0.1	0.0	2310.762587335457	7.982727072188335	924.3050349341828	616.2033566227885	63.013363750332296	612.8785255771229	NaN
1.05	0	0.1	9.999999999999999e-5	2310.762587335457	7.982727072188335	924.3050349341828	616.2033566227885	63.013363750332296	612.8785255771229	NaN
1.05	0	0.1	0.0010999999999999998	2310.762587335457	7.982727072188335	924.3050349341828	616.2033566227885	63.013363750332296	612.8785255771229	NaN
1.05	0	0.1	0.011099999999999997	2310.762587335457	7.982727072188335	924.3050349341828	616.2033566227885	63.013363750332296	612.8785255771229	NaN
1.05	0	0.1	0.11109999999999996	2310.762587335457	7.982727072188335	924.3050349341828	616.2033566227885	63.013363750332296	612.8785255771229	NaN
1.05	0	0.1	1.1110999999999995	2310.762587335457	7.982727072188335	924.3050349341828	616.2033566227885	63.01336375033216	612.8785255771228	NaN
1.05	0	0.1	7.661620913997453	2310.762587335457	7.982727072188335	924.3050349341828	616.2033566227885	63.013363750332346	612.8785255771228	NaN
1.05	0	0.1	55.88904016518546	2310.762587335457	7.982727072188335	924.3050349341828	616.2033566227885	63.013363750332246	612.878525577123	NaN
1.05	0	0.1	337.8019448302811	2310.7625873354573	7.982727072188334	924.3050349341828	616.2033566227885	63.013363750332296	612.878525577123	NaN
1.05	0	0.1	500.0	2310.762587335457	7.982727072188337	924.3050349341827	616.2033566227885	63.0133637503323	612.878525577123	NaN
1.05	0	0.10500000000000001	500.0	2310.762587335457	7.982727072188337	924.3050349341827	616.2033566227885	63.0133637503323	612.878525577123	NaN
1.05	0	0.10500000000000001	500.0076919269926	2310.7625850114136	7.982765742513301	924.3050349339113	616.2388845572145	63.0131621510719	612.8785263513932	NaN
1.05	0	0.10500000000000001	500.01538385398527	2310.762569529663	7.982873159816296	924.3050349300024	616.2743715235376	63.012558465600726	612.8785317643059	NaN
1.05	0	0.10500000000000001	500.02588448071367	2310.7625072439982	7.983110647747962	924.3050349022097	616.3227504684728	63.011088315464605	612.8785550036209	NaN
1.05	0	0.10500000000000001	500.03773059792877	2310.762354258623	7.98347839589883	924.3050347970008	616.377237020988	63.008539707528215	612.8786165526371	NaN
1.05	0	0.10500000000000001	500.05197145075016	2310.7620203388374	7.984026034602338	924.305034468576	616.4426102024391	63.00423592041849	612.8787628163001	NaN
1.05	0	0.10500000000000001	500.0682696948474	2310.761398588785	7.9847546279484725	924.3050336344065	616.517256753095	62.997663859768835	612.8790619451694	NaN
1.05	0	0.10500000000000001	500.0871591880624	2310.7603161632455	7.98569167552248	924.3050317182232	616.6035433084422	62.987872304605474	612.8796383253663	NaN
1.05	0	0.10500000000000001	500.1088329326329	2310.7585539687907	7.986845415305797	924.3050276974029	616.7022474993597	62.973799845028445	612.8806842155894	NaN
1.05	0	0.10500000000000001	500.13385473151743	2310.7557894903057	7.988239631620577	924.3050197075241	616.8158006695969	62.95384480210241	612.8825245185461	NaN
1.05	0	0.10500000000000001	500.1627830988937	2310.751585664262	7.989896774019893	924.3050045145754	616.9465524089928	62.92592232453045	612.8856812850175	NaN
1.05	0	0.10500000000000001	500.1961529509102	2310.745370881693	7.9918372431236016	924.3049767273889	617.0966759367154	62.8874165248951	612.890969294698	NaN
1.05	0	0.10500000000000001	500.2336678495812	2310.7366267114735	7.994033123301492	924.3049289358609	617.2645522850082	62.836332992532405	612.89941115368	NaN
1.05	0	0.10500000000000001	500.27433861262756	2310.725047710101	7.99641733605901	924.3048527658323	617.4454868275976	62.77200014323998	612.9120515191521	NaN
1.05	0	0.10500000000000001	500.31760321375594	2310.710345478096	7.998950761139714	924.304738298443	617.6367529305502	62.69382828915454	612.930077857306	NaN
1.05	0	0.10500000000000001	500.36302774673845	2310.6922834350858	8.001604365890282	924.304574461337	617.8362364693315	62.60156214443782	612.9547507934981	NaN
1.05	0	0.10500000000000001	500.4102686545844	2310.6706706402624	8.004355961634811	924.3043492616357	618.0422598881688	62.495265182635116	612.9873660819338	NaN
1.05	0	0.10500000000000001	500.4590113972785	2310.645376066231	8.00718590099545	924.3040502577905	618.253308251439	62.37539020261009	613.0291835423573	NaN
1.05	0	0.10500000000000001	500.50899249592504	2310.616311303802	8.010077977803695	924.3036647384866	618.4681220783968	62.24268043463952	613.0814016286931	NaN
1.05	0	0.10500000000000001	500.5599823887515	2310.583429521404	8.013018239214542	924.3031800227724	618.6856183110687	62.09814835806036	613.1451151269595	NaN
1.05	0	0.10500000000000001	500.61179040001355	2310.5467130587626	8.015995178809895	924.3025835685025	618.9049070111835	61.94299956828564	613.221300356253	NaN
1.05	0	0.10500000000000001	500.6642586908815	2310.5061669781026	8.018999331852259	924.3018630845497	619.1252604236419	61.77858596668678	613.3107999989684	NaN
1.05	0	0.10500000000000001	500.7172615648736	2310.4618096294585	8.022023196459914	924.3010065254634	619.3461050768934	61.60634895106562	613.4143232734627	NaN
1.05	0	0.10500000000000001	500.7706972876678	2310.4136700907043	8.025060735096538	924.3000021469837	619.5669829694529	61.42779358037393	613.532438765399	NaN
1.05	0	0.10500000000000001	500.82448857709096	2310.3617799231492	8.028107377379245	924.2988384045285	619.7875496588106	61.244443385613344	613.6655864245936	NaN
1.05	0	0.10500000000000001	500.8785772473839	2310.3061708770047	8.031159693125602	924.2975039202473	620.0075485097301	61.05782186916194	613.8140807724031	NaN
1.05	0	0.10500000000000001	500.9329221585538	2310.246870943146	8.034215257479362	924.2959873834341	620.2267992629736	60.869430601484574	613.9781214510126	NaN
1.05	0	0.10500000000000001	500.98749591998626	2310.183902714107	8.037272448897069	924.294277476982	620.4451820482257	60.68073799077407	614.1578001276255	NaN
1.05	0	0.10500000000000001	501.0422826325274	2310.117281762478	8.04033030908911	924.2923627879427	620.6626261665385	60.49316987181934	614.3531085460932	NaN
1.05	0	0.10500000000000001	501.0972755331034	2310.0470160636182	8.043388400389695	924.2902317345244	620.8790989535066	60.30810465098693	614.5639442100273	NaN
1.05	0	0.10500000000000001	501.15247505276534	2309.9731057916943	8.046446688950443	924.2878724993101	621.0945967294574	60.126870146998996	614.7901149829269	NaN
1.05	0	0.10500000000000001	501.2078870069547	2309.895543696128	8.049505437659105	924.2852729800297	621.3091366539384	59.95074209486999	615.0313416740723	NaN
1.05	0	0.10500000000000001	501.26352100497024	2309.8143158545386	8.052565113351207	924.28242075708	621.5227497818121	59.78094313326179	615.2872590389254	NaN
1.05	0	0.10500000000000001	501.31938903645613	2309.729402757624	8.055626305675778	924.2793030803531	621.7354751062892	59.61864168357887	615.5574153288222	NaN
1.05	0	0.10500000000000001	501.3755041701021	2309.6407807406185	8.058689653814787	924.275906879704	621.9473543007313	59.46495031457877	615.8412704551781	NaN
1.05	0	0.10500000000000001	501.43187943539914	2309.5484235830354	8.061755784728788	924.2722187957537	622.1584273941648	59.32092292376227	616.1381935508423	NaN
1.05	0	0.10500000000000001	501.48852679872266	2309.4523043428444	8.06482525786047	924.2682252358304	622.3687290084785	59.187550688863105	616.447460016229	NaN
1.05	0	0.10500000000000001	501.5454563702504	2309.352397133438	8.067898523511468	924.2639124450263	622.5782856341359	59.06575630664934	616.7682493292702	NaN
1.05	0	0.10500000000000001	501.60267572926216	2309.2486789489367	8.070975888525764	924.259266596716	622.7871134828844	58.95638687642755	617.099643632595	NaN
1.05	0	0.10500000000000001	501.66018953223903	2309.1411311719544	8.0740574979039	924.254273886009	622.9952174823654	58.86020531259944	617.4406285859733	NaN
1.05	0	0.10500000000000001	501.71799930205106	2309.0297408449865	8.077143326529168	924.2489206266755	623.2025909864287	58.77788096933374	617.7900964486096	NaN
1.05	0	0.10500000000000001	501.7761035293193	2308.914501367098	8.080233187707938	924.2431933319082	623.4092166251695	58.70997984319681	618.146852560099	NaN
1.05	0	0.10500000000000001	501.83449794556077	2308.795412781958	8.083326750660763	924.2370787810864	623.6150677338626	58.65695528061742	618.5096246250207	NaN
1.05	0	0.10500000000000001	501.89317602892726	2308.6724814618456	8.08642356992583	924.2305640573514	623.8201105353539	58.619139763536694	618.8770751898513	NaN
1.05	0	0.10500000000000001	501.95212961984794	2308.5457193670427	8.089523119909966	924.2236365589362	624.0243066032606	58.59673850568887	619.247816393303	NaN
1.05	0	0.10500000000000001	502.0113495856031	2308.4151429787316	8.092624831247115	924.216283984842	624.227615375068	58.5898252786393	619.6204262677369	NaN
1.05	0	0.10500000000000001	502.0708264068694	2308.280772182436	8.095728122286655	924.208494307242	624.4299962760178	58.598340653669375	619.9934653611125	NaN
1.05	0	0.10500000000000001	502.13055067445725	2308.142629164956	8.098832425213155	924.2002557337187	624.6314104324631	58.62209254981959	620.3654931632262	NaN
1.05	0	0.10500000000000001	502.19051336486217	2308.0007376782933	8.101937200137412	924.1915566813512	624.831821558151	58.66075878529347	620.7350831385024	NaN
1.05	0	0.10500000000000001	502.25070592039515	2307.8551226941267	8.10504193879654	924.1823857683719	625.0311961462796	58.71389118328971	621.1008362821083	NaN
1.05	0	0.10500000000000001	502.31112014514144	2307.705810495025	8.108146158713652	924.1727318309491	625.2295030457672	58.780920816827724	621.4613931556352	NaN
1.05	0	0.10500000000000001	502.3717478967362	2307.5528293209463	8.111249387050242	924.1625839781775	625.4267123954452	58.861163985557546	621.8154442943389	NaN
1.05	0	0.10500000000000001	502.4325807157817	2307.3962102742785	8.114351141648916	924.1519316713769	625.622794413011	58.953828808984994	622.161739921021	NaN
1.05	0	0.10500000000000001	502.4936094127867	2307.2359884495277	8.117450910356537	924.1407648283836	625.8177181136713	59.058022394919576	622.4990991422626	NaN
1.05	0	0.10500000000000001	502.5548237145262	2307.072204023258	8.120548133826812	924.129073936404	626.0114502867743	59.172758771389695	622.8264192160149	NaN
1.05	0	0.10500000000000001	502.6162120861794	2306.9049029590233	8.123642197568891	924.1168501474589	626.2039550800216	59.29696794879477	623.1426853804998	NaN
1.05	0	0.10500000000000001	502.67776172491637	2306.73413727508	8.126732432780576	924.1040853479124	626.39519414107	59.42950629936814	623.4469809003963	NaN
1.05	0	0.10500000000000001	502.739458838585	2306.5599644910108	8.129818131403592	924.0907721672204	626.5851276297107	59.56916860875693	623.7384974607887	NaN
1.05	0	0.10500000000000001	502.8012891391807	2306.3824463612295	8.132898571518874	924.0769039246743	626.7737158304566	59.714701673807916	624.01654497404	NaN
1.05	0	0.10500000000000001	502.86323856060477	2306.201646799648	8.135973053268016	924.0624744979468	626.9609213529326	59.86481929702972	624.2805602918281	NaN
1.05	0	0.10500000000000001	502.9252941186694	2306.0176291735415	8.139040940961047	924.0474781185267	627.1467116338935	60.01821815809453	624.5301139611407	NaN
1.05	0	0.10500000000000001	502.9874447926761	2305.830453295976	8.142101705263197	924.0319091143016	627.331061360316	60.1735937949544	624.7649142432377	NaN
1.05	0	0.10500000000000001	503.0496824101875	2305.6401721775314	8.145154964549162	924.0157616010202	627.5139547597366	60.32965611331971	624.9848082995461	NaN
1.05	0	0.10500000000000001	503.11200238113895	2305.4468290283826	8.148200517934777	923.9990291628469	627.6953873156953	60.485143529125445	625.1897801692508	NaN
1.05	0	0.10500000000000001	503.17440426826147	2305.2504546098776	8.15123836956885	923.9817045339363	627.8753669036444	60.6388352929752	625.3799459785276	NaN
1.05	0	0.10500000000000001	503.2368921490361	2305.0510651384393	8.154268742245906	923.9637793036858	628.0539142541038	60.78956162216248	625.5555468342347	NaN
1.05	0	0.10500000000000001	503.29947478309145	2304.8486607657665	8.157292081290857	923.9452436544555	628.2310628234352	60.93621158290646	625.7169401165664	NaN
1.05	0	0.10500000000000001	503.3621655952184	2304.643224662933	8.160309049459325	923.9260861411245	628.4068581376764	61.07773881476161	625.8645898409484	NaN
1.05	0	0.10500000000000001	503.42498243379146	2304.4347228972656	8.163320511164564	923.9062935375731	628.5813565319677	61.21316521901824	625.9990565935992	NaN
1.05	0	0.10500000000000001	503.48794725047634	2304.2231046716834	8.166327513264896	923.8858507172828	628.7546237248446	61.34158325905162	626.1209878764907	NaN
1.05	0	0.10500000000000001	503.55108560476634	2304.0083032743387	8.169331257920168	923.8647406065418	628.926732977751	61.462157023820886	626.2311089664147	NaN
1.05	0	0.10500000000000001	503.61442606131027	2303.790237547183	8.172333070941578	923.8429441990186	629.0977630513803	61.574122627318715	626.330214687715	NaN
1.05	0	0.10500000000000001	503.67799948816196	2303.5688138678574	8.175334366139548	923.8204406369433	629.2677959966546	61.67678837885989	626.4191622078612	NaN
1.05	0	0.10500000000000001	503.74183821566413	2303.3439288074287	8.178336603890317	923.797207381625	629.4369146887009	61.769535076834366	626.4988647933188	NaN
1.05	0	0.10500000000000001	503.80597509363906	2303.115472359385	8.1813412458475	923.7732204700554	629.6052002239308	61.85181690028964	626.5702864840569	NaN
1.05	0	0.10500000000000001	503.8704423556203	2302.8833320896556	8.184349701667612	923.7484549019559	629.7727289593581	61.92316314705701	626.6344373726645	NaN
1.05	0	0.10500000000000001	503.93527036708247	2302.647397969719	8.187363271559251	923.7228851423836	629.9395694226855	61.9831812712198	626.6923692890812	NaN
1.05	0	0.10500000000000001	504.000486185517	2302.4075681815134	8.190383081467855	923.6964857804918	630.1057789282587	62.03156137809585	626.7451713992585	NaN
1.05	0	0.10500000000000001	504.06611198509125	2302.163755737791	8.193410013565874	923.6692323391342	630.2714000622618	62.068082382138215	626.7939652675933	NaN
1.05	0	0.10500000000000001	504.1321634344575	2301.9158956092924	8.196444636289057	923.6411022107845	630.436457279156	62.092619824147434	626.839898843146	NaN
1.05	0	0.10500000000000001	504.1986481559253	2301.663951871796	8.199487139844262	923.6120756705485	630.6009539313461	62.10515505320682	626.8841387963276	NaN
1.05	0	0.10500000000000001	504.2655644371566	2301.4079241825357	8.202537284881386	923.5821368864365	630.7648701331539	62.10578512188103	626.9278606929589	NaN
1.05	0	0.10500000000000001	504.3329004606192	2301.1478524807285	8.205594376031987	923.5512747877586	630.9281620530722	62.094732340208	626.972236714621	NaN
1.05	0	0.10500000000000001	504.4006343212432	2300.8838187117494	8.208657271859504	923.5194836251446	631.0907631883791	62.07235201160119	627.0184209645852	NaN
1.05	0	0.10500000000000001	504.4687349698098	2300.615944827271	8.21172443639027	923.4867630939005	631.2525878094539	62.0391366811248	627.0675328075458	NaN
1.05	0	0.10500000000000001	504.537164145614	2300.3443865780337	8.214794033876904	923.4531179141002	631.4135365627419	61.99571537892057	627.120639209839	NaN
1.05	0	0.10500000000000001	504.605879132546	2300.0693235318718	8.217864058127505	923.4185568692379	631.5735036807403	61.94284690717122	627.1787373790761	NaN
1.05	0	0.10500000000000001	504.67483595779186	2299.7909466801025	8.220932478441338	923.3830914304298	631.7323847910693	61.88140716577851	627.2427390704078	NaN
1.05	0	0.10500000000000001	504.74399266819523	2299.509445046181	8.223997385462155	923.3467341191404	631.8900844303273	61.81237141088734	627.313457812393	NaN
1.05	0	0.10500000000000001	504.81331218575724	2299.224993366391	8.227057114923683	923.309496868349	632.0465221418106	61.73679320316707	627.3915997244484	NaN
1.05	0	0.10500000000000001	504.8827645522064	2298.937741764385	8.230110341523536	923.271389518576	632.2016368171951	61.6557819527671	627.4777582214455	NaN
1.05	0	0.10500000000000001	504.95232836453596	2298.6478084188248	8.233156135084515	923.2324186091607	632.3553889590338	61.57048097868249	627.5724122504458	NaN
1.05	0	0.10500000000000001	505.02199140342253	2298.355275420713	8.236193980138244	923.1925865293988	632.5077610095042	61.482047524182114	627.6759273811348	NaN
1.05	0	0.10500000000000001	505.09175064583553	2298.0601871993085	8.23922376825231	923.1518909832678	632.6587562932929	61.39163547337279	627.7885590427966	NaN
1.05	0	0.10500000000000001	505.1616117426609	2297.762551308146	8.24224576736089	923.1103247704026	632.8083968471869	61.3003811631829	627.9104569927921	NaN
1.05	0	0.10500000000000001	505.23158814406617	2297.4623408942316	8.245260576606425	923.0678758159885	632.956720604885	61.20939215348494	628.0416703143891	NaN
1.05	0	0.10500000000000001	505.3016999837935	2297.1594984321887	8.248269071865527	923.0245274096691	633.103778220258	61.1197386015064	628.1821523164115	NaN
1.05	0	0.10500000000000001	505.37197289535817	2296.853940004765	8.251272349603626	922.9802585636977	633.2496299180627	61.03244661867483	628.3317650573446	NaN
1.05	0	0.10500000000000001	505.4424367161383	2296.5455603218197	8.254271667242197	922.9350445247559	633.3943422865335	60.94849317711135	628.4902830208217	NaN
1.05	0	0.10500000000000001	505.51312424656817	2296.234237746175	8.257268387220018	922.8888573387053	633.5379853607819	60.8688018416608	628.6573960805289	NaN
1.05	0	0.10500000000000001	505.5840699783041	2295.919839684034	8.260263921028345	922.8416665219164	633.680629810695	60.794238949964544	628.8327115433117	NaN
1.05	0	0.10500000000000001	505.65530889110016	2295.6022278867194	8.26325967742346	922.7934397741477	633.8223444303615	60.725609693652004	629.0157555919108	NaN
1.05	0	0.10500000000000001	505.7268753065709	2295.2812636920207	8.266257014226612	922.7441437362207	633.963193891434	60.66365378376397	629.2059743321751	NaN
1.05	0	0.10500000000000001	505.79880173970787	2294.9568134516885	8.269257191174313	922.6937448304692	634.10323663417	60.609040507767695	629.4027345860512	NaN
1.05	0	0.10500000000000001	505.8711178904465	2294.6287534887747	8.27226132971832	922.6422100829845	634.2425231664585	60.5623629185426	629.6053251694406	NaN
1.05	0	0.10500000000000001	505.9438496249646	2294.2969752390195	8.27527037340427	922.5895080270004	634.3810944634969	60.5241312737714	629.8129586602942	NaN
1.05	0	0.10500000000000001	506.01701812414717	2293.9613897547265	8.278285056141824	922.5356095577582	634.5189808006758	60.494765708815265	630.0247745565757	NaN
1.05	0	0.10500000000000001	506.0906390728504	2293.6219321195927	8.281305872999912	922.4804888213578	634.656200760004	60.47458847706546	630.2398438714442	NaN
1.05	0	0.10500000000000001	506.1647220469058	2293.278565032245	8.284333059885071	922.424124014811	634.7927606908855	60.46381604888605	630.4571759554467	NaN
1.05	0	0.10500000000000001	506.23927006012707	2292.931281696101	8.287366580340967	922.366498110649	634.9286545274771	60.46255159930689	630.675727693594	NaN
1.05	0	0.10500000000000001	506.31427925825597	2292.580108046007	8.29040611875363	922.3075995031018	635.0638639154107	60.47077844257436	630.8944151566265	NaN
1.05	0	0.10500000000000001	506.38973890257756	2292.2251036110247	8.293451085534588	922.2474224484455	635.1983588789126	60.48835502982343	631.1121280847284	NaN
1.05	0	0.10500000000000001	506.4656315940394	2291.866361197746	8.296500631961857	922.1859673141397	635.3320989001674	60.515012167142295	631.3277468263453	NaN
1.05	0	0.10500000000000001	506.5419337913776	2291.5040051013257	8.29955367652164	922.1232405706146	635.4650344689734	60.55035304098631	631.5401614510166	NaN
1.05	0	0.10500000000000001	506.61861669602854	2291.1381874528056	8.302608945285296	922.0592544376871	635.5971091857731	60.59385656766611	631.748292597661	NaN
1.05	0	0.10500000000000001	506.69564744134095	2290.769082952262	8.305665023403023	921.9940262055283	635.7282622616939	60.644884357483214	631.9511130560488	NaN
1.05	0	0.10500000000000001	506.77299062979074	2290.396881740345	8.308720419069658	921.927577164423	635.8584314482644	60.70269138435102	632.147669257671	NaN
1.05	0	0.10500000000000001	506.85061014474155	2290.021780725587	8.311773636666814	921.8599311764124	635.9875562306369	60.76644012363558	632.3371014856831	NaN
1.05	0	0.10500000000000001	506.92847111619653	2289.6439739305815	8.314823254053383	921.7911129717271	636.1155810546737	60.835217574926304	632.5186615853627	NaN
1.05	0	0.10500000000000001	507.006541926266	2289.263642412262	8.317867999393613	921.7211462600201	636.2424583888642	60.908054321656024	632.6917271879647	NaN
1.05	0	0.10500000000000001	507.0847960717256	2288.8809446660966	8.320906820425924	921.6500518210737	636.3681513317188	60.98394453766384	632.8558116177918	NaN
1.05	0	0.10500000000000001	507.16321379580296	2288.4960079852995	8.323938942981794	921.5778456705358	636.4926356529577	61.06186587014578	633.0105692479226	NaN
1.05	0	0.10500000000000001	507.24178332232907	2288.108921646487	8.326963912646324	921.5045374794414	636.6159010461902	61.14079812176049	633.1557962647566	NaN
1.05	0	0.10500000000000001	507.3205017171014	2287.719731863123	8.329981621001435	921.4301292602079	636.7379516894462	61.21974001636643	633.2914275038651	NaN
1.05	0	0.10500000000000001	507.399375264994	2287.3284391161255	8.332992312657552	921.354614460247	636.8588059962374	61.29772344817378	633.4175299416527	NaN
1.05	0	0.10500000000000001	507.47841950390455	2286.934997220683	8.335996578991216	921.2779773680534	636.9784958334437	61.37382513644025	633.5342939731024	NaN
1.05	0	0.10500000000000001	507.557658832376	2286.539314585053	8.338995335838685	921.2001929435414	637.0970651255732	61.44717563753264	633.6420231775301	NaN
1.05	0	0.10500000000000001	507.6371258198121	2286.14125705856	8.341989790466489	921.1212269795674	637.2145680861228	61.51696608925869	633.7411235393399	NaN
1.05	0	0.10500000000000001	507.7168602295715	2285.740652342073	8.344981398520211	921.0410366084186	637.3310671240873	61.582453096850614	633.8320927266467	NaN
1.05	0	0.10500000000000001	507.7969077543831	2285.337295984392	8.347971811229856	920.9595711766589	637.4466304552863	61.64296226673949	633.915509863542	NaN
1.05	0	0.10500000000000001	507.8773184623238	2284.9309589912077	8.350962813104035	920.8767735127446	637.5613294455893	61.69789095527662	633.9920260601793	NaN
1.05	0	0.10500000000000001	507.95814491262337	2284.5213972687743	8.353956248908693	920.7925816527991	637.6752356582261	61.74671079254391	634.0623557485735	NaN
1.05	0	0.10500000000000001	508.03943984956686	2284.1083633858693	8.356953936908093	920.7069311480573	637.7884175121657	61.78897051083581	634.1272686650159	NaN
1.05	0	0.10500000000000001	508.1212535482421	2283.6916203005712	8.359957571534677	920.619757909357	637.9009366971553	61.824299658008385	634.1875822820951	NaN
1.05	0	0.10500000000000001	508.2036306289981	2283.2709580007668	8.362968609202548	920.5310018158535	638.0128441343095	61.85241351984568	634.2441540850402	NaN
1.05	0	0.10500000000000001	508.28660658209657	2282.8462118460643	8.365988146646934	920.4406108680971	638.124175862078	61.87311960867577	634.2978732411266	NaN
1.05	0	0.10500000000000001	508.3702041420672	2282.41728189451	8.369016797186692	920.3485457558778	638.2349490606767	61.886325646854026	634.3496509255343	NaN
1.05	0	0.10500000000000001	508.45442998314604	2281.984150772903	8.37205458207604	920.2547843264696	638.345158840791	61.892048593908726	634.4004087088307	NaN
1.05	0	0.10500000000000001	508.53927243259653	2281.546896442293	8.375100861573241	920.1593251382302	638.4547766487668	61.890423635692706	634.4510646243913	NaN
1.05	0	0.10500000000000001	508.62470085236976	2281.1056963922706	8.378154327780026	920.0621892695822	638.5637509896926	61.88171139938762	634.5025168743865	NaN
1.05	0	0.10500000000000001	508.71066744902856	2280.660819186573	8.381213084319027	919.9634193633516	638.6720112223688	61.866301250944176	634.5556258867904	NaN
1.05	0	0.10500000000000001	508.79711146967253	2280.212603403295	8.384274808556047	919.8630757493632	638.7794740937994	61.84470867322984	634.6111958391452	NaN
1.05	0	0.10500000000000001	508.8839654109302	2279.761425763152	8.387336980489458	919.7612298833471	638.8860522900454	61.817565591391755	634.6699573417816	NaN
1.05	0	0.10500000000000001	508.97116212412783	2279.3076641701236	8.390397136886593	919.6579562649974	638.9916634424336	61.785603916692814	634.7325528389704	NaN
1.05	0	0.10500000000000001	509.0586414827484	2278.851662623696	8.393453103176626	919.5533243695597	639.0962379222308	61.749634022818555	634.7995258081829	NaN
1.05	0	0.10500000000000001	509.14635571075894	2278.393702802138	8.39650317238295	919.447391732104	639.1997244377753	61.71052064553259	634.871314272739	NaN
1.05	0	0.10500000000000001	509.2342728326622	2277.9339852718813	8.39954621407378	919.3401989655235	639.3020929794004	61.66915877893001	634.9482483805688	NaN
1.05	0	0.10500000000000001	509.322378170206	2277.472620861221	8.402581712945393	919.2317669676925	639.4033352479763	61.62645159948087	635.0305512741455	NaN
1.05	0	0.10500000000000001	509.4106743531827	2277.0096298703547	8.405609755274567	919.1220958988569	639.5034633136577	61.58329150737092	635.1183424368586	NaN
1.05	0	0.10500000000000001	509.4991800931172	2276.544947889602	8.408630973390386	919.0111657378249	639.6025069419741	61.54054474421116	635.2116423908608	NaN
1.05	0	0.10500000000000001	509.5879283260285	2276.0784350875906	8.411646470073691	918.8989377444001	639.7005103785177	61.499039286167374	635.3103780948832	NaN
1.05	0	0.10500000000000001	509.67696383721335	2275.609888386295	8.414657727354362	918.7853567296379	639.7975287722694	61.45955555659025	635.4143881983523	NaN
1.05	0	0.10500000000000001	509.7663407167669	2275.139054685847	8.417666511937846	918.6703537187901	639.8936246532409	61.42281917690423	635.523427860668	NaN
1.05	0	0.10500000000000001	509.85611962546545	2274.665645230692	8.420674776713296	918.5538490410725	639.9888644496349	61.3894950723009	635.6371727581089	NaN
1.05	0	0.10500000000000001	509.9463649531738	2274.1893506673855	8.423684561239085	918.4357557474365	640.0833151389495	61.36018220798138	635.7552222717636	NaN
1.05	0	0.10500000000000001	510.0371418085903	2273.709857098163	8.426697889263664	918.3159834406629	640.1770409719301	61.33540836013988	635.8771019132656	NaN
1.05	0	0.10500000000000001	510.1285127608881	2273.226863532648	8.429716660830275	918.1944426324046	640.2701001978697	61.315624426022076	636.0022652102823	NaN
1.05	0	0.10500000000000001	510.2205343053504	2272.7401008683837	8.432742538321643	918.0710496798408	640.3625417810933	61.301197897573196	636.1300955181853	NaN
1.05	0	0.10500000000000001	510.31325311492327	2272.249352053657	8.435776828786066	917.9457322354943	640.454402190702	61.292405309229615	636.259908508524	NaN
1.05	0	0.10500000000000001	510.40670215978355	2271.7544729749097	8.438820365479737	917.818435111017	640.5457023588482	61.28942375064585	636.3909562261083	NaN
1.05	0	0.10500000000000001	510.50089711266565	2271.2554118280555	8.441873402319066	917.6891259859633	640.6364452149213	61.29232187930991	636.5224340956347	NaN
1.05	0	0.10500000000000001	510.5958335527746	2270.7522242204695	8.444935537469663	917.5578002245728	640.7266142468051	61.30105136968635	636.6534922469034	NaN
1.05	0	0.10500000000000001	510.6914857575936	2270.245079780261	8.448005690489351	917.424483632921	640.8161737415987	61.31544024771205	636.7832525100431	NaN
1.05	0	0.10500000000000001	510.7878076606347	2269.7342571707372	8.451082149686492	917.2892322203286	640.9050710802375	61.335189916310505	636.9108314544942	NaN
1.05	0	0.10500000000000001	510.8847364958759	2269.220124725517	8.454162703774465	917.1521280636254	640.9932413495155	61.35987767024939	637.0353689010868	NaN
1.05	0	0.10500000000000001	510.98219881901025	2268.7031083486545	8.457244845022414	917.013271521517	641.0806137462122	61.38896586264677	637.1560594177006	NaN
1.05	0	0.10500000000000001	511.08011813196487	2268.1836508137667	8.460326016947407	916.8727707461684	641.1671188828199	61.421817769089806	637.272183329956	NaN
1.05	0	0.10500000000000001	511.1784228736085	2267.662169078911	8.463403866131117	916.730730182162	641.2526957943656	61.4577188979634	637.3831334370205	NaN
1.05	0	0.10500000000000001	511.2770534952057	2267.1390164785043	8.466476457977553	916.5872399141864	641.3372975437389	61.495901503797235	637.4884344352454	NaN
1.05	0	0.10500000000000001	511.37596787563314	2266.614453799756	8.46954243446717	916.4423670414669	641.420894906735	61.53556980144785	637.5877538322333	NaN
1.05	0	0.10500000000000001	511.4751446063448	2266.0886317727704	8.472601101366594	916.2961499070276	641.5034779174068	61.57592361831021	637.6809045037932	NaN
1.05	0	0.10500000000000001	511.57458438977477	2265.5615836950224	8.475652454762006	916.1485949780697	641.5850556744716	61.616179041731804	637.76784051563	NaN
1.05	0	0.10500000000000001	511.67430979633275	2265.0332268843067	8.478697156480353	915.9996761449673	641.665654776565	61.65558532552512	637.8486480870315	NaN
1.05	0	0.10500000000000001	511.77436373802703	2264.5033710421617	8.481736471027533	915.8493360099394	641.745316809893	61.69343801639785	637.9235336430107	NaN
1.05	0	0.10500000000000001	511.8748070629713	2263.9717313576607	8.484772177579357	915.6974886330032	641.8240953054604	61.729088782529935	637.992810652075	NaN
1.05	0	0.10500000000000001	511.9757153058005	2263.4379461330404	8.487806458959529	915.5440237315506	641.9020522561785	61.7619526133752	638.0568862895956	NaN
1.05	0	0.10500000000000001	512.0771747228589	2262.9015982103683	8.490841772283575	915.3888121802772	641.97925434856	61.79151328876772	638.1162486824699	NaN
1.05	0	0.10500000000000001	512.1792773906823	2262.362241325427	8.493880695392892	915.2317131875523	642.0557687895548	61.817327976074694	638.1714548934222	NaN
1.05	0	0.10500000000000001	512.2821152128228	2261.8194321498186	8.49692574545912	915.0725834354749	642.1316586776885	61.83903184947544	638.2231195298398	NaN
1.05	0	0.10500000000000001	512.3857726315032	2261.272769022997	8.4999791649363	914.9112885561894	642.2069778466739	61.85634351679257	638.2719034834184	NaN
1.05	0	0.10500000000000001	512.4903181099837	2260.7219369368886	8.503042678208088	914.7477169069515	642.2817653193607	61.86907185858546	638.3185020798568	NaN
1.05	0	0.10500000000000001	512.5957949902831	2260.1667554892724	8.506117237909	914.5817947500709	642.356039880096	61.87712447483818	638.3636317973951	NaN
1.05	0	0.10500000000000001	512.7022130493154	2259.607222760238	8.509202799964624	914.4135007612861	642.4297957127737	61.880517189792805	638.408014777315	NaN
1.05	0	0.10500000000000001	512.8095433067635	2259.0435416666433	8.512298200142586	914.2428757385812	642.5030007656684	61.87938301025048	638.4523609581731	NaN
1.05	0	0.10500000000000001	512.9177184720643	2258.4761163620224	8.51540119693328	914.0700234811054	642.5755991688063	61.873977759314286	638.4973482817256	NaN
1.05	0	0.10500000000000001	513.0266409383116	2257.9055089299895	8.518508728864619	913.895099431551	642.6475185115975	61.86467914624256	638.5436025905386	NaN
1.05	0	0.10500000000000001	513.1361972664589	2257.3323622906937	8.52161734801416	913.7182883660691	642.7186807267377	61.85197691631798	638.5916792063917	NaN
1.05	0	0.10500000000000001	513.2462758247727	2256.757307146831	8.524723728682163	913.5397762131971	642.7890139957618	61.83645401757415	638.6420481868932	NaN
1.05	0	0.10500000000000001	513.3567830219241	2256.180877035701	8.52782512011376	913.3597233204723	642.8584626340191	61.81876129205662	638.6950843812685	NaN
1.05	0	0.10500000000000001	513.4676549441086	2255.603448132002	8.53091965613693	913.1782445292957	642.9269931498545	61.79958960591303	638.751062495306	NaN
1.05	0	0.10500000000000001	513.5788633042054	2255.0252093057093	8.534006496651111	912.9953981479675	642.9945961971516	61.77964312377319	638.8101565185532	NaN
1.05	0	0.10500000000000001	513.69041650378	2254.4461579969557	8.537085829306296	912.8111828241841	643.0612853330157	61.759616129040666	638.8724424674789	NaN
1.05	0	0.10500000000000001	513.802357167429	2253.866114585028	8.540158773911974	912.6255403184267	643.1270937296897	61.74017435185691	638.9379031741689	NaN
1.05	0	0.10500000000000001	513.9147575596091	2253.284747730383	8.54322723171355	912.4383619968763	643.1920698902011	61.72194062877696	639.0064340045332	NaN
1.05	0	0.10500000000000001	514.0277136650636	2252.701606497192	8.546293702843432	912.2494978239176	643.2562729384888	61.705484103475136	639.0778485007578	NaN
1.05	0	0.10500000000000001	514.1413383454743	2252.1161570090385	8.549361084348623	912.0587672038068	643.3197677832441	61.69131187259923	639.1518832792033	NaN
1.05	0	0.10500000000000001	514.2557534897555	2251.5278239586187	8.55243244744558	911.865971831424	643.3826201511741	61.679861937299236	639.2282017579378	NaN
1.05	0	0.10500000000000001	514.3710807843328	2250.93603876817	8.555510785044916	911.670911207532	643.4448913362135	61.67149638394534	639.3063966020057	NaN
1.05	0	0.10500000000000001	514.4874308564883	2250.34029550314	8.558598724461516	911.4734012751115	643.5066326070811	61.66649385859573	639.3859913473002	NaN
1.05	0	0.10500000000000001	514.6048907784887	2249.740214403023	8.561698206782776	911.2732962416944	643.5678793562298	61.66504073089025	639.4664422999556	NaN
1.05	0	0.10500000000000001	514.7235108308776	2249.135608233595	8.564810158290083	911.0705120888524	643.6286455368006	61.667220932495596	639.5471428031937	NaN
1.05	0	0.10500000000000001	514.8432931069387	2248.526538181516	8.567934222066267	910.8650473292577	643.6889197071365	61.67300548095898	639.6274331649041	NaN
1.05	0	0.10500000000000001	514.9641857704565	2247.9133400354845	8.571068646527376	910.6569943295415	643.7486644161174	61.6822440988269	639.7066197218204	NaN
1.05	0	0.10500000000000001	515.0860872582681	2247.2965994008578	8.574210435110539	910.4465335235899	643.807820620105	61.6946625271943	639.7840052141448	NaN
1.05	0	0.10500000000000001	515.2088618277161	2246.6770697957795	8.577355782012699	910.2339076918419	643.8663171614428	61.70986903136899	639.8589284589486	NaN
1.05	0	0.10500000000000001	515.3323635472914	2246.055549355914	8.580500707816341	910.0193809495719	643.9240832702475	61.72737153962064	639.930806794966	NaN
1.05	0	0.10500000000000001	515.4564618826047	2245.432751425952	8.583641712920482	909.8031941428488	643.9810604927985	61.7466035435751	639.9991723926391	NaN
1.05	0	0.10500000000000001	515.5810621791811	2244.80920283872	8.586776279108184	909.5855284004745	644.037211016714	61.76695435621255	640.0636957730106	NaN
1.05	0	0.10500000000000001	515.7061178792674	2244.1851852716445	8.589903146147103	909.3664826510607	644.0925213732862	61.78779897508817	640.1241948418945	NaN
1.05	0	0.10500000000000001	515.8316344934565	2243.560718821997	8.593022373088933	909.1460654059148	644.1470020591222	61.80852412880888	640.1806316772665	NaN
1.05	0	0.10500000000000001	515.9576675633873	2242.9355759064606	8.59613524831689	908.9241971597976	644.2006845205058	61.828549056849816	640.233101282101	NaN
1.05	0	0.10500000000000001	516.084316506653	2242.3093155148895	8.59924410102601	908.7007202542025	644.2536166247235	61.84734103082246	640.2818160906395	NaN
1.05	0	0.10500000000000001	516.2117156993556	2241.681330686085	8.602352051343253	908.4754139053654	644.3058573820549	61.86442657610811	640.3270890489536	NaN
1.05	0	0.10500000000000001	516.3400230016774	2241.050907863407	8.605462706783188	908.2480140789683	644.3574711259811	61.87939974654592	640.3693167733776	NaN
1.05	0	0.10500000000000001	516.469405270157	2240.4173000284695	8.608579796608579	908.0182390521998	644.4085210824549	61.891928953968815	640.4089632738876	NaN
1.05	0	0.10500000000000001	516.600019858475	2239.7798180624723	8.611706723378592	907.7858224718796	644.4590620778552	61.90176378290109	640.4465438221167	NaN
1.05	0	0.10500000000000001	516.7319919996439	2239.1379402813254	8.614846033471691	907.5505541415911	644.5091325302836	61.908742999673905	640.4826080735205	NaN
1.05	0	0.10500000000000001	516.8653897189795	2238.4914315219935	8.617998850081324	907.3123256164157	644.558746521041	61.91280424360043	640.5177212616876	NaN
1.05	0	0.10500000000000001	517.0002024696122	2237.840441442351	8.621164416630773	907.0711694925114	644.6078882810465	61.91399449624635	640.5524429526863	NaN
1.05	0	0.10500000000000001	517.1363334486008	2237.185534487658	8.624339978480533	906.8272743736688	644.6565123890571	61.91247819348457	640.5873040829532	NaN
1.05	0	0.10500000000000001	517.2736149798976	2236.527608248467	8.627521205012963	906.580958331466	644.7045522018985	61.90853797144375	640.6227846596298	NaN
1.05	0	0.10500000000000001	517.4118468219316	2235.8677039124977	8.63070312357747	906.3326006933722	644.7519352885722	61.902563607526915	640.6592951083168	NaN
1.05	0	0.10500000000000001	517.5508437563258	2235.2067767750955	8.633881229184746	906.082556420256	644.7986002210625	61.89502875212628	640.6971630935644	NaN
1.05	0	0.10500000000000001	517.690475141495	2234.545510166716	8.637052367907566	905.8310842988408	644.8445087136253	61.886459940662405	640.7366261281235	NaN
1.05	0	0.10500000000000001	517.8306865514753	2233.884218449268	8.640215180912357	905.5783070649852	644.8896504588594	61.87740439931153	640.7778291835506	NaN
1.05	0	0.10500000000000001	517.9715046503866	2233.2228313767505	8.643370154553573	905.3242017439626	644.9340419586074	61.86840159848557	640.8208263298686	NaN
1.05	0	0.10500000000000001	518.1130304149374	2232.5609336915445	8.646519408125313	905.068611222734	644.9777217346775	61.8599607065966	640.8655849660058	NaN
1.05	0	0.10500000000000001	518.2554259473204	2231.897833966438	8.649666347097957	904.8112676918023	645.0207440172868	61.85254378917295	640.9119912488491	NaN
1.05	0	0.10500000000000001	518.398897030061	2231.232651806101	8.65281523542678	904.551824080014	645.0631717978616	61.84655340675463	640.9598552404316	NaN
1.05	0	0.10500000000000001	518.5436712335658	2230.564423622875	8.65597068700431	904.2898937955341	645.1050693379539	61.842322777601005	641.0089146295343	NaN
1.05	0	0.10500000000000001	518.6899700712144	2229.892233158157	8.659137048304725	904.0251014492669	645.1464938633231	61.840106601978604	641.0588365856512	NaN
1.05	0	0.10500000000000001	518.8379736575287	2229.215372773097	8.66231764554672	903.7571472908187	645.1874862367953	61.840070937411646	641.1092184597354	NaN
1.05	0	0.10500000000000001	518.9877802553901	2228.533523317071	8.665513955543277	903.4858809382785	645.2280615318559	61.842281398998516	641.1595904760713	NaN
1.05	0	0.10500000000000001	519.1393709385632	2227.846905271396	8.668724922280145	903.2113657371717	645.2682023607598	61.84669100762421	641.2094266465625	NaN
1.05	0	0.10500000000000001	519.2925989370028	2227.15631367351	8.67194682429375	902.9338981464889	645.3078597004766	61.853132183122156	641.2581717858683	NaN
1.05	0	0.10500000000000001	519.4472213940753	2226.4629612588883	8.675174034806666	902.6539499604291	645.346964571923	61.861319684714125	641.3052876481094	NaN
1.05	0	0.10500000000000001	519.6029685732256	2225.768158829826	8.678400525410007	902.372042468107	645.3854475999832	61.870869057724946	641.3503088797969	NaN
1.05	0	0.10500000000000001	519.7596200288019	2225.072974238948	8.681621447367705	902.0886080444394	645.4232577257761	61.88132819812926	641.3928904907381	NaN
1.05	0	0.10500000000000001	519.917056476278	2224.37800918236	8.684834147443254	901.8038960507404	645.4603726494014	61.892213877511146	641.4328332006986	NaN
1.05	0	0.10500000000000001	520.0752787847387	2223.6833276030407	8.688038472302267	901.5179386670877	645.4968001558008	61.90304529372348	641.4700861336963	NaN
1.05	0	0.10500000000000001	520.2344023465404	2222.9884943797824	8.691236562971962	901.2305616490867	645.5325735145167	61.913370650016745	641.5047343510518	NaN
1.05	0	0.10500000000000001	520.3946371516395	2222.2926754626615	8.694432371163483	900.9414211810555	645.567744137305	61.92278640441563	641.5369791327449	NaN
1.05	0	0.10500000000000001	520.556258785293	2221.5947745511667	8.697631015287675	900.6500572169126	645.6023730886837	61.93095080847408	641.5671160248132	NaN
1.05	0	0.10500000000000001	520.719569589419	2220.893607970846	8.70083797048195	900.3559644678214	645.63652155959	61.9375940727178	641.5955125712272	NaN
1.05	0	0.10500000000000001	520.8848464816425	2220.188130844866	8.704058034866554	900.0586870665877	645.6702398819805	61.94252761492141	641.6225855114783	NaN
1.05	0	0.10500000000000001	521.0522745798421	2219.4777155556753	8.707294070290065	899.757938039938	645.7035553225384	61.945654377466624	641.6487760670068	NaN
1.05	0	0.10500000000000001	521.2218791299827	2218.762426963547	8.710545772595669	899.4537206760666	645.7364614789757	61.94698056407122	641.6745224581728	NaN
1.05	0	0.10500000000000001	521.3934912155128	2218.043145271842	8.713809146467911	899.1463879410894	645.7689158852965	61.94662553035273	641.7002315853204	NaN
1.05	0	0.10500000000000001	521.5667896824265	2217.3213661718232	8.717077445403552	898.8365645591215	645.8008523104583	61.94482224254223	641.7262550126053	NaN
1.05	0	0.10500000000000001	521.7414186748366	2216.5986950199085	8.720343481003743	898.5249344860612	645.832205042738	61.94190107886858	641.7528735488665	NaN
1.05	0	0.10500000000000001	521.9171155139223	2215.876317245768	8.723602012024779	898.2120120270445	645.8629314868404	61.93825801151167	641.7802893746357	NaN
1.05	0	0.10500000000000001	522.0937858555669	2215.154704266022	8.726851047220988	897.8980093866603	645.8930223613413	61.934316690857244	641.8086226324858	NaN
1.05	0	0.10500000000000001	522.2715178270008	2214.4335787695763	8.730091970253909	897.5828144304288	645.922500037895	61.93049405389055	641.8379112868937	NaN
1.05	0	0.10500000000000001	522.4505585994765	2213.7120336176586	8.733328976247298	897.2660357164076	645.9514107634848	61.92717371266457	641.8681138076288	NaN
1.05	0	0.10500000000000001	522.6312719286195	2212.9887232717947	8.73656819117957	896.9470810287038	645.9798147657516	61.92468679551193	641.899113152456	NaN
1.05	0	0.10500000000000001	522.8140798637363	2212.2621114062067	8.739816550399892	896.6252630825016	646.007775209474	61.92329773563026	641.9307197478364	NaN
1.05	0	0.10500000000000001	522.9993818806162	2211.530798046385	8.743080334420771	896.2999435189947	646.0353453784019	61.92319183890953	641.9626718637448	NaN
1.05	0	0.10500000000000001	523.1874456301576	2210.7939440893006	8.746363285986074	895.9707242649963	646.0625538088291	61.92446190388823	641.9946345841325	NaN
1.05	0	0.10500000000000001	523.3782898506504	2210.05170715799	8.74966469522814	895.6376489531364	646.0893909355559	61.92709359434599	642.0262053145798	NaN
1.05	0	0.10500000000000001	523.5716324406774	2209.3054055031434	8.752978709634935	895.3012866935453	646.1158071852873	61.9309550521993	642.0569416376312	NaN
1.05	0	0.10500000000000001	523.7669905521957	2208.55709129245	8.756296265696005	894.9625499183753	646.1417319369042	61.9358021294677	642.0864216396184	NaN
1.05	0	0.10500000000000001	523.9639038272918	2207.808674536992	8.759608987696119	894.6223024435936	646.1671054909259	61.94130616166348	642.1143174464352	NaN
1.05	0	0.10500000000000001	524.1621248060329	2207.061210223254	8.762912327966191	894.2810318292774	646.191901728365	61.947096019999464	642.1404438050253	NaN
1.05	0	0.10500000000000001	524.3616856813553	2206.3146808736165	8.766206494210977	893.938741047146	646.2161318281424	61.95279923082107	642.1647673539887	NaN
1.05	0	0.10500000000000001	524.5628724050277	2205.5681341061695	8.7694958073107	893.5950015338223	646.2398360771411	61.95807375523306	642.1873899603409	NaN
1.05	0	0.10500000000000001	524.766154395368	2204.819978812787	8.772787369438898	893.2490814504248	646.2630715621277	61.962629955510415	642.2085218437508	NaN
1.05	0	0.10500000000000001	524.9720827822842	2204.0683835755176	8.776089296280553	892.9001249663297	646.2858981322631	61.96624582988815	642.2284518588398	NaN
1.05	0	0.10500000000000001	525.1811443932509	2203.311816571263	8.779408344658819	892.547402195312	646.3083618780025	61.968779484958254	642.2475156918663	NaN
1.05	0	0.10500000000000001	525.3935685578065	2202.5497271500412	8.782746939796832	892.1906317783786	646.3304767131915	61.97018211514137	642.2660602246315	NaN
1.05	0	0.10500000000000001	525.6091615659554	2201.783092428621	8.786100816644131	891.8302478079739	646.3522124116511	61.97051101897537	642.28440595179	NaN
1.05	0	0.10500000000000001	525.8273486949661	2201.014202453898	8.789460003345415	891.4673130377025	646.3735055359889	61.96993404877365	642.3028180893352	NaN
1.05	0	0.10500000000000001	526.0474968469094	2200.245476490526	8.792814019096511	891.1029694312872	646.3942952330925	61.96871259487545	642.3214955908711	NaN
1.05	0	0.10500000000000001	526.2692639736481	2199.478249106656	8.796157160957637	890.7378604454917	646.4145550947873	61.96716308174961	642.3405696258882	NaN
1.05	0	0.10500000000000001	526.492729784529	2198.712370647502	8.799490208620371	890.3719291819184	646.4342997037314	61.96561307935131	642.3601007781444	NaN
1.05	0	0.10500000000000001	526.7183509081308	2197.946426843028	8.80281942932331	890.0045097265433	646.453574504707	61.96436539155502	642.3800769846232	NaN
1.05	0	0.10500000000000001	526.9468405105896	2197.178203163432	8.806154530704765	889.6345392830666	646.4724407633232	61.963672610398916	642.40041387886	NaN
1.05	0	0.10500000000000001	527.1789898532002	2196.405319008407	8.809505893926902	889.2608578994777	646.4909583128332	61.96371858818101	642.4209542609357	NaN
1.05	0	0.10500000000000001	527.4153959698103	2195.6261355937404	8.81288064199754	888.8826484326296	646.5091642797222	61.96460171856739	642.4414638156514	NaN
1.05	0	0.10500000000000001	527.6561157767579	2194.8408481735096	8.816277937760615	888.4999768183806	646.5270508353384	61.96631724253324	642.4616307490626	NaN
1.05	0	0.10500000000000001	527.9005072499199	2194.051905446738	8.819687218171943	888.114015149909	646.5445614172526	61.968745582979906	642.4810979713596	NaN
1.05	0	0.10500000000000001	528.147624855405	2193.2626326828313	8.823094187193297	887.7263857223609	646.5616265348809	61.971665410732186	642.4995492795691	NaN
1.05	0	0.10500000000000001	528.3968939297379	2192.475058556319	8.826490198629143	887.3380957897797	646.5782111762682	61.9747968278142	642.5167990956236	NaN
1.05	0	0.10500000000000001	528.6483990830092	2191.689081638	8.829875811807169	886.9491117499508	646.5943277888723	61.977851715623636	642.5328195904016	NaN
1.05	0	0.10500000000000001	528.9027908778831	2190.9028705987234	8.833259022161586	886.5585381999159	646.6100224684626	61.980572354585384	642.5477187617485	NaN
1.05	0	0.10500000000000001	529.1610475083106	2190.113686612528	8.836651691700713	886.1650127055723	646.6253546379945	61.982756945656334	642.5617031067322	NaN
1.05	0	0.10500000000000001	529.4241127739194	2189.3190291735687	8.840064613915166	885.7672720124385	646.6403734686404	61.98427740395417	642.5750351980422	NaN
1.05	0	0.10500000000000001	529.6923667859185	2188.518203340239	8.84350079966534	885.3649431136892	646.6550902820094	61.98509528074352	642.5879846563272	NaN
1.05	0	0.10500000000000001	529.9651910169913	2187.7134963995236	8.846950472752786	884.9591546028079	646.6694626211275	61.9852760113539	642.6007791297136	NaN
1.05	0	0.10500000000000001	530.2413565495526	2186.9088736249614	8.85039671065807	884.5519032899081	646.6834241505398	61.98498708198549	642.61358280594	NaN
1.05	0	0.10500000000000001	530.5201199374188	2186.106732608459	8.853829356031065	884.144417874858	646.6969425305107	61.98446409338661	642.6265052937501	NaN
1.05	0	0.10500000000000001	530.8017350893706	2185.3065446021055	8.857250791284654	883.7364501182391	646.7100371500819	61.983959572171365	642.6396013198408	NaN
1.05	0	0.10500000000000001	531.0872738338903	2184.505534488082	8.860672982277784	883.3265963807638	646.722761319237	61.98369988327885	642.6528612599185	NaN
1.05	0	0.10500000000000001	531.3782222497588	2183.699939962392	8.864112068810833	882.9129249985532	646.7351779642642	61.983855605728294	642.6662051019956	NaN
1.05	0	0.10500000000000001	531.6758144345574	2182.8868979002073	8.867580308034784	882.493941216733	646.7473297859225	61.9845188817835	642.6794732242118	NaN
1.05	0	0.10500000000000001	531.9800544335399	2182.067019598959	8.871075118738933	882.0699295556207	646.7592048202952	61.98568154078313	642.6924184431334	NaN
1.05	0	0.10500000000000001	532.2893788181336	2181.2450527390156	8.874576317800928	881.6433298481661	646.7707353410038	61.987224413459195	642.7047502921	NaN
1.05	0	0.10500000000000001	532.6022679666232	2180.425393172718	8.878065277591265	881.2164333847644	646.7818669866803	61.98894687684196	642.7162631428581	NaN
1.05	0	0.10500000000000001	532.9187563880685	2179.608219762431	8.881541351891796	880.7893557128453	646.7926075604141	61.99062647213916	642.7269173386901	NaN
1.05	0	0.10500000000000001	533.2401939730402	2178.7903896171765	8.885018010460817	880.3604686360384	646.8030064990556	61.99206748206035	642.7368142159413	NaN
1.05	0	0.10500000000000001	533.5684755315208	2177.967603520297	8.888513599740898	879.9275120742954	646.8131217799693	61.99313179624641	642.7461435549014	NaN
1.05	0	0.10500000000000001	533.9047876321428	2177.1375817976464	8.892037851201746	879.4892636251977	646.8229806905169	61.99376027623717	642.7551203347307	NaN
1.05	0	0.10500000000000001	534.2481568291258	2176.303431049114	8.895577626322979	879.0473433056509	646.832546265498	61.993990558545484	642.7639160024993	NaN
1.05	0	0.10500000000000001	534.5962497218396	2175.4713276503494	8.899106801893874	878.6050281880692	646.8417533869202	61.993956833764265	642.772636194668	NaN
1.05	0	0.10500000000000001	534.9484797389499	2174.643004931052	8.902618138911281	878.1632657340468	646.8505932447401	61.99384811930051	642.7813521070022	NaN
1.05	0	0.10500000000000001	535.3065222467744	2173.814910317926	8.906126801303946	877.7201825323485	646.8591128628752	61.99384988052546	642.7900909398495	NaN
1.05	0	0.10500000000000001	535.6731925380427	2172.981174547361	8.909657731859316	877.2726349516096	646.8673762557304	61.99410123130308	642.7988143698108	NaN
1.05	0	0.10500000000000001	536.0506254105893	2172.1378710670524	8.91322760783851	876.818486913648	646.8754205632974	61.99466456811853	642.8073995183323	NaN
1.05	0	0.10500000000000001	536.4374986495811	2171.288926545189	8.91681985847609	876.3598252056102	646.8832067627977	61.99549972183989	642.8156260623276	NaN
1.05	0	0.10500000000000001	536.8302623288898	2170.4428050767197	8.920398754930721	875.9012275671643	646.8906625864297	61.9964700150579	642.8232820844612	NaN
1.05	0	0.10500000000000001	537.228801573665	2169.6001979546677	8.923961481325048	875.4430973414371	646.897792148816	61.997405637538336	642.8303264367697	NaN
1.05	0	0.10500000000000001	537.6360662960697	2168.755471522581	8.92753195281426	874.9823875451649	646.9046505789529	61.99816292040543	642.8368638394268	NaN
1.05	0	0.10500000000000001	538.0553428155266	2167.902777995591	8.931134957347762	874.5158961238188	646.911286945066	61.998659706740774	642.8430644439118	NaN
1.05	0	0.10500000000000001	538.4861289683956	2167.044267519007	8.934761475580714	874.0447778911657	646.9176843994651	61.998899306663	642.8490692663781	NaN
1.05	0	0.10500000000000001	538.9239393248719	2166.189691610232	8.938370404753917	873.5743931011187	646.9237761481506	61.998977559160274	642.8549448719037	NaN
1.05	0	0.10500000000000001	539.3687757215723	2165.3395691611145	8.94195965913161	873.1050621536583	646.9295692230087	61.99904045355514	642.8607455409358	NaN
1.05	0	0.10500000000000001	539.8253883217202	2164.4856200900285	8.94556428944645	872.6322295266841	646.9351269724682	61.999218355214005	642.8664906776366	NaN
1.05	0	0.10500000000000001	540.2987352165376	2163.619952569821	8.949217679460196	872.1515022068622	646.9405003359603	61.999580010408806	642.87212072117	NaN
1.05	0	0.10500000000000001	540.7868071662444	2162.7477936395144	8.952897841659986	871.6657538659687	646.9456554809241	62.000098750111974	642.8774646673876	NaN
1.05	0	0.10500000000000001	541.2829981367564	2161.881943311673	8.956550858636964	871.1821288490203	646.9505234705852	62.00066068692472	642.88236021893	NaN
1.05	0	0.10500000000000001	541.7907209339114	2161.017217529376	8.96019870118525	870.6977655231947	646.955143370866	62.0011429438669	642.8868460040142	NaN
1.05	0	0.10500000000000001	542.3164686875964	2160.143927990641	8.963882327118677	870.2072361103076	646.9595705658991	62.00146852438034	642.8910557723589	NaN
1.05	0	0.10500000000000001	542.8594254161366	2159.265136787687	8.967588906469402	869.7122447651503	646.9637905809544	62.00163803766622	642.8950935023844	NaN
1.05	0	0.10500000000000001	543.4116359450994	2158.3948409966974	8.971259496576854	869.2207001317195	646.9677441170452	62.00173429476155	642.8989880763037	NaN
1.05	0	0.10500000000000001	543.9789377097416	2157.5247937638264	8.974928973994915	868.7279824026568	646.9714786576502	62.00186734170834	642.9027886985901	NaN
1.05	0	0.10500000000000001	544.5716546294907	2156.6411114358307	8.978655986182291	868.226217418127	646.9750554864042	62.00210497862099	642.9064850165357	NaN
1.05	0	0.10500000000000001	545.1867622742577	2155.7506914909004	8.982411539206037	867.7192953301007	646.9784460476247	62.00242814856147	642.909946902684	NaN
1.05	0	0.10500000000000001	545.8134312869919	2154.8706617455196	8.986123486153781	867.2169953377485	646.9815931964081	62.00274438060991	642.9130626211697	NaN
1.05	0	0.10500000000000001	546.464085259645	2153.985079405718	8.989859165901139	866.7102489807693	646.9845623764749	62.00297699399946	642.9159282460939	NaN
1.05	0	0.10500000000000001	547.1411454831212	2153.093066240543	8.993622384732854	866.198549195634	646.987359306493	62.00311037275883	642.9186327727044	NaN
1.05	0	0.10500000000000001	547.8313853129391	2152.2137037063135	8.997332730780567	865.6928769157767	646.9899328163599	62.00320287135336	642.9211894207419	NaN
1.05	0	0.10500000000000001	548.5490552839317	2151.330489806885	9.001059916984373	865.1837834085305	646.9923405462025	62.00333177235553	642.9236431669813	NaN
1.05	0	0.10500000000000001	549.3042747959943	2150.434143817988	9.00484321998498	864.665907588708	646.9946093848365	62.003518772622165	642.9259539840467	NaN
1.05	0	0.10500000000000001	550.076027877486	2149.5519906849	9.008567398055334	864.1550626567763	646.9966770603016	62.00370788249328	642.9280067040818	NaN
1.05	0	0.10500000000000001	550.877621487301	2148.6705987996575	9.012289227033177	863.6435243016874	646.9985857273408	62.00384368861928	642.9298618910769	NaN
1.05	0	0.10500000000000001	551.7066744369146	2147.7949823013514	9.015987613841281	863.1342395930983	647.0003326064905	62.00392589960228	642.9315750460545	NaN
1.05	0	0.10500000000000001	552.5543318096685	2146.9360552034827	9.019616509989358	862.6336225078206	647.0019076758515	62.00400420988394	642.9331602008607	NaN
1.05	0	0.10500000000000001	553.44136123726	2146.0749823442516	9.023255551388473	862.1307459919414	647.0033549233077	62.00411135780557	642.9346278101057	NaN
1.05	0	0.10500000000000001	554.3474136256866	2145.2336358208863	9.026812350197337	861.6384383622602	647.004647235822	62.00422083949611	642.9359125024982	NaN
1.05	0	0.10500000000000001	555.278333529925	2144.407663532679	9.030305311219673	861.1542355397469	647.0058041766121	62.004298494572936	642.9370436970944	NaN
1.05	0	0.10500000000000001	556.2296019614453	2143.6021276618458	9.03371302326168	860.6811850721879	647.0068307989189	62.004350258827046	642.9380595960108	NaN
1.05	0	0.10500000000000001	557.2012253884832	2142.8176964625113	9.037032635067884	860.2197642889786	647.0077385963076	62.004405503488655	642.9389749724293	NaN
1.05	0	0.10500000000000001	558.1962133247031	2142.05269118686	9.04027122104264	859.7690648847118	647.0085407744814	62.00446870461891	642.9397794024096	NaN
1.05	0	0.10500000000000001	559.2058541404887	2141.3141429261477	9.04339896590511	859.3333110990284	647.0092411596722	62.00452002377976	642.9404690921418	NaN
1.05	0	0.10500000000000001	560.2341379852626	2140.5991221212466	9.046428210027402	858.9108566850291	647.0098533959888	62.004554549571836	642.9410732192953	NaN
1.05	0	0.10500000000000001	561.2770851497348	2139.9103274173003	9.049347448373402	858.503372618001	647.0103850345167	62.004586116923505	642.9416064630818	NaN
1.05	0	0.10500000000000001	562.3378192714293	2139.2455220166917	9.052166082492587	858.1096075983664	647.0108468352697	62.004620521889315	642.9420693371472	NaN
1.05	0	0.10500000000000001	563.4124918219155	2138.606859893254	9.05487489728438	857.730904215783	647.011245476064	62.004649309732166	642.9424631862931	NaN
1.05	0	0.10500000000000001	564.5026555692583	2137.993004314982	9.057479474056285	857.3665325873606	647.0115892696392	62.004669588449005	642.9428031569265	NaN
1.05	0	0.10500000000000001	565.6072339917205	2137.404136038652	9.059978957477407	857.0166569808717	647.0118847496773	62.004687849491404	642.9430990435327	NaN
1.05	0	0.10500000000000001	566.7272532045328	2136.8392469297487	9.062377538058175	856.6807303256139	647.0121383275092	62.00470637631408	642.9433524480655	NaN
1.05	0	0.10500000000000001	567.8618545161319	2136.2982875271837	9.064675338201905	856.3587702005921	647.0123552501133	62.00472134547328	642.9435669260172	NaN
1.05	0	0.10500000000000001	569.011695492678	2135.78042650987	9.066875802519458	856.0503244099889	647.0125404771842	62.00473245317431	642.9437507547686	NaN
1.05	0	0.10500000000000001	570.1768796338846	2135.28510565428	9.068981219109245	855.7550986202278	647.0126982639357	62.00474278731696	642.9439086667209	NaN
1.05	0	0.10500000000000001	571.3578847204795	2134.8116087088465	9.070994551357101	855.4727001032645	647.0128323929098	62.004752424825526	642.9440421762423	NaN
1.05	0	0.10500000000000001	572.5549039556292	2134.359347045804	9.072918224113044	855.202808322227	647.0129461373788	62.00475983552747	642.9441547644313	NaN
1.05	0	0.10500000000000001	573.7684596381324	2133.9276151635086	9.074755163459765	854.9450294672118	647.0130423844843	62.00476580288777	642.9442506659004	NaN
1.05	0	0.10500000000000001	574.999033041825	2133.5157455878875	9.076508138254136	854.6989891509297	647.0131236379854	62.00477140726758	642.9443318070199	NaN
1.05	0	0.10500000000000001	576.2471073811176	2133.1230895355284	9.078179842291018	854.4643212113205	647.0131920697888	62.004776106100614	642.9443996938842	NaN
1.05	0	0.10500000000000001	577.5132308221745	2132.7489974230484	9.079772977242008	854.2406563593669	647.0132495633793	62.00477972000163	642.9444568010085	NaN
1.05	0	0.10500000000000001	578.7979990354302	2132.392827837776	9.081290214446172	854.0276278015315	647.0132977470313	62.00478290685803	642.944504899659	NaN
1.05	0	0.10500000000000001	580.1020291437612	2132.0539562155955	9.082734157852482	853.8248766783629	647.0133380243302	62.00478569465148	642.9445449505515	NaN
1.05	0	0.10500000000000001	581.4259603937608	2131.7317743062245	9.084107346150514	853.6320519771403	647.013371602832	62.00478786230226	642.9445782785831	NaN
1.05	0	0.10500000000000001	582.7704829753319	2131.4256834527837	9.08541228126367	853.4488067188615	647.0133995198678	62.00478967774008	642.9446061120806	NaN
1.05	0	0.10500000000000001	584.1363141778533	2131.1351011603356	9.086651400196663	853.274802078265	647.0134226639484	62.004791265774514	642.9446291496188	NaN
1.05	0	0.10500000000000001	585.5242004030401	2130.8594603747983	9.087827077927388	853.1097071255203	647.0134417944888	62.004792518971165	642.9446481437196	NaN
1.05	0	0.10500000000000001	586.9349303243876	2130.59820686288	9.088941638399023	852.9531974127317	647.0134575592206	62.00479354388321	642.9446638493301	NaN
1.05	0	0.10500000000000001	588.3693287451713	2130.350800708059	9.089997347956526	852.80495600982	647.0134705091749	62.00479442478019	642.9446767405393	NaN
1.05	0	0.10500000000000001	589.8282575466242	2130.116716090309	9.090996416097761	852.664673498873	647.0134811119566	62.00479512146531	642.9446872730324	NaN
1.05	0	0.10500000000000001	591.3126229711295	2129.895440114783	9.09194100028514	852.5320473854217	647.0134897633862	62.004795687579	642.9446958900436	NaN
1.05	0	0.10500000000000001	592.8233754618589	2129.686472993547	9.092833204986054	852.4067823085414	647.0134967975976	62.0047961631894	642.9447028895902	NaN
1.05	0	0.10500000000000001	594.3615123303679	2129.489327727787	9.093675082847378	852.2885899409029	647.0135024958606	62.004796536599606	642.9447085531369	NaN
1.05	0	0.10500000000000001	595.928082718752	2129.3035295596906	9.094468636857975	852.1771887408712	647.01350709426	62.00479684041048	642.9447131330204	NaN
1.05	0	0.10500000000000001	597.5241909133548	2129.128615740015	9.095215821168482	852.0723038849027	647.0135107903474	62.004797088535454	642.9447168088485	NaN
1.05	0	0.10500000000000001	599.1510000058415	2128.964135289963	9.09591854194062	851.9736671884738	647.0135137489035	62.004797282056636	642.9447197514774	NaN
1.05	0	0.10500000000000001	600.8097372787828	2128.8096486421628	9.09657865871883	851.8810169472125	647.0135161069184	62.004797439406886	642.9447220992537	NaN
1.05	0	0.10500000000000001	602.5016984306908	2128.664727472818	9.097197984991563	851.7940978860779	647.0135179778831	62.00479756358497	642.9447239593976	NaN
1.05	0	0.10500000000000001	604.228254218526	2128.528954374177	9.097778289441322	851.7126610068437	647.01351945548	62.004797660835166	642.9447254301231	NaN
1.05	0	0.10500000000000001	605.9908556419946	2128.4019227305625	9.098321296331505	851.6364635523372	647.0135206167462	62.00479773849408	642.9447265854549	NaN
1.05	0	0.10500000000000001	607.7910506155981	2128.2832358916885	9.098828688904147	851.5652685443755	647.0135215247847	62.00479779822204	642.9447274886588	NaN
1.05	0	0.10500000000000001	609.6304720656152	2128.1725083780734	9.099302104097445	851.4988455363756	647.0135222310606	62.004797845255965	642.9447281916471	NaN
1.05	0	0.10500000000000001	611.5108601249881	2128.069364707077	9.0997431374411	851.436969934917	647.013522777373	62.00479788141224	642.9447287349499	NaN
1.05	0	0.10500000000000001	613.4340663531488	2127.9734395885685	9.100153342103852	851.3794231394486	647.0135231975139	62.00479790923087	642.9447291531228	NaN
1.05	0	0.10500000000000001	615.4020655339572	2127.8843776986882	9.100534229751386	851.3259924258984	647.0135235186734	62.00479793057699	642.9447294725609	NaN
1.05	0	0.10500000000000001	617.4169666992883	2127.8018335869338	9.10088727084083	851.2764709075907	647.01352376262	62.00479794668757	642.9447297153192	NaN
1.05	0	0.10500000000000001	619.4810256065681	2127.7254715801305	9.101213894935054	851.230657491935	647.0135239466906	62.0047979589362	642.9447298984351	NaN
1.05	0	0.10500000000000001	621.5966601426983	2127.6549656472557	9.101515491190776	851.1883568115542	647.0135240846182	62.00479796804319	642.9447300356723	NaN
1.05	0	0.10500000000000001	623.7664650838435	2127.589999364994	9.101793408421925	851.1493792140343	647.0135241872165	62.004797974868616	642.9447301377475	NaN
1.05	0	0.10500000000000001	625.9932307396083	2127.530265818421	9.102048955446481	851.1135407111595	647.0135242629505	62.004797979871526	642.944730213099	NaN
1.05	0	0.10500000000000001	628.2799623205557	2127.4754675572035	9.102283401201547	851.0806629600787	647.0135243184039	62.00479798355812	642.9447302682702	NaN
1.05	0	0.10500000000000001	630.629903906391	2127.425316504493	9.102497975066376	851.0505732148904	647.0135243586632	62.0047979862195	642.9447303083267	NaN
1.05	0	0.10500000000000001	633.0465640959474	2127.379533912632	9.102693866990386	851.0231043052833	647.0135243876296	62.004797988144006	642.9447303371448	NaN
1.05	0	0.10500000000000001	635.5337445372919	2127.3378503286954	9.102872227584186	850.9980946201904	647.013524408274	62.00479798950989	642.9447303576862	NaN
1.05	0	0.10500000000000001	638.0955745213455	2127.30000552558	9.103034168362806	850.9753880700166	647.01352442284	62.00479799047666	642.9447303721767	NaN
1.05	0	0.10500000000000001	640.736549190888	2127.265748462811	9.103180761866358	850.954834066054	647.0135244330085	62.004797991150184	642.9447303822952	NaN
1.05	0	0.10500000000000001	643.4615733496149	2127.234837247187	9.103313041785716	850.9362874992547	647.0135244400274	62.004797991615135	642.9447303892773	NaN
1.05	0	0.10500000000000001	646.2760130907739	2127.207039081514	9.103432003143226	850.9196087114003	647.0135244448144	62.00479799193345	642.9447303940406	NaN
1.05	0	0.10500000000000001	649.1857551630823	2127.182130221876	9.103538602440713	850.9046634710166	647.0135244480376	62.00479799214596	642.9447303972481	NaN
1.05	0	0.10500000000000001	652.1972743147081	2127.1598959474754	9.103633757757285	850.8913229565076	647.0135244501786	62.00479799228837	642.944730399377	NaN
1.05	0	0.10500000000000001	655.3177148289712	2127.1401305052646	9.103718348958337	850.8794637239113	647.01352445158	62.00479799238119	642.9447304007723	NaN
1.05	0	0.10500000000000001	658.5549855819006	2127.122637063603	9.103793217869027	850.868967679853	647.0135244524831	62.00479799244058	642.9447304016704	NaN
1.05	0	0.10500000000000001	661.9178706219719	2127.1072276731356	9.103859168419717	850.8597220586632	647.0135244530554	62.00479799247903	642.94473040224	NaN
1.05	0	0.10500000000000001	665.4161603169603	2127.0937232215597	9.1039169668202	850.8516193956883	647.0135244534116	62.00479799250244	642.9447304025945	NaN
1.05	0	0.10500000000000001	669.0608131646869	2127.0819533669146	9.10396734182825	850.8445574876052	647.013524453629	62.00479799251651	642.9447304028112	NaN
1.05	0	0.10500000000000001	672.8641412357614	2127.0717565006876	9.104010984892778	850.838439370543	647.013524453759	62.004797992525276	642.9447304029397	NaN
1.05	0	0.10500000000000001	676.8400452218857	2127.0629796729636	9.104048550461446	850.8331732753585	647.0135244538351	62.00479799253072	642.9447304030153	NaN
1.05	0	0.10500000000000001	681.004290656769	2127.0554785417366	9.10408065618664	850.8286725973596	647.0135244538783	62.004797992533696	642.9447304030591	NaN
1.05	0	0.10500000000000001	685.3748530533094	2127.049117300375	9.104107883226627	850.8248558528842	647.0135244539022	62.004797992534876	642.9447304030824	NaN
1.05	0	0.10500000000000001	689.9723456621862	2127.0437686012683	9.104130776564444	850.8216466335543	647.0135244539151	62.00479799253585	642.9447304030951	NaN
1.05	0	0.10500000000000001	694.8205506867597	2127.039313477289	9.104149845337455	850.8189735592002	647.0135244539217	62.004797992536446	642.9447304031015	NaN
1.05	0	0.10500000000000001	699.9470936732392	2127.0356412507604	9.104165563221516	850.816770223275	647.0135244539251	62.00479799253677	642.944730403105	NaN
1.05	0	0.10500000000000001	705.3842965721908	2127.0326494386636	9.104178368832203	850.814975135996	647.0135244539268	62.00479799253685	642.9447304031063	NaN
1.05	0	0.10500000000000001	711.1702934969339	2127.0302436385296	9.104188666209597	850.8135316558952	647.0135244539274	62.00479799253712	642.9447304031079	NaN
1.05	0	0.10500000000000001	717.3504596364584	2127.0283374156584	9.104196825298086	850.812387922156	647.0135244539277	62.00479799253674	642.9447304031082	NaN
1.05	0	0.10500000000000001	723.9793468390598	2127.0268521596176	9.104203182558305	850.811496768521	647.013524453928	62.00479799253669	642.9447304031085	NaN
1.05	0	0.10500000000000001	731.1232400719682	2127.025716939622	9.104208041584382	850.8108156365165	647.013524453928	62.004797992536645	642.9447304031083	NaN
1.05	0	0.10500000000000001	738.863875486654	2127.024868313939	9.104211673918373	850.8103064611031	647.013524453928	62.00479799253659	642.9447304031081	NaN
1.05	0	0.10500000000000001	747.3033735933932	2127.024250164825	9.104214319755792	850.8099355716329	647.013524453928	62.00479799253671	642.9447304031082	NaN
1.05	0	0.10500000000000001	756.571112719385	2127.023813489491	9.104216188839624	850.8096735664317	647.013524453928	62.004797992536815	642.9447304031085	NaN
1.05	0	0.10500000000000001	766.8346565187585	2127.023516116324	9.104217461674446	850.8094951425307	647.013524453928	62.00479799253699	642.9447304031086	NaN
1.05	0	0.10500000000000001	778.3156298104635	2127.0233224342915	9.104218290684322	850.8093789333116	647.013524453928	62.00479799253698	642.9447304031085	NaN
1.05	0	0.10500000000000001	791.3149927976119	2127.0232030583143	9.104218801644878	850.8093073077247	647.013524453928	62.00479799253695	642.9447304031083	NaN
1.05	0	0.10500000000000001	806.2536645014804	2127.0231344439185	9.10421909533255	850.8092661390876	647.013524453928	62.0047979925369	642.9447304031083	NaN
1.05	0	0.10500000000000001	823.7450121078953	2127.0230984233617	9.104219249510018	850.809244526753	647.0135244539279	62.004797992536965	642.9447304031081	NaN
1.05	0	0.10500000000000001	844.7221342320262	2127.023081680001	9.104219321176014	850.8092344807368	647.013524453928	62.00479799253693	642.944730403108	NaN
1.05	0	0.10500000000000001	870.6967174450663	2127.02307511199	9.104219349288833	850.8092305399302	647.013524453928	62.004797992536744	642.9447304031081	NaN
1.05	0	0.10500000000000001	904.3106135168591	2127.0230731030865	9.104219357887471	850.8092293345884	647.0135244539281	62.004797992536716	642.9447304031081	NaN
1.05	0	0.10500000000000001	950.6951812913409	2127.0230726854643	9.104219359675003	850.8092290840146	647.0135244539281	62.00479799253681	642.9447304031082	NaN
1.05	0	0.10500000000000001	1021.3846327576825	2127.0230726389063	9.104219359874282	850.8092290560804	647.0135244539281	62.00479799253685	642.9447304031081	NaN
1.05	0	0.10500000000000001	1148.169280949961	2127.023072636523	9.104219359884485	850.8092290546502	647.0135244539281	62.00479799253681	642.9447304031082	NaN
1.05	0	0.10500000000000001	1437.0898509608883	2127.023072636349	9.104219359885228	850.809229054546	647.0135244539281	62.004797992536794	642.9447304031082	NaN
1.05	0	0.10500000000000001	2231.125209969101	2127.023072636321	9.104219359885347	850.8092290545293	647.0135244539281	62.0047979925368	642.9447304031081	NaN
1.05	0	0.10500000000000001	5500.0	2127.023072636317	9.104219359885363	850.8092290545269	647.0135244539281	62.00479799253679	642.9447304031081	NaN
1.05	0	0.10500000000000001	Inf	2127.023072636317	9.104219359885365	850.8092290545267	647.013524453928	62.00479799253679	642.9447304031082	NaN
