FB	rho	time	Z1	Z2	X1	XC	A	M
1	0.1	0.0	31.856305844992356	941.7287787848082	1000.0	1000.0	83.42386696976199	993.7165994732336	NaN
1	0.1	9.999999999999999e-5	31.856305844992356	941.7287787848082	1000.0	1000.0	83.42386696976199	993.7165994732336	NaN
1	0.1	0.0010999999999999998	31.856305844992356	941.7287787848082	1000.0	1000.0	83.42386696976199	993.7165994732336	NaN
1	0.1	0.011099999999999997	31.856305844992356	941.7287787848082	1000.0	1000.0	83.42386696976199	993.7165994732336	NaN
1	0.1	0.11109999999999996	31.856305844992356	941.7287787848082	1000.0	1000.0	83.42386696976199	993.7165994732336	NaN
1	0.1	1.1110999999999995	31.856305844992356	941.7287787848082	1000.0	1000.0	83.42386696976186	993.7165994732337	NaN
1	0.1	7.06417221338102	31.856305844992345	941.7287787848084	999.9999999999997	1000.0	83.42386696976199	993.7165994732342	NaN
1	0.1	41.76573275926285	31.85630584499235	941.7287787848085	1000.0	1000.0	83.42386696976213	993.7165994732338	NaN
1	0.1	209.19984701904036	31.8563058449924	941.728778784807	999.9999999999999	999.9999999999998	83.42386696976199	993.7165994732335	NaN
1	0.1	500.0	31.856305844992338	941.7287787848087	1000.0000000000001	1000.0000000000001	83.423866969762	993.7165994732337	NaN
1	0.10500000000000001	500.0	31.856305844992356	941.7287787848082	1000.0	1000.0	83.42386696976199	993.7165994732336	NaN
1	0.10500000000000001	500.00754025393877	31.85630581147463	941.7288213821466	999.9999969601346	1000.037687058631	83.42365650680645	993.716600266116	NaN
1	0.10500000000000001	500.02081593528	31.856305162002315	941.7291028537879	999.9999718175892	1000.1039714066419	83.42226602487007	993.7166161314565	NaN
1	0.10500000000000001	500.0367743210255	31.85630221830925	941.7297881786709	999.999893299702	1000.1835338081728	83.41888212693621	993.716691162623	NaN
1	0.10500000000000001	500.0579428434859	31.856292332144236	941.7312784431573	999.9996737011941	1000.2888759171972	83.4115318856973	993.7169572763848	NaN
1	0.10500000000000001	500.08277433099687	31.85626856779341	941.7338660398369	999.9991881012082	1000.4121614783377	83.39879570491112	993.7176395283228	NaN
1	0.10500000000000001	500.11196017847055	31.856219189673993	941.7380584096549	999.9982032989849	1000.5566729311613	83.37822980876987	993.7191638684083	NaN
1	0.10500000000000001	500.14463121731	31.856131154008086	941.744217233163	999.9964261053179	1000.7179368534523	83.3481668886822	993.7221039964811	NaN
1	0.10500000000000001	500.1806936772271	31.855988419513086	941.7528017938895	999.9934420420025	1000.8953212435297	83.30654867827607	993.7272799147146	NaN
1	0.10500000000000001	500.2195597555286	31.855776142836387	941.7641398175963	999.9887808500732	1001.0857658145396	83.25207009420714	993.7356512712647	NaN
1	0.10500000000000001	500.260910244538	31.855479600874666	941.77856482322	999.9818862070564	1001.287548173969	83.18352873812495	993.7483645559927	NaN
1	0.10500000000000001	500.304311857244	31.855086767486288	941.7963102696621	999.97217660674	1001.4984064970745	83.10034349535901	993.7666393030926	NaN
1	0.10500000000000001	500.34944473981056	31.854587374288624	941.8175777974515	999.9590395067385	1001.7166535815354	83.00222749553195	993.7917722164284	NaN
1	0.10500000000000001	500.39598833000537	31.853973844074726	941.8424989701209	999.9418757784497	1001.940619416875	82.88935978334939	993.825048270389	NaN
1	0.10500000000000001	500.44368698787804	31.853240457851413	941.8711702787447	999.9201028325127	1002.1689673539872	82.7622078840233	993.8677294973306	NaN
1	0.10500000000000001	500.49231260798524	31.852383452598218	941.903643864878	999.8931808920297	1002.4005107045106	82.62155214375811	993.9210000603035	NaN
1	0.10500000000000001	500.5416796690187	31.85140042883991	941.9399454120587	999.8606169469949	1002.6342820681356	82.46838546584365	993.9859550187749	NaN
1	0.10500000000000001	500.59163385497305	31.85029012751512	941.9800771925057	999.8219749657037	1002.8694757726348	82.30388047050819	994.0635775471529	NaN
1	0.10500000000000001	500.6420523790274	31.849052043294556	942.02402792231	999.7768764353604	1003.1054463867614	82.12932921106126	994.1547358375434	NaN
1	0.10500000000000001	500.69283594962815	31.847686261663767	942.0717751389988	999.7250043356045	1003.3416681113541	81.9461166503528	994.2601735834868	NaN
1	0.10500000000000001	500.7439086398947	31.846193168522003	942.1232928431699	999.6660990667496	1003.5777317127972	81.75567580852795	994.3805170521741	NaN
1	0.10500000000000001	500.795212812827	31.844573326457898	942.178553767098	999.5999575530159	1003.813318634189	81.55946754054014	994.5162760927795	NaN
1	0.10500000000000001	500.8467070378693	31.842827321084133	942.2375331703491	999.526429138942	1004.0481894325608	81.35895720771103	994.6678519163311	NaN
1	0.10500000000000001	500.8983630350702	31.84095567669471	942.3002105927137	999.4454127050992	1004.2821680530927	81.15560149654729	994.8355425944571	NaN
1	0.10500000000000001	500.9501635894743	31.83895877944988	942.3665716264234	999.3568531278164	1004.515130892475	80.95083720906871	995.0195500534201	NaN
1	0.10500000000000001	501.00210044105927	31.836836833469835	942.4366087814111	999.2607385476064	1004.7469960417822	80.74607476254468	995.2199855108887	NaN
1	0.10500000000000001	501.05417258612476	31.83458983026831	942.510322061897	999.1570979507729	1004.9777146661421	80.54269372772187	995.4368743344901	NaN
1	0.10500000000000001	501.10638470377074	31.83221753762636	942.5877190180809	999.0459995606108	1005.2072631963487	80.34204061389373	995.6701592563891	NaN
1	0.10500000000000001	501.1587458142238	31.829719500139078	942.6688145076565	998.9275498443927	1005.4356367891655	80.1454276571737	995.9197023127647	NaN
1	0.10500000000000001	501.2112680460177	31.82709505354399	942.7536300809908	998.8018933158062	1005.6628434908446	79.95413235984807	996.1852851015792	NaN
1	0.10500000000000001	501.26396551988046	31.82434335027045	942.8421930625589	998.6692130422608	1005.8888991292123	79.76939709442762	996.4666075175192	NaN
1	0.10500000000000001	501.3168533099986	31.821463396194005	942.9345353208652	998.5297318315403	1006.1138227554748	79.59242834453188	996.7632849888919	NaN
1	0.10500000000000001	501.3699464522799	31.818454098824176	943.0306917140755	998.3837140394851	1006.3376325037281	79.42439517932331	997.0748443103761	NaN
1	0.10500000000000001	501.42325899679776	31.815314326083502	943.1306982345762	998.2314678459154	1006.5603418578079	79.26642652672496	997.4007183673186	NaN
1	0.10500000000000001	501.47680313420176	31.812042972887827	943.2345899378683	998.0733477129947	1006.7819564480774	79.11960681168499	997.7402403362427	NaN
1	0.10500000000000001	501.5305883385519	31.808639037860672	943.3423985780668	997.909756958781	1007.0024711324257	78.98496989314381	998.0926374838672	NaN
1	0.10500000000000001	501.58462064484877	31.805101701835966	943.4541502115834	997.74114984311	1007.2218678409289	78.86349086326261	998.4570258429134	NaN
1	0.10500000000000001	501.6389020406346	31.801430407295264	943.569862790131	997.5680329287057	1007.4401140668468	78.75607589325978	998.832406275332	NaN
1	0.10500000000000001	501.6934300753409	31.79762492945571	943.6895440298263	997.3909651053879	1007.6571623807538	78.6635502219315	999.2176632587503	NaN
1	0.10500000000000001	501.74819769703566	31.7936854348286	943.813189679529	997.2105559733433	1007.8729509379505	78.58664488146492	999.6115670907651	NaN
1	0.10500000000000001	501.8031934033954	31.789612517159675	943.9407824963833	997.0274620991514	1008.0874052408648	78.5259828465093	1000.0127806251159	NaN
1	0.10500000000000001	501.8584016921845	31.785407207107713	944.0722920326513	996.8423810835458	1008.3004409966825	78.48206567588659	1000.4198707534136	NaN
1	0.10500000000000001	501.91380376409705	31.78107095496115	944.2076752471385	996.6560436269099	1008.5119677904073	78.45526175187373	1000.8313243163996	NaN
1	0.10500000000000001	501.96937850404305	31.776605580663194	944.346878113226	996.4692036691774	1008.7218935849345	78.44579709301469	1001.2455683769576	NaN
1	0.10500000000000001	502.0251035124283	31.772013206382084	944.4898377433001	996.2826276567407	1008.9301291087577	78.45374962639896	1001.6609926275838	NaN
1	0.10500000000000001	502.08095622213835	31.76729616819923	944.6364851361627	996.097083179937	1009.136592242645	78.47904725906889	1002.07597346421	NaN
1	0.10500000000000001	502.1369148394867	31.762456929024424	944.7867478610808	995.913328237282	1009.3412114297696	78.52146973944024	1002.48889698124	NaN
1	0.10500000000000001	502.1929591867722	31.757497988760182	944.9405528075457	995.7321012031455	1009.5439284442264	78.58065391003659	1002.8981807256713	NaN
1	0.10500000000000001	502.24907125876547	31.752421810718637	945.0978284162176	995.5541123739448	1009.7446998882289	78.65610162039583	1003.3022922338828	NaN
1	0.10500000000000001	502.3052356003098	31.747230758647742	945.2585065729686	995.3800368884871	1009.9434978870173	78.74718958291298	1003.6997647652521	NaN
1	0.10500000000000001	502.3614394027112	31.741927056874943	945.4225237840666	995.2105093959063	1010.1403096871528	78.85318026284449	1004.0892093287423	NaN
1	0.10500000000000001	502.41767250093085	31.736512759869846	945.5898220614446	995.0461198631793	1010.335136872386	78.97323335965035	1004.4693243202158	NaN
1	0.10500000000000001	502.4739271532275	31.73098974436503	945.7603491146676	994.8874107975822	1010.5279938293379	79.10641712910937	1004.8389020778724	NaN
1	0.10500000000000001	502.5301978279242	31.72535970421765	945.9340584643304	994.7348750960937	1010.7189062836903	79.25171958218706	1005.1968341117599	NaN
1	0.10500000000000001	502.5864808979843	31.719624158048926	946.1109091672222	994.5889547118813	1010.9079095774848	79.40805914302386	1005.5421145299421	NaN
1	0.10500000000000001	502.64277439350155	31.713784455036265	946.2908656047521	994.4500396241056	1011.0950472084756	79.5742950078842	1005.873842828199	NaN
1	0.10500000000000001	502.69907774579127	31.70784178504556	946.4738971429557	994.3184672334409	1011.2803694011204	79.74923702267196	1006.1912257424007	NaN
1	0.10500000000000001	502.75539163174096	31.701797181329713	946.6599780261504	994.1945218731994	1011.4639320633819	79.93165540965033	1006.4935788941444	NaN
1	0.10500000000000001	502.81171786287416	31.695651520543173	946.849087356684	994.0784345809354	1011.6457959281906	80.12029023634494	1006.7803278936341	NaN
1	0.10500000000000001	502.8680593492554	31.689405516079947	947.0412092829166	993.9703830691133	1011.826025966269	80.3138607434922	1007.051009055228	NaN
1	0.10500000000000001	502.92442010120794	31.683059707969605	947.2363332952289	993.8704919896809	1012.004690938881	80.51107441419559	1007.3052695014902	NaN
1	0.10500000000000001	502.9808052915443	31.676614446230406	947.4344547250699	993.7788334563893	1012.1818631556446	80.71063583646136	1007.5428667493187	NaN
1	0.10500000000000001	503.03722134137234	31.670069871257283	947.6355753367923	993.6954278996303	1012.3576183133503	80.91125518872057	1007.7636675908471	NaN
1	0.10500000000000001	503.0936760187092	31.663425892240053	947.8397039817357	993.6202452502084	1012.5320353809874	81.11165624945801	1007.9676462639121	NaN
1	0.10500000000000001	503.15017849425055	31.65668217015039	948.0468571138864	993.5532064820214	1012.7051963614015	81.3105836769195	1008.1548817987888	NaN
1	0.10500000000000001	503.2067394295361	31.649838096621956	948.257059433928	993.4941853492155	1012.8771861667336	81.50680978884309	1008.3255549434714	NaN
1	0.10500000000000001	503.26337097434595	31.642892783539306	948.4703442067594	993.4430104037145	1013.048092233001	81.69914039750142	1008.4799443835152	NaN
1	0.10500000000000001	503.32008675956587	31.635845053562708	948.6867535529294	993.399467096821	1013.2180041458081	81.88642003352004	1008.6184227382888	NaN
1	0.10500000000000001	503.3769018066305	31.628693441592148	948.9063384068281	993.3632999646289	1013.387013042576	82.06753635563203	1008.7414522710075	NaN
1	0.10500000000000001	503.43383238289846	31.621436204294092	949.1291582299575	993.3342147760021	1013.5552108874633	82.24142396866176	1008.8495805960555	NaN
1	0.10500000000000001	503.4908957981755	31.614071338853837	949.3552804433488	993.3118805809202	1013.7226896086297	82.40706778741612	1008.9434365179535	NaN
1	0.10500000000000001	503.5481100952582	31.606596617733096	949.5847793705757	993.2959316217194	1013.8895399639381	82.56350600497673	1009.0237260522512	NaN
1	0.10500000000000001	503.6054937154122	31.599009629769927	949.8177349874475	993.2859690387763	1014.0558503768681	82.70983313000254	1009.0912288514717	NaN
1	0.10500000000000001	503.6630650028962	31.59130784611006	950.0542309098934	993.2815624052116	1014.2217053492541	82.84520296555228	1009.1467948668368	NaN
1	0.10500000000000001	503.7208416814883	31.58348869456638	950.2943521226193	993.2822510678446	1014.387183843672	82.96883216822003	1009.1913414185516	NaN
1	0.10500000000000001	503.77884019607865	31.575549657369898	950.5381819878095	993.2875453746418	1014.5523573288767	83.08000436838626	1009.2258504352845	NaN
1	0.10500000000000001	503.8370749952871	31.567488383151552	950.7857988136278	993.2969278698694	1014.7172877130001	83.17807527856513	1009.2513657689419	NaN
1	0.10500000000000001	503.89555770519416	31.55930282077397	951.0372717468086	993.3098545888413	1014.8820250270194	83.26247887149513	1009.2689902806944	NaN
1	0.10500000000000001	503.95429632332224	31.550991357778795	951.2926565169009	993.3257566439285	1015.0466052294005	83.33273493346042	1009.2798824032442	NaN
1	0.10500000000000001	504.0132943358748	31.54255297714737	951.5519906096403	993.3440422896497	1015.211047861359	83.38845777463922	1009.2852517088623	NaN
1	0.10500000000000001	504.0725500069913	31.533987397011202	951.8152889545319	993.364099747084	1015.3753542530585	83.42936616597933	1009.2863530713477	NaN
1	0.10500000000000001	504.13205581342646	31.525295195330806	952.0825400641664	993.3853010020837	1015.5395061981742	83.45529387641152	1009.2844789205889	NaN
1	0.10500000000000001	504.19179817747505	31.516477895255985	952.3537033721514	993.4070067800625	1015.7034655120826	83.466200149265	1009.2809492331828	NaN
1	0.10500000000000001	504.2517576114729	31.507537990928856	952.6287083939538	993.4285727961969	1015.8671747665327	83.46217909590811	1009.2770990728076	NaN
1	0.10500000000000001	504.3119093038876	31.498478904731172	952.9074559910562	993.4493572033845	1016.0305592560455	83.44346680193675	1009.2742637953452	NaN
1	0.10500000000000001	504.3722242010968	31.489304862961397	953.189822143915	993.4687289980009	1016.1935303112663	83.41044496448326	1009.2737623912019	NaN
1	0.10500000000000001	504.43267048490486	31.480020700118928	953.4756639268305	993.4860769272682	1016.355989651153	83.36364011062294	1009.2768797963124	NaN
1	0.10500000000000001	504.49321531333186	31.470631608338312	953.7648271817316	993.5008183257671	1016.5178343840423	83.30371794475334	1009.2848492521786	NaN
1	0.10500000000000001	504.553826677603	31.461142852513845	954.0571552638561	993.5124072801	1016.6789622364231	83.2314729330896	1009.2988358769541	NaN
1	0.10500000000000001	504.6144751366778	31.45155948805833	954.3524977251762	993.5203415714769	1016.8392763564434	83.14781389948446	1009.3199224775625	NaN
1	0.10500000000000001	504.6751353119949	31.441886101692546	954.650718308375	993.5241680355747	1016.9986893798051	83.05374677467574	1009.3490983416743	NaN
1	0.10500000000000001	504.735795487312	31.43212522933149	954.9517437673028	993.5234857434106	1017.1571484946854	82.95034085603461	1009.387257350874	NaN
1	0.10500000000000001	504.79645566262906	31.422277574822115	955.2555572313073	993.5179447535097	1017.3146297004649	82.83870973714508	1009.435198133686	NaN
1	0.10500000000000001	504.85711583794614	31.41234385416726	955.5621413871869	993.5072462524939	1017.4711070810654	82.72001626765439	1009.4936157709845	NaN
1	0.10500000000000001	504.9177760132632	31.40232479677978	955.871478448683	993.4911441426013	1017.6265531464873	82.59546214182014	1009.5630977908921	NaN
1	0.10500000000000001	504.9784361885803	31.392221146541925	956.1835501320569	993.4694461672435	1017.7809391808976	82.46627730294944	1009.6441211191783	NaN
1	0.10500000000000001	505.0390963638974	31.38203366266492	956.4983376378378	993.442014571517	1017.9342355942824	82.33370925878987	1009.7370499975698	NaN
1	0.10500000000000001	505.09975653921447	31.371763120345374	956.8158216387772	993.4087662986966	1018.0864122746907	82.19901240301195	1009.8421348737302	NaN
1	0.10500000000000001	505.1604167145316	31.361410311216993	957.1359822739921	993.3696727278133	1018.2374389381328	82.06343743701812	1009.9595122580525	NaN
1	0.10500000000000001	505.2210851442457	31.350974618238002	957.4588432566799	993.3247524566058	1018.3873057821303	81.92820266444967	1010.0892240173869	NaN
1	0.10500000000000001	505.2818030281206	31.340449664858777	957.7846066723	993.2740445083859	1018.5360832393625	81.79443144577006	1010.2312876213217	NaN
1	0.10500000000000001	505.34259698912626	31.32983143138735	958.1134020059038	993.2176381716777	1018.6838038788214	81.66325425109073	1010.3856055343804	NaN
1	0.10500000000000001	505.40350193152665	31.31911431762111	958.4454080063931	993.1556545953064	1018.8305188909986	81.53575457647695	1010.5520169666532	NaN
1	0.10500000000000001	505.4645486582823	31.308293295401977	958.780786089322	993.0882565717484	1018.9762679521128	81.41299251914447	1010.7302697983904	NaN
1	0.10500000000000001	505.5257690109609	31.29736301760657	959.11970795414	993.0156433366758	1019.1210919302354	81.29598987306262	1010.920034250894	NaN
1	0.10500000000000001	505.5871921252816	31.2863184903424	959.4623347728711	992.9380543883382	1019.2650242083555	81.1857332336387	1011.1208922902329	NaN
1	0.10500000000000001	505.6488450592212	31.275154978836184	959.8088201094998	992.8557689633806	1019.4080926171931	81.08316705511805	1011.3323386931992	NaN
1	0.10500000000000001	505.7107511705751	31.26386831973618	960.1593002236408	992.7691082261204	1019.5503161576934	80.98918971766366	1011.5537749552037	NaN
1	0.10500000000000001	505.77292956405444	31.252455047937826	960.5138901078333	992.6784361113404	1019.6917043899992	80.90464602829226	1011.7845065706302	NaN
1	0.10500000000000001	505.8353940810771	31.240912611490838	960.8726767715954	992.584160477311	1019.8322559005168	80.83031887051182	1012.0237392615379	NaN
1	0.10500000000000001	505.8981526146338	31.2292395323379	961.2357141861733	992.4867332798294	1019.9719576541438	80.76691878696903	1012.2705773570992	NaN
1	0.10500000000000001	505.9612065402506	31.21743554914766	961.6030187657972	992.3866497669527	1020.1107847149347	80.71507218661301	1012.5240242157798	NaN
1	0.10500000000000001	506.02455046658935	31.20550170260746	961.97456662036	992.2844461414301	1020.2487007466027	80.67530850390263	1012.782986023782	NaN
1	0.10500000000000001	506.08817237266356	31.193440347610274	962.3502930701196	992.1806953884798	1020.3856593676904	80.64804712552271	1013.0462797095067	NaN
1	0.10500000000000001	506.1520541271092	31.181255089925024	962.730094505715	992.0760011955763	1020.5216062680715	80.63358512212511	1013.312645195485	NaN
1	0.10500000000000001	506.2161724538302	31.16895063185529	963.1138330861115	991.9709899215877	1020.6564821370592	80.63208686232025	1013.5807621995024	NaN
1	0.10500000000000001	506.2805001909618	31.156532553048166	963.5013434699604	991.8663010796985	1020.7902259931296	80.64357659033325	1013.8492705713629	NaN
1	0.10500000000000001	506.3450078052683	31.144007031764605	963.8924414241618	991.7625767445116	1020.9227787752226	80.66793473425423	1014.1167933300412	NaN
1	0.10500000000000001	506.4096649384211	31.131380548784268	964.2869330013083	991.6604506786318	1021.0540866953176	80.70489833754414	1014.3819605944399	NaN
1	0.10500000000000001	506.4744418889209	31.11865959315451	964.6846236898369	991.560537778734	1021.1841041573078	80.75406554692022	1014.6434330744393	NaN
1	0.10500000000000001	506.5393108894667	31.105850398586092	965.0853266376458	991.4634244606812	1021.3127959863447	80.81490369384585	1014.899923687793	NaN
1	0.10500000000000001	506.60424708359164	31.092958731726352	965.4888692823056	991.3696604263909	1021.4401388305031	80.88676019939024	1015.1502162509468	NaN
1	0.10500000000000001	506.669229250481	31.079989725231485	965.8950986041826	991.2797519152394	1021.5661218964881	80.96887551549858	1015.393181012038	NaN
1	0.10500000000000001	506.7342401927797	31.06694777498915	966.3038843907553	991.1941566256994	1021.6907469166686	81.06039716787525	1015.6277865093402	NaN
1	0.10500000000000001	506.79926695476746	31.053836470345107	966.7151214810482	991.1132800358008	1021.8140277332891	81.16039432335839	1015.8531084106988	NaN
1	0.10500000000000001	506.86430081645113	31.040658569739442	967.1287305964717	991.0374731068486	1021.9359894396683	81.26787219356328	1016.0683352785511	NaN
1	0.10500000000000001	506.92933719525615	31.027415996489854	967.5446585453506	990.9670310634023	1022.056667366546	81.38178597339281	1016.2727719822623	NaN
1	0.10500000000000001	506.99437545808024	31.01410985476106	967.9628777969997	990.9021931060136	1022.1761059407701	81.50105399050877	1016.465841038111	NaN
1	0.10500000000000001	507.0594187194956	31.00074045063508	968.3833858968785	990.8431428288087	1022.2943575716447	81.6245699771622	1016.647082405124	NaN
1	0.10500000000000001	507.12447360673787	30.987307322271846	968.8062045963387	990.7900092307846	1022.4114815356075	81.75121430838985	1016.8161519438046	NaN
1	0.10500000000000001	507.18955003629253	30.973809269938975	969.2313789859644	990.742868151928	1022.5275429443049	81.8798642322804	1016.9728189265668	NaN
1	0.10500000000000001	507.2546610077273	30.96024438452452	969.6589766760928	990.7017440263674	1022.6426118042459	82.00940310381935	1017.1169628301317	NaN
1	0.10500000000000001	507.3198223553174	30.946610086761705	970.0890866387167	990.6666118904319	1022.7567620607842	82.1387285389077	1017.2485694888273	NaN
1	0.10500000000000001	507.3850525528784	30.932903157214376	970.5218183389228	990.6373994889706	1022.8700707930822	82.26675974636248	1017.3677270260079	NaN
1	0.10500000000000001	507.45037244674126	30.919119783016818	970.9573003356894	990.6139894753776	1022.9826173360641	82.39244388804802	1017.4746214679809	NaN
1	0.10500000000000001	507.51580494633976	30.905255615441618	971.3956785364481	990.5962215913382	1023.0944823819061	82.5147616599098	1017.5695323142986	NaN
1	0.10500000000000001	507.5813747232511	30.891305827602128	971.8371144417813	990.5838947500796	1023.205747144999	82.63273235146663	1017.6528282797799	NaN
1	0.10500000000000001	507.64710774291734	30.877265209753624	972.2817821929357	990.5767690167341	1023.3164922881298	82.74541824913922	1017.7249630799583	NaN
1	0.10500000000000001	507.71303077308926	30.863128272140862	972.7298653679169	990.574567395616	1023.4267968570364	82.85192889066352	1017.786471592527	NaN
1	0.10500000000000001	507.77917075140624	30.848889380792745	973.1815527180592	990.5769774363083	1023.5367370224981	82.95142521344816	1017.8379662848461	NaN
1	0.10500000000000001	507.8455539924411	30.83454293125948	973.6370326795587	990.5836526509099	1023.6463846006266	83.04312387152106	1017.880133928742	NaN
1	0.10500000000000001	507.9122052750665	30.82008355225785	974.0964869072222	990.5942137823213	1023.755805422198	83.12630209321942	1017.9137325769688	NaN
1	0.10500000000000001	507.97914676720063	30.805506349203974	974.5600825058859	990.6082500102915	1023.8650574825604	83.20030330345175	1017.9395886049065	NaN
1	0.10500000000000001	508.0463967573942	30.790807195181348	975.0279627098342	990.6253202144488	1023.9741888283323	83.26454374870004	1017.9585935641276	NaN
1	0.10500000000000001	508.11396837419323	30.775983030608142	975.5002372335995	990.6449545191114	1024.0832354815495	83.31852048714157	1017.9717005407722	NaN
1	0.10500000000000001	508.18186819373585	30.761032193564244	975.9769715896252	990.666656338509	1024.1922192431412	83.36182062109033	1017.9799194812459	NaN
1	0.10500000000000001	508.250095058636	30.745954709816424	976.4581776301943	990.6899052763212	1024.3011459018378	83.39413180698496	1017.9843109913742	NaN
1	0.10500000000000001	508.3186391589784	30.73075252998307	976.9438057210151	990.7141611689649	1024.4100039261677	83.41525344540415	1017.9859780015498	NaN
1	0.10500000000000001	508.38748165090834	30.715429650857	977.4337405704788	990.7388695629772	1024.5187640729503	83.42510775404497	1017.9860548406359	NaN
1	0.10500000000000001	508.45659501404367	30.699992072774126	977.9278022784827	990.7634687663926	1024.6273802146961	83.42374947809898	1017.9856934866823	NaN
1	0.10500000000000001	508.5259442155318	30.684447573629058	978.4257532615159	990.7873983635976	1024.7357914682082	83.4113727708203	1017.9860471689461	NaN
1	0.10500000000000001	508.595488707255	30.668805289089757	978.9273114299253	990.8101088349437	1024.8439256353843	83.38831385266981	1017.9882519868171	NaN
1	0.10500000000000001	508.6651850331232	30.653075144930114	979.4321681872935	990.8310716299274	1024.9517035736465	83.3550484546492	1017.9934076642435	NaN
1	0.10500000000000001	508.7349897791001	30.637267198969212	979.9400094395766	990.849788918844	1025.0590440503133	83.31218374401091	1018.0025588332517	NaN
1	0.10500000000000001	508.80486247693136	30.621390979587005	980.4505368390579	990.8658022350172	1025.1658684567337	83.26044524753833	1018.0166782361173	NaN
1	0.10500000000000001	508.8747681213312	30.6054548991227	980.9634867449345	990.8786994013693	1025.2721048493393	83.20065998963294	1018.0366529444647	NaN
1	0.10500000000000001	508.9446791013675	30.58946579025522	981.4786453354579	990.8881194211507	1025.3776910155718	83.1337374206516	1018.0632742278334	NaN
1	0.10500000000000001	509.01459008140387	30.573425458359107	981.9959600981531	990.8937560095358	1025.4825968174891	83.06063496410837	1018.0972385709579	NaN
1	0.10500000000000001	509.08450106144016	30.557334505548482	982.5154171179998	990.895354625985	1025.5867983554472	82.98235478855189	1018.1391412184374	NaN
1	0.10500000000000001	509.1544120414765	30.54119354635824	983.0370019746774	990.8927131502621	1025.6902702253747	82.89993622074475	1018.1894703687992	NaN
1	0.10500000000000001	509.2243230215128	30.52500320882918	983.5606997162662	990.8856830610273	1025.7929859173987	82.81444368332372	1018.248603913251	NaN
1	0.10500000000000001	509.29423400154917	30.508764135340414	984.086494841104	990.8741700059651	1025.8949182180836	82.72695456456414	1018.3168074429159	NaN
1	0.10500000000000001	509.3641451640088	30.492476940624577	984.6143726679452	990.8581337200244	1025.996039874605	82.63854692797283	1018.394233738486	NaN
1	0.10500000000000001	509.43410145859207	30.4761317793325	985.1446579794572	990.8375728090122	1026.0963876608066	82.55023165408925	1018.4809816510243	NaN
1	0.10500000000000001	509.5041321338083	30.45972238632285	985.6775605427698	990.8125329793788	1026.1959743408065	82.4630209140593	1018.5770402076486	NaN
1	0.10500000000000001	509.5742792636631	30.44323941978432	986.2133910617838	990.7830981238571	1026.2948299064021	82.37788644121015	1018.6823247210748	NaN
1	0.10500000000000001	509.6445817644535	30.426674193525475	986.7524401922573	990.7493934974074	1026.3929787720242	82.2957743250701	1018.7966597610023	NaN
1	0.10500000000000001	509.71508153300283	30.41001723828071	987.2950253503892	990.7115821984238	1026.4904486416278	82.21759237797369	1018.9197899820716	NaN
1	0.10500000000000001	509.7858183828717	30.39325949656874	987.8414518922783	990.6698664672498	1026.5872636213737	82.14421086551896	1019.0513738845585	NaN
1	0.10500000000000001	509.8568304791987	30.376392228833886	988.3920161433687	990.6244869069167	1026.6834451639113	82.07645594965891	1019.1909853218143	NaN
1	0.10500000000000001	509.928151853308	30.359407613872076	988.9469857500103	990.5757234364055	1026.7790090964756	82.01510524557045	1019.3381095059573	NaN
1	0.10500000000000001	509.9998112737816	30.342299033594546	989.5065902384257	990.5238955339215	1026.8739646701501	81.96088041426081	1019.4921412743473	NaN
1	0.10500000000000001	510.0718304032182	30.32506153227871	990.0710057955789	990.4693627064229	1026.968312799864	81.91443875634181	1019.6523823493278	NaN
1	0.10500000000000001	510.1442224283118	30.307692167703816	990.6403434947237	990.4125241209493	1027.0620450992838	81.8763626931078	1019.8180405664925	NaN
1	0.10500000000000001	510.2169907815209	30.290190343811215	991.21463804525	990.3538173040587	1027.155143170287	81.84714778905698	1019.9882310438984	NaN
1	0.10500000000000001	510.29012842632915	30.27255801029435	991.7938408343446	990.2937152337951	1027.2475787185226	81.82718963911347	1020.161981043617	NaN
1	0.10500000000000001	510.3636177678607	30.25479971167303	992.377817864816	990.2327215163826	1027.3393144926185	81.81677064160064	1020.3382392673452	NaN
1	0.10500000000000001	510.4374314183248	30.236922427612104	992.9663545438674	990.171363359433	1027.430306236997	81.81604790283363	1020.5158904115683	NaN
1	0.10500000000000001	510.5115337654962	30.218935213788313	993.5591670692806	990.1101824898345	1027.5205054778187	81.82504375532267	1020.6937747176437	NaN
1	0.10500000000000001	510.58588327841983	30.200848656511376	994.1559200302647	990.0497244075923	1027.6098629545324	81.84364022443803	1020.870711725355	NaN
1	0.10500000000000001	510.66043531502913	30.18267419622375	994.7562484528997	989.9905267016819	1027.6983323264083	81.87157840455329	1021.0455266031607	NaN
1	0.10500000000000001	510.73514501119837	30.16442342151154	995.3597809662009	989.9331074067093	1027.7858736091955	81.90846302781995	1021.2170767393293	NaN
1	0.10500000000000001	510.80997003790327	30.146107386359336	995.9661623545796	989.8779541908754	1027.872456099346	81.95377187561711	1021.3842767756662	NaN
1	0.10500000000000001	510.8848728689327	30.127736039669596	996.5750725426396	989.8255151537876	1027.9580604161315	82.0068690667474	1021.5461201619156	NaN
1	0.10500000000000001	510.95982248001286	30.109317788884404	997.1862412608144	989.776191597668	1028.042679652437	82.06702099855458	1021.7016963488027	NaN
1	0.10500000000000001	511.034795424845	30.090859213586477	997.7994578305633	989.730332914849	1028.1263196623306	82.13341363713872	1021.8502032120227	NaN
1	0.10500000000000001	511.1097763963858	30.07236490473093	998.4145768404884	989.6882334488078	1028.20899869419	82.20517006263128	1021.9909550162954	NaN
1	0.10500000000000001	511.1847582736983	30.05383743124915	999.0315196220849	989.6501311299618	1028.2907464427992	82.2813672998661	1022.1233862827722	NaN
1	0.10500000000000001	511.2597419010184	30.0352773745403	999.6502734749756	989.6162074722714	1028.3716028490678	82.36105195668901	1022.247052561246	NaN
1	0.10500000000000001	511.33473562253346	30.01668342573484	1000.2708887938904	989.5865886400403	1028.4516167067038	82.4432542666333	1022.3616287089287	NaN
1	0.10500000000000001	511.40975463971824	29.998052529664538	1000.893474617187	989.5613472641205	1028.530844171188	82.52700038097164	1022.466905383635	NaN
1	0.10500000000000001	511.48482036028173	29.979380033741975	1001.5181939830019	989.5405046903896	1028.6093473602318	82.61132305753459	1022.5627845332525	NaN
1	0.10500000000000001	511.5599596172715	29.96065987181929	1002.1452580836221	989.5240334958476	1028.6871929167517	82.69527070507311	1022.6492741481253	NaN
1	0.10500000000000001	511.63520388788424	29.941884750795676	1002.7749202895823	989.5118600474709	1028.764450668161	82.77791511030497	1022.7264828508006	NaN
1	0.10500000000000001	511.7105884703779	29.923046350150752	1003.4074697004256	989.5038669887037	1028.8411923298904	82.85835805180464	1022.7946145520282	NaN
1	0.10500000000000001	511.786151544835	29.90413555290223	1004.0432235957201	989.4998955609174	1028.9174901698855	82.93573701786619	1022.8539633373657	NaN
1	0.10500000000000001	511.8619331607152	29.885142697326884	1004.6825191356713	989.4997476835001	1028.993415671485	83.00923041465508	1022.9049087987589	NaN
1	0.10500000000000001	511.93797402115854	29.866057882116166	1005.3257032025138	989.5031877713581	1029.0690380572175	83.07806250139525	1022.9479117957482	NaN
1	0.10500000000000001	512.0143141215592	29.84687131084647	1005.9731208423084	989.5099442948468	1029.1444227281002	83.14150850819419	1022.9835107062917	NaN
1	0.10500000000000001	512.0909910603042	29.82757372183602	1006.6251007358316	989.5197111333704	1029.219629435749	83.198900178809	1023.0123179735034	NaN
1	0.10500000000000001	512.1680381148774	29.808156880535982	1007.2819384437518	989.5321488340928	1029.294710282705	83.24963223433777	1023.035016813051	NaN
1	0.10500000000000001	512.2454820722514	29.788614137672702	1007.9438772943349	989.5468859665243	1029.3697075427215	83.2931700732831	1023.052357704949	NaN
1	0.10500000000000001	512.3233408783285	29.76894103720803	1008.6110874296438	989.5635208422631	1029.444651369733	83.32905894712069	1023.0651541688746	NaN
1	0.10500000000000001	512.4016213576225	29.749135910804274	1009.2836451409321	989.5816239752112	1029.5195576442043	83.35693469317616	1023.0742771952963	NaN
1	0.10500000000000001	512.4803173154536	29.729200379333324	1009.9615151954392	989.6007417158361	1029.5944262589226	83.3765356984416	1023.0806475825634	NaN
1	0.10500000000000001	512.5594084404426	29.709139654389013	1010.6445398257432	989.6204014839466	1029.6692402398207	83.38771527699213	1023.0852254656195	NaN
1	0.10500000000000001	512.6388604601649	29.688962522809966	1011.3324384331727	989.6401188962546	1029.7439661191238	83.39045308768856	1023.0889965580714	NaN
1	0.10500000000000001	512.7186268619532	29.668680931986568	1012.0248209152267	989.6594067957486	1029.8185558309544	83.38486377361465	1023.0929551094072	NaN
1	0.10500000000000001	512.7986521271134	29.64830918571565	1012.7212144146455	989.6777857669342	1029.8929500469058	83.37120095404555	1023.0980842466215	NaN
1	0.10500000000000001	512.8788763092151	29.62786279064892	1013.4211022507458	989.6947953766338	1029.9670827539653	83.34985514934318	1023.1053350551043	NaN
1	0.10500000000000001	512.9592400276282	29.607357187888166	1014.1239671093257	989.7100050237402	1030.0408861742549	83.32134522296353	1023.1156061563951	NaN
1	0.10500000000000001	513.039689378985	29.58680649636094	1014.8293341868559	989.7230234265812	1030.1142955434527	83.28630400286421	1023.1297255735027	NaN
1	0.10500000000000001	513.1201798959564	29.566222491381083	1015.5368066069409	989.7335059431109	1030.18725293619	83.24545975946333	1023.1484362114529	NaN
1	0.10500000000000001	513.2006793449341	29.545613874161297	1016.2460911140996	989.7411594200536	1030.2597099546997	83.19961555631704	1023.1723856393531	NaN
1	0.10500000000000001	513.2811787939116	29.52498341664838	1016.9570972585329	989.7457449821097	1030.3316376883593	83.14962230758934	1023.2021240488313	NaN
1	0.10500000000000001	513.3616782428893	29.504331618887708	1017.6698124904104	989.7470765044087	1030.403013732277	83.09636769794709	1023.2380986897136	NaN
1	0.10500000000000001	513.4421776918668	29.48365899317851	1018.3842237160969	989.7450208396	1030.4738145167973	83.0407667251011	1023.2806479397934	NaN
1	0.10500000000000001	513.52268282651	29.462964602730988	1019.1003679131392	989.7394980444063	1030.544020703062	82.98374384648012	1023.3300025724288	NaN
1	0.10500000000000001	513.6032350532417	29.44223832364769	1019.8186008191763	989.7304760823145	1030.6136432567907	82.92619782805191	1023.3863096955208	NaN
1	0.10500000000000001	513.6838717986568	29.421471032731898	1020.5392453699727	989.717969408035	1030.682688585435	82.8690188101333	1023.4496159841549	NaN
1	0.10500000000000001	513.7646434768761	29.400650239225833	1021.2627433854084	989.7020350786103	1030.7511733363713	82.81306786052625	1023.5198830443939	NaN
1	0.10500000000000001	513.845601990009	29.379763040919933	1021.9895534757977	989.6827718252753	1030.8191145428023	82.75917787073796	1023.596983409698	NaN
1	0.10500000000000001	513.9268032352352	29.35879547800972	1022.7201737121603	989.66031776083	1030.886531898766	82.70814521050613	1023.6807059759199	NaN
1	0.10500000000000001	514.0083023854827	29.337733752080037	1023.4550993642796	989.6348498741056	1030.953443984288	82.66072642666326	1023.7707544395706	NaN
1	0.10500000000000001	514.0901525186853	29.316564584666853	1024.194810375866	989.6065832485181	1031.0198674476107	82.61763208626115	1023.8667478659792	NaN
1	0.10500000000000001	514.1724011867186	29.295276110670635	1024.9397400086148	989.5757711123547	1031.0858146305632	82.5795207618848	1023.9682185760424	NaN
1	0.10500000000000001	514.2550877820048	29.273858568555205	1025.6902503468064	989.542704701138	1031.1512920365549	82.54699090431063	1024.0746107554946	NaN
1	0.10500000000000001	514.3382403135977	29.25230514573226	1026.446602139404	989.5077130200668	1031.2162985156804	82.5205711312014	1024.1852789618872	NaN
1	0.10500000000000001	514.4218726583566	29.230612702906416	1027.2089286308349	989.4711617164991	1031.2808240251738	82.50070842508032	1024.299488663778	NaN
1	0.10500000000000001	514.5059823353882	29.208782363760825	1027.977213893702	989.4334505655222	1031.3448489588473	82.48775477073565	1024.4164198952058	NaN
1	0.10500000000000001	514.5905494822375	29.186819792645384	1028.7512819584513	989.3950088688756	1031.408344494051	82.48195309918701	1024.5351758401744	NaN
1	0.10500000000000001	514.6755373918627	29.164735065271365	1029.5308002030345	989.3562883581016	1031.4712741038747	82.48342411541297	1024.654797431359	NaN
1	0.10500000000000001	514.7608950107158	29.142542026565263	1030.3153008946413	989.3177534668345	1031.5335963771506	82.4921559790257	1024.7742845043626	NaN
1	0.10500000000000001	514.8465611025031	29.120257210846745	1031.1042184135752	989.279869520401	1031.5952687615325	82.5079988288711	1024.8926222981056	NaN
1	0.10500000000000001	514.9324696260204	29.09789844095682	1031.8969381923541	989.2430897945305	1031.6562517721993	82.53066553659332	1025.0088111497907	NaN
1	0.10500000000000001	515.0185554946457	29.0754833229989	1032.6928498019856	989.2078427415554	1031.7165130016053	82.5597390738825	1025.1218962938956	NaN
1	0.10500000000000001	515.1047597891013	29.053027879381954	1033.4913955987683	989.1745206686742	1031.7760302892495	82.59468571011269	1025.2309946166	NaN
1	0.10500000000000001	515.1910338559023	29.03054546962082	1034.2921095614781	989.1434707390935	1031.8347937444673	82.6348724351151	1025.3353162159303	NaN
1	0.10500000000000001	515.277342060742	29.00804606075716	1035.0946440074897	989.1149886824318	1031.892806590694	82.6795866827583	1025.4341797725108	NaN
1	0.10500000000000001	515.363663096404	28.985535875094044	1035.8987830679782	989.0893152070653	1031.9500848995863	82.72805646662839	1025.5270216241306	NaN
1	0.10500000000000001	515.449990268933	28.963017305878612	1036.7044466953844	989.0666346777338	1032.0066566201249	82.77946961461816	1025.6133995913892	NaN
1	0.10500000000000001	515.5363308813144	28.940489070418966	1037.5116861950805	989.0470756031141	1032.0625600680653	82.83299111930651	1025.692992522962	NaN
1	0.10500000000000001	515.6227051144186	28.91794649659683	1038.3206749266776	989.0307123552092	1032.117842196188	82.88777823631166	1025.7655969340287	NaN
1	0.10500000000000001	515.7091445479368	28.895381905472902	1039.1316954654326	989.0175676575276	1032.1725567658343	82.94299321992754	1025.8311217708235	NaN
1	0.10500000000000001	515.7956904904067	28.87278504565329	1039.9451247838379	989.0076154371584	1032.226762537893	82.99781389057851	1025.8895822377542	NaN
1	0.10500000000000001	515.8823921761381	28.85014356405374	1040.7614179877223	989.0007837435701	1032.2805215159965	83.0514423614342	1025.941093357811	NaN
1	0.10500000000000001	515.9693048041539	28.82744351928134	1041.5810903677223	988.9969575252976	1032.333897216427	83.10311232862065	1025.9858637238303	NaN
1	0.10500000000000001	516.0564873977801	28.80466994296192	1042.4046975557533	988.9959811284464	1032.3869529396347	83.15209541663765	1026.0241897543367	NaN
1	0.10500000000000001	516.1440003866045	28.781807474457064	1043.2328128434185	988.9976604592619	1032.4397499716042	83.19770707776911	1026.056450576976	NaN
1	0.10500000000000001	516.2319027809389	28.75884110270292	1044.066000405217	989.0017648202528	1032.4923456284407	83.23931256572222	1026.08310351598	NaN
1	0.10500000000000001	516.3202488712161	28.73575703264418	1044.9047837430367	989.0080285085894	1032.5447911003896	83.27633355078561	1026.1046800256486	NaN
1	0.10500000000000001	516.4090844111114	28.712543686839282	1045.749608908719	989.0161523661768	1032.5971290717562	83.30825591070469	1026.121781711827	NaN
1	0.10500000000000001	516.498442431234	28.68919280364327	1046.6008038472085	989.025805597133	1032.649391208653	83.33463916466373	1026.1350758833842	NaN
1	0.10500000000000001	516.5883389938543	28.66570055056646	1047.4585367822679	989.036628301152	1032.701595703208	83.35512775603226	1026.145289832584	NaN
1	0.10500000000000001	516.6787695602618	28.64206847699573	1048.3227800594148	989.0482352889976	1032.7537452701274	83.36946396090795	1026.153202880513	NaN
1	0.10500000000000001	516.76970692008	28.61830405788649	1049.1932886069865	989.0602217652827	1032.805826140283	83.37750148130816	1026.159635203686	NaN
1	0.10500000000000001	516.8611015796128	28.594420593783873	1050.069601796719	989.0721712694977	1032.8578085475338	83.3792179257522	1026.1654327511542	NaN
1	0.10500000000000001	516.9528853509338	28.570436273345592	1050.9510761077197	989.0836658615625	1032.9096490952975	83.37472375853379	1026.1714482779785	NaN
1	0.10500000000000001	517.0449779379458	28.54637245190678	1051.8369469898435	989.094297908978	1032.9612948336132	83.36426524925571	1026.178519496398	NaN
1	0.10500000000000001	517.1372954718031	28.522251420390695	1052.7264101579638	989.1036822877152	1033.012688399918	83.3482198569329	1026.1874462838682	NaN
1	0.10500000000000001	517.2297594122098	28.498094078994548	1053.618707236097	989.1114675871135	1033.06377329132	83.32708402834594	1026.1989693279074	NaN
1	0.10500000000000001	517.322304190429	28.473917940590212	1054.5132000722865	989.1173451169434	1033.1144983417093	83.30145498323422	1026.213752310846	NaN
1	0.10500000000000001	517.4148825640739	28.449735733238516	1055.4094235960795	989.1210550638995	1033.1648208378476	83.27200903844127	1026.2323689010907	NaN
1	0.10500000000000001	517.5074684453975	28.42555466408323	1056.3071146451778	989.1223897595362	1033.2147081664245	83.23947911865952	1026.2552948166299	NaN
1	0.10500000000000001	517.60005749325	28.40137626861464	1057.2062192988315	989.1211944773095	1033.264138182184	83.20463356048683	1026.2829044022594	NaN
1	0.10500000000000001	517.6926660103951	28.377196703477015	1058.106883746063	989.1173664101035	1033.3130986241606	83.16825750811323	1026.3154706797466	NaN
1	0.10500000000000001	517.7853287609981	28.35300732188474	1059.0094345022337	989.1108525156748	1033.3615859412294	83.13113740096803	1026.3531676998632	NaN
1	0.10500000000000001	517.8780960866096	28.328795432498868	1059.9143515583228	989.1016468381351	1033.4096037566446	83.09404851131318	1026.396074063736	NaN
1	0.10500000000000001	517.9710306286023	28.30454516101857	1060.8222374084244	989.0897877826958	1033.4571611615359	83.05774507771042	1026.4441766924435	NaN
1	0.10500000000000001	518.0642037845473	28.28023838086698	1061.7337831728198	989.0753556772503	1033.504270931464	83.0229523781703	1026.4973741497574	NaN
1	0.10500000000000001	518.1576918286745	28.25585573080429	1062.649731115286	989.0584708365395	1033.550947661703	82.99036001448565	1026.5554790074157	NaN
1	0.10500000000000001	518.2515716782407	28.231377723708388	1063.5708333537036	989.0392922086182	1033.597205848761	82.96061558649524	1026.6182190370737	NaN
1	0.10500000000000001	518.3459161706209	28.206785981145767	1064.4978054111116	989.0180165691878	1033.6430578909426	82.93431797018776	1026.6852372255805	NaN
1	0.10500000000000001	518.44078877174	28.18206461360664	1065.4312737892715	988.9948780907164	1033.6885120129539	82.91200944471464	1026.7560909221643	NaN
1	0.10500000000000001	518.5362379201913	28.157201692178166	1066.3717195364572	988.9701479023395	1033.7335702526414	82.89416599917259	1026.8302509463422	NaN
1	0.10500000000000001	518.6322913501901	28.132190721295505	1067.3194211750222	988.9441330684471	1033.7782266925483	82.8811854762067	1026.907101926451	NaN
1	0.10500000000000001	518.7289513026511	28.107031875062674	1068.2744059896818	988.9171741569884	1033.822466344132	82.87337369891641	1026.9859458285998	NaN
1	0.10500000000000001	518.8261917964347	28.081732692094352	1069.2364213765659	988.8896404857791	1033.866265141492	82.87092958275045	1027.0660108904194	NaN
1	0.10500000000000001	518.9239592120749	28.05630790429018	1070.2049388709454	988.8619223043208	1033.9095914526392	82.87393120439663	1027.14646785575	NaN
1	0.10500000000000001	519.0221769901705	28.03077819367448	1071.1791991282346	988.8344197217218	1033.9524092396161	82.8823255480399	1027.226454149688	NaN
1	0.10500000000000001	519.1207540342135	28.0051679879264	1072.1582941528497	988.8075291141405	1033.9946824421236	82.89592463642072	1027.3051044087167	NaN
1	0.10500000000000001	519.2195954151433	27.979502663253832	1073.1412731314686	988.7816285317268	1034.0363797910406	82.9144097167202	1027.381583874089	NaN
1	0.10500000000000001	519.3186129640275	27.953805784562746	1074.1272479931743	988.7570640862064	1034.0774789573875	82.93734336725396	1027.4551199209186	NaN
1	0.10500000000000001	519.4177340710223	27.928096820505473	1075.1154818650389	988.7341388631495	1034.1179694066939	82.96418776761722	1027.5250280455514	NaN
1	0.10500000000000001	519.5169074618776	27.902389651267512	1076.1054479520146	988.7131052650705	1034.1578536200348	82.99432640832977	1027.590730059449	NaN
1	0.10500000000000001	519.6161060171614	27.876691849799528	1077.0968592014956	988.694160798895	1034.1971469149616	83.02708659555282	1027.6517644049377	NaN
1	0.10500000000000001	519.7153270352588	27.851004629762386	1078.0896725004905	988.6774468248235	1034.2358762093572	83.0617606761096	1027.707789642745	NaN
1	0.10500000000000001	519.8145907539621	27.82532324649004	1079.084075356841	988.6630494811255	1034.2740781846203	83.09762479398317	1027.7585829101497	NaN
1	0.10500000000000001	519.9139378375287	27.799637665957018	1080.0804620231424	988.6510020027301	1034.3117972010014	83.13395473116209	1027.804035138354	NaN
1	0.10500000000000001	520.0134261425549	27.77393341919675	1081.0794021420988	988.6412877932872	1034.3490831199645	83.17003884734878	1027.8441444554717	NaN
1	0.10500000000000001	520.1131271572441	27.7481925390324	1082.0816058413948	988.6338437255877	1034.3859891901245	83.20518857841348	1027.8790089911965	NaN
1	0.10500000000000001	520.2131220369246	27.722394598203365	1083.0878844924807	988.6285633473328	1034.4225699569379	83.23874704513509	1027.908819790713	NaN
1	0.10500000000000001	520.3134971676153	27.69651786555387	1084.0991064291925	988.6252997898849	1034.4588791568772	83.27009648566593	1027.9338543086478	NaN
1	0.10500000000000001	520.4143390542627	27.67054063164212	1085.1161455492984	988.6238683173793	1034.4949675085172	83.29866527082666	1027.9544706472236	NaN
1	0.10500000000000001	520.5157283364725	27.64444275317101	1086.1398207636544	988.6240485863223	1034.5308803217783	83.3239353001128	1027.9711024374135	NaN
1	0.10500000000000001	520.6177328236149	27.61820744235149	1087.1708251375867	988.6255868366491	1034.5666548865338	83.3454505561348	1027.9842539666186	NaN
1	0.10500000000000001	520.7203997344066	27.591823251696162	1088.2096465252669	988.6281984085625	1034.6023177127695	83.3628274745238	1027.994494832098	NaN
1	0.10500000000000001	520.8237480578839	27.56528601710624	1089.2564889285543	988.6315711699173	1034.637881951213	83.37576746586184	1028.002453072246	NaN
1	0.10500000000000001	520.9277625676953	27.53860036591171	1090.3112101311217	988.6353705698994	1034.673345524212	83.38407115518247	1028.0088054476478	NaN
1	0.10500000000000001	521.032391584994	27.51178025495565	1091.373297015734	988.6392469698899	1034.7086906659106	83.3876527939941	1028.014263616269	NaN
1	0.10500000000000001	521.1375506383832	27.484847994242806	1092.4419006990508	988.6428455187817	1034.7438855512785	83.38655210051618	1028.0195555931552	NaN
1	0.10500000000000001	521.2431323431958	27.457831683159874	1093.515935220251	988.6458180906883	1034.778888040251	83.38094014870387	1028.025403113894	NaN
1	0.10500000000000001	521.3490210471717	27.43076144109514	1094.5942254573235	988.647836010927	1034.8136509589447	83.37111667888426	1028.03249701778	NaN
1	0.10500000000000001	521.4551085728538	27.403665377947426	1095.675667200258	988.6486018469775	1034.848127626624	83.35749823932028	1028.0414736646994	NaN
1	0.10500000000000001	521.5613075155068	27.376566210455696	1096.7593632949008	988.6478587713008	1034.8822764361896	83.34059896487932	1028.0528952355687	NaN
1	0.10500000000000001	521.6675599900897	27.349479057763375	1097.8447141248403	988.6453967208295	1034.9160638191686	83.32100726530157	1028.0672356394082	NaN
1	0.10500000000000001	521.7738414389511	27.32241050785899	1098.9314580993826	988.6410553810674	1034.9494655169888	83.29936181882249	1028.0848723170498	NaN
1	0.10500000000000001	521.8801604415049	27.295358707320457	1100.0196714083331	988.6347245827532	1034.9824665160063	83.27632938353963	1028.1060831296306	NaN
1	0.10500000000000001	521.9865558074857	27.268314141934223	1101.1097398837712	988.6263429269165	1035.0150601033115	83.25258577168046	1028.1310469545574	NaN
1	0.10500000000000001	522.0930919710127	27.24126084525773	1102.202313213165	988.615895447547	1035.0472464060351	83.22880034809047	1028.1598464877948	NaN
1	0.10500000000000001	522.1998534965761	27.214177826389758	1103.2982497225055	988.6034109688977	1035.0790307039006	83.2056236871955	1028.19247196571	NaN
1	0.10500000000000001	522.3069388804595	27.187040668730226	1104.3985535666477	988.5889596507931	1035.1104216095891	83.18367767612202	1028.2288247645513	NaN
1	0.10500000000000001	522.4144536070949	27.159823308439346	1105.5043038768538	988.5726510387904	1035.1414291505462	83.16354712783573	1028.268720168585	NaN
1	0.10500000000000001	522.5225023298291	27.13250002378639	1106.6165744874313	988.5546327449716	1035.1720627673883	83.14577185538042	1028.3118889866637	NaN
1	0.10500000000000001	522.6311798587693	27.105047713210837	1107.7363409294312	988.535089710539	1035.2023291986725	83.13083817703851	1028.357978058946	NaN
1	0.10500000000000001	522.7405611268896	27.077448415709007	1108.864376397719	988.5142437077276	1035.232230363484	83.11916886390148	1028.4065503498844	NaN
1	0.10500000000000001	522.8506906693494	27.049691935572444	1110.0011421694649	988.4923524344946	1035.2617614339567	83.1111108777933	1028.457085993481	NaN
1	0.10500000000000001	522.9615734867743	27.02177809839744	1111.1466918003252	988.46970710071	1035.2909095990058	83.10692087389366	1028.5089866857727	NaN
1	0.10500000000000001	523.0731698233328	26.993718003820423	1112.3006153897336	988.4466272128769	1035.319654087093	83.10674965321479	1028.5615862565887	NaN
1	0.10500000000000001	523.1853969674261	26.965533502209308	1113.4620563574501	988.4234514111495	1035.3479680285975	83.11062817940281	1028.6141699656955	NaN
1	0.10500000000000001	523.2981395145314	26.937254549415815	1114.629816092323	988.4005242112805	1035.3758221866915	83.11845883671539	1028.6660028895699	NaN
1	0.10500000000000001	523.4112665671416	26.908914840912956	1115.8025311625418	988.3781799910265	1035.403189829648	83.1300152417934	1028.7163645112928	NaN
1	0.10500000000000001	523.5246515935919	26.88054681236981	1116.9788790623043	988.356726758046	1035.4300514796003	83.14495189940776	1028.7645839955608	NaN
1	0.10500000000000001	523.6381897392537	26.852177315016096	1118.1577585097439	988.3364324103366	1035.4563982911595	83.1628222322386	1028.8100702308016	NaN
1	0.10500000000000001	523.7518094937197	26.823824734033593	1119.3384118932097	988.3175151405524	1035.4822335364447	83.18310163706721	1028.8523330231887	NaN
1	0.10500000000000001	523.8654779721921	26.795497722827303	1120.5204817726624	988.3001383211557	1035.5075723194843	83.20521187335052	1028.8909946753977	NaN
1	0.10500000000000001	523.9792010953252	26.767195219308903	1121.7040144188857	988.2844091620713	1035.532440085305	83.22854399419487	1028.9257934522998	NaN
1	0.10500000000000001	524.0930203303369	26.73890731913793	1122.8894274290076	988.2703800489677	1035.5568704849074	83.25247826187622	1028.9565812668936	NaN
1	0.10500000000000001	524.2070074067476	26.710616646915437	1124.0774559813526	988.2580514818067	1035.580903010164	83.27640057305078	1028.9833179060633	NaN
1	0.10500000000000001	524.3212578991369	26.682299999086165	1125.2690869554854	988.2473757518497	1035.604580629893	83.2997156635718	1029.0060636620176	NaN
1	0.10500000000000001	524.4358839174176	26.653930195950622	1126.4654833946183	988.2382607822605	1035.6279474794685	83.32185777002645	1029.0249716407716	NaN
1	0.10500000000000001	524.5510057645611	26.625478174806855	1127.6678978246646	988.230573808408	1035.6510465622375	83.34229966349005	1029.0402805097544	NaN
1	0.10500000000000001	524.6667421572694	26.59691542096335	1128.8775701679872	988.2241448082827	1035.6739173678463	83.3605610886127	1029.0523079769935	NaN
1	0.10500000000000001	524.783198695046	26.568216809880003	1130.0956069034846	988.2187698114964	1035.696593340487	83.37621770020804	1029.0614448551312	NaN
1	0.10500000000000001	524.9004545516049	26.53936386157642	1131.322841123148	988.2142144522007	1035.7190991986745	83.38891149367855	1029.0681490649674	NaN
1	0.10500000000000001	525.0185487202598	26.51034807471755	1132.5596873553493	988.2102183389948	1035.7414483771179	83.39836342929368	1029.0729384306599	NaN
1	0.10500000000000001	525.1374686810215	26.481173634936862	1133.8060212040175	988.2065009704063	1035.7636411383837	83.40438806981642	1029.0763806258915	NaN
1	0.10500000000000001	525.2571458702621	26.451858430276463	1135.061129890384	988.2027698310882	1035.7856641451413	83.40690857703493	1029.0790785588026	NaN
1	0.10500000000000001	525.3774623790935	26.422432309420653	1136.3237805074746	988.1987308029306	1035.8074922242415	83.40596869890892	1029.0816502623393	NaN
1	0.10500000000000001	525.4982695446555	26.39293245090482	1137.5924135234031	988.1941001797001	1035.8290922990989	83.40173751454768	1029.084704120006	NaN
1	0.10500000000000001	525.6194141887773	26.363396910707085	1138.8654174841777	988.1886167402239	1035.8504285691909	83.39450394589413	1029.0888123515601	NaN
1	0.10500000000000001	525.7407643265489	26.33385835936329	1140.1413992542546	988.1820521247603	1035.8714673788497	83.38466113005946	1029.0944867279895	NaN
1	0.10500000000000001	525.8622279634213	26.304339557954517	1141.419382572867	988.1742182669412	1035.8921806484277	83.37268377695221	1029.1021597885247	NaN
1	0.10500000000000001	525.9837622970097	26.27485120533607	1142.6989062979303	988.1649715601268	1035.9125474729574	83.35910288446141	1029.1121729311642	NaN
1	0.10500000000000001	526.1053748147625	26.245391769508007	1143.9800375756631	988.1542141769512	1035.9325542442884	83.34448146000827	1029.1247709225372	NaN
1	0.10500000000000001	526.2271187026003	26.215948697208493	1145.26332501583	988.1418933813226	1035.9521937946104	83.32939339088693	1029.1401012619767	NaN
1	0.10500000000000001	526.3490850969006	26.186500375092585	1146.5497183348114	988.1279997075923	1035.971464053254	83.31440610820759	1029.1582165635223	NaN
1	0.10500000000000001	526.4713933046773	26.157018562864078	1147.840466213372	988.1125648011881	1035.9903664584765	83.30006673955272	1029.1790782597584	NaN
1	0.10500000000000001	526.5941796585261	26.127471132381093	1149.1369993409241	988.0956594773654	1036.0089042891175	83.28689081505968	1029.2025603893808	NaN
1	0.10500000000000001	526.7175845564135	26.097825216621846	1150.4407938571978	988.07739238377	1036.027080913084	83.27535235804963	1029.2284526572232	NaN
1	0.10500000000000001	526.8417374255616	26.068050825160064	1151.753212385699	988.0579093386335	1036.0448979952102	83.26587402632923	1029.2564625974646	NaN
1	0.10500000000000001	526.9667395628319	26.038124930341304	1153.0753221013526	988.0373930600191	1036.0623537425424	83.25881605529909	1029.2862174096726	NaN
1	0.10500000000000001	527.0926461264036	26.00803571176578	1154.4077032757496	988.0160624590119	1036.079441432411	83.25446312079383	1029.3172670576614	NaN
1	0.10500000000000001	527.2194510988564	25.977786043831497	1155.7502887620471	987.9941699608116	1036.0961487367297	83.25300917082494	1029.3490914432678	NaN
1	0.10500000000000001	527.3470810737339	25.94739484087652	1157.1022965799034	987.9719949300057	1036.1124584582444	83.25454197689966	1029.3811150363945	NaN
1	0.10500000000000001	527.47540355771	25.916894933913145	1158.4623163035135	987.9498317852796	1036.1283510582823	83.25903109501455	1029.4127312414787	NaN
1	0.10500000000000001	527.6042508123139	25.886327281498275	1159.8285606491177	987.9279732426149	1036.1438086192625	83.2663237767688	1029.4433353574973	NaN
1	0.10500000000000001	527.7334526771599	25.855733116792987	1161.1992131922434	987.9066915659495	1036.1588190277398	83.27615177361994	1029.472360716678	NaN
1	0.10500000000000001	527.8628675643288	25.825146614540813	1162.572757686034	987.8862218438028	1036.173378972277	83.28814840902258	1029.4993107373186	NaN
1	0.10500000000000001	527.9924034077113	25.794590010951254	1163.9482015584035	987.8667502366375	1036.1874950224856	83.30187216284527	1029.5237816563347	NaN
1	0.10500000000000001	528.1220265942932	25.764071609971925	1165.325172208367	987.8484079356373	1036.2011829639819	83.3168321597674	1029.5454746470236	NaN
1	0.10500000000000001	528.2517612051573	25.733586091476205	1166.7039104122236	987.8312699119357	1036.2144660218325	83.33251203294678	1029.564199013719	NaN
1	0.10500000000000001	528.381682197798	25.703116239320003	1168.085199147414	987.8153568919372	1036.2273726138567	83.34839036623787	1029.5798693431796	NaN
1	0.10500000000000001	528.5119051746975	25.672635451075475	1169.4702558067743	987.8006391375814	1036.2399340341237	83.36395733392037	1029.5924993163637	NaN
1	0.10500000000000001	528.6425740363743	25.642110715257342	1170.8606015502878	987.7870410187084	1036.252182238659	83.37872806554822	1029.6021942131613	NaN
1	0.10500000000000001	528.7738465405339	25.611506043902427	1172.2579079983618	987.7744458232755	1036.264147737079	83.39225374349242	1029.6091433756583	NaN
1	0.10500000000000001	528.905877218211	25.580786480858432	1173.6638153911756	987.7627006321911	1036.2758575324349	83.40413169847994	1029.6136132073814	NaN
1	0.10500000000000001	529.0387971990687	25.549922780120163	1175.0797173969397	987.7516214179805	1036.2873330707444	83.41401584376976	1029.615940597209	NaN
1	0.10500000000000001	529.17269163061	25.518896584034614	1176.5065198065734	987.7409987971165	1036.2985882742635	83.42162860830929	1029.6165259049314	NaN
1	0.10500000000000001	529.307578464067	25.48770521983166	1177.9444132970943	987.7306049644328	1036.3096279911856	83.42677488109906	1029.6158238515407	NaN
1	0.10500000000000001	529.4433958432285	25.45636444886801	1179.3927375025532	987.7202022174104	1036.3204474324789	83.42935696654746	1029.6143300980218	NaN
1	0.10500000000000001	529.580006999594	25.424907148352823	1180.8500316347304	987.7095529712769	1036.3310332027809	83.42938739085224	1029.612561708458	NaN
1	0.10500000000000001	529.7172264802825	25.393377107287773	1182.3143129619461	987.6984304827548	1036.3413660180413	83.42699479854976	1029.6110316821737	NaN
1	0.10500000000000001	529.8548610972828	25.361819526057563	1183.7835130982382	987.6866289865117	1036.351424362362	83.42241906417351	1029.6102206995934	NaN
1	0.10500000000000001	529.992750474808	25.330271729122707	1185.2559109214385	987.6739720386518	1036.3611877993624	83.41599537539692	1029.6105510816096	NaN
1	0.10500000000000001	530.1307946992563	25.298756940409863	1186.7304285601947	987.6603183416962	1036.3706390369427	83.40813090807433	1029.6123671472076	NaN
1	0.10500000000000001	530.2689653806483	25.26728191678587	1188.2067506380736	987.6455649695433	1036.3797646149787	83.39927912948845	1029.6159235314929	NaN
1	0.10500000000000001	530.4073034328679	25.235837630721164	1189.6853017037838	987.6296484194564	1036.388554605928	83.38991567621781	1029.6213805913299	NaN
1	0.10500000000000001	530.5459087305572	25.204401787241494	1191.1671366856706	987.6125441945451	1036.3970018048828	83.38051775292904	1029.62880483522	NaN
1	0.10500000000000001	530.6849249998774	25.17294238812131	1192.6537801089396	987.5942657334972	1036.4051007225219	83.3715473531138	1029.6381721850498	NaN
1	0.10500000000000001	530.8245216167267	25.14142194944493	1194.1470319033256	987.5748633701971	1036.4128465673487	83.36343753964049	1029.6493723410947	NaN
1	0.10500000000000001	530.9648721774179	25.109802392005555	1195.6487383270676	987.5544238259309	1036.4202342961762	83.35658050743086	1029.662213199609	NaN
1	0.10500000000000001	531.1061293250319	25.0780507083969	1197.1605224541247	987.5330703742237	1036.4272578055716	83.35131595016615	1029.6764251033821	NaN
1	0.10500000000000001	531.2483968831383	25.04614515608434	1198.683485464254	987.5109631463118	1036.43390941646	83.34791838421039	1029.6916657932034	NaN
1	0.10500000000000001	531.391703375977	25.014081052372777	1200.2179224279896	987.4882981489309	1036.440179888531	83.34658283098717	1029.7075281578827	NaN
1	0.10500000000000001	531.5359861262367	24.981874123917645	1201.7631511185018	987.4653025309156	1036.4460592694466	83.347409860342	1029.7235539022222	NaN
1	0.10500000000000001	531.6810968754033	24.94955901295179	1203.3175713295227	987.4422236525189	1036.451538685803	83.35039331554441	1029.7392557381393	NaN
1	0.10500000000000001	531.8268337388208	24.917181952352248	1204.879006610884	987.4193115544387	1036.4566126982572	83.35541558363093	1029.7541476752879	NaN
1	0.10500000000000001	531.9729902053697	24.88478976698496	1206.445229198432	987.3967980645391	1036.4612813386032	83.36225403324616	1029.7677784769628	NaN
1	0.10500000000000001	532.1194019158305	24.85241952325494	1208.01446175575	987.3748780111104	1036.4655509798042	83.37059821068921	1029.779761025719	NaN
1	0.10500000000000001	532.2659764109695	24.82009208319468	1209.5856970052334	987.3536966173968	1036.4694338279915	83.38007362021521	1029.789792428987	NaN
1	0.10500000000000001	532.4127028109151	24.787810167269274	1211.158802357583	987.3333439211046	1036.4729464400345	83.39026699595674	1029.7976638920097	NaN
1	0.10500000000000001	532.5596465625441	24.75555972385644	1212.7344643468266	987.3138547143741	1036.4761078538963	83.40074947365308	1029.8032624428395	NaN
1	0.10500000000000001	532.7069353560653	24.723313214547954	1214.3140381500364	987.2952119480126	1036.478937758358	83.411096122908	1029.8065675012815	NaN
1	0.10500000000000001	532.8547399991904	24.691033955513674	1215.899342772711	987.2773519807408	1036.4814549095015	83.42090184932442	1029.8076448961492	NaN
1	0.10500000000000001	533.0032512589449	24.658681276110137	1217.4924127335435	987.2601707726785	1036.483675851501	83.42979455856111	1029.8066401029582	NaN
1	0.10500000000000001	533.1526524293596	24.626216531558256	1219.095203667053	987.243530706239	1036.48561394648	83.43744692229788	1029.8037715802836	NaN
1	0.10500000000000001	533.3030874959004	24.593609980189804	1220.7092504704888	987.2272681681508	1036.4872787212273	83.44358815786926	1029.7993241235854	NaN
1	0.10500000000000001	533.4546280668472	24.560847821653756	1222.335312027638	987.2112021276329	1036.4886755829011	83.44801688746031	1029.7936410594905	NaN
1	0.10500000000000001	533.6072477496632	24.527937519512097	1223.9730956792785	987.1951437036258	1036.4898059760692	83.45061498700196	1029.7871130017343	NaN
1	0.10500000000000001	533.7608179356116	24.49490843551262	1225.6212113949782	987.178906058559	1036.4906679944493	83.45136025349666	1029.7801605115144	NaN
1	0.10500000000000001	533.9151351995154	24.461805672395847	1227.2774653575489	987.1623134718061	1036.4912572821834	83.4503335452895	1029.7732095827294	NaN
1	0.10500000000000001	534.0699753525389	24.428678312128547	1228.939439865015	987.1452085995184	1036.4915678907535	83.44771597189234	1029.7666624818212	NaN
1	0.10500000000000001	534.2251516471697	24.39556695281853	1230.6051180958123	987.1274578521916	1036.4915927864934	83.44377494279207	1029.7608697284254	NaN
1	0.10500000000000001	534.3805550586264	24.362495254126436	1232.2733166898129	987.1089552687607	1036.4913239567754	83.43884225626779	1029.7561087467955	NaN
1	0.10500000000000001	534.5361691476974	24.32946700845331	1233.9438455351333	987.0896251489423	1036.4907522822855	83.4332893783247	1029.7525714632652	NaN
1	0.10500000000000001	534.6920644917104	24.296467582026835	1235.6174481651344	987.0694235902373	1036.4898673848593	83.42750403919263	1029.7503598924052	NaN
1	0.10500000000000001	534.8483806653763	24.263467961795342	1237.295608391221	987.048339231276	1036.4886575999062	83.42187009859923	1029.7494872979046	NaN
1	0.10500000000000001	535.005300902417	24.230430280322405	1238.9802782496172	987.0263937263957	1036.4871101726114	83.41675082793385	1029.7498825687726	NaN
1	0.10500000000000001	535.1630212827835	24.19731440319507	1240.673547096086	987.0036424825812	1036.4852117703217	83.41247469227802	1029.7513962119572	NaN
1	0.10500000000000001	535.3217149016959	24.164085461339823	1242.3772567976848	986.9801758644535	1036.4829494113965	83.40932226782692	1029.7538073816131	NaN
1	0.10500000000000001	535.4814930633635	24.130721880395917	1244.0925850241786	986.9561203080137	1036.4803118744017	83.40751304299944	1029.7568324934903	NaN
1	0.10500000000000001	535.6423712252763	24.097222285533427	1245.8196796661528	986.9316374643761	1036.477291481428	83.40719169919768	1029.7601370518348	NaN
1	0.10500000000000001	535.8042538262431	24.06360836715217	1247.5574961741947	986.9069183469787	1036.4738858295852	83.40841528378182	1029.7633527596713	NaN
1	0.10500000000000001	535.966952624982	24.029920758901333	1249.3039948347682	986.8821698800612	1036.4700987391507	83.41114489865926	1029.76610082735	NaN
1	0.10500000000000001	536.1302390626245	23.996207961728057	1251.0567033667685	986.8575946525206	1036.4659398001468	83.41524627325894	1029.7680193738925	NaN
1	0.10500000000000001	536.2939096881939	23.96251276745434	1252.8134196266976	986.8333691881695	1036.461422575253	83.42050114439917	1029.76878986162	NaN
1	0.10500000000000001	536.4578368346829	23.92886194013828	1254.5727557233406	986.809627154625	1036.456562196477	83.42662710201775	1029.768157437501	NaN
1	0.10500000000000001	536.6219910912982	23.8952618446452	1256.3343791070379	986.7864505888133	1036.4513731554343	83.43330106372717	1029.7659429066184	NaN
1	0.10500000000000001	536.7864385904937	23.861699289417878	1258.098983126596	986.7638683891566	1036.445867716605	83.44018210225549	1029.7620471421167	NaN
1	0.10500000000000001	536.9513222204014	23.828145627045878	1259.86808496678	986.7418597107905	1036.4400550408518	83.44693139599612	1029.7564502331923	NaN
1	0.10500000000000001	537.1168335472754	23.794562671462355	1261.6437239048973	986.7203602055224	1036.4339409824881	83.4532289084345	1029.749207716678	NaN
1	0.10500000000000001	537.2831780279121	23.760909872385618	1263.4280876900054	986.6992699805562	1036.427528541402	83.45878749811003	1029.7404455831368	NaN
1	0.10500000000000001	537.4505347223793	23.72715247505908	1265.2230801475957	986.6784628281833	1036.420818950077	83.46336564836476	1029.7303547581357	NaN
1	0.10500000000000001	537.6190136175871	23.693270016191896	1267.0298634870521	986.6577965636576	1036.4138132818962	83.46677989801564	1029.7191845183374	NaN
1	0.10500000000000001	537.7886202934251	23.659263195045774	1268.848479752655	986.6371239091168	1036.4065141643596	83.46891722960814	1029.70723286597	NaN
1	0.10500000000000001	537.9592444475927	23.625155851334803	1270.6777284653224	986.6163025822789	1036.398926800491	83.46974595465771	1029.694831010641	NaN
1	0.10500000000000001	538.130686948059	23.590989231191855	1272.5154574565363	986.595202818835	1036.3910584352104	83.46932168924887	1029.682320229442	NaN
1	0.10500000000000001	538.3027213395659	23.55680951490136	1274.3592227724378	986.5737115869455	1036.3829161412627	83.46778465610184	1029.670023227461	NaN
1	0.10500000000000001	538.4751628826148	23.522654080147806	1276.2070286955986	986.5517346221723	1036.3745039324676	83.46534714679072	1029.6582161301226	NaN
1	0.10500000000000001	538.647915888024	23.488542298233245	1278.0578344821954	986.5291980462682	1036.3658205719785	83.46227382418483	1029.6471073859732	NaN
1	0.10500000000000001	538.8209885659346	23.45447288872288	1279.911712550541	986.5060503630075	1036.3568587733268	83.45885939754814	1029.6368262029596	NaN
1	0.10500000000000001	538.9944815291102	23.42042648980526	1281.7697242816732	986.4822646705611	1036.347605712458	83.4554072985426	1029.6274194502048	NaN
1	0.10500000000000001	539.1685598808946	23.386371392325465	1283.6336201314034	986.4578408779104	1036.3380445222804	83.45221100529409	1029.6188545169039	NaN
1	0.10500000000000001	539.3434153860447	23.352271102922906	1285.5054338898944	986.4328079925286	1036.3281565563411	83.44953805288824	1029.6110259443626	NaN
1	0.10500000000000001	539.5192221470659	23.318093029987494	1287.387007929243	986.407226501182	1036.3179243340942	83.44761593196286	1029.6037646472728	NaN
1	0.10500000000000001	539.6960905570264	23.283817340615666	1289.2795006699623	986.3811901306609	1036.3073349599015	83.44661899769791	1029.5968495524814	NaN
1	0.10500000000000001	539.874029777436	23.249444002245728	1291.182986012326	986.354825029495	1036.2963833870933	83.44665625676862	1029.5900221610873	NaN
1	0.10500000000000001	540.0529357909217	23.214994765459515	1293.0963269877277	986.3282833103837	1036.285074294565	83.44776143173459	1029.5830044256038	NaN
1	0.10500000000000001	540.2326189111343	23.180507537700556	1295.0174716029187	986.3017288966606	1036.2734212993917	83.44988830697797	1029.5755192438853	NaN
1	0.10500000000000001	540.4128657621027	23.14602427385665	1296.9441167590119	986.275317495879	1036.2614433326405	83.45291437862241	1029.5673112801928	NaN
1	0.10500000000000001	540.5935078544549	23.111577842931425	1298.874441623148	986.2491767347683	1036.2491597189876	83.4566533359245	1029.5581650799472	NaN
1	0.10500000000000001	540.7744676365363	23.077183426858646	1300.807599107298	986.2233924053961	1036.2365860281072	83.4608736466165	1029.5479182204647	NaN
1	0.10500000000000001	540.9557711190932	23.042836414436348	1302.743849426057	986.1980029649272	1036.2237318492284	83.46531917843767	1029.5364689344576	NaN
1	0.10500000000000001	541.1375337349465	23.0085153881328	1304.6844075408108	986.173000840205	1036.2106004478276	83.46972877386834	1029.5237790026233	NaN
1	0.10500000000000001	541.3199290348442	22.974188283356842	1306.6311075696697	986.1483382701753	1036.1971898993154	83.47385341799539	1029.5098733672842	NaN
1	0.10500000000000001	541.5031473205963	22.9398203164164	1308.5859603637878	986.1239359206022	1036.183495319746	83.47747099076649	1029.494837736618	NaN
1	0.10500000000000001	541.6873487062027	22.905382799526464	1310.5506524475322	986.0996932839308	1036.16951190918	83.48039921696476	1029.4788147234474	NaN
1	0.10500000000000001	541.8726179088217	22.870861459459046	1312.526064381405	986.0754999620164	1036.1552382592904	83.48250735783515	1029.4619978014784	NaN
1	0.10500000000000001	542.0589338521846	22.836261840137315	1314.511948008886	986.0512464686825	1036.1406788760678	83.48372636426629	1029.4446210740275	NaN
1	0.10500000000000001	542.2461712501561	22.801608680476743	1316.506945164202	986.0268325369202	1036.1258444597715	83.48405585745432	1029.4269424891525	NaN
1	0.10500000000000001	542.434142012604	22.766937963897405	1318.5090305370084	986.0021714501306	1036.110749112728	83.48356529301087	1029.4092202293023	NaN
1	0.10500000000000001	542.6226615400619	22.732284556504844	1320.516218616999	985.9771909845082	1036.0954054351362	83.48238736969009	1029.3916861069492	NaN
1	0.10500000000000001	542.8116091094109	22.69767117669296	1322.5272062308397	985.951833302683	1036.079819871191	83.48070425639183	1029.374522367661	NaN
1	0.10500000000000001	543.0009586951852	22.663102980690237	1324.5416991274183	985.9260558393713	1036.063990285463	83.47872956580092	1029.3578467321668	NaN
1	0.10500000000000001	543.1907769516419	22.628568227550762	1326.5603885747203	985.8998335605341	1036.0479062000145	83.47668942582752	1029.3417065988604	NaN
1	0.10500000000000001	543.3811969858217	22.594043316913776	1328.5846706296936	985.8731620579467	1036.0315511383237	83.47480484022182	1029.3260807139284	NaN
1	0.10500000000000001	543.5723778490889	22.55950030333939	1330.6162142864391	985.8460608550159	1036.0149063601389	83.4732761149452	1029.31088611201	NaN
1	0.10500000000000001	543.7644573488599	22.524915458959853	1332.6564597103281	985.8185763312249	1035.9979554095066	83.47226926952472	1029.2959887820111	NaN
1	0.10500000000000001	543.9575074295427	22.490277198364332	1334.7061450175227	985.7907830419014	1035.9806886845126	83.47190424082795	1029.2812171303547	NaN
1	0.10500000000000001	544.1515056588555	22.45559095997918	1336.7650052298923	985.7627813304321	1035.9631067471585	83.47224530791411	1029.2663774939176	NaN
1	0.10500000000000001	544.3463380490434	22.420878405299955	1338.8318044764135	985.7346889865361	1035.9452207894713	83.473295198218	1029.251270579578	NaN
1	0.10500000000000001	544.5418383008113	22.386170172787526	1340.9047543629345	985.7066267240808	1035.9270494764955	83.47499492200865	1029.2357072837328	NaN
1	0.10500000000000001	544.7378486430887	22.351494966816336	1342.9821601287363	985.6787008224438	1035.9086132609132	83.47723054167531	1029.219522412185	NaN
1	0.10500000000000001	544.9342736563563	22.316870112435204	1345.062990714815	985.650988468662	1035.8899287813585	83.47984598952918	1029.2025855018665	NaN
1	0.10500000000000001	545.1311064713369	22.282297157649964	1347.1471547242288	985.6235296450321	1035.8710054814258	83.4826593208631	1029.1848085113863	NaN
1	0.10500000000000001	545.3284242521647	22.247762940429528	1349.2354504774273	985.5963260655523	1035.8518450479007	83.48547961742798	1029.1661505193229	NaN
1	0.10500000000000001	545.5263609848392	22.21324458879214	1351.3292760688162	985.5693455436783	1035.8324431543738	83.48812273885399	1029.146619787059	NaN
1	0.10500000000000001	545.7250669379623	22.178716730184068	1353.4301992828928	985.5425299040736	1035.8127927515884	83.4904252198605	1029.1262735876362	NaN
1	0.10500000000000001	545.9246635633492	22.14415933710201	1355.539480540772	985.515804857664	1035.792888105873	83.49225624398065	1029.1052157635047	NaN
1	0.10500000000000001	546.1252044812109	22.109564356008683	1357.6576615200718	985.4890902988342	1035.7727285299034	83.49352763218828	1029.0835911096685	NaN
1	0.10500000000000001	546.3266560091469	22.074938836512324	1359.7843613420368	985.4623092465413	1035.7523204068532	83.4942012402202	1029.0615749870224	NaN
1	0.10500000000000001	546.5289090404455	22.040302628227114	1361.918404163532	985.4353936879664	1035.7316762135479	83.49429244662028	1029.039357023309	NaN
1	0.10500000000000001	546.7318214435662	22.005680924402455	1364.0582682408474	985.4082867766643	1035.7108104887293	83.4938682600111	1029.0171201240578	NaN
1	0.10500000000000001	546.9352724899153	21.971094924795732	1366.2026603700947	985.3809427375434	1035.6897345198283	83.49303955730225	1028.995019018115	NaN
1	0.10500000000000001	547.1392040935445	21.93655493316969	1368.3509496012423	985.3533267539353	1035.6684523053555	83.49194862653768	1028.9731634744471	NaN
1	0.10500000000000001	547.3436343124038	21.902058281083704	1370.5033075473625	985.3254162209344	1035.646959349339	83.4907542828436	1028.9516092136607	NaN
1	0.10500000000000001	547.5486435238162	21.86759188634701	1372.6605607245651	985.297203360245	1035.6252443352869	83.4896167315487	1028.930356630421	NaN
1	0.10500000000000001	547.7543420308475	21.833137862786536	1374.823848108342	985.2686983914713	1035.603292841918	83.48868355143723	1028.9093557712024	NaN
1	0.10500000000000001	547.9608294336905	21.798680379724317	1376.994193292456	985.239932230648	1035.5810920529477	83.48807743169492	1028.8885157599698	NaN
1	0.10500000000000001	548.1681572067	21.7642118373887	1379.1721117909804	985.2109573637733	1035.5586352351445	83.48788602165683	1028.8677170380681	NaN
1	0.10500000000000001	548.3763071083694	21.72973628487785	1381.3573859339804	985.1818452650583	1035.5359245542702	83.48815447367372	1028.8468248713598	NaN
1	0.10500000000000001	548.5851962311442	21.695268369902813	1383.549120073178	985.1526790958667	1035.5129709158841	83.48888168180693	1028.825702519948	NaN
1	0.10500000000000001	548.7947093130944	21.660827834694857	1385.7460814600854	985.1235421893867	1035.4897905905402	83.49002128978422	1028.8042227628807	NaN
1	0.10500000000000001	549.0047444179162	21.626431948100524	1387.9471799966338	985.0945051958221	1035.4664000317787	83.49148781917232	1028.7822772061843	NaN
1	0.10500000000000001	549.2152507576552	21.5920893879547	1390.1518639616286	985.0656157910613	1035.442811243334	83.49316701898096	1028.7597835156982	NaN
1	0.10500000000000001	549.4262438285953	21.557797944229012	1392.3602768354688	985.0368935641372	1035.4190294765938	83.4949286188014	1028.736690879843	NaN
1	0.10500000000000001	549.6377960240902	21.523546240567033	1394.5731570181058	985.0083303832378	1035.3950536395353	83.49663961271558	1028.712983737245	NaN
1	0.10500000000000001	549.8500090872458	21.489318343845518	1396.7915480560375	984.9798950874208	1035.37087884534	83.49817674378836	1028.6886836238327	NaN
1	0.10500000000000001	550.062978320869	21.455099593599936	1399.016423815721	984.9515408119075	1035.3465000615947	83.49943745057749	1028.663848727645	NaN
1	0.10500000000000001	550.2767592896051	21.420881901550732	1401.2483410690782	984.9232132453144	1035.3219156648183	83.50034881010168	1028.638570427414	NaN
1	0.10500000000000001	550.4913484965712	21.38666670503987	1403.4872391836566	984.8948580980873	1035.297129570434	83.50087392684566	1028.6129658101247	NaN
1	0.10500000000000001	550.7066866833858	21.352464263527864	1405.7324764422933	984.8664263668275	1035.2721508970187	83.50101498162412	1028.587165619065	NaN
1	0.10500000000000001	550.9226851954705	21.318289325634794	1407.9831065263656	984.8378768312637	1035.2469910510267	83.50081216826335	1028.5612985548057	NaN
1	0.10500000000000001	551.1392634165031	21.284155152539462	1410.2382691649377	984.8091766261557	1035.2216595660873	83.50033830515176	1028.535474892195	NaN
1	0.10500000000000001	551.3563798800818	21.25006866962271	1412.49751346618	984.7803014269882	1035.1961606927177	83.4996898452812	1028.509773142735	NaN
1	0.10500000000000001	551.5740441032078	21.21602874037346	1414.7609195385976	984.7512364683625	1035.1704922567274	83.4989757341741	1028.4842324650492	NaN
1	0.10500000000000001	551.7923072315023	21.182027776534387	1417.028999495662	984.7219785243823	1035.1446470340575	83.49830568680606	1028.4588514335458	NaN
1	0.10500000000000001	552.011237472728	21.148055668717483	1419.302440940248	984.6925381972399	1035.1186159592455	83.497779116503	1028.4335922521002	NaN
1	0.10500000000000001	552.2308902561576	21.11410444045627	1421.5817967960052	984.6629414235642	1035.092391994213	83.4974755491906	1028.40838880352	NaN
1	0.10500000000000001	552.4512840165436	21.080171929335748	1423.867234758931	984.6332289805916	1035.065973335107	83.49744716376438	1028.3831567919779	NaN
1	0.10500000000000001	552.6723915006432	21.046263004606555	1426.158448641122	984.6034529461258	1035.0393647166272	83.49771411340497	1028.3578042756571	NaN
1	0.10500000000000001	552.8941510884426	21.01238770241743	1428.4547773214185	984.5736699354936	1035.0125761964377	83.49826328412362	1028.3322412210566	NaN
1	0.10500000000000001	553.1164935333469	20.97855706116684	1430.7554827167264	984.5439323505555	1034.9856199054273	83.49905085673697	1028.3063873518752	NaN
1	0.10500000000000001	553.3393714404259	20.944778639724206	1433.0600548630541	984.5142800407456	1034.958506275995	83.50000840078471	1028.2801782963732	NaN
1	0.10500000000000001	553.5627778678743	20.911053780527663	1435.3684033006393	984.4847347574361	1034.9312414411115	83.50105153829514	1028.2535703944245	NaN
1	0.10500000000000001	553.7867473289027	20.87737758007207	1437.6808659242977	984.4552985579306	1034.9038267055782	83.50208986054255	1028.2265443197236	NaN
1	0.10500000000000001	554.0113406954971	20.84374126852253	1439.998051710646	984.4259559309456	1034.8762599938934	83.50303685669371	1028.1991073032848	NaN
1	0.10500000000000001	554.2366209421839	20.810135898730444	1442.3205896943607	984.3966785357085	1034.8485384902574	83.50381890548546	1028.1712934463412	NaN
1	0.10500000000000001	554.4626291602715	20.776555908798223	1444.6488818227454	984.3674310792244	1034.8206613472266	83.50438263142158	1028.143161414509	NaN
1	0.10500000000000001	554.6893699618754	20.743001213046423	1446.9829535405177	984.3381768897325	1034.792631348722	83.50470002773548	1028.114788877665	NaN
1	0.10500000000000001	554.9168124606394	20.70947695052382	1449.3224652325105	984.3088820684158	1034.764454754592	83.50477078652469	1028.0862635611404	NaN
1	0.10500000000000001	555.1449066114692	20.67599098741532	1451.6668814453856	984.2795178119965	1034.7361393342803	83.50462143902375	1028.0576718432947	NaN
1	0.10500000000000001	555.3736067227761	20.642550431041528	1454.0157129924885	984.2500614225436	1034.7076915820617	83.50430132017009	1028.0290870784766	NaN
1	0.10500000000000001	555.6028909879547	20.60915880534224	1456.3687171169825	984.2204969158042	1034.6791144798135	83.50387592952971	1028.000560191395	NaN
1	0.10500000000000001	555.8327682711274	20.57581513952259	1458.7259660780207	984.1908159898989	1034.650406883776	83.50341869300311	1027.9721144648056	NaN
1	0.10500000000000001	556.0632706549535	20.542515132340284	1461.0877695832428	984.161019405473	1034.6215647104732	83.50300225399354	1027.943745051679	NaN
1	0.10500000000000001	556.2944362674747	20.509253685333803	1463.4544980984222	984.1311182458267	1034.592583344808	83.50269029286471	1027.9154225819136	NaN
1	0.10500000000000001	556.5262904085088	20.476027618811372	1465.8263896117614	984.1011341935973	1034.5634602470352	83.50253067100934	1027.887099546578	NaN
1	0.10500000000000001	556.7588332752539	20.442837382100794	1468.2034247669662	984.0710980057858	1034.5341966892074	83.50255054374175	1027.858717949628	NaN
1	0.10500000000000001	556.992039774162	20.4096870068864	1470.5853260172664	984.0410458227935	1034.5047978972786	83.50275396488998	1027.8302168881585	NaN
1	0.10500000000000001	557.2258716844235	20.376582315245294	1472.9716828108496	984.0110137251668	1034.475271535362	83.50312230314778	1027.8015391464642	NaN
1	0.10500000000000001	557.4602959534152	20.343528307288878	1475.362138683951	983.9810318497692	1034.445625304084	83.50361742993198	1027.7726365274775	NaN
1	0.10500000000000001	557.6953002417495	20.310526997455675	1477.75654942249	983.9511196726606	1034.4158647887778	83.5041871915182	1027.743474018692	NaN
1	0.10500000000000001	557.9308983883589	20.277576710913262	1480.1550378477264	983.9212837056209	1034.385992520855	83.50477232642788	1027.7140329827985	NaN
1	0.10500000000000001	558.1671242503405	20.24467301425546	1482.5579300948214	983.8915179078923	1034.3560084933908	83.50531386478022	1027.6843132497588	NaN
1	0.10500000000000001	558.4040174109278	20.21181075061549	1484.9656095590185	983.8618063055084	1034.3259117284015	83.50576012085493	1027.6543337145974	NaN
1	0.10500000000000001	558.6416072112825	20.178986257192463	1487.3783545297804	983.8321268340983	1034.2957021052243	83.50607254363547	1027.6241309115396	NaN
1	0.10500000000000001	558.8799022053709	20.14619878421671	1489.7962316294413	983.8024552808558	1034.265381565182	83.50622983483268	1027.5937551130762	NaN
1	0.10500000000000001	559.1188893896644	20.113450542031558	1492.219088846685	983.7727684885298	1034.2349541473861	83.50622988354341	1027.563264005897	NaN
1	0.10500000000000001	559.3585432689342	20.080745406555046	1494.64664820936	983.7430464528569	1034.2044248492512	83.50608927372107	1027.5327147101923	NaN
1	0.10500000000000001	559.5988399298758	20.0480869764148	1497.078648662748	983.7132735083838	1034.1737979211002	83.5058404348115	1027.5021556426323	NaN
1	0.10500000000000001	559.839768809366	20.015476988728555	1499.5149649277184	983.6834391278488	1034.1430755141716	83.50552687152066	1027.4716199953102	NaN
1	0.10500000000000001	560.0813365914412	19.982914832724862	1501.955646262985	983.6535387461887	1034.1122573728849	83.50519719624266	1027.441122154428	NaN
1	0.10500000000000001	560.323562132529	19.95039827766582	1504.4008645028475	983.6235746173799	1034.0813416889991	83.50489880458316	1027.4106574887576	NaN
1	0.10500000000000001	560.5664657900334	19.917924929993664	1506.850805944744	983.5935563070838	1034.0503266627081	83.50467199435076	1027.3802050580102	NaN
1	0.10500000000000001	560.8100584894983	19.885493689500688	1509.305561173702	983.563500303411	1034.019212065817	83.50454520883034	1027.3497322997903	NaN
1	0.10500000000000001	561.0543363774088	19.853105430278116	1511.7650716890992	983.5334282638121	1033.9880000391433	83.50453193836155	1027.3192005005303	NaN
1	0.10500000000000001	561.2992832424741	19.82076264063012	1514.229154939708	983.5033639526653	1033.9566948297067	83.5046296376184	1027.2885701515959	NaN
1	0.10500000000000001	561.5448797792999	19.788468173384725	1516.6975979787057	983.4733293636548	1033.9253015799598	83.50482077301064	1027.2578055544363	NaN
1	0.10500000000000001	561.7911143197679	19.756223834982332	1519.170265357124	983.4433410672609	1033.8938248618226	83.50507581189136	1027.2268785642038	NaN
1	0.10500000000000001	562.0379897179096	19.724029510205128	1521.6471678603264	983.4134077397092	1033.8622676516302	83.50535767110851	1027.195771465545	NaN
1	0.10500000000000001	562.2855230587513	19.691883239145625	1524.1284589591803	983.3835294559823	1033.830631194749	83.50562694845384	1027.1644789606892	NaN
1	0.10500000000000001	562.5337387591821	19.659782145835376	1526.6143651085524	983.3536987126553	1033.7989157112809	83.50584720607262	1027.1330090423426	NaN
1	0.10500000000000001	562.7826587189722	19.627723723587295	1529.1050868972832	983.3239026551606	1033.7671214966936	83.5059896309942	1027.1013823905905	NaN
1	0.10500000000000001	563.0322942872128	19.595706856345718	1531.6007188590336	983.2941257666465	1033.7352498262596	83.50603651251274	1027.0696299990311	NaN
1	0.10500000000000001	563.2826438464601	19.563732098508112	1534.1012257975688	983.2643523284229	1033.703303191776	83.50598312494441	1027.0377890252332	NaN
1	0.10500000000000001	563.5336968165034	19.53180113256331	1536.6064832764703	983.2345682710495	1033.6712847777585	83.50583779687426	1027.005897376061	NaN
1	0.10500000000000001	563.7854415475457	19.499915748184005	1539.1163566554349	983.2047624049476	1033.6391975025722	83.50562019335423	1026.973988034202	NaN
1	0.10500000000000001	564.0378727204421	19.468076908540805	1541.630774795107	983.1749272549642	1033.607043176661	83.50535810404422	1026.9420843339176	NaN
1	0.10500000000000001	564.2909943249102	19.436284394156054	1544.149759378637	983.1450597368761	1033.574822262451	83.50508325121858	1026.9101971839257	NaN
1	0.10500000000000001	564.5448172167627	19.404537132444954	1546.6734002047538	983.1151616731248	1033.5425343404156	83.5048267494816	1026.8783246318442	NaN
1	0.10500000000000001	564.7993529742012	19.372833979204994	1549.2017938778893	983.0852399426491	1033.5101790378549	83.5046148556039	1026.8464535728344	NaN
1	0.10500000000000001	565.0546078034994	19.341174474478645	1551.734983335455	983.0553059305671	1033.4777569217674	83.50446556988764	1026.8145629296569	NaN
1	0.10500000000000001	565.3105797920022	19.309559166745963	1554.2729308929909	983.0253740892678	1033.4452699214196	83.50438652021262	1026.782627509711	NaN
1	0.10500000000000001	565.5672611695927	19.27798931395663	1556.8155410369573	982.995459682985	1033.4127210626211	83.50437438486611	1026.750621813691	NaN
1	0.10500000000000001	565.8246440908362	19.24646616147336	1559.3627179203813	982.9655761890341	1033.3801137039866	83.5044158939744	1026.7185233859723	NaN
1	0.10500000000000001	566.082726565487	19.2149902199885	1561.9144240005683	982.9357330308817	1033.3474507111214	83.50449021311735	1026.6863155394417	NaN
1	0.10500000000000001	566.3415155130601	19.18356091029349	1564.470709944056	982.9059342092	1033.3147339646414	83.50457230596213	1026.653989350992	NaN
1	0.10500000000000001	566.6010250516637	19.15217679249407	1567.0316973413212	982.8761781638221	1033.2819644557921	83.50463674315077	1026.6215448674077	NaN
1	0.10500000000000001	566.8612714811625	19.120836187137712	1569.5975289293692	982.8464587050944	1033.249142799797	83.50466139119584	1026.5889912607856	NaN
1	0.10500000000000001	567.1222674158315	19.089537882782523	1572.168310711623	982.8167666466039	1033.2162698715074	83.50463046355272	1026.5563457565809	NaN
1	0.10500000000000001	567.384018317383	19.058281539783938	1574.7440780098627	982.7870916081746	1033.1833471672594	83.50453652418153	1026.523631235501	NaN
1	0.10500000000000001	567.6465229523477	19.0270676181067	1577.3248002707574	982.757423603956	1033.1503767130757	83.50438118767586	1026.4908727627499	NaN
1	0.10500000000000001	567.9097771266818	18.995896919493582	1579.910418020316	982.7277542478973	1033.1173606078055	83.50417445177878	1026.4580936492362	NaN
1	0.10500000000000001	568.1737784567907	18.964770019048316	1582.5008897763375	982.6980775911921	1033.084300481948	83.50393280722699	1026.425311849689	NaN
1	0.10500000000000001	568.4385291335516	18.9336869462316	1585.0962190320874	982.6683907357677	1033.0511972438305	83.50367645849467	1026.3925375148522	NaN
1	0.10500000000000001	568.7040356570855	18.902647227346833	1587.696451437923	982.6386942128382	1033.018051223473	83.50342611461697	1026.3597721029157	NaN
1	0.10500000000000001	568.9703057559739	18.87165025408584	1590.3016444712114	982.6089920691492	1032.984862666737	83.50319985288391	1026.3270091071097	NaN
1	0.10500000000000001	569.237344783234	18.840695703273585	1592.9118321763956	982.5792914649811	1032.951632274648	83.50301052199472	1026.2942360074364	NaN
1	0.10500000000000001	569.5051539276827	18.809783736780126	1595.527007834986	982.5496016661789	1032.918361483588	83.5028640535668	1026.2614368859854	NaN
1	0.10500000000000001	569.7737311825542	18.77891487996127	1598.1471336271288	982.5199325284576	1032.8850523638746	83.5027589061469	1026.2285951955253	NaN
1	0.10500000000000001	570.0430746363992	18.748089637823803	1600.7721728612705	982.4902927526969	1032.8517071924496	83.50268668788462	1026.195696274199	NaN
1	0.10500000000000001	570.3131859727209	18.717308097165667	1603.4021240451177	982.460688363432	1032.818327968533	83.50263381713772	1026.1627294095354	NaN
1	0.10500000000000001	570.5840720404337	18.686569757388742	1606.0370359952358	982.4311218137487	1032.7849161460642	83.50258391755428	1026.1296893381386	NaN
1	0.10500000000000001	570.8557437586859	18.655873666391596	1608.676996958788	982.4015918883814	1032.7514726840197	83.50252053863977	1026.096577037871	NaN
1	0.10500000000000001	571.1282128709614	18.625218794708108	1611.322102921288	982.372094354849	1032.7179983617268	83.50242976053268	1026.0633996898196	NaN
1	0.10500000000000001	571.4014885608203	18.59460441575215	1613.972424752301	982.3426230718034	1032.6844941225195	83.5023022794167	1026.0301696778868	NaN
1	0.10500000000000001	571.6755757647504	18.564030287496816	1616.6279919754668	982.3131712223484	1032.6509612315588	83.50213466521244	1025.9969026644812	NaN
1	0.10500000000000001	571.950475906569	18.533496561043687	1619.2888000604848	982.2837324193648	1032.6174011684864	83.50192962160637	1025.9636150224273	NaN
1	0.10500000000000001	572.2261893462744	18.50300350218575	1621.9548342433818	982.254301567454	1032.5838153461136	83.50169524303195	1025.9303211245153	NaN
1	0.10500000000000001	572.5027178838836	18.472551213933368	1624.6260937396964	982.2248754804402	1032.5502048552082	83.50144342874653	1025.897031084426	NaN
1	0.10500000000000001	572.7800657713219	18.442139529332213	1627.3026014274508	982.1954532829026	1032.5165704136646	83.50118774954774	1025.8637494376408	NaN
1	0.10500000000000001	573.0582389469911	18.411768100659234	1629.9843963513554	982.1660365548627	1032.4829125395354	83.50094114168674	1025.830474958762	NaN
1	0.10500000000000001	573.33724294308	18.381436630318767	1632.6715135005861	982.1366291770964	1032.4492318771925	83.50071381502221	1025.7972015639766	NaN
1	0.10500000000000001	573.6170813748896	18.351145032918758	1635.3639693098148	982.1072367542752	1032.4155294326627	83.50051171056751	1025.7639199223227	NaN
1	0.10500000000000001	573.8977559176886	18.320893433122844	1638.0617615421227	982.0778656594015	1032.3818066021822	83.50033574115318	1025.7306193997695	NaN
1	0.10500000000000001	574.1792678915699	18.29068199127204	1640.7648846073246	982.0485218598805	1032.3480649787311	83.50018191152071	1025.6972899782593	NaN
1	0.10500000000000001	574.4616202640054	18.260510688908216	1643.4733487922783	982.0192098253182	1032.3143060833813	83.50004226266388	1025.6639239294748	NaN
1	0.10500000000000001	574.7448190804029	18.230379180584382	1646.1871938931597	981.989931766054	1032.2805311464676	83.49990644515202	1025.6305170432772	NaN
1	0.10500000000000001	575.0288730294018	18.200286846788565	1648.9064849123617	981.9606874278167	1032.246741100818	83.49976362522463	1025.597069345511	NaN
1	0.10500000000000001	575.3137917337365	18.17023297980168	1651.631295593171	981.9314744047105	1032.2129367244474	83.49960438183591	1025.5635851512004	NaN
1	0.10500000000000001	575.5995835784263	18.14021701337939	1654.3616876305118	981.902288844369	1032.1791188449822	83.49942226878264	1025.5300724171063	NaN
1	0.10500000000000001	575.8862545337827	18.110238642754016	1657.0976994938792	981.8731262979271	1032.1452884417515	83.49921478563253	1025.496541410267	NaN
1	0.10500000000000001	576.1738084310448	18.08029779058572	1659.8393491597028	981.8439825333095	1032.1114465991109	83.49898361229616	1025.4630029198247	NaN
1	0.10500000000000001	576.462248277081	18.0503944662294	1662.5866467195972	981.8148542041737	1032.0775943635658	83.49873409601194	1025.4294663829835	NaN
1	0.10500000000000001	576.7515777240723	18.0205286126009	1665.3396083881048	981.7857393249099	1032.043732606804	83.4984741130069	1025.395938333063	NaN
1	0.10500000000000001	577.0418016365152	17.99070004953091	1668.098261852648	981.7566375542425	1032.0098620109845	83.49821253527934	1025.3624215241891	NaN
1	0.10500000000000001	577.3329256032982	17.96090852628503	1670.8626415829135	981.7275502518305	1031.975983182316	83.49795759471145	1025.3289148686113	NaN
1	0.10500000000000001	577.6249547631438	17.93115384251727	1673.6327776632559	981.6984802820753	1031.9420968377176	83.49771544322999	1025.2954141333712	NaN
1	0.10500000000000001	577.9178932928342	17.90143589896462	1676.4086909747587	981.669431500498	1031.9082038983154	83.49748915994815	1025.2619131094307	NaN
1	0.10500000000000001	578.2117446292888	17.87175467281326	1679.1903953528836	981.640408030719	1031.8743054773272	83.49727836694605	1025.2284050207488	NaN
1	0.10500000000000001	578.5065126351378	17.842110098983625	1681.9779086504025	981.6114134475724	1031.840402738099	83.4970794979447	1025.1948838738756	NaN
1	0.10500000000000001	578.8022027236352	17.812501958558286	1684.7712633470146	981.5824500948147	1031.8064967395042	83.49688664247513	1025.1613455855488	NaN
1	0.10500000000000001	579.0988221538895	17.782929852697848	1687.570509264553	981.5535187150289	1031.7725883645408	83.49669278346462	1025.1277887543006	NaN
1	0.10500000000000001	579.3963794016968	17.753393268885404	1690.3757075508845	981.5246184526227	1031.738678349079	83.49649117944065	1025.094214955365	NaN
1	0.10500000000000001	579.694882885834	17.723891709103544	1693.1869186296362	981.495747199122	1031.7047673856212	83.49627662557185	1025.060628510121	NaN
1	0.10500000000000001	579.9943398530492	17.6944247991549	1696.004191713196	981.4669021477097	1031.6708562175525	83.49604636097222	1025.0270357360455	NaN
1	0.10500000000000001	580.2947560634373	17.664992316901333	1698.8275618970108	981.4380804011217	1031.6369456574314	83.49580046541689	1024.9934437937889	NaN
1	0.10500000000000001	580.5961363918394	17.635594130576568	1701.6570558672645	981.4092795074034	1031.6030365204983	83.49554169178461	1024.9598593607072	NaN
1	0.10500000000000001	580.8984857001246	17.606230112408273	1704.492700113627	981.3804978717768	1031.5691295464346	83.49527479155367	1024.9262874499536	NaN
1	0.10500000000000001	581.2018093809786	17.57690008614726	1707.3345260173612	981.3517350101718	1031.5352253721476	83.49500548705602	1024.892730644351	NaN
1	0.10500000000000001	581.5061132028493	17.547603843072412	1710.1825683736492	981.3229916275459	1031.5013245888595	83.49473930719572	1024.859188905793	NaN
1	0.10500000000000001	581.8114028683863	17.518341184958707	1713.0368612491495	981.2942694791118	1031.467427828123	83.49448052091546	1024.8256599314605	NaN
1	0.10500000000000001	582.1176836470854	17.48911195883021	1715.8974345610304	981.2655710267275	1031.4335358290907	83.49423137415663	1024.7921399326924	NaN
1	0.10500000000000001	582.4249605123578	17.459916042952223	1718.7643153831818	981.2368989345158	1031.3996494349674	83.49399176777712	1024.7586246235962	NaN
1	0.10500000000000001	582.7332388543779	17.4307532788203	1721.6375346084844	981.2082555016975	1031.3657695103311	83.493759420771	1024.7251102001537	NaN
1	0.10500000000000001	583.0425251429556	17.40162340963178	1724.5171331033819	981.1796421931692	1031.3318968508138	83.49353046414635	1024.6915941638297	NaN
1	0.10500000000000001	583.3528270033831	17.372526075333727	1727.4031623646667	981.1510593956748	1031.2980321480018	83.49330032556244	1024.6580758737969	NaN
1	0.10500000000000001	583.6641527557143	17.343460857845383	1730.295680186388	981.1225064340668	1031.264176008882	83.49306471096953	1024.6245567228257	NaN
1	0.10500000000000001	583.9765105728304	17.314427360508695	1733.1947428145154	981.0939818279409	1031.2303290184761	83.49282047771318	1024.5910399136617	NaN
1	0.10500000000000001	584.2899079368292	17.285425257942585	1736.100399912872	981.0654836795397	1031.1964917773607	83.49256622396844	1024.5575298477052	NaN
1	0.10500000000000001	584.6043513997125	17.256454316617436	1739.012692376265	981.0370101155161	1031.162664918133	83.49230248549019	1024.5240312812393	NaN
1	0.10500000000000001	584.9198470947756	17.22751434615845	1741.9316570992623	981.0085596513744	1031.1288490549312	83.49203151638606	1024.4905483931527	NaN
1	0.10500000000000001	585.2364011514395	17.198605160696978	1744.8573308241944	980.9801314702273	1031.0950447564785	83.4917567198883	1024.4570840403508	NaN
1	0.10500000000000001	585.5540199271312	17.169726557809554	1747.7897522787318	980.9517255607069	1031.061252547185	83.49148186606354	1024.423639349668	NaN
1	0.10500000000000001	585.8727099042457	17.140878328239623	1750.7289612151933	980.9233427007023	1031.0274729460411	83.49121027330867	1024.3902137285427	NaN
1	0.10500000000000001	586.1924774578608	17.112060276965526	1753.6749962682143	980.8949842821144	1030.9937065147044	83.4909441306968	1024.356805254025	NaN
1	0.10500000000000001	586.5133287900717	17.083272228776476	1756.6278943604839	980.8666520005933	1030.9599538785135	83.49068410050184	1024.3234113130193	NaN
1	0.10500000000000001	586.8352703552661	17.054513989928207	1759.5876946243386	980.8383474565543	1030.9262156842804	83.49042927365828	1024.2900293102164	NaN
1	0.10500000000000001	587.1583092067956	17.025785317784944	1762.5544415767906	980.8100717997322	1030.8924925555775	83.49017747141049	1024.2566573335869	NaN
1	0.10500000000000001	587.4824532203376	16.99708590217825	1765.5281871424338	980.7818254909098	1030.8587850525132	83.48992581003826	1024.2232946300387	NaN
1	0.10500000000000001	587.8077108888046	16.96841538497923	1768.508988736946	980.7536082505087	1030.8250936716881	83.48967139100634	1024.1899418217947	NaN
1	0.10500000000000001	588.1340908100595	16.939773406093515	1771.496904549596	980.7254191909335	1030.7914188779641	83.4894119565713	1024.156600821557	NaN
1	0.10500000000000001	588.4616011875007	16.911159647146686	1774.4919889713424	980.6972570771778	1030.7577611392921	83.48914636535152	1024.1232744602823	NaN
1	0.10500000000000001	588.7902496932375	16.88257384255352	1777.4942913613818	980.6691206303844	1030.7241209323786	83.48887478905682	1024.089965901618	NaN
1	0.10500000000000001	589.1200436137967	16.854015765872514	1780.5038573982624	980.6410088119377	1030.690498729632	83.48859859927917	1024.0566779967203	NaN
1	0.10500000000000001	589.4509901743445	16.8254852011472	1783.5207320496233	980.6129210292735	1030.6568949775815	83.48831998543959	1024.0234127363306	NaN
1	0.10500000000000001	589.7830966699628	16.79698193150977	1786.5449607684682	980.5848572443404	1030.6233101015412	83.48804140541674	1023.990170950766	NaN
1	0.10500000000000001	590.1163704884916	16.76850573731352	1789.5765896978155	980.5568179549787	1030.589744522989	83.48776500456033	1023.9569523041793	NaN
1	0.10500000000000001	590.4508189559481	16.740056409357397	1792.615664264497	980.5288040653917	1030.556198691616	83.48749214046927	1023.9237555764065	NaN
1	0.10500000000000001	590.7864495138009	16.711633733704446	1795.6622307939824	980.5008166426775	1030.5226730770637	83.4872231196789	1023.8905791055591	NaN
1	0.10500000000000001	591.1232698546206	16.683237480398105	1798.7163377382724	980.4728566496568	1030.4891681564704	83.48695719830691	1023.8574213103101	NaN
1	0.10500000000000001	591.4612881949369	16.654867380994123	1801.7780381377568	980.4449247016046	1030.455684380279	83.4866928330802	1023.8242811428051	NaN
1	0.10500000000000001	591.8005133275092	16.62652312509945	1804.8473900713875	980.417020927955	1030.4222221542143	83.4864281100659	1023.791158395259	NaN
1	0.10500000000000001	592.1409543577512	16.598204383245783	1807.9244542490894	980.3891449744226	1030.388781849817	83.48616123853492	1023.7580538023208	NaN
1	0.10500000000000001	592.482620435399	16.56991082957247	1811.0092915749535	980.3612961185592	1030.3553638163862	83.48589098631042	1023.7249689018164	NaN
1	0.10500000000000001	592.8255204129408	16.541642169944623	1814.1019600645043	980.3334734756589	1030.3219684045416	83.48561695305753	1023.6919057133612	NaN
1	0.10500000000000001	593.1696628409475	16.51339814173465	1817.202514814759	980.3056762134753	1030.2885959636237	83.4853396221243	1023.658866292363	NaN
1	0.10500000000000001	593.5150561010619	16.485178502378165	1820.3110092128823	980.2779037373273	1030.2552468333472	83.48506018953148	1023.625852294828	NaN
1	0.10500000000000001	593.8617085414212	16.456983018024236	1823.4274961597894	980.2501558085663	1030.2219213414155	83.4847802244247	1023.5928646705353	NaN
1	0.10500000000000001	594.2096285451829	16.42881145787881	1826.5520286867481	980.222432572696	1030.1886198106556	83.48450125527658	1023.559903558506	NaN
1	0.10500000000000001	594.5588245770965	16.400663590451515	1829.684660372588	980.1947344898504	1030.1553425675675	83.48422439064423	1023.5269683950485	NaN
1	0.10500000000000001	594.9093051843373	16.372539183554366	1832.8254453497336	980.1670621914581	1030.1220899512155	83.48395006959498	1023.4940581968741	NaN
1	0.10500000000000001	595.2610791610302	16.344437991248036	1835.9744397753848	980.1394162875034	1030.088862300535	83.48367799907817	1023.4611719178483	NaN
1	0.10500000000000001	595.6141556688826	16.316359744623494	1839.1317029009297	980.111797189554	1030.0556599396446	83.4834072847734	1023.4283087980701	NaN
1	0.10500000000000001	595.9685443129406	16.288304146388384	1842.2972977331463	980.084204992718	1030.0224831624791	83.48313671103082	1023.3954686119854	NaN
1	0.10500000000000001	596.3242550768823	16.260270876662855	1845.47129043732	980.0566394505146	1029.989332228154	83.48286508848382	1023.362651762943	NaN
1	0.10500000000000001	596.6812979010704	16.232259626603394	1848.653746560426	980.029100062792	1029.9562073898999	83.48259157392071	1023.3298592293177	NaN
1	0.10500000000000001	597.0396826576559	16.204270100194417	1851.844730810943	980.0015861988342	1029.9231088898814	83.48231587817389	1023.2970923268886	NaN
1	0.10500000000000001	597.3994190295477	16.176302023450855	1855.044305984985	979.9740972581235	1029.8900369680916	83.48203831258357	1023.2643524056149	NaN
1	0.10500000000000001	597.760516603125	16.148355136862783	1858.2525337974419	979.9466328023498	1029.856991857006	83.4817596699335	1023.2316405414301	NaN
1	0.10500000000000001	598.1229849627152	16.12042918789838	1861.4694757240281	979.9191926378887	1029.8239737806268	83.48148098135246	1023.1989573235127	NaN
1	0.10500000000000001	598.4868336901169	16.092523930964767	1864.6951929975066	979.8917768340553	1029.7909829642786	83.4812032226552	1023.1663027965083	NaN
1	0.10500000000000001	598.8520724855166	16.064639118112275	1867.9297476794534	979.8643856595511	1029.75801963258	83.48092705387637	1023.1336765461574	NaN
1	0.10500000000000001	599.2187111932253	16.036774497200305	1871.1732028843765	979.8370194726624	1029.7250840129348	83.48065266283604	1023.1010779126152	NaN
1	0.10500000000000001	599.5867599257791	16.008929802686218	1874.425623871529	979.8096785838703	1029.6921763256069	83.48037975074772	1023.068506247162	NaN
1	0.10500000000000001	599.9562291904322	15.98110474648866	1877.6870791506312	979.7823631355831	1029.6592967692038	83.48010765615014	1023.0359611426117	NaN
1	0.10500000000000001	600.3271297468496	15.953299029216572	1880.9576392108388	979.7550730496455	1029.6264455268752	83.47983557440264	1023.0034425940246	NaN
1	0.10500000000000001	600.699472660057	15.925512336569252	1884.237376975985	979.7278080236237	1029.593622753874	83.47956280421127	1022.9709510114711	NaN
1	0.10500000000000001	601.0732689319311	15.897744367084996	1887.5263645496104	979.700567617707	1029.5608286034694	83.47928894892229	1022.9384871412633	NaN
1	0.10500000000000001	601.4485295745385	15.869994826542968	1890.8246738618795	979.6733513480309	1029.5280632167278	83.4790140160294	1022.9060518595463	NaN
1	0.10500000000000001	601.8252654845285	15.842263437128338	1894.1323755663263	979.6461588024786	1029.4953267338856	83.4787383918915	1022.8736459580924	NaN
1	0.10500000000000001	602.2034875413606	15.814549929979185	1897.4495399060734	979.6189897161906	1029.4626192898734	83.47846270589767	1022.8412699534584	NaN
1	0.10500000000000001	602.5832066317369	15.786854043298778	1900.7762369288926	979.5918440052696	1029.429941018709	83.47818763095087	1022.8089239972229	NaN
1	0.10500000000000001	602.9644338012548	15.759175511295636	1904.112537814414	979.564721736267	1029.3972920472645	83.47791368356013	1022.7766078909658	NaN
1	0.10500000000000001	603.3471802309383	15.731514066047813	1907.4585146633328	979.537623062221	1029.3646725024303	83.47764108412852	1022.7443212167858	NaN
1	0.10500000000000001	603.7314573410464	15.703869430179424	1910.8142413992214	979.510548126251	1029.3320825041985	83.47736971629281	1022.712063512718	NaN
1	0.10500000000000001	604.1172768456523	15.676241313257632	1914.1797942352864	979.4834969740896	1029.2995221595809	83.47709919216784	1022.6798344485205	NaN
1	0.10500000000000001	604.5046507825568	15.648629410050669	1917.5552519228759	979.4564694993634	1029.2669915559607	83.4768289971636	1022.6476339442981	NaN
1	0.10500000000000001	604.8935913627565	15.621033411618196	1920.9406944279458	979.4294654470752	1029.2344907684123	83.47655866475766	1022.6154622106624	NaN
1	0.10500000000000001	605.2841109207094	15.593453009004987	1924.3362024913488	979.402484455129	1029.2020198590358	83.47628792448455	1022.5833196837747	NaN
1	0.10500000000000001	605.6762218114235	15.565887900568912	1927.7418567298766	979.3755261300588	1029.1695788828708	83.4760167780449	1022.5512068957227	NaN
1	0.10500000000000001	606.0699363577883	15.53833779560151	1931.1577371786198	979.3485901261391	1029.137167892486	83.47574548348119	1022.5191243197683	NaN
1	0.10500000000000001	606.4652669019694	15.510802410614131	1934.5839237378834	979.3216761996578	1029.1047869367221	83.4754744579179	1022.4870722385426	NaN
1	0.10500000000000001	606.8622258578588	15.483281465647986	1938.0204966267877	979.2947842278751	1029.0724360610945	83.47520413523515	1022.4550506831629	NaN
1	0.10500000000000001	607.2608257646032	15.455774680606535	1941.4675368438154	979.2679141874239	1029.0401153082316	83.47493482777612	1022.4230594575063	NaN
1	0.10500000000000001	607.6610793944717	15.428281767961941	1944.9251270940042	979.2410660969497	1029.0078247125177	83.47466663725272	1022.3910982289306	NaN
1	0.10500000000000001	608.0629997293217	15.400802434626991	1948.3933515770575	979.2142399550809	1028.9755643030253	83.47439944149984	1022.3591666632115	NaN
1	0.10500000000000001	608.4666000976032	15.373336372879479	1951.872297159813	979.1874356762404	1028.9433340910318	83.47413295671761	1022.3272645339777	NaN
1	0.10500000000000001	608.8718939907831	15.345883273210179	1955.3620517818904	979.1606530744986	1028.911134081514	83.4738668499503	1022.2953918052666	NaN
1	0.10500000000000001	609.2788951736268	15.318442817056834	1958.8627053973064	979.1338918625424	1028.878964260615	83.47360086022421	1022.2635486186406	NaN
1	0.10500000000000001	609.6876174706092	15.29101469143049	1962.3743481283802	979.1071517025555	1028.8468246097955	83.4733348867731	1022.2317352396212	NaN
1	0.10500000000000001	610.0980747934526	15.263598587071531	1965.897070499696	979.0804322570868	1028.8147151026546	83.47306901566634	1022.1999519473018	NaN
1	0.10500000000000001	610.5102810595799	15.23619420389241	1969.430962735833	979.0537332438014	1028.7826357125393	83.47280347962098	1022.1681989346786	NaN
1	0.10500000000000001	610.9242503290739	15.208801241841018	1972.976115934135	979.0270544556902	1028.7505864047746	83.47253856903998	1022.1364762313427	NaN
1	0.10500000000000001	611.3399967233586	15.181419406358248	1976.5326213639942	979.0003957661729	1028.7185671465622	83.47227452897435	1022.1047837034668	NaN
1	0.10500000000000001	611.757534619826	15.154048395633673	1980.1005721278182	978.9737570890687	1028.6865778948957	83.47201147927584	1022.0731210915795	NaN
1	0.10500000000000001	612.1768786275358	15.126687902467927	1983.6800629436884	978.9471383370388	1028.6546185999382	83.47174938538942	1022.041488101588	NaN
1	0.10500000000000001	612.5980436464106	15.099337610677212	1987.2711906409838	978.9205393756579	1028.6226892000827	83.47148808696171	1022.0098844913873	NaN
1	0.10500000000000001	613.0210448151637	15.071997198779192	1990.8740537053593	978.8939600009339	1028.590789624001	83.47122737025629	1021.9783101345955	NaN
1	0.10500000000000001	613.4458975428462	15.044666338216006	1994.488752537372	978.8673999364262	1028.5589197857462	83.47096705484172	1021.9467650268447	NaN
1	0.10500000000000001	613.8726173139953	15.017344706095658	1998.1153877859538	978.8408588682191	1028.5270795973315	83.47070706168252	1021.915249257918	NaN
1	0.10500000000000001	614.3012197745569	14.990031979728995	2001.7540610748742	978.8143364759768	1028.4952689614508	83.47044743812552	1021.8837629311797	NaN
1	0.10500000000000001	614.7317206478793	14.962727842073596	2005.4048742841483	978.7878324737843	1028.463487778583	83.47018833341268	1021.8523060939762	NaN
1	0.10500000000000001	615.1641358214076	14.935431976273941	2009.067930281528	978.7613466261358	1028.4317359426745	83.46992993706944	1021.8208786828111	NaN
1	0.10500000000000001	615.5984813197291	14.908144067477378	2012.743332688334	978.7348787495115	1028.400013345745	83.4696724063598	1021.7894805210866	NaN
1	0.10500000000000001	616.0347733930905	14.880863797394845	2016.431186622608	978.7084286869286	1028.3683198735225	83.46941581143709	1021.7581113514632	NaN
1	0.10500000000000001	616.4730285787425	14.853590840703273	2020.1315992082607	978.6819962734968	1028.3366554020074	83.46916011845644	1021.7267708954553	NaN
1	0.10500000000000001	616.9132637050798	14.82632486508831	2023.8446795986486	978.6555813076064	1028.3050197968564	83.46890521476553	1021.6954589156362	NaN
1	0.10500000000000001	617.3554958664334	14.799065533096556	2027.570538752672	978.6291835372799	1028.2734129138398	83.46865096336654	1021.6641752538352	NaN
1	0.10500000000000001	617.7997423677115	14.771812505787008	2031.309288958417	978.6028026669528	1028.2418346011295	83.46839726292205	1021.6329198326758	NaN
1	0.10500000000000001	618.2460206677476	14.744565446362634	2035.061043348787	978.5764383803648	1028.2102847021345	83.46814408874255	1021.6016926220727	NaN
1	0.10500000000000001	618.694348440636	14.717324016549673	2038.8259164104093	978.5500903636027	1028.178763051052	83.46789149932783	1021.5704935801188	NaN
1	0.10500000000000001	619.1447435186011	14.690087880228633	2042.6040234960271	978.5237583309672	1028.1472694780048	83.46763960824725	1021.5393226087352	NaN
1	0.10500000000000001	619.59722383352	14.662856707043618	2046.3954803289314	978.497442037669	1028.115803814866	83.46738853531261	1021.5081795353755	NaN
1	0.10500000000000001	620.051807629272	14.635630159725421	2050.2004047764717	978.4711412607114	1028.0843658822866	83.46713835870452	1021.4770641097806	NaN
1	0.10500000000000001	620.5085134055536	14.608407897746352	2054.0189163681275	978.4448557835067	1028.0529554949499	83.46688908837771	1021.4459760460716	NaN
1	0.10500000000000001	620.9673599824695	14.581189573727135	2057.8511368249156	978.4185853703059	1028.0215724574282	83.46664067036129	1021.4149150652754	NaN
1	0.10500000000000001	621.4283664745996	14.553974835282895	2061.697189830411	978.3923297524001	1027.990216565398	83.46639301805466	1021.3838809322403	NaN
1	0.10500000000000001	621.8915522027834	14.526763330472523	2065.557200284299	978.3660886305951	1027.9588876105634	83.4661460550947	1021.3528734706521	NaN
1	0.10500000000000001	622.3569367895824	14.49955470238315	2069.4312950887834	978.3398616803255	1027.9275853732806	83.46589975019222	1021.3218925376883	NaN
1	0.10500000000000001	622.8245400703056	14.472348594580204	2073.3196023968576	978.3136485749072	1027.896309628434	83.46565412935989	1021.2909379935364	NaN
1	0.10500000000000001	623.2943820644023	14.445144652916973	2077.2222513666034	978.2874490044111	1027.8650601479906	83.46540926161954	1021.2600096667769	NaN
1	0.10500000000000001	623.7664830403861	14.417942521917116	2081.1393726928027	978.2612626808515	1027.833836697961	83.46516522647741	1021.2291073300612	NaN
1	0.10500000000000001	624.2408635191704	14.390741844786037	2085.07109862502	978.2350893351202	1027.8026390396456	83.46492207923058	1021.1982307043536	NaN
1	0.10500000000000001	624.7175443409005	14.363542259809812	2089.017563511073	978.2089287009553	1027.7714669263135	83.46467983000997	1021.1673794798365	NaN
1	0.10500000000000001	625.1965466058803	14.336343403994096	2092.9789032962863	978.182780502866	1027.7403201074483	83.46443844527194	1021.1365533528259	NaN
1	0.10500000000000001	625.6778918062223	14.309144905851104	2096.9552566006314	978.15664443807	1027.7091983198718	83.46419786926364	1021.105752042423	NaN
1	0.10500000000000001	626.1616017031755	14.281946392667829	2100.9467636911336	978.1305201816965	1027.6781012951458	83.46395805413302	1021.0749753046251	NaN
1	0.10500000000000001	626.6476983954909	14.254747486905252	2104.9535670346695	978.1044073910446	1027.6470287546972	83.46371898363608	1021.0442229138167	NaN
1	0.10500000000000001	627.1362041618668	14.227547815256049	2108.9758099878336	978.0783057271278	1027.6159804199706	83.46348067980496	1021.0134946467022	NaN
1	0.10500000000000001	627.6271416261762	14.20034699960024	2113.01363814874	978.0522148574149	1027.5849560025304	83.46324319041969	1020.9827902474661	NaN
1	0.10500000000000001	628.1205336312551	14.173144664257112	2117.0671983068955	978.026134467363	1027.5539552131893	83.46300656506433	1020.9521094249071	NaN
1	0.10500000000000001	628.6164033735131	14.145940428753256	2121.1366395393825	978.0000642494907	1027.522977754602	83.46277083213594	1020.9214518511905	NaN
1	0.10500000000000001	629.1147744414021	14.118733906041752	2125.2221135121563	977.9740038917619	1027.4920233197022	83.46253598824165	1020.8908171799933	NaN
1	0.10500000000000001	629.6156707214591	14.091524707955262	2129.3237736955266	977.9479530723855	1027.461091597813	83.46230200433791	1020.8602050749816	NaN
1	0.10500000000000001	630.1191164359558	14.064312443407815	2133.4417756606	977.9219114524554	1027.4301822720647	83.4620688441413	1020.8296152209078	NaN
1	0.10500000000000001	630.6251362488432	14.037096712990621	2137.5762779313145	977.8958786724487	1027.3992950126406	83.46183648451316	1020.799047315541	NaN
1	0.10500000000000001	631.1337550358112	14.009877121665365	2141.727440090844	977.8698543719279	1027.368429490836	83.46160492736385	1020.7685010690365	NaN
1	0.10500000000000001	631.6449980567454	13.982653269711552	2145.8954241792035	977.8438381899592	1027.3375853688863	83.46137419729746	1020.7379761747305	NaN
1	0.10500000000000001	632.1588908931604	13.955424756367682	2150.0803941687127	977.8178297743442	1027.306762304612	83.46114432759033	1020.7074723003852	NaN
1	0.10500000000000001	632.6754594871206	13.92819117803165	2154.2825162680642	977.7918287795542	1027.2759599500293	83.46091534270708	1020.6769890858346	NaN
1	0.10500000000000001	633.1947301811376	13.900952126467699	2158.5019592323383	977.7658348592634	1027.2451779497871	83.46068724698411	1020.6465261523763	NaN
1	0.10500000000000001	633.7167296895711	13.87370719063856	2162.7388941152567	977.7398476604742	1027.2144159433167	83.46046002510589	1020.6160831209127	NaN
1	0.10500000000000001	634.2414851740309	13.846455953101154	2166.993494865753	977.7138668148975	1027.1836735604786	83.46023365310543	1020.5856596196161	NaN
1	0.10500000000000001	634.7690241451246	13.819197995467235	2171.265937514822	977.6878919440801	1027.1529504273058	83.46000811309746	1020.5552552913002	NaN
1	0.10500000000000001	635.2993745380792	13.79193289479019	2175.5564007734524	977.6619226606217	1027.1222461616421	83.45978340315902	1020.5248697804125	NaN
1	0.10500000000000001	635.8325646483399	13.764660227210374	2179.8650654956155	977.6359585780723	1027.091560377295	83.45955953734133	1020.4945027237823	NaN
1	0.10500000000000001	636.3686231724556	13.737379566151517	2184.192114994147	977.6099993136345	1027.0608926823536	83.45933653653452	1020.4641537388627	NaN
1	0.10500000000000001	636.9075792500182	13.710090480523213	2188.537735363034	977.5840444865319	1027.0302426776439	83.45911441619145	1020.4338224208641	NaN
1	0.10500000000000001	637.4494624706088	13.682792534742028	2192.902115515841	977.5580937140948	1026.9996099571072	83.4588931782554	1020.4035083505898	NaN
1	0.10500000000000001	637.9943027720323	13.655485294193285	2197.2854463497197	977.5321466116425	1026.9689941139927	83.45867281166875	1020.3732111117444	NaN
1	0.10500000000000001	638.5421307004937	13.628168312530837	2201.687922821898	977.5062027769819	1026.938394726423	83.45845330028142	1020.3429302846616	NaN
1	0.10500000000000001	639.0929771643606	13.60084114442962	2206.109741949344	977.4802618028684	1026.9078113714236	83.45823463311599	1020.3126654605464	NaN
1	0.10500000000000001	639.6468735498754	13.57350334013903	2210.551103722228	977.4543232754279	1026.8772436186634	83.45801681036174	1020.2824162284228	NaN
1	0.10500000000000001	640.2038516545749	13.546154449136637	2215.012210551959	977.4283867820352	1026.846691034637	83.45779984201573	1020.2521821699692	NaN
1	0.10500000000000001	640.763943842578	13.518794012865934	2219.4932684969053	977.4024519068987	1026.8161531748483	83.45758374050196	1020.2219628459451	NaN
1	0.10500000000000001	641.3271829416066	13.491421570223013	2223.99448641706	977.3765182354526	1026.785629590291	83.45736851250325	1020.1917578035319	NaN
1	0.10500000000000001	641.893602250185	13.464036657569439	2228.51607601332	977.3505853510778	1026.7551198276624	83.45715415506584	1020.1615665830703	NaN
1	0.10500000000000001	642.4632356587912	13.436638803284803	2233.0582527745337	977.3246528264883	1026.7246234232887	83.45694065805525	1020.1313887195628	NaN
1	0.10500000000000001	643.0361175073014	13.409227535080934	2237.621234818862	977.2987202292652	1026.6941399111172	83.45672801095104	1020.1012237542122	NaN
1	0.10500000000000001	643.6122826301372	13.381802378186906	2242.205243235258	977.2727871215349	1026.6636688205344	83.45651620909459	1020.0710712300134	NaN
1	0.10500000000000001	644.1917665184358	13.354362848070263	2246.810503352031	977.2468530561346	1026.633209668277	83.45630525539094	1020.0409306776143	NaN
1	0.10500000000000001	644.774605176264	13.326908457767788	2251.4372435693854	977.2209175861074	1026.6027619667605	83.45609515687137	1020.0108016179182	NaN
1	0.10500000000000001	645.3608350896941	13.29943871972283	2256.0856950941006	977.1949802668621	1026.5723252263665	83.45588591876	1019.9806835629063	NaN
1	0.10500000000000001	645.9504933912839	13.271953138487637	2260.7560932227602	977.1690406475045	1026.5418989475597	83.45567754023634	1019.9505760111747	NaN
1	0.10500000000000001	646.5436177527392	13.244451216232866	2265.4486764669373	977.1430982734834	1026.5114826270599	83.45547001473423	1019.9204784594581	NaN
1	0.10500000000000001	647.1402465127758	13.216932447274212	2270.1636875417908	977.1171526799267	1026.481075751718	83.4552633340124	1019.8903904001593	NaN
1	0.10500000000000001	647.7404186487616	13.18939631992909	2274.901373115372	977.0912033939156	1026.4506778004832	83.45505749292904	1019.8603113227434	NaN
1	0.10500000000000001	648.3441736669603	13.1618423220308	2279.661982917967	977.0652499416793	1026.4202882504794	83.45485249150217	1019.8302407158309	NaN
1	0.10500000000000001	648.9515516916936	13.134269937271469	2284.445770423146	977.0392918470853	1026.3899065730777	83.45464833299002	1019.8001780591159	NaN
1	0.10500000000000001	649.562593557104	13.106678641551792	2289.2529935445355	977.013328628725	1026.3595322300746	83.45444501978844	1019.7701228181419	NaN
1	0.10500000000000001	650.1773408196806	13.079067903006447	2294.083914705453	976.9873597988212	1026.329164673907	83.45424255033025	1019.7400744466004	NaN
1	0.10500000000000001	650.7958355649979	13.05143719120949	2298.938799293478	976.9613848701131	1026.2988033578442	83.45404091919708	1019.7100324001709	NaN
1	0.10500000000000001	651.4181206645009	13.023785966151877	2303.8179176519848	976.9354033444573	1026.268447723832	83.45384011989479	1019.679996126978	NaN
1	0.10500000000000001	652.0442396229034	12.996113685626066	2308.721543853605	976.9094147201978	1026.2380972105639	83.45364014816813	1019.6499650750644	NaN
1	0.10500000000000001	652.6742367985443	12.968419796035297	2313.6499573977717	976.8834184849692	1026.2077512434196	83.45344100310248	1019.6199386796054	NaN
1	0.10500000000000001	653.3081571658205	12.940703743477188	2318.6034413203674	976.8574141273762	1026.1774092467379	83.45324268559601	1019.5899163722947	NaN
1	0.10500000000000001	653.9460464526038	12.912964968220665	2323.582283241184	976.8314011319605	1026.1470706379105	83.4530451954552	1019.5598975749386	NaN
1	0.10500000000000001	654.5879511963105	12.885202902879925	2328.5867757702736	976.8053789765456	1026.1167348255162	83.45284852962473	1019.5298816994558	NaN
1	0.10500000000000001	655.2339187585602	12.857416972436884	2333.617216589029	976.7793471310906	1026.0864012094032	83.45265268281302	1019.4998681505176	NaN
1	0.10500000000000001	655.8839972101723	12.829606599808631	2338.673907522476	976.7533050624842	1026.056069186755	83.45245764979718	1019.469856332711	NaN
1	0.10500000000000001	656.5382354303407	12.801771202158726	2343.7571552808454	976.7272522316962	1026.0257381480528	83.45226342731527	1019.439845645507	NaN
1	0.10500000000000001	657.1966832088625	12.773910187211817	2348.867272219559	976.7011880913896	1025.9954074731231	83.45207001408029	1019.4098354771958	NaN
1	0.10500000000000001	657.8593911306585	12.74602295883937	2354.0045754070866	976.6751120917567	1025.9650765373456	83.45187740914709	1019.3798252096448	NaN
1	0.10500000000000001	658.5264106786606	12.718108913363452	2359.169387388846	976.6490236767762	1025.9347447077514	83.45168561007853	1019.3498142149025	NaN
1	0.10500000000000001	659.197794205644	12.690167441434863	2364.3620359326183	976.6229222851498	1025.9044113451478	83.45149461255588	1019.3198018590252	NaN
1	0.10500000000000001	659.8735950401021	12.662197924332098	2369.5828548103896	976.5968073462668	1025.874075800128	83.45130441155466	1019.2897874995074	NaN
1	0.10500000000000001	660.5538673233493	12.63419974142945	2374.832182501775	976.5706782873361	1025.843737421183	83.45111500299132	1019.2597704931903	NaN
1	0.10500000000000001	661.238666206217	12.606172262756207	2380.1103636761336	976.5445345271359	1025.8133955466715	83.45092638423088	1019.2297501869642	NaN
1	0.10500000000000001	661.9280478683245	12.578114849019032	2385.4177492990366	976.5183754766241	1025.7830495049452	83.45073855323012	1019.1997259166391	NaN
1	0.10500000000000001	662.6220693989736	12.5500268572261	2390.7546956742362	976.4922005441691	1025.7526986205467	83.45055150722553	1019.169697013026	NaN
1	0.10500000000000001	663.3207889533024	12.52190763509341	2396.1215656050313	976.4660091298184	1025.7223422082411	83.45036524213052	1019.1396627971021	NaN
1	0.10500000000000001	664.024265725937	12.493756522937705	2401.5187281479484	976.4398006266008	1025.6919795751112	83.45017975319769	1019.1096225831687	NaN
1	0.10500000000000001	664.7325599707357	12.46557285369555	2406.946558720818	976.4135744205784	1025.6616100206038	83.44999503615222	1019.0795756789951	NaN
1	0.10500000000000001	665.4457330209792	12.437355952942186	2412.4054392131984	976.3873298913302	1025.631232836598	83.4498110876919	1019.0495213850108	NaN
1	0.10500000000000001	666.1638473100192	12.409105138910357	2417.8957580992133	976.3610664124016	1025.6008473075033	83.44962790495576	1019.0194589935039	NaN
1	0.10500000000000001	666.8869664888433	12.380819718747121	2423.417911288965	976.3347833478382	1025.5704527063338	83.44944548456981	1018.9893877846696	NaN
1	0.10500000000000001	667.6151552075712	12.3524989979517	2428.9723004117227	976.3084800606098	1025.5400483049302	83.44926382232615	1018.959307037463	NaN
1	0.10500000000000001	668.3484794269244	12.32414226907572	2434.5593351461544	976.2821559018092	1025.5096333618633	83.44908291359103	1018.9292160183572	NaN
1	0.10500000000000001	669.087006297209	12.295748817409816	2440.179432244654	976.2558102160057	1025.4792071285874	83.44890275411197	1018.8991139874236	NaN
1	0.10500000000000001	669.8308042807132	12.267317917220426	2445.8330164132053	976.2294423380993	1025.4487688454637	83.44872334024204	1018.8690001937497	NaN
1	0.10500000000000001	670.5799430283706	12.238848837450048	2451.520519320136	976.2030515988773	1025.418317747947	83.44854466851756	1018.8388738810116	NaN
1	0.10500000000000001	671.334493603957	12.210340834150625	2457.242381245289	976.176637317946	1025.3878530585728	83.44836673500537	1018.8087342796479	NaN
1	0.10500000000000001	672.0945283612471	12.181793156199852	2462.9990500901567	976.1501988087806	1025.3573739931464	83.44818953523541	1018.7785806135515	NaN
1	0.10500000000000001	672.8601210206074	12.153205043418025	2468.790981902444	976.1237353768456	1025.3268797587782	83.44801306464237	1018.7484120985041	NaN
1	0.10500000000000001	673.6313466966199	12.124575726586905	2474.6186410266732	976.0972463197528	1025.2963695539524	83.44783731902096	1018.7182279420518	NaN
1	0.10500000000000001	674.4082820300397	12.095904423654076	2480.4825010402487	976.0707309240063	1025.2658425645532	83.44766229447274	1018.6880273390901	NaN
1	0.10500000000000001	675.1910050109709	12.06719034739194	2486.383043356016	976.044188472196	1025.235297972103	83.44748798703289	1018.6578094798076	NaN
1	0.10500000000000001	675.9795952685403	12.038432695851583	2492.320759344686	976.0176182340551	1025.2047349436773	83.44731439232137	1018.6275735399693	NaN
1	0.10500000000000001	676.7741338409832	12.00963066196093	2498.2961485363558	975.991019475186	1025.1741526421772	83.44714150574956	1018.597318691459	NaN
1	0.10500000000000001	677.5747035241651	11.98078342202973	2504.309721176722	975.9643914464606	1025.1435502141699	83.44696932281808	1018.5670440903029	NaN
1	0.10500000000000001	678.3813886408952	11.951890145377183	2510.361996421462	975.93773339309	1025.11292680018	83.44679783931467	1018.5367488865562	NaN
1	0.10500000000000001	679.1942752348465	11.922949988575462	2516.453503722904	975.9110445494466	1025.0822815286574	83.44662705105758	1018.5064322180812	NaN
1	0.10500000000000001	680.0134511075344	11.893962095466883	2522.584783032221	975.8843241390588	1025.051613516077	83.4464569536279	1018.4760932107358	NaN
1	0.10500000000000001	680.8390056909428	11.864925602977085	2528.756383771613	975.8575713798675	1025.0209218731607	83.44628754242042	1018.4457309847978	NaN
1	0.10500000000000001	681.6710303588907	11.835839631459171	2534.9688670872374	975.8307854753155	1024.9902056947242	83.44611881282793	1018.4153446450281	NaN
1	0.10500000000000001	682.5096183024167	11.806703290524009	2541.222804835752	975.8039656198374	1024.959464065913	83.44595076042346	1018.3849332866749	NaN
1	0.10500000000000001	683.3548645688875	11.777515679058865	2547.5187797962526	975.7771109989942	1024.9286960622903	83.44578338084479	1018.3544959953655	NaN
1	0.10500000000000001	684.206866158978	11.748275883300439	2553.857386310272	975.7502207877052	1024.89790074788	83.44561666959144	1018.3240318451918	NaN
1	0.10500000000000001	685.0657221269754	11.718982974902495	2560.239230941061	975.7232941484149	1024.8670771732066	83.44545062200027	1018.2935398969573	NaN
1	0.10500000000000001	685.9315336267334	11.689636010950638	2566.6649327241817	975.6963302311059	1024.8362243753863	83.44528523340921	1018.2630191983526	NaN
1	0.10500000000000001	686.8044038422912	11.66023403789087	2573.1351225610265	975.6693281769992	1024.805341382327	83.44512049928439	1018.2324687879992	NaN
1	0.10500000000000001	687.6844382087475	11.63077608566757	2579.650444763535	975.6422871132589	1024.774427206643	83.44495641510701	1018.2018876892962	NaN
1	0.10500000000000001	688.5717442861135	11.601261173629325	2586.211556022272	975.6152061584271	1024.7434808519356	83.44479297627645	1018.1712749166624	NaN
1	0.10500000000000001	689.4664319258696	11.571688306613074	2592.8191265415794	975.5880844187969	1024.712501308753	83.44463017809855	1018.1406294716659	NaN
1	0.10500000000000001	690.3686133835296	11.542056472986921	2599.4738407674345	975.5609209866386	1024.681487552612	83.44446801589378	1018.109950341109	NaN
1	0.10500000000000001	691.2784033136522	11.512364646638868	2606.176397243461	975.5337149421052	1024.650438546163	83.44430648505872	1018.0792364990724	NaN
1	0.10500000000000001	692.1959189476386	11.482611783030999	2612.927509811091	975.5064653496804	1024.6193532351447	83.44414558096618	1018.0484869028454	NaN
1	0.10500000000000001	693.1212800310701	11.452796823177794	2619.7279070337368	975.4791712618326	1024.5882305526288	83.44398529891944	1018.0177004971748	NaN
1	0.10500000000000001	694.0546088820989	11.42291869366257	2626.578332512078	975.4518317190249	1024.557069419109	83.44382563419448	1017.986876214433	NaN
1	0.10500000000000001	694.9960304514407	11.392976306654672	2633.4795452076182	975.4244457497713	1024.5258687425894	83.44366658211719	1017.9560129746911	NaN
1	0.10500000000000001	695.9456727012264	11.362968549936587	2640.4323220957313	975.3970123615849	1024.4946274082752	83.44350813800463	1017.9251096754535	NaN
1	0.10500000000000001	696.9036662955456	11.3328942989145	2647.437455767587	975.3695305520041	1024.4633442911795	83.44335029716986	1017.8941652041157	NaN
1	0.10500000000000001	697.8701448572615	11.302752410620378	2654.49575618173	975.3419993031151	1024.432018249953	83.44319305487888	1017.8631784319139	NaN
1	0.10500000000000001	698.8452450397785	11.272541723721623	2661.6080510523007	975.3144175815872	1024.400648126978	83.44303640640133	1017.8321482140473	NaN
1	0.10500000000000001	699.8291066666176	11.242261056514376	2668.7751867265574	975.2867843368988	1024.3692327463732	83.44288034702853	1017.8010733876649	NaN
1	0.10500000000000001	700.8218726770808	11.21190921097151	2675.9980276444066	975.2590985050833	1024.337770918281	83.4427248720645	1017.7699527760785	NaN
1	0.10500000000000001	701.8236894028942	11.181484966680324	2683.277458203948	975.2313590032235	1024.3062614326686	83.44256997676833	1017.7387851826522	NaN
1	0.10500000000000001	702.8347066535812	11.150987080842295	2690.614383224098	975.203564729481	1024.2747030594269	83.44241565638038	1017.7075693909344	NaN
1	0.10500000000000001	703.8550775997826	11.120414294382647	2698.0097269384964	975.1757145687133	1024.2430945547849	83.4422619061843	1017.676304170986	NaN
1	0.10500000000000001	704.8849590626733	11.089765325845411	2705.4644349330347	975.147807386961	1024.2114346550757	83.44210872146387	1017.6449882731896	NaN
1	0.10500000000000001	705.9245116765499	11.05903886934765	2712.979475150462	975.1198420296236	1024.1797220747274	83.44195609747224	1017.6136204262699	NaN
1	0.10500000000000001	706.9738998470674	11.028233598678813	2720.555837410946	975.0918173252242	1024.1479555105925	83.44180402946745	1017.582199341602	NaN
1	0.10500000000000001	708.0332919890901	10.997348163194964	2728.1945349491984	975.063732081721	1024.1161336378077	83.44165251271359	1017.5507237091068	NaN
1	0.10500000000000001	709.1028605597328	10.966381189878014	2735.896604463777	975.0355850884333	1024.0842551120163	83.44150154248634	1017.5191921994343	NaN
1	0.10500000000000001	710.1827822355762	10.935331281271287	2743.663107200048	975.0073751142043	1024.0523185673405	83.44135111405268	1017.4876034619633	NaN
1	0.10500000000000001	711.2732381695669	10.904197011327668	2751.4951305944473	974.979100903672	1024.0203226122194	83.44120122265943	1017.4559561206989	NaN
1	0.10500000000000001	712.3744138903637	10.872976931633033	2759.3937873404698	974.9507611829742	1023.9882658359151	83.44105186358018	1017.4242487807037	NaN
1	0.10500000000000001	713.4864996407847	10.841669565155154	2767.360217603009	974.9223546541235	1023.9561468021947	83.44090303208121	1017.3924800218381	NaN
1	0.10500000000000001	714.6096903554011	10.81027341041206	2775.395588632847	974.893879998837	1023.9239640537188	83.44075472343742	1017.3606484031087	NaN
1	0.10500000000000001	715.7441859381911	10.77878693727747	2783.50109652394	974.865335874777	1023.8917161078459	83.44060693292364	1017.328752458525	NaN
1	0.10500000000000001	716.8901914752555	10.747208584861362	2791.6779674909676	974.836720913687	1023.859401454581	83.44045965581205	1017.2967906950622	NaN
1	0.10500000000000001	718.0479173784252	10.715536761486744	2799.927458641676	974.8080337214269	1023.8270185566751	83.44031288736943	1017.2647615927644	NaN
1	0.10500000000000001	719.2175792987946	10.683769851020921	2808.250857103824	974.7792728837591	1023.7945658562148	83.44016662289296	1017.2326636112615	NaN
1	0.10500000000000001	720.3993988236828	10.651906198015919	2816.6494847197196	974.7504369529472	1023.7620417595557	83.44002085764622	1017.2004951748692	NaN
1	0.10500000000000001	721.5936031684655	10.619944120432697	2825.124695571075	974.721524459337	1023.7294446504511	83.43987558692217	1017.1682546855752	NaN
1	0.10500000000000001	722.8004257372465	10.587881898956761	2833.6778796739136	974.6925339017449	1023.6967728792724	83.43973080599895	1017.1359405123766	NaN
1	0.10500000000000001	724.0201062204961	10.55571777909348	2842.3104633649023	974.6634637494184	1023.6640247652886	83.4395865101527	1017.1035509935346	NaN
1	0.10500000000000001	725.2528906944307	10.523449973283293	2851.0239096928967	974.6343124440093	1023.6311985989535	83.43944269467165	1017.071084438841	NaN
1	0.10500000000000001	726.4990319723815	10.491076656561088	2859.8197205807155	974.6050783957144	1023.5982926376229	83.43929935484434	1017.0385391253822	NaN
1	0.10500000000000001	727.7587897186023	10.458595968677699	2868.6994372916	974.575759985258	1023.5653051078533	83.43915648597107	1017.0059132998081	NaN
1	0.10500000000000001	729.0324309906844	10.426006005374804	2877.664643902311	974.5463555560816	1023.5322341966852	83.43901408332923	1016.9732051697192	NaN
1	0.10500000000000001	730.3202301181498	10.393304827030244	2886.7169660798295	974.5168634222186	1023.4990780605762	83.43887214221958	1016.9404129124994	NaN
1	0.10500000000000001	731.6224692672699	10.360490449877451	2895.858074676912	974.4872818604443	1023.4658348166416	83.43873065793245	1016.907534666653	NaN
1	0.10500000000000001	732.939438680476	10.32756084592877	2905.089687013126	974.4576091102837	1023.4325025427463	83.43858962575126	1016.8745685318969	NaN
1	0.10500000000000001	734.2714367459812	10.294513947310646	2914.413566951982	974.4278433779943	1023.399079282055	83.43844904097716	1016.8415125736627	NaN
1	0.10500000000000001	735.6187706978707	10.26134763515594	2923.831529375652	974.3979828266375	1023.3655630319612	83.43830889888879	1016.8083648121478	NaN
1	0.10500000000000001	736.9817565297001	10.228059748374712	2933.345439129922	974.3680255840615	1023.3319517531334	83.43816919478344	1016.7751232312627	NaN
1	0.10500000000000001	738.3607196361123	10.194648074685036	2942.95721504261	974.3379697349072	1023.298243360627	83.43802992394669	1016.7417857698435	NaN
1	0.10500000000000001	739.7559949254266	10.161110354979998	2952.6688302215657	974.3078133246267	1023.2644357284782	83.43789108167599	1016.7083503261917	NaN
1	0.10500000000000001	741.167927594651	10.127444272018291	2962.4823169438905	974.2775543493996	1023.2305266784907	83.4377526632385	1016.6748147469925	NaN
1	0.10500000000000001	742.596873082518	10.093647459294083	2972.3997657949735	974.2471907642059	1023.1965139893784	83.43761466392006	1016.6411768363529	NaN
1	0.10500000000000001	744.0431974968154	10.059717498689734	2982.4233280917465	974.216720480805	1023.1623953945889	83.4374770790145	1016.6074343536494	NaN
1	0.10500000000000001	745.5072786491838	10.025651904460918	2992.5552224776443	974.1861413534494	1023.1281685664095	83.43733990376941	1016.5735849978159	NaN
1	0.10500000000000001	746.9895057548401	9.991448139004884	3002.797732232392	974.1554511931549	1023.0938311320466	83.43720313346073	1016.5396264232429	NaN
1	0.10500000000000001	748.4902804125529	9.957103599015934	3013.153211423428	974.1246477553756	1023.0593806599347	83.43706676333656	1016.5055562262371	NaN
1	0.10500000000000001	750.0100167203727	9.922615622201487	3023.624085043387	974.0937287461373	1023.0248146667101	83.43693078865736	1016.4713719519266	NaN
1	0.10500000000000001	751.5491422145383	9.887981475586576	3034.2128547951247	974.0626918116656	1022.9901306057214	83.4367952046578	1016.4370710828925	NaN
1	0.10500000000000001	753.1080979175586	9.85319836458181	3044.922098699537	974.0315345466303	1022.9553258763633	83.43666000658698	1016.4026510484039	NaN
1	0.10500000000000001	754.6873392256118	9.818263423511917	3055.7544764481645	974.0002544857754	1022.9203978148385	83.43652518968061	1016.3681092152831	NaN
1	0.10500000000000001	756.2873366280676	9.7831737107126	3066.712733546819	973.9688490996564	1022.8853436895242	83.4363907491549	1016.3334428833281	NaN
1	0.10500000000000001	757.9085759183288	9.747926215342774	3077.7997019328864	973.9373158008715	1022.8501607080547	83.43625668023628	1016.2986492923092	NaN
1	0.10500000000000001	759.5515591770995	9.712517847742175	3089.0183058436783	973.9056519355574	1022.8148460079614	83.43612297813563	1016.2637256127267	NaN
1	0.10500000000000001	761.2168052495012	9.676945441546703	3100.371564168811	973.8738547854241	1022.7793966590748	83.43598963806784	1016.2286689481779	NaN
1	0.10500000000000001	762.9048509195648	9.641205741515217	3111.862597509365	973.8419215570142	1022.7438096516917	83.43585665521296	1016.1934763236628	NaN
1	0.10500000000000001	764.6162508862124	9.605295417588124	3123.4946270160112	973.8098493944161	1022.70808191089	83.43572402478027	1016.1581446997378	NaN
1	0.10500000000000001	766.3515793512776	9.569211045406101	3135.2709841519495	973.7776353620067	1022.6722102774451	83.43559174194593	1016.1226709536517	NaN
1	0.10500000000000001	768.111430047392	9.53294912047939	3147.1951097841556	973.7452764572637	1022.6361915222518	83.43545980191686	1016.0870518936018	NaN
1	0.10500000000000001	769.8964176865435	9.496506043360146	3159.2705628671656	973.7127695976828	1022.600022331911	83.43532819988448	1016.0512842444888	NaN
1	0.10500000000000001	771.7071787630725	9.459878119288298	3171.501024667908	973.6801116206335	1022.5636993087312	83.43519693103948	1016.0153646479184	NaN
1	0.10500000000000001	773.5443720225604	9.42306156523736	3183.890300677382	973.6472992898082	1022.5272189780667	83.43506599060298	1015.9792896694569	NaN
1	0.10500000000000001	775.4086800688494	9.386052494823879	3196.4423301380043	973.6143292819382	1022.4905777737082	83.43493537378785	1015.9430557841918	NaN
1	0.10500000000000001	777.3008094128872	9.348846935336002	3209.1611849897336	973.5811982021423	1022.4537720551104	83.43480507587138	1015.9066593937661	NaN
1	0.10500000000000001	779.2214925632788	9.311440805048337	3222.0510824918097	973.5479025638926	1022.4167980852976	83.43467509212222	1015.8700968045314	NaN
1	0.10500000000000001	781.171488412906	9.27382992539249	3235.1163862875055	973.5144388000383	1022.379652043289	83.4345454178622	1015.8333642398411	NaN
1	0.10500000000000001	783.151583289457	9.236010020727456	3248.3616118668683	973.4808032627768	1022.3423300242338	83.43441604847175	1015.796457840182	NaN
1	0.10500000000000001	785.1625919196894	9.19797672068911	3261.791431369931	973.4469922259184	1022.3048280420899	83.4342869794123	1015.759373665828	NaN
1	0.10500000000000001	787.2053587093144	9.159725557505624	3275.410680413122	973.4130018826721	1022.267142027333	83.43415820622893	1015.722107694574	NaN
1	0.10500000000000001	789.280759087623	9.121251963307218	3289.224365244646	973.3788283434334	1022.2292678246736	83.43402972455088	1015.6846558194852	NaN
1	0.10500000000000001	791.3896997851814	9.082551288162506	3303.237662708995	973.3444676519803	1022.1912012111662	83.4339015301651	1015.6470138668004	NaN
1	0.10500000000000001	793.5331196674193	9.04361880810463	3317.4559238590964	973.3099157927401	1022.1529379043976	83.43377361905334	1015.609177604037	NaN
1	0.10500000000000001	795.7119914715702	9.004449717647045	3331.88468347064	973.2751686842902	1022.1144735554119	83.43364598737054	1015.5711427329901	NaN
1	0.10500000000000001	797.927322149442	8.96503914861321	3346.5296602102644	973.2402221961978	1022.0758037674804	83.43351863152496	1015.5329049083012	NaN
1	0.10500000000000001	800.1801530348955	8.92538219209653	3361.396755604271	973.2050721685961	1022.0369241178496	83.43339154824201	1015.4944597589586	NaN
1	0.10500000000000001	802.4715612051698	8.885473899586037	3376.4920608335524	973.1697144132545	1021.9978301589823	83.4332647345885	1015.4558028895291	NaN
1	0.10500000000000001	804.802658861566	8.845309319199506	3391.8218504000642	973.1341447457302	1021.9585174541426	83.43313818807121	1015.4169299153449	NaN
1	0.10500000000000001	807.1745937126387	8.804883513850864	3407.3925823909713	973.098359001453	1021.918981595145	83.43301190671137	1015.377836480051	NaN
1	0.10500000000000001	809.588547701406	8.764191607207094	3423.210887854266	973.0623530763461	1021.8792182471617	83.43288588916643	1015.3385182999168	NaN
1	0.10500000000000001	812.0457373738672	8.723228800589686	3439.2835709713054	973.0261229416597	1021.8392231649476	83.43276013478545	1015.2989711798681	NaN
1	0.10500000000000001	814.547410672749	8.681990448437649	3455.617585866288	972.9896647105152	1021.7989922660935	83.43263464381604	1015.2591910859286	NaN
1	0.10500000000000001	817.0948459440701	8.640472093857205	3472.2200280372367	972.9529746690264	1021.7585216650208	83.43250941749446	1015.2191741788182	NaN
1	0.10500000000000001	819.689347811227	8.598669552746518	3489.09810548737	972.9160493502258	1021.717807754095	83.43238445826857	1015.1789168941602	NaN
1	0.10500000000000001	822.3322438453397	8.556578980186021	3506.2591153116905	972.8788855921483	1021.676847267078	83.4322597699531	1015.1384160052107	NaN
1	0.10500000000000001	825.0248785013409	8.514196975353274	3523.7104028186614	972.8414806297548	1021.6356373796981	83.43213535799238	1015.0976687222906	NaN
1	0.10500000000000001	827.7686066105756	8.471520685966661	3541.4593182332633	972.803832186193	1021.5941758092545	83.43201122969845	1015.0566727912619	NaN
1	0.10500000000000001	830.5647850807504	8.428547932279592	3559.513162328637	972.7659385810564	1021.552460932676	83.43188739453345	1015.0154266102447	NaN
1	0.10500000000000001	833.4147632002201	8.385277342302006	3577.879123710349	972.7277988482464	1021.5104919148629	83.43176386440028	1014.9739293564999	NaN
1	0.10500000000000001	836.3198708343862	8.341708507064373	3596.56420331427	972.6894128711763	1021.4682688557801	83.43164065397113	1014.9321811318456	NaN
1	0.10500000000000001	839.2814039176544	8.297842162002603	3615.575122495315	972.6507815406096	1021.4257929620744	83.43151778106153	1014.8901831323221	NaN
1	0.10500000000000001	842.3006106595235	8.253680341333512	3634.9182368469133	972.6119068883099	1021.3830666916873	83.43139526689966	1014.8479377911457	NaN
1	0.10500000000000001	845.3786719861497	8.2092265994162	3654.5994143281246	972.5727922792554	1021.3400939624423	83.43127313655692	1014.8054489849164	NaN
1	0.10500000000000001	848.5166849590755	8.164486167965089	3674.623933962754	972.5334425469397	1021.296880297628	83.43115141916735	1014.7627221775174	NaN
1	0.10500000000000001	851.7156423134859	8.119466149059626	3694.9963612419187	972.4938641597668	1021.253433005356	83.43103014822498	1014.7197645974146	NaN
1	0.10500000000000001	854.9764122005479	8.074175682877538	3715.720426534366	972.4540653648013	1021.2097613326387	83.43090936176982	1014.6765853899503	NaN
1	0.10500000000000001	858.2997189996604	8.028626079009866	3736.798911993361	972.4140562991613	1021.1658765836108	83.43078910246419	1014.6331957341768	NaN
1	0.10500000000000001	861.6861275575188	7.982830881543964	3758.2335617807694	972.373849042986	1021.1217921734286	83.4306694174793	1014.5896088960906	NaN
1	0.10500000000000001	865.1360260608324	7.9368059363573344	3780.0249850566875	972.3334576742113	1021.0775236840431	83.43055035837374	1014.5458402837334	NaN
1	0.10500000000000001	868.649616314038	7.890569344877218	3802.1726070884515	972.2928982236607	1021.0330888106716	83.43043198066854	1014.5019073942009	NaN
1	0.10500000000000001	872.2269090063062	7.844141345533002	3824.6746526058373	972.2521885668959	1020.9885072391963	83.43031434327341	1014.4578296923742	NaN
1	0.10500000000000001	875.8677211446536	7.797544165751087	3847.5281432134175	972.2113482905755	1020.9438004960125	83.43019750784156	1014.4136284624257	NaN
1	0.10500000000000001	879.5716831417344	7.7508017540142795	3870.7289554824274	972.1703984541764	1020.8989916838121	83.43008153786361	1014.3693265465365	NaN
1	0.10500000000000001	883.3382496659717	7.703939477388265	3894.271901994045	972.1293613221585	1020.8541051857495	83.42996649773197	1014.3249480523762	NaN
1	0.10500000000000001	887.166717076075	7.6569837551680076	3918.150852521385	972.0882600409914	1020.8091663101079	83.42985245169969	1014.280518001764	NaN
1	0.10500000000000001	891.0562405609977	7.609961719474027	3942.35885192434	972.0471183406586	1020.764200962637	83.42973946296203	1014.2360620067012	NaN
1	0.10500000000000001	895.0058608119502	7.562900786119258	3966.8882957086116	972.0059601585466	1020.7192352349499	83.42962759258917	1014.1916058624223	NaN
1	0.10500000000000001	899.0145278920526	7.515828290789512	3991.731085971083	971.9648093214473	1020.6742950574055	83.42951689868512	1014.1471752042078	NaN
1	0.10500000000000001	903.0811242027853	7.468771164719266	4016.8787797032196	971.9236892629214	1020.6294058914594	83.42940743569415	1014.102795203246	NaN
1	0.10500000000000001	907.2044903526555	7.421755604992224	4042.3227529836317	971.8826227367315	1020.584592418475	83.42929925374196	1014.0584902589925	NaN
1	0.10500000000000001	911.3834477406942	7.374806811011433	4068.0543427340854	971.8416315887865	1020.5398782930863	83.42919239818426	1014.0142837553533	NaN
1	0.10500000000000001	915.6168156528403	7.327948806463349	4094.0649528412505	971.8007366042589	1020.4952859790942	83.42908690938597	1013.9701978984831	NaN
1	0.10500000000000001	919.9034294631447	7.281204268112789	4120.34616554256	971.7599573610353	1020.4508365926259	83.42898282253877	1013.9262535617645	NaN
1	0.10500000000000001	924.2421537870166	7.2345944273757965	4146.8898203965455	971.7193121469621	1020.4065498151207	83.42888016765677	1013.8824701998227	NaN
1	0.10500000000000001	928.6318942429818	7.188138999654763	4173.688083627568	971.6788179014524	1020.3624438330023	83.4287789696478	1013.8388657889252	NaN
1	0.10500000000000001	933.0716049931955	7.141856168384799	4200.733490780814	971.6384902048547	1020.3185353294266	83.42867924850759	1013.795456818866	NaN
1	0.10500000000000001	937.560295056183	7.095762587963934	4228.018981277021	971.5983432842366	1020.2748394938553	83.42858101955063	1013.7522583024727	NaN
1	0.10500000000000001	942.0970305767935	7.04987343196768	4255.537907945904	971.5583900585141	1020.2313700743466	83.42848429372927	1013.7092838273421	NaN
1	0.10500000000000001	946.680937720661	7.004202435763181	4283.284050145907	971.5186421785374	1020.1881394241792	83.4283890779291	1013.6665456019781	NaN
1	0.10500000000000001	951.3112044015016	6.9587619513595875	4311.251619621358	971.4791100776675	1020.1451585597106	83.42829537527771	1013.6240545130188	NaN
1	0.10500000000000001	955.9870767328507	6.913563052450488	4339.435234480517	971.439803065804	1020.1024372652641	83.42820318554395	1013.5818202289682	NaN
1	0.10500000000000001	960.707859720422	6.868615594219671	4367.8299189521995	971.4007293838189	1020.0599841547188	83.4281125054259	1013.5398512611154	NaN
1	0.10500000000000001	965.4729141972034	6.8239283066468825	4396.431080598086	971.3618962869133	1020.0178067643113	83.42802332889057	1013.4981550553059	NaN
1	0.10500000000000001	970.2816540029538	6.7795088808624095	4425.234489261675	971.3233101216881	1019.9759116383676	83.4279356474855	1013.4567380767205	NaN
1	0.10500000000000001	975.133543784104	6.73536404549248	4454.236259979912	971.2849763942991	1019.9343044051262	83.42784945061325	1013.4156058848612	NaN
1	0.10500000000000001	980.0280968256764	6.691499638923504	4483.432836299107	971.2468998348721	1019.8929898482967	83.42776472578483	1013.374763204308	NaN
1	0.10500000000000001	984.9648683275707	6.647920717798202	4512.82094671143	971.2090844931604	1019.8519720123139	83.42768145893012	1013.3342140287955	NaN
1	0.10500000000000001	989.9434575545616	6.604631581764743	4542.397614297246	971.1715337613246	1019.8112542283294	83.42759963453051	1013.2939616469207	NaN
1	0.10500000000000001	994.9634998891788	6.561635884073476	4572.1601064595	971.1342504710518	1019.7708392206818	83.42751923590876	1013.2540087474133	NaN
1	0.10500000000000001	1000.0246668898609	6.518936667379482	4602.105932598733	971.0972369256133	1019.7307291426329	83.42744024536267	1013.2143574544764	NaN
1	0.10500000000000001	1005.1266638702486	6.476536418602102	4632.232827207504	971.0604949483328	1019.6909256297841	83.42736264432635	1013.1750093806023	NaN
1	0.10500000000000001	1010.2692272941356	6.43443712208274	4662.538732097876	971.024025929456	1019.6514298516255	83.42728641352123	1013.135965677541	NaN
1	0.10500000000000001	1015.4521185318393	6.392640338661158	4693.021757477688	970.9878308953353	1019.6122425871264	83.42721153314571	1013.097227111038	NaN
1	0.10500000000000001	1020.6751270697893	6.351147204544088	4723.680198937487	970.9519105080363	1019.5733642248647	83.42713798290951	1013.0587940609659	NaN
1	0.10500000000000001	1025.9380650075907	6.309958499110512	4754.512503260895	970.916265124568	1019.5347948276464	83.4270657421882	1013.0206665852149	NaN
1	0.10500000000000001	1031.240768725308	6.269074652976142	4785.517276533934	970.8808948043101	1019.4965341409571	83.42699479006541	1012.9828444280458	NaN
1	0.10500000000000001	1036.583090945228	6.228495828730181	4816.693236174226	970.8457993792449	1019.4585816692992	83.42692510550094	1012.9453270955647	NaN
1	0.10500000000000001	1041.964905386466	6.188221901922819	4848.039236804231	970.8109784378205	1019.420936659016	83.42685666731262	1012.9081138387431	NaN
1	0.10500000000000001	1047.3861032407476	6.148252504311596	4879.5542483389745	970.7764313626294	1019.3835981392967	83.42678945427116	1012.8712036939578	NaN
1	0.10500000000000001	1052.8465909450808	6.108587054712644	4911.237341855292	970.742157357304	1019.3465649514449	83.4267234451646	1012.8345955119266	NaN
1	0.10500000000000001	1058.346288948358	6.069224780727832	4943.087681384006	970.7081554654687	1019.3098357695175	83.42665861884477	1012.7982879781121	NaN
1	0.10500000000000001	1063.8851318889824	6.030164729256472	4975.104523954121	970.6744245799716	1019.2734091104206	83.42659495425401	1012.7622796227022	NaN
1	0.10500000000000001	1069.4630676421662	5.991405784396886	5007.287213131486	970.6409634584677	1019.2372833508439	83.42653243046229	1012.7265688373529	NaN
1	0.10500000000000001	1075.080054066923	5.952946699902833	5039.635159404702	970.6077707515304	1019.201456757683	83.42647102672248	1012.6911539052634	NaN
1	0.10500000000000001	1080.7360609038203	5.914786094744827	5072.147850378422	970.5748449988814	1019.1659274840094	83.42641072246668	1012.6560329971916	NaN
1	0.10500000000000001	1086.4310690659552	5.876922466621195	5104.824845919375	970.5421846411047	1019.1306935817455	83.42635149733036	1012.6212041839821	NaN
1	0.10500000000000001	1092.1650675971177	5.8393542198351005	5137.665760015579	970.5097880437215	1019.09575302765	83.42629333119677	1012.5866654622546	NaN
1	0.10500000000000001	1097.9380547481182	5.8020796646861115	5170.670266362926	970.4776534966701	1019.0611037227433	83.4262362041959	1012.5524147538387	NaN
1	0.10500000000000001	1103.750036754329	5.765097031699555	5203.83809079141	970.445779226572	1019.026743505514	83.42618009672303	1012.5184499188241	NaN
1	0.10500000000000001	1109.6010265620446	5.728404485208183	5237.16900348816	970.4141634084167	1018.9926701644805	83.42612498945833	1012.4847687679801	NaN
1	0.10500000000000001	1115.4910476085747	5.692000104980027	5270.662840022233	970.3828041497087	1018.9588814210628	83.42607086333557	1012.4513690458199	NaN
1	0.10500000000000001	1121.4201270473066	5.655881933461721	5304.31946229015	970.3516995311338	1018.9253749733584	83.42601769961179	1012.4182484738781	NaN
1	0.10500000000000001	1127.38830027828	5.620047951807373	5338.138783886131	970.3208475858605	1018.8921484737745	83.42596547982389	1012.3854047285936	NaN
1	0.10500000000000001	1133.3956068121674	5.584496109011608	5372.120746229551	970.2902463245742	1018.8591995559267	83.42591418582998	1012.3528354679034	NaN
1	0.10500000000000001	1139.4420932471971	5.549224307535446	5406.265335077571	970.2598937230406	1018.8265258211728	83.42586379978147	1012.3205383179265	NaN
1	0.10500000000000001	1145.527810253071	5.514230424488078	5440.572563116296	970.229787740274	1018.7941248580954	83.42581430414862	1012.2885108922218	NaN
1	0.10500000000000001	1151.6528159837412	5.479512294969477	5475.042488884001	970.1999263041367	1018.7619942269238	83.42576568169235	1012.2567507763894	NaN
1	0.10500000000000001	1157.8171713779848	5.445067741933745	5509.675189968581	970.1703073369591	1018.7301314870235	83.42571791550041	1012.2252555552417	NaN
1	0.10500000000000001	1164.0209406793983	5.410894575106487	5544.470765730158	970.1409287545231	1018.6985341957055	83.42567098897969	1012.194022811626	NaN
1	0.10500000000000001	1170.264195298973	5.37699057203486	5579.429358699858	970.1117884496932	1018.6671998905333	83.42562488582307	1012.1630501089332	NaN
1	0.10500000000000001	1176.5470081657672	5.343353511373127	5614.551122640202	970.0828843209517	1018.6361261199248	83.42557959005029	1012.1323350213466	NaN
1	0.10500000000000001	1182.8694588498743	5.309981147013433	5649.836250995558	970.0542142500848	1018.6053104190631	83.42553508596643	1012.1018751100274	NaN
1	0.10500000000000001	1189.2316265482334	5.276871247147731	5685.284937494931	970.025776135658	1018.5747503457943	83.42549135820788	1012.0716679586004	NaN
1	0.10500000000000001	1195.6335977792182	5.244021555199428	5720.897418897495	969.9975678593702	1018.544443444366	83.42544839168403	1012.0417111373074	NaN
1	0.10500000000000001	1202.0754601494684	5.211429824004416	5756.673940036193	969.9695873153302	1018.514387276801	83.42540617161546	1012.0120022340185	NaN
1	0.10500000000000001	1208.5573045616072	5.179093805413172	5792.614765967954	969.941832401038	1018.4845794131082	83.42536468351534	1011.982538844553	NaN
1	0.10500000000000001	1215.0792253159073	5.147011251062359	5828.720182359235	969.9143010179622	1018.4550174318136	83.42532391318382	1011.9533185732079	NaN
1	0.10500000000000001	1221.6413193381386	5.115179917329868	5864.990491044354	969.8869910757094	1018.4256989243444	83.42528384670644	1011.9243390370832	NaN
1	0.10500000000000001	1228.2436858213325	5.083597567948434	5901.426007910462	969.8599004941798	1018.3966214972511	83.42524447045349	1011.895597868283	NaN
1	0.10500000000000001	1234.886427625232	5.052261968193306	5938.027070481409	969.8330271984995	1018.3677827666761	83.42520577106559	1011.8670927084424	NaN
1	0.10500000000000001	1241.569649154164	5.021170895839072	5974.794026074289	969.8063691283321	1018.3391803682621	83.42516773546204	1011.8388212185257	NaN
1	0.10500000000000001	1248.2934568562937	4.9903221392999635	6011.727234455652	969.7799242362013	1018.3108119552575	83.42513035083077	1011.8107810769465	NaN
1	0.10500000000000001	1255.057961088951	4.959713489791072	6048.827077960989	969.7536904806886	1018.2826751911347	83.42509360461433	1011.7829699722732	NaN
1	0.10500000000000001	1261.8632716908614	4.929342762036575	6086.0939370877795	969.7276658441034	1018.254767768455	83.4250574845296	1011.7553856218757	NaN
1	0.10500000000000001	1268.7095034541849	4.899207770030564	6123.528220401824	969.7018483116275	1018.2270873864179	83.42502197853133	1011.7280257497301	NaN
1	0.10500000000000001	1275.5967698298898	4.869306355498942	6161.130329980841	969.676235895624	1018.1996317768435	83.42498707484135	1011.7008881121039	NaN
1	0.10500000000000001	1282.5251893672807	4.839636359912629	6198.900696538359	969.6508266115832	1018.1723986782994	83.4249527619098	1011.6739704719765	NaN
1	0.10500000000000001	1289.4948802727458	4.810195648596681	6236.839749610992	969.625618498699	1018.1453858580784	83.42491902843739	1011.6472706207635	NaN
1	0.10500000000000001	1296.5059641461378	4.780982094931943	6274.947937859125	969.6006096062608	1018.118591097536	83.42488586335291	1011.6207863638245	NaN
1	0.10500000000000001	1303.558562310131	4.751993596057268	6313.2257090176945	969.5757980070272	1018.0920122063379	83.42485325582508	1011.5945155345404	NaN
1	0.10500000000000001	1310.6528000639146	4.723228055401226	6351.673532938813	969.551181782196	1018.0656470062862	83.42482119523817	1011.5684559783302	NaN
1	0.10500000000000001	1317.7888010788638	4.6946834057716424	6390.291871124354	969.5267590410957	1018.0394933523347	83.42478967121208	1011.5426055734208	NaN
1	0.10500000000000001	1324.9666921475705	4.6663575900199445	6429.081202431853	969.5025279045666	1018.013549114714	83.42475867357649	1011.5169622131775	NaN
1	0.10500000000000001	1332.1866023008702	4.638248565007416	6468.042018189919	969.4784865082888	1017.9878121824273	83.42472819236973	1011.4915238095577	NaN
1	0.10500000000000001	1339.4486614137604	4.6103543072124795	6507.174814604579	969.4546330075134	1017.962280468244	83.4246982178411	1011.4662882980468	NaN
1	0.10500000000000001	1346.7529997427914	4.58267281438275	6546.480090239563	969.4309655784044	1017.9369519100691	83.42466874044723	1011.4412536390101	NaN
1	0.10500000000000001	1354.0997508752712	4.5552020943706495	6585.958361838942	969.4074824084306	1017.9118244605896	83.42463975083685	1011.4164178074608	NaN
1	0.10500000000000001	1361.4890468881408	4.52794018339356	6625.610138243703	969.3841817119134	1017.886896103848	83.42461123986399	1011.3917788094358	NaN
1	0.10500000000000001	1368.9210252467258	4.50088512039524	6665.435957392692	969.3610617080489	1017.8621648316629	83.42458319855778	1011.3673346586925	NaN
1	0.10500000000000001	1376.3958184764347	4.4740349848825955	6705.436330893986	969.338120653182	1017.8376286780942	83.424555618158	1011.343083410775	NaN
1	0.10500000000000001	1383.9135655683574	4.447387855259249	6745.61180511958	969.3153568051447	1017.8132856812286	83.42452849006574	1011.3190231252349	NaN
1	0.10500000000000001	1391.4744040728428	4.4209418374993	6785.962918806925	969.292768447696	1017.7891339092665	83.42450180587213	1011.2951518914234	NaN
1	0.10500000000000001	1399.0784726004592	4.394695055902208	6826.490216435703	969.2703538825662	1017.7651714519512	83.42447555734178	1011.2714678200131	NaN
1	0.10500000000000001	1406.7259128854625	4.368645646025595	6867.194259169845	969.2481114233676	1017.741396414003	83.42444973640374	1011.2479690365097	NaN
1	0.10500000000000001	1414.4168662726222	4.342791766785631	6908.075606090096	969.2260394058738	1017.7178069260535	83.42442433515976	1011.2246536920607	NaN
1	0.10500000000000001	1422.1514747394656	4.3171315966634705	6949.134819636588	969.2041361847266	1017.6944011410679	83.42439934587595	1011.2015199599141	NaN
1	0.10500000000000001	1429.929882983732	4.291663326721317	6990.372476652061	969.1824001274219	1017.6711772278675	83.42437476097291	1011.1785660290188	NaN
1	0.10500000000000001	1437.752234317652	4.266385174032294	7031.789146569847	969.1608296257232	1017.6481333832714	83.42435057303535	1011.1557901160246	NaN
1	0.10500000000000001	1445.6186753520108	4.241295366210626	7073.385416220672	969.1394230824086	1017.6252678178868	83.42432677479385	1011.1331904512343	NaN
1	0.10500000000000001	1453.5293497484854	4.216392161306929	7115.16185675423	969.1181789281995	1017.6025787741415	83.42430335913906	1011.1107652964265	NaN
1	0.10500000000000001	1461.4844082193636	4.191673816004648	7157.119076453698	969.0970955945788	1017.5800644972051	83.42428031909122	1011.0885129161184	NaN
1	0.10500000000000001	1469.4839958994012	4.167138625194857	7199.25765402887	969.0761715475065	1017.5577232709488	83.42425764783161	1011.0664316131015	NaN
1	0.10500000000000001	1477.5282645417499	4.1427848838489885	7241.578202931938	969.055405254853	1017.535553383122	83.42423533866514	1011.0445196940252	NaN
1	0.10500000000000001	1485.6173635073765	4.118610914746536	7284.081323831275	969.0347952100036	1017.5135531505134	83.42421338504293	1011.0227754942648	NaN
1	0.10500000000000001	1493.7514440439377	4.0946150551381635	7326.7676271397295	969.0143399204419	1017.4917209067164	83.42419178054668	1011.0011973658275	NaN
1	0.10500000000000001	1501.93065660323	4.070795664543683	7369.637718910194	968.994037914356	1017.4700550091362	83.4241705188933	1010.9797836842783	NaN
1	0.10500000000000001	1510.155156846994	4.047151107127313	7412.6922322905475	968.9738877255751	1017.4485538228761	83.42414959391577	1010.9585328328128	NaN
1	0.10500000000000001	1518.4250952970644	4.023679781523138	7455.931773284507	968.95388791895	1017.4272157477777	83.4241289995875	1010.9374432289824	NaN
1	0.10500000000000001	1526.7406327249194	4.000380076734048	7499.357001242948	968.9340370527326	1017.406039178244	83.42410872998128	1010.9165132849845	NaN
1	0.10500000000000001	1535.1019192177691	3.9772504311880095	7542.968519426989	968.9143337288587	1017.3850225568443	83.42408877931695	1010.8957414606426	NaN
1	0.10500000000000001	1543.509112415604	3.95428928103857	7586.766970304683	968.8947765488596	1017.3641643272409	83.42406914191501	1010.875126216881	NaN
1	0.10500000000000001	1551.9623720466332	3.931495075822063	7630.753006907287	968.8753641271707	1017.3434629483531	83.42404981220723	1010.8546660297231	NaN
1	0.10500000000000001	1560.4618537445372	3.908866294852968	7674.927260661132	968.8560951050572	1017.3229169091724	83.42403078474823	1010.8343594049328	NaN
1	0.10500000000000001	1569.007718061108	3.8864014226803043	7719.2903882822675	968.8369681296766	1017.3025247063977	83.42401205419311	1010.8142048559127	NaN
1	0.10500000000000001	1577.600123133255	3.8640989685187157	7763.843033636702	968.8179818705934	1017.2822848620103	83.42399361531056	1010.79420092107	NaN
1	0.10500000000000001	1586.2392338315299	3.8419574422491483	7808.585875177659	968.7991349993122	1017.262195901425	83.42397546296083	1010.7743461422242	NaN
1	0.10500000000000001	1594.9252062875448	3.8199753941152528	7853.51954575926	968.7804262230394	1017.2422563894414	83.42395759212653	1010.7546391001375	NaN
1	0.10500000000000001	1603.6582074717862	3.7981513644138283	7898.644734011933	968.7618542418269	1017.2224648845348	83.42393999786954	1010.7350783693406	NaN
1	0.10500000000000001	1612.4383973020922	3.776483928783934	7943.962091741605	968.7434177870899	1017.2028199798765	83.42392267536474	1010.7156625586706	NaN
1	0.10500000000000001	1621.2659449451103	3.7549716573396283	7989.4723181422905	968.7251155867978	1017.1833202662123	83.42390561986666	1010.6963902745856	NaN
1	0.10500000000000001	1630.141011875335	3.7336131563064554	8035.1760723468615	968.7069464008745	1017.1639643695494	83.42388882673933	1010.6772601584095	NaN
1	0.10500000000000001	1639.063768934312	3.7124070262802413	8081.074061363347	968.6889089856571	1017.144750913263	83.42387229142196	1010.6582708488796	NaN
1	0.10500000000000001	1648.034376220665	3.6913519102388004	8127.166936545952	968.6710021347076	1017.1256785615449	83.42385600946491	1010.6394210250918	NaN
1	0.10500000000000001	1657.053007474948	3.670446435515723	8173.455418999524	968.6532246294331	1017.1067459667738	83.42383997648226	1010.6207093544795	NaN
1	0.10500000000000001	1666.119830446906	3.6496892601603284	8219.940198605367	968.6355752784877	1017.0879518114641	83.42382418818643	1010.6021345342772	NaN
1	0.10500000000000001	1675.2350140450399	3.6290790557313706	8266.621970797503	968.618052903114	1017.0692947926202	83.4238086403721	1010.5836952760529	NaN
1	0.10500000000000001	1684.398728357167	3.608614507142688	8313.50143664719	968.6006563369858	1017.0507736215454	83.42379332891593	1010.5653903055222	NaN
1	0.10500000000000001	1693.6111440578281	3.5882943138554886	8360.57929981548	968.5833844271974	1017.032387024872	83.42377824977383	1010.5472183635629	NaN
1	0.10500000000000001	1702.8724379656983	3.568117177657844	8407.85629490343	968.5662360238535	1017.0141337334549	83.4237633989731	1010.5291781952419	NaN
1	0.10500000000000001	1712.1827770525542	3.548081837417308	8455.33310579677	968.5492100095823	1016.9960125137643	83.42374877263374	1010.5112685808384	NaN
1	0.10500000000000001	1721.5423406623988	3.5281870205742845	8503.010479068405	968.5323052582879	1016.978022123957	83.42373436693231	1010.4934882924264	NaN
1	0.10500000000000001	1730.9513007233309	3.508431485793646	8550.889123016743	968.5155206713748	1016.9601613524102	83.42372017813241	1010.4758361319624	NaN
1	0.10500000000000001	1740.409834809234	3.4888139948204064	8598.969774238489	968.498855153809	1016.9424289922229	83.42370620256172	1010.4583109060817	NaN
1	0.10500000000000001	1749.9181199236928	3.46933332560127	8647.253165942366	968.4823076252482	1016.9248238530374	83.42369243662033	1010.4409114377809	NaN
1	0.10500000000000001	1759.4763324823587	3.4499882719913275	8695.740027887754	968.465877019769	1016.9073447607292	83.42367887677938	1010.4236365661129	NaN
1	0.10500000000000001	1769.0846527728625	3.430777634569058	8744.431109002091	968.4495622780457	1016.8899905490648	83.42366551957288	1010.4064851379412	NaN
1	0.10500000000000001	1778.743255385336	3.411700239645496	8793.327128873207	968.4333623634751	1016.8727600768337	83.4236523616094	1010.38945602487	NaN
1	0.10500000000000001	1788.4523265393498	3.392754904733227	8842.428865491655	968.4172762328307	1016.8556521966182	83.4236393995479	1010.3725480923821	NaN
1	0.10500000000000001	1798.2120461290633	3.3739404740831334	8891.73706430048	968.401302866425	1016.8386657868523	83.4236266301192	1010.3557602315182	NaN
1	0.10500000000000001	1808.0225960749335	3.3552558018864205	8941.252480500887	968.3854412538235	1016.8217997366105	83.4236140501163	1010.3390913438495	NaN
1	0.10500000000000001	1817.8841623296332	3.3366997485207337	8990.975889123121	968.3696903906423	1016.805052942185	83.42360165638604	1010.3225403380868	NaN
1	0.10500000000000001	1827.796924397182	3.318271200136184	9040.908032171385	968.3540492951539	1016.7884243247244	83.42358944584625	1010.306106147522	NaN
1	0.10500000000000001	1837.7610711122804	3.2999690388918004	9091.049698162942	968.3385169830092	1016.7719128033384	83.42357741546047	1010.2897877034375	NaN
1	0.10500000000000001	1847.7767874929368	3.281792167474885	9141.401655847581	968.3230924880298	1016.7555173171902	83.42356556225509	1010.2735839569457	NaN
1	0.10500000000000001	1857.8442620265073	3.2637394954645544	9191.964690890725	968.3077748506197	1016.7392368131578	83.42355388330961	1010.2574938667951	NaN
1	0.10500000000000001	1867.9636793248285	3.2458099524136648	9242.739568966861	968.2925631288485	1016.7230702576003	83.42354237576295	1010.2415164109955	NaN
1	0.10500000000000001	1878.1352281627387	3.2280024732266015	9293.727076142179	968.2774563860288	1016.7070166231362	83.4235310368032	1010.2256505737515	NaN
1	0.10500000000000001	1888.359103599299	3.210315994730438	9344.928029405673	968.2624536877944	1016.6910748855267	83.42351986366522	1010.2098953423845	NaN
1	0.10500000000000001	1898.6354927343455	3.192749480300306	9396.343205304223	968.2475541229744	1016.6752440458433	83.42350885364422	1010.1942497292367	NaN
1	0.10500000000000001	1908.964585538572	3.1753019006437793	9447.973394253662	968.232756787277	1016.6595231131105	83.4234980040839	1010.1787127545218	NaN
1	0.10500000000000001	1919.346577670305	3.157972229208072	9499.819414544063	968.2180607793816	1016.6439111001441	83.42348731237128	1010.1632834422065	NaN
1	0.10500000000000001	1929.7816622494074	3.1407594560185084	9551.882071198415	968.2034652126615	1016.6284070359903	83.42347677594523	1010.1479608323075	NaN
1	0.10500000000000001	1940.2700304957534	3.123662586181981	9604.162159226564	968.1889692138988	1016.6130099645463	83.42346639229429	1010.1327439795265	NaN
1	0.10500000000000001	1950.8118864193266	3.1066806159756317	9656.660536805146	968.1745719029985	1016.5977189230005	83.42345615894139	1010.1176319319429	NaN
1	0.10500000000000001	1961.4074174515442	3.089812580332091	9709.37797894439	968.1602724332356	1016.5825329845657	83.42344607347155	1010.1026237732468	NaN
1	0.10500000000000001	1972.0568295425787	3.0730574961837185	9762.315352264972	968.146069943209	1016.5674512074385	83.42343613349722	1010.0877185722959	NaN
1	0.10500000000000001	1982.7603154703463	3.056414412966704	9815.473457274109	968.1319635996429	1016.5524726802445	83.42342633668731	1010.0729154280274	NaN
1	0.10500000000000001	1993.5180817748494	3.039882370064584	9868.853162262265	968.1179525613023	1016.5375964837034	83.4234166807416	1010.0582134315733	NaN
1	0.10500000000000001	2004.3303202421648	3.0234604409092767	9922.455261704948	968.1040360163591	1016.522821730295	83.42340716341492	1010.0436117054606	NaN
1	0.10500000000000001	2015.197240146641	3.00714768335668	9976.280636231637	968.0902131403226	1016.5081475195817	83.42339778248852	1010.0291093594574	NaN
1	0.10500000000000001	2026.1190409723463	2.9909431812684364	10030.330117320209	968.0764831312689	1016.4935729755971	83.42338853579334	1010.0147055275233	NaN
1	0.10500000000000001	2037.095927549416	2.974846021398923	10084.604562332775	968.0628451902406	1016.4790972260303	83.42337942119467	1010.0003993472376	NaN
1	0.10500000000000001	2048.1281050137413	2.9588553009291307	10139.104829524882	968.0492985276238	1016.4647194089798	83.42337043659762	1009.9861899664734	NaN
1	0.10500000000000001	2059.2157795424528	2.9429701262559034	10193.831781681947	968.0358423621077	1016.4504386718439	83.42336157994374	1009.9720765423006	NaN
1	0.10500000000000001	2070.3591576244976	2.9271896139195306	10248.786282515624	968.0224759214619	1016.4362541721308	83.42335284921279	1009.9580582417884	NaN
1	0.10500000000000001	2081.558449785264	2.9115128852623955	10303.969215016126	968.009198438001	1016.4221650726394	83.42334424241753	1009.9441342372398	NaN
1	0.10500000000000001	2092.8138646655116	2.8959390747182305	10359.381452243717	967.9960091555971	1016.4081705488867	83.42333575760924	1009.9303037135345	NaN
1	0.10500000000000001	2104.125611233003	2.880467326471629	10415.023868257134	967.9829073268384	1016.3942697860869	83.42332739287312	1009.9165658651397	NaN
1	0.10500000000000001	2115.4939063466973	2.8650967841393227	10470.897375282162	967.969892204283	1016.3804619698598	83.423319146324	1009.9029198869312	NaN
1	0.10500000000000001	2126.918956655026	2.8498266152601874	10527.002834707915	967.9569630611878	1016.3667463082135	83.42331101611774	1009.8893649959148	NaN
1	0.10500000000000001	2138.4009759591513	2.8346559875250814	10583.341142470705	967.9441191713692	1016.3531220101708	83.42330300043908	1009.875900410107	NaN
1	0.10500000000000001	2149.9401784349293	2.8195840779557897	10639.913195705762	967.9313598169675	1016.3395882939967	83.42329509750371	1009.8625253566614	NaN
1	0.10500000000000001	2161.536788664711	2.8046100598829358	10696.719941875403	967.9186842774161	1016.3261443754899	83.42328730555334	1009.849239060301	NaN
1	0.10500000000000001	2173.191017788955	2.789733133808689	10753.762261895672	967.9060918555576	1016.3127894956751	83.42327962287071	1009.8360407706845	NaN
1	0.10500000000000001	2184.903083495607	2.774952501170944	10811.041068139662	967.8935818554265	1016.2995228972278	83.42327204776319	1009.822929739106	NaN
1	0.10500000000000001	2196.673208574377	2.7602673664492983	10868.55729725957	967.881153584023	1016.2863438263521	83.42326457856733	1009.809905220354	NaN
1	0.10500000000000001	2208.501609986507	2.7456769507672503	10926.31185675344	967.8688063628201	1016.2732515449704	83.42325721365087	1009.796966484754	NaN
1	0.10500000000000001	2220.388516934984	2.731180469407452	10984.305713219805	967.8565395087239	1016.2602453105322	83.4232499514045	1009.7841127982174	NaN
1	0.10500000000000001	2232.33414406556	2.7167771646263588	11042.539761543429	967.8443523618381	1016.2473244054399	83.42324279025604	1009.7713434513203	NaN
1	0.10500000000000001	2244.338722327331	2.7024662679162135	11101.014975456244	967.8322442535194	1016.2344881031762	83.423235728651	1009.7586577258285	NaN
1	0.10500000000000001	2256.402474395524	2.6882470297562593	11159.732287662351	967.8202145315472	1016.2217356949783	83.42322876506738	1009.7460549210582	NaN
1	0.10500000000000001	2268.525630633767	2.674118700402375	11218.692667612608	967.8082625438603	1016.2090664725938	83.4232218980059	1009.7335343368354	NaN
1	0.10500000000000001	2280.7084178839214	2.66008054308282	11277.897066917216	967.7963876497163	1016.1964797400985	83.42321512599528	1009.7210952851734	NaN
1	0.10500000000000001	2292.9510626447027	2.6461318300117846	11337.346434856421	967.7845892163086	1016.183974810308	83.42320844759028	1009.7087370867274	NaN
1	0.10500000000000001	2305.253806611111	2.6322718248101027	11397.041793772942	967.7728666038935	1016.1715509890037	83.42320186136347	1009.6964590552059	NaN
1	0.10500000000000001	2317.6168682907432	2.6184998258303067	11456.984052773265	967.7612192024269	1016.1592076137583	83.42319536592449	1009.684260535739	NaN
1	0.10500000000000001	2330.040492972498	2.6048151098228076	11517.174250168076	967.7496463839119	1016.1469440034258	83.42318895989264	1009.6721408549624	NaN
1	0.10500000000000001	2342.5249033901546	2.591216986883201	11577.613314240212	967.7381475488634	1016.1347595073765	83.42318264192394	1009.6600993696744	NaN
1	0.10500000000000001	2355.0703476932395	2.57770474754756	11638.302295644575	967.7267220815613	1016.122653458073	83.42317641068448	1009.6481354199673	NaN
1	0.10500000000000001	2367.6770588233867	2.5642777072058847	11699.242170664682	967.7153693876037	1016.1106252108575	83.4231702648712	1009.6362483685489	NaN
1	0.10500000000000001	2380.345275280995	2.5509351832952536	11760.433941775222	967.7040888746127	1016.0986741235016	83.42316420320039	1009.624437580531	NaN
1	0.10500000000000001	2393.0752369866686	2.5376764997736374	11821.87861758886	967.692879956013	1016.0867995602043	83.42315822441095	1009.612702427382	NaN
1	0.10500000000000001	2405.8671844457535	2.5245009879164453	11883.577208818142	967.6817420516992	1016.0750008922923	83.4231523272627	1009.6010422876179	NaN
1	0.10500000000000001	2418.721363880414	2.511407981011728	11945.530753006557	967.6706745835456	1016.0632774934605	83.42314651053434	1009.5894565420984	NaN
1	0.10500000000000001	2431.638015294453	2.498396826498856	12007.740256982239	967.6596769856625	1016.051628750628	83.42314077302811	1009.5779445847556	NaN
1	0.10500000000000001	2444.6173939339287	2.4854668642222006	12070.20680022916	967.6487486860095	1016.0400540444584	83.4231351135611	1009.566505803344	NaN
1	0.10500000000000001	2457.6597358530744	2.4726174608702247	12132.931369094584	967.6378891354974	1016.028552780181	83.42312953097817	1009.5551396098975	NaN
1	0.10500000000000001	2470.765293286694	2.4598479745177393	12195.915027069395	967.6270977780162	1016.0171243558352	83.42312402413732	1009.5438454093485	NaN
1	0.10500000000000001	2483.9343200542653	2.4471577693563145	12259.158844454772	967.616374062878	1016.0057681754515	83.42311859191543	1009.5326226125541	NaN
1	0.10500000000000001	2497.167066293573	2.4345462206316597	12322.663873086825	967.6057174489872	1015.9944836534573	83.42311323321061	1009.5214706406482	NaN
1	0.10500000000000001	2510.4637819155178	2.422012711077369	12386.431162977107	967.5951274018187	1015.9832702114747	83.42310794693908	1009.5103889218794	NaN
1	0.10500000000000001	2523.824731702237	2.409556616776345	12450.461834662383	967.5846033814693	1015.9721272656626	83.42310273202979	1009.4993768790988	NaN
1	0.10500000000000001	2537.2501607379036	2.3971773394899145	12514.756913476725	967.574144869967	1015.9610542556295	83.42309758743866	1009.4884339583364	NaN
1	0.10500000000000001	2550.740331718585	2.384874271690294	12579.317508387801	967.5637513417233	1015.9500506131416	83.42309251213076	1009.4775595978739	NaN
1	0.10500000000000001	2564.295509945004	2.372646810781219	12644.144739975105	967.5534222755435	1015.9391157748386	83.42308750508909	1009.4667532408127	NaN
1	0.10500000000000001	2577.915950668829	2.3604943703211387	12709.239679950168	967.5431571641036	1015.9282491922582	83.42308256531769	1009.4560143449809	NaN
1	0.10500000000000001	2591.6019107244106	2.3484163691967557	12774.603406869935	967.5329555047989	1015.9174503221464	83.42307769183569	1009.4453423733542	NaN
1	0.10500000000000001	2605.3536631881598	2.3364122188541834	12840.237076068113	967.5228167889546	1015.90671861503	83.42307288367444	1009.4347367827676	NaN
1	0.10500000000000001	2619.171474689499	2.3244813434312324	12906.141811230447	967.5127405188288	1015.8960535332134	83.42306813988213	1009.4241970416962	NaN
1	0.10500000000000001	2633.0556089672377	2.312623176303938	12972.31872146001	967.5027262046885	1015.8854545476783	83.42306345952613	1009.4137226271949	NaN
1	0.10500000000000001	2647.0063286563955	2.300837158330043	13038.768909847095	967.4927733633236	1015.8749211365049	83.42305884168809	1009.4033130233345	NaN
1	0.10500000000000001	2661.023913909108	2.289122722205485	13105.493562109508	967.4828815048311	1015.8644527708843	83.42305428545936	1009.3929677073809	NaN
1	0.10500000000000001	2675.1086336613157	2.277479316762178	13172.493809696673	967.4730501531311	1015.8540489368262	83.42304978995136	1009.3826861712477	NaN
1	0.10500000000000001	2689.2607632950335	2.265906391976804	13239.770813917434	967.4632788333038	1015.8437091217538	83.42304535428725	1009.3724679082476	NaN
1	0.10500000000000001	2703.480574338534	2.2544034074261576	13307.325716940357	967.4535670787252	1015.833432822051	83.4230409776063	1009.3623124205501	NaN
1	0.10500000000000001	2717.768351491195	2.2429698184518987	13375.15972267192	967.4439144193808	1015.8232195306954	83.42303665905841	1009.3522192069629	NaN
1	0.10500000000000001	2732.1243642013724	2.231605098990983	13443.273961762075	967.4343204011408	1015.8130687576456	83.42303239781135	1009.3421877830751	NaN
1	0.10500000000000001	2746.548899953938	2.220308714880712	13511.669649638845	967.424784563215	1015.802980005989	83.42302819304285	1009.3322176576902	NaN
1	0.10500000000000001	2761.042239524936	2.209080143575554	13580.347969030827	967.4153064547985	1015.7929527895462	83.42302404394441	1009.3223083502185	NaN
1	0.10500000000000001	2775.604667496347	2.1979188657350535	13649.310119863127	967.4058856279652	1015.7829866253506	83.42301994972132	1009.3124593832499	NaN
1	0.10500000000000001	2790.2364732866786	2.186824364491281	13718.557324093013	967.3965216370474	1015.7730810329895	83.42301590958986	1009.3026702818981	NaN
1	0.10500000000000001	2804.9379434008206	2.175796131314645	13788.090789010786	967.3872140435824	1015.763235539833	83.42301192278049	1009.2929405789728	NaN
1	0.10500000000000001	2819.709366272615	2.1648336622097104	13857.911730182153	967.3779624130991	1015.7534496776328	83.42300798853546	1009.2832698116136	NaN
1	0.10500000000000001	2834.5510362358577	2.1539364547827233	13928.021390189098	967.3687663126406	1015.7437229798959	83.4230041061082	1009.2736575186985	NaN
1	0.10500000000000001	2849.4632466741273	2.143104013312768	13998.421006231643	967.3596253150403	1015.7340549864086	83.42300027476443	1009.2641032453124	NaN
1	0.10500000000000001	2864.4462859977066	2.132335851480703	14069.111791183339	967.3505390012215	1015.7244452456631	83.42299649378351	1009.2546065451453	NaN
1	0.10500000000000001	2879.5004575670423	2.1216314779820062	14140.095027593488	967.3415069480543	1015.7148933020121	83.42299276245285	1009.2451669677992	NaN
1	0.10500000000000001	2894.6260618437946	2.110990409477314	14211.371983405434	967.3325287392809	1015.7053987072217	83.42298908007164	1009.235784070204	NaN
1	0.10500000000000001	2909.823390250319	2.1004121746253417	14282.943883105214	967.3236039689157	1015.6959610240627	83.42298544595334	1009.2264574201666	NaN
1	0.10500000000000001	2925.0927585103	2.0898962908061467	14354.8120647429	967.3147322216024	1015.6865798055378	83.42298185941632	1009.2171865758422	NaN
1	0.10500000000000001	2940.4344662588974	2.079442292281051	14426.977789675624	967.3059130963712	1015.6772546199992	83.42297831979445	1009.2079711105579	NaN
1	0.10500000000000001	2955.8488131295917	2.069049718714298	14499.442318413596	967.2971461969502	1015.667985040903	83.42297482643183	1009.1988106026859	NaN
1	0.10500000000000001	2971.336121408985	2.058718100041594	14572.207017045152	967.2884311189999	1015.6587706333063	83.42297137867851	1009.1897046222995	NaN
1	0.10500000000000001	2986.8966908903335	2.048446986808328	14645.273145014458	967.2797674757023	1015.6496109809236	83.4229679758998	1009.1806527579126	NaN
1	0.10500000000000001	3002.5308546046112	2.038235913073125	14718.642116909683	967.2711548664664	1015.6405056530374	83.42296461746422	1009.171654583778	NaN
1	0.10500000000000001	3018.23890313093	2.0280844461082443	14792.315147135456	967.2625929188486	1015.6314542488113	83.42296130275994	1009.1627097036805	NaN
1	0.10500000000000001	3034.021168835775	2.0179921312663494	14866.293645258413	967.254081242045	1015.6224563481262	83.42295803117553	1009.1538177023494	NaN
1	0.10500000000000001	3049.8779559544114	2.0079585373034896	14940.578888002934	967.2456194651186	1015.6135115519838	83.42295480211568	1009.1449781853894	NaN
1	0.10500000000000001	3065.809602584198	1.997983216729217	15015.172309821197	967.2372072035549	1015.6046194471548	83.4229516149873	1009.1361907443418	NaN
1	0.10500000000000001	3081.8164259218693	1.9880657405753157	15090.075246273944	967.2288440885835	1015.5957796371696	83.42294846921175	1009.1274549873134	NaN
1	0.10500000000000001	3097.898742179819	1.9782056854660757	15165.289027443727	967.2205297562703	1015.5869917307863	83.42294536421937	1009.1187705275778	NaN
1	0.10500000000000001	3114.0568998789036	1.9684026134022365	15240.815133537397	967.2122638304689	1015.5782553239693	83.42294229944282	1009.1101369657672	NaN
1	0.10500000000000001	3130.2912210268473	1.958656107818505	15316.654919769378	967.204045953224	1015.5695700320215	83.42293927433089	1009.1015539216271	NaN
1	0.10500000000000001	3146.60203641119	1.9489657517901158	15392.809781461583	967.1958757663916	1015.5609354701568	83.42293628833791	1009.0930210148152	NaN
1	0.10500000000000001	3162.9896748415886	1.9393311345056412	15469.281103761135	967.1877529170948	1015.5523512592632	83.42293334092754	1009.084537870599	NaN
1	0.10500000000000001	3179.45448281258	1.9297518397335613	15546.070353362113	967.1796770479987	1015.5438170156236	83.42293043156893	1009.0761041096952	NaN
1	0.10500000000000001	3195.99678739273	1.9202274675199085	15623.178905360406	967.1716478155996	1015.5353323702429	83.42292755974312	1009.0677193673724	NaN
1	0.10500000000000001	3212.6169433903056	1.9107576067770804	15700.60826319248	967.1636648671167	1015.5268969444239	83.42292472493484	1009.0593832693116	NaN
1	0.10500000000000001	3229.3152960789976	1.9013418569232805	15778.35988479193	967.1557278587306	1015.5185103690424	83.42292192663804	1009.0510954506552	NaN
1	0.10500000000000001	3246.0921720651613	1.8919798325747517	15856.43514023828	967.1478364595375	1015.5101722887183	83.42291916435873	1009.0428555601303	NaN
1	0.10500000000000001	3262.947947330663	1.8826711255353843	15934.83562840712	967.1399903195064	1015.5018823279607	83.42291643760198	1009.034663226591	NaN
1	0.10500000000000001	3279.8829557420922	1.8734153558653674	16013.562751168536	967.1321891125245	1015.493640136647	83.42291374588736	1009.0265181039609	NaN
1	0.10500000000000001	3296.897555029272	1.864212135088136	16092.618020402184	967.1244325053823	1015.4854453572493	83.42291108873924	1009.0184198388494	NaN
1	0.10500000000000001	3313.992097640596	1.8550610822949678	16172.002922413458	967.1167201713454	1015.4772976391758	83.42290846568903	1009.0103680847188	NaN
1	0.10500000000000001	3331.1669443345877	1.845961816744622	16251.718981084448	967.1090517839174	1015.4691966321751	83.42290587627504	1009.002362495371	NaN
1	0.10500000000000001	3348.4224608697114	1.8369139597290598	16331.767742439597	967.1014270184086	1015.4611419879967	83.42290332004227	1008.994402726586	NaN
1	0.10500000000000001	3365.7589961580657	1.8279171458967471	16412.150673337645	967.093845561478	1015.4531333704662	83.422900796545	1008.9864884460783	NaN
1	0.10500000000000001	3383.176922489243	1.8189710021621284	16492.86934805033	967.0863070933581	1015.4451704367076	83.4228983053404	1008.9786193149409	NaN
1	0.10500000000000001	3400.6766161534565	1.8100751580396846	16573.92535827408	967.0788112965628	1015.4372528463394	83.42289584599422	1008.9707949967348	NaN
1	0.10500000000000001	3418.258438774761	1.801229255000833	16655.320226706608	967.0713578637683	1015.4293802698014	83.42289341807867	1008.9630151657133	NaN
1	0.10500000000000001	3435.9227710965265	1.7924329292695247	16737.055563529146	967.0639464833172	1015.421552373036	83.42289102117087	1008.955279491688	NaN
1	0.10500000000000001	3453.6699814344884	1.7836858276957235	16819.132920339398	967.0565768525897	1015.4137688316146	83.4228886548565	1008.9475876539871	NaN
1	0.10500000000000001	3471.500453892454	1.774987593660854	16901.553920709193	967.0492486661282	1015.4060293181898	83.42288631872655	1008.9399393290558	NaN
1	0.10500000000000001	3489.4145719479116	1.7663378752741181	16984.32018420204	967.0419616225405	1015.3983335097887	83.42288401237647	1008.9323341976624	NaN
1	0.10500000000000001	3507.412716020117	1.757736326426472	17067.433315172464	967.0347154253869	1015.3906810887456	83.42288173540935	1008.9247719458212	NaN
1	0.10500000000000001	3525.4952754196684	1.7491826010081581	17150.894957960787	967.0275097783074	1015.3830717375542	83.42287948743406	1008.9172522597058	NaN
1	0.10500000000000001	3543.6626412380797	1.7406763563530503	17234.70676401638	967.0203443879212	1015.3755051419312	83.42287726806387	1008.9097748286744	NaN
1	0.10500000000000001	3561.915202712354	1.7322172548731998	17318.870375137976	967.013218965203	1015.3679809922659	83.42287507691968	1008.9023393467053	NaN
1	0.10500000000000001	3580.2533520454554	1.7238049617324187	17403.38744572503	967.0061332235215	1015.3604989815475	83.42287291362688	1008.894945510346	NaN
1	0.10500000000000001	3598.6774832109254	1.7154391453750224	17488.259637258274	966.9990868790832	1015.3530588058343	83.42287077781727	1008.8875930191788	NaN
1	0.10500000000000001	3617.1880165937464	1.70711946646807	17573.48873172705	966.9920796416181	1015.3456601544164	83.42286866912454	1008.8802815660974	NaN
1	0.10500000000000001	3635.7853425385492	1.6988456034090127	17659.076371619973	966.9851112358633	1015.3383027324978	83.42286658719254	1008.8730108597242	NaN
1	0.10500000000000001	3654.4698804323493	1.690617225674768	17745.0243319888	966.9781813791137	1015.3309862374945	83.42286453166645	1008.8657806009847	NaN
1	0.10500000000000001	3673.2420155224613	1.6824340217954414	17831.334229722226	966.971289804781	1015.3237103839043	83.42286250220052	1008.8585905076868	NaN
1	0.10500000000000001	3692.1021835819906	1.674295662170745	17918.00791293347	966.964436231077	1015.3164748702445	83.42286049844935	1008.8514402818472	NaN
1	0.10500000000000001	3711.0507961856315	1.6662018318555254	18005.0471172724	966.9576203886242	1015.3092794081992	83.42285852007551	1008.8443296384945	NaN
1	0.10500000000000001	3730.0882693597846	1.6581522178977541	18092.453597717464	966.95084200979	1015.3021237113591	83.42285656674669	1008.8372582945434	NaN
1	0.10500000000000001	3749.215031274929	1.6501465061532004	18180.229163840835	966.944100826005	1015.2950074923879	83.42285463813322	1008.8302259659918	NaN
1	0.10500000000000001	3768.431504545169	1.6421843887606165	18268.375598525592	966.9373965740546	1015.2879304696655	83.42285273391191	1008.8232323744883	NaN
1	0.10500000000000001	3787.7381189412163	1.634265558757781	18356.89471631947	966.9307289915453	1015.2808923624987	83.42285085376419	1008.8162772425983	NaN
1	0.10500000000000001	3807.1352947180762	1.6263897168876784	18445.788286990977	966.924097822635	1015.2738928971693	83.42284899737624	1008.8093602997806	NaN
1	0.10500000000000001	3826.623478715282	1.6185565568904199	18535.058200976353	966.9175028056461	1015.2669317938602	83.42284716443721	1008.8024812694678	NaN
1	0.10500000000000001	3846.2031005333697	1.6107657833155853	18624.706268516074	966.9109436880645	1015.2600087824823	83.42284535464302	1008.7956398847062	NaN
1	0.10500000000000001	3865.8746310801425	1.6030170881523929	18714.73448773526	966.9044202068611	1015.2531235819074	83.42284356768891	1008.7888358676349	NaN
1	0.10500000000000001	3885.6384583878125	1.5953101997512282	18805.144476289923	966.8979321296779	1015.246275943435	83.42284180328404	1008.7820689724382	NaN
1	0.10500000000000001	3905.4950789217755	1.5876448076420866	18895.93834679528	966.8914791915331	1015.2394655839875	83.42284006113117	1008.7753389193299	NaN
1	0.10500000000000001	3925.444928355887	1.580020628917311	18987.11793248027	966.8850611507063	1015.232692245093	83.42283834094367	1008.7686454528401	NaN
1	0.10500000000000001	3945.4884657481516	1.5724373752919911	19078.68517229151	966.8786777610071	1015.2259556636151	83.42283664243624	1008.7619883128891	NaN
1	0.10500000000000001	3965.6261444727834	1.564894764309141	19170.641977970783	966.8723287812062	1015.2192555817055	83.42283496533008	1008.7553672446264	NaN
1	0.10500000000000001	3985.8584201590065	1.5573925162288396	19262.990270360908	966.8660139724158	1015.2125917440408	83.42283330934892	1008.7487819956938	NaN
1	0.10500000000000001	4006.185765580629	1.5499303485592382	19355.732047321337	966.8597330934862	1015.2059638929596	83.42283167421981	1008.7422323114257	NaN
1	0.10500000000000001	4026.608662793892	1.542507979141026	19448.869347732074	966.8534859036005	1015.1993717712048	83.42283005967313	1008.7357179375563	NaN
1	0.10500000000000001	4047.12756641579	1.535125139385241	19542.40408406578	966.8472721734166	1015.1928151336756	83.42282846544568	1008.7292386318327	NaN
1	0.10500000000000001	4067.7429483405967	1.527781557856255	19636.338246385803	966.8410916712472	1015.1862937328461	83.4228268912767	1008.7227941496071	NaN
1	0.10500000000000001	4088.455310437989	1.5204769560550784	19730.673960019707	966.8349441595111	1015.1798073150205	83.42282533690731	1008.7163842401347	NaN
1	0.10500000000000001	4109.26513108279	1.51321106744841	19825.413241912105	966.8288294107488	1015.1733556372285	83.42282380208427	1008.7100086632704	NaN
1	0.10500000000000001	4130.172902238229	1.505983624227157	19920.55816959314	966.8227471964757	1015.166938455466	83.42282228655742	1008.7036671778483	NaN
1	0.10500000000000001	4151.1790933375705	1.4987943697685757	20016.11071680939	966.8166972976683	1015.1605555357586	83.42282079008105	1008.6973595526142	NaN
1	0.10500000000000001	4172.284219636474	1.491643035136517	20112.07306448471	966.8106794849899	1015.1542066332945	83.42281931241115	1008.6910855456058	NaN
1	0.10500000000000001	4193.488751333879	1.4845293701211006	20208.44718734858	966.8046935449094	1015.1478915199814	83.42281785330952	1008.6848449313821	NaN
1	0.10500000000000001	4214.793224674491	1.4774531056952767	20305.235359028036	966.7987392481061	1015.1416099511147	83.42281641253736	1008.6786374680878	NaN
1	0.10500000000000001	4236.198147736467	1.4704139858644134	20402.43972369824	966.7928163762737	1015.135361693651	83.42281498986158	1008.6724629253913	NaN
1	0.10500000000000001	4257.704001291098	1.4634117668490267	20500.06230027141	966.7869247214268	1015.1291465254805	83.42281358505443	1008.6663210837662	NaN
1	0.10500000000000001	4279.31131732727	1.4564461913877627	20598.10533890325	966.7810640642814	1015.1229642126137	83.4228121978878	1008.6602117119475	NaN
1	0.10500000000000001	4301.02063087173	1.4495170047921597	20696.571102058497	966.7752341877621	1015.1168145234333	83.42281082813757	1008.6541345810144	NaN
1	0.10500000000000001	4322.832421953173	1.4426239731685924	20795.461601436225	966.7694348923321	1015.1106972448637	83.42280947558531	1008.6480894803694	NaN
1	0.10500000000000001	4344.74727346936	1.435766833337071	20894.779313802064	966.7636659538571	1015.1046121379233	83.42280814001028	1008.6420761738161	NaN
1	0.10500000000000001	4366.765681170198	1.4289453529350051	20994.526319438075	966.7579271741727	1015.0985589910622	83.42280682120037	1008.6360944522664	NaN
1	0.10500000000000001	4388.888188864325	1.4221592877349536	21094.704915098107	966.7522183451721	1015.0925375822849	83.42280551894419	1008.63014409631	NaN
1	0.10500000000000001	4411.115343445361	1.4154083959027945	21195.317410059884	966.7465392608036	1015.0865476917995	83.42280423303183	1008.6242248887148	NaN
1	0.10500000000000001	4433.447688966504	1.4086924397456624	21296.366099315048	966.7408897185393	1015.0805891035699	83.42280296325808	1008.6183366159609	NaN
1	0.10500000000000001	4455.885769532774	1.40201118474264	21397.853276696707	966.7352695185581	1015.0746616044516	83.42280170942003	1008.6124790673862	NaN
1	0.10500000000000001	4478.430136763038	1.3953643972883316	21499.781268632665	966.7296784618483	1015.0687649821907	83.42280047131831	1008.6066520332097	NaN
1	0.10500000000000001	4501.0813755161325	1.3887518372616934	21602.152550347386	966.7241163439553	1015.06289901883	83.42279924875324	1008.6008552980137	NaN
1	0.10500000000000001	4523.840013617737	1.3821732843991394	21704.969337845872	966.7185829771656	1015.057063514102	83.42279804153308	1008.5950886638639	NaN
1	0.10500000000000001	4546.706648546262	1.3756285013319507	21808.234160433592	966.7130781594151	1015.0512582526411	83.42279684946362	1008.5893519179047	NaN
1	0.10500000000000001	4569.681812654762	1.3691172725120258	21911.94925183174	966.7076017070291	1015.0454830385094	83.42279567235748	1008.5836448664797	NaN
1	0.10500000000000001	4592.766123958991	1.3626393611284227	22016.11723106537	966.7021534184851	1015.0397376569812	83.42279451002582	1008.5779672973682	NaN
1	0.10500000000000001	4615.960139564584	1.3561945507526019	22120.74044071695	966.6967331094395	1015.0340219114801	83.42279336228557	1008.5723190162835	NaN
1	0.10500000000000001	4639.264476967395	1.3497826112235187	22225.821494321648	966.6913405840342	1015.0283355933211	83.42279222895367	1008.5666998169743	NaN
1	0.10500000000000001	4662.67969830501	1.3434033307780269	22331.362754252972	966.6859756619175	1015.0226785102036	83.42279110985164	1008.5611095093808	NaN
1	0.10500000000000001	4686.206400055341	1.3370564911612761	22437.36673629427	966.6806381573127	1015.0170504641376	83.42279000480332	1008.5555478978218	NaN
1	0.10500000000000001	4709.845204212625	1.3307418703654106	22543.836069636145	966.6753278813208	1015.0114512538727	83.4227889136327	1008.5500147833934	NaN
1	0.10500000000000001	4733.596700251054	1.3244592581714294	22650.773235436867	966.6700446549889	1015.0058806886769	83.42278783616878	1008.5445099775881	NaN
1	0.10500000000000001	4757.461498449746	1.3182084417602655	22758.180807072047	966.6647882972103	1015.0003385755789	83.42278677224182	1008.5390332896841	NaN
1	0.10500000000000001	4781.4402318421035	1.3119892054134688	22866.061458754266	966.6595586244721	1014.9948247191002	83.42278572168334	1008.533584526484	NaN
1	0.10500000000000001	4805.533514920058	1.3058013412888385	22974.417779682077	966.6543554599166	1014.9893389308086	83.42278468432836	1008.5281635017528	NaN
1	0.10500000000000001	4829.741986725706	1.299644638213836	23083.25246791052	966.6491786239163	1014.9838810193824	83.42278366001341	1008.5227700264008	NaN
1	0.10500000000000001	4854.066264334372	1.2935188935828081	23192.568121161614	966.6440279440784	1014.9784508011551	83.42278264857816	1008.5174039189038	NaN
1	0.10500000000000001	4878.5070025611485	1.2874238982035096	23302.367505209608	966.6389032425012	1014.9730480866816	83.42278164986337	1008.5120649920282	NaN
1	0.10500000000000001	4903.064840709628	1.2813594497785938	23412.653314499566	966.6338043471113	1014.9676726926893	83.42278066371287	1008.5067530646388	NaN
1	0.10500000000000001	4927.740412075595	1.2753253503380775	23523.428214954816	966.6287310895019	1014.9623244397992	83.42277968997232	1008.5014679594494	NaN
1	0.10500000000000001	4952.534389980414	1.2693213950116764	23634.695050594946	966.6236832954938	1014.9570031425746	83.42277872848909	1008.4962094931884	NaN
1	0.10500000000000001	4977.447413888936	1.2633473900677725	23746.45651186091	966.6186608003021	1014.9517086255072	83.422777779113	1008.4909774923944	NaN
1	0.10500000000000001	5002.480171996582	1.2574031329357516	23858.715506204357	966.6136634317377	1014.946440705312	83.4227768416949	1008.485771775923	NaN
1	0.10500000000000001	5027.633338512752	1.2514884273826414	23971.474876625256	966.6086910229676	1014.9411992043765	83.42277591608841	1008.4805921682353	NaN
1	0.10500000000000001	5052.907598565601	1.245603077513424	24084.737513395878	966.6037434074711	1014.9359839454421	83.4227750021493	1008.4754384941415	NaN
1	0.10500000000000001	5078.3036246997335	1.2397468932224924	24198.506248734804	966.5988204236206	1014.930794756435	83.4227740997346	1008.4703105835766	NaN
1	0.10500000000000001	5103.8221003539265	1.2339196846525424	24312.783962051304	966.5939219100246	1014.9256314655532	83.42277320870434	1008.4652082667444	NaN
1	0.10500000000000001	5129.463720019265	1.228121262217907	24427.573580594395	966.589047705545	1014.920493901289	83.42277232891945	1008.4601313741397	NaN
1	0.10500000000000001	5155.229208260169	1.2223514324241842	24542.878164501406	966.5841976457842	1014.9153818887221	83.42277146024229	1008.4550797328857	NaN
1	0.10500000000000001	5181.1192582165395	1.2166100117016647	24658.70063152322	966.5793715747138	1014.9102952617775	83.42277060253836	1008.4500531788464	NaN
1	0.10500000000000001	5207.134605381406	1.2108968098768367	24775.044087176433	966.5745693307782	1014.9052338485793	83.4227697556731	1008.4450515421535	NaN
1	0.10500000000000001	5233.275970958886	1.2052116428196666	24891.9115712682	966.5697907575274	1014.9001974826551	83.42276891951558	1008.4400746582796	NaN
1	0.10500000000000001	5259.544049290981	1.1995543349204565	25009.306001850386	966.5650357056968	1014.8951860051297	83.42276809393675	1008.4351223702045	NaN
1	0.10500000000000001	5285.939639022692	1.1939246909084882	25127.230761341638	966.5603040095211	1014.8901992397595	83.42276727880609	1008.4301945037445	NaN
1	0.10500000000000001	5312.463431494455	1.1883225413455187	25245.688750872454	966.555595524971	1014.8852370332306	83.42276647399873	1008.4252909073762	NaN
1	0.10500000000000001	5339.116177091343	1.1827477068310759	25364.683133673847	966.5509100996662	1014.8802992234527	83.42276567938954	1008.4204114209025	NaN
1	0.10500000000000001	5365.898679209945	1.1771999997883393	25484.217307744195	966.5462475743798	1014.8753856411377	83.42276489485454	1008.415555877016	NaN
1	0.10500000000000001	5392.8116591110265	1.1716792525182094	25604.29430260378	966.541607806612	1014.8704961346509	83.4227641202724	1008.4107241258519	NaN
1	0.10500000000000001	5419.855912632172	1.1661852846337155	25724.917478782496	966.5369906432231	1014.8656305411646	83.42276335552292	1008.4059160064859	NaN
1	0.10500000000000001	5447.032208497755	1.1607179240934369	25846.090073966006	966.5323959381093	1014.8607887052859	83.42276260048764	1008.401131365342	NaN
1	0.10500000000000001	5474.341304079854	1.1552770037457913	25967.815273461216	966.5278235492979	1014.8559704759971	83.4227618550504	1008.3963700531663	NaN
1	0.10500000000000001	5501.784038257239	1.149862342925726	26090.096624006725	966.5232733234809	1014.8511756903551	83.42276111909415	1008.3916319089217	NaN
1	0.10500000000000001	5529.361193468911	1.1444737749945324	26212.93741884078	966.5187451191597	1014.8464041978818	83.42276039250596	1008.386916783889	NaN
1	0.10500000000000001	5557.073549865281	1.1391111363093542	26336.340939232105	966.5142387973731	1014.8416558507922	83.42275967517334	1008.3822245320101	NaN
1	0.10500000000000001	5584.921948214047	1.1337742541451017	26460.310734510593	966.5097542115493	1014.8369304933015	83.42275896698494	1008.3775549993226	NaN
1	0.10500000000000001	5612.907233291556	1.1284629578864445	26584.85036978836	966.5052912169097	1014.8322279715336	83.42275826783087	1008.3729080337499	NaN
1	0.10500000000000001	5641.030210842634	1.1231770870470064	26709.96323451644	966.5008496772073	1014.8275481406212	83.42275757760346	1008.3682834921186	NaN
1	0.10500000000000001	5669.29172573789	1.1179164763719978	26835.6528903285	966.4964294522078	1014.8228908515147	83.42275689619547	1008.3636812271216	NaN
1	0.10500000000000001	5697.692607863978	1.1126809660559778	26961.922830263255	966.4920304062756	1014.818255960028	83.42275622350205	1008.3591010962593	NaN
1	0.10500000000000001	5726.233715445721	1.1074703936752262	27088.776671417705	966.487652401594	1014.8136433196951	83.42275555941895	1008.354542954779	NaN
1	0.10500000000000001	5754.915967989637	1.1022845884485872	27216.218301133707	966.483295293344	1014.8090527766905	83.42275490384213	1008.350006650655	NaN
1	0.10500000000000001	5783.740140238582	1.0971234084212391	27344.25096152689	966.4789589609446	1014.8044842027435	83.42275425667285	1008.3454920571163	NaN
1	0.10500000000000001	5812.70720431758	1.0919866787684513	27472.878769567233	966.4746432562174	1014.7999374405246	83.4227536178085	1008.3409990186748	NaN
1	0.10500000000000001	5841.818000342302	1.0868742509966243	27602.10525377761	966.4703480531241	1014.7954123560488	83.42275298715128	1008.3365274029126	NaN
1	0.10500000000000001	5871.07343815724	1.081785966834425	27731.934250293285	966.4660732174308	1014.7909088067112	83.42275236460364	1008.3320770688935	NaN
1	0.10500000000000001	5900.474463430995	1.0767216645714033	27862.36975202825	966.4618186120306	1014.7864266468999	83.42275175006836	1008.32764787271	NaN
1	0.10500000000000001	5930.0219343965755	1.0716812002139156	27993.415361882242	966.4575841147205	1014.7819657467186	83.4227511434514	1008.3232396859847	NaN
1	0.10500000000000001	5959.71680975942	1.0666644151076397	28125.07512636908	966.453369590996	1014.7775259633295	83.42275054465841	1008.318852367553	NaN
1	0.10500000000000001	5989.560021523955	1.061671157872928	28257.352971376346	966.449174912483	1014.7731071603683	83.42274995359652	1008.3144857826451	NaN
1	0.10500000000000001	6019.55247637122	1.0567012838947736	28390.252708478507	966.4449999565064	1014.7687092074895	83.4227493701752	1008.3101398024417	NaN
1	0.10500000000000001	6049.6951553834815	1.0517546387721342	28523.778476828546	966.4408445921865	1014.7643319657216	83.4227487943035	1008.305814289598	NaN
1	0.10500000000000001	6079.989034806301	1.046831071661628	28657.934391849885	966.4367086916492	1014.7599752992745	83.4227482258919	1008.3015091099136	NaN
1	0.10500000000000001	6110.43504736145	1.0419304413691644	28792.72437405216	966.432592135142	1014.7556390809282	83.42274766485306	1008.2972241376575	NaN
1	0.10500000000000001	6141.034246256625	1.0370525899299312	28928.152875127937	966.4284947888411	1014.7513231686559	83.42274711109886	1008.2929592324666	NaN
1	0.10500000000000001	6171.787543475043	1.032197384589532	29064.223719413523	966.4244165401151	1014.7470274427689	83.42274656454467	1008.2887142760526	NaN
1	0.10500000000000001	6202.696007195615	1.0273646703826773	29200.941420222007	966.4203572576916	1014.7427517639574	83.42274602510464	1008.2844891307376	NaN
1	0.10500000000000001	6233.760629153266	1.0225543071019105	29338.310150283796	966.4163168227093	1014.7384960059999	83.42274549269567	1008.2802836717782	NaN
1	0.10500000000000001	6264.982437294582	1.0177661514637995	29476.33424022105	966.4122951137394	1014.7342600399835	83.42274496723498	1008.2760977717709	NaN
1	0.10500000000000001	6296.362481803131	1.0130000594265316	29615.018116599094	966.4082920087302	1014.7300437363547	83.42274444864047	1008.27193130268	NaN
1	0.10500000000000001	6327.901782974887	1.008255894089979	29754.366071554876	966.4043073916432	1014.7258469719076	83.42274393683223	1008.2677841427421	NaN
1	0.10500000000000001	6359.601379046231	1.0035335183234593	29894.38247424432	966.4003411462619	1014.7216696232608	83.42274343173108	1008.2636561700208	NaN
1	0.10500000000000001	6391.462432508639	0.9988327792232996	30035.072240154106	966.3963931431354	1014.7175115531097	83.42274293325676	1008.259547248821	NaN
1	0.10500000000000001	6423.485902146898	0.994153556619291	30176.439382785156	966.3924632803202	1014.7133726531332	83.42274244133348	1008.2554572720891	NaN
1	0.10500000000000001	6455.672984415804	0.9894956980073801	30318.488962583153	966.38855142873	1014.709252786437	83.42274195588308	1008.2513861045361	NaN
1	0.10500000000000001	6488.024676750021	0.9848590824329668	30461.22515909027	966.3846574857902	1014.7051518440608	83.42274147683185	1008.247333638477	NaN
1	0.10500000000000001	6520.542210614324	0.9802435578755566	30604.65318203316	966.3807813228483	1014.7010696895948	83.42274100410303	1008.2432997391012	NaN
1	0.10500000000000001	6553.226616730034	0.9756490036117396	30748.777353027635	966.3769228375504	1014.6970062143358	83.42274053762418	1008.2392842989789	NaN
1	0.10500000000000001	6586.079059798294	0.971075282407945	30893.602582214244	966.37308191369	1014.6929612950064	83.42274007732226	1008.235287196277	NaN
1	0.10500000000000001	6619.100713673636	0.9665222584894171	31039.133817427693	966.3692584362994	1014.6889348096452	83.42273962312485	1008.2313083104638	NaN
1	0.10500000000000001	6652.292741558191	0.961989800223675	31185.375956928503	966.3654522939022	1014.6849266399801	83.4227391749612	1008.2273475246536	NaN
1	0.10500000000000001	6685.65631566008	0.9574777773369613	31332.333936083065	966.3616633761756	1014.6809366689665	83.42273873276086	1008.2234047231733	NaN
1	0.10500000000000001	6719.192648526253	0.9529860567309351	31480.012865304157	966.357891570438	1014.6769647770872	83.42273829645465	1008.2194797879072	NaN
1	0.10500000000000001	6752.902906249258	0.9485145141337787	31628.417647805025	966.3541367714329	1014.6730108526558	83.42273786597421	1008.2155726084775	NaN
1	0.10500000000000001	6786.788329198794	0.9440630179525761	31777.553511202477	966.350398867767	1014.6690747775355	83.4227374412519	1008.2116830681324	NaN
1	0.10500000000000001	6820.850122349201	0.9396314438794706	31927.425524621547	966.3466777541773	1014.6651564400565	83.42273702222106	1008.2078110565114	NaN
1	0.10500000000000001	6855.089609421716	0.9352196548365103	32078.03927689779	966.3429733146903	1014.6612557172812	83.42273660881511	1008.203956452119	NaN
1	0.10500000000000001	6889.507932796592	0.9308275397550472	32229.399556411667	966.3392854551836	1014.6573725092935	83.4227362009703	1008.2001191562091	NaN
1	0.10500000000000001	6924.106494131986	0.9264549569738487	32381.512289110116	966.3356140558586	1014.6535066891514	83.42273579862069	1008.1962990433298	NaN
1	0.10500000000000001	6958.886447983263	0.9221017988309838	32534.38231161632	966.3319590254763	1014.649658159996	83.42273540170436	1008.1924960177566	NaN
1	0.10500000000000001	6993.849168979295	0.9177679324690583	32688.015425291815	966.3283202516538	1014.6458268027156	83.42273501015764	1008.1887099617753	NaN
1	0.10500000000000001	7028.995994279656	0.9134532325554119	32842.41726375957	966.3246976283382	1014.6420125048744	83.42273462391857	1008.1849407642692	NaN
1	0.10500000000000001	7064.32825087544	0.9091575776827936	32997.59341304842	966.3210910527831	1014.6382151575285	83.42273424292597	1008.1811883175718	NaN
1	0.10500000000000001	7099.847267066303	0.9048808488651059	33153.54946207865	966.317500424286	1014.6344346538967	83.42273386711972	1008.1774525161546	NaN
1	0.10500000000000001	7135.554446054232	0.9006229207445491	33310.291325704435	966.3139256368058	1014.6306708815871	83.4227334964395	1008.1737332489442	NaN
1	0.10500000000000001	7171.451078597817	0.8963836839722793	33467.82442226787	966.3103665977527	1014.6269237423805	83.42273313082742	1008.1700304188729	NaN
1	0.10500000000000001	7207.538631202922	0.892163010955726	33626.154938517895	966.3068231992307	1014.6231931219523	83.4227327702246	1008.1663439129575	NaN
1	0.10500000000000001	7243.818544426721	0.887960780035713	33785.28894408593	966.3032953383365	1014.6194789112438	83.42273241457309	1008.1626736234194	NaN
1	0.10500000000000001	7280.292176320518	0.8837768817222347	33945.23214369358	966.2997829223929	1014.6157810119734	83.42273206381704	1008.1590194531296	NaN
1	0.10500000000000001	7316.961051987813	0.8796111899546403	34105.990971593834	966.2962858448217	1014.6120993112332	83.42273171789921	1008.1553812905059	NaN
1	0.10500000000000001	7353.82663630407	0.8754635883984027	34267.57159465596	966.2928040072203	1014.6084337047329	83.4227313767648	1008.1517590324816	NaN
1	0.10500000000000001	7390.890347271256	0.8713339685611617	34429.97997125258	966.2893373177795	1014.6047840951327	83.4227310403589	1008.1481525828576	NaN
1	0.10500000000000001	7428.153740942886	0.8672222091654808	34593.222661574	966.2858856739665	1014.6011503738129	83.42273070862743	1008.1445618342909	NaN
1	0.10500000000000001	7465.618292247564	0.8631282006527277	34757.305867114046	966.2824489830971	1014.5975324425298	83.42273038151723	1008.14098668969	NaN
1	0.10500000000000001	7503.285553588427	0.859051827600152	34922.2361255149	966.2790271475724	1014.5939301978767	83.42273005897543	1008.1374270468621	NaN
1	0.10500000000000001	7541.157171504408	0.8549929672810038	35088.02038311997	966.2756200636735	1014.5903435300124	83.42272974094925	1008.1338827972554	NaN
1	0.10500000000000001	7579.234635011129	0.8509515166586994	35254.66489327457	966.2722276442192	1014.5867723465133	83.42272942738771	1008.1303538495309	NaN
1	0.10500000000000001	7617.519526922628	0.8469273652133416	35422.176316712794	966.2688497957547	1014.5832165483621	83.42272911824037	1008.126840105834	NaN
1	0.10500000000000001	7656.013512930815	0.8429203964845976	35590.56167333788	966.2654864198494	1014.5796760313102	83.42272881345632	1008.12334146314	NaN
1	0.10500000000000001	7694.718253049398	0.8389304975011719	35759.82795459757	966.2621374210092	1014.5761506942105	83.42272851298605	1008.1198578214896	NaN
1	0.10500000000000001	7733.635339116048	0.8349575650248439	35929.98185034229	966.2588027119198	1014.5726404445344	83.42272821678064	1008.1163890894397	NaN
1	0.10500000000000001	7772.7665849638115	0.8310014759467728	36101.03101746654	966.255482188597	1014.569145172213	83.42272792479098	1008.1129351582156	NaN
1	0.10500000000000001	7812.113554276219	0.8270621353436501	36272.982015712085	966.2521757707229	1014.565664792099	83.42272763697036	1008.1094959436685	NaN
1	0.10500000000000001	7851.678034373833	0.8231394284371244	36445.84237878709	966.2488833613224	1014.5621992015199	83.42272735327055	1008.1060713443316	NaN
1	0.10500000000000001	7891.461791969617	0.8192332454674468	36619.61954650774	966.2456048676428	1014.5587483022533	83.42272707364526	1008.102661263137	NaN
1	0.10500000000000001	7931.466577844568	0.8153434810633176	36794.320885372865	966.2423402006214	1014.5553119999721	83.42272679804829	1008.0992656068647	NaN
1	0.10500000000000001	7971.694150410423	0.8114700318327379	36969.953791559004	966.2390892728662	1014.5518902021136	83.42272652643419	1008.0958842840392	NaN
1	0.10500000000000001	8012.146423858437	0.8076127822673511	37146.52633751921	966.2358519868241	1014.548482805428	83.4227262587573	1008.0925171926244	NaN
1	0.10500000000000001	8052.825140946769	0.8037716361352263	37324.04584347031	966.2326282611292	1014.5450897237105	83.42272599497429	1008.0891642474273	NaN
1	0.10500000000000001	8093.732228550101	0.799946482528357	37502.520429373704	966.2294180021049	1014.5417108578083	83.42272573504039	1008.0858253504605	NaN
1	0.10500000000000001	8134.869612574919	0.7961372136830334	37681.9582068244	966.2262211187231	1014.5383461113624	83.42272547891194	1008.0825004064967	NaN
1	0.10500000000000001	8176.239165372376	0.7923437296919756	37862.367049809865	966.2230375265572	1014.5349953949684	83.42272522654666	1008.0791893271823	NaN
1	0.10500000000000001	8217.842809601076	0.7885659288008504	38043.7550478129	966.2198671396363	1014.5316586176069	83.422724977902	1008.0758920225669	NaN
1	0.10500000000000001	8259.682563745268	0.7848037034825242	38226.130704000156	966.2167098671545	1014.5283356831742	83.42272473293603	1008.0726083976762	NaN
1	0.10500000000000001	8301.760451596889	0.7810569487989569	38409.50254037588	966.2135656204861	1014.5250264978692	83.42272449160734	1008.0693383598123	NaN
1	0.10500000000000001	8344.078397858291	0.7773255715014764	38593.87864301331	966.2104343208221	1014.52173097823	83.42272425387549	1008.0660818264923	NaN
1	0.10500000000000001	8386.63862817534	0.7736094547671162	38779.26840492206	966.2073158695777	1014.5184490199891	83.42272401969923	1008.0628386946762	NaN
1	0.10500000000000001	8429.443108468326	0.7699085076426447	38965.680083210646	966.2042101898859	1014.5151805417415	83.42272378903934	1008.0596088839146	NaN
1	0.10500000000000001	8472.494040505731	0.7662226216368858	39153.12295789403	966.2011171901685	1014.5119254466074	83.42272356185626	1008.0563922984672	NaN
1	0.10500000000000001	8500.0	0.763886494960083	39272.86143100639	966.1991568624721	1014.5098623983379	83.42272341881434	1008.0543536575177	NaN
0	0.1	0.0	31.856305844992356	941.7287787848082	999.9999999989069	1000.0	83.42386699798026	993.7165994773948	NaN
0	0.1	0.790057163063205	31.856305844992356	941.7287787848082	1000.000000010591	1000.0	83.4238669803764	993.7165994518278	NaN
0	0.1	2.2467919899143367	31.856305844992356	941.7287787848082	999.9999999990724	1000.0	83.42386694976304	993.7165994738386	NaN
0	0.1	4.245568455879428	31.856305844992356	941.7287787848082	999.999999998672	1000.0	83.42386698503907	993.7165994770231	NaN
0	0.1	7.162310050476037	31.856305844992356	941.7287787848082	999.9999999972523	1000.0	83.42386696032206	993.7165994783418	NaN
0	0.1	11.333489522473865	31.856305844992356	941.7287787848082	1000.0000000030342	1000.0	83.42386696503848	993.7165994665841	NaN
0	0.1	17.504547588074765	31.856305844992356	941.7287787848082	1000.0000000022736	1000.0	83.42386696972895	993.7165994684841	NaN
0	0.1	27.12278679353717	31.856305844992356	941.7287787848082	1000.000000001086	1000.0	83.42386696959014	993.7165994709543	NaN
0	0.1	43.46591178806416	31.856305844992356	941.7287787848082	1000.0000000002717	1000.0	83.42386696929178	993.7165994726349	NaN
0	0.1	75.09354200708972	31.856305844992356	941.7287787848082	999.9999999999923	1000.0	83.42386696963587	993.7165994732414	NaN
0	0.1	150.63428114488528	31.856305844992356	941.7287787848082	999.9999999999953	1000.0	83.42386696976075	993.7165994732434	NaN
0	0.1	414.07415911986095	31.856305844992356	941.7287787848082	1000.0000000000001	1000.0	83.42386696976219	993.7165994732339	NaN
0	0.1	500.0	31.856305844992356	941.7287787848082	1000.0000000000003	1000.0	83.42386696976203	993.7165994732337	NaN
0	0.10500000000000001	500.0	31.856305844992356	941.7287787848082	999.9999999989069	1000.0	83.42386699798026	993.7165994773948	NaN
0	0.10500000000000001	500.00754025392354	31.85630581147463	941.7288213821467	999.9999969591935	1000.0376870593321	83.4236565350027	993.7166002699585	NaN
0	0.10500000000000001	500.020819549206	31.85630516165239	941.7291029661998	999.9999718057632	1000.1039894577862	83.42226549777932	993.7166161434105	NaN
0	0.10500000000000001	500.03678292477787	31.856302215835345	941.7297886502937	999.9998932392995	1000.1835767923418	83.41887982712305	993.7166912295312	NaN
0	0.10500000000000001	500.05796198823725	31.856292319324712	941.7312800920313	999.9996734299745	1000.2889716635559	83.41152378729336	993.7169576322746	NaN
0	0.10500000000000001	500.08281013005694	31.856268522279986	941.7338704328704	999.9991871881846	1000.4123409933601	83.39877413791287	993.7176408757622	NaN
0	0.10500000000000001	500.1120220055363	31.856219057059107	941.7380686484639	999.9982006523305	1000.556984477152	83.37817971010188	993.7191681048268	NaN
0	0.10500000000000001	500.14473018490787	31.85613082896258	941.7442383710841	999.9964194568545	1000.7184393904374	83.34806402665174	993.7221152553531	NaN
0	0.10500000000000001	500.180843012466	31.85598771949052	941.7528416136132	999.9934270959702	1000.8960880775613	83.30635637654885	993.7273062783765	NaN
0	0.10500000000000001	500.21977402786894	31.85577478800166	941.7642092664573	999.9887503311041	1001.0868829597982	83.25173796251883	993.7357067571392	NaN
0	0.10500000000000001	500.2612048323365	31.85547719609163	941.7786784666613	999.9818287310679	1001.289114718098	83.18299171851956	993.748471494704	NaN
0	0.10500000000000001	500.30470236722005	31.855082793687373	941.7964864966278	999.972075628109	1001.5005349150588	83.09952245848234	993.7668306088403	NaN
0	0.10500000000000001	500.3499461843493	31.854581188104728	941.8178388041504	999.9588724379972	1001.719469363003	83.00103118689363	993.7920933414277	NaN
0	0.10500000000000001	500.39661490519507	31.85396467999983	941.8428707787784	999.9416132898831	1001.9442634729877	82.88768675107241	993.8255587891791	NaN
0	0.10500000000000001	500.44445157819445	31.853227436323888	941.8716825599954	999.9197085051585	1002.1735971630204	82.75994935535354	993.868503977709	NaN
0	0.10500000000000001	500.493226691242	31.85236558628384	941.9043298662791	999.8926110935354	1002.4063030094837	82.6185942948202	993.9221284508857	NaN
0	0.10500000000000001	500.5427532403495	31.851376627930666	941.940841909594	999.8598209447864	1002.6414354211317	82.46461140678552	993.987542528012	NaN
0	0.10500000000000001	500.59287541149206	31.850259203312778	941.9812244860703	999.8208952449713	1002.8782129431467	82.29917176486269	994.0657440739226	NaN
0	0.10500000000000001	500.6434693125087	31.84901269965198	942.0254702360223	999.7754487925259	1003.1160183636922	82.12356548642235	994.1576158241994	NaN
0	0.10500000000000001	500.6944345750637	31.84763709080214	942.0735608236672	999.7231582538645	1003.3543559443021	81.9391758275349	994.2639152828584	NaN
0	0.10500000000000001	500.74569455639573	31.846132634618858	942.1254749784804	999.6637577192764	1003.5928496472967	81.74743261386409	994.3852825362284	NaN
0	0.10500000000000001	500.797191127719	31.844499748222866	942.1811907634743	999.5970377801267	1003.8312162801163	81.54979200828407	994.522241314428	NaN
0	0.10500000000000001	500.8488826524531	31.842738848112173	942.2406895567443	999.5228411594617	1004.0692540059932	81.34771256445292	994.6752073203733	NaN
0	0.10500000000000001	500.9007408963774	31.840850262538225	942.3039578903907	999.4410596464576	1004.3068262525411	81.14264191469152	994.8444941135475	NaN
0	0.10500000000000001	500.9527489367398	31.838834150718444	942.3709893352146	999.3516303313521	1004.5438506021386	80.93600543860931	995.0303205852252	NaN
0	0.10500000000000001	501.00489901795754	31.836690456341447	942.4417854341955	999.2545327058054	1004.7802877437748	80.72919987487599	995.2328167646291	NaN
0	0.10500000000000001	501.05719087163965	31.834418872533394	942.5163564112967	999.1497859982003	1005.0161328252153	80.52358886230193	995.4520292148543	NaN
0	0.10500000000000001	501.1096301136985	31.832018828301997	942.5947212885471	999.0374474217684	1005.2514073950155	80.32050101350791	995.6879245751293	NaN
0	0.10500000000000001	501.16222692296094	31.829489484645453	942.6769077794672	998.9176109653274	1005.4861528298022	80.1212288822382	995.9403919858024	NaN
0	0.10500000000000001	501.21499480864134	31.826829745272022	942.7629517783744	998.7904070397699	1005.7204243454443	79.92702884840241	996.2092437111053	NaN
0	0.10500000000000001	501.2679494882137	31.82403827899899	942.8528965307833	998.6560028803738	1005.9542856704121	79.73912117173442	996.4942141364422	NaN
0	0.10500000000000001	501.32110787472766	31.82111355183741	942.9467915405396	998.5146035881921	1006.1878043573425	79.55868964775112	996.7949573581166	NaN
0	0.10500000000000001	501.37448709032003	31.818053871668237	943.044691113897	998.366453883902	1006.4210473507954	79.38688066254943	997.1110431813222	NaN
0	0.10500000000000001	501.4281035200417	31.814857444090368	943.1466525828667	998.2118403984305	1006.6540768672215	79.22480113708083	997.4419518686353	NaN
0	0.10500000000000001	501.4819719102932	31.81152243842769	943.252734237028	998.0510943022716	1006.8869465985379	79.07351498082778	997.7870680338244	NaN
0	0.10500000000000001	501.53610449936934	31.808047063939572	943.3629929595465	997.8845940928032	1007.1196981782496	78.93403782039768	998.1456740427363	NaN
0	0.10500000000000001	501.59051021934937	31.804429653035736	943.4774816663004	997.7127681776993	1007.3523580722639	78.80732973626814	998.5169436779677	NaN
0	0.10500000000000001	501.6451939971806	31.800668748387952	943.5962466427216	997.5360968895162	1007.5849350010639	78.69428595668532	998.8999368432785	NaN
0	0.10500000000000001	501.70015624784924	31.796763185626055	943.7193250358995	997.3551133391568	1007.8174182690935	78.5957255418059	999.293596592975	NaN
0	0.10500000000000001	501.75539255439855	31.792712168907297	943.8467425803891	997.1704028335728	1008.0497769481038	78.51237857485528	999.6967491067547	NaN
0	0.10500000000000001	501.8108936519508	31.788515327332266	943.9785119287765	996.9826002323803	1008.2819603725442	78.44487237777707	1000.1081080151129	NaN
0	0.10500000000000001	501.86664569526795	31.784172748906332	944.1146316813728	996.7923851454605	1008.5138998121229	78.39371776718329	1000.5262833611102	NaN
0	0.10500000000000001	501.9226308723764	31.779684982370583	944.25508640985	996.6004747194736	1008.7455115326607	78.35929635954132	1000.9497958413955	NaN
0	0.10500000000000001	501.97882823849136	31.77505301184672	944.3998475117955	996.4076145397651	1008.9767006724123	78.34185013054378	1001.3770952743824	NaN
0	0.10500000000000001	502.0352147612108	31.770278201551985	944.5488749770717	996.2145679165344	1009.2073658608192	78.34147408891475	1001.8065828030134	NaN
0	0.10500000000000001	502.09176643683156	31.765362219618975	944.7021197807302	996.0221043737896	1009.4374039770591	78.3581127221149	1002.2366351138058	NaN
0	0.10500000000000001	502.1484593704421	31.760306949698652	944.8595266323368	995.8309880981799	1009.6667146046028	78.39156039387532	1002.665629054809	NaN
0	0.10500000000000001	502.20527071414466	31.755114400860304	945.0210367573345	995.6419670838432	1009.8952037651704	78.4414654477984	1003.0919650425102	NaN
0	0.10500000000000001	502.26217941795494	31.749786622524407	945.1865905058057	995.4557634382808	1010.1227867752862	78.50733745802125	1003.5140882154337	NaN
0	0.10500000000000001	502.31916673443783	31.74432563328066	945.3561295190767	995.2730652603202	1010.3493900235292	78.5885568475129	1003.9305063796403	NaN
0	0.10500000000000001	502.3762165221522	31.73873336314012	945.5295984738738	995.0945200510524	1010.5749518871218	78.68438611922682	1004.3398047840446	NaN
0	0.10500000000000001	502.43331532345496	31.733011614958894	945.7069462306276	994.9207297535593	1010.7994227253237	78.79398191411356	1004.7406574458245	NaN
0	0.10500000000000001	502.4904523298827	31.72716203688107	945.8881266425162	994.7522470119682	1011.0227644274738	78.91640743318813	1005.1318358972002	NaN
0	0.10500000000000001	502.54761921704215	31.72118610947504	946.0730989134893	994.5895726219524	1011.2449494638114	79.05064472389562	1005.5122153609211	NaN
0	0.10500000000000001	502.6048099524005	31.715085138404653	946.2618277903249	994.4331537589982	1011.465959857968	79.19560670119021	1005.8807792600671	NaN
0	0.10500000000000001	502.66202060758474	31.708860249545463	946.4542836843756	994.2833828165286	1011.6857862062524	79.35014880607278	1006.2366224229547	NaN
0	0.10500000000000001	502.7192491573333	31.70251238844018	946.6504426641628	994.1405968283839	1011.9044266746977	79.51308014624674	1006.5789530158829	NaN
0	0.10500000000000001	502.77649535694155	31.69604231376739	946.8502866375578	994.0050771784295	1012.121886323383	79.68317431167405	1006.9070938910332	NaN
0	0.10500000000000001	502.8337606420777	31.689450590143256	947.0538035582402	993.87704971888	1012.3381765342949	79.85917970385898	1007.2204830556212	NaN
0	0.10500000000000001	502.89104810465403	31.682737573549414	947.2609878630032	993.7566851446117	1012.5533147400575	80.03982951604968	1007.5186736242076	NaN
0	0.10500000000000001	502.94836249222965	31.67590339457739	947.47184097903	993.6440997343052	1012.7673242462696	80.22385118804618	1007.8013329823777	NaN
0	0.10500000000000001	503.005710235281	31.668947938608348	947.6863719281374	993.5393564154529	1012.9802341598341	80.40997530784107	1008.0682412531315	NaN
0	0.10500000000000001	503.0630995105552	31.66187082150038	947.9045980718668	993.4424661087754	1013.1920794492595	80.59694394975747	1008.3192891642605	NaN
0	0.10500000000000001	503.12054026131295	31.654671370273938	948.1265457047657	993.3533894455741	1013.4029008416729	80.7835181558683	1008.5544750522278	NaN
0	0.10500000000000001	503.17804424343404	31.647348600546195	948.3522507504834	993.2720386644443	1013.6127448137963	80.96848476373974	1008.7739014622327	NaN
0	0.10500000000000001	503.23562503327395	31.63990119869474	948.5817593147455	993.1982797312738	1013.8216634409581	81.15066237560835	1008.9777711977448	NaN
0	0.10500000000000001	503.29329796692235	31.63232751328309	948.8151279558393	993.1319346237239	1014.0297140003651	81.32890641114152	1009.1663829158215	NaN
0	0.10500000000000001	503.3510800718422	31.624625548479532	949.0524238968022	993.0727836102706	1014.2369585563755	81.50211351640455	1009.3401266785423	NaN
0	0.10500000000000001	503.4089899102	31.61679297052415	949.2937248387082	993.0205675459607	1014.443463241544	81.66922519078798	1009.4994793498589	NaN
0	0.10500000000000001	503.46704737093864	31.608827123284232	949.5391184970703	992.9749900571315	1014.6492973767031	81.82923091010557	1009.6450001444543	NaN
0	0.10500000000000001	503.5252733896918	31.600725056463173	949.7887017513144	992.9357195794728	1014.854532363447	81.98117087607578	1009.7773263951377	NaN
0	0.10500000000000001	503.5836895745818	31.592483570493158	950.042579282776	992.9023912191882	1015.0592402820865	82.12413856574707	1009.8971695953088	NaN
0	0.10500000000000001	503.64231774584727	31.584099278166512	950.3008616989105	992.8746084058301	1015.2634922355936	82.25728336840552	1010.0053118033409	NaN
0	0.10500000000000001	503.7011793693487	31.575568686999986	950.5636630197442	992.8519443554429	1015.4673563824342	82.37981354199275	1010.1026023682984	NaN
0	0.10500000000000001	503.7602948785822	31.566888304473633	950.8310974593315	992.8339433820111	1015.6708956545639	82.49099977397806	1010.1899549092356	NaN
0	0.10500000000000001	503.8196828714103	31.558054769624924	951.1032753933143	992.8201221351943	1015.8741651290936	82.5901796109567	1010.2683443893768	NaN
0	0.10500000000000001	503.8793592070247	31.549065008727453	951.3802985804435	992.8099708730567	1016.0772091578236	82.67676306297726	1010.3388040934984	NaN
0	0.10500000000000001	503.9393360102691	31.539916415213185	951.6622546306712	992.8029549349882	1016.280058292798	82.75023956647686	1010.4024221787466	NaN
0	0.10500000000000001	503.99962062829655	31.530607048001333	951.9492108968604	992.7985166145904	1016.4827261718019	82.81018642701223	1010.4603374215379	NaN
0	0.10500000000000001	504.0602146529844	31.521135830939546	952.2412083203172	992.7960776666158	1016.6852067484017	82.8562787184392	1010.513733755599	NaN
0	0.10500000000000001	504.12111308079176	31.511502740974976	952.5382556094856	992.7950427027292	1016.8874720943942	82.88830026199426	1010.5638331033327	NaN
0	0.10500000000000001	504.1823037724226	31.501708956975808	952.84032461612	992.7948036945829	1017.0894712890037	82.90615506523274	1010.6118861343281	NaN
0	0.10500000000000001	504.2437673650295	31.491756940242052	953.1473478024732	992.7947457252606	1017.2911308510094	82.90987820119406	1010.6591607193384	NaN
0	0.10500000000000001	504.3054777272472	31.481650425760023	953.4592184483826	992.7942539846105	1017.4923569419672	82.89964481135954	1010.7069280897683	NaN
0	0.10500000000000001	504.3674030365398	31.47139430376746	953.7757942340716	992.7927218107486	1017.6930395192032	82.87577582651207	1010.7564471043067	NaN
0	0.10500000000000001	504.4295074527402	31.460994387923243	954.0969043210558	992.7895593739707	1017.893058265929	82.83873912494428	1010.8089473818884	NaN
0	0.10500000000000001	504.4917531483155	31.45045710326443	954.4223589160829	992.7842024410144	1018.0922894505769	82.7891453933709	1010.8656122560901	NaN
0	0.10500000000000001	504.5541026051195	31.43978910519886	954.7519609797271	992.7761205839296	1018.2906133806935	82.7277385515485	1010.9275628061121	NaN
0	0.10500000000000001	504.61652076305387	31.428996898688982	955.0855179511819	992.7648242667661	1018.4879211110438	82.65538150878811	1010.9958438728694	NaN
0	0.10500000000000001	504.67897695601516	31.41808647147886	955.422853065296	992.7498703787935	1018.6841202287421	82.57303839194363	1011.0714129741298	NaN
0	0.10500000000000001	504.7414463648018	31.407062992664702	955.763814677661	992.7308660235243	1018.8791389089484	82.48175490669198	1011.1551323975511	NaN
0	0.10500000000000001	504.80391577358836	31.395929726015666	956.1083099207289	992.7074686036949	1019.0729431163091	82.38263046623734	1011.2477719907145	NaN
0	0.10500000000000001	504.866385182375	31.384687633964475	956.4563170676554	992.6793839344328	1019.265540413916	82.27679482724966	1011.3500131330152	NaN
0	0.10500000000000001	504.92885459116155	31.373337674470775	956.8078145284198	992.6463705184215	1019.4569383177629	82.16541367162418	1011.4624296747452	NaN
0	0.10500000000000001	504.9913239999481	31.361880801005935	957.1627808489301	992.6082405660239	1019.6471442970376	82.04967765228085	1011.5854850870298	NaN
0	0.10500000000000001	505.05379340873475	31.3503179625386	957.5211947101337	992.5648605230643	1019.8361657744136	81.93079141248828	1011.7195306392454	NaN
0	0.10500000000000001	505.1162628175213	31.338650103520912	957.883034927135	992.5161511104293	1020.0240101263403	81.80996268070955	1011.8648046016041	NaN
0	0.10500000000000001	505.1787546140194	31.326873926516836	958.2484119524775	992.4620665504801	1020.2107513747151	81.68834798132372	1012.021490633417	NaN
0	0.10500000000000001	505.24129670018044	31.314984929513308	958.6174738988818	992.40260092133	1020.3964781577178	81.56707656476675	1012.1896924114636	NaN
0	0.10500000000000001	505.3039190925027	31.302978018644957	958.9903876174626	992.3377885279068	1020.5812832428461	81.44725179455422	1012.3694301740175	NaN
0	0.10500000000000001	505.36665443465796	31.290847395176414	959.367342280553	992.2677015065832	1020.7652648581028	81.32994588634325	1012.5606458170402	NaN
0	0.10500000000000001	505.4295365110132	31.278586829063524	959.7485409570506	992.1924497529709	1020.9485221590089	81.21619900645376	1012.763201748277	NaN
0	0.10500000000000001	505.49259973691227	31.266189754163264	960.1341977134113	992.1121803957371	1021.1311536780839	81.10701658322482	1012.9768813677163	NaN
0	0.10500000000000001	505.5558780593173	31.25364948553354	960.5245309059692	992.0270784071761	1021.3132541363798	81.00336739943059	1013.2013867146807	NaN
0	0.10500000000000001	505.6194041054163	31.24095939725916	960.9197576814839	991.9373673561413	1021.4949120789453	80.90618051655028	1013.4363359318604	NaN
0	0.10500000000000001	505.6832080901341	31.22811315674149	961.320086698567	991.843310790026	1021.6762069166671	80.81634153741749	1013.6812591517167	NaN
0	0.10500000000000001	505.7473167770855	31.215104957995827	961.7257108528921	991.7452137229337	1021.8572062337339	80.73468738495184	1013.9355940917699	NaN
0	0.10500000000000001	505.8117523442391	31.201929783785168	962.1367990730424	991.6434242361177	1022.0379629380483	80.66199960060723	1014.1986812206676	NaN
0	0.10500000000000001	505.87653130888947	31.18858366556478	962.5534881495314	991.5383347282611	1022.2185126963972	80.59899582522846	1014.4697595712144	NaN
0	0.10500000000000001	505.9416635410286	31.17506393443508	962.9758748071629	991.4303824860862	1022.3988717275057	80.54631951769656	1014.7479639196549	NaN
0	0.10500000000000001	506.00715147738305	31.161369438482172	963.404008789288	991.3200491028174	1022.5790352499187	80.50452810540206	1015.032324430867	NaN
0	0.10500000000000001	506.0729896557971	31.14750069892714	963.8378878194844	991.2078582704228	1022.7589768854046	80.47408006497305	1015.3217699011454	NaN
0	0.10500000000000001	506.1391646957264	31.133459974743253	964.277455398122	991.0943715219511	1022.938649317444	80.45532174791825	1015.6151356531989	NaN
0	0.10500000000000001	506.2056557876451	31.119251217391163	964.7226020219333	990.980181723237	1023.1179863166503	80.44847506005233	1015.9111766386633	NaN
0	0.10500000000000001	506.2724357030817	31.104879907651565	965.1731700955316	990.8659043628578	1023.2969060993875	80.45362722897974	1016.2085857461392	NaN
0	0.10500000000000001	506.33947228131353	31.09035277860402	965.6289624281072	990.7521669629356	1023.4753158366719	80.47072383863564	1016.5060166880007	NaN
0	0.10500000000000001	506.40673022308835	31.075677456984543	966.0897533240479	990.6395973064435	1023.6531168063591	80.49956602722698	1016.8021099292356	NaN
0	0.10500000000000001	506.4741730555296	31.060862049893455	966.5553014367032	990.5288112177915	1023.8302097953167	80.53981229522267	1017.095520032208	NaN
0	0.10500000000000001	506.5417649954113	31.045914735976503	967.0253625384406	990.4204008788086	1024.0065000228406	80.59098479734112	1017.3849421172463	NaN
0	0.10500000000000001	506.6094726268472	31.030843381335004	967.4997015723291	990.3149242762396	1024.1819013838433	80.65247957189094	1017.6691360800368	NaN
0	0.10500000000000001	506.6772662261393	31.01565522015278	967.9781027244627	990.2128963898878	1024.3563396091981	80.72357977887485	1017.946947079327	NaN
0	0.10500000000000001	506.7451207545468	31.000356599396188	968.4603775284527	990.1147822765909	1024.5297544429873	80.8034709666341	1018.2173219180359	NaN
0	0.10500000000000001	506.81301644620817	30.98495280789097	968.9463703516305	990.020992205277	1024.7021006963996	80.89125728385106	1018.4793208515023	NaN
0	0.10500000000000001	506.8809391567191	30.969447956208057	969.4359623091943	989.9318785283804	1024.8733486458723	80.98597791139541	1018.7321255737064	NaN
0	0.10500000000000001	506.9488804162649	30.953844922836787	969.9290731081593	989.8477342257087	1025.043483666156	81.08662291641593	1018.9750434085327	NaN
0	0.10500000000000001	507.0168373307277	30.938145336382743	970.4256617665727	989.7687927240956	1025.2125054901805	81.19214815457852	1019.2075086342228	NaN
0	0.10500000000000001	507.08481237127444	30.92234958581947	970.9257264535482	989.6952287391091	1025.3804272137345	81.30148892025358	1019.4290814854108	NaN
0	0.10500000000000001	507.1528130836252	30.906456852485654	971.42930364451	989.6271598953342	1025.5472741340564	81.41357217619927	1019.6394453568222	NaN
0	0.10500000000000001	507.2208517475012	30.890465157290713	971.9364667945688	989.564648894899	1025.7130825050183	81.52732731698893	1019.8384027132677	NaN
0	0.10500000000000001	507.28894503845595	30.874371411084148	972.4473249092572	989.507706011601	1025.8778983394939	81.64169555742669	1020.0258702234663	NaN
0	0.10500000000000001	507.3571136261686	30.858171483725695	972.9620205178798	989.4562918202153	1026.0417760993964	81.75563791202973	1020.2018732453632	NaN
0	0.10500000000000001	507.4253817865532	30.84186027374091	973.4807276218058	989.4103199557609	1026.2047774633495	81.86814202603814	1020.3665401781782	NaN
0	0.10500000000000001	507.4937769732825	30.82543179137466	974.0036492093216	989.369659843374	1026.3669700403684	81.97822794224568	1020.5200967623803	NaN
0	0.10500000000000001	507.5623293199398	30.808879262209587	974.5310141055626	989.3341393177466	1026.528425965186	82.08495297020747	1020.6628604824436	NaN
0	0.10500000000000001	507.63107109248733	30.792195247004535	975.0630732914913	989.3035470430527	1026.6892204275457	82.18741593948317	1020.79523529527	NaN
0	0.10500000000000001	507.7000360375891	30.775371791339346	975.600095254058	989.2776347136332	1026.8494300136442	82.28476102920395	1020.9177066901198	NaN
0	0.10500000000000001	507.7692585973425	30.75840061303869	976.1423601055266	989.256119014503	1027.0091308024882	82.37618144449121	1021.0308371162248	NaN
0	0.10500000000000001	507.8387729309534	30.74127334303844	976.6901519613941	989.2386833552032	1027.1683960952535	82.46092320679439	1021.1352617154662	NaN
0	0.10500000000000001	507.9086117828117	30.723981811366283	977.2437498302129	989.2249793964927	1027.3272938877146	82.5382894787162	1021.2316843844352	NaN
0	0.10500000000000001	507.97880507805274	30.706518409003976	977.8034160163631	989.2146284822626	1027.4858838344157	82.60764564245025	1021.3208738412561	NaN
0	0.10500000000000001	508.0493783243315	30.688876507990877	978.3693825816167	989.207223087083	1027.6442139103874	82.66842557711202	1021.4036595696624	NaN
0	0.10500000000000001	508.1203507989774	30.67105094640832	978.9418356346561	989.2023284870136	1027.8023167454098	82.72013936218686	1021.4809272065661	NaN
0	0.10500000000000001	508.1917336888726	30.653038537452638	979.5208987404795	989.1994849036744	1027.9602060232926	82.76238263575482	1021.5536130201206	NaN
0	0.10500000000000001	508.26352831046023	30.634838570340072	980.1066164769954	989.1982104417013	1028.1178732300216	82.7948474785608	1021.6226969190805	NaN
0	0.10500000000000001	508.3357247084148	30.61645322589152	980.6989406219989	989.1980051464998	1028.2752853899772	82.81733440132834	1021.6891935529245	NaN
0	0.10500000000000001	508.40830102196634	30.597887803676567	981.2977223140597	989.1983564660078	1028.4323845863096	82.8297644961966	1021.7541411966897	NaN
0	0.10500000000000001	508.4812238192662	30.579150702644263	981.9027121069786	989.1987462520783	1028.5890896081582	82.83219025114012	1021.8185882141393	NaN
0	0.10500000000000001	508.55444971110563	30.560253066795845	982.5135708400154	989.1986591872661	1028.7453002777272	82.82480328334537	1021.8835774935818	NaN
0	0.10500000000000001	508.6279281455883	30.541208111329563	983.1298909126559	989.1975922199248	1028.9009041074385	82.80793722178542	1021.9501295113794	NaN
0	0.10500000000000001	508.7016051359619	30.52203018493033	983.7512262479263	989.1950643159224	1029.0557846387499	82.78206452876073	1022.0192251536453	NaN
0	0.10500000000000001	508.7754273380025	30.5027337144798	984.3771262742791	989.1906256973554	1029.2098301500182	82.74778700687293	1022.0917894798617	NaN
0	0.10500000000000001	508.84934597723515	30.483332161898215	985.0071697515349	989.1838657905398	1029.3629416695687	82.7058207689942	1022.1686776509752	NaN
0	0.10500000000000001	508.9233201008779	30.46383713407319	985.6409938604394	989.1744193322405	1029.515039242206	82.6569772958951	1022.2506638103241	NaN
0	0.10500000000000001	508.9973188772299	30.444257725591633	986.2783159247332	989.1619704001923	1029.666065966374	82.60214257941912	1022.338433294461	NaN
0	0.10500000000000001	509.07132288990863	30.424600116272483	986.9189469895133	989.146254437374	1029.815989805068	82.54225624183363	1022.4325781137702	NaN
0	0.10500000000000001	509.1453269025874	30.404866770086286	987.5628185213698	989.1270578898102	1029.9648082424476	82.47828999927206	1022.5335986420055	NaN
0	0.10500000000000001	509.21933091526614	30.385058759700033	988.2099071423136	989.1042195008655	1030.1125294287312	82.4112381501944	1022.6418923211909	NaN
0	0.10500000000000001	509.29335120511047	30.365172768276118	988.8603330252208	989.0776254669848	1030.2591935865091	82.34209310973174	1022.7577717885334	NaN
0	0.10500000000000001	509.3674108528446	30.345203569301738	989.5142795145067	989.0472093554358	1030.4048532624265	82.27184113491585	1022.881456330031	NaN
0	0.10500000000000001	509.4415422995345	30.32514330309082	990.172017260421	989.0129484871143	1030.5495778251673	82.20144989135493	1023.0130807655247	NaN
0	0.10500000000000001	509.51578391956076	30.304982367779967	990.8338755053742	988.9748624559315	1030.693446198544	82.13186348658644	1023.1526951212734	NaN
0	0.10500000000000001	509.5901794469156	30.284709552322788	991.500238095538	988.9330108949832	1030.836545366778	82.06399636065366	1023.300268311015	NaN
0	0.10500000000000001	509.66477593405534	30.264312575449377	992.1715261013533	988.8874923477936	1030.9789661415803	81.9987295463819	1023.4556883968916	NaN
0	0.10500000000000001	509.7396223243112	30.24377846787682	992.8481854828298	988.8384433681387	1031.1208002631768	81.93690678139106	1023.6187629147321	NaN
0	0.10500000000000001	509.8147676057253	30.223094077934906	993.5306705927143	988.7860383594791	1031.2621368369716	81.87933087478334	1023.7892173265059	NaN
0	0.10500000000000001	509.89025894603117	30.202246592332077	994.2194270572535	988.7304898756174	1031.4030588884534	81.82675941295597	1023.9666924724631	NaN
0	0.10500000000000001	509.96613964474676	30.18122411733022	994.9148725268649	988.6720493407635	1031.5436397338271	81.77989944980561	1024.1507409486142	NaN
0	0.10500000000000001	510.04244689201096	30.160016324014116	995.6173751504223	988.6110079997051	1031.6839391645235	81.73940074700208	1024.3408227725402	NaN
0	0.10500000000000001	510.1192094602563	30.138615123298294	996.3272308865753	988.5476977251	1031.8239996934606	81.70584718011487	1024.5363012043035	NaN
0	0.10500000000000001	510.19644542614503	30.117015343446578	997.0446405391589	988.4824912522113	1031.9638430454256	81.6797461886794	1024.736439698497	NaN
0	0.10500000000000001	510.2741602000385	30.09521533166888	997.7696891171724	988.4158012179104	1032.1034673849629	81.66151640426088	1024.9404015349885	NaN
0	0.10500000000000001	510.3523451473478	30.073217397469946	998.5023302783586	988.3480773728979	1032.2428457563813	81.65147406373517	1025.1472537237119	NaN
0	0.10500000000000001	510.43097722620985	30.051027973952586	999.2423800320714	988.2798013024039	1032.381926424948	81.64981930621774	1025.3559769928445	NaN
0	0.10500000000000001	510.5100198768157	30.028657424161164	999.9895222268399	988.2114783432879	1032.5206354297907	81.65662397128028	1025.5654827984656	NaN
0	0.10500000000000001	510.58942531937225	30.00611944049765	1000.7433276804333	988.1436267390009	1032.6588814968209	81.6718227391702	1025.774637497632	NaN
0	0.10500000000000001	510.6691380696218	29.98343008377405	1001.5032855339091	988.0767646915986	1032.7965628446686	81.69520930198524	1025.9822922311905	NaN
0	0.10500000000000001	510.7490992022934	29.960606589747123	1002.2688426704275	988.011396460149	1032.9335749645113	81.72643859984309	1026.1873157669872	NaN
0	0.10500000000000001	510.8292508017133	29.93766610050571	1003.0394460006052	987.9479988275598	1033.0698183551376	81.76503522667826	1026.3886270663593	NaN
0	0.10500000000000001	510.90953999483145	29.914624494526777	1003.8145818010955	987.8870092024475	1033.2052051852386	81.81040715038841	1026.5852243657325	NaN
0	0.10500000000000001	510.98992216502006	29.891495434525652	1004.5938080661954	987.8288162110601	1033.3396642611483	81.8618632303873	1026.7762085626916	NaN
0	0.10500000000000001	511.07036315179204	29.868289694801476	1005.3767777203558	987.773753161117	1033.4731440637133	81.91863275611975	1026.9607998467327	NaN
0	0.10500000000000001	511.15084043130156	29.84501477570262	1006.1632523397933	987.7220943234425	1033.6056139484156	81.97988534002563	1027.1383475932453	NaN
0	0.10500000000000001	511.2313435227791	29.821674739818835	1006.9531084982218	987.6740535973195	1033.7370640076992	82.04474994989614	1027.3083345668413	NaN
0	0.10500000000000001	511.3118736722262	29.798270259114606	1007.7463370240638	987.6297851423245	1033.867503752753	82.11233212286005	1027.4703763002071	NaN
0	0.10500000000000001	511.3924431707863	29.774798772322946	1008.5430385134247	987.589385328412	1033.9969602535025	82.18172903860889	1027.6242172845382	NaN
0	0.10500000000000001	511.4730743590768	29.75125473918439	1009.3434155149512	987.5528955806689	1034.1254758500668	82.25204225015273	1027.769724892432	NaN
0	0.10500000000000001	511.55379848158583	29.727629944632312	1010.1477629489561	987.5203056765778	1034.2531057197593	82.32238822106069	1027.906882104994	NaN
0	0.10500000000000001	511.6346544487153	29.70391383633607	1010.9564573082071	987.4915571858025	1034.3799153995576	82.39190692047426	1028.035779756906	NaN
0	0.10500000000000001	511.7156875052985	29.680093895966817	1011.7699446151571	987.4665468318323	1034.5059782667004	82.45976879851821	1028.1566087835968	NaN
0	0.10500000000000001	511.7969478314834	29.65615603656417	1012.5887273833721	987.4451296073769	1034.6313730217526	82.52518056767738	1028.2696528732704	NaN
0	0.10500000000000001	511.8784889460681	29.63208506429606	1013.4133492594319	987.4271215801016	1034.7561809785664	82.58739013898929	1028.3752815805078	NaN
0	0.10500000000000001	511.96036591060187	29.60786520557394	1014.2443772861085	987.4123023298029	1034.8804831727691	82.64569121556914	1028.4739440629457	NaN
0	0.10500000000000001	512.0426332187975	29.583480734230818	1015.082380564996	987.4004170489978	1035.004357130337	82.69942798188312	1028.5661633210889	NaN
0	0.10500000000000001	512.1253422430281	29.558916737788035	1015.9279039307194	987.3911783897908	1035.127873130768	82.7480003501544	1028.6525307109973	NaN
0	0.10500000000000001	512.2085382634817	29.534160016569025	1016.7814367905489	987.3842681915572	1035.2510900393536	82.79087031788086	1028.7337005206512	NaN
0	0.10500000000000001	512.2922569856959	29.50920014498367	1017.6433760531347	987.3793393369116	1035.3740506057006	82.82756983118347	1028.8103840634242	NaN
0	0.10500000000000001	512.3765208767085	29.484030597717506	1018.5139864352329	987.3760180492962	1035.4967767509752	82.85771057865821	1028.8833429324052	NaN
0	0.10500000000000001	512.4613356010691	29.458649856656336	1019.3933610221463	987.3739070664242	1035.6192652634538	82.88099567840695	1028.9533807292366	NaN
0	0.10500000000000001	512.5466872698428	29.43306228349449	1020.2813895417141	987.3725901476614	1035.7414849097459	82.89723278785314	1029.0213328166296	NaN
0	0.10500000000000001	512.632541340483	29.407278502427207	1021.1777433257404	987.3716383139719	1035.8633760745822	82.90634737386165	1029.0880537825346	NaN
0	0.10500000000000001	512.7188439103043	29.38131506263888	1022.0818851795335	987.3706179816952	1035.9848538258277	82.90839409394962	1029.1544026446893	NaN
0	0.10500000000000001	512.8055258059131	29.355193250330874	1022.9931090106585	987.3691007430326	1036.1058147560614	82.90356380138633	1029.2212263667902	NaN
0	0.10500000000000001	512.8925090214699	29.328937175746287	1023.9106052020128	987.3666740750973	1036.2261467451992	82.89218395547282	1029.2893426183339	NaN
0	0.10500000000000001	512.9797145168392	29.30257142724205	1024.8335418285087	987.3629519102553	1036.3457400970453	82.87471134537664	1029.3595231326562	NaN
0	0.10500000000000001	513.0670698889627	29.276118739917084	1025.7611462223692	987.3575839501244	1036.4644979306013	82.85171762665524	1029.4324789038692	NaN
0	0.10500000000000001	513.1545156598758	29.249598062545434	1026.6927734108006	987.3502628782237	1036.5823441632322	82.82386959994072	1029.5088482101903	NaN
0	0.10500000000000001	513.2420095447657	29.22302322268526	1027.627954228609	987.3407290824258	1036.6992283684585	82.79190683958139	1029.5891880352053	NaN
0	0.10500000000000001	513.3295285293178	29.19640224981124	1028.5664207409322	987.3287729675009	1036.8151274628206	82.75661921604161	1029.6739688315747	NaN
0	0.10500000000000001	513.4170691585806	29.16973724150805	1029.5081127537878	987.3142352522888	1036.9300449354148	82.7188261762726	1029.763572282275	NaN
0	0.10500000000000001	513.5046464288481	29.14302465889239	1030.4531692039845	987.2970058210669	1037.044008275815	82.67935890420934	1029.8582912784293	NaN
0	0.10500000000000001	513.5922918814348	29.116255872129283	1031.4019105921725	987.2770216841183	1037.1570654804307	82.63904567846686	1029.958331439276	NaN
0	0.10500000000000001	513.6800511365948	29.089417884898594	1032.3548148752657	987.2542645724735	1037.2692809994562	82.5987003282049	1030.063813263685	NaN
0	0.10500000000000001	513.7679812112526	29.062494133390945	1033.312490455117	987.2287585449511	1037.3807315956258	82.55911326376479	1030.1747743438907	NaN
0	0.10500000000000001	513.8561475995959	29.035465366099984	1034.2756460052558	987.2005679283137	1037.4915020981991	82.52104449728685	1030.2911709268017	NaN
0	0.10500000000000001	513.9446212208254	29.00831057225563	1035.2450582458118	987.1697957582645	1037.6016811928798	82.48521789378935	1030.4128785016087	NaN
0	0.10500000000000001	514.0334750928695	28.98100800191892	1036.221536100073	987.136582841355	1037.7113570782342	82.45231595300184	1030.5396910279162	NaN
0	0.10500000000000001	514.1227806556371	28.953536301225647	1037.2058803408322	987.1011074398504	1037.8206129115883	82.42297437990435	1030.671318711386	NaN
0	0.10500000000000001	514.2126036064075	28.925875805234348	1038.1988371361047	987.0635854964703	1037.9295219016853	82.39777575008529	1030.8073843785885	NaN
0	0.10500000000000001	514.3029992742165	28.898009980470853	1039.201045688385	987.0242711367805	1038.0381421150496	82.37724160270854	1030.9474189925775	NaN
0	0.10500000000000001	514.3940076623511	28.869926977528277	1040.212981303951	986.9834570118818	1038.1465111828863	82.3618224725959	1031.0908572946678	NaN
0	0.10500000000000001	514.4856486090385	28.841621154467173	1041.2348988445551	986.9414737833097	1038.2546414617682	82.35188568175619	1031.23703532494	NaN
0	0.10500000000000001	514.5779178471715	28.813094328304608	1042.266785334018	986.8986878286574	1038.3625165472247	82.34770129193068	1031.385192271656	NaN
0	0.10500000000000001	514.6707850557572	28.784356413573963	1043.3083341980275	986.8554961519447	1038.470090330573	82.34942744950335	1031.5344795156414	NaN
0	0.10500000000000001	514.7641949656347	28.7554251141011	1044.3589535601243	986.8123177413273	1038.5772896594374	82.35709727186224	1031.6839791888717	NaN
0	0.10500000000000001	514.8580719534123	28.726324527374445	1045.417814190408	986.7695813635086	1038.6840208593214	82.3706099839304	1031.8327326039805	NaN
0	0.10500000000000001	514.9523279152796	28.697082720218177	1046.4839355339757	986.7277106333537	1038.7901796184171	82.3897288104522	1031.9797767059647	NaN
0	0.10500000000000001	515.0468717722049	28.66772878324299	1047.5562918207077	986.6871082848917	1038.895662161808	82.41408691301893	1032.1241834716602	NaN
0	0.10500000000000001	515.1416190124601	28.638289858679926	1048.6339204404308	986.648141632109	1039.000375848322	82.44320098886419	1032.265097045762	NaN
0	0.10500000000000001	515.2364993875345	28.608788729705687	1049.716011037897	986.6111310423393	1039.1042471482142	82.4764905215619	1032.4017635374437	NaN
0	0.10500000000000001	515.3314621402096	28.579242169502198	1050.8019677646457	986.5763421650553	1039.2072264826058	82.51330003414206	1032.5335514500866	NaN
0	0.10500000000000001	515.4264785594519	28.54966011916162	1051.8914417535996	986.5439819550529	1039.3092898990524	82.55292172287433	1032.6599624625758	NaN
0	0.10500000000000001	515.5215423888022	28.52004553493384	1052.9843392764215	986.5141978510522	1039.4104383434535	82.59461656666512	1032.7806341809908	NaN
0	0.10500000000000001	515.6166686722237	28.4903947258561	1054.0808118544182	986.4870792734774	1039.5106952982023	82.63763277855226	1032.89533695265	NaN
0	0.10500000000000001	515.7118916537216	28.46069799126967	1055.181235127799	986.4626605806133	1039.6101035363697	82.68122120343457	1033.0039669269759	NaN
0	0.10500000000000001	515.8072621132044	28.43094043948812	1056.286180736116	986.4409247854753	1039.7087214470844	82.72464773835016	1033.1065370781073	NaN
0	0.10500000000000001	515.9028443888363	28.401102909469575	1057.3963840233582	986.4218074998709	1039.8066192194904	82.76720318237834	1033.2031674919465	NaN
0	0.10500000000000001	515.9987131464155	28.37116297621509	1058.5127082312085	986.4052007545239	1039.9038749603515	82.80821107955077	1033.294075733402	NaN
0	0.10500000000000001	516.0949497722104	28.341096078038973	1059.6361037063612	986.3909564993027	1040.0005706315496	82.84703418015638	1033.3795676862117	NaN
0	0.10500000000000001	516.191638277581	28.310876800223866	1060.7675607567064	986.37888969077	1040.0967877156822	82.88308024100232	1033.4600290614221	NaN
0	0.10500000000000001	516.2888605342723	28.28048037131676	1061.9080539471186	986.3687810003581	1040.1926024593658	82.9158078982381	1033.5359174771245	NaN
0	0.10500000000000001	516.3866904869215	28.24988448226504	1063.0584735514117	986.3603793097915	1040.2880803914964	82.94473329366613	1033.6077546482663	NaN
0	0.10500000000000001	516.4851875177186	28.219071373341833	1064.219546029005	986.3534042405801	1040.3832703499772	82.96943824598075	1033.6761183618805	NaN
0	0.10500000000000001	516.5843891626317	28.188030125777647	1065.3917457213424	986.3475491474982	1040.4781982612417	82.98958047104281	1033.7416335185142	NaN
0	0.10500000000000001	516.6843041743258	28.15675884559316	1066.5752094435823	986.3424851049308	1040.5728616522379	83.00490601057163	1033.8049616930452	NaN
0	0.10500000000000001	516.7849075721624	28.125266224479052	1067.7696735449395	986.3378664640313	1040.667226400597	83.01526319597464	1033.8667887917477	NaN
0	0.10500000000000001	516.8861397258574	28.093571834850547	1068.974458227338	986.33333840952	1040.7612274783964	83.02061631380236	1033.9278107401503	NaN
0	0.10500000000000001	516.98791116763	28.061704626303964	1070.188520177167	986.3285465232458	1040.8547749678007	83.02105602459874	1033.988717663995	NaN
0	0.10500000000000001	517.0901131472889	28.029699617730266	1071.4105748254256	986.3231477400182	1040.9477649804844	83.01680323287249	1034.0501773862288	NaN
0	0.10500000000000001	517.1926319505311	27.997593405507647	1072.6392656063463	986.3168214989342	1041.0400933323149	83.00820416163064	1034.1128193761629	NaN
0	0.10500000000000001	517.2953635813789	27.965419554430362	1073.8733400403003	986.309279691274	1041.1316687248764	82.99571657327786	1034.1772202706256	NaN
0	0.10500000000000001	517.3982256088585	27.933204876559852	1075.1117940840766	986.3002743040719	1041.2224226217259	82.97988933660798	1034.243891878334	NaN
0	0.10500000000000001	517.5011645936457	27.900967096895148	1076.353964995392	986.2896022640501	1041.312314648669	82.96133871878276	1034.313272307724	NaN
0	0.10500000000000001	517.6041589817197	27.86871394285695	1077.5995704420013	986.2771076169977	1041.4013337221566	82.94072466087547	1034.3857202925064	NaN
0	0.10500000000000001	517.7072185069597	27.836443331672605	1078.8487056068784	986.2626815734332	1041.4894960896695	82.91872930003767	1034.4615124275	NaN
0	0.10500000000000001	517.8103812899886	27.804144283352723	1080.1018120668004	986.2462611161995	1041.5768415020661	82.8960388581789	1034.5408426201132	NaN
0	0.10500000000000001	517.9137095433592	27.771798273307382	1081.3596291229862	986.2278268580474	1041.6634284135084	82.8733291018107	1034.6238228353534	NaN
0	0.10500000000000001	518.0172845838448	27.739380804052292	1082.6231359143144	986.207400701664	1041.7493288624087	82.8512539343027	1034.7104843153884	NaN
0	0.10500000000000001	518.1212012697891	27.70686315789861	1083.8934856646665	986.1850437488382	1041.8346231599617	82.83043639478451	1034.800778370975	NaN
0	0.10500000000000001	518.2255619208083	27.67421431144754	1085.1719326969283	986.1608547294061	1041.9193944554868	82.81146113126013	1034.8945761646082	NaN
0	0.10500000000000001	518.3304694808929	27.64140308528441	1086.4597492141484	986.1349690968462	1042.0037230081157	82.79486738191433	1034.991667035864	NaN
0	0.10500000000000001	518.4360196069237	27.60840062666991	1087.758127820953	986.1075587876908	1042.0876799497962	82.7811414969052	1035.0917552126953	NaN
0	0.10500000000000001	518.5422917347767	27.5751832068646	1089.0680702551717	986.0788323651502	1042.1713206377199	82.77070806572023	1035.1944555004266	NaN
0	0.10500000000000001	518.6493393914468	27.54173524689016	1090.3902654783947	986.0490350013305	1042.2546778600042	82.76391898359755	1035.2992891997444	NaN
0	0.10500000000000001	518.7571809629264	27.508052191522214	1091.7249719866718	986.018447313017	1042.3377558628542	82.76104028699189	1035.4056828140967	NaN
0	0.10500000000000001	518.8657931775391	27.474142524623154	1093.071932480174	985.9873816804537	1042.42052688245	82.76223755572072	1035.5129733224974	NaN
0	0.10500000000000001	518.9751100782807	27.440028061314877	1094.4303558791703	985.9561746890231	1042.5029320987235	82.76756202405139	1035.6204239412923	NaN
0	0.10500000000000001	519.0850295647209	27.405741872783416	1095.798993593109	985.9251750516162	1042.5848882301004	82.77694071129498	1035.7272524732152	NaN
0	0.10500000000000001	519.1954273557358	27.371323898586986	1097.1763095158117	985.8947278027184	1042.6662992195418	82.79017401012587	1035.8326704270419	NaN
0	0.10500000000000001	519.3061753009389	27.336815213844993	1098.5607065838262	985.8651571008212	1042.7470703613048	82.80694269498929	1035.9359267134137	NaN
0	0.10500000000000001	519.4171592117171	27.30225246308322	1099.950750063814	985.8367506645948	1042.827121171613	82.82682372450444	1036.0363476453085	NaN
0	0.10500000000000001	519.5282924537737	27.267663632884673	1101.345340211869	985.8097481169603	1042.906394389145	82.84931201663052	1036.133367017594	NaN
0	0.10500000000000001	519.6395235485852	27.233065705614884	1102.743811453021	985.7843341539568	1042.9848601403953	82.87384452022678	1036.2265436984949	NaN
0	0.10500000000000001	519.7508383932978	27.198463998431336	1104.14596469914	985.7606360903987	1043.0625160461907	82.89982349802658	1036.3155679385402	NaN
0	0.10500000000000001	519.8622585697602	27.1638527239573	1105.5520504573128	985.7387246946355	1043.1393845842872	82.9266371016353	1036.400259266503	NaN
0	0.10500000000000001	519.9738371813332	27.129216320361316	1106.9627202906104	985.7186171200532	1043.2155088965205	82.95367644911356	1036.4805590472906	NaN
0	0.10500000000000001	520.0856533057121	27.094531209078358	1108.3789600471703	985.7002809141906	1043.2909478958006	82.98034926482822	1036.5565202847708	NaN
0	0.10500000000000001	520.1978056637203	27.05976779130157	1109.8020122886824	985.6836383798682	1043.3657711327455	83.00609064912162	1036.6282964651145	NaN
0	0.10500000000000001	520.310405388704	27.02489271677062	1111.2332863636295	985.6685708930999	1043.440053374505	83.0303717387591	1036.6961303105809	NaN
0	0.10500000000000001	520.4235678452103	26.989871438184988	1112.6742553652628	985.6549229652303	1043.5138688969635	83.05270723186173	1036.7603429723056	NaN
0	0.10500000000000001	520.5374029343171	26.954671222270548	1114.1263326728879	985.642506107745	1043.5872851679844	83.07266271495241	1036.8213234771438	NaN
0	0.10500000000000001	520.6520038595036	26.91926462132267	1115.5907275303907	985.6311026917516	1043.6603559744328	83.08986280184291	1036.8795181543803	NaN
0	0.10500000000000001	520.7674345096386	26.883633352135917	1117.0682814461557	985.6204702134429	1043.7331141634575	83.10400086743796	1036.935419351082	NaN
0	0.10500000000000001	520.8837172512489	26.847772024905865	1118.5593082126093	985.6103464413804	1043.8055651736142	83.11485080417091	1036.9895530303324	NaN
0	0.10500000000000001	521.0008240209078	26.81169083017855	1120.063474784216	985.6004559622328	1043.8776830997974	83.12228022479792	1037.0424648999683	NaN
0	0.10500000000000001	521.1186750831895	26.775415845499676	1121.5797797540565	985.590518364846	1043.9494117596996	83.12626316963868	1037.0947054437327	NaN
0	0.10500000000000001	521.2371483581305	26.738986084620162	1123.1066680835163	985.5802578543955	1044.0206721042919	83.12688893463276	1037.1468144657997	NaN
0	0.10500000000000001	521.3560990462213	26.7024473968	1124.6422801964666	985.5694134446431	1044.0913752778224	83.12436339241258	1037.1993061423282	NaN
0	0.10500000000000001	521.475384157765	26.66584489617123	1126.1847671836508	985.5577485351007	1044.161437672937	83.1190007713033	1037.2526551611131	NaN
0	0.10500000000000001	521.5948850222858	26.629216057629566	1127.7325830322875	985.5450587094941	1044.2307937664814	83.11120676900273	1037.307284579525	NaN
0	0.10500000000000001	521.714522511055	26.592586089971146	1129.2846850984326	985.5311770965831	1044.2994038657262	83.10145626175029	1037.3635558763908	NaN
0	0.10500000000000001	521.8342637928222	26.55596593209372	1130.8406263068016	985.5159772124798	1044.3672564858132	83.09026950915498	1037.4217616943765	NaN
0	0.10500000000000001	521.9541220029666	26.519352431482673	1132.4005557557543	985.4993737016065	1044.434366553348	83.07818989785291	1037.4821212866782	NaN
0	0.10500000000000001	522.0741513711824	26.482729911472664	1133.965159886581	985.4813215979748	1044.5007711774817	83.06576482558006	1037.5447783291743	NaN
0	0.10500000000000001	522.1944395700314	26.44607257860101	1135.5355666119328	985.4618148109759	1044.5665241523186	83.05353012320774	1037.6098002120282	NaN
0	0.10500000000000001	522.3150985671933	26.409347371889424	1137.113228837158	985.4408844063462	1044.6316899941492	83.04199756472534	1037.6771779593528	NaN
0	0.10500000000000001	522.4362540730335	26.372517221297123	1138.6997884145007	985.4185971719644	1044.6963376140388	83.03164461198546	1037.7468257724042	NaN
0	0.10500000000000001	522.5580337601881	26.33554465675542	1140.296922701647	985.3950546812501	1044.7605337659159	83.02290528577926	1037.8185797648023	NaN
0	0.10500000000000001	522.6805536088518	26.29839595872116	1141.9061651004843	985.3703929489436	1044.8243359769442	83.01616108746857	1037.8921955512426	NaN
0	0.10500000000000001	522.8039029269481	26.261045676846262	1143.5287065799937	985.3447822903261	1044.8877853136307	83.01173096323346	1037.9673456096848	NaN
0	0.10500000000000001	522.9281291337245	26.223481181540837	1145.1651923766394	985.318426611143	1044.9508995835286	83.00985977778718	1038.0436182373371	NaN
0	0.10500000000000001	523.0532255802874	26.1857062571103	1146.8155570775043	985.2915607191793	1045.0136686079115	83.01070561003344	1038.1205216098567	NaN
0	0.10500000000000001	523.1791270343508	26.147742348564133	1148.4789596964024	985.2644439946473	1045.0760537024134	83.01432755877993	1038.1974971252673	NaN
0	0.10500000000000001	523.3057171229902	26.109626191882203	1150.1538766485367	985.2373492699365	1045.1379931093388	83.02067713361892	1038.2739449535625	NaN
0	0.10500000000000001	523.4328482476124	26.071403710593955	1151.8383610560493	985.2105474134422	1045.1994131028491	83.02959670735527	1038.3492605468305	NaN
0	0.10500000000000001	523.560368968683	26.0331217209863	1153.5304036037064	985.1842901348691	1045.2602418624472	83.04082707622635	1038.422875759917	NaN
0	0.10500000000000001	523.6881503420183	25.994820024903944	1155.2282826048167	985.1587945546808	1045.320421830059	83.054023387118	1038.4942956935759	NaN
0	0.10500000000000001	523.8161045559308	25.95652587938162	1156.9308144886643	985.134232183863	1045.3799175564986	83.06877633900888	1038.5631247477347	NaN
0	0.10500000000000001	523.9441936105675	25.918251494940975	1158.6374734988376	985.1107231364449	1045.4387183648112	83.08463490054281	1038.629079989499	NaN
0	0.10500000000000001	524.0724295928912	25.87999406782712	1160.3484000009585	985.0883348436629	1045.4968369666851	83.10112764349378	1038.6919937798004	NaN
0	0.10500000000000001	524.2008691238128	25.841737551559188	1162.064330759608	985.0670839516597	1045.5543055296534	83.11778113232685	1038.7518089428327	NaN
0	0.10500000000000001	524.3296045634767	25.80345537943108	1163.7864850905019	985.0469400613082	1045.6111705602991	83.13413504086486	1038.8085697610438	NaN
0	0.10500000000000001	524.4587528844759	25.76511385640669	1165.5164187230184	985.0278304408008	1045.667487113448	83.14975434339419	1038.8624108468246	NaN
0	0.10500000000000001	524.5884430053849	25.7266759768452	1167.2558557733262	985.0096451128827	1045.7233127413697	83.16423943519868	1038.9135453536908	NaN
0	0.10500000000000001	524.718801172977	25.688105783175892	1169.0064931600966	984.9922421837238	1045.7787010525171	83.17723511826826	1038.9622528849532	NaN
0	0.10500000000000001	524.8499345506325	25.64937321048206	1170.7697793911277	984.9754534640878	1045.8336950062192	83.18843945013771	1039.0088671455856	NaN
0	0.10500000000000001	524.9819139920344	25.61045911988325	1172.5466807329499	984.9590906027247	1045.8883204024216	83.19761323407859	1039.0537630715535	NaN
0	0.10500000000000001	525.1147585833331	25.57135975540044	1174.3374695399218	984.9429519729078	1045.9425806350976	83.2045903773726	1039.097343156712	NaN
0	0.10500000000000001	525.2484267343416	25.532089224832813	1176.1415995415123	984.926830342665	1045.9964545460869	83.20928837299552	1039.1400230897023	NaN
0	0.10500000000000001	525.3828190921643	25.492678482178114	1177.9577401884992	984.9105210334842	1046.0498992053197	83.21171685459453	1039.1822172113502	NaN
0	0.10500000000000001	525.517795868941	25.45317009835376	1179.78400654117	984.8938299292507	1046.1028581770386	83.21198126213604	1039.2243245768973	NaN
0	0.10500000000000001	525.6532048695788	25.41360996157428	1181.61833601485	984.8765806407347	1046.1552733100737	83.21027907746864	1039.2667161528555	NaN
0	0.10500000000000001	525.7889113685954	25.374038530715787	1183.4588930434325	984.858620317872	1046.2070963186768	83.20688812013158	1039.3097234018487	NaN
0	0.10500000000000001	525.9248210134299	25.334484217575994	1185.3043819057518	984.8398238919058	1046.2582968176957	83.20214884317105	1039.3536284843726	NaN
0	0.10500000000000001	526.0608915729463	25.294960086258097	1187.1542099517148	984.8200967598775	1046.3088655561842	83.19644388567986	1039.3986564491715	NaN
0	0.10500000000000001	526.1971342226163	25.25546362620634	1189.0085093300238	984.7993760993899	1046.358813525081	83.19017787521081	1039.444969692246	NaN
0	0.10500000000000001	526.3336072971642	25.215978710143194	1190.8680559973925	984.7776311484434	1046.4081683700097	83.18375932237663	1039.4926645749392	NaN
0	0.10500000000000001	526.4704053767817	25.176478879568748	1192.7341243261121	984.7548628621872	1046.4569693816659	83.17758524153267	1039.541769705881	NaN
0	0.10500000000000001	526.6076454970882	25.136931423033488	1194.6083013129546	984.7311033496396	1046.5052618354057	83.17202827283114	1039.592245210756	NaN
0	0.10500000000000001	526.7454511725712	25.097302036468413	1196.4922695728412	984.706415402728	1046.5530909973365	83.16742561752864	1039.6439823892151	NaN
0	0.10500000000000001	526.8839348667468	25.05755987377611	1198.3875676123168	984.6808921468582	1046.600496067492	83.16406893319913	1039.6968037085182	NaN
0	0.10500000000000001	527.0231797802572	25.01768273018458	1200.295339211108	984.6546565122256	1046.6475043875835	83.16219448086125	1039.7504637543327	NaN
0	0.10500000000000001	527.1632233621617	24.977661666562156	1202.2161048875043	984.6278597068567	1046.6941267170992	83.16197326490031	1039.80465281278	NaN
0	0.10500000000000001	527.3040466312073	24.937503915405134	1204.149611798443	984.6006774395939	1046.7403548416285	83.16350172261886	1039.8590055804011	NaN
0	0.10500000000000001	527.4455742194767	24.897232695250125	1206.0948302462762	984.5733026137243	1046.7861628936466	83.16679453407033	1039.9131174296392	NaN
0	0.10500000000000001	527.5876878569526	24.856883208453862	1208.0501353150023	984.5459340831477	1046.8315128958518	83.17178181188409	1039.9665687465279	NaN
0	0.10500000000000001	527.7302512014812	24.816495475339195	1210.0136460997674	984.5187626294531	1046.8763634458683	83.17831260241847	1040.0189546311317	NaN
0	0.10500000000000001	527.873138147518	24.776106278314465	1211.9836151012369	984.4919568873044	1046.9206787765545	83.18616507418216	1040.0699142104077	NaN
0	0.10500000000000001	528.0162563309964	24.735742567351853	1213.9587536846213	984.4656519641356	1046.9644355958303	83.19506187922403	1040.119154007681	NaN
0	0.10500000000000001	528.1595603737038	24.695417840961976	1215.9384176302938	984.4399424211559	1047.0076262520133	83.20468804683595	1040.1664621916198	NaN
0	0.10500000000000001	528.3030548085414	24.65513147402055	1217.922650911033	984.414879608561	1047.0502585436416	83.21470893029363	1040.2117139446702	NaN
0	0.10500000000000001	528.4467887006388	24.61487038247242	1219.9121145907425	984.3904725198593	1047.092353080375	83.22478656652967	1040.2548698358728	NaN
0	0.10500000000000001	528.590844997708	24.574612140564206	1221.907942121555	984.3666910056057	1047.133939308148	83.23459381809043	1040.2959696647013	NaN
0	0.10500000000000001	528.7353263559428	24.534329040074773	1223.9115448149935	984.343470502013	1047.1750508346793	83.24382634759019	1040.3351235906719	NaN
0	0.10500000000000001	528.8803388753678	24.493992676541268	1225.924387124669	984.3207176854419	1047.2157205407343	83.25221290263478	1040.372501808413	NaN
0	0.10500000000000001	529.0259746538486	24.453578799944587	1227.947744238069	984.2983167936924	1047.2559757698064	83.25952448082279	1040.4083233305623	NaN
0	0.10500000000000001	529.1722949376606	24.413071931400534	1229.9824666510558	984.2761364401445	1047.295834095023	83.26558281904222	1040.4428441462871	NaN
0	0.10500000000000001	529.3193166886552	24.3724689690263	1232.028791084846	984.254036737295	1047.3353003846078	83.27026823256088	1040.4763448544684	NaN
0	0.10500000000000001	529.4670066800112	24.331780665851753	1234.0862553865036	984.2318763468747	1047.374366139777	83.27352620027486	1040.509118016353	NaN
0	0.10500000000000001	529.6152864163189	24.291030109642836	1236.153764064203	984.2095189723951	1047.4130117433463	83.275371412143	1040.5414555672462	NaN
0	0.10500000000000001	529.7640485561247	24.250248070466842	1238.229814864455	984.1868387841248	1047.4512114958993	83.27588773631507	1040.5736368188002	NaN
0	0.10500000000000001	529.9131805200294	24.20946645114042	1240.3128270309596	984.1637246015885	1047.4889400534787	83.27522306472856	1040.6059174471595	NaN
0	0.10500000000000001	530.0625880798586	24.168711839439883	1242.4014710446481	984.1400829576019	1047.5261783108285	83.27357921165569	1040.6385198199093	NaN
0	0.10500000000000001	530.2122123484659	24.128000951591744	1244.4949076671523	984.1158403306583	1047.5629171504136	83.27119826652113	1040.6716249560354	NaN
0	0.10500000000000001	530.3620371946083	24.087338742509978	1246.5928939941286	984.090944769383	1047.5991585357733	83.26834736434783	1040.7053663786762	NaN
0	0.10500000000000001	530.5120877740662	24.046718949848174	1248.6957653876552	984.0653670037092	1047.634914371	83.26530360109687	1040.7398260053783	NaN
0	0.10500000000000001	530.6624222303241	24.00612647508434	1250.8043213753156	984.0391011531707	1047.670203831481	83.26234016800248	1040.7750319268803	NaN
0	0.10500000000000001	530.8131190237051	23.965540906970727	1252.9196495211852	984.0121650910892	1047.705049893725	83.2597141056748	1040.810957848917	NaN
0	0.10500000000000001	530.9642618173689	23.92494064845584	1255.0429140620852	983.9846004827842	1047.7394755955722	83.25765562513642	1040.8475240070086	NaN
0	0.10500000000000001	531.1159236170981	23.884307180575604	1257.1751330274228	983.9564723694787	1047.773500449813	83.25635876343654	1040.884599621459	NaN
0	0.10500000000000001	531.2681521837666	23.84362892005673	1259.3169722421176	983.9278679329195	1047.8071374580838	83.2559732227151	1040.922007353162	NaN
0	0.10500000000000001	531.4209594478851	23.802903949431634	1261.468594790435	983.8988938304786	1047.8403912723622	83.25659754327502	1040.9595305778282	NaN
0	0.10500000000000001	531.5743178803526	23.76214085438431	1263.6296079112508	983.8696714534622	1047.873258029412	83.2582741835818	1040.9969242783154	NaN
0	0.10500000000000001	531.728165814242	23.721357174345194	1265.799135998552	983.8403297991755	1047.9057271097454	83.26098741037487	1041.0339297330547	NaN
0	0.10500000000000001	531.8824211224586	23.68057566835135	1267.9760119629939	983.8109964069512	1047.9377844940166	83.26466487204797	1041.0702919600712	NaN
0	0.10500000000000001	532.036999709344	23.639819371353443	1270.1590375031874	983.7817876172035	1047.9694168160463	83.26918320923407	1041.1057776798323	NaN
0	0.10500000000000001	532.1918332407386	23.59910693003709	1272.347233769566	983.7527998718335	1048.0006149037881	83.27437722501398	1041.140191020605	NaN
0	0.10500000000000001	532.3468815715773	23.558449404040875	1274.540018075592	983.7241034163293	1048.031375947308	83.28005144424318	1041.1733848900517	NaN
0	0.10500000000000001	532.5021377923157	23.517849048938626	1276.7372768133187	983.6957389975581	1048.0617040200566	83.28599265731144	1041.2052672162602	NaN
0	0.10500000000000001	532.6576261659989	23.477299972989915	1278.939337888739	983.6677174257615	1048.0916091713498	83.29198226049725	1041.2358024129092	NaN
0	0.10500000000000001	532.8133946062733	23.436790203146884	1281.1468655841566	983.6400214494719	1048.121105550968	83.29780764679768	1041.2650090507202	NaN
0	0.10500000000000001	532.9695036071515	23.396304637829136	1283.3607046017835	983.6126093159984	1048.1502090277113	83.30327232112035	1041.2929547951046	NaN
0	0.10500000000000001	533.1260135190016	23.355828379151035	1285.5816999714843	983.5854194580246	1048.178934710836	83.30820468967259	1041.3197494867654	NaN
0	0.10500000000000001	533.2829721021099	23.315349938586674	1287.8105201785618	983.558375841611	1048.2072947438294	83.31246556217118	1041.345536984309	NaN
0	0.10500000000000001	533.4404042528136	23.27486383043913	1290.047510493793	983.5313935991309	1048.235296689555	83.3159543171689	1041.3704861490016	NaN
0	0.10500000000000001	533.5983064596177	23.23437190883836	1292.2926130430374	983.5043844764849	1048.2629428999603	83.31861349784525	1041.3947813472093	NaN
0	0.10500000000000001	533.7566473419795	23.19388312669096	1294.5453731839139	983.4772617644014	1048.2902310040947	83.32043137110047	1041.4186127209446	NaN
0	0.10500000000000001	533.9153749271197	23.153411580801734	1296.8050419090132	983.4499443602676	1048.3171555061333	83.32144191871167	1041.442166637837	NaN
0	0.10500000000000001	534.0744287246147	23.11297337052534	1299.0707470384893	983.4223598984225	1048.343710047024	83.3217218879622	1041.4656166847014	NaN
0	0.10500000000000001	534.2337532182124	23.072583150696843	1301.3416852754997	983.3944470602521	1048.3698896960664	83.32138495523124	1041.4891156122155	NaN
0	0.10500000000000001	534.3933092279356	23.03225128166748	1303.6172845792455	983.3661572656631	1048.3956926870906	83.32057354582558	1041.5127886156981	NaN
0	0.10500000000000001	534.5530803369811	22.99198227165069	1305.8972966514643	983.3374559945416	1048.4211212049063	83.31944918926851	1041.5367281883123	NaN
0	0.10500000000000001	534.7130737531967	22.951774644109666	1308.181810222804	983.3083238130703	1048.446181219691	83.3181823501661	1041.560990719991	NaN
0	0.10500000000000001	534.8733161838753	22.91162205670978	1310.4711930780968	983.2787571198281	1048.4708815588533	83.31694250553427	1041.5855948572143	NaN
0	0.10500000000000001	535.033846200419	22.871515277828376	1312.7659836526952	983.2487685337313	1048.4952325237452	83.31588898062826	1041.610521581652	NaN
0	0.10500000000000001	535.1947047458549	22.831444591427548	1315.0667556650374	983.2183868056738	1048.5192443513438	83.31516283364716	1041.6357159498896	NaN
0	0.10500000000000001	535.3559256383039	22.791402161145186	1317.3739822281902	983.187656050342	1048.542925815777	83.31487995995245	1041.6610905140917	NaN
0	0.10500000000000001	535.5175278433883	22.751383915099698	1319.6879248541632	983.1566340602877	1048.5662832171927	83.3151255804815	1041.686530488321	NaN
0	0.10500000000000001	535.6795111446495	22.71139055878586	1322.0085708096026	983.125389475576	1048.5893199529146	83.3159503456603	1041.7119007005342	NaN
0	0.10500000000000001	535.8418562984963	22.671427466432025	1324.3356345955715	983.0939977191488	1048.6120367627077	83.31736835332634	1041.7370541896305	NaN
0	0.10500000000000001	536.004529787995	22.631503445942634	1326.6686254333852	983.0625358697827	1048.6344325907667	83.31935736283366	1041.761841985165	NaN
0	0.10500000000000001	536.1674918638539	22.591628721703398	1329.0069621674063	983.0310770020998	1048.656505817308	83.32186133143588	1041.7861232188475	NaN
0	0.10500000000000001	536.3307056800527	22.551812686374365	1331.3501042576115	982.9996847358169	1048.6782555231239	83.32479512768033	1041.8097745177877	NaN
0	0.10500000000000001	536.4941451195048	22.51206201129091	1333.6976643533699	982.96840874821	1048.6996824634373	83.32805098788643	1041.832697693096	NaN
0	0.10500000000000001	536.6577994236604	22.472379565291913	1336.0494752539526	982.9372818088411	1048.7207895353552	83.33150608645516	1041.8548250471868	NaN
0	0.10500000000000001	536.8216739499954	22.432764288580042	1338.405601361554	982.906318540335	1048.7415817055921	83.33503055365061	1041.876122076999	NaN
0	0.10500000000000001	536.9857874313867	22.393211911602865	1340.7662998125786	982.875515802801	1048.7620655032147	83.33849536692169	1041.8965877222133	NaN
0	0.10500000000000001	537.1501665670651	22.353716301902175	1343.1319430634667	982.844854448959	1048.7822482280767	83.34177968601335	1041.9162524947421	NaN
0	0.10500000000000001	537.3148393251932	22.31427109519071	1345.5029226867966	982.8143020710551	1048.8021370753704	83.34477734395102	1041.9351749259836	NaN
0	0.10500000000000001	537.4798283417985	22.274871273924973	1347.879554280093	982.7838163638692	1048.8217383535423	83.34740228871462	1041.9534367355939	NaN
0	0.10500000000000001	537.6451457971593	22.235514365622528	1350.262003412182	982.7533487353593	1048.8410569502166	83.34959279791161	1041.971137085124	NaN
0	0.10500000000000001	537.8107908501669	22.19620101248701	1352.6502482675728	982.7228478437125	1048.8600961457455	83.35131427959936	1041.988386239453	NaN
0	0.10500000000000001	537.9767502407855	22.156934781363308	1355.0440879139417	982.6922627963244	1048.8788578063406	83.35256047217055	1042.0052989557962	NaN
0	0.10500000000000001	538.1430018189775	22.117721287217375	1357.4431928483466	982.6615458604164	1048.897342887784	83.35335290473188	1042.0219879208357	NaN
0	0.10500000000000001	538.3095201375698	22.07856684766883	1359.8471854930594	982.6306546151088	1048.9155521193252	83.35373860170793	1042.0385575848254	NaN
0	0.10500000000000001	538.4762823612596	22.03947708819375	1362.255725474314	982.599553635334	1048.9334866575307	83.35378618694119	1042.0550986942267	NaN
0	0.10500000000000001	538.6432731753804	22.000455806671695	1364.6685806631046	982.5682157573813	1048.9511485713635	83.3535807186526	1042.071683827176	NaN
0	0.10500000000000001	538.8104874484062	21.96150438185567	1367.0856659111785	982.5366230338573	1048.9685410455297	83.3532177009511	1042.0883641247378	NaN
0	0.10500000000000001	538.9779302430339	21.9226218081295	1369.5070435214645	982.5047674108541	1048.985668290664	83.35279675099865	1042.1051673391337	NaN
0	0.10500000000000001	539.1456144710563	21.88380527474626	1371.9328896129493	982.4726510969839	1049.0025352224866	83.3524153593688	1042.1220972433111	NaN
0	0.10500000000000001	539.3135569988864	21.84505109165905	1374.3634379657876	982.4402865405223	1049.0191470163284	83.35216310277643	1042.139134390345	NaN
0	0.10500000000000001	539.4817740572358	21.806355758095794	1376.7989136493698	982.4076959430096	1049.0355086356938	83.35211659052112	1042.156238151189	NaN
0	0.10500000000000001	539.6502771720337	21.767716891775926	1379.239474044133	982.374910176086	1049.0516244559892	83.35233536722804	1042.1733499579225	NaN
0	0.10500000000000001	539.819070413003	21.729133839733695	1381.6851688260467	982.341967056397	1049.0674980495176	83.3528589576674	1042.1903976035724	NaN
0	0.10500000000000001	539.9881496582929	21.690607818607113	1384.1359290948526	982.3089089673516	1049.0831321793225	83.35370520625864	1042.2073003956448	NaN
0	0.10500000000000001	540.157503921684	21.65214158409473	1386.591586400022	982.275779965104	1049.0985289830505	83.35487001310265	1042.2239748410725	NaN
0	0.10500000000000001	540.3271183373686	21.613738731576202	1389.0519158656728	982.2426226153175	1049.1136902887501	83.35632848485066	1042.2403404496272	NaN
0	0.10500000000000001	540.4969779372842	21.575402831161654	1391.5166909183595	982.2094749048675	1049.1286179706278	83.35803740648075	1042.2563251842812	NaN
0	0.10500000000000001	540.6670712758023	21.537136613407775	1393.9857359188622	982.176367573893	1049.1433142571327	83.35993882286932	1042.2718701155454	NaN
0	0.10500000000000001	540.8373928912791	21.498941431086045	1396.458962011126	982.1433221892157	1049.1577819096553	83.36196442329992	1042.2869329155774	NaN
0	0.10500000000000001	541.0079441645589	21.460817089245648	1398.9363797512267	982.1103501172903	1049.1720242487402	83.36404037591585	1042.3014899953102	NaN
0	0.10500000000000001	541.1787324274958	21.422762068156075	1401.4180863223128	982.0774524447694	1049.1860450326994	83.36609225899572	1042.3155372278027	NaN
0	0.10500000000000001	541.3497688193089	21.384774019964667	1403.9042345123446	982.0446207255452	1049.1998482456906	83.36804977550749	1042.3290893488033	NaN
0	0.10500000000000001	541.5210653000715	21.346850442373764	1406.3949893666181	982.0118384187807	1049.213437838882	83.36985098460285	1042.3421781794482	NaN
0	0.10500000000000001	541.6926318128428	21.308989306743175	1408.8904869144967	981.9790827495532	1049.2268175082354	83.371445839271	1042.3548499011522	NaN
0	0.10500000000000001	541.86447400386	21.271189551520166	1411.3908009373138	981.9463268204194	1049.239990537308	83.37279885583261	1042.367161591604	NaN
0	0.10500000000000001	542.0365921905013	21.23345129285877	1413.8959278392415	981.9135417339876	1049.2529597503185	83.37389078583475	1042.3791772794898	NaN
0	0.10500000000000001	542.2089816816199	21.19577573584888	1416.4057911867687	981.8806985841389	1049.2657275710653	83.37471920369096	1042.3909637609324	NaN
0	0.10500000000000001	542.38163439576	21.158164804927647	1418.9202651667035	981.8477701920546	1049.2782961714809	83.37529798581477	1042.4025864389566	NaN
0	0.10500000000000001	542.5545411355827	21.120620638985333	1421.4392076528222	981.8147325717208	1049.2906676532407	83.3756557320367	1042.4141054231982	NaN
0	0.10500000000000001	542.7276940405698	21.083145057630887	1423.9624959333266	981.7815660883084	1049.302844224223	83.37583326487439	1042.425572130234	NaN
0	0.10500000000000001	542.9010884472676	21.045739165428834	1426.4900538649126	981.7482563528971	1049.3148283164496	83.37588041409073	1042.4370265662458	NaN
0	0.10500000000000001	543.0747238058162	21.008403166529995	1429.021865310354	981.7147948518185	1049.3266226277462	83.37585234400295	1042.4484954378427	NaN
0	0.10500000000000001	543.2486034953888	20.971136418687045	1431.5579715340762	981.6811793103222	1049.338230085087	83.37580569882518	1042.4599911723492	NaN
0	0.10500000000000001	543.4227336109034	20.93393770580943	1434.09845357879	981.6474137823188	1049.3496537434628	83.3757948320354	1042.4715118675094	NaN
0	0.10500000000000001	543.5971212096673	20.89680562016583	1436.6434067265316	981.6135084071523	1049.3608966594875	83.37586835764915	1042.4830421514196	NaN
0	0.10500000000000001	543.7717724990688	20.85973894970216	1439.192914054612	981.5794787980009	1049.3719617736467	83.3760662246221	1042.4945548790774	NaN
0	0.10500000000000001	543.9466912655963	20.822737006826145	1441.7470234720854	981.5453450792276	1049.3828518195014	83.37641747552773	1042.5060135365798	NaN
0	0.10500000000000001	544.1218781745279	20.785799767407838	1444.3057374385453	981.5111305400484	1049.3935692955329	83.37693880825923	1042.5173752098851	NaN
0	0.10500000000000001	544.2973308555307	20.7489278420384	1446.8690141520046	981.4768600223546	1049.404116487604	83.37763401119446	1042.5285938989632	NaN
0	0.10500000000000001	544.4730448634324	20.712122264697108	1449.4367815320384	981.4425581341595	1049.4144955413208	83.37849428698902	1042.5396239507775	NaN
0	0.10500000000000001	544.6490151252458	20.675384184102484	1452.0089583354286	981.4082474740294	1049.4247085557263	83.37949941761555	1042.550423350093	NaN
0	0.10500000000000001	544.8252374447655	20.638714549110873	1454.5854761473486	981.3739470509693	1049.4347576710209	83.3806196607878	1042.5609566221751	NaN
0	0.10500000000000001	545.0017097368917	20.60211385627469	1457.1662974528242	981.3396710463028	1049.4446451322149	83.3818182151905	1042.5711971454423	NaN
0	0.10500000000000001	545.1784325906223	20.5655820409865	1459.7514239126021	981.3054280527057	1049.454373309179	83.3830540545151	1042.5811287212384	NaN
0	0.10500000000000001	545.3554091199869	20.529118517340436	1462.340894229544	981.2712208262507	1049.463944675806	83.38428491582151	1042.5907463305184	NaN
0	0.10500000000000001	545.5326442499336	20.492722333163552	1464.934773739329	981.237046522671	1049.4733617608856	83.38547023183997	1042.6000560763027	NaN
0	0.10500000000000001	545.7101434911377	20.456392426511588	1467.533136502159	981.202897381954	1049.482627077079	83.38657381358608	1042.609074357904	NaN
0	0.10500000000000001	545.887911752998	20.420127869369164	1470.136047927382	981.1687617091903	1049.4917430589255	83.3875661202749	1042.61782639221	NaN
0	0.10500000000000001	546.0659522892225	20.383928079614304	1472.7435493158835	981.1346250712822	1049.5007120139628	83.38842598367732	1042.6263442067232	NaN
0	0.10500000000000001	546.2442663092667	20.347792894026163	1475.3556521370522	981.1004715321917	1049.509536111931	83.38914169449352	1042.634664278333	NaN
0	0.10500000000000001	546.4228529894451	20.311722559174864	1477.9723381560311	981.0662848941774	1049.5182173948801	83.38971139650711	1042.6428249727462	NaN
0	0.10500000000000001	546.6017101011556	20.27571759838367	1480.5935686076032	981.0320498153309	1049.5267578159778	83.3901427843194	1042.6508639757647	NaN
0	0.10500000000000001	546.780834964866	20.23977861600873	1483.2192981592168	980.9977527729824	1049.5351592898671	83.3904521472581	1042.6588158837133	NaN
0	0.10500000000000001	546.9602253994648	20.203906106496163	1485.8494888249108	980.9633828582868	1049.5434237377922	83.3906628499607	1042.6667101064004	NaN
0	0.10500000000000001	547.1398804641267	20.16810030852215	1488.484120854116	980.9289323778338	1049.5515531187084	83.39080338033004	1042.6745692146499	NaN
0	0.10500000000000001	547.3198008236882	20.132361136733916	1491.1231981108012	980.8943972514969	1049.5595494403588	83.39090512282093	1042.682407827111	NaN
0	0.10500000000000001	547.4999886028011	20.09668821595022	1493.7667459574975	980.8597772115473	1049.567414746763	83.39100002776404	1042.6902320871955	NaN
0	0.10500000000000001	547.6804469039408	20.061080980958245	1496.414804202639	980.825075770968	1049.5751510924172	83.3911183458818	1042.6980397475152	NaN
0	0.10500000000000001	547.8611790461863	20.025538829189383	1499.067415939857	980.7902999719624	1049.5827605073157	83.39128658328052	1042.7058208298213	NaN
0	0.10500000000000001	548.042187846271	19.99006126209938	1501.7246169940825	980.7554598922578	1049.5902449673001	83.39152580965263	1042.713558801131	NaN
0	0.10500000000000001	548.2234751105162	19.954647982592004	1504.3864284518677	980.7205679302155	1049.5976063760954	83.39185042315935	1042.7212321679326	NaN
0	0.10500000000000001	548.4050413997865	19.919298937398498	1507.052853193302	980.6856379207151	1049.6048465602378	83.39226744105298	1042.7288163612748	NaN
0	0.10500000000000001	548.5868862871612	19.884014263118505	1509.7238796585584	980.6506841098221	1049.6119672839327	83.39277634741727	1042.736285776253	NaN
0	0.10500000000000001	548.7690087142856	19.848794214245714	1512.3994870692554	980.615720135911	1049.6189702663648	83.39336948793613	1042.7436157978634	NaN
0	0.10500000000000001	548.9514077134551	19.813639022231815	1515.0796560307456	980.5807580339982	1049.6258572110441	83.39403296336987	1042.7507846785174	NaN
0	0.10500000000000001	549.1340829049863	19.77854880045904	1517.7643758435088	980.5458074357368	1049.6326298238546	83.39474793550524	1042.7577751143685	NaN
0	0.10500000000000001	549.3170349255213	19.74352346433352	1520.4536508070487	980.5108749803181	1049.6392898266413	83.39549223328983	1042.764575425646	NaN
0	0.10500000000000001	549.5002654706647	19.70856272647674	1523.1475008595914	980.4759640252372	1049.6458389555585	83.396242127605	1042.7711802615445	NaN
0	0.10500000000000001	549.6837771067115	19.67366613588925	1525.8459588222163	980.4410746373443	1049.6522789513888	83.39697413831955	1042.7775908062283	NaN
0	0.10500000000000001	549.8675728127939	19.638833167369064	1528.5490636744694	980.4062038639515	1049.6586115415435	83.3976667408307	1042.783814491975	NaN
0	0.10500000000000001	550.0516555317317	19.604063307514192	1531.2568539507265	980.371346207476	1049.6648384241948	83.39830185392911	1042.7898642706396	NaN
0	0.10500000000000001	550.2360276439891	19.5693561534512	1533.969359998347	980.336494282928	1049.6709612515874	83.39886601009064	1042.795757510885	NaN
0	0.10500000000000001	550.4206907314226	19.53471145528724	1536.6866004926776	980.3016395414103	1049.6769816245903	83.3993511372552	1042.8015146270604	NaN
0	0.10500000000000001	550.6056455476896	19.50012911910449	1539.4085819906236	980.2667730213338	1049.6829010945485	83.39975490965062	1042.8071575465142	NaN
0	0.10500000000000001	550.7908922096021	19.465609168760423	1542.135301736644	980.2318860673297	1049.6887211719898	83.40008065837166	1042.8127081345242	NaN
0	0.10500000000000001	550.9764305500097	19.43115167848352	1544.8667528500084	980.1969709718134	1049.6944433394806	83.40033686520559	1042.8181866938512	NaN
0	0.10500000000000001	551.1622605351155	19.396756694906827	1547.6029304660733	980.1620215064926	1049.7000690651294	83.40053629389472	1042.823610646065	NaN
0	0.10500000000000001	551.3483825492767	19.362424185077238	1550.3438359317583	980.1270333390032	1049.7055998107642	83.40069483882964	1042.8289934817321	NaN
0	0.10500000000000001	551.5347976202111	19.328153996462884	1553.0894801270279	980.0920042912919	1049.711037037475	83.40083019010154	1042.8343440502829	NaN
0	0.10500000000000001	551.7215073363622	19.293945874094963	1555.8398822540657	980.0569344708806	1049.7163822017617	83.40096042340622	1042.839666222176	NaN
0	0.10500000000000001	551.9085136271749	19.259799502374122	1558.5950666051801	980.0218262420178	1049.7216367482135	83.40110262458228	1042.8449589375468	NaN
0	0.10500000000000001	552.095818554062	19.225714544104356	1561.3550594851665	979.9866840221547	1049.7268021032298	83.40127165097566	1042.8502166247586	NaN
0	0.10500000000000001	552.2834239503701	19.191690706083243	1564.1198839053386	979.9515139596837	1049.7318796653728	83.40147911704325	1042.8554299366306	NaN
0	0.10500000000000001	552.4713312454115	19.157727770148558	1566.8895569861968	979.9163234656418	1049.7368708016493	83.40173267169241	1042.860586743888	NaN
0	0.10500000000000001	552.659541449367	19.123825594655063	1569.6640897296854	979.8811206465372	1049.7417768484324	83.40203561030387	1042.865673298663	NaN
0	0.10500000000000001	552.8480551755785	19.089984109205524	1572.443487342752	979.8459137078904	1049.746599113317	83.40238683731599	1042.8706754687519	NaN
0	0.10500000000000001	553.0368729010039	19.056203266937473	1575.2277530734834	979.8107103375054	1049.7513388827783	83.40278116833537	1042.8755799501935	NaN
0	0.10500000000000001	553.2259952162382	19.022482999627073	1578.016891896636	979.7755171580606	1049.7559974287951	83.40320993423009	1042.8803753591576	NaN
0	0.10500000000000001	553.4154230147252	18.988823184491306	1580.810913305248	979.7403392944334	1049.7605760133144	83.4036618275918	1042.8850531227667	NaN
0	0.10500000000000001	553.6051576331593	18.955223620302053	1583.6098333843095	979.7051800799877	1049.7650758910675	83.40412391544021	1042.889608108887	NaN
0	0.10500000000000001	553.7952008291477	18.921684032670722	1586.41367448481	979.6700409381078	1049.7694983082988	83.40458273183204	1042.8940389547313	NaN
0	0.10500000000000001	553.9855546198061	18.888204103658154	1589.222462845214	979.6349214375535	1049.7738444984523	83.40502536172367	1042.8983480826103	NaN
0	0.10500000000000001	554.1762211443408	18.85478349659604	1592.036226564978	979.5998194829309	1049.7781156788506	83.40544043224084	1042.9025414187486	NaN
0	0.10500000000000001	554.3672023988142	18.821421902698383	1594.854991689853	979.5647316493213	1049.7823130449603	83.40581893747289	1042.9066278463197	NaN
0	0.10500000000000001	554.5585001083015	18.78811906284496	1597.678780322417	979.5296535845993	1049.7864377682567	83.40615483976829	1042.910618452279	NaN
0	0.10500000000000001	554.7501156361074	18.754874782494	1600.5076092784598	979.4945804643628	1049.7904909951553	83.4064454093174	1042.9145256333484	NaN
0	0.10500000000000001	554.9420500577438	18.721688917840947	1603.341491175288	979.459507439056	1049.794473849511	83.40669128623642	1042.918362140078	NaN
0	0.10500000000000001	555.134304273783	18.688561355560836	1606.1804360950607	979.4244300589995	1049.7983874356892	83.4068962714853	1042.9221401349628	NaN
0	0.10500000000000001	555.3268791619795	18.655491986224423	1609.0244538293862	979.3893446423428	1049.8022328421175	83.40706687467042	1042.9258703394505	NaN
0	0.10500000000000001	555.5197757178696	18.62248068022264	1611.8735559553368	979.3542485656169	1049.8060111442508	83.40721166521786	1042.9295613337817	NaN
0	0.10500000000000001	555.7129951709123	18.58952726834884	1614.7277575516023	979.3191404571719	1049.8097234067513	83.40734048753328	1042.933219059518	NaN
0	0.10500000000000001	555.9065389732122	18.556631544403373	1617.587077033267	979.2840202992002	1049.8133706830472	83.4074636093007	1042.936846554499	NaN
0	0.10500000000000001	556.1004087495677	18.52379327429216	1620.4515354149516	979.2488894189479	1049.8169540142262	83.40759087477528	1042.9404439333255	NaN
0	0.10500000000000001	556.294606195571	18.491012213699555	1623.3211548057152	979.2137503780049	1049.820474427124	83.40773093144298	1042.9440086040272	NaN
0	0.10500000000000001	556.4891328974154	18.45828813855112	1626.195955745846	979.1786067796362	1049.823932931253	83.40789058964242	1042.9475356925313	NaN
0	0.10500000000000001	556.6839903699259	18.425620838329927	1629.075957767421	979.1434629630226	1049.8273305198738	83.408074361803	1042.9510186365	NaN
0	0.10500000000000001	556.8791799136266	18.39301013970856	1631.9611772801984	979.1083236842458	1049.8306681679107	83.40828421099823	1042.9544498856235	NaN
0	0.10500000000000001	557.0747027300051	18.360455886775856	1634.8516292733977	979.0731937350204	1049.8339468344261	83.40851952087762	1042.957821653879	NaN
0	0.10500000000000001	557.2705599598052	18.327957934413938	1637.747327880517	979.0380775901966	1049.837167463599	83.40877727975024	1042.9611266537534	NaN
0	0.10500000000000001	557.4667528518016	18.295516120268907	1640.6482888740147	979.0029790747387	1049.8403309877006	83.4090524546243	1042.9643587559926	NaN
0	0.10500000000000001	557.6632827635341	18.263130264941463	1643.5545296764212	978.9679011270863	1049.8434383271183	83.4093385155692	1042.967513518522	NaN
0	0.10500000000000001	557.86015124041	18.23080015932904	1646.4660705305384	978.9328456314706	1049.8464903915874	83.4096280604533	1042.9705885502783	NaN
0	0.10500000000000001	558.0573600169953	18.19852556494519	1649.382934519346	978.8978133563728	1049.849488080117	83.40991348326281	1042.9735836843154	NaN
0	0.10500000000000001	558.2549109134739	18.16630623130639	1652.3051460351078	978.8628040048267	1049.8524322793762	83.41018762802283	1042.976500953779	NaN
0	0.10500000000000001	558.4528057968522	18.134141902460303	1655.2327302054277	978.8278163395756	1049.8553238632128	83.41044437424155	1042.9793443838805	NaN
0	0.10500000000000001	558.6510464629158	18.10203233619566	1658.1657111464142	978.7928483949058	1049.8581636911133	83.41067910732774	1042.982119623266	NaN
0	0.10500000000000001	558.8496345566733	18.069977316654224	1661.1041107843762	978.7578977349145	1049.8609526074001	83.4108890393788	1042.9848334545552	NaN
0	0.10500000000000001	559.0485716108831	18.03797664771775	1664.0479494243175	978.7229617212929	1049.8636914421556	83.41107335966316	1042.9874932317457	NaN
0	0.10500000000000001	559.2478590188077	18.006030157051597	1666.9972453454002	978.6880377983872	1049.8663810111966	83.41123320914453	1042.9901062931174	NaN
0	0.10500000000000001	559.4474981391777	17.974137678977183	1669.952016353045	978.6531237365302	1049.8690221178065	83.41137148905305	1042.9926794035455	NaN
0	0.10500000000000001	559.6474903490077	17.94229904598155	1672.9122805600375	978.6182178444353	1049.8716155536274	83.41149252699503	1042.9952182705379	NaN
0	0.10500000000000001	559.847837096884	17.91051408032724	1675.8780571749978	978.5833191240114	1049.8741620994701	83.41160163568934	1042.9977271732917	NaN
0	0.10500000000000001	560.0485399167767	17.87878259206653	1678.8493667068703	978.5484273628773	1049.8766625255564	83.41170460720811	1043.000208731482	NaN
0	0.10500000000000001	560.2496004419786	17.84710437707932	1681.8262311713465	978.5135431524446	1049.8791175917447	83.41180718949057	1043.0026638282243	NaN
0	0.10500000000000001	560.4510203256247	17.815479229796413	1684.808672914083	978.4786678492629	1049.881528046635	83.41191459144301	1043.0050916860127	NaN
0	0.10500000000000001	560.6528012274366	17.783906945317586	1687.796714414022	978.4438034596575	1049.8838946275557	83.41203105865426	1043.0074900841046	NaN
0	0.10500000000000001	560.8549447869373	17.75238732359228	1690.7903778862265	978.4089524747463	1049.886218060416	83.41215955374452	1043.0098556910852	NaN
0	0.10500000000000001	561.0574525695511	17.72092017771911	1693.7896844829324	978.3741176753483	1049.8884990592917	83.41230156481983	1043.0121844781218	NaN
0	0.10500000000000001	561.260326106436	17.689505327582978	1696.794654882643	978.3393019055546	1049.890738327101	83.41245705335311	1043.0144721742013	NaN
0	0.10500000000000001	561.4635669211928	17.658142595643557	1699.8053096851097	978.3045078536109	1049.8929365560828	83.41262453989549	1043.0167147199718	NaN
0	0.10500000000000001	561.6671765838327	17.626831798625258	1702.8216702103782	978.2697378520453	1049.89509442852	83.41280131391916	1043.0189086803655	NaN
0	0.10500000000000001	561.8711567246372	17.5955727455156	1705.8437587039548	978.2349937245491	1049.8972126169808	83.41298374349351	1043.0210515803287	NaN
0	0.10500000000000001	562.0755090617031	17.56436523351998	1708.8715987448452	978.2002766821031	1049.8992917846815	83.41316765264555	1043.023142137635	NaN
0	0.10500000000000001	562.2802353744067	17.533209052318202	1711.9052148523988	978.1655872864878	1049.901332585281	83.41334872940676	1043.0251803757994	NaN
0	0.10500000000000001	562.4853375310599	17.502103980030732	1714.9446328960437	978.1309254638469	1049.9033356632362	83.41352292647042	1043.0271676133673	NaN
0	0.10500000000000001	562.6908173668542	17.47104980185718	1717.989878286369	978.0962905985037	1049.9053016527082	83.41368681836687	1043.0291063341456	NaN
0	0.10500000000000001	562.8966767245804	17.44004630385644	1721.0409765780273	978.0616816450074	1049.907231178119	83.41383788494163	1043.03099995843	NaN
0	0.10500000000000001	563.1029173999373	17.40909328114997	1724.0979526586427	978.0270972892474	1049.9091248537961	83.41397469839522	1043.0328525380623	NaN
0	0.10500000000000001	563.3095411000406	17.378190543983035	1727.1608301330482	977.9925361248361	1049.9109832837892	83.41409700119821	1043.03466840765	NaN
0	0.10500000000000001	563.5165495251604	17.34733790532373	1730.2296325341413	977.957996810109	1049.9128070628037	83.41420567267646	1043.0364518268202	NaN
0	0.10500000000000001	563.7239443411333	17.316535184926767	1733.30438291343	977.9234782289672	1049.9145967761071	83.41430259219813	1043.0382066449324	NaN
0	0.10500000000000001	563.9317272618118	17.2857821970545	1736.3851050629123	977.8889796050648	1049.916353000381	83.41439041640415	1043.0399360201293	NaN
0	0.10500000000000001	564.1398999941586	17.255078758675968	1739.471822700801	977.8545005999863	1049.918076303359	83.41447229492637	1043.04164221437	NaN
0	0.10500000000000001	564.3484642935358	17.22442468132841	1742.5645602909701	977.8200413476375	1049.9197672444063	83.4145515539856	1043.0433264821324	NaN
0	0.10500000000000001	564.5574219640558	17.1938197711807	1745.6633430480151	977.7856024503427	1049.9214263746087	83.41463137884385	1043.044989057648	NaN
0	0.10500000000000001	564.7667748172626	17.16326383516795	1748.768196324301	977.7511849368356	1049.9230542365424	83.41471452498396	1043.046629237531	NaN
0	0.10500000000000001	564.9765246582555	17.132756683014513	1751.8791454038035	977.7167901773585	1049.9246513642884	83.41480308393677	1043.0482455472088	NaN
0	0.10500000000000001	565.1866733274584	17.102298121163685	1754.9962161212477	977.6824197613288	1049.9262182838715	83.41489832342536	1043.0498359718079	NaN
0	0.10500000000000001	565.3972225891083	17.07188796893398	1758.119433207731	977.6480753840278	1049.9277555125502	83.41500061352198	1043.051398225115	NaN
0	0.10500000000000001	565.6081742706309	17.04152603829103	1761.2488223576381	977.6137586894483	1049.9292635599804	83.41510944210329	1043.052930032199	NaN
0	0.10500000000000001	565.8195301789641	17.011212145976568	1764.3844089871418	977.5794711598346	1049.9307429277076	83.41522351384519	1043.0544293946473	NaN
0	0.10500000000000001	566.0312921846925	16.980946101442207	1767.5262194820452	977.5452139995286	1049.93219410987	83.41534091960705	1043.0558948165483	NaN
0	0.10500000000000001	566.2434621802863	16.950727712934732	1770.674280578082	977.5109880698526	1049.933617592991	83.4154593565179	1043.0573254692217	NaN
0	0.10500000000000001	566.4560421225729	16.920556781521483	1773.8286199908737	977.4767938464348	1049.9350138563557	83.415576375257	1043.0587212830296	NaN
0	0.10500000000000001	566.6690340049532	16.89043310516022	1776.9892660035737	977.4426314258204	1049.9363833719033	83.41568962919406	1043.0600829597026	NaN
0	0.10500000000000001	566.8824398151884	16.86035648471534	1780.1562468402026	977.4085005702809	1049.9377266040547	83.41579710106392	1043.0614119080394	NaN
0	0.10500000000000001	567.096261577905	16.83032671797116	1783.329591296111	977.3744007696157	1049.9390440100872	83.41589728609766	1043.0627101133903	NaN
0	0.10500000000000001	567.3105012411374	16.800343615559573	1786.509327053809	977.3403313502927	1049.9403360395459	83.41598931553153	1043.0639799553576	NaN
0	0.10500000000000001	567.5251607896628	16.770406984980237	1789.6954823645533	977.3062915608172	1049.941603135065	83.41607301125865	1043.065223996315	NaN
0	0.10500000000000001	567.7402421596394	16.74051664251937	1792.8880847810506	977.2722806904201	1049.942845731962	83.41614886921353	1043.0664447605589	NaN
0	0.10500000000000001	567.9557473097075	16.710672403288804	1796.0871622124066	977.2382981540057	1049.9440642587736	83.41621797659735	1043.0676445284946	NaN
0	0.10500000000000001	568.1716782211487	16.680874081245694	1799.2927429262688	977.204343570372	1049.945259137344	83.41628187417582	1043.068825164415	NaN
0	0.10500000000000001	568.3880368549752	16.65112149512464	1802.5048549115204	977.1704168221368	1049.9464307826859	83.4163423800114	1043.0699879937372	NaN
0	0.10500000000000001	568.6048252380652	16.621414456592717	1805.7235271567686	977.1365180661921	1049.9475796035429	83.41640139418257	1043.0711337406265	NaN
0	0.10500000000000001	568.8220453771818	16.59175278211482	1808.9487883736308	977.1026477409289	1049.9487060020117	83.41646070499178	1043.0722625279373	NaN
0	0.10500000000000001	569.0396993165659	16.562136285068163	1812.180667851558	977.068806522742	1049.9498103739415	83.41652181629846	1043.0733739381787	NaN
0	0.10500000000000001	569.2577891237464	16.532564777738855	1815.4191952469391	977.0349952704348	1049.95089310894	83.41658581247991	1043.0744671253694	NaN
0	0.10500000000000001	569.4763168316998	16.503038079164156	1818.6643997239466	977.0012149599603	1049.9519545901796	83.4166532730371	1043.075540964141	NaN
0	0.10500000000000001	569.6952845112073	16.473556005310883	1821.9163110286875	976.9674665909799	1049.9529951948518	83.41672424330719	1043.0765942198973	NaN
0	0.10500000000000001	569.914694271139	16.4441183691125	1825.1749594932946	976.9337511055281	1049.954015294242	83.41679826160026	1043.0776257205816	NaN
0	0.10500000000000001	570.1345482003836	16.414724988294342	1828.440375173253	976.900069324816	1049.9550152535398	83.41687443729428	1043.078634512349	NaN
0	0.10500000000000001	570.354848455382	16.385375673670392	1831.712589147242	976.866421879928	1049.9559954323279	83.41695156945268	1043.079619984675	NaN
0	0.10500000000000001	570.5755971874105	16.35607023892316	1834.9916324369276	976.8328091884379	1049.9569561843261	83.41702829160343	1043.0805819519942	NaN
0	0.10500000000000001	570.7967966012344	16.326808492830356	1838.2775368779835	976.7992314348234	1049.9578978577297	83.41710322640947	1043.081520686678	NaN
0	0.10500000000000001	571.0184489261069	16.297590243189987	1841.570334689157	976.7656885881945	1049.958820795154	83.4171751334663	1043.0824369012744	NaN
0	0.10500000000000001	571.2405563864687	16.268415300702642	1844.870058036781	976.732180441359	1049.959725333593	83.41724303501915	1043.083331684688	NaN
0	0.10500000000000001	571.4631212166576	16.239283477021704	1848.1767392530137	976.6987066598982	1049.9606118045663	83.41730630737769	1043.0842064014053	NaN
0	0.10500000000000001	571.6861456461664	16.210194586678885	1851.4904106165725	976.6652668461559	1049.9614805341432	83.41736472993676	1043.0850625659448	NaN
0	0.10500000000000001	571.9096319144122	16.18114844514025	1854.8111045718947	976.6318606021613	1049.9623318430852	83.41741848862478	1043.0859017073267	NaN
0	0.10500000000000001	572.133582255933	16.152144870726083	1858.138853508939	976.5984875932472	1049.9631660468692	83.41746813557548	1043.0867252383368	NaN
0	0.10500000000000001	572.3579989152169	16.123183682672725	1861.4736899832749	976.5651475970672	1049.9639834558252	83.4175145114732	1043.0875343436228	NaN
0	0.10500000000000001	572.5828841766105	16.094264697299366	1864.815647160332	976.5318405352256	1049.9647843753169	83.41755864073589	1043.0883298977458	NaN
0	0.10500000000000001	572.8082403496735	16.065387729955347	1868.164758597619	976.498566493191	1049.9655691057546	83.41760161219037	1043.0891124204345	NaN
0	0.10500000000000001	573.0340697244034	16.03655260076707	1871.5210575790966	976.4653257251957	1049.9663379425156	83.41764445892206	1043.0898820721757	NaN
0	0.10500000000000001	573.2603746010839	16.007759130785374	1874.8845775584969	976.4321186298095	1049.9670911761239	83.4176880504774	1043.090638689019	NaN
0	0.10500000000000001	573.4871573204482	15.979007138174113	1878.2553526074576	976.3989457103575	1049.9678290924217	83.41773300863143	1043.0913818506453	NaN
0	0.10500000000000001	573.7144202639969	15.950296438243766	1881.6334174201327	976.3658075291927	1049.9685519726302	83.41777965484862	1043.0921109725039	NaN
0	0.10500000000000001	573.9421657787432	15.921626852981372	1885.0188061944248	976.3327046679366	1049.9692600931771	83.41782799369518	1043.0928254105438	NaN
0	0.10500000000000001	574.170396282924	15.892998197718896	1888.4115542030995	976.2996376622174	1049.969953726102	83.41787773234903	1043.0935245670817	NaN
0	0.10500000000000001	574.3991141755037	15.864410292565083	1891.8116964484368	976.2666069713993	1049.9706331388365	83.41792833219674	1043.0942079848096	NaN
0	0.10500000000000001	574.6283219120435	15.835862952911574	1895.2192687898867	976.2336129351106	1049.9712985945011	83.41797908524843	1043.094875420098	NaN
0	0.10500000000000001	574.858021959426	15.807355995148752	1898.6343072708748	976.2006557614241	1049.9719503518304	83.41802920550985	1043.0955268875236	NaN
0	0.10500000000000001	575.0882168112033	15.77888923477705	1902.056848346812	976.167735521731	1049.9725886652805	83.41807792429938	1043.0961626725432	NaN
0	0.10500000000000001	575.3189090031107	15.75046248453829	1905.4869291156265	976.1348521606915	1049.9732137851324	83.41812457850199	1043.096783312267	NaN
0	0.10500000000000001	575.5501010366823	15.722075563850858	1908.9245861818704	976.102005532203	1049.9738259573471	83.41816868204202	1043.0973895478664	NaN
0	0.10500000000000001	575.7817954558147	15.693728289364694	1912.369856794895	976.0691954229756	1049.9744254238387	83.41820997328136	1043.0979822560807	NaN
0	0.10500000000000001	576.013994831695	15.665420476868276	1915.8227786246453	976.0364215942556	1049.9750124224909	83.41824843404002	1043.098562368101	NaN
0	0.10500000000000001	576.2467017166746	15.637151946921456	1919.2833890755603	976.0036838280888	1049.975587187102	83.41828427946665	1043.0991307859783	NaN
0	0.10500000000000001	576.4799186750326	15.608922521077698	1922.7517257438087	975.9709819583063	1049.976149947528	83.41831792138895	1043.0996883066189	NaN
0	0.10500000000000001	576.7136482985626	15.580732020013436	1926.2278266489393	975.9383158954378	1049.9767009297796	83.41834991070894	1043.1002355616038	NaN
0	0.10500000000000001	576.9478932223325	15.552580261676956	1929.7117304681506	975.905685640622	1049.9772403561128	83.41838086661181	1043.1007729791295	NaN
0	0.10500000000000001	577.1826560938717	15.524467065044357	1933.2034760779134	975.8730912936641	1049.977768445011	83.41841140154413	1043.1013007713366	NaN
0	0.10500000000000001	577.4179395420173	15.496392253836559	1936.7031020903958	975.840533048887	1049.978285411175	83.41844205101434	1043.1018189473582	NaN
0	0.10500000000000001	577.6537462549712	15.46835564719459	1940.2106480143275	975.8080111653052	1049.9787914657536	83.41847321628981	1043.1023273494966	NaN
0	0.10500000000000001	577.8900789337398	15.440357065291904	1943.7261535623343	975.7755259463526	1049.979286816293	83.41850512612707	1043.102825706583	NaN
0	0.10500000000000001	578.1269402922135	15.412396329331052	1947.2496586519856	975.743077708929	1049.9797716667908	83.41853782116402	1043.1033136976637	NaN
0	0.10500000000000001	578.364333073007	15.38447325969014	1950.7812036412702	975.7106667500473	1049.980246217783	83.41857116170547	1043.1037910178006	NaN
0	0.10500000000000001	578.6022600318902	15.356587677783718	1954.3208290968703	975.6782933213136	1049.9807106663638	83.41860485677903	1043.1042574378673	NaN
0	0.10500000000000001	578.8407239537017	15.32873940421408	1957.8685760307524	975.6459576057963	1049.9811652062708	83.41863850988489	1043.1047128515506	NaN
0	0.10500000000000001	579.0797276843049	15.300928255098816	1961.424486375525	975.6136597016814	1049.9816100279904	83.41867167503966	1043.1051573044724	NaN
0	0.10500000000000001	579.3192740675054	15.27315404947749	1964.9886020458193	975.5813996287309	1049.982045318688	83.4187039157443	1043.1055910025877	NaN
0	0.10500000000000001	579.5593659768704	15.245416605615695	1968.5609654115406	975.5491773315457	1049.9824712623179	83.41873485952914	1043.1060143002398	NaN
0	0.10500000000000001	579.8000062840163	15.21771574468844	1972.1416188259063	975.5169926996782	1049.9828880396171	83.41876424157192	1043.106427670088	NaN
0	0.10500000000000001	580.041197890575	15.19005128709394	1975.7306051009105	975.4848455850897	1049.9832958282107	83.41879193257068	1043.106831659775	NaN
0	0.10500000000000001	580.2829437284307	15.162423052466043	1979.3279675107703	975.4527358268131	1049.98369480266	83.41881794820382	1043.1072268412383	NaN
0	0.10500000000000001	580.5252467438779	15.134830861514727	1982.9337495560592	975.420663277432	1049.984085134482	83.41884243994176	1043.1076137593925	NaN
0	0.10500000000000001	580.7681098977147	15.107274536022157	1986.547994964971	975.3886278240834	1049.9844669921977	83.41886566932195	1043.1079928867016	NaN
0	0.10500000000000001	581.0115362138149	15.079753893368032	1990.170748416057	975.3566293972937	1049.9848405414527	83.41888796977292	1043.1083645891035	NaN
0	0.10500000000000001	581.2555286824964	15.052268757500848	1993.8020541000353	975.3246679915164	1049.985205944912	83.41890970143679	1043.1087291067302	NaN
0	0.10500000000000001	581.5000903413385	15.024818949791458	1997.4419569223953	975.2927436542594	1049.9855633624318	83.4189312051142	1043.109086551587	NaN
0	0.10500000000000001	581.7452242430378	14.997404292694045	2001.0905020249206	975.2608564825277	1049.9859129510544	83.41895276122418	1043.1094369211926	NaN
0	0.10500000000000001	581.9909334718201	14.970024607927712	2004.7477350298293	975.2290066067213	1049.9862548650742	83.41897455879281	1043.1097801258456	NaN
0	0.10500000000000001	582.2372211600434	14.942679714676204	2008.413702286843	975.1971941705003	1049.9865892561024	83.41899667793565	1043.1101160252429	NaN
0	0.10500000000000001	582.4840904230579	14.915369436853835	2012.0884499034873	975.1654193196954	1049.9869162730195	83.4190190873926	1043.1104444691264	NaN
0	0.10500000000000001	582.7315444575624	14.888093592225363	2015.7720252090405	975.1336821712227	1049.9872360621487	83.4190416566722	1043.1107653367924	NaN
0	0.10500000000000001	582.9795864435376	14.86085200329515	2019.4644752946833	975.1019828107941	1049.9875487671666	83.41906418042926	1043.1110785699177	NaN
0	0.10500000000000001	583.2282196100624	14.833644490059891	2023.1658479931277	975.070321274776	1049.9878545292304	83.4190864112725	1043.1113841952026	NaN
0	0.10500000000000001	583.4774472026484	14.806470873636641	2026.8761913922635	975.0386975509617	1049.9881534869737	83.41910809621858	1043.1116823340678	NaN
0	0.10500000000000001	583.7272725165209	14.779330972661427	2030.595554330534	975.0071115773214	1049.988445776588	83.41912901179445	1043.1119731990016	NaN
0	0.10500000000000001	583.9776988471758	14.752224608704303	2034.3239856607656	974.9755632569144	1049.9887315317999	83.41914899318081	1043.112257077582	NaN
0	0.10500000000000001	584.2287295236647	14.725151602661219	2038.061534745599	974.9440524665265	1049.9890108839516	83.4191679538341	1043.1125343071426	NaN
0	0.10500000000000001	584.4803679088707	14.698111774764842	2041.8082514615355	974.9125790718022	1049.989283962037	83.41918589344763	1043.112805243856	NaN
0	0.10500000000000001	584.7326173997888	14.671104944595184	2045.5641862030322	974.8811429425086	1049.9895508927386	83.41920289379928	1043.1130702307323	NaN
0	0.10500000000000001	584.9854814110206	14.644130932877625	2049.329389636672	974.8497439679428	1049.9898118004458	83.41921910368909	1043.1133295689178	NaN
0	0.10500000000000001	585.2389633580677	14.617189563263526	2053.103912452274	974.818382068677	1049.990066807276	83.41923471559643	1043.1135834960448	NaN
0	0.10500000000000001	585.4930667416371	14.59028065339436	2056.887806618183	974.7870571910657	1049.9903160331967	83.41924993769537	1043.113832174311	NaN
0	0.10500000000000001	585.7477950469591	14.56340402564379	2060.6811238819855	974.7557693194777	1049.9905595959553	83.41926496530127	1043.1140756891486	NaN
0	0.10500000000000001	586.0031517944414	14.536559501745833	2064.4839165246785	974.7245184649084	1049.9907976111695	83.41927995574197	1043.1143140584213	NaN
0	0.10500000000000001	586.2591405569581	14.509746901028203	2068.2962376181017	974.6933046539056	1049.9910301923726	83.41929500994158	1043.1145472501337	NaN
0	0.10500000000000001	586.5157649262413	14.482966043986893	2072.118140524373	974.6621279212953	1049.9912574510176	83.41931016292381	1043.1147752057316	NaN
0	0.10500000000000001	586.7730285130133	14.456216752281152	2075.9496788977654	974.6309882980631	1049.991479496511	83.41932538408898	1043.1149978655042	NaN
0	0.10500000000000001	587.0309349471189	14.429498848728622	2079.7909066865946	974.5998858002979	1049.9916964362458	83.4193405866974	1043.115215192375	NaN
0	0.10500000000000001	587.2894879463254	14.402812150226158	2083.6418791578517	974.568820412477	1049.9919083756918	83.41935564472674	1043.115427190867	NaN
0	0.10500000000000001	587.5486912483107	14.376156474869846	2087.5026518842506	974.5377920909227	1049.9921154183664	83.41937041429725	1043.1156339186498	NaN
0	0.10500000000000001	587.8085485762996	14.349531645478788	2091.3732802322634	974.5068007672122	1049.9923176658428	83.41938475636965	1043.1158354895683	NaN
0	0.10500000000000001	588.0690637253406	14.322937480748376	2095.253820647132	974.4758463412054	1049.9925152178484	83.41939855739466	1043.1160320682402	NaN
0	0.10500000000000001	588.3302405282935	14.296373798809974	2099.144330146234	974.4449286918401	1049.9927081722665	83.41941174503773	1043.1162238572883	NaN
0	0.10500000000000001	588.5920828213821	14.269840420757086	2103.0448658058826	974.4140476900718	1049.992896625142	83.41942429697649	1043.1164110795567	NaN
0	0.10500000000000001	588.8545945138845	14.24333716359984	2106.9554857994012	974.3832032002915	1049.9930806707625	83.41943624187407	1043.1165939582456	NaN
0	0.10500000000000001	589.1177795189208	14.216863847321049	2110.876248366049	974.3523950974948	1049.9932604016349	83.4194476528037	1043.1167726978251	NaN
0	0.10500000000000001	589.3816417884663	14.190420291351439	2114.8072123325405	974.321623270197	1049.9934359085419	83.41945863451825	1043.1169474686587	NaN
0	0.10500000000000001	589.6461852961215	14.164006316329376	2118.7484368563	974.2908876266347	1049.9936072805576	83.41946930677675	1043.1171183973015	NaN
0	0.10500000000000001	589.9114140901022	14.137621738849607	2122.699982214869	974.2601880894919	1049.9937746051112	83.41947978642598	1043.117285563688	NaN
0	0.10500000000000001	590.177332223319	14.111266378487612	2126.6619087641943	974.2295246016536	1049.9939379679663	83.41949017097468	1043.1174490051317	NaN
0	0.10500000000000001	590.4439438064669	14.084940052545505	2130.6342777295185	974.1988971149664	1049.9940974532835	83.41950052604969	1043.1176087263102	NaN
0	0.10500000000000001	590.7112529375609	14.058642583046677	2134.6171501554686	974.1683055914688	1049.994253143604	83.41951087840063	1043.1177647132595	NaN
0	0.10500000000000001	590.9792638085083	14.032373786256017	2138.610588493881	974.1377499836634	1049.9944051199402	83.41952121521496	1043.1179169492068	NaN
0	0.10500000000000001	591.247980634653	14.006133479687337	2142.6146555540276	974.1072302356908	1049.9945534617582	83.41953148948376	1043.1180654295356	NaN
0	0.10500000000000001	591.5174076728392	13.979921480360563	2146.6294147717285	974.0767462759209	1049.9946982470133	83.41954163026827	1043.1182101737961	NaN
0	0.10500000000000001	591.787549203839	13.95373760654559	2150.654929947449	974.0462980159422	1049.9948395521676	83.41955155600954	1043.1183512330074	NaN
0	0.10500000000000001	592.0584095864886	13.92758167255594	2154.6912660529824	974.0158853441527	1049.9949774522408	83.41956118865421	1043.1184886914525	NaN
0	0.10500000000000001	592.3299931682732	13.90145349744363	2158.7384878989906	973.985508138108	1049.9951120207902	83.4195704663517	1043.1186226628897	NaN
0	0.10500000000000001	592.6023043755398	13.875352896316121	2162.7966614792945	973.9551662587634	1049.9952433299798	83.41957935282655	1043.1187532822523	NaN
0	0.10500000000000001	592.8753476417397	13.849279687284673	2166.865852901495	973.9248595641963	1049.9953714505689	83.41958784213469	1043.1188806942303	NaN
0	0.10500000000000001	593.1491274619642	13.823233686265885	2170.9461291996663	973.8945879095519	1049.9954964519611	83.41959595832174	1043.1190050408568	NaN
0	0.10500000000000001	593.4236483752996	13.79721470872797	2175.037558071383	973.8643511544415	1049.9956184022196	83.41960375032254	1043.119126450037	NaN
0	0.10500000000000001	593.698914965221	13.771222569698683	2179.140207883565	973.8341491668837	1049.995737368089	83.41961128318829	1043.1192450268366	NaN
0	0.10500000000000001	593.9749318416608	13.745257085494215	2183.2541474051927	973.8039818272625	1049.995853415011	83.41961862725773	1043.1193608487654	NaN
0	0.10500000000000001	594.2517036779707	13.719318070274822	2187.3794463581758	973.7738490240972	1049.9959666071595	83.41962584713704	1043.11947396561	NaN
0	0.10500000000000001	594.5292351378071	13.693405342936433	2191.516174327553	973.7437506598087	1049.996077007436	83.41963299228178	1043.1195844035306	NaN
0	0.10500000000000001	594.8075310227853	13.667518713351052	2195.6644029623044	973.7136866309703	1049.9961846775484	83.41964009063014	1043.11969217263	NaN
0	0.10500000000000001	595.0865960885868	13.641657999582902	2199.8242032343305	973.6836568437207	1049.996289677958	83.41964714614238	1043.1197972763623	NaN
0	0.10500000000000001	595.3664352116142	13.615823012416966	2203.9956479225516	973.6536611911981	1049.9963920679663	83.41965414044279	1043.1198997213733	NaN
0	0.10500000000000001	595.6470532597878	13.59001356739519	2208.1788096869745	973.6236995636772	1049.996491905686	83.41966103803922	1043.1199995258892	NaN
0	0.10500000000000001	595.9284551484186	13.564229479656717	2212.37376190151	973.5937718400883	1049.9965892480825	83.41966779405594	1043.120096725519	NaN
0	0.10500000000000001	596.2106458968651	13.538470558822835	2216.580579498585	973.5638778812901	1049.9966841510122	83.41967436303466	1043.1201913755856	NaN
0	0.10500000000000001	596.493630554429	13.512736615866862	2220.7993378644774	973.5340175389874	1049.9967766692157	83.41968070726028	1043.1202835497572	NaN
0	0.10500000000000001	596.7774142005921	13.487027463108086	2225.030112842798	973.5041906581436	1049.996866856338	83.4196868032349	1043.1203733354987	NaN
0	0.10500000000000001	597.0620019452543	13.461342914205883	2229.272980738	973.4743970803763	1049.9969547649484	83.41969264530445	1043.1204608272808	NaN
0	0.10500000000000001	597.3473989858389	13.435682779050813	2233.5280191667307	973.4446366417848	1049.997040446576	83.41969824598897	1043.1205461188556	NaN
0	0.10500000000000001	597.6336105511573	13.41004686889563	2237.7953062209467	973.4149091823411	1049.9971239517106	83.41970363314886	1043.1206292959434	NaN
0	0.10500000000000001	597.9206419207239	13.384434994651432	2242.074920755851	973.3852145464696	1049.997205329828	83.41970884466913	1043.1207104306181	NaN
0	0.10500000000000001	598.2084984061096	13.358846968590784	2246.3669421118557	973.3555525863009	1049.997284629401	83.4197139217273	1043.1207895782502	NaN
0	0.10500000000000001	598.4971854087197	13.333282599257673	2250.671450976077	973.3259231556381	1049.9973618979334	83.4197189019124	1043.120866777411	NaN
0	0.10500000000000001	598.7867084014919	13.307741693192725	2254.9885291094793	973.2963261105175	1049.9974371819721	83.41972381340746	1043.120942052552	NaN
0	0.10500000000000001	599.0770728524674	13.282224061718987	2259.318258207244	973.2667613146643	1049.9975105271033	83.41972867120181	1043.1210154188252	NaN
0	0.10500000000000001	599.3682843213253	13.256729512460032	2263.660721338182	973.2372286267753	1049.9975819779936	83.41973347589008	1043.1210868881178	NaN
0	0.10500000000000001	599.6603484021385	13.231257854437473	2268.016002091154	973.2077279036091	1049.997651578395	83.41973821511151	1043.1211564750777	NaN
0	0.10500000000000001	599.9532707625666	13.20580889469063	2272.3841851595134	973.1782589938304	1049.997719371167	83.41974286721712	1043.1212242021052	NaN
0	0.10500000000000001	600.2470571250853	13.180382439981022	2276.7653560612175	973.1488217386957	1049.9977853982896	83.41974740636584	1043.1212901024392	NaN
0	0.10500000000000001	600.5417132675079	13.154978296798648	2281.1596011466036	973.1194159719039	1049.9978497008792	83.41975180803708	1043.121354220918	NaN
0	0.10500000000000001	600.8372450431431	13.129596269685443	2285.5670078990306	973.0900415185945	1049.997912319208	83.41975605392847	1043.1214166124082	NaN
0	0.10500000000000001	601.1336583224968	13.10423616629769	2289.987664065452	973.0606982030079	1049.997973292707	83.41976013537337	1043.1214773383247	NaN
0	0.10500000000000001	601.4309590920839	13.078897788988193	2294.421659130067	973.0313858410238	1049.9980326600007	83.41976405473889	1043.121536462046	NaN
0	0.10500000000000001	601.7291533368391	13.053580944919762	2298.8690825606313	973.0021042541754	1049.9980904588997	83.41976782466494	1043.1215940440743	NaN
0	0.10500000000000001	602.0282471591646	13.028285435972345	2303.330025583957	972.9728532598835	1049.998146726436	83.41977146542163	1043.121650137955	NaN
0	0.10500000000000001	602.3282466805699	13.003011067163653	2307.804579718952	972.9436326823788	1049.9982014988614	83.41977500099442	1043.1217047875896	NaN
0	0.10500000000000001	602.6291581017256	12.977757641608038	2312.2928376723044	972.914442347146	1049.9982548116704	83.41977845471943	1043.1217580264404	NaN
0	0.10500000000000001	602.930987703282	12.95252496053434	2316.794893350743	972.885282080323	1049.9983066996151	83.41978184532579	1043.1218098786228	NaN
0	0.10500000000000001	603.2337418265876	12.927312824975127	2321.3108415734673	972.8561517093137	1049.998357196715	83.41978518411796	1043.1218603615732	NaN
0	0.10500000000000001	603.5374268541076	12.902121037442676	2325.840777780078	972.8270510629684	1049.9984063362674	83.41978847377129	1043.1219094896812	NaN
0	0.10500000000000001	603.8420492907215	12.876949395246912	2330.3847992432766	972.7979799620667	1049.998454150873	83.41979170887467	1043.1219572781463	NaN
0	0.10500000000000001	604.1476156229866	12.851797702209888	2334.943002969553	972.7689382313669	1049.9985006724269	83.41979487800245	1043.1220037462447	NaN
0	0.10500000000000001	604.4541325020108	12.826665753627191	2339.515488427132	972.7399256813427	1049.9985459321606	83.41979796682078	1043.1220489194827	NaN
0	0.10500000000000001	604.7616065819324	12.801553349652359	2344.1023551365784	972.710942123479	1049.9985899606284	83.41980096154305	1043.1220928301955	NaN
0	0.10500000000000001	605.0700446222431	12.776460286948364	2348.7037041972135	972.6819873611937	1049.9986327877357	83.41980385203416	1043.1221355166479	NaN
0	0.10500000000000001	605.3794534478324	12.751386362041208	2353.3196376911155	972.65306119484	1049.9986744427454	83.41980663396104	1043.122177020868	NaN
0	0.10500000000000001	605.6898399290178	12.72633137298647	2357.950258385219	972.6241634250683	1049.9987149542867	83.41980930962153	1043.1222173857457	NaN
0	0.10500000000000001	606.0012110233163	12.701295116042942	2362.5956703544957	972.595293850432	1049.9987543503728	83.41981188736514	1043.1222566520364	NaN
0	0.10500000000000001	606.3135737763737	12.676277385689266	2367.255978995883	972.5664522685651	1049.9987926584124	83.41981437981521	1043.122294855882	NaN
0	0.10500000000000001	606.6269353229069	12.651277974640422	2371.931291042405	972.537638476859	1049.998829905221	83.41981680133047	1043.1223320273189	NaN
0	0.10500000000000001	606.9413028458866	12.626296677177082	2376.621713954219	972.5088522763568	1049.998866117028	83.4198191652775	1043.1223681900274	NaN
0	0.10500000000000001	607.2566835979209	12.601333287483977	2381.3273562376603	972.4800934693212	1049.9989013194877	83.41982148169157	1043.1224033623005	NaN
0	0.10500000000000001	607.5730849440038	12.576387596346594	2386.048328083135	972.4513618544942	1049.998935537698	83.41982375578955	1043.12243755895	NaN
0	0.10500000000000001	607.8905143205957	12.551459394484482	2390.7847407546333	972.4226572298071	1049.9989687962045	83.41982598758894	1043.1224707936879	NaN
0	0.10500000000000001	608.2089792363525	12.526548472556028	2395.536706600636	972.3939793913148	1049.9990011190116	83.41982817264491	1043.1225030814571	NaN
0	0.10500000000000001	608.528487251633	12.501654622814078	2400.304338748363	972.3653281343154	1049.9990325295912	83.41983030367565	1043.1225344402228	NaN
0	0.10500000000000001	608.8490460854642	12.476777630851316	2405.087752699934	972.3367032435059	1049.9990630509024	83.41983237267218	1043.1225648918867	NaN
0	0.10500000000000001	609.1706634892021	12.451917285540375	2409.8870644472286	972.3081045045694	1049.9990927053898	83.41983437300631	1043.12259446216	NaN
0	0.10500000000000001	609.4933473325038	12.427073372426499	2414.702391754806	972.2795316971451	1049.9991215150017	83.41983630108238	1043.1226231795292	NaN
0	0.10500000000000001	609.8171055401402	12.402245678693264	2419.533853217047	972.2509846013957	1049.999149501192	83.41983815720346	1043.1226510735687	NaN
0	0.10500000000000001	610.1419461356729	12.377433989865441	2424.3815689099765	972.2224629951469	1049.9991766849366	83.41983994551259	1043.1226781730393	NaN
0	0.10500000000000001	610.4678772425469	12.352638089824305	2429.245660407636	972.1939666547113	1049.9992030867402	83.41984167308398	1043.1227045041937	NaN
0	0.10500000000000001	610.7949070417365	12.327857764109545	2434.1262501500564	972.165495359191	1049.999228726643	83.41984334842142	1043.122730089654	NaN
0	0.10500000000000001	611.1230438594995	12.303092793343524	2439.0234627529544	972.137048883046	1049.9992536242366	83.41984497973965	1043.1227549480896	NaN
0	0.10500000000000001	611.452296081588	12.278342959833001	2443.937423727481	972.1086270034198	1049.9992777986665	83.41984657342805	1043.1227790946937	NaN
0	0.10500000000000001	611.7826721977142	12.253608044282057	2448.868260143896	972.080229495807	1049.999301268643	83.41984813303266	1043.122802542323	NaN
0	0.10500000000000001	612.1141808027182	12.228887825806833	2453.816100649058	972.0518561333685	1049.9993240524507	83.41984965895539	1043.122825302983	NaN
0	0.10500000000000001	612.4468305756443	12.20418208358874	2458.7810751542165	972.0235066881564	1049.9993461679553	83.41985114888882	1043.1228473893043	NaN
0	0.10500000000000001	612.7806303250014	12.17949059360342	2463.7633155106105	971.9951809268725	1049.9993676326144	83.41985259883943	1043.1228688156714	NaN
0	0.10500000000000001	613.1155889235059	12.154813133555557	2468.7629545355258	971.9668786163331	1049.9993884634823	83.41985400446069	1043.122889598761	NaN
0	0.10500000000000001	613.4517153757092	12.130149477965361	2473.7801270217715	971.9385995179541	1049.9994086772206	83.41985536236385	1043.122909757419	NaN
0	0.10500000000000001	613.789018752308	12.105499403097756	2478.814968757236	971.9103433938006	1049.9994282901032	83.41985667110018	1043.122929311933	NaN
0	0.10500000000000001	614.1275082582679	12.080862682054143	2483.867617541813	971.882110001519	1049.9994473180288	83.41985793160381	1043.1229482829376	NaN
0	0.10500000000000001	614.4671931892703	12.056239088063023	2488.938212537374	971.8538990986935	1049.999465776524	83.41985914702647	1043.1229666902188	NaN
0	0.10500000000000001	614.8080829780065	12.031628391219222	2494.02689495888	971.8257104395799	1049.9994836807543	83.4198603220458	1043.1229845517319	NaN
0	0.10500000000000001	615.1501871730804	12.007030360139321	2499.1338077595806	971.797543777256	1049.9995010455307	83.41986146185043	1043.1230018830424	NaN
0	0.10500000000000001	615.4935153947124	11.9824447652369	2504.259094969811	971.7693988673636	1049.9995178853133	83.4198625710711	1043.1230186973073	NaN
0	0.10500000000000001	615.8380774041452	11.957871373826606	2509.402902733166	971.7412754622585	1049.9995342142222	83.41986365292419	1043.1230350057663	NaN
0	0.10500000000000001	616.1838830363953	11.9333099550352	2514.565378302664	971.7131733162306	1049.9995500460423	83.41986470876347	1043.1230508185818	NaN
0	0.10500000000000001	616.5309423163217	11.90876027165353	2519.7466717736015	971.685092175739	1049.9995653942349	83.41986573812422	1043.1230661458062	NaN
0	0.10500000000000001	616.8792653452847	11.884222088317467	2524.9469343916026	971.657031788406	1049.999580271938	83.41986673921282	1043.1230809982144	NaN
0	0.10500000000000001	617.2288623483842	11.859695168248063	2530.166319257908	971.6289918990832	1049.9995946919764	83.41986770969024	1043.1230953878153	NaN
0	0.10500000000000001	617.5797436992384	11.835179271638552	2535.4049816994357	971.6009722480165	1049.9996086668689	83.4198686475276	1043.1231093279307	NaN
0	0.10500000000000001	617.9319198515791	11.810674160553752	2540.663078247573	971.5729725766486	1049.9996222088312	83.41986955171132	1043.1231228328515	NaN
0	0.10500000000000001	618.2854014105486	11.786179594049567	2545.9407677027502	971.5449926223764	1049.9996353297852	83.41987042262795	1043.123135917197	NaN
0	0.10500000000000001	618.6401991109856	11.76169532981973	2551.2382108103347	971.5170321208113	1049.9996480413652	83.41987126204955	1043.1231485951635	NaN
0	0.10500000000000001	618.9963238189691	11.737221124208752	2556.555570283807	971.4890908061137	1049.9996603549225	83.41987207275464	1043.123160879863	NaN
0	0.10500000000000001	619.353786557151	11.712756730601845	2561.893011183097	971.4611684093416	1049.9996722815326	83.4198728579088	1043.1231727829306	NaN
0	0.10500000000000001	619.712598435148	11.688301904313901	2567.2506998753665	971.4332646640471	1049.999683831999	83.41987362038623	1043.1231843144742	NaN
0	0.10500000000000001	620.0727707462128	11.663856396096893	2572.6288054785314	971.4053792987245	1049.999695016862	83.41987436221788	1043.123195483372	NaN
0	0.10500000000000001	620.4343148974947	11.63941995703425	2578.0274988200786	971.3775120421482	1049.9997058464016	83.41987508430456	1043.1232062977979	NaN
0	0.10500000000000001	620.797242459597	11.614992335303125	2583.4469531771524	971.3496626194045	1049.9997163306448	83.41987578645431	1043.1232167658347	NaN
0	0.10500000000000001	621.1615650959768	11.59057328105601	2588.887343222432	971.3218307572355	1049.9997264793685	83.41987646771021	1043.1232268959864	NaN
0	0.10500000000000001	621.5272946611752	11.566162539937192	2594.348846491069	971.2940161765375	1049.9997363021084	83.41987712685784	1043.1232366974732	NaN
0	0.10500000000000001	621.894443130083	11.541759857969952	2599.831642324558	971.2662185979643	1049.9997458081618	83.41987776295824	1043.1232461802342	NaN
0	0.10500000000000001	622.2630226483436	11.517364978322995	2605.335912623526	971.2384377383945	1049.9997550065932	83.41987837575769	1043.1232553546652	NaN
0	0.10500000000000001	622.633045509933	11.492977642949517	2610.8618415130527	971.2106733130291	1049.9997639062403	83.41987896586761	1043.123264231183	NaN
0	0.10500000000000001	623.0045241836874	11.468597590981764	2616.4096157389677	971.1829250338004	1049.999772515718	83.41987953467999	1043.123272819757	NaN
0	0.10500000000000001	623.3774712659581	11.444224561985997	2621.979423960916	971.1551926132579	1049.999780843423	83.4198800840649	1043.1232811295422	NaN
0	0.10500000000000001	623.7518995567941	11.419858291115808	2627.571457890236	971.1274757591327	1049.99978889754	83.4198806159497	1043.123289168715	NaN
0	0.10500000000000001	624.1278219876681	11.395498513990026	2633.1859112107077	971.0997741798558	1049.999796686044	83.41988113191266	1043.1232969445405	NaN
0	0.10500000000000001	624.5052516481244	11.371144965080148	2638.822979976654	971.0720875825974	1049.999804216707	83.41988163290722	1043.1233044636451	NaN
0	0.10500000000000001	624.8842018129571	11.346797376106675	2644.4828630189877	971.0444156712762	1049.9998114971017	83.4198821191887	1043.1233117323911	NaN
0	0.10500000000000001	625.2646859446297	11.322455476059305	2650.165761981517	971.0167581464267	1049.999818534606	83.4198825904498	1043.1233187572413	NaN
0	0.10500000000000001	625.6467176703317	11.298118992831752	2655.871880978414	970.9891147069628	1049.9998253364074	83.4198830461091	1043.1233255450052	NaN
0	0.10500000000000001	626.0303107840625	11.273787653233363	2661.6014266254815	970.9614850501832	1049.9998319095068	83.41988348565312	1043.1233321029035	NaN
0	0.10500000000000001	626.4154792999766	11.249461179772286	2667.35460883708	970.9338688681997	1049.999838260724	83.41988390892656	1043.123338438448	NaN
0	0.10500000000000001	626.8022373267828	11.225139298752953	2673.1316389502294	970.9062658572702	1049.9998443966983	83.41988431628462	1043.123344559185	NaN
0	0.10500000000000001	627.190599249444	11.200821728967613	2678.932732438762	970.8786757051164	1049.9998503238983	83.41988470857237	1043.123350472399	NaN
0	0.10500000000000001	627.5805796034424	11.176508189807134	2684.7581070354126	970.8510981002568	1049.9998560486201	83.41988508694936	1043.1233561848655	NaN
0	0.10500000000000001	627.9721931287033	11.152198398037942	2690.607983537432	970.8235327284096	1049.999861576995	83.41988545262934	1043.123361702733	NaN
0	0.10500000000000001	628.3654547461808	11.127892069434333	2696.482585457004	970.7959792743316	1049.9998669149911	83.41988580661948	1043.12336703156	NaN
0	0.10500000000000001	628.7603795864674	11.10358891717698	2702.3821394487636	970.7684374199266	1049.999872068418	83.41988614954536	1043.123372176485	NaN
0	0.10500000000000001	629.156983018999	11.079288650259373	2708.30687574628	970.7409068423392	1049.999877042931	83.41988648160947	1043.1233771424645	NaN
0	0.10500000000000001	629.5552805759121	11.054990978351999	2714.2570270247656	970.7133872193721	1049.999881844033	83.41988680268493	1043.1233819345032	NaN
0	0.10500000000000001	629.9552880338786	11.030695606968708	2720.2328296237397	970.6858782239599	1049.9998864770794	83.41988711250816	1043.1233865577954	NaN
0	0.10500000000000001	630.357021364094	11.00640224071765	2726.2345228001145	970.6583795278611	1049.9998909472808	83.41988741089331	1043.123391017746	NaN
0	0.10500000000000001	630.7604967348399	10.982110583312412	2732.2623487666206	970.6308908017336	1049.9998952597066	83.41988769789994	1043.1233953198728	NaN
0	0.10500000000000001	631.1657305679955	10.957820334358944	2738.3165535362577	970.6034117115951	1049.9998994192883	83.41988797390262	1043.1233994696327	NaN
0	0.10500000000000001	631.5727394884843	10.933531192605665	2744.397386167232	970.5759419226016	1049.9999034308228	83.41988823954335	1043.1234034722372	NaN
0	0.10500000000000001	631.9815403813598	10.909242852730435	2750.5050996160294	970.5484810954817	1049.9999072989756	83.41988849559671	1043.1234073325231	NaN
0	0.10500000000000001	632.3921503408885	10.884955008590307	2756.6399499768972	970.5210288902365	1049.9999110282836	83.41988874279735	1043.123411054917	NaN
0	0.10500000000000001	632.8045867282246	10.86066735000844	2762.802197343734	970.4935849624828	1049.9999146231587	83.41988898169443	1043.1234146434995	NaN
0	0.10500000000000001	633.2188671201238	10.836379566023618	2768.992105044042	970.46614896707	1049.9999180878897	83.41988921257982	1043.1234181021425	NaN
0	0.10500000000000001	633.6350093395348	10.812091343289188	2775.209940096202	970.4387205562083	1049.9999214266466	83.4198894355103	1043.1234214346637	NaN
0	0.10500000000000001	634.0530314868673	10.78780236447885	2781.45597367687	970.411299377628	1049.999924643483	83.41988965040818	1043.123424644944	NaN
0	0.10500000000000001	634.4729518602073	10.763512313148667	2787.7304799290764	970.3838850800628	1049.9999277423376	83.41988985719706	1043.123427736971	NaN
0	0.10500000000000001	634.8947890982039	10.739220865678947	2794.033738097449	970.3564773041885	1049.9999307270393	83.41989005592383	1043.123430714801	NaN
0	0.10500000000000001	635.3185620442844	10.714927699375606	2800.366030499546	970.3290756918292	1049.9999336013084	83.41989024682024	1043.1234335824574	NaN
0	0.10500000000000001	635.7442898626317	10.690632486023365	2806.727644259055	970.3016798787502	1049.9999363687587	83.41989043029034	1043.1234363438123	NaN
0	0.10500000000000001	636.1719919291842	10.66633489836875	2813.11886967726	970.2742895020226	1049.999939032901	83.41989060683217	1043.123439002495	NaN
0	0.10500000000000001	636.6016879487847	10.642034603671954	2819.540001983836	970.2469041927741	1049.999941597146	83.41989077692946	1043.1234415618637	NaN
0	0.10500000000000001	637.0333978739897	10.617731268577812	2825.9913401238346	970.2195235816708	1049.9999440648064	83.41989094095572	1043.1234440250414	NaN
0	0.10500000000000001	637.4671419951005	10.593424554286083	2832.473188103329	970.1921472934442	1049.9999464390985	83.41989109912777	1043.1234463950004	NaN
0	0.10500000000000001	637.9029408293231	10.56911412303756	2838.9858533332804	970.1647749541617	1049.9999487231457	83.41989125151929	1043.1234486746619	NaN
0	0.10500000000000001	638.3408152694901	10.54479963004793	2845.5296488522904	970.1374061821197	1049.9999509199802	83.41989139812682	1043.1234508669704	NaN
0	0.10500000000000001	638.7807864435537	10.520480731616887	2852.1048912271176	970.110040596978	1049.9999530325451	83.41989153895767	1043.123452974914	NaN
0	0.10500000000000001	639.2228758648539	10.496157077058868	2858.7119027986046	970.0826778107055	1049.999955063698	83.41989167410155	1043.123455001494	NaN
0	0.10500000000000001	639.667105319946	10.471828315199984	2865.351010005586	970.0553174349365	1049.999957016212	83.41989180376083	1043.123456949658	NaN
0	0.10500000000000001	640.1134969616113	10.447494089542523	2872.0225447752127	970.027959075576	1049.999958892777	83.41989192823235	1043.1234588222258	NaN
0	0.10500000000000001	640.5620732250037	10.423154043142675	2878.726843270021	970.0006023383173	1049.999960696003	83.41989204784859	1043.1234606218425	NaN
0	0.10500000000000001	641.0128568917013	10.398807815389127	2885.464246845473	969.9732468250296	1049.9999624284224	83.41989216290997	1043.123462350974	NaN
0	0.10500000000000001	641.4658710950164	10.37445504202651	2892.2351021296304	969.9458921337756	1049.9999640924914	83.4198922736328	1043.1234640119444	NaN
0	0.10500000000000001	641.9211393254072	10.350095355178704	2899.039761104343	969.9185378588203	1049.999965690592	83.41989238013608	1043.1234656069987	NaN
0	0.10500000000000001	642.3786854055389	10.32572838499016	2905.8785807328054	969.8911835924573	1049.9999672250337	83.41989248246853	1043.1234671383588	NaN
0	0.10500000000000001	642.838533556505	10.301353756406433	2912.751923949644	969.8638289213923	1049.9999686980566	83.41989258065918	1043.1234686082564	NaN
0	0.10500000000000001	643.3007083734042	10.276971090821963	2919.660159296222	969.8364734286088	1049.9999701118313	83.41989267477044	1043.123470018927	NaN
0	0.10500000000000001	643.7652347693379	10.252580009342685	2926.6036600838547	969.8091166970568	1049.9999714684618	83.41989276492932	1043.1234713725748	NaN
0	0.10500000000000001	644.2321381354909	10.228180124696786	2933.5828067869265	969.781758300612	1049.999972769988	83.41989285132593	1043.1234726713246	NaN
0	0.10500000000000001	644.7014441616604	10.203771050999505	2940.597984360579	969.7543978150549	1049.9999740183857	83.41989293418192	1043.123473917187	NaN
0	0.10500000000000001	645.1731790289228	10.17935239403073	2947.6495851209947	969.7270348071836	1049.9999752155695	83.41989301370734	1043.1234751120478	NaN
0	0.10500000000000001	645.647369260048	10.154923759385195	2954.7380065097545	969.699668843951	1049.9999763633934	83.41989309006418	1043.1234762576871	NaN
0	0.10500000000000001	646.1240417880786	10.130484749239383	2961.8636521192843	969.6722994888314	1049.9999774636544	83.41989316335447	1043.1234773558194	NaN
0	0.10500000000000001	646.6032239947737	10.106034960750888	2969.0269322679137	969.6449263000201	1049.9999785180908	83.41989323363383	1043.12347840813	NaN
0	0.10500000000000001	647.0849437500308	10.081573984461814	2976.2282645895916	969.6175488286515	1049.9999795283875	83.41989330094484	1043.1234794162976	NaN
0	0.10500000000000001	647.5692292588512	10.057101412458573	2983.468071746536	969.5901666279453	1049.9999804961747	83.4198933653498	1043.1234803819902	NaN
0	0.10500000000000001	648.0561092283165	10.032616830249822	2990.7467839257392	969.5627792441366	1049.9999814230307	83.41989342694951	1043.123481306844	NaN
0	0.10500000000000001	648.5456128760632	10.008119816798953	2998.064838966133	969.5353862165409	1049.9999823104824	83.41989348588153	1043.123482192433	NaN
0	0.10500000000000001	649.0377698078549	9.983609951068553	3005.422680528703	969.5079870848948	1049.999983160008	83.4198935422983	1043.1234830402461	NaN
0	0.10500000000000001	649.5326101883037	9.959086803890228	3012.8207606491687	969.4805813802749	1049.9999839730367	83.41989359633797	1043.123483851689	NaN
0	0.10500000000000001	650.0301646180435	9.934549944520711	3020.2595379021504	969.4531686324307	1049.9999847509523	83.41989364810605	1043.1234846280968	NaN
0	0.10500000000000001	650.5304642073427	9.909998937399452	3027.7394785020983	969.4257483661584	1049.9999854950916	83.41989369767126	1043.1234853707624	NaN
0	0.10500000000000001	651.0335405511986	9.885433343808424	3035.2610559313766	969.3983201031554	1049.999986206748	83.41989374508063	1043.123486080957	NaN
0	0.10500000000000001	651.539425804744	9.860852718630179	3042.8247520681066	969.3708833584084	1049.9999868871723	83.41989379038053	1043.1234867599392	NaN
0	0.10500000000000001	652.0481526251916	9.836256613647805	3050.431056318637	969.3434376438944	1049.9999875375727	83.41989383363529	1043.1234874089466	NaN
0	0.10500000000000001	652.5597542483586	9.81164457429885	3058.0804667621564	969.3159824649773	1049.9999881591177	83.41989387493386	1043.1234880291795	NaN
0	0.10500000000000001	653.0742644302325	9.787016142979732	3065.7734892774924	969.2885173241143	1049.999988752936	83.41989391437968	1043.1234886217817	NaN
0	0.10500000000000001	653.5917175246495	9.762370855795384	3073.5106387050187	969.2610417172449	1049.9999893201177	83.41989395207443	1043.123489187837	NaN
0	0.10500000000000001	654.1121484591471	9.737708244229779	3081.292438486121	969.2335551356626	1049.9999898617164	83.41989398810279	1043.1234897283744	NaN
0	0.10500000000000001	654.6355927100374	9.713027836814106	3089.1194202909624	969.2060570678772	1049.9999903787489	83.41989402252642	1043.1234902443812	NaN
0	0.10500000000000001	655.1620864169565	9.688329154228693	3096.9921257318165	969.1785469941614	1049.9999908721977	83.41989405538894	1043.1234907368232	NaN
0	0.10500000000000001	655.6916663243117	9.663611712623071	3104.911105488097	969.1510243902594	1049.999991343011	83.41989408673078	1043.1234912066493	NaN
0	0.10500000000000001	656.2243697209074	9.638875026932201	3112.8769184040643	969.1234887310918	1049.9999917921043	83.41989411660143	1043.12349165479	NaN
0	0.10500000000000001	656.7602346275794	9.614118602674042	3120.8901342951203	969.0959394816388	1049.9999922203597	83.41989414506443	1043.1234920821469	NaN
0	0.10500000000000001	657.2992996312225	9.589341944220202	3128.951331466502	969.0683761061649	1049.9999926286298	83.41989417219304	1043.1234924895814	NaN
0	0.10500000000000001	657.8416041472867	9.56454454328452	3137.0611006392087	969.0407980554253	1049.9999930177366	83.41989419805888	1043.1234928779106	NaN
0	0.10500000000000001	658.3871881448825	9.539725892161492	3145.220040839817	969.0132047814033	1049.9999933884726	83.41989422272218	1043.123493247913	NaN
0	0.10500000000000001	658.9360923754098	9.514885473843085	3153.4287628200195	968.9855957263254	1049.9999937416019	83.41989424622999	1043.1234936003355	NaN
0	0.10500000000000001	659.4883582769198	9.49002276701394	3161.687887627063	968.9579703282255	1049.9999940778612	83.41989426861777	1043.1234939359053	NaN
0	0.10500000000000001	660.0440279864881	9.465137246081882	3169.998046789357	968.9303280209865	1049.9999943979608	83.41989428992025	1043.123494255335	NaN
0	0.10500000000000001	660.6031443901135	9.440228379553364	3178.3598830633377	968.9026682325482	1049.9999947025847	83.41989431017821	1043.1234945593183	NaN
0	0.10500000000000001	661.1657512490467	9.415295625095636	3186.774052323455	968.8749903794436	1049.9999949923924	83.41989432944081	1043.123494848524	NaN
0	0.10500000000000001	661.731892990416	9.390338439530117	3195.2412204315524	968.8472938779117	1049.9999952680182	83.41989434776055	1043.1234951235904	NaN
0	0.10500000000000001	662.3016149467066	9.365356268896925	3203.762066819112	968.819578132881	1049.9999955300739	83.41989436518723	1043.1234953851229	NaN
0	0.10500000000000001	662.874963182421	9.340348556806747	3212.3372818955145	968.7918425472498	1049.9999957791476	83.4198943817616	1043.123495633699	NaN
0	0.10500000000000001	663.4519845842334	9.31531474114374	3220.9675683970618	968.7640865182345	1049.9999960158063	83.41989439751505	1043.1234958698772	NaN
0	0.10500000000000001	664.0327269926302	9.290254249103084	3229.6536433566066	968.7363094318807	1049.999996240595	83.41989441247622	1043.1234960942002	NaN
0	0.10500000000000001	664.6172390259954	9.265166505570457	3238.396235473224	968.7085106723675	1049.999996454038	83.41989442667416	1043.1234963071968	NaN
0	0.10500000000000001	665.2055702909452	9.240050924806615	3247.196088258902	968.6806896128064	1049.9999966566397	83.41989444014392	1043.1234965093774	NaN
0	0.10500000000000001	665.7977712836274	9.214906915503095	3256.0539585630945	968.6528456208619	1049.999996848885	83.41989445292333	1043.12349670123	NaN
0	0.10500000000000001	666.3938934465305	9.18973387914561	3264.970617423215	968.6249780569531	1049.9999970312406	83.41989446504924	1043.1234968832189	NaN
0	0.10500000000000001	666.9939891870099	9.164531210052829	3273.946850342572	968.5970862743104	1049.9999972041544	83.4198944765539	1043.1234970557857	NaN
0	0.10500000000000001	667.5981118559775	9.139298297093308	3282.98345697242	968.5691696208877	1049.999997368057	83.41989448746251	1043.1234972193556	NaN
0	0.10500000000000001	668.2063159284344	9.11403451700509	3292.0812538132677	968.5412274319848	1049.9999975233623	83.4198944977977	1043.1234973743399	NaN
0	0.10500000000000001	668.8186568225094	9.088739242848293	3301.2410715089227	968.5132590396148	1049.999997670467	83.4198945075827	1043.1234975211385	NaN
0	0.10500000000000001	669.4351909587282	9.063411842360324	3310.463755733859	968.4852637706975	1049.9999978097526	83.41989451684366	1043.1234976601363	NaN
0	0.10500000000000001	670.0559759867041	9.038051669564965	3319.7501705852033	968.4572409378014	1049.9999979415854	83.41989452560912	1043.1234977917002	NaN
0	0.10500000000000001	670.6810706026592	9.012658073259821	3329.101195854031	968.4291898485444	1049.999998066317	83.41989453390461	1043.12349791618	NaN
0	0.10500000000000001	671.3105346541508	8.987230393676775	3338.517728592923	968.4011098019171	1049.9999981842834	83.41989454175325	1043.1234980339084	NaN
0	0.10500000000000001	671.9444291637067	8.961767962525856	3348.000683470533	968.3730000883475	1049.9999982958086	83.41989454917481	1043.1234981452055	NaN
0	0.10500000000000001	672.5828163530475	8.936270103039764	3357.55099313498	968.3448599897665	1049.999998401202	83.41989455618695	1043.1234982503815	NaN
0	0.10500000000000001	673.2257596250302	8.9107361317174	3367.169607944722	968.3166887815487	1049.9999985007607	83.4198945628086	1043.1234983497347	NaN
0	0.10500000000000001	673.8733237174399	8.885165353267816	3376.857498270393	968.2884857269515	1049.9999985947693	83.41989456906008	1043.12349844355	NaN
0	0.10500000000000001	674.5255746445454	8.859557064063218	3386.6156536215767	968.2602500809459	1049.9999986835003	83.41989457496086	1043.1234985321005	NaN
0	0.10500000000000001	675.1825797238675	8.833910552186657	3396.4450830483897	968.2319810902854	1049.999998767215	83.41989458052937	1043.123498615645	NaN
0	0.10500000000000001	675.8444075594725	8.808225099189412	3406.346814892622	968.2036779954589	1049.9999988461632	83.4198945857816	1043.123498694432	NaN
0	0.10500000000000001	676.5111282912059	8.782499971585088	3416.321900517758	968.1753400213352	1049.9999989205835	83.41989459073253	1043.1234987687003	NaN
0	0.10500000000000001	677.1828134495859	8.756734427753326	3426.371412139261	968.1469663847944	1049.9999989907049	83.41989459539718	1043.123498838678	NaN
0	0.10500000000000001	677.8595359403256	8.730927719708616	3436.496442594189	968.1185562966905	1049.9999990567467	83.4198945997901	1043.1234989045836	NaN
0	0.10500000000000001	678.5413702098888	8.705079087995543	3446.69810781941	968.0901089562492	1049.9999991189175	83.41989460392453	1043.123498966627	NaN
0	0.10500000000000001	679.2283923253036	8.679187760018365	3456.977548047156	968.0616235492524	1049.9999991774173	83.41989460781534	1043.1234990250082	NaN
0	0.10500000000000001	679.9206799180515	8.653252953543845	3467.33592696684	968.0330992519171	1049.9999992324374	83.41989461147581	1043.1234990799167	NaN
0	0.10500000000000001	680.6183121719126	8.627273878485639	3477.7744315445298	968.0045352328751	1049.99999928416	83.4198946149171	1043.123499131533	NaN
0	0.10500000000000001	681.3213699975929	8.601249731768274	3488.29427463722	967.9759306475461	1049.9999993327592	83.41989461814987	1043.1234991800322	NaN
0	0.10500000000000001	682.0299359773076	8.575179700851871	3498.896694165095	967.9472846420344	1049.9999993784015	83.41989462118549	1043.1234992255809	NaN
0	0.10500000000000001	682.7440944496922	8.54906296205454	3509.582954383537	967.9185963513079	1049.9999994212453	83.41989462403495	1043.1234992683374	NaN
0	0.10500000000000001	683.4639315976149	8.522898678871137	3520.3543471986027	967.8898648973736	1049.999999461442	83.41989462670891	1043.1234993084522	NaN
0	0.10500000000000001	684.1895353936825	8.496686005521573	3531.2121913531864	967.8610893931989	1049.9999994991358	83.4198946292165	1043.1234993460691	NaN
0	0.10500000000000001	684.9209958848262	8.470424078277182	3542.1578366871126	967.8322689332123	1049.9999995344642	83.4198946315666	1043.1234993813248	NaN
0	0.10500000000000001	685.6584048971536	8.444112027774313	3553.192659722239	967.8034026068455	1049.9999995675582	83.41989463376775	1043.1234994143508	NaN
0	0.10500000000000001	686.4018563733559	8.417748968561146	3564.3180687131103	967.7744894870852	1049.9999995985422	83.41989463582829	1043.1234994452714	NaN
0	0.10500000000000001	687.1514462730364	8.391334004432945	3575.5355021572113	967.7455286363522	1049.999999627535	83.41989463775651	1043.1234994742053	NaN
0	0.10500000000000001	687.9072727710459	8.364866223217676	3586.846431764795	967.7165191008107	1049.9999996546494	83.41989463956047	1043.1234995012646	NaN
0	0.10500000000000001	688.6694361072114	8.338344703902077	3598.252360211932	967.6874599182063	1049.9999996799927	83.4198946412468	1043.123499526556	NaN
0	0.10500000000000001	689.4380388909519	8.311768507864837	3609.7548257009794	967.6583501082833	1049.999999703667	83.41989464282167	1043.1234995501818	NaN
0	0.10500000000000001	690.213185900474	8.285136687806274	3621.3553989574425	967.6291886825973	1049.9999997257696	83.41989464429174	1043.1234995722384	NaN
0	0.10500000000000001	690.9949844469367	8.258448277172162	3633.055688681882	967.5999746329579	1049.9999997463924	83.41989464566262	1043.1234995928196	NaN
0	0.10500000000000001	691.7835441742213	8.23170229912261	3644.857338555411	967.570706941282	1049.9999997656228	83.41989464694224	1043.123499612011	NaN
0	0.10500000000000001	692.5789773272978	8.204897759480295	3656.762031258154	967.5413845719016	1049.9999997835437	83.41989464813463	1043.1234996298956	NaN
0	0.10500000000000001	693.3813986563038	8.178033652170674	3668.7714870358623	967.5120064775476	1049.999999800234	83.4198946492455	1043.1234996465512	NaN
0	0.10500000000000001	694.1909256940153	8.151108952139772	3680.8874678549005	967.4825715916339	1049.9999998157687	83.41989465027818	1043.1234996620528	NaN
0	0.10500000000000001	695.0076786082102	8.124122622617447	3693.111775194954	967.4530788362316	1049.9999998302176	83.4198946512382	1043.1234996764729	NaN
0	0.10500000000000001	695.8317804317887	8.097073609809925	3705.446253495532	967.4235271162992	1049.9999998436483	83.41989465213204	1043.123499689877	NaN
0	0.10500000000000001	696.6633571356078	8.069960842985415	3717.892791248566	967.3939153198105	1049.9999998561243	83.41989465296255	1043.1234997023275	NaN
0	0.10500000000000001	697.5025376474445	8.042783236373445	3730.45332128476	967.3642423198622	1049.9999998677051	83.41989465373318	1043.1234997138843	NaN
0	0.10500000000000001	698.3494540970706	8.01553968381895	3743.129824444369	967.334506968872	1049.9999998784483	83.41989465444752	1043.123499724605	NaN
0	0.10500000000000001	699.204241557319	7.988229069783479	3755.9243257041853	967.3047081106233	1049.9999998884068	83.41989465510925	1043.123499734543	NaN
0	0.10500000000000001	700.0670385790833	7.960850254878313	3768.8389021880694	967.2748445645099	1049.9999998976314	83.41989465572286	1043.123499743749	NaN
0	0.10500000000000001	700.9379869352508	7.933402086917768	3781.875679337007	967.2449151376352	1049.99999990617	83.41989465629109	1043.1234997522702	NaN
0	0.10500000000000001	701.8172319975263	7.905883391874827	3795.036836552404	967.214918614983	1049.9999999140678	83.41989465681618	1043.123499760152	NaN
0	0.10500000000000001	702.7049227144978	7.878292977653729	3808.324606870857	967.1848537635749	1049.999999921367	83.41989465730201	1043.1234997674364	NaN
0	0.10500000000000001	703.601211766829	7.850629632360615	3821.7412792903083	967.1547193306244	1049.9999999281079	83.41989465775077	1043.123499774164	NaN
0	0.10500000000000001	704.5062554863155	7.822892129961127	3835.2891975615435	967.1245140497397	1049.9999999343286	83.41989465816496	1043.1234997803713	NaN
0	0.10500000000000001	705.4202143192947	7.795079219299071	3848.9707671283604	967.0942366290026	1049.9999999400645	83.41989465854594	1043.123499786095	NaN
0	0.10500000000000001	706.3432526322922	7.767189633492008	3862.7884522216623	967.0638857612456	1049.9999999453491	83.4198946588966	1043.123499791369	NaN
0	0.10500000000000001	707.2755390671522	7.7392220826206914	3876.744781179097	967.0334601161359	1049.999999950214	83.41989465922039	1043.1234997962247	NaN
0	0.10500000000000001	708.217246534232	7.711175257589341	3890.8423463468403	967.0029583444219	1049.9999999546885	83.41989465951882	1043.12349980069	NaN
0	0.10500000000000001	709.1685523940206	7.683047828394886	3905.083806802139	966.972379076094	1049.9999999588003	83.41989465979235	1043.123499804793	NaN
0	0.10500000000000001	710.1296385816034	7.654838444270401	3919.4718902204318	966.9417209205866	1049.9999999625757	83.41989466004321	1043.1234998085604	NaN
0	0.10500000000000001	711.1006919301828	7.626545728177739	3934.0093977226406	966.9109824608432	1049.999999966039	83.41989466027323	1043.1234998120165	NaN
0	0.10500000000000001	712.0819040495014	7.598168284508211	3948.699202059226	966.8801622617345	1049.999999969213	83.41989466048436	1043.1234998151847	NaN
0	0.10500000000000001	713.0734715933153	7.569704695463975	3963.5442516186718	966.8492588661743	1049.9999999721192	83.41989466067822	1043.123499818085	NaN
0	0.10500000000000001	714.0755965384584	7.541153517418544	3978.5475746097973	966.8182707912181	1049.999999974778	83.41989466085525	1043.123499820738	NaN
0	0.10500000000000001	715.088486137074	7.512513286804817	3993.7122783511277	966.7871965345092	1049.9999999772076	83.41989466101649	1043.1234998231623	NaN
0	0.10500000000000001	716.1123532743994	7.48378251456455	4009.0415546321146	966.7560345683063	1049.9999999794256	83.41989466116375	1043.1234998253765	NaN
0	0.10500000000000001	717.1474165658394	7.454959688249091	4024.538681171328	966.7247833418182	1049.9999999814486	83.41989466129887	1043.1234998273956	NaN
0	0.10500000000000001	718.1939005260709	7.426043272219023	4040.207024153242	966.6934412814738	1049.999999983292	83.41989466142178	1043.123499829234	NaN
0	0.10500000000000001	719.2520360274647	7.397031700115016	4056.050045097011	966.662006782819	1049.9999999849697	83.41989466153225	1043.1234998309083	NaN
0	0.10500000000000001	720.322060135705	7.367923384747033	4072.0712984006727	966.6304782212967	1049.9999999864947	83.41989466163366	1043.1234998324317	NaN
0	0.10500000000000001	721.4042166567718	7.3387167086003435	4088.2744395363725	966.5988539420198	1049.9999999878798	83.41989466172724	1043.123499833814	NaN
0	0.10500000000000001	722.4987558314399	7.309410037728111	4104.663220481752	966.5671322748727	1049.9999999891365	83.41989466181055	1043.123499835066	NaN
0	0.10500000000000001	723.6059353426006	7.280001700468744	4121.241504808488	966.53531151153	1049.9999999902752	83.41989466188484	1043.1234998362029	NaN
0	0.10500000000000001	724.7260198762087	7.2504900053554815	4138.013261114403	966.5033899249132	1049.9999999913057	83.41989466195366	1043.1234998372327	NaN
0	0.10500000000000001	725.8592818660883	7.2208732275926995	4154.982574182039	966.4713657546193	1049.9999999922372	83.41989466201689	1043.1234998381622	NaN
0	0.10500000000000001	727.0060012791114	7.191149621199402	4172.153641768469	966.43923722012	1049.999999993078	83.41989466207252	1043.1234998390003	NaN
0	0.10500000000000001	728.1664663150874	7.161317407398266	4189.530785092032	966.407002508273	1049.9999999938366	83.4198946621221	1043.1234998397572	NaN
0	0.10500000000000001	729.3409733562648	7.131374782886754	4207.1184480831325	966.3746597823341	1049.9999999945194	83.41989466216806	1043.1234998404398	NaN
0	0.10500000000000001	730.5298274653346	7.101319914168074	4224.921204848616	966.3422071758995	1049.9999999951337	83.41989466220929	1043.123499841052	NaN
0	0.10500000000000001	731.7333425044196	7.071150941909542	4242.943761460979	966.3096427976791	1049.9999999956854	83.41989466224533	1043.1234998416023	NaN
0	0.10500000000000001	732.9518415813815	7.0408659772792195	4261.1909626492925	966.2769647276155	1049.9999999961803	83.41989466227808	1043.1234998420969	NaN
0	0.10500000000000001	734.1856575171015	7.010463098261793	4279.667798804746	966.2441710129822	1049.9999999966237	83.41989466230818	1043.123499842539	NaN
0	0.10500000000000001	735.4351328320818	6.979940358182438	4298.379405788181	966.2112596776558	1049.99999999702	83.4198946623342	1043.1234998429347	NaN
0	0.10500000000000001	736.7006201483282	6.949295784117468	4317.33107095675	966.1782287204683	1049.9999999973743	83.41989466235812	1043.1234998432883	NaN
0	0.10500000000000001	737.9824828668116	6.918527369145131	4336.528243318081	966.1450761069303	1049.9999999976903	83.41989466237912	1043.123499843604	NaN
0	0.10500000000000001	739.281095183384	6.88763308103739	4355.976533777715	966.111799778677	1049.9999999979716	83.41989466239772	1043.1234998438842	NaN
0	0.10500000000000001	740.5968425373877	6.856610860719839	4375.681721866704	966.078397651878	1049.9999999982217	83.41989466241432	1043.1234998441337	NaN
0	0.10500000000000001	741.9301221696521	6.825458618658933	4395.649764107942	966.0448676134262	1049.9999999984436	83.41989466242902	1043.1234998443556	NaN
0	0.10500000000000001	743.2813431633365	6.79417424377387	4415.886794637734	966.0112075306045	1049.9999999986403	83.41989466244213	1043.1234998445518	NaN
0	0.10500000000000001	744.6509273953808	6.7627555914967505	4436.3991394656	965.9774152383113	1049.9999999988145	83.41989466245417	1043.123499844725	NaN
0	0.10500000000000001	746.0393094231958	6.731200497016136	4457.1933147878835	965.9434885533865	1049.9999999989684	83.41989466246348	1043.1234998448786	NaN
0	0.10500000000000001	747.4469372010478	6.699506769661027	4478.276037727901	965.9094252686401	1049.999999999104	83.41989466247284	1043.1234998450143	NaN
0	0.10500000000000001	748.8742724500976	6.66767219575736	4499.654231889387	965.875223155998	1049.999999999223	83.41989466248113	1043.1234998451332	NaN
0	0.10500000000000001	750.3217911376046	6.635694539421131	4521.335034545342	965.840879967423	1049.9999999993279	83.41989466248776	1043.1234998452371	NaN
0	0.10500000000000001	751.789983876786	6.603571545547736	4543.325802638914	965.8063934381945	1049.9999999994197	83.41989466249387	1043.1234998453294	NaN
0	0.10500000000000001	753.2793564397069	6.571300940724412	4565.6341204776645	965.7717612879544	1049.9999999995	83.41989466249944	1043.1234998454097	NaN
0	0.10500000000000001	754.7904299862616	6.5388804407001775	4588.267803175751	965.7369812287811	1049.9999999995705	83.41989466250372	1043.123499845479	NaN
0	0.10500000000000001	756.323742013466	6.506307742756759	4611.2349108856915	965.7020509570607	1049.9999999996317	83.41989466250803	1043.1234998455418	NaN
0	0.10500000000000001	757.8798462066056	6.473580542092954	4634.543746581961	965.6669681711162	1049.9999999996846	83.41989466251276	1043.123499845594	NaN
0	0.10500000000000001	759.459313639205	6.440696519897611	4658.202874048619	965.6317305584575	1049.9999999997306	83.41989466251421	1043.1234998456387	NaN
0	0.10500000000000001	761.0627324269143	6.407653364453743	4682.221112708696	965.5963358184445	1049.9999999997706	83.41989466251755	1043.1234998456803	NaN
0	0.10500000000000001	762.6907087552705	6.374448763723253	4706.607553033206	965.560781654369	1049.9999999998051	83.41989466251965	1043.1234998457132	NaN
0	0.10500000000000001	764.3438670751932	6.341080415734745	4731.371559483969	965.5250657845924	1049.999999999835	83.41989466252129	1043.1234998457444	NaN
0	0.10500000000000001	766.0228505150942	6.307546034690577	4756.522776701364	965.4891859491007	1049.9999999998606	83.41989466252376	1043.1234998457692	NaN
0	0.10500000000000001	767.7283211854021	6.273843359474271	4782.071134080701	965.4531399185903	1049.9999999998824	83.41989466252446	1043.1234998457915	NaN
0	0.10500000000000001	769.4609608304415	6.239970155539666	4808.026855552302	965.4169254964744	1049.999999999901	83.41989466252632	1043.1234998458099	NaN
0	0.10500000000000001	771.2214706759314	6.205924232833738	4834.400457311898	965.3805405380052	1049.9999999999168	83.41989466252713	1043.1234998458256	NaN
0	0.10500000000000001	773.0105719570445	6.171703450301763	4861.20275574602	965.3439829550273	1049.9999999999304	83.41989466252795	1043.123499845839	NaN
0	0.10500000000000001	774.8290059704025	6.137305729723532	4888.444868225777	965.307250730677	1049.999999999942	83.41989466252873	1043.1234998458501	NaN
0	0.10500000000000001	776.6775339745138	6.102729072125049	4916.13821162982	965.2703419367961	1049.9999999999518	83.4198946625289	1043.1234998458604	NaN
0	0.10500000000000001	778.5569376823123	6.067971562850526	4944.2945097374995	965.2332547392054	1049.9999999999602	83.41989466253013	1043.1234998458694	NaN
0	0.10500000000000001	780.4680186044006	6.033031397807089	4972.92578340376	965.1959874255424	1049.9999999999675	83.41989466252993	1043.123499845875	NaN
0	0.10500000000000001	782.411598349191	5.997906891325631	5002.044355069118	965.158538413428	1049.9999999999732	83.41989466253031	1043.1234998458829	NaN
0	0.10500000000000001	784.3885175835043	5.962596507808958	5031.6628332002865	965.1209062839715	1049.9999999999782	83.41989466253193	1043.1234998458856	NaN
0	0.10500000000000001	786.3996356809758	5.927098879602208	5061.79410703414	965.0830898004922	1049.999999999982	83.41989466253106	1043.1234998458915	NaN
0	0.10500000000000001	788.4458300305052	5.891412829899492	5092.45133622737	965.0450879325813	1049.9999999999854	83.41989466253207	1043.1234998458938	NaN
0	0.10500000000000001	790.5279946893536	5.855537405570024	5123.647930685757	965.0068998906297	1049.9999999999882	83.4198946625317	1043.1234998458967	NaN
0	0.10500000000000001	792.6470394558526	5.819471900740709	5155.397536678404	964.9685251504538	1049.9999999999905	83.41989466253186	1043.123499845899	NaN
0	0.10500000000000001	794.8038882484211	5.783215890336718	5187.714012556523	964.9299634884284	1049.9999999999925	83.41989466253204	1043.1234998459006	NaN
0	0.10500000000000001	796.9994771635577	5.746769266401367	5220.611399659633	964.8912150194844	1049.9999999999939	83.41989466253192	1043.1234998459029	NaN
0	0.10500000000000001	799.2347520334629	5.710132279637219	5254.103885721443	964.8522802405539	1049.999999999995	83.41989466253261	1043.1234998459033	NaN
0	0.10500000000000001	801.5106660503101	5.67330557631608	5288.205769270827	964.8131600689696	1049.999999999996	83.41989466253219	1043.1234998459047	NaN
0	0.10500000000000001	803.8281768497866	5.6362902402962325	5322.931415926951	964.77385588619	1049.9999999999966	83.41989466253311	1043.123499845905	NaN
0	0.10500000000000001	806.188242845838	5.599087842623198	5358.295203470047	964.7343695894393	1049.9999999999975	83.41989466253176	1043.1234998459058	NaN
0	0.10500000000000001	808.5918198821355	5.561700481176514	5394.31147165306	964.6947036326538	1049.999999999998	83.41989466253324	1043.1234998459065	NaN
0	0.10500000000000001	811.0398564369918	5.524130837732407	5430.99445033246	964.6548610857697	1049.9999999999984	83.41989466253163	1043.123499845907	NaN
0	0.10500000000000001	813.5332894244368	5.486382219666235	5468.358196526066	964.6148456775691	1049.9999999999989	83.41989466253332	1043.123499845907	NaN
0	0.10500000000000001	816.0730393126394	5.448458606184399	5506.416521235623	964.5746618431972	1049.999999999999	83.41989466253177	1043.123499845908	NaN
0	0.10500000000000001	818.6600041579728	5.410364704044271	5545.182900013484	964.5343147815919	1049.9999999999989	83.41989466253303	1043.1234998459076	NaN
0	0.10500000000000001	821.2950547726914	5.372105979317539	5584.670400509535	964.4938104873853	1049.999999999999	83.41989466253278	1043.1234998459074	NaN
0	0.10500000000000001	823.9790290149579	5.333688695534007	5624.891596859747	964.4531557894641	1049.999999999999	83.41989466253247	1043.1234998459083	NaN
0	0.10500000000000001	826.7127256868337	5.295119950278566	5665.858478192628	964.4123583877777	1049.999999999999	83.41989466253249	1043.1234998459072	NaN
0	0.10500000000000001	829.4968989716592	5.256407696990297	5707.582365211721	964.3714268743863	1049.999999999999	83.41989466253264	1043.1234998459076	NaN
0	0.10500000000000001	832.332253126662	5.2175607567897835	5750.073830596561	964.3303707439177	1049.999999999999	83.4198946625322	1043.1234998459076	NaN
0	0.10500000000000001	835.2194376893892	5.1785888174421535	5793.342627098121	964.289200390388	1049.999999999999	83.41989466253285	1043.1234998459072	NaN
0	0.10500000000000001	838.1590426933474	5.139502427068831	5837.39761576712	964.2479270984848	1049.999999999999	83.41989466253268	1043.1234998459079	NaN
0	0.10500000000000001	841.1515953366347	5.100312964099884	5882.24671595346	964.2065630097981	1049.999999999999	83.41989466253206	1043.1234998459076	NaN
0	0.10500000000000001	844.1975568505427	5.0610326017906475	5927.8968582997695	964.1651210834023	1049.999999999999	83.41989466253298	1043.1234998459072	NaN
0	0.10500000000000001	847.297320651827	5.0216742541741475	5974.353956971417	964.123615036976	1049.999999999999	83.41989466253285	1043.123499845908	NaN
0	0.10500000000000001	850.451211927259	4.9822515036296515	6021.622903352351	964.0820592687128	1049.999999999999	83.41989466253202	1043.1234998459076	NaN
0	0.10500000000000001	853.65948750437	4.9427785262462125	6069.7075640316325	964.0404687771212	1049.9999999999993	83.41989466253293	1043.123499845907	NaN
0	0.10500000000000001	856.922337567093	4.903269996836472	6118.610806443067	963.9988590596307	1049.9999999999993	83.41989466253268	1043.123499845909	NaN
0	0.10500000000000001	860.2398884940751	4.863740984800154	6168.334541335762	963.9572460018591	1049.9999999999993	83.41989466253158	1043.1234998459076	NaN
0	0.10500000000000001	863.6122053126194	4.824206859969058	6218.879759489095	963.9156457776816	1049.9999999999993	83.41989466253342	1043.123499845907	NaN
0	0.10500000000000001	867.039297384836	4.784683166604168	6270.246616878979	963.8740747161133	1049.9999999999993	83.41989466253352	1043.1234998459086	NaN
0	0.10500000000000001	870.521123146503	4.745185516855423	6322.434505654233	963.8325491890229	1049.9999999999993	83.41989466253177	1043.1234998459083	NaN
0	0.10500000000000001	874.0575956553683	4.705729482907803	6375.442137253267	963.7910854977802	1049.9999999999993	83.41989466253278	1043.1234998459072	NaN
0	0.10500000000000001	877.6485880075718	4.666330498995595	6429.267623552405	963.7496997705991	1049.9999999999993	83.41989466253291	1043.1234998459083	NaN
0	0.10500000000000001	881.2939414980926	4.627003742184941	6483.908599153406	963.708407837889	1049.9999999999993	83.41989466253256	1043.1234998459079	NaN
0	0.10500000000000001	884.9934692570307	4.587764071638125	6539.362275866928	963.6672251693079	1049.9999999999995	83.41989466253274	1043.1234998459079	NaN
0	0.10500000000000001	888.7469649938205	4.548625920789692	6595.625573767924	963.6261667616217	1049.9999999999995	83.4198946625328	1043.123499845908	NaN
0	0.10500000000000001	892.554207021062	4.509603248443552	6652.6951815042	963.5852470886376	1049.9999999999995	83.41989466253236	1043.1234998459086	NaN
0	0.10500000000000001	896.4149643630429	4.470709474647156	6710.567647860117	963.5444800353285	1049.9999999999995	83.41989466253217	1043.123499845908	NaN
0	0.10500000000000001	900.3290019387675	4.431957433171045	6769.2394594545085	963.5038788495264	1049.9999999999995	83.41989466253254	1043.123499845908	NaN
0	0.10500000000000001	904.2960849739962	4.393359337664291	6828.707106887433	963.4634561080667	1049.9999999999995	83.41989466253288	1043.123499845908	NaN
0	0.10500000000000001	908.3159822833364	4.35492676367464	6888.967133953545	963.423223699621	1049.9999999999995	83.41989466253227	1043.123499845909	NaN
0	0.10500000000000001	912.3884724123866	4.31667060779258	6950.016229733414	963.3831927836391	1049.9999999999995	83.4198946625318	1043.123499845908	NaN
0	0.10500000000000001	916.513342883972	4.278601116210061	7011.851217315611	963.3433738219722	1049.9999999999995	83.41989466253246	1043.1234998459086	NaN
0	0.10500000000000001	920.6903954520512	4.240727858589269	7074.46913257918	963.303776553247	1049.9999999999995	83.41989466253226	1043.1234998459079	NaN
0	0.10500000000000001	924.9194470428171	4.203059744997353	7137.867238327075	963.2644100122793	1049.9999999999995	83.41989466253261	1043.1234998459086	NaN
0	0.10500000000000001	929.2003329386978	4.165605024017024	7202.043072044307	963.225282529774	1049.9999999999995	83.41989466253224	1043.1234998459083	NaN
0	0.10500000000000001	933.5329056906048	4.128371319836881	7266.994429618732	963.1864017726933	1049.9999999999995	83.4198946625323	1043.123499845908	NaN
0	0.10500000000000001	937.9170376771908	4.0913656373297025	7332.719403735014	963.1477747511088	1049.9999999999995	83.41989466253274	1043.1234998459076	NaN
0	0.10500000000000001	942.3526204454228	4.054594395351512	7399.216374016516	963.1094078544498	1049.9999999999995	83.41989466253291	1043.1234998459086	NaN
0	0.10500000000000001	946.8395678224454	4.018063428382264	7466.484053704886	963.0713068546381	1049.9999999999995	83.41989466253219	1043.1234998459088	NaN
0	0.10500000000000001	951.3778130333152	3.9817780377099075	7534.521446477261	963.03347696083	1049.9999999999995	83.4198946625321	1043.1234998459079	NaN
0	0.10500000000000001	955.9673095610381	3.9457430102383246	7603.3278593656305	962.9959228402739	1049.9999999999998	83.41989466253209	1043.1234998459086	NaN
0	0.10500000000000001	960.6080322858261	3.9099626351744723	7672.902919862387	962.9586486368958	1050.0	83.41989466253204	1043.1234998459083	NaN
0	0.10500000000000001	965.2999748405873	3.8744407492886137	7743.246536297919	962.9216580195581	1050.0	83.41989466253226	1043.1234998459086	NaN
0	0.10500000000000001	970.0431521479023	3.8391807410438648	7814.3589358993995	962.8849541873909	1050.0	83.41989466253226	1043.123499845909	NaN
0	0.10500000000000001	974.8375978944675	3.804185592651097	7886.240626949486	962.8485399145396	1050.0	83.41989466253206	1043.1234998459083	NaN
0	0.10500000000000001	979.6833647258421	3.7694579000026933	7958.892401727455	962.8124175717902	1050.0	83.4198946625328	1043.1234998459067	NaN
0	0.10500000000000001	984.5805234126217	3.734999899200491	8032.315324028347	962.7765891549788	1050.0	83.41989466253358	1043.1234998459083	NaN
0	0.10500000000000001	989.5291645699438	3.7008134742385446	8106.510754963216	962.7410562937462	1050.0	83.41989466253303	1043.1234998459086	NaN
0	0.10500000000000001	994.529393726048	3.6669002099693087	8181.48027904051	962.7058203072847	1050.0	83.41989466253268	1043.1234998459092	NaN
0	0.10500000000000001	999.5813348781046	3.633261384695597	8257.225757496088	962.6708821972617	1050.0	83.41989466253253	1043.1234998459083	NaN
0	0.10500000000000001	1004.6851266802181	3.5998980124734916	8333.749271155566	962.6362426923415	1050.0	83.41989466253273	1043.1234998459079	NaN
0	0.10500000000000001	1009.8409246062612	3.56681084402751	8411.053152877766	962.6019022496538	1050.0	83.41989466253303	1043.1234998459088	NaN
0	0.10500000000000001	1015.0489004021551	3.534000385538862	8489.139979357687	962.567861074787	1050.0	83.41989466253257	1043.1234998459095	NaN
0	0.10500000000000001	1020.3092393653883	3.5014669297581267	8568.012530350405	962.5341191545017	1050.0	83.41989466253203	1043.1234998459086	NaN
0	0.10500000000000001	1025.622140300869	3.469210568599974	8647.673788021459	962.5006762701727	1050.0	83.4198946625323	1043.1234998459088	NaN
0	0.10500000000000001	1030.98781796118	3.437231190547022	8728.126973548071	962.4675319954524	1050.0	83.41989466253223	1043.1234998459086	NaN
0	0.10500000000000001	1036.4064990591155	3.4055285164210973	8809.37548734298	962.4346857336714	1050.0	83.41989466253219	1043.123499845908	NaN
0	0.10500000000000001	1041.8784231817176	3.3741021041783497	8891.422922769765	962.4021367230779	1050.0	83.41989466253284	1043.1234998459076	NaN
0	0.10500000000000001	1047.4038437290342	3.3429513537291133	8974.273080229064	962.3698840420834	1050.0	83.41989466253314	1043.1234998459088	NaN
0	0.10500000000000001	1052.983025893468	3.3120755281367518	9057.92993686998	962.3379266314452	1050.0	83.41989466253263	1043.1234998459083	NaN
0	0.10500000000000001	1058.616245274412	3.281473769734623	9142.397625825733	962.3062633111316	1050.0	83.4198946625327	1043.1234998459079	NaN
0	0.10500000000000001	1064.303790972963	3.251145091378613	9227.680482625641	962.2748927714418	1050.0	83.41989466253281	1043.123499845909	NaN
0	0.10500000000000001	1070.0459634450854	3.2210883963629486	9313.783013012457	962.24381359377	1050.0	83.41989466253249	1043.1234998459088	NaN
0	0.10500000000000001	1075.8430718469133	3.1913024992951584	9400.709853142807	962.2130242723096	1050.0	83.41989466253246	1043.1234998459092	NaN
0	0.10500000000000001	1081.695438673782	3.1617861087044554	9488.465839155246	962.1825231961834	1050.0	83.41989466253222	1043.123499845908	NaN
0	0.10500000000000001	1087.6033939436838	3.1325378632441008	9577.055919958315	962.15230868695	1050.0	83.41989466253264	1043.1234998459092	NaN
0	0.10500000000000001	1093.5672822477459	3.1035563024337547	9666.485262958433	962.122378968457	1050.0	83.41989466253227	1043.123499845909	NaN
0	0.10500000000000001	1099.5874532206803	3.074839919305382	9756.759111169324	962.0927322212781	1050.0	83.41989466253206	1043.1234998459086	NaN
0	0.10500000000000001	1105.664270234629	3.0463871231686914	9847.882913582416	962.0633665443063	1050.0	83.41989466253237	1043.123499845908	NaN
0	0.10500000000000001	1111.7981030934661	3.0181962795595756	9939.862215621364	962.0342799960335	1050.0000000000002	83.4198946625324	1043.123499845908	NaN
0	0.10500000000000001	1117.989333615224	2.9902656885804326	10032.702742856756	962.0054705722193	1050.0	83.41989466253268	1043.123499845908	NaN
0	0.10500000000000001	1124.2383518610072	2.9625936068877534	10126.410344461809	961.9769362285965	1050.0000000000002	83.41989466253277	1043.123499845909	NaN
0	0.10500000000000001	1130.5455572359974	2.9351782466015273	10220.991009726378	961.9486748797481	1050.0	83.41989466253281	1043.1234998459095	NaN
0	0.10500000000000001	1136.9113579320242	2.908017781575015	10316.450859701758	961.9206844055689	1050.0000000000002	83.41989466253234	1043.1234998459088	NaN
0	0.10500000000000001	1143.3361707653694	2.8811103515723184	10412.796144771934	961.8929626555604	1050.0	83.4198946625325	1043.1234998459088	NaN
0	0.10500000000000001	1149.82042229971	2.854454060964708	10510.03326149643	961.8655074474723	1050.0000000000002	83.41989466253253	1043.1234998459088	NaN
0	0.10500000000000001	1156.364547389188	2.828046988083676	10608.168730765721	961.8383165769171	1050.0	83.41989466253276	1043.1234998459095	NaN
0	0.10500000000000001	1162.9689889705485	2.8018871888490415	10707.209194686895	961.8113878210762	1050.0000000000002	83.4198946625322	1043.123499845909	NaN
0	0.10500000000000001	1169.6341991756703	2.7759726950777424	10807.161433269956	961.7847189369238	1050.0	83.41989466253239	1043.1234998459086	NaN
0	0.10500000000000001	1176.3606364429024	2.7503015282619487	10908.032321111621	961.7583076753688	1050.0000000000002	83.41989466253224	1043.1234998459086	NaN
0	0.10500000000000001	1183.14877201637	2.7248716771469614	11009.828924862517	961.7321517581445	1050.0	83.41989466253229	1043.1234998459083	NaN
0	0.10500000000000001	1189.9990807143035	2.699681135197083	11112.55836478957	961.7062489163072	1050.0000000000002	83.41989466253241	1043.1234998459088	NaN
0	0.10500000000000001	1196.9120483599522	2.67472787455101	11216.227926213658	961.680596863396	1050.0	83.41989466253283	1043.123499845909	NaN
0	0.10500000000000001	1203.8881683607794	2.6500098609780642	11320.845008212495	961.6551933107634	1050.0000000000002	83.41989466253263	1043.123499845909	NaN
0	0.10500000000000001	1210.9279432988042	2.6255250500791183	11426.417147471966	961.6300359636194	1050.0	83.41989466253284	1043.1234998459086	NaN
0	0.10500000000000001	1218.0318808913462	2.6012714030409354	11532.951957713058	961.6051225371589	1050.0000000000002	83.4198946625325	1043.123499845909	NaN
0	0.10500000000000001	1225.2005003016134	2.577246866399995	11640.457224330421	961.5804507357159	1050.0	83.41989466253268	1043.1234998459086	NaN
0	0.10500000000000001	1232.43432713123	2.5534493909639413	11748.940829299238	961.5560182721412	1050.0000000000002	83.41989466253239	1043.1234998459083	NaN
0	0.10500000000000001	1239.7338954946829	2.529876926126757	11858.410782286193	961.5318228619036	1050.0	83.41989466253257	1043.1234998459076	NaN
0	0.10500000000000001	1247.0997482154673	2.5065274207563983	11968.87522359259	961.5078622239383	1050.0000000000002	83.41989466253274	1043.1234998459086	NaN
0	0.10500000000000001	1254.532436032494	2.4833988271119734	12080.342412254344	961.4841340846101	1050.0	83.41989466253295	1043.1234998459086	NaN
0	0.10500000000000001	1262.0325177676814	2.460489101493475	12192.820728556535	961.4606361783108	1050.0000000000002	83.41989466253258	1043.123499845909	NaN
0	0.10500000000000001	1269.60055948514	2.4377962078707736	12306.31866142479	961.437366251122	1050.0	83.41989466253253	1043.1234998459086	NaN
0	0.10500000000000001	1277.2371361593937	2.4153181138485458	12420.844833444577	961.4143220566074	1050.0000000000002	83.41989466253249	1043.1234998459086	NaN
0	0.10500000000000001	1284.942832385414	2.3930527898542073	12536.408011510888	961.3915013549223	1050.0	83.41989466253254	1043.123499845908	NaN
0	0.10500000000000001	1292.7182379195908	2.370998222998222	12653.017039956685	961.3689019269532	1050.0000000000002	83.41989466253258	1043.1234998459088	NaN
0	0.10500000000000001	1300.5639545481117	2.3491523982208395	12770.68094355972	961.346521554934	1050.0	83.41989466253298	1043.123499845909	NaN
0	0.10500000000000001	1308.4805895089285	2.3275133179219343	12889.408828891672	961.324358042494	1050.0000000000002	83.41989466253273	1043.1234998459088	NaN
0	0.10500000000000001	1316.4687592853697	2.3060789919451583	13009.209941212319	961.3024092043318	1050.0	83.41989466253271	1043.1234998459088	NaN
0	0.10500000000000001	1324.5290903373398	2.284847436646778	13130.093675436568	961.2806728651996	1050.0000000000002	83.4198946625324	1043.1234998459088	NaN
0	0.10500000000000001	1332.6622160559718	2.2638166837826437	13252.069530463188	961.2591468689417	1050.0	83.41989466253243	1043.1234998459083	NaN
0	0.10500000000000001	1340.8687768656778	2.242984780547948	13375.14711070554	961.237829078465	1050.0000000000002	83.41989466253256	1043.1234998459088	NaN
0	0.10500000000000001	1349.1494258613848	2.2223497759481043	13499.336210636546	961.2167173617323	1050.0	83.41989466253254	1043.123499845908	NaN
0	0.10500000000000001	1357.5048212967326	2.2019097405393797	13624.646702131351	961.1958096118989	1050.0000000000002	83.41989466253241	1043.1234998459079	NaN
0	0.10500000000000001	1365.9356333738174	2.181662750040384	13751.088636297123	961.1751037304857	1050.0000000000002	83.41989466253266	1043.1234998459083	NaN
0	0.10500000000000001	1374.442537126101	2.1616069032005227	13878.67213673453	961.1545976455934	1050.0000000000002	83.41989466253266	1043.1234998459086	NaN
0	0.10500000000000001	1383.026221607831	2.1417403003655733	14007.407537357649	961.1342892899228	1050.0000000000002	83.41989466253276	1043.1234998459088	NaN
0	0.10500000000000001	1391.687380397335	2.122061066427466	14137.305239966265	961.114176624181	1050.0000000000002	83.41989466253264	1043.1234998459088	NaN
0	0.10500000000000001	1400.4267191834888	2.102567333570623	14268.37582802572	961.0942576193846	1050.0000000000002	83.41989466253264	1043.1234998459086	NaN
0	0.10500000000000001	1409.2449507298152	2.0832572532548337	14400.6299911403	961.0745302690456	1050.0000000000002	83.41989466253293	1043.123499845909	NaN
0	0.10500000000000001	1418.1427997126943	2.0641289858933467	14534.078597616122	961.0549925785724	1050.0000000000002	83.41989466253288	1043.1234998459088	NaN
0	0.10500000000000001	1427.1209969759277	2.045180713776949	14668.732608292506	961.0356425784108	1050.0000000000002	83.41989466253293	1043.1234998459088	NaN
0	0.10500000000000001	1436.1802862325694	2.026410627061404	14804.603177055418	961.0164783096798	1050.0000000000002	83.41989466253271	1043.1234998459088	NaN
0	0.10500000000000001	1445.3214176287493	2.0078169377385007	14941.701554308795	960.997497838381	1050.0000000000002	83.41989466253301	1043.1234998459092	NaN
0	0.10500000000000001	1454.5451558027448	1.9893978634337222	15080.03920784442	960.9786992388051	1050.0000000000002	83.41989466253315	1043.1234998459097	NaN
0	0.10500000000000001	1463.8522690257646	1.9711516496963597	15219.62765997598	960.960080616231	1050.0000000000002	83.41989466253288	1043.123499845909	NaN
0	0.10500000000000001	1473.2435423191325	1.9530765441729854	15360.478684270976	960.9416400805117	1050.0000000000002	83.41989466253301	1043.1234998459095	NaN
0	0.10500000000000001	1482.7197652015163	1.9351708210458451	15502.604121783608	960.9233757709662	1050.0000000000002	83.41989466253303	1043.1234998459092	NaN
0	0.10500000000000001	1492.2817412365084	1.9174327627899659	15646.016024250235	960.9052858377113	1050.0000000000002	83.41989466253258	1043.123499845908	NaN
0	0.10500000000000001	1501.9302818927358	1.8998606721805453	15790.726562003034	960.8873684538604	1050.0000000000002	83.41989466253271	1043.1234998459086	NaN
0	0.10500000000000001	1511.6662131306484	1.8824528604728927	15936.748122760015	960.8696218034244	1050.0000000000002	83.41989466253266	1043.1234998459088	NaN
0	0.10500000000000001	1521.4903678415264	1.865207661457551	16084.093198224175	960.8520440955926	1050.0000000000002	83.41989466253258	1043.1234998459086	NaN
0	0.10500000000000001	1531.4035918477675	1.848123420852518	16232.774474077187	960.8346335538682	1050.0000000000002	83.41989466253276	1043.1234998459088	NaN
0	0.10500000000000001	1541.4067408146	1.8311985020553005	16382.804783660877	960.8173884218882	1050.0000000000002	83.41989466253273	1043.1234998459088	NaN
0	0.10500000000000001	1551.5006817369529	1.814431283749599	16534.197130277866	960.8003069609366	1050.0000000000002	83.41989466253278	1043.1234998459088	NaN
0	0.10500000000000001	1561.6862924476773	1.797820160956545	16686.96467981594	960.78338745097	1050.0000000000002	83.41989466253278	1043.1234998459088	NaN
0	0.10500000000000001	1571.9644659063656	1.781363538383365	16841.120825073693	960.7666281838005	1050.0000000000002	83.41989466253278	1043.1234998459088	NaN
0	0.10500000000000001	1582.3361028952272	1.765059842546871	16996.67907621078	960.7500274754007	1050.0000000000002	83.41989466253278	1043.1234998459088	NaN
0	0.10500000000000001	1592.8021176638708	1.748907512793752	17153.65314541068	960.7335836567141	1050.0000000000002	83.41989466253278	1043.1234998459088	NaN
0	0.10500000000000001	1603.363438888155	1.7329050003009272	17312.056961262457	960.7172950725994	1050.0000000000002	83.41989466253278	1043.1234998459088	NaN
0	0.10500000000000001	1614.021002831301	1.717050778685618	17471.904566188034	960.7011600925887	1050.0000000000002	83.41989466253278	1043.1234998459086	NaN
0	0.10500000000000001	1624.7757619982704	1.7013433310464048	17633.210246244933	960.6851770976564	1050.0000000000002	83.41989466253273	1043.1234998459086	NaN
0	0.10500000000000001	1635.6286811275238	1.6857811563699843	17795.98847100906	960.6693444867032	1050.0000000000002	83.41989466253239	1043.123499845908	NaN
0	0.10500000000000001	1646.5807359187984	1.6703627714430247	17960.25387449325	960.6536606784593	1050.0000000000002	83.4198946625322	1043.123499845908	NaN
0	0.10500000000000001	1657.6329183450546	1.6550867035279415	18126.02133481918	960.6381241039983	1050.0000000000002	83.41989466253243	1043.1234998459088	NaN
0	0.10500000000000001	1668.7862310219523	1.639951498531923	18293.305889767653	960.6227332150097	1050.0000000000002	83.4198946625326	1043.1234998459086	NaN
0	0.10500000000000001	1680.0416918423164	1.6249557147479798	18462.12280628933	960.6074864773947	1050.0000000000002	83.41989466253274	1043.1234998459088	NaN
0	0.10500000000000001	1691.4003281909854	1.6100979307593344	18632.487493735378	960.5923823792682	1050.0000000000002	83.41989466253264	1043.1234998459088	NaN
0	0.10500000000000001	1702.8631900394955	1.5953767284607423	18804.41570026073	960.5774194136649	1050.0000000000002	83.41989466253295	1043.123499845909	NaN
0	0.10500000000000001	1714.4313350323516	1.5807907128917738	18977.923289138	960.5625960986657	1050.0000000000002	83.41989466253284	1043.1234998459086	NaN
0	0.10500000000000001	1726.1058355023122	1.5663385030544215	19153.02634397757	960.5479109680297	1050.0000000000002	83.41989466253283	1043.1234998459086	NaN
0	0.10500000000000001	1737.8877834447087	1.5520187261422709	19329.741243336608	960.5333625652977	1050.0000000000002	83.41989466253283	1043.1234998459088	NaN
0	0.10500000000000001	1749.7782814090244	1.5378300290458162	19508.084524104248	960.5189494554531	1050.0000000000002	83.41989466253293	1043.1234998459088	NaN
0	0.10500000000000001	1761.7784481988003	1.523771071434286	19688.07296699327	960.504670217858	1050.0000000000002	83.41989466253288	1043.1234998459088	NaN
0	0.10500000000000001	1773.8894199743554	1.5098405247986486	19869.72361307996	960.4905234452526	1050.0000000000002	83.41989466253285	1043.123499845909	NaN
0	0.10500000000000001	1786.1123456797823	1.4960370779495646	20053.053695214516	960.4765077493089	1050.0000000000002	83.41989466253251	1043.1234998459086	NaN
0	0.10500000000000001	1798.448396266728	1.4823594267613416	20238.08077636751	960.4626217501857	1050.0000000000002	83.41989466253227	1043.123499845908	NaN
0	0.10500000000000001	1810.8987510392817	1.4688062896897767	20424.82254481875	960.4488640922559	1050.0000000000002	83.41989466253274	1043.1234998459088	NaN
0	0.10500000000000001	1823.4646127501583	1.455376391174273	20613.297040583384	960.4352334272281	1050.0000000000002	83.41989466253271	1043.1234998459086	NaN
0	0.10500000000000001	1836.1471971171377	1.4420684733976126	20803.522498170296	960.421728426055	1050.0000000000002	83.41989466253268	1043.1234998459088	NaN
0	0.10500000000000001	1848.9477406623578	1.428881288088007	20995.517464163284	960.4083477705869	1050.0000000000002	83.41989466253267	1043.1234998459088	NaN
0	0.10500000000000001	1861.8674942305659	1.4158136035413948	21189.30070000186	960.3950901606707	1050.0000000000002	83.41989466253274	1043.1234998459088	NaN
0	0.10500000000000001	1874.9077310123898	1.402864196616413	21384.891302322296	960.3819543060018	1050.0000000000002	83.41989466253253	1043.1234998459086	NaN
0	0.10500000000000001	1888.0697390997868	1.3900318605233932	21582.308591297162	960.3689389340014	1050.0000000000002	83.41989466253263	1043.1234998459088	NaN
0	0.10500000000000001	1901.354827002068	1.37731539948597	21781.572193370343	960.3560427843751	1050.0000000000002	83.41989466253249	1043.1234998459086	NaN
0	0.10500000000000001	1914.7643213466645	1.3647136312405532	21982.702006771047	960.3432646116235	1050.0000000000002	83.41989466253234	1043.1234998459083	NaN
0	0.10500000000000001	1928.2995698904585	1.3522253844106504	22185.718246681132	960.3306031823565	1050.0000000000005	83.41989466253214	1043.1234998459083	NaN
0	0.10500000000000001	1941.9619373575458	1.3398495025970232	22390.641382805625	960.3180572794171	1050.0000000000002	83.41989466253249	1043.1234998459086	NaN
0	0.10500000000000001	1955.7528130552644	1.3275848376445183	22597.492253606448	960.3056256950302	1050.0000000000005	83.41989466253231	1043.1234998459086	NaN
0	0.10500000000000001	1969.67360302121	1.3154302570099001	22806.291948514998	960.2933072382522	1050.0	83.41989466253261	1043.1234998459086	NaN
0	0.10500000000000001	1983.7257349379427	1.3033846394944981	23017.06188164847	960.2811007306207	1049.9999999999998	83.41989466253268	1043.1234998459086	NaN
0	0.10500000000000001	1997.9106623246064	1.291446872024656	23229.823854680955	960.2690050028713	1050.0	83.41989466253285	1043.1234998459088	NaN
0	0.10500000000000001	2012.2298526421964	1.2796158599524396	23444.599878432735	960.2570189053549	1049.9999999999998	83.41989466253293	1043.1234998459086	NaN
0	0.10500000000000001	2026.6848028455724	1.2678905141836296	23661.412406137602	960.245141294973	1050.0	83.41989466253274	1043.1234998459086	NaN
0	0.10500000000000001	2041.277031280334	1.2562697583428601	23880.28421190319	960.2333710424202	1049.9999999999998	83.41989466253276	1043.1234998459086	NaN
0	0.10500000000000001	2056.0080760713336	1.2447525301516331	24101.238366539987	960.2217070335564	1050.0	83.41989466253258	1043.1234998459086	NaN
0	0.10500000000000001	2070.8795043609525	1.2333377743942804	24324.298376128518	960.2101481622653	1049.9999999999998	83.41989466253267	1043.1234998459086	NaN
0	0.10500000000000001	2085.892902907766	1.2220244505544413	24549.488041006876	960.1986933381687	1050.0	83.41989466253273	1043.1234998459088	NaN
0	0.10500000000000001	2101.049884433508	1.2108115280889076	24776.831550970543	960.1873414818208	1049.9999999999998	83.4198946625329	1043.1234998459088	NaN
0	0.10500000000000001	2116.3520901730726	1.199697984931004	25006.35352352086	960.1760915231768	1050.0	83.41989466253277	1043.1234998459088	NaN
0	0.10500000000000001	2131.801180137779	1.1886828148403672	25238.07885782136	960.1649424090137	1049.9999999999998	83.4198946625331	1043.1234998459088	NaN
0	0.10500000000000001	2147.398852096256	1.1777650140394005	25472.03301939772	960.1538930893882	1050.0	83.4198946625325	1043.1234998459083	NaN
0	0.10500000000000001	2163.1468161842604	1.166943599498373	25708.241659303247	960.1429425361237	1049.9999999999998	83.41989466253251	1043.1234998459083	NaN
0	0.10500000000000001	2179.046823550188	1.1562175891354403	25946.73104378179	960.1320897227569	1050.0	83.41989466253231	1043.1234998459083	NaN
0	0.10500000000000001	2195.1006448577327	1.145586017039212	26187.527731822862	960.1213336399262	1049.9999999999998	83.41989466253261	1043.1234998459086	NaN
0	0.10500000000000001	2211.3100813217798	1.13504792610905	26430.658740692637	960.1106732879083	1050.0	83.4198946625324	1043.1234998459086	NaN
0	0.10500000000000001	2227.676963139187	1.1246023694439802	26676.15152239709	960.1001076780066	1049.9999999999998	83.41989466253261	1043.1234998459083	NaN
0	0.10500000000000001	2244.203153352175	1.1142484082122397	26924.03402163067	960.0896358303813	1050.0	83.41989466253231	1043.1234998459086	NaN
0	0.10500000000000001	2260.8905429575607	1.1039851150880455	27174.33460241833	960.0792567775126	1049.9999999999998	83.41989466253254	1043.1234998459086	NaN
0	0.10500000000000001	2277.7410547733716	1.093811572080514	27427.082106112484	960.0689695619881	1050.0	83.41989466253283	1043.1234998459088	NaN
0	0.10500000000000001	2294.756641791045	1.0837268718308986	27682.30582667734	960.0587732377998	1049.9999999999998	83.41989466253273	1043.1234998459083	NaN
0	0.10500000000000001	2311.9392934732496	1.0737301141886586	27940.035605152767	960.0486668668694	1050.0	83.41989466253249	1043.1234998459083	NaN
0	0.10500000000000001	2329.2910284205136	1.0638204108728018	28200.30171965841	960.038649523747	1049.9999999999998	83.41989466253257	1043.123499845908	NaN
0	0.10500000000000001	2346.813904233999	1.0539968800799544	28463.135033329898	960.0287202901458	1050.0	83.4198946625325	1043.1234998459086	NaN
0	0.10500000000000001	2364.5100065476518	1.0442586530326	28728.566829807645	960.0188782615489	1049.9999999999998	83.4198946625327	1043.1234998459083	NaN
0	0.10500000000000001	2382.3814637902633	1.0346048660494234	28996.62903465983	960.0091225391812	1050.0	83.41989466253204	1043.123499845908	NaN
0	0.10500000000000001	2400.4304385237456	1.025034665778203	29267.354085461797	959.9994522352861	1049.9999999999998	83.41989466253257	1043.1234998459086	NaN
0	0.10500000000000001	2418.6591305167485	1.0155472078208854	29540.774977898873	959.9898664717225	1050.0	83.41989466253249	1043.1234998459086	NaN
0	0.10500000000000001	2437.069768870238	1.006141661046829	29816.92514765444	959.9803643843106	1049.9999999999998	83.41989466253258	1043.1234998459086	NaN
0	0.10500000000000001	2455.6646373103804	0.9968171949524508	30095.838849790485	959.9709451100497	1050.0	83.41989466253264	1043.1234998459088	NaN
0	0.10500000000000001	2474.4460467159297	0.9875729941297635	30377.550746672892	959.9616078017236	1049.9999999999998	83.41989466253295	1043.1234998459088	NaN
0	0.10500000000000001	2493.416358255866	0.9784082469523342	30662.09625502476	959.952351616459	1050.0	83.41989466253278	1043.1234998459088	NaN
0	0.10500000000000001	2512.577966664724	0.9693221542112985	30949.511295064898	959.9431757244392	1049.9999999999998	83.41989466253271	1043.1234998459083	NaN
0	0.10500000000000001	2531.9333214844805	0.9603139193145311	31239.832609126344	959.9340792989931	1050.0	83.4198946625326	1043.1234998459086	NaN
0	0.10500000000000001	2551.484899664511	0.9513827615695314	31533.097350669057	959.9250615299994	1050.0	83.41989466253256	1043.1234998459088	NaN
0	0.10500000000000001	2571.2352375121345	0.9425279016618087	31829.343563523507	959.9161216092112	1050.0	83.41989466253266	1043.1234998459088	NaN
0	0.10500000000000001	2591.186906865046	0.9337485730272843	32128.609824488543	959.9072587417297	1050.0	83.41989466253266	1043.1234998459083	NaN
0	0.10500000000000001	2611.34253450626	0.9250440134972763	32430.935534547225	959.8984721375577	1050.0	83.41989466253244	1043.1234998459086	NaN
0	0.10500000000000001	2631.704789860589	0.9164134711722185	32736.36073431983	959.8897610175208	1050.0	83.4198946625326	1043.1234998459088	NaN
0	0.10500000000000001	2652.2763940457858	0.9078562008637402	33044.926239827466	959.8811246096645	1050.0	83.41989466253287	1043.1234998459088	NaN
0	0.10500000000000001	2673.0601182417317	0.8993714652459579	33356.67361803104	959.8725621504078	1050.0	83.41989466253263	1043.1234998459088	NaN
0	0.10500000000000001	2694.058786158844	0.8909585342619825	33671.645223856736	959.8640728839353	1050.0	83.4198946625328	1043.1234998459088	NaN
0	0.10500000000000001	2715.2752780243245	0.8826166840101104	33989.88425998869	959.8556560610638	1050.0	83.41989466253288	1043.1234998459088	NaN
0	0.10500000000000001	2736.712516095663	0.8743452028230937	34311.43455957759	959.8473109453671	1050.0	83.41989466253304	1043.1234998459088	NaN
0	0.10500000000000001	2758.3734972154243	0.8661433790350178	34636.341074550226	959.8390368008253	1050.0	83.4198946625324	1043.1234998459083	NaN
0	0.10500000000000001	2780.2612640664315	0.8580105126635442	34964.64944444897	959.8308329036025	1050.0	83.41989466253249	1043.1234998459086	NaN
0	0.10500000000000001	2802.3789148293226	0.8499459119567415	35296.406141291634	959.8226985385542	1050.0	83.41989466253258	1043.1234998459086	NaN
0	0.10500000000000001	2824.7296178108227	0.8419488885493627	35631.65868899073	959.8146329943334	1050.0	83.4198946625326	1043.1234998459083	NaN
0	0.10500000000000001	2847.3165950673383	0.8340187639484684	35970.45541771386	959.8066355699242	1050.0	83.4198946625325	1043.1234998459083	NaN
0	0.10500000000000001	2870.1431433064236	0.8261548625955002	36312.84577739879	959.7987055676374	1050.0	83.41989466253251	1043.1234998459083	NaN
0	0.10500000000000001	2893.2126033712816	0.8183565229197456	36658.87988003198	959.7908423042487	1050.0	83.41989466253246	1043.1234998459083	NaN
0	0.10500000000000001	2916.528406073869	0.8106230820909176	37008.609187129965	959.7830450956166	1050.0	83.41989466253224	1043.123499845908	NaN
0	0.10500000000000001	2940.0940352843218	0.8029538891370326	37362.085956093804	959.775313269902	1050.0000000000002	83.41989466253268	1043.1234998459088	NaN
0	0.10500000000000001	2963.9130479629066	0.7953482986223882	37719.36354068207	959.7676461611866	1050.0	83.41989466253283	1043.1234998459086	NaN
0	0.10500000000000001	2987.989077514442	0.7878056701977844	38080.49644132667	959.7600431090118	1050.0000000000002	83.41989466253237	1043.1234998459086	NaN
0	0.10500000000000001	3012.3258356471147	0.7803253686730397	38445.54033301524	959.7525034584468	1050.0	83.41989466253227	1043.1234998459086	NaN
0	0.10500000000000001	3036.9270978114796	0.7729067690043506	38814.55184688104	959.7450265651074	1050.0000000000002	83.41989466253254	1043.1234998459088	NaN
0	0.10500000000000001	3061.7967260855025	0.7655492497604605	39187.58891347215	959.7376117885649	1050.0	83.41989466253271	1043.1234998459088	NaN
0	0.10500000000000001	3086.938659608452	0.7582521966512863	39564.710619263285	959.730258495894	1050.0000000000002	83.41989466253267	1043.1234998459088	NaN
0	0.10500000000000001	3112.3569248503823	0.7510150000876317	39945.97736069568	959.7229660592097	1050.0	83.41989466253276	1043.1234998459086	NaN
0	0.10500000000000001	3138.055627469483	0.7438370581201184	40331.45072204022	959.7157338586209	1050.0000000000002	83.4198946625327	1043.1234998459086	NaN
0	0.10500000000000001	3164.0389714943144	0.7367177716481732	40721.19376312621	959.7085612773981	1050.0	83.41989466253268	1043.1234998459086	NaN
0	0.10500000000000001	3190.3112285021043	0.7296565534924915	41115.27055702491	959.7014477111077	1050.0000000000002	83.41989466253264	1043.1234998459083	NaN
0	0.10500000000000001	3216.87679039361	0.722652814631903	41513.74698165863	959.6943925537382	1050.0	83.4198946625326	1043.1234998459086	NaN
0	0.10500000000000001	3243.740120746142	0.7157059779750438	41916.68999010995	959.6873952115723	1050.0000000000002	83.41989466253251	1043.1234998459088	NaN
0	0.10500000000000001	3270.9057979385448	0.7088154675548338	42324.16825748558	959.6804550922932	1050.0	83.41989466253251	1043.1234998459086	NaN
0	0.10500000000000001	3298.378485231733	0.7019807169436845	42736.2517321328	959.6735716134566	1050.0000000000002	83.4198946625325	1043.1234998459083	NaN
0	0.10500000000000001	3326.1629641954314	0.6952011614335825	43153.01213703276	959.6667441946084	1050.0	83.41989466253227	1043.1234998459083	NaN
0	0.10500000000000001	3354.2641135175336	0.6884762440570557	43574.522651946914	959.6599722633453	1050.0	83.41989466253254	1043.1234998459086	NaN
0	0.10500000000000001	3382.686918874885	0.681805413731976	44000.85806147686	959.6532552534384	1050.0	83.41989466253256	1043.1234998459086	NaN
0	0.10500000000000001	3411.436487154098	0.6751881226342829	44432.09496837395	959.6465926021848	1050.0	83.41989466253251	1043.1234998459088	NaN
0	0.10500000000000001	3440.518036089532	0.6686238293860506	44868.31163811221	959.6399837536112	1050.0	83.4198946625326	1043.1234998459088	NaN
0	0.10500000000000001	3469.936910799293	0.6621119960085547	45309.58824692525	959.6334281554034	1050.0	83.4198946625328	1043.1234998459088	NaN
0	0.10500000000000001	3499.6985693001825	0.655652091910566	45756.00666453449	959.6269252629148	1050.0	83.41989466253287	1043.1234998459088	NaN
0	0.10500000000000001	3529.8086013702346	0.6492435904144626	46207.650737083786	959.6204745356652	1050.0	83.4198946625324	1043.1234998459086	NaN
0	0.10500000000000001	3560.272734148817	0.642885968436588	46664.60637114054	959.6140754370149	1050.0	83.41989466253233	1043.1234998459086	NaN
0	0.10500000000000001	3591.0968173104475	0.6365787103725613	47126.961311306935	959.6077274380713	1050.0	83.41989466253256	1043.1234998459088	NaN
0	0.10500000000000001	3622.286844869415	0.6303213042812943	47594.805467285354	959.6014300138418	1050.0	83.4198946625326	1043.1234998459086	NaN
0	0.10500000000000001	3653.848963386747	0.624113241173568	48068.23103698223	959.5951826425162	1050.0	83.4198946625326	1043.1234998459086	NaN
0	0.10500000000000001	3685.7894527258386	0.6179540196573189	48547.33221784708	959.5889848101357	1050.0	83.4198946625326	1043.1234998459086	NaN
0	0.10500000000000001	3718.114748852433	0.6118431422015934	49032.205548868544	959.5828360068289	1050.0	83.4198946625326	1043.1234998459086	NaN
0	0.10500000000000001	3750.8314591401077	0.6057801132254486	49522.95014015469	959.5767357248858	1050.0	83.41989466253257	1043.1234998459088	NaN
0	0.10500000000000001	3783.946342964881	0.5997644436880905	50019.667381856736	959.5706834633731	1050.0	83.41989466253254	1043.1234998459088	NaN
0	0.10500000000000001	3817.46632017673	0.5937956502637882	50522.46107124105	959.5646787272981	1050.0	83.4198946625326	1043.1234998459086	NaN
0	0.10500000000000001	3851.3984981653434	0.5878732514179368	51031.43781867142	959.5587210236577	1050.0	83.41989466253257	1043.1234998459088	NaN
0	0.10500000000000001	3885.750159012779	0.5819967707324029	51546.706854902266	959.5528098647815	1050.0	83.41989466253256	1043.1234998459086	NaN
0	0.10500000000000001	3920.5287643380207	0.5761657369441086	52068.380103747106	959.5469447683656	1050.0	83.41989466253257	1043.1234998459086	NaN
0	0.10500000000000001	3955.7419768222844	0.5703796812923021	52596.5725049554	959.541125254801	1050.0	83.4198946625324	1043.1234998459086	NaN
0	0.10500000000000001	3991.397649460144	0.5646381403562077	53131.40185298236	959.5353508500247	1050.0	83.41989466253231	1043.1234998459086	NaN
0	0.10500000000000001	4027.503843007093	0.5589406541915578	53672.98905870042	959.5296210836411	1050.0000000000002	83.4198946625325	1043.1234998459088	NaN
0	0.10500000000000001	4064.0688272031402	0.5532867672025236	54221.45816775413	959.5239354897977	1050.0	83.4198946625327	1043.1234998459086	NaN
0	0.10500000000000001	4101.101086854131	0.5476760282198027	54776.93645177999	959.5182936072567	1050.0000000000002	83.41989466253287	1043.1234998459086	NaN
0	0.10500000000000001	4138.609340693877	0.5421079887264343	55339.5546913367	959.5126949776117	1050.0	83.41989466253261	1043.1234998459086	NaN
0	0.10500000000000001	4176.60254852803	0.536582203021873	55909.44728306327	959.5071391454464	1050.0000000000002	83.41989466253251	1043.1234998459088	NaN
0	0.10500000000000001	4215.089897968641	0.5310982312929404	56486.752040700725	959.5016256614228	1050.0	83.41989466253271	1043.1234998459086	NaN
0	0.10500000000000001	4254.080831924823	0.525655636727079	57071.610607448885	959.4961540793714	1050.0000000000002	83.41989466253271	1043.123499845909	NaN
0	0.10500000000000001	4293.585061788151	0.5202539849439091	57664.16865374702	959.49072395572	1050.0	83.41989466253273	1043.1234998459086	NaN
0	0.10500000000000001	4333.6125490151335	0.5148928477351101	58264.57560101455	959.48533485325	1050.0000000000002	83.41989466253266	1043.1234998459088	NaN
0	0.10500000000000001	4374.173555985653	0.5095717974034008	58872.985384522006	959.4799863354012	1050.0	83.41989466253277	1043.1234998459086	NaN
0	0.10500000000000001	4415.278614516903	0.5042904123013742	59489.55598110565	959.4746779718389	1050.0000000000002	83.4198946625327	1043.1234998459088	NaN
0	0.10500000000000001	4456.938578623332	0.4990482712631974	60114.450200561056	959.4694093328528	1050.0	83.41989466253268	1043.1234998459083	NaN
0	0.10500000000000001	4499.16459556781	0.493844958725243	60747.83525141566	959.4641799945015	1050.0000000000002	83.4198946625325	1043.1234998459086	NaN
0	0.10500000000000001	4541.968143555746	0.4886800613241572	61389.88330633731	959.4589895351907	1050.0	83.41989466253256	1043.1234998459083	NaN
0	0.10500000000000001	4585.36103385587	0.4835531691180664	62040.771533946965	959.4538375368982	1050.0000000000002	83.41989466253253	1043.1234998459088	NaN
0	0.10500000000000001	4629.355421580196	0.4784638757277857	62700.68226051846	959.4487235853136	1050.0	83.41989466253273	1043.1234998459086	NaN
0	0.10500000000000001	4673.963828844189	0.47341177713016375	63369.80331737976	959.443647268622	1050.0000000000002	83.41989466253258	1043.1234998459086	NaN
0	0.10500000000000001	4719.199144884951	0.46839647318939065	64048.32804268725	959.4386081790417	1050.0	83.41989466253258	1043.1234998459086	NaN
0	0.10500000000000001	4765.07466891995	0.463417564473346	64736.45592430351	959.4336059096227	1050.0000000000002	83.41989466253258	1043.1234998459088	NaN
0	0.10500000000000001	4811.604068153172	0.4584746584520026	65434.39196989582	959.4286400604713	1050.0	83.41989466253251	1043.1234998459086	NaN
0	0.10500000000000001	4858.801471794121	0.45356736099909495	66142.34811721262	959.4237102302112	1050.0000000000002	83.41989466253247	1043.1234998459086	NaN
0	0.10500000000000001	4906.681410645659	0.44869528456800806	66860.54232790925	959.4188160241933	1050.0	83.41989466253266	1043.1234998459088	NaN
0	0.10500000000000001	4955.258898611774	0.443858041443928	67589.19981015786	959.4139570477173	1050.0000000000002	83.41989466253264	1043.1234998459086	NaN
0	0.10500000000000001	5004.5494004997045	0.43905524887260294	68328.55253568424	959.4091329111785	1050.0	83.41989466253264	1043.1234998459086	NaN
0	0.10500000000000001	5054.568877528976	0.4342865262981936	69078.83992240073	959.404343227293	1050.0000000000002	83.41989466253267	1043.1234998459088	NaN
0	0.10500000000000001	5105.333815225896	0.42955149464874487	69840.30925282287	959.3995876103786	1050.0	83.4198946625327	1043.1234998459086	NaN
0	0.10500000000000001	5156.861235492138	0.42484977723113126	70613.21585509909	959.3948656772492	1050.0000000000002	83.41989466253268	1043.1234998459086	NaN
0	0.10500000000000001	5209.168701901128	0.42018100120330887	71397.82318245791	959.3901770486955	1050.0	83.41989466253247	1043.1234998459086	NaN
0	0.10500000000000001	5262.274378276564	0.4155447943450559	72194.40369188257	959.3855213462361	1050.0000000000002	83.41989466253263	1043.1234998459086	NaN
0	0.10500000000000001	5316.197004073447	0.41094078936363143	73003.23847483084	959.3808981964414	1050.0	83.41989466253246	1043.1234998459088	NaN
0	0.10500000000000001	5370.955984898312	0.40636861823485787	73824.61861503268	959.3763072252494	1050.0000000000002	83.41989466253263	1043.1234998459088	NaN
0	0.10500000000000001	5426.571347224209	0.4018279183428468	74658.84450922124	959.3717480641282	1049.9999999999998	83.41989466253263	1043.1234998459083	NaN
0	0.10500000000000001	5483.063836823395	0.39731832658669813	75506.22734361727	959.367220344157	1050.0	83.41989466253254	1043.1234998459086	NaN
0	0.10500000000000001	5540.454896789623	0.39283948365387694	76367.08876426774	959.3627237003154	1050.0000000000002	83.41989466253254	1043.1234998459086	NaN
0	0.10500000000000001	5598.766736949259	0.38839103096232075	77241.76191820958	959.3582577684128	1050.0	83.41989466253261	1043.1234998459086	NaN
0	0.10500000000000001	5658.022324178806	0.38397261395344223	78130.59130823579	959.3538221883896	1050.0000000000002	83.41989466253257	1043.1234998459086	NaN
0	0.10500000000000001	5718.245472150116	0.37958387791045384	79033.9341390694	959.3494166001208	1050.0	83.41989466253247	1043.1234998459086	NaN
0	0.10500000000000001	5779.460834367393	0.3752244712693451	79952.16021292191	959.3450406467368	1050.0000000000002	83.41989466253263	1043.1234998459086	NaN
0	0.10500000000000001	5841.693941438539	0.3708940455869717	80885.65248856343	959.3406939745898	1050.0	83.4198946625325	1043.1234998459086	NaN
0	0.10500000000000001	5904.971304114159	0.3665922512242985	81834.80862690337	959.3363762289192	1050.0000000000002	83.41989466253261	1043.1234998459088	NaN
0	0.10500000000000001	5969.320367717743	0.3623187435193846	82800.04030744942	959.332087060047	1050.0	83.41989466253261	1043.1234998459086	NaN
0	0.10500000000000001	6034.769633034096	0.3580731776091029	83781.77504162882	959.3278261181782	1050.0000000000002	83.41989466253258	1043.1234998459086	NaN
0	0.10500000000000001	6101.348660582154	0.35385521140850307	84780.45623688347	959.323593056389	1050.0	83.41989466253258	1043.1234998459086	NaN
0	0.10500000000000001	6169.088151114337	0.34966450369559565	85796.54440415853	959.3193875287056	1050.0000000000002	83.41989466253257	1043.1234998459086	NaN
0	0.10500000000000001	6238.0199710648885	0.3455007159176069	86830.51753962901	959.3152091919134	1050.0	83.41989466253247	1043.1234998459086	NaN
0	0.10500000000000001	6308.177239789586	0.3413635103292855	87882.87243329389	959.3110577036878	1050.0000000000002	83.41989466253261	1043.1234998459086	NaN
0	0.10500000000000001	6379.594360050926	0.33725255180565483	88954.12512625549	959.3069327244123	1050.0	83.41989466253247	1043.1234998459086	NaN
0	0.10500000000000001	6452.3071274898875	0.3331675052159598	90044.81255279332	959.3028339145433	1050.0000000000002	83.41989466253261	1043.1234998459086	NaN
0	0.10500000000000001	6526.352718014132	0.3291080399870942	91155.49235119176	959.2987609391846	1050.0	83.41989466253249	1043.1234998459086	NaN
0	0.10500000000000001	6601.769879982945	0.32507382341285573	92286.7457465074	959.2947134613776	1050.0000000000002	83.41989466253261	1043.1234998459086	NaN
0	0.10500000000000001	6678.598877513848	0.321064527968174	93439.17670017549	959.2906911494326	1050.0	83.41989466253249	1043.1234998459086	NaN
0	0.10500000000000001	6756.881705305616	0.3170798241691528	94613.41513234821	959.2866936697715	1050.0000000000002	83.4198946625326	1043.1234998459088	NaN
0	0.10500000000000001	6836.662046506622	0.313119387299576	95810.11628992642	959.2827206936682	1050.0	83.41989466253267	1043.1234998459086	NaN
0	0.10500000000000001	6917.98545903293	0.30918289250872616	97029.96354132624	959.2787718923329	1050.0000000000002	83.41989466253257	1043.1234998459088	NaN
0	0.10500000000000001	7000.899436745436	0.3052700167136471	98273.66929413805	959.2748469388204	1050.0	83.41989466253263	1043.1234998459083	NaN
0	0.10500000000000001	7085.453512709198	0.3013804386045067	99541.97654401636	959.2709455080303	1050.0000000000002	83.41989466253253	1043.1234998459086	NaN
0	0.10500000000000001	7171.699386114072	0.29751383789686825	100835.66077848877	959.2670672759608	1050.0	83.4198946625326	1043.1234998459083	NaN
0	0.10500000000000001	7259.691004076653	0.2936698969538224	102155.53120398655	959.2632119213306	1050.0000000000002	83.41989466253254	1043.1234998459086	NaN
0	0.10500000000000001	7349.4847318904585	0.28984829877489704	103502.43329959543	959.2593791235635	1049.9999999999998	83.4198946625326	1043.1234998459086	NaN
0	0.10500000000000001	7441.139504807174	0.2860487263844762	104877.25109377377	959.2555685621711	1050.0	83.41989466253268	1043.1234998459086	NaN
0	0.10500000000000001	7534.717103966265	0.28227085774304306	106280.91130329149	959.2517799116526	1050.0000000000002	83.41989466253249	1043.1234998459088	NaN
0	0.10500000000000001	7630.28195143228	0.27851438051705235	107714.3802588045	959.2480128563043	1049.9999999999998	83.4198946625326	1043.1234998459086	NaN
0	0.10500000000000001	7727.901483441557	0.2747789831499502	109178.66950354626	959.244267081263	1050.0	83.41989466253268	1043.1234998459086	NaN
0	0.10500000000000001	7827.646274225598	0.27106435684884667	110674.83765068058	959.2405422744972	1050.0000000000002	83.41989466253251	1043.1234998459086	NaN
0	0.10500000000000001	7929.5902898040895	0.2673701930568384	112203.99419019416	959.236838124274	1049.9999999999998	83.41989466253256	1043.1234998459083	NaN
0	0.10500000000000001	8033.810921882431	0.2636961894345816	113767.29999736568	959.2331543251518	1050.0000000000002	83.41989466253257	1043.1234998459088	NaN
0	0.10500000000000001	8140.3893698032825	0.260042043597477	115365.97306203263	959.2294905717027	1050.0	83.41989466253261	1043.1234998459086	NaN
0	0.10500000000000001	8249.410746564872	0.25640745741709775	117001.29007887031	959.2258465628216	1050.0000000000002	83.41989466253263	1043.1234998459086	NaN
0	0.10500000000000001	8360.964412806032	0.2527921338858194	118674.59145716419	959.2222219985852	1050.0	83.41989466253258	1043.1234998459086	NaN
0	0.10500000000000001	8475.14412183066	0.24919578091579012	120387.28349618064	959.2186165840561	1050.0000000000002	83.4198946625326	1043.1234998459086	NaN
0	0.10500000000000001	8500.0	0.24842640817155442	120760.12089934798	959.2178453373939	1050.0	83.41989466253268	1043.1234998459086	NaN
