-0.0086269243767037
-0.00805064204977946
-0.00741371497128801
-0.00686093137357624
-0.00612185122555814
-0.00568422731201584
-0.00519778094361378
-0.004660774876733
-0.00403024483211834
-0.00348643579865998
-0.00316222103797809
-0.00257909847559328
-0.00213017712991953
-0.00144568063198708
-0.000967018212042481
-0.000536641754625422
-0.000116315015899759
0.00058640099552143
0.00109757321523823
0.00171848900581084
0.00226566020068597
0.00302048593816967
0.00376048015773538
0.00475686505292561
-0.0181871921118401
-0.0166643705659764
-0.0152499084341443
-0.0138347775826966
-0.0124433620598416
-0.0113352646313133
-0.0105490291600033
-0.0102188257836414
-0.00984557599563257
-0.00936276491770749
-0.0087044339363776
-0.00851022414599638
-0.00808412199315295
-0.00771354433123123
-0.00726366270230788
-0.00665803844740048
-0.00650602129859401
-0.00608079518936239
-0.00558723493332553
-0.00515254330012927
-0.00478905607554814
-0.00459224158245175
-0.00359783200045704
-0.00359741662367158
-0.0320100285612362
-0.0303016644495302
-0.0286560376961192
-0.026838617133654
-0.0252945769467694
-0.0236829264115648
-0.0220663448431893
-0.0208498375124749
-0.0189739835631589
-0.0179555262869574
-0.0161897800619246
-0.0149842519348431
-0.0139096005809888
-0.0124205697754276
-0.0112257261507848
-0.0100662784808991
-0.0092977211341791
-0.00893149527101123
-0.00875664868759452
-0.00852506639076461
-0.00829476618396385
-0.00831612584854341
-0.00799501515023446
-0.00822178399418311
-0.0425840539085254
-0.0413521913181464
-0.0393765860291428
-0.0380982768709737
-0.0365872494199598
-0.035041024630677
-0.0337524268751779
-0.031998457429854
-0.0307173665585991
-0.0292373837465274
-0.0278432946434368
-0.0264417544856845
-0.0251334611671225
-0.0237585568936535
-0.0226360062213984
-0.0208511186738003
-0.0199632296810215
-0.0183729387365381
-0.0173825422659565
-0.0159966852402166
-0.0145104592482417
-0.013607427137893
-0.0123295104520376
-0.0111136046342361
-0.0557030005071671
-0.0519687959486897
-0.0480896332857758
-0.0452326251615146
-0.0430829103871802
-0.0419168099762373
-0.0410839355762716
-0.0393340087654315
-0.038837334040934
-0.0372955218305393
-0.0363997045878406
-0.0351372130548718
-0.0342450031664235
-0.0332086826702779
-0.0319533837936289
-0.0309174844535384
-0.0299417677890052
-0.0290910804407255
-0.0281125482415251
-0.0271318767722628
-0.0263381933713913
-0.0257389324890428
-0.0252745919377825
-0.0249936113204435
-0.08020735710632
-0.0754530354527372
-0.0710029237819479
-0.066563557822511
-0.0622925183907064
-0.0583744802406996
-0.0544336702117487
-0.0509658056247173
-0.0474034594150744
-0.0442828054147931
-0.0410719469447307
-0.0391712777657418
-0.0385064485824571
-0.0382215979693068
-0.0372164688851703
-0.0368836693033511
-0.0362733748235186
-0.0360506626295276
-0.0358223702396229
-0.0356428623018829
-0.0356798691954249
-0.036267567912813
-0.0372929853213723
-0.0385245152191521
-0.104727362102964
-0.0994367721391545
-0.0947905080771397
-0.0901529258390221
-0.0852659841264048
-0.0811529176489894
-0.0764547248278852
-0.0723205678639302
-0.0686344343176512
-0.0641470975928027
-0.0607908813900282
-0.0570530770842222
-0.0533341794719214
-0.050170667084988
-0.0471038622746464
-0.0442654161972814
-0.040983683453773
-0.0386075113660206
-0.0384671699434083
-0.0392439544358231
-0.0404158724785639
-0.0420108494787991
-0.0450708395371287
-0.0486016177887258
-0.122394389927924
-0.11820699898877
-0.113817600217156
-0.109735057685963
-0.105560639268545
-0.101499355823386
-0.0971034116842051
-0.0930528463473679
-0.08908431939985
-0.085450242665229
-0.081399800298072
-0.0778372181721766
-0.0738195170888872
-0.0706028693696365
-0.0671332590609386
-0.0639404570869554
-0.0606562452990789
-0.0578247938302395
-0.0548876015583783
-0.0521774060906172
-0.0502922940679773
-0.0480738871001171
-0.0472835176076831
-0.0529272909640596
-0.142632016615319
-0.1323545616772
-0.124183149038821
-0.120902408999346
-0.117831374704792
-0.11431447070898
-0.111521168875952
-0.108068816389493
-0.104980689487817
-0.101842211830272
-0.0987232686044237
-0.0955034116907442
-0.0925878017677728
-0.0897707243266965
-0.0866904057918264
-0.0839580762578379
-0.0814997856903843
-0.0791708169647734
-0.0767829305298853
-0.0750800222701062
-0.0735837600028996
-0.0724217311816455
-0.0720020534953623
-0.0716221494319688
-0.195049639762924
-0.180695712397653
-0.167270036162196
-0.155893577522479
-0.14385221620646
-0.133933738019431
-0.124110305380574
-0.115607895012732
-0.112358518533094
-0.110543507279613
-0.10850175188012
-0.10661115347946
-0.105070714763457
-0.103159754403663
-0.10163660513747
-0.100203975001888
-0.0989790687569919
-0.0981816753691944
-0.0978600533158297
-0.09764760907472
-0.09804846687412
-0.0998682553336794
-0.101646516980522
-0.104799313094968
-0.254754749826174
-0.238036245587309
-0.222482820961454
-0.208019206896194
-0.193903329631685
-0.180601350447153
-0.168288515197
-0.156742161602718
-0.145476011681722
-0.135960662678635
-0.126063592083474
-0.117178844094442
-0.110195307282261
-0.108529142028414
-0.108630340186499
-0.109090230553252
-0.109701903878248
-0.1109858473193
-0.11295926089463
-0.115823892073877
-0.119927740025957
-0.124793668144781
-0.13182062465431
-0.140059566930713
-0.312031874754043
-0.295335426506934
-0.278928226175221
-0.263335450031735
-0.248220870051549
-0.233768669325062
-0.218989974684901
-0.206378613712531
-0.193112931769381
-0.181078308042054
-0.169783918550025
-0.159111976209702
-0.148171027559587
-0.139002725451194
-0.129942765110745
-0.121588129682141
-0.114657991341877
-0.115277504480771
-0.119757624004655
-0.126228866275726
-0.133905475845652
-0.144319484968527
-0.157231821973615
-0.17335392681515
-0.355789756257957
-0.341455605281977
-0.326737108276164
-0.311974408473797
-0.297506407052426
-0.283489968461612
-0.269627755839428
-0.256229258390275
-0.243132179629287
-0.230528035881411
-0.218491816107447
-0.206402455984087
-0.195395062937321
-0.184432102895456
-0.174413760269049
-0.164449244432671
-0.155800952720505
-0.147033288579887
-0.139281718271506
-0.132644071602722
-0.138866382576186
-0.154306966188312
-0.174323193178134
-0.199914665154597
-0.377959551299692
-0.366887969835676
-0.355549514600361
-0.344880321396105
-0.332757593991952
-0.321435466185554
-0.310042163936575
-0.298491827435354
-0.286972955832127
-0.275817288091284
-0.265012685851588
-0.253722024486489
-0.243627614443711
-0.233068992955077
-0.22350398101661
-0.214277384321001
-0.205187763073154
-0.196162130548362
-0.188782100383329
-0.180896657041086
-0.173712963876634
-0.166856469028434
-0.181267496116111
-0.216714689610213
NA
-0.441353873279779
-0.404028734235894
-0.369943994293707
-0.347845395362491
-0.339964518662203
-0.332747176946407
-0.325255944453905
-0.316993146893023
-0.309053979120231
-0.300847052402059
-0.293218673533583
-0.285995131703969
-0.278066094868501
-0.270961960927199
-0.264044875176216
-0.257032799883086
-0.250942399773429
-0.244490362161852
-0.238999705024989
-0.232618150787112
-0.225639535920781
-0.218647114253203
-0.22512508501599
NA
NA
NA
NA
NA
-0.407102987752821
-0.373157711012683
-0.342989267181783
-0.327357717688666
-0.324259471826481
-0.32143575984133
-0.317715264709064
-0.314955798747431
-0.312052934163408
-0.309250817852215
-0.307116705281943
-0.305041473065885
-0.303825305778328
-0.302287379065455
-0.300880021723538
-0.299158601120955
-0.295470545205053
-0.28897653743251
-0.278673179408229
NA
NA
NA
NA
NA
NA
NA
NA
NA
-0.37733250252596
-0.345919450916649
-0.324901545964599
-0.326046252859593
-0.328727625494985
-0.332797978057355
-0.336846913814741
-0.342337767326296
-0.348065685841641
-0.354640561170033
-0.361739325587758
-0.367463841483252
-0.371236043949997
-0.369659296390671
-0.359597964586358
NA
NA
NA
NA
NA
NA
NA
NA
NA
NA
NA
NA
-0.381116600311529
-0.351383370995131
-0.337426427032496
-0.348935059619918
-0.362938508821291
-0.378146205402916
-0.395516062139821
-0.413717132193978
-0.431897834024841
-0.447283888473893
-0.455740739602584
-0.450588048697507
NA
NA
NA
NA
NA
NA
NA
NA
NA
NA
NA
NA
NA
NA
NA
-0.387977927877341
-0.367915038631534
-0.39005320687727
-0.419365988436348
-0.452176761950044
-0.485931522256354
-0.518318637712736
-0.54152351996359
-0.547069998888524
NA
NA
NA
NA
NA
NA
NA
NA
NA
NA
NA
NA
NA
NA
NA
NA
NA
NA
-0.424786331544556
-0.472085220364512
-0.525433443650262
-0.578395131201435
-0.623175734891733
-0.644936855461874
NA
NA
NA
NA
NA
NA
NA
NA
NA
NA
NA
NA
NA
NA
NA
NA
NA
NA
NA
NA
-0.545993500863509
-0.624086502682645
-0.695607229748986
-0.740239521473211
NA
NA
NA
NA
NA
NA
NA
NA
NA
NA
NA
NA
NA
NA
NA
NA
NA
NA
NA
NA
NA
-0.652612719263533
-0.755506185913769
-0.829504143725793
NA
NA
NA
NA
NA
NA
NA
NA
NA
NA
NA
NA
NA
NA
NA
NA
NA
NA
NA
NA
NA
NA
NA
-0.910240922546346
NA
NA
NA
NA
NA
NA
NA
NA
NA
NA
NA
NA
NA
NA
NA
NA
NA
NA
NA
NA
NA
NA
NA
-0.981026909490363
NA
NA
NA
NA
NA
NA
NA
NA
NA
NA
NA
NA
NA
NA
NA
NA
NA
NA
NA
NA
NA
NA
NA
NA
-0.00767583155204254
-0.00697762216342129
-0.00642566721794219
-0.00582889945572651
-0.00527855101423308
-0.00472198411730906
-0.0042473913818547
-0.0037062668304963
-0.00329865127221885
-0.00271986893400328
-0.00218968731706182
-0.00177073140600336
-0.00127890088849642
-0.000803126910293439
-0.000203723912647891
0.000188481798609475
0.000596000279206865
0.00137942787996836
0.00170195608463875
0.00246334803989112
0.00310956642183502
0.00381187955464324
0.00461272298201808
0.0056917076436383
-0.0170224420244919
-0.0152926847183382
-0.0141186742768681
-0.012805822126529
-0.0114276263191562
-0.0103664312689541
-0.00966190262940786
-0.00924013738637153
-0.00880765785896631
-0.00841147896228245
-0.00782650564027043
-0.0075328555689455
-0.00708471421072304
-0.00677502614090137
-0.00615417176464572
-0.00591786985610105
-0.0055643583770304
-0.00524447715443271
-0.00458966524002485
-0.00428693291395749
-0.00395860135437298
-0.00347093828634071
-0.00290851966818577
-0.00249749498612756
-0.0300970426123334
-0.0281383982063838
-0.0267063700915818
-0.0250582023316282
-0.0235050233370654
-0.0221270984196781
-0.020701381803295
-0.0191565614206349
-0.0179325786087814
-0.0165583614350837
-0.0152330812092558
-0.0138424740072368
-0.0125190416138901
-0.0114939359354349
-0.0102701766573513
-0.00932165421372561
-0.00832773857360664
-0.00806847520159804
-0.00798474138704264
-0.00762937733072039
-0.0076998509747217
-0.00751202346348401
-0.00777329033687904
-0.00784488177839493
-0.0400901193029457
-0.0385262679420439
-0.0372704115232683
-0.0356402333135916
-0.0343014535536532
-0.0327406913438463
-0.031497032186843
-0.0301091454557809
-0.028677058144502
-0.02750811836055
-0.0259670208376928
-0.0246196312571311
-0.0234950060819875
-0.0222523485715981
-0.0209133406581968
-0.0198006165810685
-0.018384231348029
-0.0173646823322438
-0.0161838456736263
-0.0150094983384599
-0.0137003124577645
-0.0127756986345923
-0.0116320454353538
-0.0107574679188538
-0.0530992032328184
-0.0491938749648277
-0.045891698531918
-0.042685298551623
-0.040683343983923
-0.0396927160769963
-0.038356665050657
-0.0375243919741272
-0.03625513964263
-0.0352833148556836
-0.0341386869536658
-0.0331588766575396
-0.0320743559707512
-0.0310891697586144
-0.0303369199813425
-0.0291830427255577
-0.0282769459609669
-0.0275155258849938
-0.0267812240529894
-0.0260038826782386
-0.0256833571127227
-0.0251704634231867
-0.0252438469594892
-0.0254070695739236
-0.0762224592881947
-0.0715363211843664
-0.0670165206591849
-0.0631578669165064
-0.0591877877015573
-0.0555301161690599
-0.0515858064797067
-0.0483875368522011
-0.0452067146249982
-0.0420381403953665
-0.0394050824985121
-0.0371786172604224
-0.0365769059006355
-0.036109955852256
-0.0354892221777048
-0.0350386670386912
-0.0346670652818124
-0.0345693722005419
-0.0345410148285597
-0.034619707556755
-0.035497399727254
-0.0365713077693911
-0.038262174069046
-0.0411985164638704
-0.0987922971986843
-0.0942225050276199
-0.089510458273071
-0.0849797364371371
-0.0810796379363316
-0.0767400675212778
-0.0726494767516392
-0.0686082350176817
-0.0648542895714099
-0.0610228145051059
-0.0578736140807318
-0.0544306425314189
-0.0509418361120992
-0.0480096637376232
-0.0449831262019496
-0.0422125869849802
-0.0394000720415286
-0.0376033359867709
-0.0378227298177292
-0.0388302584278219
-0.0407528937715621
-0.043540652254831
-0.0477465426369879
-0.0539254137461975
-0.115709723118801
-0.11151395413717
-0.107768105107013
-0.103413632515614
-0.099632005194989
-0.0959924635973433
-0.0917526683197376
-0.088233806051285
-0.0844727928534617
-0.0811562738352276
-0.0774612558639029
-0.0739146617588298
-0.070617175874827
-0.0673618270605384
-0.0643640905972734
-0.0613019969201495
-0.0587725201956294
-0.0559386904329815
-0.0537121190723353
-0.0515099264328092
-0.0499275474989283
-0.0484501751626113
-0.0512792412338302
-0.0608747603824383
-0.136264867374209
-0.126150616988328
-0.118258817841214
-0.114152879925346
-0.111158233607689
-0.108590541349863
-0.105399870402889
-0.102364949971056
-0.0995195259890755
-0.0965713969070667
-0.0938890170538398
-0.0910931356316926
-0.0887357372444436
-0.085650692087389
-0.0833665133937614
-0.0809813841455065
-0.0791455804048266
-0.0773406726748083
-0.0756565198551051
-0.0743846723780495
-0.073998691433062
-0.0740203677308762
-0.0746032364585259
-0.075787230688284
-0.185406194344375
-0.17228249023055
-0.159511219249364
-0.148690313710306
-0.137965290536418
-0.127934111711464
-0.118739942353207
-0.110820808776129
-0.106701391585109
-0.105188701683484
-0.103467124189436
-0.10185109785077
-0.10061400769002
-0.0990734388003117
-0.0981778791941751
-0.0971663222292918
-0.0972293773095032
-0.0962775456598517
-0.0968621741507317
-0.0983633142968765
-0.0998529664680392
-0.103255311903079
-0.106934293234289
-0.112082474670035
-0.241703333708039
-0.225804184609534
-0.211777475011334
-0.197707093572512
-0.184938983301677
-0.172323098339526
-0.160833191102299
-0.14964186931046
-0.139742554994924
-0.130021282759032
-0.121115296948036
-0.113103469592501
-0.105970231080565
-0.104909878549692
-0.105529024270019
-0.10662599750569
-0.107967842575116
-0.110408836972218
-0.113391929107552
-0.11844338475543
-0.123871558589577
-0.13159831016362
-0.141482556826704
-0.152506123862814
-0.295083976117287
-0.279562947845657
-0.26461114902033
-0.249441822218167
-0.23565426982478
-0.222464617502713
-0.208755654392398
-0.196739694483875
-0.184670697997693
-0.173273781113578
-0.163034609736574
-0.152356603431078
-0.143155796812952
-0.134254842126262
-0.126076419533233
-0.118152694727982
-0.113047021924349
-0.115936532577525
-0.122273036537492
-0.130795491820594
-0.141626160364634
-0.155692447196228
-0.172891414848355
-0.193397023595246
-0.336239130885156
-0.32229765177309
-0.308786900078982
-0.29528260517954
-0.282040974458893
-0.269207983408529
-0.256721717222189
-0.243705119826797
-0.232019537266965
-0.220764250758749
-0.209077235363155
-0.198029944439819
-0.188520847772829
-0.178236327418891
-0.169044016240755
-0.160626189403762
-0.152291146496357
-0.144902634867662
-0.137755711253647
-0.135847812930687
-0.150456551120279
-0.171183173190596
-0.19778898795893
-0.22987456372869
-0.356548041172806
-0.346385259230365
-0.335692441723621
-0.325867728359935
-0.315124305340225
-0.304867059324213
-0.294585736169035
-0.284091164731346
-0.273839900997351
-0.263717837666828
-0.254011401762773
-0.244272640038254
-0.234612033538535
-0.226071740096472
-0.217284415116787
-0.209063508976168
-0.201298945612636
-0.194173163529781
-0.187164814173873
-0.180708634942557
-0.174781181662124
-0.178488942228986
-0.213324511735373
-0.258764382355918
-0.460726159273125
-0.422492853464765
-0.386335684366474
-0.354504732069957
-0.330171426616562
-0.323037644689766
-0.315982281258833
-0.310043133781108
-0.302141583496027
-0.295956921960086
-0.289308243201568
-0.282709704710781
-0.276448629855656
-0.27006272755971
-0.264207198256205
-0.259401581182051
-0.253888828458878
-0.248975185743255
-0.244401872935376
-0.239718260051567
-0.23441446215682
-0.228458683205313
-0.227316900271958
-0.278251663373229
NA
NA
NA
-0.463638837147498
-0.425210134606102
-0.390094360819245
-0.358529264632136
-0.328379502316446
-0.313463719617118
-0.311315375156772
-0.309304780245892
-0.307443704644985
-0.305638136345272
-0.304913201396428
-0.303488603449493
-0.303558023061707
-0.303658798260719
-0.304030223818886
-0.304686943944721
-0.305191762791514
-0.303742033821834
-0.299249562419738
-0.290468455565607
-0.295217980883606
NA
NA
NA
NA
NA
NA
NA
-0.428229082100509
-0.394117619971434
-0.362298529591162
-0.333332398339123
-0.315208319397041
-0.318136969633067
-0.323528778665727
-0.329456856550779
-0.336155401134589
-0.34377204008458
-0.352691027455392
-0.362150098026228
-0.370827726930759
-0.377495181164215
-0.379538641777604
-0.372128493176167
-0.352581421207281
NA
NA
NA
NA
NA
NA
NA
NA
NA
NA
NA
-0.399578728470638
-0.368263277542603
-0.340454395217279
-0.336688158798353
-0.351987120835819
-0.369891408813147
-0.388765839727001
-0.410212799529136
-0.431459681497373
-0.450846302996783
-0.463050831911622
-0.46236068548069
-0.439705340813327
NA
NA
NA
NA
NA
NA
NA
NA
NA
NA
NA
NA
NA
NA
-0.407934349622591
-0.37702882871981
-0.376790272955214
-0.40815019322335
-0.443602646440828
-0.481196244200047
-0.517617496512209
-0.546328299874804
-0.556980043583579
-0.535734194240432
NA
NA
NA
NA
NA
NA
NA
NA
NA
NA
NA
NA
NA
NA
NA
NA
NA
-0.422342912549556
-0.459359108905876
-0.515363680795587
-0.573598125205396
-0.624095707311915
-0.651867827353425
-0.636887649336682
NA
NA
NA
NA
NA
NA
NA
NA
NA
NA
NA
NA
NA
NA
NA
NA
NA
NA
NA
-0.531914485457979
-0.614427241089967
-0.692427241921417
-0.743633598651557
-0.740103614634061
NA
NA
NA
NA
NA
NA
NA
NA
NA
NA
NA
NA
NA
NA
NA
NA
NA
NA
NA
NA
-0.638363344276546
-0.747643547169144
-0.829797859897075
-0.843020615850093
NA
NA
NA
NA
NA
NA
NA
NA
NA
NA
NA
NA
NA
NA
NA
NA
NA
NA
NA
NA
NA
-0.788810211895834
-0.90667948962488
-0.94349644208793
NA
NA
NA
NA
NA
NA
NA
NA
NA
NA
NA
NA
NA
NA
NA
NA
NA
NA
NA
NA
NA
NA
-0.973435504939809
-1.03988883760218
NA
NA
NA
NA
NA
NA
NA
NA
NA
NA
NA
NA
NA
NA
NA
NA
NA
NA
NA
NA
NA
NA
NA
-1.13033531724023
-0.00667677453325993
-0.00617534640900363
-0.00551895385168172
-0.00481628974323328
-0.0044347592072172
-0.00389058827604621
-0.00338910777536422
-0.00294097957016792
-0.00236446257992407
-0.0019063938855543
-0.00163839917875719
-0.000866482072708895
-0.000580883791705955
-9.50155463017022e-05
0.000403076011828707
0.000954038745462627
0.00138127050471032
0.00199336843440895
0.00245288846464437
0.00321134441689852
0.00392180119947044
0.00472704053086692
0.00560704328731258
0.00672088657276443
-0.0158575851613013
-0.0143169266461285
-0.0131298124195564
-0.011761095852971
-0.0104363286796044
-0.00933340672994581
-0.00888051464845274
-0.00826533214437569
-0.00790803463517065
-0.00739677658780219
-0.00710486077695333
-0.00666439947918428
-0.00619803151267251
-0.00575506581524749
-0.00541524838740065
-0.00504880816033448
-0.00465956187218286
-0.00416797794265594
-0.0038766151619038
-0.00343218195845457
-0.0031308143414488
-0.00250792254322285
-0.00225781831466209
-0.00191450703123208
-0.0278836550929917
-0.0265162685730116
-0.0247559469283495
-0.0235664242949019
-0.0220016375310933
-0.0205267359303682
-0.0192967542588232
-0.017913964270678
-0.0165011484522215
-0.0153894055308465
-0.0138686076148398
-0.0128823880782711
-0.0116814642444804
-0.0106521600581622
-0.00940063241172712
-0.00838765888104581
-0.0075929993352028
-0.00732878246744895
-0.0072007679466693
-0.00691251541842936
-0.00704382689904998
-0.00702785790682475
-0.00759902816274996
-0.00828203226556246
-0.0378460816394255
-0.0363102622092387
-0.0348870327557388
-0.0334022548075855
-0.0321990623078064
-0.0307747929242993
-0.0294476643700045
-0.0281063880298352
-0.0267943352753314
-0.0257272461869626
-0.0242119283951886
-0.0232971618961991
-0.021847634867779
-0.0208042551626519
-0.0196328471809279
-0.0183444846085801
-0.0173853118334719
-0.0161454340965339
-0.0152802587564713
-0.0141462107604332
-0.0129576369800941
-0.0123826750642478
-0.0114349931558544
-0.0112608125522939
-0.050313673431322
-0.0468925120039251
-0.0436021961179991
-0.0407127531365803
-0.0383882734473637
-0.037427428453691
-0.0362284981213185
-0.0352878972218826
-0.0342024608418937
-0.0331402499635458
-0.031942695068295
-0.0314741668007251
-0.0300422924756999
-0.0293579084339185
-0.0287149123165098
-0.0275995924911326
-0.0271520760126148
-0.0260078484934032
-0.0258662706336799
-0.0253475508467826
-0.0250131234751022
-0.0252817078913414
-0.0259737202356624
-0.0275787485664089
-0.0723439137889267
-0.0674347346343016
-0.0637204095975505
-0.0599465764561855
-0.0562226366571356
-0.0525930821004042
-0.0491183869615794
-0.0463973746779137
-0.04285663145014
-0.0398747572171801
-0.0376066448549395
-0.0355234587534358
-0.034598928187882
-0.0342064511951432
-0.0338280299847399
-0.0337468211812156
-0.0333273126392553
-0.0335704684274613
-0.0337170925706823
-0.0344878070452728
-0.0358223542535446
-0.0378464948073654
-0.0410808785377857
-0.0458462156096395
-0.0934618177602081
-0.0887593261278677
-0.0849526958938151
-0.0803942774609895
-0.0766971372827971
-0.0727255104752896
-0.0689737685862088
-0.0649588997020179
-0.0616846060722162
-0.0583245807511276
-0.0549697303798427
-0.0519541035587267
-0.0485443095408952
-0.0459892661439884
-0.0432117776020885
-0.0407149098622675
-0.0381074587133326
-0.0367690066347512
-0.0376845889686278
-0.0394305669718662
-0.0423400612878194
-0.0466567091772363
-0.0531343496867871
-0.0627143865838562
-0.109118826539105
-0.10531511128373
-0.101512135010315
-0.0979827024899266
-0.0944314988025311
-0.0907546921031418
-0.0869793929671287
-0.0837146352283505
-0.0802762914334698
-0.0769493869893023
-0.073837650324104
-0.0704113107412634
-0.0675556342335426
-0.0646988304366156
-0.0619639506763661
-0.059414096509236
-0.0568316348868484
-0.0548136837583715
-0.0529656262790221
-0.0514013033885774
-0.0504507919670852
-0.0513137933614885
-0.0595188989056295
-0.0744571143807768
-0.130076128315951
-0.120615599924273
-0.112541077925345
-0.108003164572599
-0.105420504798953
-0.102549722771503
-0.10000725003846
-0.0971695447939653
-0.0946563402523629
-0.0918771361654561
-0.0896888656657019
-0.0869985162210181
-0.0845297041191859
-0.0826130129570951
-0.0808018653876808
-0.0786216095090359
-0.0771265840602753
-0.0762744000432975
-0.0755128142484057
-0.0750608184451135
-0.0760096570090274
-0.0767758960115567
-0.0793650369584592
-0.0840875864950908
-0.176022869593181
-0.164719205894008
-0.152364472742704
-0.141777184991486
-0.131748119686495
-0.122610055226476
-0.113699891746767
-0.106112911020629
-0.101649540939765
-0.100369201715461
-0.0991574902670317
-0.0975776920052725
-0.096732628990093
-0.0962448617484901
-0.0950123646025597
-0.0951967804713197
-0.0952031483814847
-0.0961962189679725
-0.0979242989078311
-0.100552146636969
-0.104034294152758
-0.109079826475059
-0.115315707654491
-0.121840565763762
-0.228742348990014
-0.214831312727349
-0.201342978500875
-0.188381272895563
-0.17593832126069
-0.164455356071911
-0.154113242940316
-0.143282911924492
-0.13388441595156
-0.125134591945363
-0.116448284565511
-0.108768801098956
-0.102683157038924
-0.101937337784402
-0.103129097969815
-0.105255536216592
-0.107632114112156
-0.111555461378883
-0.115975566450206
-0.123230293412326
-0.131391416146863
-0.142001004470544
-0.155128697143708
-0.16826514682134
-0.279181643204124
-0.264425648832372
-0.250910423803377
-0.237170689848128
-0.224083456247093
-0.211468234916383
-0.199212648527168
-0.188002945062442
-0.176664913925017
-0.166382453231754
-0.156352316570879
-0.147259578522504
-0.1383443831813
-0.129766241240394
-0.122819379556538
-0.115674810069073
-0.11294605919829
-0.118947256145083
-0.127512439597298
-0.139047006502225
-0.153700222641933
-0.172129675487964
-0.194469742138873
-0.2179512897283
-0.316904530242637
-0.305066754391016
-0.291777756542141
-0.280071254649815
-0.267728005194112
-0.255891860016392
-0.244123198196444
-0.232663985594778
-0.222063868846201
-0.211171356736774
-0.200985153264096
-0.191112064064292
-0.182125675592305
-0.172753914139847
-0.165141626738594
-0.157213114973828
-0.149955641802388
-0.14385059410342
-0.138373964861133
-0.146448838257087
-0.167694096831202
-0.195630180502278
-0.229603351541263
-0.266887287558233
-0.338681528472725
-0.326451056150293
-0.317990155639821
-0.30804458562623
-0.299489732646928
-0.289494410829908
-0.280866885589155
-0.270472736703282
-0.262015989411633
-0.252802116046905
-0.244261335402348
-0.235623108076845
-0.227458614856408
-0.219669317105912
-0.212528737035236
-0.205670953229801
-0.199015902485187
-0.193431915254906
-0.187553375617533
-0.182739414856172
-0.180327981024933
-0.20950153388446
-0.257291636352798
-0.3111578350697
-0.440961349754079
-0.403585370869816
-0.369837184960992
-0.339383626754136
-0.315098037127019
-0.306530753064031
-0.301450341105727
-0.295644715708108
-0.289973740605166
-0.283954703127429
-0.279126932294698
-0.273420887503795
-0.268869690782431
-0.264133219584162
-0.259611493242878
-0.256395856480587
-0.25273116929312
-0.249603516100789
-0.246450483414926
-0.242710717633058
-0.238033144926688
-0.233266737179835
-0.275196692645983
-0.348837640055795
NA
NA
-0.482965805814111
-0.44379498911439
-0.406795159532897
-0.374150849358756
-0.343182631882816
-0.31597438086295
-0.301404746667199
-0.300005956263964
-0.299659310010595
-0.298681865074891
-0.298916576231842
-0.299588463218839
-0.300988061420582
-0.302512653658691
-0.305163646690578
-0.307716390456175
-0.310170314758586
-0.311135013394449
-0.308995661458356
-0.302592921594011
-0.299612677227585
-0.378419202138055
NA
NA
NA
NA
NA
NA
-0.446585008053389
-0.411201808742917
-0.378466765985465
-0.348767463351766
-0.322090138856199
-0.30746117214585
-0.313835571544669
-0.320497933751517
-0.329479212607028
-0.338602631720293
-0.350142245918038
-0.361564930303449
-0.373345823591817
-0.38302723380968
-0.388056589424853
-0.383756065570883
-0.366485551071949
-0.400425349132219
NA
NA
NA
NA
NA
NA
NA
NA
NA
-0.451850214132844
-0.417377357543004
-0.386182247521849
-0.356879483464511
-0.332680557670853
-0.340875337817028
-0.359863771220363
-0.381763122082482
-0.405346925587826
-0.430204487645511
-0.453396140400018
-0.470000645386168
-0.472624966301512
-0.453508669642408
-0.436983498066568
NA
NA
NA
NA
NA
NA
NA
NA
NA
NA
NA
NA
NA
-0.427841403679638
-0.396419704567285
-0.372703403539038
-0.39658345236257
-0.434572742256251
-0.475284462690128
-0.516318886531684
-0.550063809186917
-0.565360515646685
-0.548294572600669
-0.497139922098908
NA
NA
NA
NA
NA
NA
NA
NA
NA
NA
NA
NA
NA
NA
NA
-0.472915569824097
-0.437936727418391
-0.445751805494208
-0.505006956988227
-0.567781049975302
-0.623865141225782
-0.658074329849391
-0.647509067881023
-0.577333496478225
NA
NA
NA
NA
NA
NA
NA
NA
NA
NA
NA
NA
NA
NA
NA
NA
NA
-0.514173691388361
-0.518462811609513
-0.604130140568718
-0.688203629555858
-0.746688698203038
-0.748260565581705
-0.668208571669906
NA
NA
NA
NA
NA
NA
NA
NA
NA
NA
NA
NA
NA
NA
NA
NA
NA
NA
NA
-0.623885528524876
-0.739379321695632
-0.828950920711895
-0.848629229268095
-0.760335666151873
NA
NA
NA
NA
NA
NA
NA
NA
NA
NA
NA
NA
NA
NA
NA
NA
NA
NA
NA
NA
-0.776844071206799
-0.902568817398077
-0.945786878012184
-0.853107456739462
NA
NA
NA
NA
NA
NA
NA
NA
NA
NA
NA
NA
NA
NA
NA
NA
NA
NA
NA
NA
NA
-0.965811750850815
-1.03904098402814
-0.944556986844085
NA
NA
NA
NA
NA
NA
NA
NA
NA
NA
NA
NA
NA
NA
NA
NA
NA
NA
NA
NA
NA
-1.01876210086027
-1.12665313450989
-1.03351316817916
-0.00574576150532913
-0.00528193566293855
-0.00467553596897235
-0.0041181192373857
-0.00355544125273333
-0.00312511218697769
-0.00259906361819495
-0.00211239578402467
-0.00166836933470249
-0.00126253987985187
-0.00071661780947474
-0.000311193038652068
0.000194095247789961
0.000594437828287386
0.00120047799638534
0.00145084850038446
0.00222628777455408
0.00265153511506494
0.00324399270885178
0.00387785829678133
0.00480362962426928
0.00555254453938975
0.00677150464175489
0.0080775973234859
-0.0144748200218092
-0.0132862003491468
-0.0120823677809212
-0.0108792772902183
-0.00953582329886377
-0.0087643505173035
-0.00802424819704023
-0.00731334590447191
-0.00703292657766697
-0.00665141142033921
-0.00611709480616396
-0.00575277646757271
-0.00545420769729216
-0.0049352974710723
-0.00454973477753917
-0.00414205951931257
-0.00380633026746513
-0.00354523608997182
-0.00291775043362863
-0.00272883402854501
-0.00228239378078587
-0.00196859935473248
-0.00165606494336584
-0.00153041244036339
-0.0262088372158567
-0.0248327288204248
-0.0231563347058358
-0.0218660173422125
-0.0204635334454575
-0.0192112045582221
-0.0177246403110734
-0.0167083846231769
-0.0154308188098984
-0.0140634774822673
-0.0131528502874598
-0.0119283943735121
-0.0105180457505935
-0.00972986636813805
-0.0086333332382485
-0.00745472825461086
-0.00690398981910701
-0.00659234278197279
-0.00665440027582481
-0.00645337785650596
-0.00670106481623162
-0.00686179619358018
-0.00805866795891006
-0.00983088939014415
-0.0354929679480903
-0.0339658217400299
-0.0329285296951662
-0.0313512066832689
-0.0301342876522906
-0.0288174172011335
-0.0275549273001718
-0.0262623538531409
-0.0252322055415588
-0.024137030494916
-0.0226471820680357
-0.0217611562590117
-0.020624065490234
-0.019349187583467
-0.0183530085105893
-0.0172113874437382
-0.0162186501332065
-0.0153239262439597
-0.0142555294030997
-0.0134875211755098
-0.0125920432024659
-0.0123025155086062
-0.0117112502954378
-0.0141327157870094
-0.047976258701127
-0.044302067449104
-0.0416512744787056
-0.0387269131749732
-0.0364703535452299
-0.0353160768822203
-0.033983991351049
-0.0331662400764576
-0.0321407232562426
-0.0313423511247007
-0.0302881519543749
-0.0295340248664235
-0.0287471001333858
-0.0276619414543758
-0.0271478408809886
-0.0262605901099886
-0.0257036615990491
-0.025279593980137
-0.0250059514327655
-0.0250973631209361
-0.02559544880642
-0.0261487874298014
-0.0281096624858123
-0.0310481084568848
-0.0683819052781701
-0.0640990027396102
-0.0604481116185501
-0.056989484046116
-0.0533886812620615
-0.0499935150025113
-0.0467269371068863
-0.0440547522930579
-0.0408298301153137
-0.0382482879954052
-0.0355136114993979
-0.0339397633564564
-0.0330892610076208
-0.0326818886139069
-0.0324473213182622
-0.0326919204363446
-0.0322756736489008
-0.0328448464149267
-0.0336594234134885
-0.0351640242054532
-0.0373405076024502
-0.0408544275674455
-0.0462110426205965
-0.0541295749579823
-0.0880363813300039
-0.0842670815205038
-0.0799269769987212
-0.076222927175641
-0.0725578375998981
-0.0691168030692832
-0.0654153674992694
-0.0619048401549186
-0.0585707248635592
-0.0555507010842465
-0.0523377763289962
-0.0494511185023574
-0.0467508096147001
-0.0443482188424968
-0.0415471612225793
-0.039395405317687
-0.0372826072159815
-0.0364812579001272
-0.0383702596749033
-0.0410923942491204
-0.0457636999117184
-0.0522582328465937
-0.0623344778990715
-0.0772312237104575
-0.102805090962988
-0.0996125079142265
-0.0962210433982555
-0.0925138394786729
-0.089131518738361
-0.0861717969743111
-0.0827894542378469
-0.0790853250508586
-0.0764717374955956
-0.0733377210724712
-0.0704600507078121
-0.0675069752661596
-0.064874297225008
-0.0620923533567502
-0.0598626471248323
-0.0578403637703517
-0.0557381313564484
-0.0541433334310357
-0.0530878235205168
-0.0524017014290337
-0.0528047217480396
-0.0584633204844537
-0.0738126308005341
-0.0962773377204501
-0.124531634987448
-0.115503643373275
-0.107674425584717
-0.102215176073097
-0.099740784943298
-0.0973694106466924
-0.0950263409709299
-0.0924535911845734
-0.0899402143350531
-0.0877735741811275
-0.0856082406346417
-0.0834950347588591
-0.0816499609132024
-0.0799103323148667
-0.0782229357081837
-0.0773461056771246
-0.0759083487928047
-0.076430589295376
-0.0761781313815102
-0.077476471337106
-0.0794385479851786
-0.0825262570749535
-0.0874073220118962
-0.109345979988539
-0.168070488804238
-0.156428341929991
-0.145706645184678
-0.135758631791873
-0.125731299957465
-0.117402075323907
-0.109385008229845
-0.101662348892817
-0.0975437244738642
-0.0958562875569194
-0.0949242249098903
-0.0943830893918109
-0.0934132982564592
-0.0933404579019928
-0.093462557760993
-0.0937449508961946
-0.0951910885739929
-0.0974148674010164
-0.100570332538942
-0.10502865282759
-0.110677413643854
-0.118399689811521
-0.126290699024486
-0.134249295969188
-0.21723076039703
-0.204286937360458
-0.19118625938623
-0.179701455879219
-0.168101758464188
-0.156972969329929
-0.147119075561517
-0.137464621088741
-0.128492677588604
-0.120124716735956
-0.112415832695182
-0.105406229446811
-0.0999401854738336
-0.100085135857086
-0.101878528515061
-0.105081690984582
-0.108766346642789
-0.114480352706394
-0.121647424504071
-0.131153202472076
-0.142816891782148
-0.157195202016861
-0.172337105909283
-0.184229228782267
-0.263741433497827
-0.2508714318805
-0.238010991012834
-0.225036285162432
-0.213436038488454
-0.201735897171899
-0.19029301759159
-0.179670355348193
-0.169645641715999
-0.15955753592232
-0.150735230216817
-0.142089102395258
-0.134068763231965
-0.127165475640552
-0.120021467664792
-0.114356089717465
-0.115331600681244
-0.124622634750309
-0.136040230570961
-0.151971042026214
-0.171282880792338
-0.195423825945131
-0.22094834741548
-0.240909821883522
-0.299341491844929
-0.287996579063374
-0.276841041605972
-0.265331560548286
-0.254524801683985
-0.243584173329491
-0.233094285178516
-0.222361128327734
-0.212897470616079
-0.202798397513048
-0.193704419162408
-0.185021142730517
-0.17662451201207
-0.169243745314393
-0.161399862650263
-0.155150875812315
-0.149425438877252
-0.144185880443637
-0.144533499826309
-0.164838931559764
-0.193212478192149
-0.229010397899178
-0.268508597921016
-0.300680931204646
-0.322088700142149
-0.309266870835561
-0.300803425842768
-0.292216119568616
-0.284262327596502
-0.275873798646004
-0.267295381716057
-0.259571383388838
-0.250996544687073
-0.243441022981231
-0.23551583453999
-0.228513314755309
-0.221570807937737
-0.215130402428983
-0.209343649080922
-0.203785687875463
-0.198790202759137
-0.194442632594797
-0.190338098077499
-0.186519495173916
-0.206491732768016
-0.254992260265317
-0.31160537035238
-0.360117884904714
-0.42089315757196
-0.386352624912154
-0.353715883845843
-0.325811393469086
-0.300955276559413
-0.292589154232852
-0.287331184130482
-0.283185882980613
-0.278964638489533
-0.274379436392342
-0.270313431664371
-0.266106408512428
-0.262993279329692
-0.26011835437173
-0.257656676964795
-0.255673516100333
-0.2539266690911
-0.252916008937699
-0.250517796317645
-0.247452306901888
-0.24243111318366
-0.272538321839954
-0.348170960454918
-0.416886367887856
NA
-0.501665492023981
-0.461735694306656
-0.424826209676498
-0.389927772071787
-0.358825628653973
-0.329944261891025
-0.304051474743937
-0.290521962085828
-0.290792789252966
-0.291449645402253
-0.292768484894652
-0.294658944930953
-0.297118188480523
-0.300816398558553
-0.305486978270891
-0.309412878652625
-0.314899086324295
-0.317888194024451
-0.318381516871874
-0.313730310052113
-0.307013845221417
-0.377036964686312
-0.469313517589576
NA
NA
NA
NA
-0.502764297142258
-0.464123370701122
-0.428255246832958
-0.395258495042056
-0.36458744098821
-0.336430989516195
-0.310956834615691
-0.303742885273628
-0.31175996759692
-0.321338752839512
-0.333319465360987
-0.346005488771223
-0.360168448265783
-0.375000469183098
-0.387604847991758
-0.396184075512096
-0.394951836002259
-0.379751750229867
-0.401497207845762
-0.51672076596389
NA
NA
NA
NA
NA
NA
NA
NA
-0.469347390983348
-0.435429847096651
-0.404206826068144
-0.373349941520709
-0.346374209108159
-0.332039013653658
-0.349889569769452
-0.373483610968324
-0.399884581528326
-0.428056136067509
-0.454643299949064
-0.475493757978706
-0.483106625364095
-0.466402576598407
-0.443901878701448
-0.55881727362081
NA
NA
NA
NA
NA
NA
NA
NA
NA
NA
NA
-0.48081822777455
-0.447126871551429
-0.416491517082864
-0.386448678708689
-0.384808358895059
-0.424472273465132
-0.469297288850051
-0.513351207003513
-0.55296583146881
-0.573234588444543
-0.560105792697881
-0.507742753741343
-0.595453026385581
NA
NA
NA
NA
NA
NA
NA
NA
NA
NA
NA
NA
NA
NA
-0.495816165351921
-0.46079197841498
-0.440858848274056
-0.494451297335061
-0.560896379635398
-0.62295168380253
-0.663113550322528
-0.657588162372245
-0.588957827000607
-0.627626817128788
NA
NA
NA
NA
NA
NA
NA
NA
NA
NA
NA
NA
NA
NA
NA
NA
-0.541133863636101
-0.516005365306584
-0.593486781105974
-0.682933070370068
-0.748544530912633
-0.755835279275524
-0.677687258369699
-0.662414887518388
NA
NA
NA
NA
NA
NA
NA
NA
NA
NA
NA
NA
NA
NA
NA
NA
NA
-0.618634525655933
-0.614020654367757
-0.7307748412004
-0.82689270187599
-0.853381351733903
-0.767761431666814
-0.701464814034982
NA
NA
NA
NA
NA
NA
NA
NA
NA
NA
NA
NA
NA
NA
NA
NA
NA
NA
NA
-0.76461815374766
-0.89672755723919
-0.94775105762935
-0.857388560118849
-0.743646999680192
NA
NA
NA
NA
NA
NA
NA
NA
NA
NA
NA
NA
NA
NA
NA
NA
NA
NA
NA
NA
-0.957367556557342
-1.03741609469253
-0.945608090823411
-0.787298072047265
NA
NA
NA
NA
NA
NA
NA
NA
NA
NA
NA
NA
NA
NA
NA
NA
NA
NA
NA
NA
-1.0082168080257
-1.12198556561311
-1.03082168420865
-0.831048850782461
-0.00498077688824955
-0.0044758530104691
-0.00392992472797282
-0.00332087114148672
-0.00272795505807777
-0.0024505074088893
-0.00185264363666587
-0.00138276151790406
-0.000946646557668241
-0.000579792297036308
-1.72094329595196e-05
0.00039364399902042
0.000769651728984855
0.00131639114607979
0.0017079671288911
0.00216462985669685
0.00297513488370538
0.00338051164034792
0.00391450840045493
0.00480291718124637
0.00560313287816444
0.00664835473491277
0.00790479181039109
0.00990830095384837
-0.0134935714210435
-0.0122328342280356
-0.0110357772684949
-0.00994081377019507
-0.00890479137552053
-0.00772984164667839
-0.0071252044307224
-0.00676721266826913
-0.00611453881114499
-0.0059165310013698
-0.0053900240716695
-0.0049426189221377
-0.00453171801374247
-0.00422101244792833
-0.00382924401190615
-0.00354162532825553
-0.00305997404298486
-0.00254475856595326
-0.00226102708650283
-0.00192874855647285
-0.00165686301616952
-0.00148649686150831
-0.00141978969977391
-0.00188420022933733
-0.0244907409813613
-0.0232466117658592
-0.0216727638525349
-0.0204033778875359
-0.0190800134473798
-0.0178140388584474
-0.0164871182259799
-0.0155802451838852
-0.0141021458234281
-0.0132368340263239
-0.0120152558695763
-0.0109324074131711
-0.00967820069082082
-0.00883242330095763
-0.00788411478661627
-0.00680432388990904
-0.00615726168626263
-0.00611808800061065
-0.00601720637124631
-0.00626898663930592
-0.00657104054304414
-0.00750070463846009
-0.00947170892466151
-0.0135464397507193
-0.0332677397023576
-0.0322334462630103
-0.0306962312374601
-0.0295045171761932
-0.0283644792024562
-0.0268884355982643
-0.0259428720065613
-0.0246967048319977
-0.0234861148292917
-0.0226280754053104
-0.0211637948545881
-0.0203904739157398
-0.0191997686293766
-0.0182368318885934
-0.0172081099989135
-0.0163111576478334
-0.0153164125169608
-0.0144746860859535
-0.0137445129806521
-0.0130354765663757
-0.0127965561028873
-0.0126265157391894
-0.0142330455979328
-0.0215714717071935
-0.0455282744015317
-0.0423292139865772
-0.0395813240469864
-0.0368793032525561
-0.0345576812905518
-0.0331578035316765
-0.0321730251240332
-0.0313405710947756
-0.030471242928172
-0.029434843300272
-0.0286122785453513
-0.0279663801897336
-0.0270954170449264
-0.0264592707255057
-0.0258301984133133
-0.0250400653782731
-0.0249734450189898
-0.0246734045618477
-0.0249360067231805
-0.0254280154575362
-0.026661953890513
-0.0289033934575445
-0.0323199824945282
-0.0376215397164628
-0.0646907938548164
-0.0608634804618816
-0.0574338643999173
-0.0541107540209734
-0.0505708477581887
-0.04759673054022
-0.0447387199394719
-0.0419016245279877
-0.0388664757436674
-0.036536424659408
-0.0340432506314908
-0.0323665662746025
-0.0317628500933268
-0.0314137207389892
-0.0313629326495651
-0.0314465945667342
-0.0320439926770494
-0.0327229396111975
-0.0346239643872631
-0.0366576072790661
-0.0404934748007921
-0.0466612927438859
-0.0550973429982983
-0.0672460354438234
-0.0831537337573535
-0.0796495115858598
-0.0756883715091128
-0.0722602062876204
-0.0690461956272059
-0.0653517740606934
-0.0620683470145819
-0.0589845422468202
-0.0559040928072879
-0.0531934368955531
-0.0500239150761897
-0.0473559643383686
-0.0450406116448579
-0.0423504173491954
-0.0403669016325564
-0.038454614173124
-0.0369163298124159
-0.0371808463879358
-0.0400551427749951
-0.0448854401822713
-0.0515462958150476
-0.0622684395694795
-0.0778240601861924
-0.0994287003700006
-0.0973737817453496
-0.0943042222405163
-0.0908742887476146
-0.0877154443461861
-0.0846694075923232
-0.0816456739247839
-0.078457581400217
-0.0753607015458019
-0.0728879862932511
-0.0700811401677812
-0.0672254169084627
-0.064733304149529
-0.0624512135243122
-0.0604549888645045
-0.0581708172362602
-0.0567637021403245
-0.0553020571720944
-0.0547351979946384
-0.0541569489210678
-0.0548368989402634
-0.058554645053768
-0.0731294597054219
-0.0969313002358465
-0.130425818502608
-0.119091862383568
-0.11034108751791
-0.102878189321682
-0.0971132405646205
-0.0951284649067569
-0.0924405446961704
-0.0900620611118905
-0.0883011550767915
-0.0857455468456636
-0.084114289905686
-0.0820200396750545
-0.0805628004702809
-0.0790596446295808
-0.0777298674080179
-0.076754361382744
-0.0762807753577047
-0.0766719838948613
-0.0771446086232991
-0.0790456664079622
-0.0817401428837428
-0.0858083521641587
-0.0912182999923977
-0.110172626926532
-0.157056049379481
-0.159993475240777
-0.149314387046418
-0.139157369668877
-0.129596101317498
-0.120713784537213
-0.112492967990214
-0.10486074158253
-0.0977541752234421
-0.0933492993372576
-0.0923036119389539
-0.091655451088439
-0.0912014041177574
-0.0909671358087907
-0.0917560790012489
-0.0923567801550329
-0.0941871587346399
-0.0967893459132585
-0.100227989714677
-0.105782915198593
-0.112230619617786
-0.121173964494079
-0.130735023540342
-0.13998946114303
-0.177781239982304
-0.206482943960833
-0.194340878194368
-0.1817469979928
-0.171221628902329
-0.160401072350842
-0.150537305635533
-0.140807195103073
-0.132177261108793
-0.123284452536275
-0.11602175643174
-0.10915470604215
-0.101987553211222
-0.0975588380553713
-0.0991662028137158
-0.102237729924871
-0.1067207937179
-0.112343337604931
-0.120138711768873
-0.130410030809309
-0.143433689157829
-0.159192794430165
-0.175937865065934
-0.190435257011379
-0.205217302446299
-0.250361187161225
-0.237394383453605
-0.226174879033125
-0.214237986786444
-0.203011506066982
-0.192667768352041
-0.182078928781915
-0.172145065766972
-0.163026124356676
-0.153833980351681
-0.145856023619675
-0.13804349117183
-0.130737856217436
-0.124759322531135
-0.118405816078961
-0.114700727327529
-0.121284123540211
-0.133459514326736
-0.150070098106365
-0.170607986746658
-0.196126947229084
-0.223774557239989
-0.245864661932901
-0.250547098586666
-0.283253431085478
-0.272973994472503
-0.262779870380177
-0.252024526844133
-0.242185339816479
-0.23238739877121
-0.222300921771057
-0.213637935874004
-0.204229873238255
-0.195572004845203
-0.187497428244229
-0.179801613061906
-0.172643268827244
-0.166061973712463
-0.160012952642523
-0.154717468061517
-0.150122053407483
-0.147601653269357
-0.161325986465187
-0.191444317892651
-0.228010447385927
-0.27019196317174
-0.304633223573772
-0.308315925805845
-0.308155359609795
-0.292387538549491
-0.285702623872188
-0.278257387358899
-0.270300251838562
-0.263037843048922
-0.255923497864647
-0.248523823326639
-0.241703503351547
-0.235214142088296
-0.22869605067578
-0.222728314316898
-0.217457293219388
-0.212448987662496
-0.208175318845812
-0.203684497133218
-0.200665549840731
-0.197736349575732
-0.194712279112941
-0.205004786970616
-0.25339382375097
-0.312252024307081
-0.362598505227864
-0.36945882044526
-0.403109960557072
-0.369684829138942
-0.339363583793039
-0.312577552538217
-0.287946692978155
-0.279454304882461
-0.276036989899375
-0.272717158531852
-0.268971830828092
-0.265877379721783
-0.263317614056025
-0.261039328221164
-0.259511263193979
-0.258494612446145
-0.257890121003827
-0.257738673492556
-0.258158560426021
-0.258206049289594
-0.25610329140372
-0.253074020155422
-0.271912674359196
-0.347739489112501
-0.418202651707647
-0.43101688043896
-0.520741158372259
-0.479015530749295
-0.441839511796883
-0.406607788936458
-0.374556516649208
-0.344838481365776
-0.317268103964508
-0.292856099290974
-0.282242661598741
-0.282927720625666
-0.286148001748079
-0.288848836704675
-0.293245716324712
-0.298345106837629
-0.30415030154263
-0.311137165654004
-0.318150734444553
-0.324234639174589
-0.327345748673081
-0.324578730468301
-0.316035495081168
-0.376004244293253
-0.4695978674631
-0.490875247027215
NA
NA
NA
-0.520020849454572
-0.481361230988778
-0.445119851267784
-0.411491594416246
-0.380765987129039
-0.352022007168229
-0.325290855856013
-0.302613853095848
-0.302255414031584
-0.313857906126623
-0.326226416904574
-0.341576859145805
-0.358092052637954
-0.375492680605468
-0.391632787599112
-0.403368287683553
-0.405466984739643
-0.39257762004155
-0.404083806890979
-0.516435065088775
-0.548119946332209
NA
NA
NA
NA
NA
NA
NA
-0.486467826543984
-0.452982686628955
-0.420861808819542
-0.391444905096296
-0.362803715949431
-0.338330219250187
-0.339702129159956
-0.364704567129359
-0.393633109758964
-0.424663567298855
-0.455337905187128
-0.480554853123964
-0.492221391620882
-0.478549086205671
-0.452048383576949
-0.557808866015232
-0.602231182434038
NA
NA
NA
NA
NA
NA
NA
NA
NA
NA
-0.499529840652377
-0.467320250039017
-0.435596329914362
-0.406253096091555
-0.383836702197759
-0.414238489919024
-0.461737986864573
-0.510407786722503
-0.554543980661493
-0.580512634255316
-0.570847518592066
-0.518379000388329
-0.594591284981183
-0.652319906312099
NA
NA
NA
NA
NA
NA
NA
NA
NA
NA
NA
NA
-0.553417554637842
-0.518489276041692
-0.483819133698781
-0.451100774116895
-0.48282654022071
-0.553850277956741
-0.62082048640853
-0.667208632743664
-0.666598551184735
-0.599571577559775
-0.628019263509398
-0.698042445028506
NA
NA
NA
NA
NA
NA
NA
NA
NA
NA
NA
NA
NA
NA
-0.609844489203586
-0.567552973251423
-0.52657337853388
-0.582336304527171
-0.677010595917397
-0.749284468070818
-0.762429989391361
-0.686343521791339
-0.663938671613723
-0.740165873588951
NA
NA
NA
NA
NA
NA
NA
NA
NA
NA
NA
NA
NA
NA
NA
NA
-0.648670431252859
-0.614842306361965
-0.721340664127201
-0.824753697135224
-0.85684135180826
-0.773634636099112
-0.703388838759146
-0.778027132809141
NA
NA
NA
NA
NA
NA
NA
NA
NA
NA
NA
NA
NA
NA
NA
NA
NA
-0.714364103295633
-0.751809819346818
-0.891659725922537
-0.948204422092761
-0.860181423758617
-0.744968189392538
-0.812119080696144
NA
NA
NA
NA
NA
NA
NA
NA
NA
NA
NA
NA
NA
NA
NA
NA
NA
NA
-0.797441194810728
-0.949130725503553
-1.03510240811049
-0.944846025622556
-0.787475560582646
-0.842273668920443
NA
NA
NA
NA
NA
NA
NA
NA
NA
NA
NA
NA
NA
NA
NA
NA
NA
NA
NA
-0.997456013161279
-1.11690693555712
-1.02630752836302
-0.829442280963639
-0.868874077142739
-0.00422258644691281
-0.0036663575756371
-0.00314231238470214
-0.00254594183902279
-0.00224394758453511
-0.00160020905310282
-0.001231870762258
-0.000646841798011833
-0.000320064803627229
0.000137775160580222
0.000595831569698002
0.00101721770764701
0.00146073884974646
0.00191802560796123
0.00241611581649287
0.00290188780878081
0.00351465970868659
0.00395401795895228
0.00492259146267438
0.00564923188956512
0.00659077151715953
0.00793279815068882
0.00958669601262782
0.0115146298415028
-0.0126182322099852
-0.0112834770012557
-0.0101174353690955
-0.00908770060338266
-0.00803582072991471
-0.00708595107893089
-0.00651577660002817
-0.00573868101563624
-0.00551367267065173
-0.00510454935113425
-0.00469755122019355
-0.00422858506426149
-0.00381831762312657
-0.00336067025197645
-0.00314908587361607
-0.00262264218587743
-0.00231445949330278
-0.00198091448839532
-0.0015863464460264
-0.00134577834843885
-0.00125937027631057
-0.0013795472158229
-0.00193541876508163
-0.00363529481787278
-0.0226938363045831
-0.0215975238652977
-0.0204099745178354
-0.0189592351390028
-0.0177168226071425
-0.0166745432783921
-0.0153237844076945
-0.0144079614201667
-0.013087895785103
-0.0121287555205032
-0.0110820913131027
-0.0101448925889291
-0.00888027272219705
-0.00802533172044706
-0.00703797623887281
-0.00609590394831217
-0.00584193896913887
-0.00555740844429609
-0.00576841807089112
-0.0062812038752913
-0.00718820282914534
-0.00937859312995504
-0.0134282772524349
-0.021618198011765
-0.0315805244717937
-0.0302721105627715
-0.0288590927561214
-0.0277934076611924
-0.0264300318703578
-0.0254910648886214
-0.0242095619793054
-0.0230507174028974
-0.0222894498547588
-0.0208632712214085
-0.0200473513629459
-0.0190491762851302
-0.0180970456610968
-0.0170994555031012
-0.0161573479023966
-0.0153726965201623
-0.0146429054507571
-0.0139370878197398
-0.0135986299060301
-0.0133098048921745
-0.0133611563808117
-0.0149148810162486
-0.0217317962626009
-0.0372733176515347
-0.0433000002808651
-0.0402201628542981
-0.0376685626403025
-0.0350303595128107
-0.0326935701748946
-0.03166086501529
-0.0303857817589265
-0.0297780971967593
-0.0286059690564033
-0.0278453741427695
-0.0271562078366303
-0.0264748268615983
-0.0256796221352013
-0.0253441259337678
-0.0247084373651627
-0.0243327463179274
-0.0244959872540251
-0.0247119805088095
-0.0254198219103971
-0.0268901796023197
-0.0295063405136092
-0.0338029071269991
-0.039918396885708
-0.0506243380453908
-0.0615171785218291
-0.0577006580127584
-0.0545875192384362
-0.0511422233967415
-0.048140506593802
-0.0453832408156765
-0.0424265806200655
-0.0398993144253837
-0.0372530491268586
-0.0350042565563602
-0.0325533923326465
-0.0309053817881335
-0.0305346031644072
-0.0305849074644984
-0.0304289918599629
-0.0312955759503469
-0.032030352874626
-0.0336129574445518
-0.036375091134232
-0.0405418664633142
-0.0466918992609708
-0.0563782402996124
-0.0692731576614356
-0.0843161338358076
-0.0788206553692533
-0.0753293926864151
-0.0720483565667579
-0.0683293009225128
-0.0655402064673566
-0.0619267370344581
-0.0592665694564121
-0.0562230873894329
-0.0533503559467036
-0.0505107137470939
-0.0480828420939736
-0.0456078287520972
-0.043480643733439
-0.0411724129677008
-0.0394598028731352
-0.0380107466679597
-0.0371793753665503
-0.0392567953656742
-0.04370347497415
-0.0511134207869027
-0.0621153108006953
-0.078445770586828
-0.101475320945198
-0.126602928282787
-0.0922668114825193
-0.0892637506172783
-0.0862776990889322
-0.0831363891450229
-0.0801688693723135
-0.0776415243467515
-0.0745391444677315
-0.0721074309150527
-0.0695077537137701
-0.0669710262495937
-0.0645811719599365
-0.0626071369442393
-0.060586851791542
-0.0588130010272645
-0.0575509200905886
-0.0561975478869034
-0.0561262466598092
-0.0559299598706317
-0.0570026465126769
-0.0597813595130448
-0.0729857680952265
-0.0972986947932703
-0.132144735718298
-0.170968058599632
-0.113750737547307
-0.105598553720977
-0.0985800367649839
-0.0925749030155299
-0.0903084170855048
-0.0881096618478685
-0.0859310264120961
-0.0842705924589946
-0.0822488254207796
-0.080818164823854
-0.0791030541373417
-0.0780244411567406
-0.0769969454604902
-0.076462571029412
-0.0766034136324598
-0.0765015747885145
-0.0782386481636488
-0.0803371554661112
-0.0838301663737517
-0.0886659755444461
-0.0954115214400409
-0.111547349256893
-0.158862542067669
-0.214351622500669
-0.152711602554077
-0.14228028642977
-0.132812457873527
-0.124472330274001
-0.115232547055023
-0.108112284154488
-0.100713186777757
-0.0942914486978852
-0.0897843693260495
-0.0892708436157577
-0.0889729888595842
-0.0889945796565352
-0.0897107109535081
-0.0909476463598794
-0.092780465726483
-0.0958581440244191
-0.10005733674176
-0.106019130217562
-0.113969193684736
-0.12374879202825
-0.135034877427701
-0.145620745350869
-0.180539069633013
-0.254513771258473
-0.196221721831903
-0.184627517370707
-0.173856661665583
-0.163189789683155
-0.153379473717151
-0.143834919522489
-0.135212671515542
-0.126821217130456
-0.119154755246395
-0.112210001896561
-0.105477321341675
-0.0999139358501429
-0.096773670846414
-0.0994552714371913
-0.104300121393423
-0.110473958834954
-0.118683290733694
-0.129624752529312
-0.143858494545934
-0.160703024246492
-0.179841631705509
-0.195702537576153
-0.210957821345207
-0.290480866194133
-0.237080272909863
-0.225486902452475
-0.21530920477292
-0.203641765036143
-0.193933354029856
-0.184090135889807
-0.174499317203149
-0.165653610262742
-0.156894886376469
-0.149104442527691
-0.141552499865918
-0.134418558368196
-0.12852222452251
-0.123239232610916
-0.118719779076558
-0.118589976761285
-0.13085406064253
-0.147855617153325
-0.169691641197681
-0.196839019800987
-0.226323327183789
-0.250964884051903
-0.256409018411025
-0.32254879571567
-0.268256564653619
-0.258531289491786
-0.249387915269069
-0.240417337678439
-0.230851506122487
-0.221868232227369
-0.213512227131494
-0.204975164251759
-0.197249868740595
-0.189554787104982
-0.182377143434766
-0.175680866395135
-0.169999915942246
-0.164295668378811
-0.160054446408732
-0.155980963328516
-0.153706998575841
-0.159344484269532
-0.18902030885012
-0.227719316182376
-0.271558234666051
-0.308461957770554
-0.313023660734397
-0.351238981943302
-0.294562072706153
-0.278147381366096
-0.271247143302638
-0.264445045863698
-0.258555655935472
-0.251664334807079
-0.245543824811509
-0.239696725667102
-0.233505912020146
-0.228481795526969
-0.223156607035662
-0.219097993079173
-0.214706769473211
-0.211871754196271
-0.208642174413601
-0.206602518264322
-0.204542979478127
-0.203206072428028
-0.207075128913921
-0.251819578116645
-0.312314419665232
-0.365212729159802
-0.372263135224488
-0.381679615665792
-0.385746999141244
-0.354103386709798
-0.325753755959358
-0.29885025207981
-0.277533642609771
-0.267953424509611
-0.265695461930041
-0.263218647285768
-0.261386402537483
-0.259407590528323
-0.258540141988363
-0.258309344113256
-0.258631264555713
-0.258950774384696
-0.261459140002039
-0.263055475470183
-0.264453065424191
-0.265260659528278
-0.263140976942796
-0.273687654365984
-0.347461791430627
-0.419242190867497
-0.431437843845011
-0.412952529552062
-0.496763708856544
-0.458385844859647
-0.422984964224232
-0.390006915892476
-0.359369135374315
-0.331037968742533
-0.306406492399112
-0.282883418370306
-0.275439596424457
-0.278506919556785
-0.282970209967894
-0.288027850004635
-0.295050184872449
-0.302581162417487
-0.311728748124271
-0.320923656893001
-0.329676406326562
-0.33539708520563
-0.335125825333151
-0.326794499606146
-0.375315665210786
-0.469886869612804
-0.488903287875477
-0.443761230228264
NA
NA
-0.536289978039576
-0.4981560283584
-0.461639414272544
-0.428018759685048
-0.396571545380471
-0.36701928181381
-0.34021991458553
-0.316248430029242
-0.297187317973866
-0.305149180475712
-0.319496323338306
-0.336173694911117
-0.355278457619758
-0.374891295844269
-0.394588794607785
-0.4098278528367
-0.415543085858608
-0.404788104980641
-0.408277472560254
-0.515873600150863
-0.543582983377325
-0.473175079903471
NA
NA
NA
NA
NA
-0.53874672471564
-0.503341786139149
-0.469427581737257
-0.438389772374345
-0.40814771183952
-0.380216438271305
-0.354741374324148
-0.336025414156226
-0.355984439927417
-0.386650417556047
-0.420651130600108
-0.455072844644618
-0.484833527726659
-0.500211225399639
-0.490228485168289
-0.460351710139398
-0.557089171235409
-0.59499185903548
-0.500384744592452
NA
NA
NA
NA
NA
NA
NA
NA
-0.550614843753991
-0.517785604682755
-0.485976957595825
-0.455172085645076
-0.426298983910374
-0.39791863904688
-0.403485513279036
-0.453810917601263
-0.506487724328065
-0.555288499672003
-0.586532081461706
-0.581199549010701
-0.528931532552713
-0.593963544327452
-0.642322359919918
-0.524834850600564
NA
NA
NA
NA
NA
NA
NA
NA
NA
NA
NA
-0.573638206951936
-0.540808676919012
-0.507167910194656
-0.47219613745343
-0.473502777059923
-0.545764156015268
-0.618312817436784
-0.67054440730394
-0.67466365718571
-0.609304180442732
-0.628147837950766
-0.686053843239037
-0.546077019297605
NA
NA
NA
NA
NA
NA
NA
NA
NA
NA
NA
NA
NA
-0.635296182462712
-0.593517233604382
-0.548612065240499
-0.570965465661342
-0.671087567215408
-0.749472858465056
-0.76807005529862
-0.693726477594075
-0.66509289165878
-0.725131004964639
-0.564506254837974
NA
NA
NA
NA
NA
NA
NA
NA
NA
NA
NA
NA
NA
NA
NA
-0.678539095974523
-0.625793256805785
-0.711620154869051
-0.821605842509372
-0.85979340666064
-0.778275395427857
-0.704578608147317
-0.760546256255067
-0.579951851557623
NA
NA
NA
NA
NA
NA
NA
NA
NA
NA
NA
NA
NA
NA
NA
NA
-0.746071674196013
-0.743853593994729
-0.885369122084404
-0.948047538367798
-0.861794968044711
-0.745349152936884
-0.79212443136333
-0.592109921665966
NA
NA
NA
NA
NA
NA
NA
NA
NA
NA
NA
NA
NA
NA
NA
NA
NA
-0.807097396592686
-0.940184366763931
-1.03209648032112
-0.943096055385837
-0.786286165914766
-0.819725884752836
-0.601701196968126
NA
NA
NA
NA
NA
NA
NA
NA
NA
NA
NA
NA
NA
NA
NA
NA
NA
NA
-0.986410165038688
-1.11084069118665
-1.02145556114916
-0.826150662152605
-0.843720645080443
-0.608686626649274
-0.0035526132239222
-0.00294517653942755
-0.00248206118356908
-0.00195616341737509
-0.00139692587418194
-0.00105350787564018
-0.000489155022181664
-0.000130891007038836
0.000353183503614685
0.000680902913442472
0.00115290893215603
0.0017523789310303
0.00192724135726158
0.00269149810880415
0.00301247833745466
0.00357669817258349
0.00417649396975778
0.00490507884600172
0.00554738441691627
0.00668170690180187
0.00797480266683998
0.00940568292643357
0.0113311315041794
0.010596427383715
-0.0115752068728289
-0.0104166784748594
-0.0092822370211082
-0.00825538761804246
-0.00735975123645233
-0.00643618410051116
-0.00556162485720324
-0.00521230194106825
-0.00485909172161653
-0.00437371965707367
-0.0038426171591166
-0.00355466393974684
-0.00322421359175928
-0.00270890756378261
-0.00240497586965122
-0.00198272380917353
-0.00159075311196355
-0.00139309966269097
-0.00117159446971077
-0.000946629477796557
-0.00125151521328054
-0.00204892806156126
-0.00396234134854316
-0.00697207914056808
-0.0215253701039836
-0.0202269849388267
-0.0187683403503022
-0.017733154238305
-0.0166649284919218
-0.0153872148779008
-0.0143418805224155
-0.0132126016114942
-0.0122527123911753
-0.0112650361252678
-0.00999078234502376
-0.00918010159171588
-0.00831156264138711
-0.00725654134217713
-0.00633182811635796
-0.00551762135683226
-0.00543717913502523
-0.00533399999681189
-0.00591744447170251
-0.00690752463452404
-0.00925036264500467
-0.0134921321151449
-0.0221536792052523
-0.0366134385693281
-0.0294779059843214
-0.0285339791669362
-0.0271935130780562
-0.0260930345310995
-0.0249194481389176
-0.0238800394416788
-0.0228396712755857
-0.0215983346783752
-0.0207580750592798
-0.0196489051348345
-0.0188999427699083
-0.0178293369223789
-0.0169906735656034
-0.0160913506716462
-0.015529427348448
-0.0146323178472299
-0.0142906682799254
-0.0136393650009065
-0.0140247676835192
-0.0141808941963073
-0.0157731117648502
-0.0222595649444082
-0.0382767900268842
-0.0669494474495178
-0.0412099620397616
-0.0384182251997986
-0.0356536861872009
-0.0334139065936831
-0.0313916514546267
-0.0297153397131236
-0.0287113598644173
-0.0282476994471295
-0.027007475475036
-0.0266096594840129
-0.0257684308371811
-0.0249999663136585
-0.0247282819155931
-0.0242223217181575
-0.0241158078054726
-0.0241532714711015
-0.0245772170583813
-0.0252791755050258
-0.0273142916140654
-0.030013795339002
-0.034962130907675
-0.0418760168869584
-0.0536500860624637
-0.0937351464735375
-0.0581282711832187
-0.0549496403868502
-0.0516351006780774
-0.0488901299049294
-0.0457887764218842
-0.0430248131815489
-0.0407062983562234
-0.0377278753314045
-0.0357100379573844
-0.0333938577840698
-0.0315361077220905
-0.0297840245520367
-0.0295609229215285
-0.0299743300081437
-0.030225531443599
-0.0313115738148051
-0.0331120376574187
-0.0360853395861896
-0.0401777364493647
-0.0470122033151116
-0.0571554330559432
-0.0716855862739649
-0.0877631467751186
-0.117417924406821
-0.074681541852655
-0.0712920088173385
-0.0684335057010588
-0.0650900525539158
-0.061958224298356
-0.0590944578516797
-0.0563753524780147
-0.0535141362943925
-0.0511530189183498
-0.0483329553590692
-0.0463012207021388
-0.0441461811601542
-0.0421570403107
-0.0406723959383829
-0.0390916526939575
-0.0382070976634991
-0.0385236101101352
-0.0431984137429126
-0.0505792715870915
-0.0620197904599315
-0.0791969377541965
-0.103341134170906
-0.129706502794592
-0.148497668658865
-0.0876231840547487
-0.08435317997876
-0.0817211493058814
-0.079207318336591
-0.0762740419442828
-0.0736656528580959
-0.0712402125796521
-0.0689507685253038
-0.0663222423278576
-0.0647572028697835
-0.062433917988865
-0.0605777254811012
-0.0592812788189801
-0.0579461757483446
-0.057254142718213
-0.0571239982091276
-0.0576991588104736
-0.0591517990206927
-0.0623363410252384
-0.0727175646170908
-0.0978402469445242
-0.134013310883656
-0.173760774806793
-0.185339134264554
-0.109016537581321
-0.101525006605455
-0.094181275402157
-0.0885575162471661
-0.0860136366338502
-0.0839117006274736
-0.0823303533362999
-0.0807275741764987
-0.0791417948094153
-0.0780267501682377
-0.076768861917268
-0.0763015720028314
-0.0756707563847853
-0.0763909317528286
-0.0767689085457274
-0.0787974193869159
-0.0815271540729645
-0.085691334127225
-0.0917857921921717
-0.0994103703235899
-0.114047307108137
-0.160851478149013
-0.216651886612628
-0.224020375138304
-0.145741852017401
-0.136210329695743
-0.127104741440573
-0.118555006703477
-0.111128395488063
-0.103631234011872
-0.0970317767534521
-0.0909073450745737
-0.087208891008149
-0.0863857756008604
-0.0869169249302879
-0.0880537194401572
-0.0891415574024002
-0.0913298819524236
-0.0951970177188055
-0.0996937845459989
-0.106361511328917
-0.11525580783296
-0.126198472414745
-0.13902578676169
-0.151248811900703
-0.183972471618342
-0.256530179927971
-0.26144365381207
-0.1863927891466
-0.175797298047299
-0.165526019052958
-0.156278082974861
-0.146483661585468
-0.138600525289936
-0.12984882948279
-0.122274426726033
-0.115470840794303
-0.108983138057024
-0.10291600482438
-0.0983308997575662
-0.0971234748599434
-0.101661484332379
-0.108239884184073
-0.117371101461716
-0.128604100441802
-0.143897067584018
-0.162581033076059
-0.183443927880982
-0.201093637572247
-0.216491979663254
-0.292692330525001
-0.295758699426684
-0.224878205687478
-0.214380674217212
-0.204926115289
-0.194520738507072
-0.1851557303569
-0.176790304100623
-0.167583480149433
-0.159519282923969
-0.152096186471411
-0.144720992307367
-0.13827807580836
-0.132306655219941
-0.127136678272229
-0.123127178218699
-0.12042567910293
-0.128300132463033
-0.145641962632839
-0.168831938524949
-0.197054598043555
-0.229139217043687
-0.255600316872497
-0.262113522092094
-0.325187217899041
-0.325588280492142
-0.254556769424363
-0.245554320297525
-0.237680142788229
-0.228683041081087
-0.221225625621702
-0.212831940930196
-0.205026952217688
-0.197978718208374
-0.190750352567375
-0.184744214864322
-0.1785788044239
-0.17332785226965
-0.168756043309675
-0.16461370962134
-0.161948329274237
-0.159430996630766
-0.161111677453055
-0.187300134781911
-0.227058071405261
-0.27284351019491
-0.312023368126751
-0.31707147659595
-0.35432913118632
-0.350934193711486
-0.282277421620197
-0.265102232189453
-0.258304319228948
-0.252738420062983
-0.247359476995862
-0.241707576215818
-0.236884411010747
-0.23155216760734
-0.227217611911297
-0.223266663803902
-0.219686785618505
-0.216695403186367
-0.214726478152054
-0.212878185349003
-0.211914619343087
-0.211869389392735
-0.211062404058871
-0.212002032062971
-0.250591981847614
-0.312954081578198
-0.367452695394467
-0.374355439538468
-0.384161344973435
-0.371240823696683
-0.368815570090277
-0.339683648459441
-0.312604887509613
-0.2875060256487
-0.266526443604936
-0.258867644013794
-0.256631661608662
-0.256150193787331
-0.255277457500424
-0.255455654445067
-0.255871878087005
-0.258037769779538
-0.25997581398319
-0.263460022823769
-0.267414088433458
-0.271010210012095
-0.273250388041947
-0.273099875030329
-0.278187137706674
-0.347280731775601
-0.420564035160883
-0.431185620329057
-0.414053731356134
-0.38702959712233
-0.475176649234969
-0.438846688026462
-0.404988622859367
-0.37432227098503
-0.345661589980946
-0.319615912216052
-0.295413620719855
-0.274788995028524
-0.271095312413632
-0.276013364616656
-0.282949431233438
-0.290994273735781
-0.299981348466786
-0.311665260476887
-0.322945915718148
-0.334316603767789
-0.342852654179908
-0.345507847313444
-0.33820305196837
-0.375405483666995
-0.470162622120502
-0.486202708413197
-0.442983836709908
-0.398572102126616
-0.592541289493719
-0.55118825704759
-0.513302178851931
-0.477955636367596
-0.443214665222074
-0.412315219638712
-0.382681961215002
-0.355277801072032
-0.330424033697304
-0.30773687156582
-0.297514911011701
-0.311909004280581
-0.33020101377154
-0.351264704402477
-0.374103736092941
-0.39699795687087
-0.415612790480527
-0.424819060575205
-0.416198760274533
-0.413876884188581
-0.515193062866478
-0.538291100480253
-0.470235106406367
-0.40620664961057
NA
NA
NA
NA
-0.553008839328738
-0.518848843764591
-0.48578967495238
-0.454582936188222
-0.425724941866856
-0.397049725720954
-0.371580857357076
-0.347678808758802
-0.346887228644675
-0.379144062918784
-0.416120983631014
-0.453922586268562
-0.488032315455745
-0.508150507350615
-0.500727206280334
-0.46906290892498
-0.556409052643889
-0.586922725075049
-0.494907227420185
-0.410655068087731
NA
NA
NA
NA
NA
NA
NA
-0.565907938228435
-0.53511416444118
-0.504442729893284
-0.475029978330987
-0.445606151945159
-0.417817508537468
-0.401733418410892
-0.445004823482108
-0.501928090005835
-0.555534085065274
-0.591554239400667
-0.590468953049676
-0.538974434216473
-0.593145823487826
-0.631752014915562
-0.516794426908063
-0.412098393706023
NA
NA
NA
NA
NA
NA
NA
NA
NA
NA
-0.593243849021202
-0.56227705043633
-0.530028138773538
-0.495426380723391
-0.474581145302042
-0.537412634162337
-0.615128908774622
-0.67260676112488
-0.681969159416202
-0.618401448288783
-0.628027619524003
-0.672679994321065
-0.535706586344876
-0.410768447021881
NA
NA
NA
NA
NA
NA
NA
NA
NA
NA
NA
NA
-0.658547639639657
-0.619444866977518
-0.575319633258621
-0.565939818596978
-0.664229158403202
-0.749126478454244
-0.772681759959273
-0.700115753318181
-0.665669535458026
-0.709250209424203
-0.551575529845234
-0.407246463337271
NA
NA
NA
NA
NA
NA
NA
NA
NA
NA
NA
NA
NA
-0.760372771745456
-0.707418837230372
-0.645685575930951
-0.701934479573628
-0.817970767413823
-0.861556033420345
-0.781954438915434
-0.704760938026169
-0.742010621583101
-0.564435222725995
-0.401846794439175
NA
NA
NA
NA
NA
NA
NA
NA
NA
NA
NA
NA
NA
NA
NA
-0.777651024588978
-0.743029785156075
-0.879068819138739
-0.947138302545797
-0.862065406550314
-0.744704373199096
-0.77075923707471
-0.57456418263966
-0.394564067327033
NA
NA
NA
NA
NA
NA
NA
NA
NA
NA
NA
NA
NA
NA
NA
NA
-0.822996540334579
-0.931840864127336
-1.02798832105358
-0.940268875473138
-0.783819603131562
-0.795738938552832
-0.581966135526242
-0.385987588903462
NA
NA
NA
NA
NA
NA
NA
NA
NA
NA
NA
NA
NA
NA
NA
NA
-0.942205051513474
-0.976021315664478
-1.10463352518685
-1.01454997628389
-0.822020713678661
-0.816770508097134
-0.587011908318544
-0.375851215916145
-0.00286248300571779
-0.00235727248287382
-0.00168894729730307
-0.00136380322200758
-0.000849940015086037
-0.000369878628347364
4.72182584040915e-05
0.000524455809206015
0.00101739089580583
0.00133743082887328
0.00174512562899964
0.00219860107765313
0.00273829466496678
0.00306741180826853
0.00367221335023316
0.00427391749722478
0.00497591689453958
0.00570456334089253
0.00670541400295571
0.00783261823412235
0.00932632971361952
0.0112981128066575
0.0104442749515956
0.00309992001445963
-0.0105478368972131
-0.00957653475911757
-0.00868381947838864
-0.00747639736990546
-0.00650590881012048
-0.00580568472485471
-0.00500783405707167
-0.00455556809348945
-0.00414466742612557
-0.0036792340053371
-0.00325511817972218
-0.00280860900659346
-0.00254021128930221
-0.00207286365651316
-0.00175212732717256
-0.00139945748047904
-0.000985753835204551
-0.000911806578713093
-0.000784416592019555
-0.00110633447034048
-0.00219866358433463
-0.00434534752322552
-0.00790345524923267
-0.0150996877439213
-0.0201032527343037
-0.0187349103825765
-0.0178134861146867
-0.0164403150307454
-0.0155204751096993
-0.0142304405005042
-0.0133875039089501
-0.012308788007902
-0.0111423312634881
-0.0103543117868996
-0.00940451517103536
-0.00821854809474719
-0.00767937472227642
-0.00651191204716711
-0.00576082291674301
-0.00511002622449491
-0.00517928205646334
-0.00557592648899458
-0.00675456414073628
-0.00913874748645988
-0.0135261113394775
-0.0229487494990768
-0.0378101300789892
-0.044445058203581
-0.0279538146820293
-0.0266669912525655
-0.0256638722174105
-0.0245619362051477
-0.023442323830816
-0.0223192926140667
-0.021486176806168
-0.0203476842577488
-0.0194435342521279
-0.0186960810264944
-0.0174948526626301
-0.0168469376278121
-0.0160919668734216
-0.015504678948158
-0.0148579349621281
-0.0141594810997522
-0.0141910718299673
-0.0144962577294042
-0.0149548250750659
-0.0170566991626631
-0.0226843292272752
-0.0395910213515041
-0.0689531825878768
-0.0810255027933449
-0.039266251917813
-0.0365585434727531
-0.0341637196142611
-0.0318230199442027
-0.0297615347104327
-0.0281854745910317
-0.0273907413514918
-0.0265806435849786
-0.025775065295548
-0.025301093566629
-0.0245127550064925
-0.0241895855294011
-0.0236322255113458
-0.0239292630913177
-0.0236999420547318
-0.0243215778805925
-0.0252028688294276
-0.0274465648954117
-0.0306298839563801
-0.0361552938755316
-0.0443393299218806
-0.056685745415643
-0.0968397273294447
-0.117301390955667
-0.0551708264076492
-0.0520922100188465
-0.0490871582543317
-0.0465551434492792
-0.0436316843197662
-0.0410475270349089
-0.0388324204141252
-0.0362427883725874
-0.0343889236595124
-0.031973041155996
-0.0302889950154325
-0.0290411170156398
-0.0291028808777813
-0.0297345025636342
-0.0305220740977671
-0.0324745307961188
-0.0354820556270327
-0.0401463085943063
-0.0472872387739101
-0.05823769276804
-0.073711133804977
-0.0913504217333064
-0.12196579610121
-0.148454774355498
-0.0709055526407371
-0.0676588058792277
-0.0649655873661878
-0.0616613854519321
-0.0590057190789964
-0.0563357217653398
-0.0540089983233164
-0.0511248557209881
-0.0490137391814496
-0.0466807686070173
-0.0447897321811028
-0.0428984784759761
-0.0415068557354831
-0.0402484416758892
-0.0393540975705917
-0.0393746532300854
-0.0425733241856394
-0.0501477651355278
-0.0620867709542999
-0.0798054610159851
-0.105443030409653
-0.132909470302127
-0.152811184824211
-0.172965101082889
-0.0830428132237962
-0.080286759584455
-0.0777081710522817
-0.0751550070894042
-0.0727805056882067
-0.070266247539153
-0.0681845122090316
-0.0660738084756607
-0.0639684611464642
-0.0622087493547369
-0.0608010222174002
-0.0594542302090419
-0.05865894406063
-0.0577204083710123
-0.058505941693246
-0.0590831124353533
-0.0613809660798093
-0.0647724791023915
-0.0737945272902768
-0.0985999288133816
-0.1360666633633
-0.176148449990781
-0.187832494065943
-0.190891773348342
-0.104043681016661
-0.0971075211727213
-0.0905814232860444
-0.0847990580014985
-0.0823106205302399
-0.0804386168773546
-0.07899125280453
-0.0778723075957336
-0.0764295745306329
-0.0757112022225684
-0.0752788998469514
-0.0752710019685417
-0.0755143373113648
-0.0771753202023623
-0.0791533094487174
-0.0826196841867422
-0.0875226795048095
-0.0945731459283964
-0.103364871824409
-0.117260625251457
-0.163200648577266
-0.218808862898039
-0.223541751632326
-0.202695806039079
-0.13874114888561
-0.130326038023154
-0.121562214879164
-0.114049948318603
-0.106714869119274
-0.0995928398913062
-0.0940159713372441
-0.088126230822973
-0.0843400379263937
-0.08496001031991
-0.0857161595278561
-0.0875908621973588
-0.0903415995260942
-0.0938562123043221
-0.0992710557175203
-0.106582309644185
-0.116293106253256
-0.128546698772395
-0.142883645569332
-0.156958037868459
-0.187691669103746
-0.258294796100848
-0.257707178800286
-0.209075837538695
-0.177351017501094
-0.167532806148544
-0.158206588882676
-0.149435902671124
-0.140513343851341
-0.13299915806478
-0.125501131921561
-0.118467053659024
-0.11212095616587
-0.106414143192513
-0.101154803676438
-0.0977358863016566
-0.0993541044288923
-0.106292614684157
-0.115552319908983
-0.127995722113789
-0.143911827603427
-0.164074860976785
-0.186719513205973
-0.20625151892144
-0.222046941464518
-0.294586373168032
-0.288374236908262
-0.211170217270812
-0.213740233472386
-0.204420881281955
-0.195276915859747
-0.185833500283902
-0.177708786203409
-0.169626619139138
-0.161607908286344
-0.154824392747683
-0.14735130104445
-0.141764060192528
-0.135901842734061
-0.131226403301467
-0.127670295713633
-0.124435386200613
-0.127273023955228
-0.143785900529081
-0.16777326901401
-0.197685646716583
-0.231310684436347
-0.260154826394461
-0.267516173343154
-0.327139381916468
-0.314859557952952
-0.209398662107181
-0.241699010137599
-0.233853334806932
-0.226630373855048
-0.219126571635007
-0.211683306986193
-0.204623704794434
-0.197981250396946
-0.192172403016324
-0.185936258473985
-0.181122481246629
-0.17643900431768
-0.172285242762885
-0.169320216166204
-0.167215157447299
-0.165993219434267
-0.165964946643051
-0.185360775250967
-0.226542108990858
-0.274497059807095
-0.315149703597963
-0.320850712906855
-0.356430837857693
-0.336854484765357
-0.20453227811967
-0.271470272755434
-0.252833741351992
-0.246839440335882
-0.242177665989655
-0.237810743766041
-0.233023166186215
-0.229056887243364
-0.225739525978162
-0.222806786560957
-0.219525999891471
-0.218401361777111
-0.216776007996786
-0.216696583138107
-0.217102168435195
-0.218018897692243
-0.218773065364618
-0.220276369407801
-0.249077237098659
-0.313641948083794
-0.369614385738784
-0.376154136304771
-0.385221567952156
-0.354311189783622
-0.196900786313491
-0.353539479447549
-0.326045482457338
-0.299801084096861
-0.277458861371539
-0.257247711861823
-0.250306359253257
-0.250163249787592
-0.250400003410032
-0.251485017613744
-0.253604316186664
-0.25620528879139
-0.260411311723342
-0.265556881438873
-0.271047884615063
-0.276622866956365
-0.281056878928707
-0.282926467811744
-0.284526757741456
-0.347038059145298
-0.421850845143255
-0.430362774369084
-0.413934392177441
-0.367332436600199
-0.187023261969384
-0.454147122975106
-0.420228800358411
-0.389134210751842
-0.359848642483905
-0.333039583143433
-0.308940017938546
-0.285839401110437
-0.268619313219023
-0.269282768799088
-0.276855616346806
-0.286329680048278
-0.297165269739929
-0.310434696108417
-0.324554329607456
-0.338247306029549
-0.349786539169821
-0.354741453258294
-0.349787768243794
-0.377065908588468
-0.470321174908993
-0.482836558955469
-0.440931809775192
-0.376538144154273
-0.175089135123095
-0.565403701644843
-0.527849423971593
-0.492141974822219
-0.459327440762017
-0.426827405408453
-0.398171409033331
-0.370244988470401
-0.345068300316963
-0.322759093131394
-0.301514547141287
-0.30398564912635
-0.323944056617462
-0.346657142749356
-0.372521603652851
-0.398287404323875
-0.420581310623509
-0.433702930887915
-0.427132997664703
-0.419851474868562
-0.514752418411535
-0.532317039048068
-0.465950427788119
-0.381966053387354
-0.16151062074592
NA
NA
NA
-0.567310042013605
-0.532953201337932
-0.500925572419806
-0.47087944157306
-0.441300745845377
-0.414392710991152
-0.388580093137766
-0.364403522813389
-0.347022564853212
-0.37157120922198
-0.410339457420508
-0.452300133179491
-0.490589633881517
-0.514830721131883
-0.511201018683105
-0.477743626114237
-0.555545558166412
-0.578164829339726
-0.488139425164821
-0.384465160858396
-0.146345957975151
NA
NA
NA
NA
NA
NA
-0.580377018262607
-0.550973610566589
-0.522412695121541
-0.493671700050833
-0.46488902109006
-0.437898027482656
-0.412045344063559
-0.436862436349606
-0.496456178700923
-0.554810677237109
-0.59630549752815
-0.599072663335751
-0.548080405134587
-0.592298485595606
-0.620409742385629
-0.507514286969116
-0.384107868527852
-0.129880001316083
NA
NA
NA
NA
NA
NA
NA
NA
-0.639526107687133
-0.611847994784513
-0.582646322510727
-0.552190063561393
-0.518583741987729
-0.486567165907985
-0.529237274915717
-0.610939727770682
-0.674692746008864
-0.688188634558769
-0.62613608354935
-0.627850409495734
-0.658502179872547
-0.523765066180882
-0.381375165882817
-0.112334134974642
NA
NA
NA
NA
NA
NA
NA
NA
NA
NA
NA
-0.681727661427351
-0.645140479606919
-0.601199563398319
-0.570696848055135
-0.657299334661405
-0.748092506378678
-0.776352250528461
-0.705481443795526
-0.665549978576183
-0.692235374036038
-0.537218117748211
-0.376370992047811
-0.093836862415498
NA
NA
NA
NA
NA
NA
NA
NA
NA
NA
NA
NA
-0.786004217251975
-0.735855208575466
-0.672923145187742
-0.692908344145719
-0.814079433279636
-0.862827701200869
-0.784205316447387
-0.704144754067077
-0.722278526514508
-0.547976311927448
-0.369291978597419
-0.0747604039293769
NA
NA
NA
NA
NA
NA
NA
NA
NA
NA
NA
NA
NA
-0.885276898417045
-0.808795321761735
-0.749065292987374
-0.872573481903826
-0.945345084300756
-0.861433369721082
-0.742645437308815
-0.748199134857901
-0.555850353740311
-0.36105974563147
-0.0549412554028897
NA
NA
NA
NA
NA
NA
NA
NA
NA
NA
NA
NA
NA
NA
-0.958945391044089
-0.843906376069442
-0.922838404714546
-1.02382027235434
-0.93582675650905
-0.780607517934925
-0.770182815366554
-0.561057206531295
-0.351208037981709
-0.034876434958141
NA
NA
NA
NA
NA
NA
NA
NA
NA
NA
NA
NA
NA
NA
NA
-0.974346467860013
-0.96739164803654
-1.09711965958904
-1.00709816638327
-0.816590507679644
-0.788378925092721
-0.564164477766196
-0.340272191242796
-0.0145223101260042
-0.00216796132259583
-0.0016870715183484
-0.00130400177445533
-0.000644702192081903
-0.000312593800777528
0.00024423008555291
0.000571724378531369
0.00115500597142743
0.001497698606793
0.00181291233109532
0.00239575107553597
0.00291342120424531
0.00314724034655156
0.00391996257400606
0.00432797440885757
0.00495622875024387
0.00586053894080091
0.00651832513505951
0.00784190492890302
0.00930911945149493
0.0111164482264553
0.010466801275153
0.00355621253789072
0.0488359720936812
-0.00988078127505426
-0.00862306475133107
-0.00786014149556147
-0.00671873203069884
-0.00590294909384948
-0.00506847876220517
-0.00451317814796737
-0.00393632415132572
-0.00341004276422252
-0.003056815869662
-0.00267305536756746
-0.00220936746450101
-0.00185594142842221
-0.0015298253114171
-0.0011319811230312
-0.000856158061517121
-0.000747225031538235
-0.000597266624293158
-0.000942639203074247
-0.00224589640541062
-0.00477412309295433
-0.00888030195862616
-0.0166440129879838
0.0312293434760919
-0.0186999125065893
-0.0177356326589787
-0.0163116673729805
-0.0154104732546695
-0.0143900250049553
-0.0132971001503235
-0.0124113121814029
-0.0112624545055665
-0.0103822730049263
-0.00948862264363776
-0.00860697269886385
-0.00774211612195124
-0.0067600936007986
-0.00602261768873791
-0.00526515006409351
-0.00507729231589954
-0.00541808959145851
-0.00659007748334745
-0.00893204861048214
-0.0138399839752054
-0.0236361306342917
-0.0390778849055198
-0.0449892629569211
0.0241474888883755
-0.0264847939917204
-0.0252175039894498
-0.0241575708268912
-0.023291050411664
-0.021880610550267
-0.0212866117993465
-0.0198447179796799
-0.019253477806708
-0.0183782172287905
-0.0174057501779312
-0.0168097927932206
-0.0159072416784236
-0.0154057682482875
-0.0148337621899558
-0.0145068799873199
-0.0144816955748628
-0.0148899397038191
-0.0157884638705602
-0.0181946610417055
-0.023689312743389
-0.0411007558053494
-0.0707688024057646
-0.0784511456476629
0.0277951247018092
-0.0372066609246183
-0.0349533570159152
-0.0323949988480557
-0.0303725689600989
-0.028486178984265
-0.0267202986882978
-0.0261430876044397
-0.025331940311833
-0.0244893671780794
-0.0241789018956343
-0.0235217018470102
-0.0234138659379221
-0.0231841042365916
-0.0234501378773283
-0.0241569975844527
-0.025353587490381
-0.0275989207284005
-0.0312823028180637
-0.0375042836209455
-0.0463549198670518
-0.0597708834648683
-0.0998214230723038
-0.110802149655694
0.0403467710384306
-0.0527111339322167
-0.0494772901755536
-0.0468556428045583
-0.0441168206377693
-0.0416570279342227
-0.0393802155954145
-0.0370724360893884
-0.034808521698371
-0.0327419388298408
-0.031183537776307
-0.0290848076625944
-0.0285674315658879
-0.0291115054884586
-0.0301969775252317
-0.0319593165665477
-0.0351408096373837
-0.0399779469315018
-0.0475659391506994
-0.0594469937739367
-0.0757631438729267
-0.0946659031929415
-0.12626700723075
-0.138026028385689
0.0604220301348653
-0.0672809396165772
-0.0643636791695115
-0.0614878040930231
-0.058852857565386
-0.0562728417661623
-0.053771920111828
-0.0516900533116252
-0.0493330268632075
-0.0470905127922936
-0.0452738310809886
-0.0435772254849895
-0.0421552953261056
-0.041116358666306
-0.0408228265350746
-0.0407444302617957
-0.0425138927715052
-0.0499557135800807
-0.0621759363140964
-0.0808114783548664
-0.107613221216419
-0.135843839767157
-0.156745667388721
-0.158799433966978
0.0866581424512618
-0.0789585012959182
-0.0764431444055366
-0.0737734521849534
-0.0716421059492142
-0.0696370672253571
-0.0672941996585424
-0.0652748561735273
-0.0636558461475717
-0.0620047952123204
-0.0606609790691273
-0.0594256263981122
-0.0590638173837767
-0.0585794052150726
-0.0593371939803952
-0.0604448291630427
-0.0634640388532343
-0.0674542920376559
-0.0755525370942217
-0.0996156101143117
-0.138179386303053
-0.178700957074515
-0.189810079016744
-0.173478734175182
0.118241525700784
-0.100011720247488
-0.09308320121586
-0.0870015151523432
-0.0813872282317133
-0.0790902079267597
-0.0772001917959927
-0.0761734600412423
-0.0750790989580419
-0.0745839517408792
-0.0746456890954361
-0.0742122159288108
-0.0751894833010662
-0.0767726160798887
-0.0797215907962476
-0.0835071534871393
-0.089367703377255
-0.0972218437549955
-0.107093803960078
-0.12103999892037
-0.165914718329538
-0.22051918263239
-0.222986904682336
-0.182215310621075
0.154337851335696
-0.132865343513542
-0.124351781864551
-0.116657514953439
-0.109428442882398
-0.102739516240462
-0.09638524007998
-0.0909174769903518
-0.0855447646506011
-0.0830739735684458
-0.0840105881340728
-0.0859470189197992
-0.0886599048581972
-0.092932849077359
-0.0985763831679498
-0.106724816379122
-0.117331947545979
-0.130831201037336
-0.146517624155694
-0.162179078416265
-0.191987173635526
-0.259780944018981
-0.253956570633453
-0.185835058648303
0.194201799801212
-0.16906344770688
-0.16008447179806
-0.151463741924715
-0.143254035873172
-0.135244185139032
-0.128127037528921
-0.121557148917248
-0.115128426644111
-0.109348899082261
-0.105017667486795
-0.100608263555793
-0.0986485199759525
-0.104303221943946
-0.113802987993177
-0.127259527364502
-0.143858127165563
-0.16561389777715
-0.189942313396977
-0.211288614028395
-0.227303249035325
-0.29588242746202
-0.281377340615186
-0.185190276193599
0.237279270328258
-0.203748274643646
-0.195212627858777
-0.186063681821815
-0.178349122154843
-0.17090625185543
-0.163534530172342
-0.156525280149632
-0.150360189112597
-0.144533804923563
-0.139450402948226
-0.135452496037085
-0.131522194481606
-0.129435134797417
-0.129253098134063
-0.141984072513436
-0.166559739898019
-0.198366009638913
-0.233788323867638
-0.264227583207176
-0.272574099205756
-0.328283838662966
-0.304576388177867
-0.180870794355494
0.281408764141677
-0.230318781189993
-0.223211886870548
-0.216737591556585
-0.210165974079737
-0.203439216991405
-0.197952981742228
-0.192498982710759
-0.187213767827254
-0.182819225424613
-0.178652619967473
-0.175992518203222
-0.17349575851262
-0.172195903325922
-0.171887545469062
-0.173106458725237
-0.184737448360644
-0.226219079599921
-0.275805201009737
-0.318430694253756
-0.324207941428179
-0.357473231367881
-0.323325758338694
-0.173580690418491
0.326095678498922
-0.259968389582641
-0.243125535901685
-0.236544399390528
-0.232780368222191
-0.229518794915012
-0.226082696187812
-0.223148921659015
-0.221368403953174
-0.219565502520974
-0.21891262470451
-0.21881934506793
-0.220123579310184
-0.221609296812583
-0.224025774609127
-0.226258671619596
-0.2290637881734
-0.249525342452484
-0.314175311092928
-0.371751913420898
-0.37719333282615
-0.385385155012757
-0.337776285491572
-0.163414459640229
0.371277127761748
-0.339085069947093
-0.312920677690401
-0.289142816072658
-0.267602994943793
-0.248878610288094
-0.243793331609134
-0.245460597934076
-0.247139573583019
-0.25031474761324
-0.254482348720166
-0.260073534542001
-0.266350392825463
-0.273967072274998
-0.282028523662861
-0.288473890743159
-0.292075308498454
-0.292720705338871
-0.34738858043754
-0.422542466893471
-0.42919993199375
-0.412409047837268
-0.348155540292782
-0.150908740703309
0.417422935477318
-0.435187267632938
-0.403275918963408
-0.374009710704579
-0.346522698953019
-0.322106138628784
-0.298798796435053
-0.279000438768268
-0.264354435104572
-0.270533000955504
-0.281440191616781
-0.293633568456784
-0.308506689906782
-0.325228969025012
-0.341613740493651
-0.356292249357108
-0.363912652430292
-0.360509143838866
-0.380112064881337
-0.470217944781236
-0.478917843853709
-0.437379242843081
-0.354917656834604
-0.13625315509839
0.464708104677672
-0.540621375631719
-0.506168302113646
-0.472941824908622
-0.441798389805171
-0.412902616679748
-0.385160545420046
-0.359754953764652
-0.336761295581661
-0.315792482343129
-0.301020740048467
-0.317506923674659
-0.341761844599013
-0.369910696169414
-0.399245309268524
-0.424851066016689
-0.441275775931345
-0.43787788047641
-0.426508722090637
-0.514154614858451
-0.525719224154484
-0.459966661858709
-0.358177777777801
-0.120084910663331
0.513766859152737
NA
-0.612128894952153
-0.578043012408464
-0.54610665067242
-0.515166770884076
-0.485847259341996
-0.457430075831205
-0.430634980059099
-0.405564863378715
-0.381243142001541
-0.360190111403935
-0.363801796747172
-0.404632994107397
-0.449926220120148
-0.492142063088437
-0.520943134555057
-0.521020343038138
-0.486133038690006
-0.554521917292472
-0.568695650051631
-0.479733148839132
-0.358548085116704
-0.102526235766094
0.565079812885552
NA
NA
NA
NA
-0.621202964828409
-0.593627578288578
-0.565498267041511
-0.538720900368683
-0.511483648995115
-0.484372552551212
-0.457735268446719
-0.431837008894937
-0.430473370455087
-0.491157171063725
-0.553328611374239
-0.600034646771038
-0.606775026836621
-0.55680135492066
-0.591374316686783
-0.607866244793254
-0.496657131720257
-0.356378402660721
-0.0835804152844581
0.619189519833862
NA
NA
NA
NA
NA
NA
NA
-0.653220555549355
-0.628646887167996
-0.602562288788088
-0.573885208529996
-0.541886749192156
-0.507904493704404
-0.521030807447837
-0.606914072089706
-0.67594580463716
-0.693430019751168
-0.63278669214823
-0.62751482099378
-0.643043038051764
-0.510596956993694
-0.351632855941011
-0.0638864870921548
0.676782216976605
NA
NA
NA
NA
NA
NA
NA
NA
NA
-0.729058820190576
-0.703323906385689
-0.669746605381216
-0.627322331109974
-0.583690709445265
-0.650284957241768
-0.746242873059917
-0.779398015925591
-0.709744276529175
-0.664699663926172
-0.674149722654668
-0.521589216839101
-0.34497319391055
-0.043485573061087
0.738906096936084
NA
NA
NA
NA
NA
NA
NA
NA
NA
NA
NA
-0.809686020994175
-0.764043918925581
-0.700987067385643
-0.689848758632849
-0.809785802276178
-0.862855909231238
-0.785424731769435
-0.70276771273646
-0.701047725783993
-0.529947523583151
-0.336746901405246
-0.0224410684156196
0.806664974045381
NA
NA
NA
NA
NA
NA
NA
NA
NA
NA
NA
NA
-0.913082338406724
-0.838780114763424
-0.761591489522829
-0.865838538049508
-0.942981376161113
-0.859467770757378
-0.73977459639639
-0.724338211482948
-0.535412849020546
-0.327015359320531
-0.00104225330436233
0.881576510554331
NA
NA
NA
NA
NA
NA
NA
NA
NA
NA
NA
NA
NA
-0.989332373781204
-0.869542756240181
-0.9145551478831
-1.0188104267018
-0.93016633872523
-0.775933135980429
-0.743363880846333
-0.538841899626491
-0.315913009050047
0.0203934193101964
0.966173048188217
NA
NA
NA
NA
NA
NA
NA
NA
NA
NA
NA
NA
NA
NA
-1.00496875033242
-0.962836102854659
-1.08993442386562
-0.998053579127193
-0.80963591625648
-0.758862343355345
-0.539850921794186
-0.304074835562976
0.0420083154696856
1.06477856528652
-0.00157791660253398
-0.001196254820309
-0.00061102446068495
-0.000102015599451333
0.000283650127376189
0.000702977085043077
0.0011937345676924
0.00164558675491477
0.00202339914331773
0.00258332812172746
0.00291757996330744
0.00337602913134726
0.00388610225266012
0.00442105647149277
0.00501768983441009
0.00587352454155144
0.00668304078487753
0.00765788488728159
0.00924818580824799
0.0108323724197207
0.0104800597646559
0.00459125599660132
0.0691607766957664
3.3390246955385
-0.008938195703799
-0.0079925816606588
-0.00705188164357384
-0.00622238048205742
-0.00528546879068143
-0.00438093602508599
-0.00395266641158576
-0.00316707476984118
-0.00295084758430625
-0.00244579774751758
-0.00224537925975182
-0.00140721852686792
-0.00137226541659097
-0.00087349189332453
-0.00068189583336542
-0.00052065205149221
-0.000510158584089704
-0.000976267347325977
-0.0022553007551171
-0.00517888116206067
-0.00982740674722427
-0.0174094209157266
0.0587755509965044
3.69136282379504
-0.0176813334015491
-0.0164791434995831
-0.0153881919277926
-0.0141960871473654
-0.0135266759412886
-0.0121912270972516
-0.0114489319801792
-0.0104216871154067
-0.00962471077755545
-0.00885983231837084
-0.00778970822912645
-0.00703808451854886
-0.00633759546573187
-0.00551950891145403
-0.00519976560462182
-0.00514268014143032
-0.00645056549926138
-0.00907798744347127
-0.0141248917803918
-0.0244088477390381
-0.0404432881512701
-0.0450783842399705
0.0603830111005602
4.02117258506535
-0.0250340437321697
-0.02384360205514
-0.0227309814099438
-0.0218779404578715
-0.0206683349963324
-0.0198870085665006
-0.0190134219607549
-0.0182053487606479
-0.0171627033114427
-0.0166007870311466
-0.0158233661246596
-0.0152958170294379
-0.0149630121858044
-0.0145617459897071
-0.0147993531887458
-0.0151927882864125
-0.0167851410941278
-0.0192904614632644
-0.0248568705029678
-0.0426378527940169
-0.0726422045406837
-0.0756848444464092
0.0733205397904592
4.32795456095923
-0.0355527057311539
-0.0332023430714237
-0.0310111256979395
-0.0291134441101942
-0.0269473830800984
-0.0256936666457899
-0.0247119090477732
-0.0241805086562222
-0.0236064889056958
-0.0230829570481808
-0.0231216063671144
-0.0227999973026155
-0.0230886491943511
-0.0240745166132347
-0.0252916642928838
-0.027718551502853
-0.0321104206816547
-0.0383769943666001
-0.0486223796980734
-0.0630450629872548
-0.10274612215476
-0.104119622254642
0.0963097520184534
4.61224834787457
-0.0497292167083668
-0.0472371259055526
-0.0446772921729618
-0.0419876549334555
-0.0399410339170775
-0.037608057022479
-0.035435584625351
-0.0335644646646927
-0.0318505340139219
-0.0300962891031434
-0.0288029788715466
-0.0285266304033785
-0.029620954163998
-0.0315687212299348
-0.0348735490819771
-0.0398197919575438
-0.0480519149146502
-0.0604324544532767
-0.0781561250636154
-0.0980149507475234
-0.130041072930957
-0.127428121843889
0.127605179594547
4.87519025370215
-0.0637628812117103
-0.0613043590150308
-0.0585628635066687
-0.0561905454931186
-0.053831012020506
-0.0517055253909745
-0.0495429078053725
-0.0474307452429998
-0.0456881678859769
-0.0442335844801409
-0.0430406282743318
-0.0422505883815721
-0.0416720493619185
-0.0421781253726489
-0.0435197401239981
-0.0498329654520055
-0.0624132438383385
-0.0819316275698792
-0.109706289425074
-0.138982259607241
-0.160025390391136
-0.144395418107293
0.165680540314023
5.11824550247346
-0.0751165957642969
-0.0726648880376982
-0.0706964152726769
-0.0684197570770312
-0.0665432294898139
-0.0649631349955429
-0.0629200977608596
-0.0616177756985229
-0.0603234723847371
-0.0597961522164178
-0.0589277238224589
-0.0593175536869119
-0.0602420572445334
-0.0618088848440357
-0.0649912564251337
-0.0703920039967446
-0.0779042025778348
-0.100844912739218
-0.1406222678292
-0.18110566925328
-0.1913526316919
-0.155436349329143
0.207852719820737
5.3444499154538
-0.0958857074681291
-0.0894307485003346
-0.083748478628641
-0.0785350782101538
-0.0757297880952551
-0.074589399104471
-0.0740548373054292
-0.0732772775431986
-0.0733878209612488
-0.0734509220191443
-0.0746618017191222
-0.076755234750054
-0.0798196845257934
-0.0844366498564314
-0.0909244566413647
-0.0998270554609793
-0.110993268183732
-0.12511684278816
-0.168552867461478
-0.222331853325337
-0.221939733318099
-0.160661362936482
0.252125874300304
5.55608551982655
-0.126825308169118
-0.119302065546588
-0.111968317253246
-0.105339394384562
-0.0992449168784454
-0.0934232329067033
-0.088406581508064
-0.0838038273845529
-0.0822430545477751
-0.084214797555682
-0.0871716050972468
-0.0919159729992906
-0.0979630569165377
-0.106749991579066
-0.118308616851165
-0.132774178647033
-0.150194958820163
-0.167533729905439
-0.196180253291242
-0.260991042766363
-0.249812577086137
-0.161139002229438
0.298772265698677
5.75369456134976
-0.161441822754031
-0.153061626485317
-0.145483124208213
-0.137794764368742
-0.130165030205155
-0.124094104931389
-0.118115533610775
-0.112648928666329
-0.108050098592064
-0.104105527909828
-0.100991946780157
-0.102855848155028
-0.112501929807242
-0.125897657350346
-0.144285349782793
-0.166679010183111
-0.192800696790459
-0.216155309938802
-0.23302016360648
-0.296460085557133
-0.273810867173623
-0.157371781524363
0.347768873235757
5.93757748150215
-0.193939603849532
-0.186713121867181
-0.178559075062145
-0.171501886439394
-0.164826625944745
-0.158085184905482
-0.152660460968882
-0.147320614612288
-0.142755353074094
-0.138749999150273
-0.135654651530732
-0.134292076743634
-0.133764739368613
-0.141136423948688
-0.165867960542344
-0.198458763423745
-0.236214418575951
-0.268329598197752
-0.277416294144253
-0.328481745450016
-0.293893742252504
-0.149742081436265
0.399591370122762
6.10782456915293
-0.219675316640049
-0.213914777802802
-0.20757993171008
-0.202586094584081
-0.19681383091699
-0.192097607755673
-0.187683780340248
-0.18423748579108
-0.181179583849396
-0.178689615432736
-0.177553516410149
-0.176955460501524
-0.177663352420145
-0.179714960972437
-0.187220842782066
-0.22582772952237
-0.277517534503974
-0.321409431833827
-0.326982887153274
-0.357418873432732
-0.309588937409586
-0.139024533702068
0.455118206001986
6.26430501014329
-0.250218116185006
-0.233588663311673
-0.227806203270452
-0.224963660335916
-0.222632729549558
-0.220700657263156
-0.219149809083754
-0.219018221206761
-0.218765709121426
-0.220285222106559
-0.222774598036034
-0.225589806999923
-0.229699397608379
-0.233589014327349
-0.237445532024954
-0.252268866471955
-0.315048136720985
-0.373659111881608
-0.377668612585746
-0.384315588832014
-0.321090180737925
-0.12562637747444
0.515002199251316
6.40664982849337
-0.325707640710305
-0.30124285173144
-0.278836698553929
-0.258956672570809
-0.241719399216205
-0.239800448653446
-0.24262540111169
-0.2465208060953
-0.252185726803313
-0.258376248154846
-0.267396962965145
-0.276338437082232
-0.286475619762488
-0.295719798408857
-0.300919424809543
-0.302014727451407
-0.347863245036243
-0.423288993646828
-0.427420702635402
-0.409290754777444
-0.328755035512366
-0.110130430786446
0.580621568280884
6.53418918559232
-0.417250287245663
-0.387461925542592
-0.360077423746483
-0.335541279809847
-0.311380547940762
-0.291225930657532
-0.272499560452318
-0.264549060546793
-0.275906514208442
-0.289668654895016
-0.306455587307241
-0.325010962644205
-0.344129023484151
-0.36180177832839
-0.372486923563057
-0.371071981378872
-0.384219642566492
-0.47010803852971
-0.474441707663528
-0.432098278864082
-0.332926680910484
-0.0926360426413495
0.653406292237062
6.64580067913105
-0.518745155129814
-0.486108909855685
-0.455393119954273
-0.426980548243797
-0.399584783852423
-0.374464403093115
-0.351523195860674
-0.330151325273742
-0.310996919989358
-0.310729226545984
-0.336773092857926
-0.366715197453842
-0.398869358364531
-0.428927450430304
-0.448649596217657
-0.447730868026472
-0.433473999857423
-0.513656511169623
-0.518188656979299
-0.452315803527163
-0.333903760488514
-0.0735505979467972
0.735864241916821
6.73957222544504
-0.619472986888795
-0.588504963088688
-0.55749289274557
-0.528077049627362
-0.49934715543135
-0.472358552699998
-0.446777214311189
-0.422263331440926
-0.398593206195295
-0.376656850293402
-0.364211891039664
-0.398530907579491
-0.447082961003825
-0.493318235233035
-0.52623502131835
-0.529326944957901
-0.494625474778006
-0.553467919524653
-0.558384922717586
-0.469782740280329
-0.331944898909052
-0.0534436979395807
0.832103039353167
6.81192140659704
NA
NA
NA
-0.630323224079234
-0.604036907532565
-0.578966043288788
-0.55365718724451
-0.529017999327006
-0.503035468272475
-0.477581342601407
-0.451851601570634
-0.434209843996394
-0.48479412091285
-0.55199558119336
-0.602938919367201
-0.613686054446374
-0.564509515113034
-0.590436991469821
-0.594519778935723
-0.484171777414678
-0.327577158766363
-0.0322958464188673
0.949930264203237
6.85534869264057
NA
NA
NA
NA
NA
NA
-0.665071788655945
-0.644501026968118
-0.620817226428058
-0.594800235916914
-0.564478158696825
-0.530885412099937
-0.520815084148219
-0.602311505532123
-0.676183255034361
-0.698195237552248
-0.638610107694704
-0.626249434386377
-0.627131985577051
-0.495425859037022
-0.321175019117988
-0.0104670803448807
1.07411336988828
6.88555651698033
NA
NA
NA
NA
NA
NA
NA
NA
-0.745334717656045
-0.72327712067467
-0.693434927781487
-0.652818577322699
-0.604607030960753
-0.643089428151726
-0.743888907399407
-0.781763516248518
-0.712789670616537
-0.663320775240837
-0.65503142784671
-0.504216226960477
-0.312721605183461
0.0118674622168669
1.19599847469469
6.91157093284094
NA
NA
NA
NA
NA
NA
NA
NA
NA
NA
-0.832860765397065
-0.790667202583219
-0.728768075874915
-0.6936075930242
-0.804958208834356
-0.862634571245662
-0.785501083440132
-0.700134875443416
-0.679142955757151
-0.510023126913269
-0.303025438053551
0.0343517909448643
1.31569448891085
6.93382260660758
NA
NA
NA
NA
NA
NA
NA
NA
NA
NA
NA
-0.939365745320721
-0.867842035834924
-0.779202338474213
-0.859245684167957
-0.939774329407316
-0.856177461388826
-0.735649127186475
-0.699434873102865
-0.513590847563802
-0.291782789662752
0.0564596023783397
1.43352521235299
6.95270240251595
NA
NA
NA
NA
NA
NA
NA
NA
NA
NA
NA
NA
-1.01814860096433
-0.898314546402439
-0.906742941938407
-1.01303486884339
-0.923796469532934
-0.769656911619827
-0.715619487718507
-0.514954369439459
-0.27979540197523
0.078094979052934
1.54954535466559
6.9685466392795
NA
NA
NA
NA
NA
NA
NA
NA
NA
NA
NA
NA
NA
-1.03454791746676
-0.962260931879912
-1.08177345246768
-0.987906043226508
-0.80153233065358
-0.728218369261141
-0.51413680009085
-0.266804244433335
0.0991294222307678
1.66365950426275
6.9816529545458
-0.00106482023681007
-0.000587363011955444
-0.000115738485246125
0.000330286988908385
0.000805709513819059
0.00130265547106198
0.0017277960845602
0.00221645030000162
0.00254189463827242
0.00302221520703153
0.00350855798165795
0.00402556676970755
0.00447829601835176
0.00518378205902559
0.0058621291972974
0.00670739367304774
0.00773078347399786
0.0090598393756336
0.010795137898989
0.0103303961184206
0.00644964131320286
0.101734864875901
4.38391207355999
10.4304417949802
-0.00823710495387819
-0.00724723282438888
-0.00645177781944561
-0.00545591782813493
-0.00469574411322865
-0.00388561842402712
-0.00327394609803244
-0.0026408256856475
-0.00234264920384614
-0.00192136947138238
-0.00147104993381719
-0.00125916069272341
-0.000679075832034637
-0.00059249840663328
-0.000218911640223474
-0.000342780373343288
-0.000948407070174018
-0.00244209347453672
-0.005739704254656
-0.0105475273593536
-0.0174122148873174
0.102272523441727
4.74439244666816
10.4034846275347
-0.0164004062378542
-0.0154083496459806
-0.0143919026374939
-0.01337549203656
-0.0124054641607119
-0.0114770986982829
-0.0105663733125949
-0.00969649032240921
-0.00883974008972083
-0.00811938608488216
-0.00718672193914555
-0.00648076613266961
-0.00595333951825761
-0.00543237218168069
-0.00514904721755832
-0.006421342380315
-0.00911346545359099
-0.0145610145452184
-0.0254011596279769
-0.0416240716237762
-0.043972159996712
0.116292910381808
5.07224958400402
10.3491914011112
-0.0235346128567232
-0.0225550839680252
-0.0214902276949808
-0.020507269252785
-0.0198302180230761
-0.0187163245106184
-0.0178301708089537
-0.0171727373404063
-0.016304586662918
-0.0158250078387018
-0.0153253912332371
-0.0148289296699017
-0.0148372295812491
-0.0148390303489299
-0.0158312966638574
-0.0174136957071783
-0.0204339760323488
-0.0264880822042152
-0.0444114021245419
-0.0743864671755501
-0.071744744056699
0.142447473285677
5.37085500225692
10.2791587303353
-0.0336804889648185
-0.0317481047335069
-0.0296036304342631
-0.0276173707484523
-0.0257779531804475
-0.0244770594228269
-0.0238940976646379
-0.0232253533387664
-0.0228608005661013
-0.022508850692986
-0.0225173833560829
-0.022895387162514
-0.0238395855455842
-0.0251658277214567
-0.0281783256898291
-0.0324563618370549
-0.0398086950796439
-0.050816645081766
-0.0662463664032501
-0.105271255330852
-0.0964968414033293
0.176439868302412
5.64519231891989
10.1999406550157
-0.0474984763972616
-0.0449513897952053
-0.0427361367369003
-0.0401639323755715
-0.0381733187448652
-0.0360913130056886
-0.034095156673303
-0.0325446579184247
-0.0307008275863474
-0.0296628423747397
-0.0288611943882247
-0.0291463670073385
-0.031153726913154
-0.0345221307155039
-0.040112079141037
-0.0483005264868375
-0.0617332458458866
-0.0803351438309269
-0.101555595894479
-0.133163214047824
-0.115522834270289
0.216594639065354
5.89749607576832
10.1154399698739
-0.0608741523846604
-0.0583472414480182
-0.0559238699947082
-0.0537980919194434
-0.0515065177384283
-0.0497625948295538
-0.0479150145926166
-0.0460330729640007
-0.0445155457950189
-0.0437236399682561
-0.0430189154078278
-0.042989758229974
-0.0435706998239654
-0.0452754944921141
-0.0500805867733373
-0.0628029881656617
-0.0830633835593012
-0.112144039150997
-0.141731163137139
-0.162497971633507
-0.128348545424002
0.262416777933572
6.12894214622281
10.0280733175432
-0.0715920045181803
-0.0697460861016611
-0.0674978614130084
-0.0658130187623662
-0.0639485256945091
-0.0624921348240292
-0.0611212483044316
-0.0599722933754737
-0.0595543143954772
-0.0593609657506566
-0.0596361401572293
-0.0610034163182348
-0.0633373490229128
-0.0668548108777753
-0.0726840048792113
-0.0811053737785031
-0.102462475937495
-0.142932844614762
-0.183275161217173
-0.192135349756487
-0.13523631635422
0.31427864219564
6.34006150095495
9.93938026652718
-0.0918966497048188
-0.0858903613741624
-0.0806565375816881
-0.0761000691969996
-0.073302829652383
-0.0725533766711109
-0.072145095013377
-0.0721166600787643
-0.0728664966033785
-0.074347233933689
-0.0763335071932311
-0.0796020452535866
-0.085227553407799
-0.092488734298837
-0.102235934020414
-0.114608272391031
-0.129937367613249
-0.171499134832711
-0.223580330115634
-0.220030249435049
-0.136429249545845
0.37268608834206
6.5308292774748
9.85036216942518
-0.121804441058392
-0.114297015878473
-0.10794253818584
-0.101580696372332
-0.0961487401795658
-0.0910247522958521
-0.0863261745945401
-0.0829097728962475
-0.0825480763168235
-0.0860966011154948
-0.0905425832949028
-0.0974625170029229
-0.106441176220844
-0.119219291513121
-0.134763658922434
-0.153802532094857
-0.172651506926034
-0.200774575435379
-0.261623690034787
-0.244761309360117
-0.132827236012291
0.439279375513447
6.70059216640779
9.76167903202525
-0.154579671805573
-0.146529060495268
-0.139466442942737
-0.132916353275355
-0.126405776177304
-0.120732859151966
-0.115578598869659
-0.111168249819666
-0.10730203807389
-0.104890284782342
-0.1036210378147
-0.110980873856063
-0.12508907007453
-0.143978238436887
-0.168187832967242
-0.196045255773516
-0.220913397160683
-0.237793532346109
-0.296629101997846
-0.265659293554984
-0.125208720324924
0.516346565656137
6.84783198531296
9.6737679832099
-0.185600389227961
-0.178629596594517
-0.171918673063257
-0.165887468077218
-0.159406364704768
-0.154316759571929
-0.149726841750876
-0.145512553462308
-0.141942660840543
-0.13994238728018
-0.138654643495063
-0.138986994281331
-0.142763888552076
-0.165262795782022
-0.198962496159507
-0.23822175087082
-0.272243603325997
-0.281640743506621
-0.328037758994163
-0.282404065116418
-0.113780511460378
0.607504594572341
6.96941684922483
9.58691837521426
-0.210510182990676
-0.2053785247606
-0.200238602743317
-0.195526587394769
-0.191557243774814
-0.188103113941216
-0.184929117855686
-0.18252581215384
-0.181520344165132
-0.180829483331866
-0.181790477177123
-0.183213113896134
-0.186380268968359
-0.19177253693645
-0.225852820101878
-0.279014178344937
-0.324210647394209
-0.329272277107082
-0.356020073712755
-0.294954294479239
-0.0994613503105727
0.721059926227968
7.05790247498916
9.50131927707292
-0.241543526867405
-0.224950498200416
-0.2204702655704
-0.218722652382274
-0.21745961257128
-0.217103859884957
-0.217171573888598
-0.21895828584313
-0.220984981166507
-0.224904915797962
-0.229370268070226
-0.23490017008008
-0.240366502038567
-0.245880385525702
-0.256819328575925
-0.316091533457539
-0.375160638521974
-0.377645309272992
-0.38137914442582
-0.30350432695089
-0.0826745668845956
0.865810610846012
7.10516440162958
9.41709061791019
-0.313415823414663
-0.290847113356576
-0.269350778651294
-0.251502581034968
-0.236531072214773
-0.237635369361286
-0.242526043767456
-0.249102732186561
-0.257088371299098
-0.267027867858146
-0.278521531838135
-0.290478634658825
-0.301846952575188
-0.309577173849076
-0.311823908409462
-0.349193391282622
-0.424128995693045
-0.424763101478518
-0.404444517320916
-0.308362389555258
-0.063690426942319
1.01096206029094
7.1424957915253
9.33430428687322
-0.400343220173923
-0.373968129546411
-0.348163886248394
-0.324777352958474
-0.303481586037237
-0.2841694955651
-0.268073384675698
-0.269885543678715
-0.285718877651782
-0.303576574841697
-0.324620750566937
-0.346356814388346
-0.36664718407754
-0.380453473957027
-0.381145055254475
-0.389107467447862
-0.469877747167766
-0.469029425407235
-0.425149983178854
-0.309805976506422
-0.0432909201013039
1.15362293790582
7.1736092098481
9.2529989361723
-0.49779288657425
-0.468399397753683
-0.440044845864144
-0.41391489002903
-0.388393743052598
-0.365546910108943
-0.34469753058038
-0.3257581548165
-0.311855325148046
-0.330915346244092
-0.363638947793118
-0.398233396089924
-0.431992241723455
-0.45536812839726
-0.457086385349707
-0.440697579123809
-0.512630502136364
-0.510061422897597
-0.442970378695241
-0.308289982540951
-0.021473638925638
1.29334485587958
7.19929833975328
9.17318946120916
-0.59628273848614
-0.566545314649046
-0.539383654528488
-0.512497905359276
-0.486447578928048
-0.462001069050209
-0.438406930539305
-0.415607599421857
-0.393875270767709
-0.374821676369299
-0.392661667070076
-0.44347006445223
-0.493705853639768
-0.531196523826558
-0.53749778874133
-0.502288912328301
-0.552140418475489
-0.547353708164033
-0.457770413577096
-0.304098807732637
0.00106922847780147
1.43018479039099
7.22023965511826
9.09487391753909
NA
NA
-0.636791731732418
-0.613805274494474
-0.590142240367331
-0.567871770299498
-0.544658120242671
-0.520949075909322
-0.497342542601291
-0.471898578629901
-0.447337537965495
-0.478862370526086
-0.549734720961686
-0.605397999119838
-0.619926185195327
-0.571419127975104
-0.588645858554054
-0.580541139217213
-0.469737070742917
-0.297706541629379
0.024022390477544
1.56423524877678
7.23700922031817
9.01803905494129
NA
NA
NA
NA
NA
-0.675232291272597
-0.657991840450545
-0.638295871296111
-0.614319267591257
-0.587204154646126
-0.55379416959984
-0.528067235696183
-0.597657612505875
-0.675965536358244
-0.702148643482468
-0.643429600998799
-0.624573724435246
-0.609817366601909
-0.478740986073789
-0.289376195992667
0.0468138692499433
1.69580409161719
7.25010104575135
8.94266330139722
NA
NA
NA
NA
NA
NA
NA
-0.759369440526736
-0.741982028622086
-0.715866444267433
-0.677686136190769
-0.630197467189235
-0.637991797740094
-0.741485056778381
-0.78319141141316
-0.714866403712497
-0.660711989960555
-0.635005839693888
-0.4848727797329
-0.279365411421745
0.0692076591125483
1.82477008408781
7.25994290843999
8.86871931151116
NA
NA
NA
NA
NA
NA
NA
NA
-0.87302178924573
-0.853753257376896
-0.816391844593251
-0.756275599326076
-0.70265665970606
-0.800483843144105
-0.861231809122534
-0.784621933713875
-0.696304504487398
-0.656257320535701
-0.488547902119376
-0.268052046278985
0.0913797654667553
1.95104967838142
7.26690433675469
8.79617664274306
NA
NA
NA
NA
NA
NA
NA
NA
NA
NA
-0.96333417962912
-0.896255172773411
-0.800731272670813
-0.852953438742466
-0.936026891518152
-0.851995560277104
-0.730172452046585
-0.673440471146101
-0.490005775381681
-0.255774782258954
0.113324413724955
2.07456840180575
7.27130541999239
8.72500176086949
NA
NA
NA
NA
NA
NA
NA
NA
NA
NA
NA
-1.04629384404975
-0.926436624211488
-0.902863476279711
-1.0065501845265
-0.916159744732367
-0.762239013361029
-0.686940670104003
-0.489360035609526
-0.242602423410343
0.13497482406886
2.19524320129756
7.27342446684809
8.65516030451258
NA
NA
NA
NA
NA
NA
NA
NA
NA
NA
NA
NA
-1.06272726424627
-0.964605921420054
-1.07337013179906
-0.976374949162061
-0.792090240526284
-0.696984272106164
-0.486623328587089
-0.228937324367349
0.156333196365491
2.31310058823483
7.27350825327057
8.58661691992566
-0.000632140263163994
-4.36121593359873e-05
0.000468515642352701
0.00087370198209924
0.00138591137416655
0.00177663654960747
0.00224497159685005
0.00267339864185021
0.00308260733475771
0.00346995903962616
0.00419447669030085
0.00454406281472058
0.00515023055423697
0.00600290834531059
0.00675180106033388
0.00763948571604084
0.00909275739020069
0.0106212457511724
0.0101707183131092
0.0096125762058405
0.153784216361189
5.45306154001301
10.5330189189764
NA
-0.00733634765930649
-0.00664043049563551
-0.00563538799464802
-0.00494188309324614
-0.00411793397647575
-0.00330313421742806
-0.00281946624240928
-0.00209692340108064
-0.00183065391607687
-0.00130167824887381
-0.000988972204171712
-0.00074190103551086
-0.000345018783339812
-0.000169126895338545
-0.000352962982755195
-0.000832632867405203
-0.00257170180458927
-0.00638800185462515
-0.0111917282302805
-0.0157443661407367
0.165375148407746
5.81434033278389
10.4729001944621
NA
-0.015398140921091
-0.0142908789938467
-0.0133643549560747
-0.0125047233932468
-0.0115158293041079
-0.010712498962645
-0.0097660583638326
-0.00892880544465583
-0.00820073628788068
-0.00742396828455686
-0.00678549479606869
-0.00624159159552286
-0.00560152658603139
-0.00560375418285672
-0.00640059605318377
-0.00934013693696001
-0.0149711148456391
-0.0265302187902543
-0.0426817019788713
-0.0411630464419191
0.189773178816782
6.13667917345634
10.3913620082322
NA
-0.0223596490626238
-0.0214208995058371
-0.0203336389939726
-0.0194018857607689
-0.0184675212828989
-0.0179128028560352
-0.0169152005278281
-0.0162861083518634
-0.0155942224041022
-0.0152765741955258
-0.0150832973343851
-0.0147574462888381
-0.0151158493403783
-0.0161225758627664
-0.0182718541238278
-0.0216274016114036
-0.0280614743185267
-0.0463076538500494
-0.0758272681554669
-0.0659325194182361
0.226391064151401
6.42472507605155
10.2981671886598
NA
-0.0323261639199532
-0.0302418858501888
-0.028254359353167
-0.0265049005331164
-0.0248797588335603
-0.023447924542726
-0.0230226945872294
-0.0225043433322106
-0.0221574407104697
-0.0221817363496152
-0.0227255329634091
-0.0236410404760631
-0.0252612754525855
-0.028263370163962
-0.0332183150271159
-0.041072245652555
-0.0530777482629365
-0.0695820775815816
-0.107397516301486
-0.0862983833260037
0.275525960175259
6.68051240496197
10.1987681219052
NA
-0.0453199968247098
-0.0426541305188308
-0.0408445588119993
-0.0384837177883793
-0.0365711138682526
-0.0349843963457683
-0.0330361056163714
-0.031556879186215
-0.0305104788841154
-0.0293546396030908
-0.0293333606503427
-0.0307839628148171
-0.0345050200759986
-0.0399922265676445
-0.0490785520544257
-0.0628382410779593
-0.0828123504588627
-0.104749524281218
-0.135559785880141
-0.100923604853598
0.338640777366661
6.90412135695386
10.0963612167107
NA
-0.0579109341283532
-0.0556258560583631
-0.0536683122808984
-0.051487430938974
-0.0498462157924246
-0.0478574402429588
-0.0465079439976213
-0.0451738690479467
-0.0442757987681311
-0.0437255537517062
-0.0439510690082959
-0.0448234646914061
-0.0470379960371464
-0.051267979269376
-0.063341903445735
-0.0845751070475429
-0.114480993014778
-0.144379155306593
-0.163972606010157
-0.109167380363931
0.419127582396748
7.09335757830268
9.99288526098449
NA
-0.0687652074421613
-0.0667209175740494
-0.0647506910479492
-0.0632950639667529
-0.0618152435989175
-0.0606091060166613
-0.059725047705835
-0.0595292842793832
-0.0592839553728394
-0.0600514799339191
-0.0617612241056639
-0.0642281423836027
-0.0687338362337803
-0.0750934369091858
-0.0847402450824303
-0.104449899510224
-0.145660563138974
-0.185098175507001
-0.191526488828571
-0.111163216104001
0.524951348555318
7.24139810381109
9.8895429209862
NA
-0.088757809007321
-0.0827922638470904
-0.0782588486019259
-0.073730364792243
-0.0710517049754442
-0.070932686301835
-0.0713567074478
-0.0719581839103103
-0.0733729777165079
-0.0760906788407087
-0.0801073865240701
-0.0857152934541024
-0.0936065843504302
-0.104741035069439
-0.118278462973682
-0.134683143044606
-0.17469513804462
-0.224623833079837
-0.216762779194759
-0.107685983663599
0.678640205690806
7.32685948704496
9.78708938331803
NA
-0.116674497829113
-0.110390009582854
-0.104144702742209
-0.098318383084236
-0.0936032435812698
-0.0890351877431927
-0.0852641097086571
-0.0826336189547675
-0.084556975918762
-0.0896361077777835
-0.0967647585468515
-0.106463000303246
-0.119751320280261
-0.136879708013608
-0.157254238991598
-0.177529146964971
-0.205342248335956
-0.26174306763461
-0.238381134822725
-0.099613591137884
0.847904664468259
7.383092434251
9.68599935667834
NA
-0.147964712408969
-0.140873530852295
-0.134712976955906
-0.128753106294791
-0.123200276233138
-0.118196713477611
-0.113927692357304
-0.110813784362772
-0.108001799180384
-0.107311144634648
-0.110223866625603
-0.124521202440004
-0.143846812451786
-0.169515482459015
-0.198822066665768
-0.225317648122648
-0.243038742434819
-0.295563032302892
-0.256065155996027
-0.087394377725144
1.01539198588475
7.42828364863738
9.58656720237094
NA
-0.178152684902583
-0.17182455463312
-0.165957580636343
-0.16085823003878
-0.155790635387716
-0.151611499053758
-0.147837472646697
-0.14532698150897
-0.143512629072375
-0.143143939853946
-0.143783052789944
-0.14707900862202
-0.16467639932016
-0.199474671848325
-0.240652053089939
-0.276009744183472
-0.285774418809021
-0.325885878336236
-0.269610572309587
-0.0718414733973268
1.18032663992232
7.46424249606257
9.48896983550482
NA
-0.202334322497331
-0.197800804834971
-0.19404651694188
-0.190515683853134
-0.187770886475592
-0.185189394485025
-0.183861912814669
-0.183577044097599
-0.184039038858518
-0.185782291327041
-0.188468925771292
-0.192931808928679
-0.198585701992774
-0.226254321780449
-0.280472560809895
-0.326904073239953
-0.331279874301586
-0.352891200881186
-0.27892351260533
-0.05369916955053
1.3420418167294
7.49242659832983
9.3933054144847
NA
-0.232944117083417
-0.218419833664098
-0.214105398651221
-0.214014784540207
-0.214670043148421
-0.215143171014921
-0.21788021686773
-0.221445783685193
-0.226528314724392
-0.232510889358964
-0.239869095409868
-0.247082754017673
-0.254180894328874
-0.262358349325061
-0.317445398542023
-0.376756407311642
-0.377263307201352
-0.376762906601911
-0.284382546300721
-0.0333902378981879
1.50020664591001
7.51402495704993
9.29962008836655
NA
-0.302587751051908
-0.28113357707113
-0.261623804881699
-0.244763272975287
-0.233610921707613
-0.238246342195235
-0.245799074156031
-0.255165354990724
-0.266598426967076
-0.27950852045167
-0.293975078849134
-0.307910195182423
-0.317956726877053
-0.321449900117282
-0.351410791480876
-0.424676844767245
-0.421532642220872
-0.397909537619434
-0.286304310722672
-0.0114049612162292
1.6545128224996
7.53001139450906
9.20792395718678
NA
-0.386430247682898
-0.360866422668304
-0.337300609908387
-0.316075329470402
-0.296511034517897
-0.279954374494037
-0.268120474947738
-0.280899953034595
-0.3002582324531
-0.323293427981973
-0.347839318477911
-0.371496750139669
-0.387877803233285
-0.390737284354625
-0.394325594577231
-0.46973599487073
-0.463061586202238
-0.41623623448286
-0.284964357880259
0.0112281929690607
1.80538819950052
7.54119385856227
9.11820414959509
NA
-0.47972895116332
-0.452570746514435
-0.426603361824031
-0.402701413751751
-0.380313961241037
-0.358997365091617
-0.339697516728469
-0.323643581986348
-0.325858986832438
-0.359739870570653
-0.39713607055889
-0.434374959120341
-0.461426333022995
-0.466016186559286
-0.447749713495768
-0.511647205336253
-0.501212406034238
-0.431570445091518
-0.280878916361586
0.0341943185712514
1.95282166485418
7.548243114501
9.03043155245128
NA
-0.574810549865786
-0.549162800892671
-0.523449478034248
-0.499670358301967
-0.476234172940413
-0.45416109477622
-0.431952448253266
-0.411270144018325
-0.392141176123274
-0.38991611396738
-0.439531668019423
-0.494072560235326
-0.535042036372967
-0.544845133625509
-0.509866180921861
-0.550369482980744
-0.535439103817052
-0.444021213261534
-0.27440376758799
0.057438201251013
2.09660366608312
7.55172400516335
8.94456684648559
NA
NA
-0.641012694562839
-0.620374860508128
-0.600620232188494
-0.579726125058704
-0.559623078739073
-0.538383003188685
-0.51641788570853
-0.491489231233236
-0.467629888635659
-0.474210424101326
-0.547259315897745
-0.607266196521974
-0.625339993619471
-0.577705593106455
-0.586596264782456
-0.565871709168348
-0.453129662290948
-0.266143289946893
0.0807517996141834
2.23678910681883
7.55210822066882
8.86056354984327
NA
NA
NA
NA
-0.696095756061956
-0.683822630722474
-0.66974125611278
-0.653441930288589
-0.63337692520424
-0.608810856795323
-0.576849143374593
-0.542770780509545
-0.592369480644684
-0.675722805030773
-0.705439782624674
-0.6471404840578
-0.622202990336975
-0.59188857676186
-0.45987910141178
-0.255892668452645
0.103906038256368
2.37321342896818
7.54979982315964
8.77837135799462
NA
NA
NA
NA
NA
NA
-0.777100793914404
-0.77116091541829
-0.758934850058065
-0.737125486827899
-0.702400207213936
-0.654831509247035
-0.639699444371175
-0.738386184680403
-0.784208607511717
-0.715520894942966
-0.657427957148044
-0.614247308573455
-0.463770610208403
-0.24442552229016
0.127222767004157
2.50584497352133
7.54514113648469
8.69793821004884
NA
NA
NA
NA
NA
NA
NA
NA
-0.885550104175929
-0.873659698150329
-0.840249528327975
-0.783511980445848
-0.716377398713552
-0.79574792784432
-0.859628118069327
-0.782314531924177
-0.691356666712832
-0.632607082202817
-0.465200848105105
-0.231978653816746
0.150571308669002
2.63474473979042
7.53842502399791
8.61921055942165
NA
NA
NA
NA
NA
NA
NA
NA
NA
NA
-0.986693955874886
-0.923249902566357
-0.825608939373158
-0.846400514446095
-0.931866570621626
-0.846517363297329
-0.723667072452453
-0.647005923764238
-0.464646152514582
-0.218530414019151
0.173894690002195
2.75988090157835
7.52990529485481
8.54213529291962
NA
NA
NA
NA
NA
NA
NA
NA
NA
NA
NA
-1.07233913957977
-0.953863381599339
-0.901519772251718
-1.00024099333774
-0.907299919489439
-0.753657671402376
-0.657698334925473
-0.462168406884975
-0.204664566336091
0.197455521346012
2.88129481331197
7.51979846367526
8.46665957871911
NA
NA
NA
NA
NA
NA
NA
NA
NA
NA
NA
-1.22635273749011
-1.08936888561128
-0.969402866892558
-1.06462887091502
-0.9640317435017
-0.781227476376888
-0.665139423527667
-0.457779423841485
-0.190421772885972
0.221088666882408
2.99901032738333
7.50829506594337
8.39273243627373
NA
-0.00013760777808236
0.000419744843438291
0.000926456741975195
0.0013815537215657
0.00178399966867901
0.00234103447285055
0.00268614902691672
0.0031781678202765
0.00359577701124117
0.00410659842170716
0.00474608647517985
0.00518156799788116
0.00596339956602451
0.0068417130218483
0.00777460300070712
0.00892039085440333
0.0105040221353757
0.0101902861784339
0.0141779276623417
0.221935088292963
6.53481076988744
10.5645261471149
NA
NA
-0.00686538211383383
-0.00595059246669638
-0.00513446013452934
-0.00430084855496907
-0.00353249353610849
-0.00281776393740232
-0.00216986388427404
-0.00172547159966605
-0.00141244051873685
-0.000860552824973604
-0.000417969184391826
-0.000341002612549295
-6.69339669086278e-05
-0.000210195202831609
-0.00103028076460523
-0.00288046320394891
-0.00681783305413464
-0.0117675305868226
-0.011928717973511
0.253120432984739
6.88236327576768
10.4719452080428
NA
NA
-0.0143562914118643
-0.0134671231130981
-0.012480406809641
-0.0115551962871471
-0.0107093674726723
-0.00983799461071729
-0.00916343887091567
-0.00828334065022973
-0.00764803299113062
-0.00700420771079735
-0.00639833163273263
-0.006101344668544
-0.00603171879923523
-0.00666707707368791
-0.00940272814752827
-0.0157607307915836
-0.0274303630342636
-0.0436263883528562
-0.0356550812365865
0.310200251550508
7.17182507378254
10.3634943251385
NA
NA
-0.021269723674662
-0.0203134758562806
-0.0191518126437298
-0.018508847101476
-0.017506727454614
-0.0170252186643957
-0.016097172238847
-0.0156132776301768
-0.0151242978416469
-0.0149196075229176
-0.0149938928746937
-0.0153714756264907
-0.0166333908610154
-0.0188857116427328
-0.0227874106122385
-0.0300548229032567
-0.0482976377414629
-0.0770228603474361
-0.0567251860256493
0.4038227391973
7.3984482908532
10.2472490692282
NA
NA
-0.0310253975678421
-0.028870446767435
-0.0270875231205647
-0.0253391360677241
-0.0238713086572576
-0.0227510574238485
-0.0221921946130296
-0.0219536783180008
-0.022014510578145
-0.0225455947287992
-0.0235726456297983
-0.0253880348943935
-0.0283818432048871
-0.0340011601188252
-0.0423114607080949
-0.0552824720566916
-0.0731007960131364
-0.10853624903876
-0.072646078468103
0.567390747693177
7.53250785435506
10.1276470137253
NA
NA
-0.0434031714756433
-0.0409257957270526
-0.0390658614380007
-0.036998429454693
-0.0353452936651541
-0.0335793654463728
-0.0323404906460978
-0.0314256449969819
-0.0300724027045368
-0.0300640775955954
-0.0308179777770865
-0.0344447568736552
-0.0400693818557696
-0.0496345291572828
-0.0643255693680744
-0.0851754352688586
-0.107886696639102
-0.13695056633669
-0.0819657916379862
0.754373099163818
7.62275755753554
10.0072315154324
NA
NA
-0.0554634007424543
-0.0534788062697791
-0.051553986705537
-0.0496175273997393
-0.0481049213944215
-0.0465955066811718
-0.0456042077799176
-0.0449128295496287
-0.0444549216102599
-0.0448668067074406
-0.0461083255223704
-0.0485638337041713
-0.0533265044752082
-0.0640146519691834
-0.086022117922096
-0.117031872606614
-0.147165461875058
-0.163964878849233
-0.0846697725513666
0.944244893094302
7.69154657348401
9.8874987584953
NA
NA
-0.0658525860181014
-0.0639055483327514
-0.062515434484029
-0.0611678978944957
-0.0602209836036544
-0.0596647914233647
-0.0589898003843156
-0.0594953872699081
-0.0603776755859811
-0.0620392667235759
-0.0655890327479844
-0.0703198340332225
-0.0776010364740812
-0.0880927395279282
-0.107043893007658
-0.148454957227238
-0.186789243019404
-0.189357921288094
-0.0814568814648049
1.13407088809338
7.74351254300148
9.76933804448314
NA
NA
-0.08517383413369
-0.0801159303070045
-0.0758579681736682
-0.0715379710561598
-0.0700423041542145
-0.0701493509895662
-0.0710492550018219
-0.0728100698774617
-0.0757027778926706
-0.080083500259707
-0.0863348925753757
-0.0949048251540334
-0.107196308154262
-0.121781424844125
-0.139461485776064
-0.178057528414209
-0.225302278296728
-0.211640643271711
-0.0729516231200554
1.32182128657402
7.78210681494204
9.65327501802409
NA
NA
-0.112382753639635
-0.106321527189924
-0.10094158943832
-0.096183267085794
-0.0912550224133951
-0.0881549709253984
-0.084878765266829
-0.0842262212309011
-0.0886536801670582
-0.0959641147185023
-0.106291298986748
-0.120289038008383
-0.138820556474698
-0.160594918487674
-0.182591144034459
-0.209959785374363
-0.261036722570131
-0.230301968817872
-0.0597985568559266
1.50600177920914
7.80994850649011
9.53961001844743
NA
NA
-0.142410894829511
-0.136150556938835
-0.130432656405219
-0.125382384424242
-0.120666978592137
-0.116997491773117
-0.113562409886216
-0.11172658260418
-0.110957980743857
-0.11232320528057
-0.123442865419038
-0.143993221620125
-0.170723185660218
-0.20165903573155
-0.229849847691846
-0.247576059021666
-0.293880530466698
-0.24449202971722
-0.0431650222723282
1.68596219325178
7.82905412640198
9.42850258414088
NA
NA
-0.171476528853894
-0.166004416311836
-0.161197131981833
-0.156696369926852
-0.153215851479498
-0.150211362997508
-0.148233575633681
-0.146867812574566
-0.147213970614774
-0.148706405307262
-0.152611389592117
-0.165280128645724
-0.200388340421205
-0.242910566968518
-0.279390788517304
-0.289248059883967
-0.322944975378288
-0.254575294095574
-0.0237805681178319
1.86125643014672
7.84099683900182
9.32002141679428
NA
NA
-0.19524761082034
-0.19181004033752
-0.18907101198005
-0.186972217550687
-0.185082545509049
-0.184865953762545
-0.185243680835299
-0.186584798264901
-0.189681500500392
-0.193849466390405
-0.198988263764315
-0.206009407501193
-0.227547611954974
-0.282325375558017
-0.329580915090131
-0.332688130870571
-0.348372527194651
-0.260684246201718
-0.00259200763733036
2.03203016638528
7.84702038026803
9.214178173835
NA
NA
-0.225861444590962
-0.212102312007753
-0.210346807079474
-0.211278512895276
-0.213285157461654
-0.216868833524423
-0.221026607809291
-0.227449696678537
-0.235347044952937
-0.244286481421051
-0.253446436250596
-0.26198233653491
-0.269821873540454
-0.318666380372037
-0.378278413128939
-0.376088952059827
-0.370580213618184
-0.262972100836972
0.0198136021665933
2.19809902454112
7.84811913790876
9.11094651018469
NA
NA
-0.29193510646153
-0.272593534924093
-0.255237697497573
-0.23961017016823
-0.234108497043462
-0.24196437407436
-0.252537836273439
-0.265634342473725
-0.280342011877135
-0.29722225338361
-0.313400318058202
-0.325798349212512
-0.330691680612859
-0.354772823809241
-0.425052959376195
-0.4177395988409
-0.389450980253587
-0.262053585872584
0.0431090886706786
2.35938768818783
7.84509553204421
9.01027699773115
NA
NA
-0.373170191424882
-0.349985428563832
-0.328732115389836
-0.308870020860251
-0.292177945088672
-0.276882555200755
-0.276114601875138
-0.297163290832543
-0.321428795728845
-0.348861618659996
-0.375329518444015
-0.395098005377192
-0.400030823997376
-0.400009038132244
-0.469045954871874
-0.456594414200668
-0.405347540443388
-0.258040002930222
0.0670104820557722
2.51580358431514
7.83860175655602
8.91210514053201
NA
NA
-0.463707245087439
-0.438928432201882
-0.415409561698282
-0.394190777562727
-0.372932490588338
-0.354854583997123
-0.338085705382774
-0.328189961179892
-0.355556170868535
-0.395490283775059
-0.436384447264636
-0.467054670298564
-0.474229532557211
-0.454675466691908
-0.510175041852688
-0.491622022998242
-0.418142924297076
-0.251618625648866
0.0914232405914597
2.66724773602013
7.82917425425829
8.8163583526938
NA
NA
-0.557036086208567
-0.533843372343512
-0.511285484642401
-0.489567357005613
-0.468717949333241
-0.448424160399671
-0.428489540693295
-0.409184976027519
-0.396009143019035
-0.435757265964697
-0.493292282157993
-0.53887460144076
-0.551540048936093
-0.51650640911911
-0.54833744093515
-0.522961073944961
-0.428028515732788
-0.243114657742439
0.116359092574459
2.81374191019512
7.81725686181931
8.7229584756939
NA
NA
-0.64311277860365
-0.625593412052664
-0.608053371083277
-0.590844132302664
-0.573422085021478
-0.554068723938514
-0.534111807073481
-0.51195140250191
-0.487497705124863
-0.477510617650306
-0.544239781911603
-0.609083463498843
-0.630000590528916
-0.582826095813757
-0.583784621485588
-0.550321547419675
-0.434798634839177
-0.232823904162499
0.141596581234487
2.95530321089681
7.80321874267282
8.63182643270914
NA
NA
NA
NA
-0.698254732266735
-0.689779528139687
-0.679394761650577
-0.66769810237909
-0.651209831956462
-0.628888202739846
-0.599628244329813
-0.563781800157535
-0.587696639222253
-0.675030560125454
-0.707970057972364
-0.649664199347623
-0.619027720934617
-0.573598146971972
-0.439014584812555
-0.221051506201337
0.167196500015545
3.09202503622635
7.78736994341324
8.54288234955549
NA
NA
NA
NA
NA
NA
-0.781030275508283
-0.780919898595271
-0.774178167423331
-0.756835089719877
-0.726231793459477
-0.679409585416377
-0.646324243260694
-0.735733777187447
-0.783954857284551
-0.715548868776604
-0.652909436339031
-0.592871409337233
-0.44076694060546
-0.20840299087877
0.193274409301296
3.22397416835256
7.76997223885781
8.45604758506763
NA
NA
NA
NA
NA
NA
NA
NA
-0.896276985530741
-0.891030404353029
-0.863187498322275
-0.809331737282903
-0.734940472621388
-0.790914501406304
-0.857155994645472
-0.779291575957546
-0.685113463029083
-0.608403080366975
-0.440268566960042
-0.194855790011319
0.219665849794382
3.351220349092
7.75124602692759
8.37124530738725
NA
NA
NA
NA
NA
NA
NA
NA
NA
-1.02461817525744
-1.00726131442772
-0.949294471987979
-0.851361718442314
-0.842480774172965
-0.927005215436755
-0.840033177139824
-0.715593999001246
-0.620175874971729
-0.437661254299002
-0.181047923851578
0.246777455820064
3.47387930945885
7.7313805552997
8.28840153052705
NA
NA
NA
NA
NA
NA
NA
NA
NA
NA
-1.15298262997022
-1.09695749507909
-0.979532710762684
-0.903878663363967
-0.992951219346856
-0.897276230845947
-0.743486117748434
-0.628631757619634
-0.433258114594623
-0.167141027925796
0.274631494820314
3.59205309816579
7.71053719806931
8.20744410313168
NA
NA
NA
NA
NA
NA
NA
NA
NA
NA
NA
-1.24891379614261
-1.11444941178951
-0.976014934962843
-1.05512562316947
-0.950760147580724
-0.768655374666806
-0.634375183257829
-0.426937888752782
-0.153263236681284
0.303323476055629
3.70584716055212
7.68885469362438
8.12830431886469
NA
NA
0.000376314222237245
0.000983239510660983
0.00131058713679452
0.00191047865925817
0.00230076898308479
0.00278641134406038
0.00316878479426033
0.00369684355354463
0.00414905988215239
0.00473119850217876
0.00527472617577046
0.00601623034888379
0.00679488867146416
0.00778516598480411
0.00891262267823309
0.010336472312725
0.0102756387147089
0.0210372476501582
0.450182419050003
7.47289486906219
10.5190077566025
NA
NA
NA
-0.00608180073413067
-0.00539240296756435
-0.00447975995688923
-0.00375287393845097
-0.00309847835416433
-0.00219157871723496
-0.00171074866171933
-0.00133124895547343
-0.000869103521624337
-0.000407228724053632
-0.000189165905451066
-2.20417749427493e-05
-0.00018763007967243
-0.001081830416646
-0.00310577514428895
-0.00750298935276075
-0.0123625107070996
-0.00489523827183619
0.609196372576508
7.69323531168521
10.3923304569363
NA
NA
NA
-0.0135225857205994
-0.0126534743813805
-0.0116816733261058
-0.0107898551137227
-0.0100720436152486
-0.00908009402456874
-0.00845185952557101
-0.00786477871611569
-0.007180043055596
-0.00669449391451305
-0.00641944068582728
-0.00642695087278502
-0.00699167943470372
-0.0098293067642942
-0.016321743650094
-0.0286839728980821
-0.0443778426219792
-0.0261001428048037
0.796984143475582
7.84721258852851
10.2553443361511
NA
NA
NA
-0.0200581483703741
-0.0192240011753964
-0.0183739281536638
-0.0175226903607792
-0.0166885848792275
-0.0161520345742029
-0.0154720150607578
-0.0152054716934368
-0.0150541111431188
-0.0151325338172009
-0.0155765569557315
-0.0169909088373005
-0.0196380190627607
-0.0241670230548928
-0.0318572620669221
-0.0505286844425294
-0.0775310563500689
-0.0430855415988346
1.00053516179873
7.95570583589476
10.1145133711606
NA
NA
NA
-0.0294748295682587
-0.0277958252679406
-0.0260341930606409
-0.0244702838701422
-0.0230512940166466
-0.0219648492379173
-0.0219917432198422
-0.0218138011240457
-0.0223755618257202
-0.0234124706513583
-0.0255361016748539
-0.028740869603336
-0.0345856204264321
-0.0437272728061583
-0.0577159441658143
-0.0763892280346824
-0.109106475683438
-0.0534889615724996
1.21098937927856
8.03186878306887
9.9732933497254
NA
NA
NA
-0.0413737619778115
-0.0393152722957549
-0.0374458239364322
-0.0358862409045999
-0.0341368211801527
-0.0329888366909242
-0.0319267382874999
-0.0310513078294891
-0.0308788752848296
-0.0315098419376222
-0.0346049076337771
-0.040310575221979
-0.0502517580949924
-0.0658128538341435
-0.0876725022403965
-0.111068710074471
-0.136978794095092
-0.0569808666602241
1.42293736952067
8.08438736973967
9.83358835632126
NA
NA
NA
-0.0532232995635123
-0.0512854615843966
-0.0495863943979119
-0.0481674415770875
-0.0469804508139615
-0.0459991958660496
-0.0451413348823043
-0.0453742907674673
-0.0455743547513535
-0.0474758233484282
-0.0501743273432379
-0.0554051509364905
-0.0652433637824823
-0.0877380302504938
-0.119750919423434
-0.149397050216003
-0.162497695743368
-0.05393007744516
1.63290969184853
8.11921262309489
9.69645527033035
NA
NA
NA
-0.0630820366933665
-0.0620524464092145
-0.0608400777433576
-0.0594716693056471
-0.0593271470996471
-0.0588400561687599
-0.0594696805444331
-0.0604320226242458
-0.0627321484552973
-0.0664797512720775
-0.0718939348447326
-0.0801019714760708
-0.0913883288397185
-0.11008401817786
-0.151401025306155
-0.188139107349725
-0.185355476130075
-0.0451113806680133
1.8387125318835
8.14054245988479
9.56246801888713
NA
NA
NA
-0.0823536426538826
-0.0778433171811929
-0.0736476584502205
-0.0705498934656712
-0.0692613403298909
-0.0703890202920953
-0.0719903655339105
-0.0755304866317791
-0.0799090391359844
-0.086666808444984
-0.0964414838377337
-0.109212068670338
-0.125465520138623
-0.144436055227394
-0.181527458858402
-0.225211285094596
-0.204665776767697
-0.0314050906328099
2.03918185592102
8.15141496988563
9.43191689464414
NA
NA
NA
-0.108583962440808
-0.103041929572091
-0.0985427705042283
-0.0938562294238288
-0.090525709930219
-0.0880282344688881
-0.0856989031418634
-0.0877878451530226
-0.0954130639553205
-0.106311743126694
-0.121040695360983
-0.14061402174843
-0.164039138950719
-0.187220459645967
-0.214485208030644
-0.259694530871167
-0.219813402464662
-0.0142629241258792
2.23396824662446
8.15407588448245
9.30492140467073
NA
NA
NA
-0.137571724285835
-0.132139037434538
-0.127058326556162
-0.123094675201271
-0.11938283629807
-0.116812984519355
-0.115048381269336
-0.114458158715434
-0.116136670340931
-0.123566040808091
-0.144109669340436
-0.172050001974189
-0.204594938743556
-0.234013668326021
-0.251963532077654
-0.290815668470242
-0.230674365164998
0.00554029931371006
2.42272485398778
8.1502171867952
9.18149875579394
NA
NA
NA
-0.165706034847469
-0.161252652959625
-0.157595073215303
-0.154268978899891
-0.15232121624596
-0.150476686949149
-0.150347213888324
-0.151060961044359
-0.153704439337002
-0.157944427155116
-0.168173879757098
-0.201216213097427
-0.245178302693792
-0.282859851863867
-0.292416398304257
-0.318249690579065
-0.237353140080033
0.0274782151529349
2.60513500228644
8.14113301391684
9.06160233609979
NA
NA
NA
-0.189501797327204
-0.18723092766203
-0.18582636582304
-0.184998035963778
-0.185145875655819
-0.186285591524182
-0.189108955107006
-0.193165500783
-0.198527148591556
-0.205145523670482
-0.213339419611006
-0.230495286454828
-0.284483787840185
-0.331578683887085
-0.333867109478612
-0.342052168376111
-0.24011026165182
0.0510397015059538
2.78108551211223
8.12782761805316
8.94514899797904
NA
NA
NA
-0.219519881507619
-0.208019775834208
-0.20800066756293
-0.210691632334749
-0.214914957830743
-0.220969789797738
-0.228143795370451
-0.237465926125698
-0.248182973531983
-0.25943571329714
-0.269687834733163
-0.277660140282212
-0.320495437852535
-0.3796081795409
-0.374649876928384
-0.362205663641767
-0.239419641752985
0.0760702133873201
2.95051164249229
8.11109187270218
8.83203317074773
NA
NA
NA
-0.283755116488786
-0.265067305056211
-0.250352608610494
-0.236868789958872
-0.238181550932019
-0.249693110804787
-0.264055945700476
-0.280829582663718
-0.29994965276538
-0.31811706067042
-0.333169479296234
-0.339866707303001
-0.358841847107349
-0.425071220589727
-0.413510057540433
-0.379024499221887
-0.235497340813453
0.102071743474454
3.11348359433226
8.09155320587143
8.72213807076878
NA
NA
NA
-0.362120260525623
-0.340489992631209
-0.321544753186623
-0.30441287849284
-0.289256088434097
-0.278575299888925
-0.293129364343787
-0.319740995219502
-0.349379069342277
-0.378855472559988
-0.40146547563745
-0.40839635707101
-0.406321608415607
-0.468233345854947
-0.449220964668424
-0.392538312052933
-0.229008685986442
0.129114043631828
3.27005814315506
8.06971571916817
8.6153417528833
NA
NA
NA
-0.450052110260632
-0.428054717242152
-0.407143169831988
-0.387319675717635
-0.369255026148294
-0.352811651580703
-0.339128041799481
-0.351321685436903
-0.394202311583538
-0.437605732302952
-0.472071203170106
-0.48182434839683
-0.461599569443813
-0.508376775331395
-0.481334361395082
-0.402768544564974
-0.22043364846037
0.156942322933421
3.42038480065163
8.04598814478226
8.51152101381491
NA
NA
NA
-0.541618822339092
-0.521462451158145
-0.502128771514211
-0.482893113083249
-0.46379446054065
-0.445340623728764
-0.426835802718423
-0.409965640879694
-0.431481500297649
-0.49236598187038
-0.542520244401881
-0.557398238879114
-0.522757217840807
-0.545743015432331
-0.509815938246518
-0.410019716165348
-0.209886621928092
0.185503889799819
3.56458508147433
8.02070434279239
8.41055393116908
NA
NA
NA
-0.628172650465662
-0.614292715126007
-0.600002297826145
-0.584957027880476
-0.569444132973204
-0.551291832027594
-0.531308572855164
-0.507784983701748
-0.487230682991998
-0.54135923783669
-0.609808705047619
-0.634060028491386
-0.587171337424027
-0.580746627256911
-0.534095902871644
-0.414597787447553
-0.198071191993285
0.21493369696431
3.70280937057995
7.99413846197759
8.31232260448299
NA
NA
NA
NA
-0.69748450862187
-0.693391739645562
-0.687687713036176
-0.679391932890517
-0.667587787553126
-0.648812025538759
-0.62147306090529
-0.586460234265497
-0.587208659018887
-0.673896754350076
-0.709656906605926
-0.651597584166605
-0.614626777312057
-0.554545811215519
-0.416492369629401
-0.185333194765164
0.245270808240298
3.83524862227338
7.96651815056816
8.21671227157339
NA
NA
NA
NA
NA
NA
-0.78319968458475
-0.788466013547541
-0.786998640227979
-0.775308407791924
-0.748725247480392
-0.703883259656704
-0.657647932520588
-0.73261025939111
-0.783640381527876
-0.714457239093517
-0.64714549805844
-0.57110761269773
-0.41599692323177
-0.172200423922204
0.276713444144918
3.9620760133216
7.93803218266175
8.12361378583058
NA
NA
NA
NA
NA
NA
NA
NA
-0.904568620529781
-0.906076999648469
-0.885081664355179
-0.833894386331408
-0.757050140249627
-0.786273626649755
-0.854191958486042
-0.775000962270286
-0.677822937511781
-0.584282965343654
-0.413271097129819
-0.15871014550762
0.308758730952911
4.08388821681629
7.90884013789505
8.03292269909891
NA
NA
NA
NA
NA
NA
NA
NA
NA
-1.03552786695243
-1.02622180269233
-0.97338147707976
-0.87679816158773
-0.841349480955839
-0.92188575260615
-0.832385148034957
-0.706187042833141
-0.59400426001875
-0.408550936914806
-0.14487157701174
0.341104893334286
4.20090662132344
7.87907452970772
7.94453849395366
NA
NA
NA
NA
NA
NA
NA
NA
NA
NA
-1.16819492218881
-1.11974909834097
-1.0044157473017
-0.907948638077193
-0.985413391105617
-0.88634428696366
-0.731952036848962
-0.600646340928641
-0.40212544481303
-0.130904197222259
0.374164621996964
4.31305956273093
7.84884880411236
7.85836776096173
NA
NA
NA
NA
NA
NA
NA
NA
NA
NA
NA
-1.26863473812412
-1.13804868633723
-0.984171895874472
-1.04557379415686
-0.936235877965394
-0.754773141457251
-0.604752479107584
-0.394187765797426
-0.116828643437634
0.408222792454335
4.42026643088388
7.81825812603129
7.77432042894814
NA
NA
NA
0.000833130202091553
0.00134676942950149
0.00184708007851503
0.0023019717113909
0.00285269395177909
0.00322607330607558
0.00365351610697659
0.00426532933807095
0.00469178209642818
0.00541883593834738
0.00602658385679231
0.0068231603768376
0.00771105736463149
0.00891459936740877
0.0102829344749482
0.010607022069542
0.0307307518481663
1.0332706322237
8.06256243892564
10.3709576377568
NA
NA
NA
NA
-0.005589354186884
-0.00472646392787074
-0.00398200559013614
-0.00316651245416216
-0.00246331325977151
-0.00181840480599354
-0.00127911936824654
-0.00077949469933572
-0.000518226779274156
-0.000170274816610333
-5.92299458750112e-05
-0.000189647104390927
-0.00115886988902122
-0.00332111915609681
-0.00811624405072473
-0.0128069001314331
0.00609863584651857
1.24458024114989
8.22649445015408
10.2056117657974
NA
NA
NA
NA
-0.0126768106921502
-0.0116680816735515
-0.0109643488048956
-0.010045176296461
-0.00949451501716603
-0.0085409193107197
-0.00800522638538609
-0.00729222752156741
-0.00698704655926752
-0.00681443774229171
-0.00685948274377263
-0.00749671117783248
-0.0102807706563968
-0.0170902265079302
-0.0301237943943135
-0.0444877128703485
-0.0118093179764457
1.47308255545791
8.33087226164987
10.0361242905917
NA
NA
NA
NA
-0.0191718200635774
-0.0182171493587537
-0.0175574237056582
-0.0165810033739962
-0.0161513724120532
-0.0156116208351593
-0.0150951858490894
-0.0151676527775578
-0.0151040122352039
-0.0158962839937819
-0.0173956577361756
-0.020253610585435
-0.025360406042302
-0.0339906447997064
-0.0529964327722614
-0.0774278612241844
-0.0234845695677138
1.70787908108059
8.39596257059101
9.86731272644601
NA
NA
NA
NA
-0.0283031328087205
-0.0265842164403468
-0.0250043823946519
-0.0237433665431627
-0.0224953874591408
-0.0216278746684267
-0.0218270409244384
-0.022233931292667
-0.0234719614676478
-0.0255838092634306
-0.0291720458401658
-0.0354381570654548
-0.0451908239756901
-0.060034790293646
-0.0798324361096735
-0.108399223617127
-0.0279773560682597
1.94226859738967
8.43405966425885
9.70160039255229
NA
NA
NA
NA
-0.0397641599284837
-0.0378689719598371
-0.0362758941382696
-0.0346689582062312
-0.0335292393972148
-0.0327482548715688
-0.0319153605473066
-0.0317957508710931
-0.0324746548210633
-0.0347923392518473
-0.0408849938962115
-0.0511618540698223
-0.067147211321672
-0.0904077067572971
-0.114081959011115
-0.135366239014744
-0.0255835505600111
2.17250092765401
8.45301416572587
9.54019875194629
NA
NA
NA
NA
-0.0510541526275182
-0.0494707350041088
-0.0481348701206596
-0.0471138957970518
-0.0461386849032772
-0.0457488681848808
-0.0459401756711042
-0.0464912988788838
-0.0485853514315446
-0.0518435163990322
-0.0574347495534861
-0.0673359269287431
-0.0895691567030689
-0.122484160487017
-0.151552521348047
-0.158902556237538
-0.0170844103609237
2.39653386171906
8.45805045265035
9.38367428012489
NA
NA
NA
NA
-0.0613045084583586
-0.0599597869848714
-0.0594110164209791
-0.0586920802072358
-0.0586758100455387
-0.0594249952744038
-0.0606708931806108
-0.0633842139628707
-0.0673110309009498
-0.0734547186633192
-0.0824435960824152
-0.0947549193612303
-0.113696873877188
-0.15437280267024
-0.189076229797755
-0.17905013050189
-0.00364053974844889
2.61320939815863
8.45276260504858
9.23223857923638
NA
NA
NA
NA
-0.0800006950112189
-0.0757942800344966
-0.0724123176575969
-0.0696044354210918
-0.0695722857381184
-0.0716867936932627
-0.0749766457243659
-0.0801338037024982
-0.0870926182370169
-0.0975562930138113
-0.111400035638682
-0.128888107576007
-0.149314312621345
-0.185157423006961
-0.224753522286168
-0.195068217479229
0.0140001400343126
2.82185295369037
8.43969395060442
9.0859045921096
NA
NA
NA
NA
-0.105251465066034
-0.100566875854333
-0.0963698149914419
-0.0929884863327452
-0.0904848747525705
-0.0888215187142959
-0.0886615677760824
-0.09492263219859
-0.10623084613938
-0.121826439788352
-0.142363623874022
-0.167450315236094
-0.191921472142654
-0.218901591473228
-0.257334620906352
-0.206799144009932
0.0350452622449582
3.02209536967285
8.42068780813652
8.94457419652166
NA
NA
NA
NA
-0.133304314938998
-0.12886050785144
-0.125042674905231
-0.121681791394968
-0.11954749480982
-0.118270473591217
-0.118477154272381
-0.119954282815682
-0.125626428281832
-0.144328326533169
-0.173277228763859
-0.207568705914748
-0.238202787610062
-0.255992399801092
-0.286766218616482
-0.214148832542388
0.0589141104714404
3.21386114208705
8.39710679633117
8.80808761151417
NA
NA
NA
NA
-0.161101690220442
-0.158204153725162
-0.155097044967474
-0.154002925973288
-0.152535784249867
-0.153298673106346
-0.15470352096306
-0.158421926023233
-0.163549806835654
-0.172434122246507
-0.202278600264973
-0.247805999992529
-0.285906430143182
-0.295218448901761
-0.312167679956288
-0.217404277001657
0.0849471928881944
3.39718180727571
8.36997555390178
8.67625430643032
NA
NA
NA
NA
-0.184915930291785
-0.184306232573434
-0.184531358243432
-0.184860434543002
-0.187338759344029
-0.191053430879899
-0.196219956079708
-0.203071513523325
-0.211032328892115
-0.220530310667594
-0.235294920332905
-0.286101539766986
-0.334004013412352
-0.33448774635195
-0.333995438504211
-0.216898465476155
0.112950611487339
3.57220792029448
8.34007681894121
8.5488702919339
NA
NA
NA
NA
-0.214225365060829
-0.205306136653238
-0.20801406164997
-0.212955343726591
-0.219832396140188
-0.228686347330407
-0.239351957038875
-0.251679464318728
-0.265236226096795
-0.276966588950004
-0.286480934151255
-0.322323181555176
-0.380640158228172
-0.372881537036871
-0.351907474460701
-0.213238737933921
0.14259642813511
3.73913372516358
8.30801618431543
8.42572693627802
NA
NA
NA
NA
-0.27634116590632
-0.260551960945978
-0.246508571149011
-0.237613609961223
-0.247012111595897
-0.26224976200821
-0.280722413786686
-0.301701628192078
-0.32296632961251
-0.340440539649817
-0.348611470196393
-0.363315628119795
-0.425057736773301
-0.408720647496153
-0.366371037900505
-0.206869105966724
0.173671064058132
3.89819001697311
8.27426740860727
8.30661999491853
NA
NA
NA
NA
-0.352501563731434
-0.334048643798656
-0.316233086730575
-0.301793532323373
-0.289159681120324
-0.290418337421301
-0.317715890182221
-0.349373769360082
-0.381596647540353
-0.40775709121254
-0.41686397566549
-0.412008351557522
-0.467037965689676
-0.441683510837386
-0.37734912061226
-0.19808095873573
0.206011640614201
4.04961960416017
8.23920521806797
8.1913508301971
NA
NA
NA
NA
-0.439766301286804
-0.419279793466576
-0.400847605549459
-0.383695282614963
-0.367528255900484
-0.353990832977715
-0.351876216277185
-0.39223277644073
-0.438519685665444
-0.476759993113465
-0.488596092426769
-0.467850089445888
-0.506404050873868
-0.470765121949184
-0.385172586067323
-0.187716600858843
0.239552009406884
4.19397928119723
8.20312883683493
8.07973097884518
NA
NA
NA
NA
-0.530546347386001
-0.512587177447384
-0.495983481257951
-0.478308590460026
-0.461897570201391
-0.444427592567704
-0.427204630107142
-0.431387942707414
-0.491301476499008
-0.544921252559176
-0.563027509186906
-0.528144966236899
-0.54261679118892
-0.49615895349449
-0.390126780118198
-0.176089259055553
0.273891548453237
4.33186866534451
8.16627774563471
7.97158020727136
NA
NA
NA
NA
-0.618378838042513
-0.606746247570071
-0.595691292840982
-0.582945730084984
-0.568036392133534
-0.549727107492268
-0.527775672729511
-0.50354665139016
-0.538195505687568
-0.61051316809919
-0.637437941026176
-0.590535690847587
-0.576841645359096
-0.517735918100043
-0.392244651081524
-0.16351359178881
0.309229572910215
4.46325401059449
8.12884679466751
7.86672776618088
NA
NA
NA
NA
-0.695107641614915
-0.694693643913634
-0.692922033890955
-0.690096806867431
-0.682707981941975
-0.666932141229505
-0.642990984564175
-0.608388077699988
-0.592204165020185
-0.67257011571471
-0.710799737583702
-0.652393547787323
-0.609481223078335
-0.535591840480046
-0.391739714585659
-0.150417241503762
0.345948784697025
4.58801420416695
8.09099401195741
7.76501482479447
NA
NA
NA
NA
NA
NA
-0.782402818250211
-0.793600512995926
-0.79831335516438
-0.792252710290451
-0.770089928756933
-0.727608814851604
-0.672905012772538
-0.72963069788029
-0.782268560303663
-0.712396764817559
-0.640414973205444
-0.549856647765396
-0.389050449891082
-0.136830305186343
0.384448368361349
4.70597105289893
8.05284889737876
7.66628969080416
NA
NA
NA
NA
NA
NA
NA
NA
-0.91052226563139
-0.919564207888098
-0.904703341919833
-0.857898859204515
-0.780625452929655
-0.782684119637869
-0.850862878497438
-0.769664336330323
-0.669164574280397
-0.560707515301813
-0.384341578073259
-0.122834911152312
0.425122307058861
4.81686689820071
8.01451793880383
7.57041221311438
NA
NA
NA
NA
NA
NA
NA
NA
NA
-1.04370839882537
-1.04310352502526
-0.996672839378563
-0.900633971299136
-0.843463665806473
-0.915679104568242
-0.82419056427791
-0.695272868347698
-0.568608721495624
-0.377979743261145
-0.108181304718584
0.468335278567073
4.9203368959242
7.97608899932835
7.47724911461616
NA
NA
NA
NA
NA
NA
NA
NA
NA
NA
-1.1812780726328
-1.14018558984465
-1.02812387402283
-0.914057262271501
-0.977503793557105
-0.874147229041248
-0.718973605649234
-0.573606658042461
-0.370449175804591
-0.093067035158113
0.514999660209621
5.01588543405121
7.93763480167133
7.38667565765075
NA
NA
NA
NA
NA
NA
NA
NA
NA
NA
NA
-1.28578943623375
-1.15999099850126
-0.993504045547184
-1.0352528162462
-0.920780996755347
-0.739650932625467
-0.575854959542866
-0.361779617346695
-0.0776375529428575
0.565919600794391
5.10280077662626
7.8992152756012
7.29857584055019
NA
NA
NA
NA
0.00131974915532004
0.00184782024923433
0.00228323162421259
0.00275371032637417
0.00322177913838456
0.00369417720574957
0.00433473557554409
0.0047100767008175
0.00545398120672794
0.00606390515447628
0.00681984300554078
0.00771424546722173
0.00878317238431431
0.0102325708638133
0.0111266074756772
0.0436159026396639
1.72381426300493
8.54354004486237
10.0376719748903
NA
NA
NA
NA
NA
-0.00499122669465391
-0.00427854351192816
-0.00333515076518728
-0.00273391200234063
-0.0019396213602714
-0.00144574653952983
-0.000753264668315601
-0.000552966039412684
-0.000199390528913129
-2.71734472173657e-05
-0.000244718104636804
-0.00129899786812854
-0.00383762060400778
-0.0087547701807636
-0.0129336911070201
0.0217734295175025
1.97957264272789
8.65408295329936
9.82564656485498
NA
NA
NA
NA
NA
-0.0119121011817172
-0.0110796192492199
-0.0101292949604516
-0.00949957636572713
-0.00876558406192954
-0.00814452302277252
-0.00760295953726634
-0.00725697221457739
-0.00705220475147761
-0.00731224758127869
-0.00823144592118699
-0.0109056581674831
-0.0179118347617559
-0.0314850903254087
-0.0442857431817516
0.00790159547681371
2.24032021700545
8.71356342209354
9.61761728470024
NA
NA
NA
NA
NA
-0.0182043388934809
-0.017472518816147
-0.016691602379436
-0.0161155622001004
-0.0155283286430613
-0.0153217066840597
-0.0151202908468621
-0.0153792778397574
-0.0160572389633794
-0.0179551292034809
-0.0209370175384199
-0.0267579759729995
-0.0360043124363674
-0.0554107848023756
-0.0764448361006827
0.00153477405774025
2.49834848321792
8.74041791666203
9.41638965067211
NA
NA
NA
NA
NA
-0.0271657960916669
-0.0257034960346245
-0.0243822686123851
-0.0230067837519044
-0.0220993727481703
-0.0217856270210451
-0.0223929521019371
-0.0232653859927173
-0.0257777012311965
-0.02983920498607
-0.0359538931483298
-0.0467545576177971
-0.0626945501615027
-0.083197530224374
-0.106163319185308
0.00266073136259759
2.74937297439552
8.74552597961125
9.22305609316794
NA
NA
NA
NA
NA
-0.0381688331427721
-0.0366654001999847
-0.0352680809833483
-0.0340376132597897
-0.0331787674475997
-0.0328170825622048
-0.032773246106885
-0.0336229544577391
-0.0357478937213933
-0.0413153570918394
-0.0520660537381722
-0.0690077510511466
-0.0931940481834157
-0.116761940384886
-0.131974791333121
0.010738590797944
2.9911185037947
8.73567020470272
9.03789454178618
NA
NA
NA
NA
NA
-0.0496019897177816
-0.0483004286384414
-0.0469470308094752
-0.04644284569017
-0.0460928023584087
-0.0465322615857361
-0.0474585185149079
-0.0495288881546729
-0.0535065267845203
-0.0595712412738903
-0.0697051193755205
-0.0916123547469139
-0.125373778805427
-0.15342518712159
-0.153050815160349
0.0247457651884192
3.22253301220176
8.71526831235248
8.86078691737004
NA
NA
NA
NA
NA
-0.0598230631470192
-0.058800252983055
-0.0582658024301463
-0.0584637192262208
-0.0594425839308585
-0.0607471102788726
-0.0638432725042074
-0.0682418869907281
-0.0750274949989294
-0.0847410347232722
-0.0982524133071775
-0.117381383414211
-0.157684505428786
-0.189467618834357
-0.170152014813107
0.0440195758116443
3.44302347423044
8.68730165721108
8.69142509284896
NA
NA
NA
NA
NA
-0.0778877296371566
-0.0744680214646112
-0.0714214479612851
-0.0696588457033981
-0.0713132197884747
-0.074659481455685
-0.079860797175986
-0.0877977722117951
-0.0986937164671231
-0.113658087105047
-0.132656482246711
-0.153855526878389
-0.189072745049708
-0.223305585384467
-0.18286198013788
0.0674997749277051
3.65256540609492
8.65384173168441
8.5294161566992
NA
NA
NA
NA
NA
-0.102431694160347
-0.0984494060072114
-0.0956497982803178
-0.0928867244214843
-0.0915669018028267
-0.0917065762732521
-0.0949656124599899
-0.106086259726468
-0.122643375902081
-0.144305801396733
-0.170650752383318
-0.196495581012005
-0.222937208267195
-0.254282930054217
-0.190994238441542
0.0945167637989711
3.85128327424077
8.61636285062511
8.37433951118784
NA
NA
NA
NA
NA
-0.130006297963162
-0.126952490592632
-0.123849648066253
-0.122075034886716
-0.121184895666711
-0.121988163638775
-0.124178888355094
-0.12941193664634
-0.144939186835122
-0.17479053682246
-0.21040609103468
-0.242274761582162
-0.259571748525416
-0.281500157317951
-0.194735427465906
0.124526259247205
4.03942835206393
8.57593565106404
8.22577275380151
NA
NA
NA
NA
NA
-0.158142002103867
-0.155841448635022
-0.154790450464323
-0.154818850434104
-0.155690403577666
-0.158390008374931
-0.162821902686831
-0.169044452364802
-0.178233749953194
-0.203803192947394
-0.250066980324518
-0.289191199800486
-0.297442855876122
-0.304694773102303
-0.19476198252141
0.1571908369795
4.21737065308467
8.53335206234223
8.08331016844193
NA
NA
NA
NA
NA
-0.182662641067927
-0.183043392576674
-0.184801520651052
-0.188089249877037
-0.192694072500959
-0.19882454215803
-0.207375134057946
-0.216859714021305
-0.227328026779486
-0.240931493447678
-0.288446127899099
-0.335840009558039
-0.334788846469311
-0.324124264192231
-0.191277976930558
0.191508536318675
4.38599721109644
8.4892055420619
7.9465667696963
NA
NA
NA
NA
NA
-0.210502880153318
-0.205555569795315
-0.210513699771512
-0.218514471634076
-0.228615120680746
-0.240773025325447
-0.255041239894805
-0.27030429305238
-0.284438358783639
-0.2945236727622
-0.325487692406859
-0.381333408817285
-0.370544384536764
-0.339629285398648
-0.185001576986362
0.227260189314535
4.54585742841939
8.4439467894269
7.81518428518512
NA
NA
NA
NA
NA
-0.271145182581414
-0.257157405647077
-0.245439935954992
-0.243867796256439
-0.260488334043236
-0.280563696315334
-0.303306382030307
-0.327007425825374
-0.346966660845394
-0.35728230210745
-0.368283778923997
-0.424713670087374
-0.403754838715554
-0.351554485630714
-0.176527190403637
0.264994854061754
4.6968408256845
8.39792190201475
7.68882857386812
NA
NA
NA
NA
NA
-0.345332788178609
-0.32912034792192
-0.314269477676891
-0.301580420493774
-0.294119943240683
-0.315216602755208
-0.349256574291693
-0.384360042901231
-0.413018896989195
-0.424477561052329
-0.418319747714372
-0.465858030700734
-0.433535419375934
-0.360169558376403
-0.16632401446559
0.305101071578991
4.83873358889329
8.35139820499719
7.56719258705161
NA
NA
NA
NA
NA
-0.431499014545753
-0.413755851739111
-0.397494003381734
-0.382321489474052
-0.369024294064655
-0.359387101477795
-0.389972349943133
-0.439315976721629
-0.480692227811798
-0.495468656006493
-0.473593186176112
-0.503781825413816
-0.459958337040141
-0.365509774983611
-0.154975612902278
0.348293337742812
4.97117060820479
8.30458502842382
7.44999117858049
NA
NA
NA
NA
NA
-0.522532008615078
-0.507317582316231
-0.492837759461901
-0.477606015335413
-0.46169572433256
-0.444847746946952
-0.43697420943613
-0.490298266605459
-0.547247104613703
-0.567692613875691
-0.532715420434082
-0.539048395161705
-0.48268295720266
-0.367871756187614
-0.142386345532251
0.395286813183246
5.0935883234849
8.25764598212777
7.33696169560474
NA
NA
NA
NA
NA
-0.612325277866681
-0.604000398963339
-0.595300360094752
-0.583415624559398
-0.568063690912527
-0.547293703381881
-0.523030898526572
-0.536940973309307
-0.611211047841688
-0.640107097775379
-0.5929939287714
-0.571936669404201
-0.501742768018442
-0.367592160378656
-0.129002070210464
0.447221805286653
5.20510986338551
8.21071061386913
7.22786363636622
NA
NA
NA
NA
NA
-0.69383577594486
-0.697319331887944
-0.69838903622013
-0.69562040872654
-0.684767561318266
-0.66377927094177
-0.630274284155999
-0.601399678714733
-0.670835057089455
-0.711667438876068
-0.652168962405086
-0.603175823620314
-0.51696021615371
-0.365310720449051
-0.114728126201109
0.505733732936455
5.30436288375312
8.16388056161515
7.12247296207515
NA
NA
NA
NA
NA
NA
-0.780038626357099
-0.796218101281351
-0.80755722955076
-0.807631365639333
-0.790105617662164
-0.750554649570806
-0.691753153841702
-0.726699971761028
-0.780748105577328
-0.709059829394305
-0.632324887677244
-0.52897994805666
-0.360918436604921
-0.0998371105897393
0.573445383636498
5.38893354846585
8.11723711092942
7.02058466041119
NA
NA
NA
NA
NA
NA
NA
-0.883209566456737
-0.914149075663841
-0.930784454951388
-0.923144591126621
-0.880712016817795
-0.803298414627814
-0.782370066834167
-0.84665423411276
-0.763431301956451
-0.659248128034414
-0.537707544685091
-0.354916572102359
-0.0843511018893532
0.65624185069361
5.45319531713408
8.07084419334221
6.92200740882105
NA
NA
NA
NA
NA
NA
NA
NA
NA
-1.04993078103144
-1.05845001856525
-1.0179098522493
-0.923636627343352
-0.847492644555928
-0.909528189626584
-0.814509160007833
-0.683154162871867
-0.543655108886276
-0.34770802395166
-0.068114738621633
0.75390913012063
5.49752873826438
8.02475271775298
6.82656597969099
NA
NA
NA
NA
NA
NA
NA
NA
NA
NA
-1.19168759421333
-1.15967675556676
-1.04980241017998
-0.92191499447028
-0.968929829939027
-0.861224163322095
-0.704580877796856
-0.546925802073469
-0.339096752976281
-0.0517024296969489
0.850858812374263
5.53789165892314
7.97900312892208
6.734096168558
NA
NA
NA
NA
NA
NA
NA
NA
NA
NA
NA
-1.30160484307171
-1.18041384887133
-1.00305297175404
-1.0247738027013
-0.904280934271732
-0.722977615436526
-0.547793784637084
-0.32953991681612
-0.0348172077156223
0.946623896522771
5.57470854994226
7.933626348418
6.6444471700567
NA
NA
NA
NA
NA
0.00171638330728113
0.00222746612306701
0.00279868225177865
0.00314203411617683
0.00367708984399029
0.00426630988565324
0.00486877288763246
0.00539097196125507
0.00605794873350316
0.00676015022990625
0.00780442907217891
0.00879415168766244
0.0102045137869836
0.011983304692496
0.0604666885903177
2.50921379830831
8.92086170395398
NA
NA
NA
NA
NA
NA
NA
-0.00456053264950032
-0.00356991365583134
-0.00295217746296428
-0.00225162304343607
-0.00157353125218154
-0.00100974052553562
-0.000429297458879041
-0.000350198890859826
-4.32176936712714e-05
-0.000388018317177552
-0.00159868967940638
-0.00413685721787293
-0.00932980519029014
-0.0129139301718569
0.0421206496022866
2.7998214283798
8.98386861219041
NA
NA
NA
NA
NA
NA
NA
-0.0110640801279564
-0.010394250904897
-0.00972277090108955
-0.00886247805573462
-0.00822945283364657
-0.00783116008315362
-0.00754708268878315
-0.00732286610251973
-0.00789974569697608
-0.00878159135909815
-0.0117217922753751
-0.0189278986893967
-0.0330376419268765
-0.0432562960505216
0.0329710530598353
3.08324523761456
9.0043326219928
NA
NA
NA
NA
NA
NA
NA
-0.017585419385423
-0.0167001410009558
-0.0160756925171382
-0.0156535468838855
-0.0153332059901429
-0.0152603191468491
-0.0154063553429878
-0.0165668878699264
-0.0184461112541731
-0.0216412674322768
-0.0281003986454242
-0.038181331258887
-0.0579272202602446
-0.0744173703115324
0.0329729444839559
3.35543898096695
8.99837992951686
NA
NA
NA
NA
NA
NA
NA
-0.0260850937317093
-0.0250241242673273
-0.0236416158861918
-0.0228697840425932
-0.0220093116955951
-0.0223578021134764
-0.0236229491638607
-0.0260017135948402
-0.0301459160830526
-0.0370956153856125
-0.0481412346674218
-0.0652586078780056
-0.0865045886457622
-0.10263853072279
0.0411818597415527
3.61437729742409
8.97534829189056
NA
NA
NA
NA
NA
NA
NA
-0.0369454210651643
-0.0357500542337594
-0.0346336675352174
-0.034004626272981
-0.0332992374540153
-0.0337499957913245
-0.0346161368943772
-0.0372041890324731
-0.0420458995427095
-0.0532002775087794
-0.0708214288221905
-0.0958970379400929
-0.119633616255592
-0.126290514206806
0.0566424682640503
3.85924957269614
8.94096059211508
NA
NA
NA
NA
NA
NA
NA
-0.048169939797677
-0.0473127026570114
-0.0465004553192771
-0.0465248792516312
-0.0468897771894694
-0.0484161243516653
-0.0506597836837627
-0.0550004029698806
-0.0618941553199805
-0.0722736584347392
-0.093949642401163
-0.128438592624415
-0.154864516116204
-0.144828005386237
0.0784748742034901
4.0899317868397
8.89888253095636
NA
NA
NA
NA
NA
NA
NA
-0.0585480025934404
-0.0579461862634484
-0.0582553807077429
-0.0593485695814064
-0.060988104587171
-0.0642088865548171
-0.0690708571506302
-0.0766594458265044
-0.0870514301863701
-0.101545775913528
-0.121593657073094
-0.160698684122708
-0.189382272891972
-0.158631536024238
0.105659646350961
4.30667849370898
8.85154662936906
NA
NA
NA
NA
NA
NA
NA
-0.0767000835507659
-0.0735166693480413
-0.071553344548041
-0.0711963607372973
-0.0743780965454902
-0.080084140812093
-0.0883077040697028
-0.0998092711633764
-0.115874462139149
-0.135923098694174
-0.158882130551991
-0.192672758929484
-0.221261997470499
-0.167837092000596
0.136970085132407
4.51047051761714
8.80061417487065
NA
NA
NA
NA
NA
NA
NA
-0.100819728991724
-0.0976592056805373
-0.0954820409652218
-0.0943426774963768
-0.0947572811499117
-0.0966952628458309
-0.106375636543477
-0.123546148228588
-0.14617762185337
-0.174094277104924
-0.200990015824354
-0.226815496644803
-0.25003204607067
-0.172300656155986
0.171269237670315
4.7021821892807
8.74724678669847
NA
NA
NA
NA
NA
NA
NA
-0.128144709902078
-0.125924070779092
-0.124328340798038
-0.124289892440922
-0.125288303860475
-0.128383289465934
-0.133923511890443
-0.146404533620176
-0.176585226657802
-0.213384820454773
-0.246065745875059
-0.262788334066156
-0.274849319551814
-0.17284695595564
0.208946516438396
4.88171741407899
8.69227181841054
NA
NA
NA
NA
NA
NA
NA
-0.156330733428046
-0.155533155106991
-0.156552216738769
-0.158379094599717
-0.161367243279219
-0.167024973235523
-0.174575478799829
-0.184605619256122
-0.206109085104303
-0.252854359789302
-0.291980342749349
-0.299086814626214
-0.295713281316487
-0.16995346506114
0.250567753421081
5.04875183656652
8.63628794162492
NA
NA
NA
NA
NA
NA
NA
-0.182041527779766
-0.184224331012595
-0.188144376543958
-0.193912735537696
-0.20161111623488
-0.210903943228594
-0.222234646803005
-0.234422301251731
-0.247451762662971
-0.290835407643394
-0.337710379777718
-0.334371691236157
-0.312496337508687
-0.164219168239597
0.297099050956703
5.20263630333704
8.57973413078179
NA
NA
NA
NA
NA
NA
NA
-0.20852325808437
-0.208578526578978
-0.21706051081284
-0.228334001695692
-0.241842607564957
-0.25782886074012
-0.275232028463139
-0.29124471768102
-0.302840438848832
-0.329193737240134
-0.381864948951704
-0.367687494522224
-0.325513132208111
-0.156066592768007
0.350058093163934
5.34222600437058
8.52293522008333
NA
NA
NA
NA
NA
NA
NA
-0.267582090532197
-0.255838196141871
-0.24758640488462
-0.258312261426719
-0.279642643858039
-0.304732237793368
-0.330847997500448
-0.35330056051737
-0.364996375226601
-0.373670417391869
-0.424237645719189
-0.398153134676135
-0.334880957527377
-0.145846234220831
0.411631946301852
5.46549605493004
8.46613349009901
NA
NA
NA
NA
NA
NA
NA
-0.341076853757347
-0.326626383199098
-0.31400814735304
-0.305332928153682
-0.313168897035758
-0.348761142253301
-0.386659382862984
-0.418351642257687
-0.431594833732872
-0.424243058258719
-0.463648181399561
-0.42538385928175
-0.340929367690966
-0.134169144086671
0.486480669522237
5.56832371038628
8.40951034805068
NA
NA
NA
NA
NA
NA
NA
-0.42594596635723
-0.411031509826924
-0.397130535770068
-0.384248365168741
-0.373370074948516
-0.388087436497991
-0.439927125696941
-0.484255523106224
-0.501247383577412
-0.479140054129946
-0.500571215244733
-0.448954155156008
-0.343869145278515
-0.121182323696045
0.586608079233805
5.63897095015338
8.35320227028556
NA
NA
NA
NA
NA
NA
NA
-0.51776170607114
-0.505813209326108
-0.492867052351614
-0.478264356706426
-0.462959917359514
-0.448455425158134
-0.488899523029402
-0.549015251806197
-0.572116096436503
-0.536526646603138
-0.534655379384869
-0.469089313016143
-0.344151093386673
-0.106913788507729
0.697592645769349
5.69212260970935
8.29731202460482
NA
NA
NA
NA
NA
NA
NA
-0.611540328255111
-0.605395235256736
-0.597680595065113
-0.585321031954148
-0.566775283939684
-0.54281124110565
-0.540119311614061
-0.611291677776322
-0.642458722351986
-0.59449247876809
-0.566310178391605
-0.485373768980118
-0.342241792798615
-0.0918151687321052
0.807814592494506
5.739803753076
8.24191554309192
NA
NA
NA
NA
NA
NA
NA
-0.699188869715963
-0.704728811050522
-0.706776648043432
-0.701128191645547
-0.683396983965702
-0.651826956375978
-0.614290191065172
-0.669647960145997
-0.711627827632088
-0.650831701689275
-0.596035627504716
-0.498423459478352
-0.338281951354319
-0.0758184663891536
0.917026888250282
5.78254709976115
8.18707029445943
NA
NA
NA
NA
NA
NA
NA
-0.774337231878537
-0.797669436270503
-0.814446712274107
-0.820916058807701
-0.809433123789715
-0.772218054680516
-0.712840100616803
-0.724274289362486
-0.778500221787825
-0.704976817803084
-0.623174617768519
-0.508115005921804
-0.332702981359803
-0.0591219598352469
1.02492560701057
5.82081930452512
8.13281790801474
NA
NA
NA
NA
NA
NA
NA
NA
-0.876920155549677
-0.915411641962882
-0.940414534294272
-0.93946590394947
-0.902526500378295
-0.825365496460433
-0.784158444234516
-0.84206285195974
-0.756282804040641
-0.647972537643043
-0.514798329308955
-0.325556034504959
-0.0419666284366939
1.13150434809037
5.85504605569485
8.07918831668038
NA
NA
NA
NA
NA
NA
NA
NA
NA
NA
-1.05356749479543
-1.07135341049864
-1.03805422802006
-0.945165285702712
-0.853380784659016
-0.902920367966646
-0.803700854753978
-0.669941639147011
-0.518843515758088
-0.317128971186742
-0.0243561435680327
1.2366313416762
5.88559880033695
8.02620225353665
NA
NA
NA
NA
NA
NA
NA
NA
NA
NA
NA
-1.20015981489748
-1.17668426329859
-1.07041813758602
-0.930422189001135
-0.959957446791547
-0.847583452328434
-0.688590797113125
-0.520566847580946
-0.307575456573451
-0.00649064107873257
1.3401843117905
5.91281281550779
7.97387352126206
NA
NA
NA
NA
NA
NA
NA
NA
NA
NA
NA
NA
-1.31534947586763
-1.19860463311313
-1.01314704850969
-1.01385750492977
-0.886970377051443
-0.704660236868734
-0.519953279844304
-0.297138975102755
0.0115476447226172
1.44210001015288
5.9369908813956
7.92221035541639
NA
NA
NA
NA
NA
NA
NA
0.00205890240370349
0.00278910716562511
0.00309617647949678
0.00375743269150977
0.00413836265583681
0.00482018835830947
0.00540459462926621
0.00609843861233417
0.00679863669586792
0.00774437121259006
0.00874797207632047
0.0102084543852937
0.0134987433653309
0.0851985039005526
3.3684520183781
9.20541080792006
NA
NA
NA
NA
NA
NA
NA
NA
-0.0038674992030048
-0.00317923219368965
-0.0024056241579988
-0.00186010049474231
-0.00122728717925028
-0.000593287403792553
-0.000200276930133886
-0.000258609362808054
-0.000651836011604928
-0.00173835287486338
-0.00456839013216567
-0.0102383877633687
-0.0121069102429634
0.0717250703090826
3.68334469171611
9.22695652175122
NA
NA
NA
NA
NA
NA
NA
NA
-0.0105741712864066
-0.00970354131614642
-0.00904526673684083
-0.00853692232113124
-0.00805021945759446
-0.00772651689879347
-0.00791413711315983
-0.00810976030814648
-0.00965396515730244
-0.012536214306185
-0.0201230078294476
-0.0344448493877803
-0.0418842333878126
0.0693535489980905
3.97947276799716
9.21372151273814
NA
NA
NA
NA
NA
NA
NA
NA
-0.0167334898213627
-0.0162956215635576
-0.0156850527116946
-0.0153661644480008
-0.0154884835574129
-0.0155879358530246
-0.0168185068375343
-0.0189098122090592
-0.0226704986541039
-0.0293221450169182
-0.0405719692852077
-0.060387826039373
-0.0712530146152454
0.0775532930046183
4.25646353230852
9.17951467275881
NA
NA
NA
NA
NA
NA
NA
NA
-0.0255188165483412
-0.0243041600058125
-0.0234981423094631
-0.0226930520255418
-0.0226554299565708
-0.0238573006978888
-0.0262466433073016
-0.0308335975039617
-0.0378042571670184
-0.050021322868139
-0.0678780962094726
-0.0895753007426375
-0.0972829381541418
0.0948507634464122
4.51471248689676
9.13222698699319
NA
NA
NA
NA
NA
NA
NA
NA
-0.0362630888998858
-0.0351233056719957
-0.0344141771175388
-0.0342196697251908
-0.0346297457570477
-0.0356580698412044
-0.0385102231281577
-0.0433803169491046
-0.0543556255616379
-0.072889879771673
-0.0988122922147131
-0.122230443388778
-0.118257671195354
0.119171544443883
4.75560499973045
9.07662801215992
NA
NA
NA
NA
NA
NA
NA
NA
-0.0473340326277435
-0.047041011372139
-0.0467808351900628
-0.0473801874060603
-0.0489734359499983
-0.0517584545564309
-0.0566036734090272
-0.0640800092976864
-0.0753350453919397
-0.0965416938812511
-0.131354927932128
-0.15601591504077
-0.133950126428371
0.149885607238446
4.97945782064922
9.0157280700968
NA
NA
NA
NA
NA
NA
NA
NA
-0.0578047455147251
-0.0581769875559537
-0.05906410301356
-0.061404146434873
-0.0645850565013101
-0.0701267351798487
-0.0778227974147353
-0.0894756846385921
-0.104994733224407
-0.125833845440214
-0.16405401766644
-0.188506516195205
-0.144455472805577
0.187222816330122
5.18603031370489
8.9514922214252
NA
NA
NA
NA
NA
NA
NA
NA
-0.0757344347211616
-0.0737706403486596
-0.0727930002432273
-0.0744311063476597
-0.0799801020428709
-0.0889572797878723
-0.101073192220282
-0.118082767377506
-0.139512775299906
-0.163385743626498
-0.196373554757162
-0.218401171172575
-0.150226728783896
0.232171665103763
5.37448609340849
8.88523788756654
NA
NA
NA
NA
NA
NA
NA
NA
-0.0999619604088395
-0.0979107020555978
-0.0971126417200824
-0.0976229042002222
-0.100088080642191
-0.107332626322534
-0.124450497274446
-0.148123749044953
-0.177167863093709
-0.20556028577786
-0.230389368722345
-0.24469615599345
-0.151558684130559
0.286875218820986
5.54296329544672
8.81786687093122
NA
NA
NA
NA
NA
NA
NA
NA
-0.127470950293863
-0.12650613453469
-0.126796798794399
-0.128851769549571
-0.132422229575951
-0.138469675525132
-0.149485883422415
-0.178496883611392
-0.216423111551869
-0.249663936281373
-0.265494957718758
-0.267001441043396
-0.149261839506531
0.35586154278578
5.68742835387102
8.75000632094589
NA
NA
NA
NA
NA
NA
NA
NA
-0.156428067455417
-0.157587990058937
-0.160332469222337
-0.164622600124521
-0.171192805575813
-0.179770144660843
-0.190800709833377
-0.209979767676018
-0.255406966351453
-0.29480441494843
-0.300056334670662
-0.285364261906971
-0.14375466529329
0.452882209253103
5.79446893031399
8.68209742408601
NA
NA
NA
NA
NA
NA
NA
NA
-0.183620986837517
-0.187926771277604
-0.194975806825064
-0.203766525624634
-0.214687777843098
-0.227349999821085
-0.241100411299972
-0.254749610405384
-0.293269208477626
-0.339424108779941
-0.333395184133333
-0.299373864298552
-0.135669167359191
0.577437624992814
5.865053973087
8.61445303309221
NA
NA
NA
NA
NA
NA
NA
NA
-0.208768656556471
-0.215721948291837
-0.227567303459095
-0.242754893032746
-0.260409134467254
-0.279760411324612
-0.297932428899697
-0.31083392051777
-0.333141159722022
-0.382289298743987
-0.364319757110689
-0.309817278862194
-0.12532273881571
0.702234449584508
5.92696157577939
8.54729580567038
NA
NA
NA
NA
NA
NA
NA
NA
-0.266311614938484
-0.257485920598513
-0.2570865714144
-0.278900387789259
-0.306013948079667
-0.334386793743066
-0.359029265941684
-0.372794786183473
-0.378984586160638
-0.423143191956421
-0.392141325570488
-0.316700617467733
-0.112951962028739
0.826493811649632
5.98123072401961
8.48078364881646
NA
NA
NA
NA
NA
NA
NA
NA
-0.338872368496987
-0.327156007566958
-0.317870201475341
-0.316090513339683
-0.348692476468914
-0.388360499644542
-0.423203806322668
-0.438412096165613
-0.429668455491524
-0.461331809566512
-0.416668054544091
-0.320527267971097
-0.0990447984078945
0.949921823683548
6.02875963350804
8.41502801420945
NA
NA
NA
NA
NA
NA
NA
NA
-0.424159279216511
-0.411160565413339
-0.399162999864404
-0.388707698615098
-0.390893290426258
-0.440198326442168
-0.487640117601971
-0.50674682936877
-0.483759220047839
-0.496853562124933
-0.437675787865674
-0.321535736662239
-0.0838498214226302
1.07211455586928
6.07032190312301
8.35010637803405
NA
NA
NA
NA
NA
NA
NA
NA
-0.517536670682339
-0.507114418774817
-0.494423889560821
-0.480505579807408
-0.464885230262319
-0.487949975897196
-0.550655562944827
-0.57580623389572
-0.539377501100779
-0.529733250791426
-0.455083800349293
-0.320002891079329
-0.0675566978713292
1.19279737840582
6.10659183757279
8.28607119730194
NA
NA
NA
NA
NA
NA
NA
NA
-0.614863648034336
-0.610533168139717
-0.601574088802375
-0.585674932261262
-0.562278812898498
-0.547524670744363
-0.611254414786691
-0.644313918286926
-0.595059629604504
-0.55971484807717
-0.469006315134055
-0.316440489726036
-0.0504320747172518
1.31169263977624
6.13814561616781
8.2229559146508
NA
NA
NA
NA
NA
NA
NA
NA
-0.709350209685092
-0.716654312980906
-0.715660066338645
-0.702454032386595
-0.672708175999078
-0.630411942861072
-0.668064545770282
-0.711072891548889
-0.648953059884255
-0.587579277777392
-0.479619216777719
-0.311116097290004
-0.0325722368441128
1.42871152749132
6.16549636397237
8.16078073984265
NA
NA
NA
NA
NA
NA
NA
NA
-0.796007524398268
-0.81995692331962
-0.832412841141538
-0.826902476053681
-0.793305614950294
-0.733899388479697
-0.724490900265137
-0.775274260186243
-0.700069100499008
-0.612759370950944
-0.487218485855403
-0.304034909368368
-0.0143361734578396
1.54369254718869
6.18908280934891
8.09955491312462
NA
NA
NA
NA
NA
NA
NA
NA
-0.868202753628101
-0.914834947186351
-0.947742687842269
-0.954159677589992
-0.922842276791725
-0.846388294377139
-0.788281015463978
-0.837445240495125
-0.747850185149104
-0.635256681238193
-0.492005494147868
-0.29567358389427
0.00447597598724703
1.65658512172004
6.20929551627273
8.03928042550781
NA
NA
NA
NA
NA
NA
NA
NA
NA
NA
-1.05570816488711
-1.08243982510783
-1.05660787933648
-0.965378547522958
-0.860692847040263
-0.895653016421707
-0.792211148234492
-0.654984154860005
-0.494221361268336
-0.28611825161642
0.0234053133071523
1.76743224602785
6.22647622059089
7.97995314908702
NA
NA
NA
NA
NA
NA
NA
NA
NA
NA
NA
-1.20642838353603
-1.19198681484587
-1.08958772002742
-0.939118380887521
-0.950782084121899
-0.832684964681119
-0.671532880816702
-0.494276417268179
-0.275673755545672
0.0424385020745287
1.8762168471873
6.24092668576557
7.92156498433735
NA
NA
NA
NA
NA
NA
NA
NA
NA
NA
NA
-1.3242375274497
-1.32731992178259
-1.21530494132621
-1.02266405297096
-1.00266702988851
-0.868633942775184
-0.685395047229203
-0.492251957435106
-0.264483550662154
0.0615090442804474
1.98289923590101
6.25291040345989
7.86410403231539
NA
NA
NA
NA
NA
NA
NA
NA
0.00255321048378179
0.00312348106385488
0.00361663472862775
0.00411083470316862
0.00477994003896129
0.00540232220920325
0.00603118119877483
0.00687784718438417
0.00765919805943011
0.00873594743131243
0.0102752675047249
0.0157307372645382
0.12436247933465
4.27708777580178
9.40870654884402
NA
NA
NA
NA
NA
NA
NA
NA
NA
-0.00343144222039043
-0.00279143250248859
-0.00198516673242138
-0.00135273366105804
-0.000868748730779301
-0.000496406463903337
-0.000411891947650067
-0.000696361357850756
-0.0020149461824652
-0.00521436664808112
-0.0108109871560229
-0.0107974320779162
0.117414734210257
4.60645157193302
9.39364558150198
NA
NA
NA
NA
NA
NA
NA
NA
NA
-0.010008514228701
-0.00927120453957778
-0.00876622680352282
-0.00817617986484276
-0.00810566169782867
-0.00807034470706305
-0.00873024714929435
-0.0102519978657396
-0.0136632789061704
-0.02139046665522
-0.0359767435169284
-0.039541993722368
0.12323181306581
4.90687161230112
9.35065976244424
NA
NA
NA
NA
NA
NA
NA
NA
NA
-0.0164509761396749
-0.0157265652303072
-0.015592357572016
-0.0155785278957239
-0.015961970001965
-0.0171901753512774
-0.019335180265051
-0.0235889984771666
-0.0307930190268961
-0.0428520873666155
-0.0629349904980993
-0.0668627953075808
0.141322355601146
5.18091955993883
9.29142825501206
NA
NA
NA
NA
NA
NA
NA
NA
NA
-0.0249865481805094
-0.0240218501096028
-0.0235926605105773
-0.023326425340862
-0.0241410753371313
-0.0266938047687666
-0.0313897311404124
-0.0389268719397946
-0.0518471331736566
-0.0705768579784143
-0.0924956936491027
-0.0902823561142512
0.171791301971224
5.4290798094274
9.22255158274501
NA
NA
NA
NA
NA
NA
NA
NA
NA
-0.0356762313065839
-0.0351104898292308
-0.0348427446638433
-0.0354942907667083
-0.0368591706360351
-0.0398615901437868
-0.0450615837752157
-0.0556792676672426
-0.0750880644287989
-0.101894316779342
-0.124435981353564
-0.108242275662804
0.216444771400746
5.64982417474843
9.14796775522537
NA
NA
NA
NA
NA
NA
NA
NA
NA
-0.0468445413840729
-0.0471870069495922
-0.0480277000883511
-0.0495858595808962
-0.0529526369099222
-0.0583058912170268
-0.0660852978327227
-0.0784407791882977
-0.0994868746740355
-0.134586810140177
-0.156594617105727
-0.120920994166111
0.281143791032235
5.83784821512414
9.07012395442028
NA
NA
NA
NA
NA
NA
NA
NA
NA
-0.0578234464940511
-0.0593676673847385
-0.0613299849396598
-0.0652046905242332
-0.0709244814450918
-0.0794561508095509
-0.09165939138626
-0.108492485745422
-0.130218213095912
-0.167277793214488
-0.18712916512821
-0.128117019616688
0.38895918286464
5.97032982289021
8.9905880394937
NA
NA
NA
NA
NA
NA
NA
NA
NA
-0.0758247536745779
-0.0750996961485084
-0.0757643142266015
-0.0803302827165659
-0.0891633925557622
-0.102411340174045
-0.120321976086437
-0.143161101190656
-0.168070420890486
-0.19989299460503
-0.214567473703606
-0.130490671421727
0.523509096463009
6.06426953630642
8.91038746646696
NA
NA
NA
NA
NA
NA
NA
NA
NA
-0.100312884477146
-0.0996071528183148
-0.100738892806621
-0.103588758066503
-0.109280160740439
-0.12559046417347
-0.15044773531654
-0.180593698385363
-0.209700182570982
-0.233471793277131
-0.238427971569205
-0.128736215958414
0.661035791102318
6.14411640006386
8.83020641472851
NA
NA
NA
NA
NA
NA
NA
NA
NA
-0.128751845633807
-0.12940995095351
-0.131798134294723
-0.136252022733208
-0.14335868666531
-0.153907600760317
-0.180422816928201
-0.219464628060925
-0.253344123371462
-0.267389922134421
-0.258051509500826
-0.123408488070447
0.799976968873586
6.21200069129532
8.75050475506889
NA
NA
NA
NA
NA
NA
NA
NA
NA
-0.158629275047349
-0.162287647158077
-0.167527248427595
-0.174890495988809
-0.184927688362603
-0.196946460661372
-0.214756624055313
-0.258405434591441
-0.297234048661253
-0.300480660037772
-0.273697824654191
-0.114916835349425
0.939043008319004
6.26967919597133
8.67159218474767
NA
NA
NA
NA
NA
NA
NA
NA
NA
-0.187908760793632
-0.195901259600659
-0.205209107538325
-0.218186579123884
-0.232502224689432
-0.247477000801016
-0.262337675612734
-0.296298452397309
-0.340704063659265
-0.33155860170349
-0.285195962838425
-0.103974552576116
1.07745475518638
6.31860174784921
8.59367634073179
NA
NA
NA
NA
NA
NA
NA
NA
NA
-0.214254447373881
-0.227186098690453
-0.243129115871399
-0.262718206005179
-0.284288284068637
-0.304081296449909
-0.318693499132239
-0.337674975994192
-0.382183890426323
-0.360105632444164
-0.293204283701815
-0.0907619278775901
1.21452335258865
6.35997471409796
8.51689457093534
NA
NA
NA
NA
NA
NA
NA
NA
NA
-0.267858941407475
-0.262620808110959
-0.277983959701242
-0.306767395577202
-0.337526836921388
-0.364915626631017
-0.379894836785885
-0.38430822898475
-0.421768831620913
-0.385392348335198
-0.297759082562163
-0.0759542763902593
1.3498816428029
6.39481126073246
8.44133412371188
NA
NA
NA
NA
NA
NA
NA
NA
NA
-0.339750635643675
-0.330922250392684
-0.325288493356451
-0.347420211845913
-0.390314074003366
-0.427743407898403
-0.444811713488113
-0.434713549639557
-0.458527741215596
-0.407383464617678
-0.299564193643695
-0.0594871588407803
1.48301045912016
6.42396097596979
8.36704796824999
NA
NA
NA
NA
NA
NA
NA
NA
NA
-0.424810860818737
-0.414110773821776
-0.404125985295689
-0.398985696369057
-0.440529978732998
-0.490779087286594
-0.511658506331633
-0.487710476641435
-0.492507289773611
-0.425760631758252
-0.298482511230846
-0.0420406408611638
1.61378182763243
6.44814478402553
8.29406356983781
NA
NA
NA
NA
NA
NA
NA
NA
NA
-0.520421650086622
-0.510407765844465
-0.498002705792763
-0.482315570447769
-0.490169680073086
-0.552315281014456
-0.578906391720593
-0.541584010549627
-0.523698641410643
-0.440457395063901
-0.295287432744915
-0.0237048907849328
1.74196196526167
6.4679764320878
8.22239117574355
NA
NA
NA
NA
NA
NA
NA
NA
NA
-0.622223462887008
-0.61705840344784
-0.60395276339135
-0.581742414261527
-0.558552154362843
-0.611058987022994
-0.64517070899203
-0.594833618974117
-0.552154520318986
-0.452066247728993
-0.290047206628304
-0.00466272978946427
1.86753465818202
6.48397972618217
8.15202798403783
NA
NA
NA
NA
NA
NA
NA
NA
NA
-0.724593104554766
-0.729304889944261
-0.720413056649743
-0.692626038563889
-0.649313557260545
-0.66680386719952
-0.71012430759576
-0.645620806774146
-0.578141948920697
-0.460426638940871
-0.28312865607129
0.0148059812014249
1.99047472312271
6.49660563206763
8.08296220643524
NA
NA
NA
NA
NA
NA
NA
NA
NA
-0.82311530980749
-0.842264261712553
-0.84296255237264
-0.81364794997276
-0.7540745945497
-0.726482613693255
-0.772481531075657
-0.693913918039479
-0.600983801944947
-0.466157389762557
-0.274676643158608
0.0345710975639353
2.11071366571572
6.50624228660826
8.01517588761216
NA
NA
NA
NA
NA
NA
NA
NA
NA
-0.911978269024482
-0.952541181957484
-0.967756083900596
-0.941416917741804
-0.866734990672386
-0.794174128556215
-0.831609875394637
-0.738859566072956
-0.621533216583323
-0.468711537471387
-0.26527408456218
0.05470272314469
2.2281273575805
6.51322431613801
7.9486459487382
NA
NA
NA
NA
NA
NA
NA
NA
NA
-0.98756803201045
-1.05550074990302
-1.09153181204791
-1.07323581643803
-0.984852689872768
-0.868525192887395
-0.888049712204622
-0.779889363897065
-0.638626421343689
-0.469485217335535
-0.254636781726344
0.0750213024647138
2.34270112970917
6.51784570874429
7.88334743867418
NA
NA
NA
NA
NA
NA
NA
NA
NA
NA
-1.14746224277055
-1.21109958455436
-1.20567205513983
-1.10651187789406
-0.948471144650546
-0.941036058999957
-0.816970737210614
-0.65308164212381
-0.467843040610423
-0.243405557795177
0.0956765394167949
2.45436945850344
6.52036094600732
7.81925204641985
NA
NA
NA
NA
NA
NA
NA
NA
NA
NA
NA
-1.32356119151666
-1.33666915358984
-1.23043706367849
-1.03175118582782
-0.990505286003117
-0.849943632354432
-0.664682890191958
-0.464475446232219
-0.231442788479573
0.116571732870307
2.56310798926385
6.52099401442722
7.75633129896624
NA
NA
NA
NA
NA
NA
NA
NA
NA
0.00298578047221235
0.0035442410466803
0.00409614521925561
0.00465123931596326
0.00530873833190573
0.00603742050464845
0.00684461126939984
0.00767930417837862
0.00869670970607306
0.0104418101583395
0.0190133351376366
0.189837155023719
5.20673990728572
9.53945331650014
NA
NA
NA
NA
NA
NA
NA
NA
NA
NA
-0.0030077908040628
-0.00239152968493556
-0.00166544297275015
-0.00115493305464648
-0.000549657082875993
-0.00060694627159602
-0.0010371463204803
-0.00238517038927924
-0.00572138245971729
-0.0115790044642811
-0.0081088030402561
0.196279202087594
5.53667940549807
9.49086513312831
NA
NA
NA
NA
NA
NA
NA
NA
NA
NA
-0.0095740638453469
-0.00894821680194779
-0.00851943499698041
-0.00838893986509798
-0.00846425482239163
-0.00919591894878002
-0.0110554774247308
-0.0146873801556177
-0.02281086082928
-0.0375641221575662
-0.0358378838743419
0.229281541198071
5.81679626384817
9.4204636416433
NA
NA
NA
NA
NA
NA
NA
NA
NA
NA
-0.0160727404052191
-0.015724661261361
-0.0159259034856132
-0.0162266470301466
-0.0175181102882163
-0.0200143442657813
-0.0245080755135273
-0.0323705310322373
-0.0453023599109886
-0.065157553072386
-0.06103755809382
0.312015318173412
6.02831047136297
9.33801337464717
NA
NA
NA
NA
NA
NA
NA
NA
NA
NA
-0.024845895248366
-0.0241771909899646
-0.0242502913822519
-0.025013247313095
-0.0270909403998955
-0.0319877645477788
-0.040291473718615
-0.0537969594524282
-0.0733587190128955
-0.0950973244424351
-0.081261637765922
0.437316749752475
6.18026848590097
9.24897010604752
NA
NA
NA
NA
NA
NA
NA
NA
NA
NA
-0.0356620483690466
-0.0355108024545374
-0.0363830392706239
-0.0379097295518227
-0.041408929342807
-0.0469128279591624
-0.0574885758042439
-0.0773335750357064
-0.105018207578932
-0.126101120708528
-0.0960517714644258
0.576017627232325
6.30333299537666
9.15654038064314
NA
NA
NA
NA
NA
NA
NA
NA
NA
NA
-0.0473781528801159
-0.0484634919938731
-0.050444209192705
-0.0541107920106819
-0.0596098116943091
-0.0684572502869775
-0.0815233065531435
-0.102840588471473
-0.137735623964893
-0.156795882104465
-0.104989250244066
0.72307912608093
6.40341527370236
9.06267846423222
NA
NA
NA
NA
NA
NA
NA
NA
NA
NA
-0.0593320683135526
-0.0616763305609475
-0.0656413988999366
-0.0717286299366232
-0.0809594994700397
-0.0941731606138752
-0.111857163260432
-0.134741467006592
-0.170443464848745
-0.185249258784163
-0.108502768323235
0.875043817204567
6.48497010810919
8.9686061294491
NA
NA
NA
NA
NA
NA
NA
NA
NA
NA
-0.0773382746059639
-0.0779536601469091
-0.0810909678032362
-0.0900928163234205
-0.103767942983911
-0.122772261326519
-0.146587451643399
-0.172679397232727
-0.203125435691562
-0.210139326837076
-0.10733997036823
1.02933622252649
6.55142062228692
8.8750984280505
NA
NA
NA
NA
NA
NA
NA
NA
NA
NA
-0.102268975232137
-0.103525649475128
-0.10692787087854
-0.113064787785275
-0.126966617298983
-0.152569848395506
-0.184012754989802
-0.213958382185543
-0.236121939930513
-0.231329300025457
-0.101984024522512
1.1840568875745
6.60543464606648
8.78265028672254
NA
NA
NA
NA
NA
NA
NA
NA
NA
NA
-0.131781546078601
-0.134792577016591
-0.140041353491463
-0.147870651323893
-0.159363107587177
-0.182765675192174
-0.222829453922977
-0.256594782013889
-0.268833757239402
-0.24826292270071
-0.0932539197219784
1.33796557665905
6.64911958165468
8.69157572737891
NA
NA
NA
NA
NA
NA
NA
NA
NA
NA
-0.163703506936911
-0.170402273780529
-0.17859854242738
-0.189716688806388
-0.203218447575794
-0.220393203466261
-0.261386402010477
-0.299565908072682
-0.300051777184521
-0.261306430822837
-0.0815063439299457
1.49011694223894
6.68416113789042
8.60206947695594
NA
NA
NA
NA
NA
NA
NA
NA
NA
NA
-0.195816249316947
-0.207430346346266
-0.221186145967913
-0.237326997260592
-0.253832009631742
-0.269765274404785
-0.299822770657291
-0.341658551299785
-0.329038675604003
-0.27027803432026
-0.0674898750537041
1.63982515497416
6.71191677842722
8.51424696384537
NA
NA
NA
NA
NA
NA
NA
NA
NA
NA
-0.226001939388621
-0.243742491586948
-0.264829723960219
-0.288124691886576
-0.310180586314806
-0.326224979616935
-0.342458184979918
-0.381726293681558
-0.355164670056924
-0.275795464728567
-0.0514891145079129
1.78664150571781
6.73349379422385
8.42816997949075
NA
NA
NA
NA
NA
NA
NA
NA
NA
NA
-0.273030588513923
-0.278346593683695
-0.307395936234364
-0.340284601269876
-0.370576321594048
-0.386643470256874
-0.389435161384819
-0.419966363667155
-0.377748492638226
-0.278061574160937
-0.0339846446622807
1.93025824458659
6.74980010302456
8.34386385454721
NA
NA
NA
NA
NA
NA
NA
NA
NA
NA
-0.34344682282968
-0.338168481682407
-0.348587629652205
-0.391874304100453
-0.432238943853429
-0.45036801986782
-0.439339556763067
-0.455363863769553
-0.397025757788496
-0.277515634477059
-0.0153551477421136
2.07062682286033
6.76158841603243
8.26132838450329
NA
NA
NA
NA
NA
NA
NA
NA
NA
NA
-0.428808123056873
-0.41970633871289
-0.411612374204481
-0.440955858419193
-0.493395388690025
-0.516074128648079
-0.490976774935421
-0.487634897201593
-0.412880930432785
-0.274653784976152
0.00426521918074435
2.20759411405537
6.76948310910197
8.18054717594039
NA
NA
NA
NA
NA
NA
NA
NA
NA
NA
-0.525590010867882
-0.514548583245728
-0.499599066464303
-0.49661929093208
-0.553583088282367
-0.581437588758443
-0.54300547077878
-0.516865158619253
-0.425352094466086
-0.269616811095364
0.0245383352240088
2.34102155188187
6.77401017523856
8.10149164921125
NA
NA
NA
NA
NA
NA
NA
NA
NA
NA
-0.631239279544868
-0.621371129111848
-0.600407587091302
-0.572873266722033
-0.611181689682195
-0.645846995629938
-0.593501939102884
-0.543500742279294
-0.434584858068503
-0.262755955481428
0.0454749147852458
2.47080459515044
6.77561265152543
8.02412573031488
NA
NA
NA
NA
NA
NA
NA
NA
NA
NA
-0.741266802320119
-0.736521674165103
-0.712447162609778
-0.66824569184686
-0.667376894410611
-0.708819112305429
-0.641755514293759
-0.567298299470327
-0.440772539304279
-0.254374931784144
0.066996305089105
2.59690932052549
6.7746653187301
7.94840898144509
NA
NA
NA
NA
NA
NA
NA
NA
NA
NA
-0.850786417264071
-0.857250573776087
-0.832894093547853
-0.773564246841545
-0.730514084688579
-0.768581041631882
-0.687113060071647
-0.58827801797616
-0.444249475386444
-0.244811698041507
0.0891014684294056
2.71928193297174
6.77149009783244
7.87429717818054
NA
NA
NA
NA
NA
NA
NA
NA
NA
NA
-0.956161305452177
-0.979260833191304
-0.958883118543885
-0.885711909313694
-0.800954396784466
-0.825901710546272
-0.728838688068646
-0.606048807027632
-0.445471735896882
-0.234117940596188
0.111678930827197
2.83790342346726
6.76636178811373
7.80174528744102
NA
NA
NA
NA
NA
NA
NA
NA
NA
NA
-1.05318329491211
-1.09917914090601
-1.08792948361025
-1.00262513007075
-0.877262211759037
-0.879970371378055
-0.766635799458593
-0.621281215229431
-0.444294768486489
-0.222735430530605
0.134977668805687
2.95275792746787
6.75951589744234
7.73070718000236
NA
NA
NA
NA
NA
NA
NA
NA
NA
NA
-1.13934575597841
-1.21357889186084
-1.21753517796439
-1.12252599008277
-0.957620427033279
-0.930603577852871
-0.800682353410842
-0.633353188837117
-0.441245016020819
-0.210703427635387
0.158793927630962
3.06383071561018
6.75115815358903
7.66113704700033
NA
NA
NA
NA
NA
NA
NA
NA
NA
NA
NA
-1.32068173431024
-1.34513298866076
-1.24313788018543
-1.04012908074543
-0.978301248460869
-0.83041698365386
-0.642805804826875
-0.436530777439451
-0.198167634204587
0.183214080312226
3.1711155294371
6.74146528272535
7.5929898383241
NA
NA
NA
NA
NA
NA
NA
NA
NA
NA
0.00342463831996445
0.00398835562066088
0.00458808388587098
0.00524461622262176
0.00594941657622181
0.00681464247555663
0.0076472770334983
0.00863344937010222
0.0107112807504052
0.023848038182353
0.434623956229738
5.99037283688315
9.60109427481941
NA
NA
NA
NA
NA
NA
NA
NA
NA
NA
NA
-0.00267203871868446
-0.0019302139664687
-0.00146182356620686
-0.000849338499855912
-0.000910422982221132
-0.0012623731571354
-0.00284231877885663
-0.0063903347902107
-0.0122129609161216
-0.00368270401132631
0.513522184433246
6.25604383033798
9.5200962852165
NA
NA
NA
NA
NA
NA
NA
NA
NA
NA
NA
-0.00919738456873001
-0.00886546312311248
-0.00869026135139117
-0.00885855658737833
-0.00972503315997103
-0.0118955690555871
-0.0157467125102682
-0.0243655110691866
-0.0390304709219568
-0.0300505453182488
0.629893122970525
6.4547435925871
9.42293068857422
NA
NA
NA
NA
NA
NA
NA
NA
NA
NA
NA
-0.0161144848963696
-0.0159027135811357
-0.0167159544619656
-0.017901065316564
-0.0207498708601681
-0.0254434208260845
-0.0340809217778756
-0.0476429352346818
-0.0674234897263988
-0.0526026610890174
0.771049434461109
6.60565163182341
9.31762651083419
NA
NA
NA
NA
NA
NA
NA
NA
NA
NA
NA
-0.0249445656574564
-0.0250120874219523
-0.0258897635395031
-0.0279698701138022
-0.0328864707708096
-0.041512111937607
-0.0557251089905719
-0.076356013360277
-0.0972711216544797
-0.0694354613698885
0.92762564379642
6.72131315123095
9.20860130585094
NA
NA
NA
NA
NA
NA
NA
NA
NA
NA
NA
-0.0362974235559707
-0.0370479109461014
-0.0391214753371095
-0.0427580158928377
-0.0489753054755381
-0.0595799769346704
-0.0799073998335302
-0.108048320046743
-0.127391921062724
-0.0803467710014558
1.09330537252953
6.81032089440695
9.09839746285483
NA
NA
NA
NA
NA
NA
NA
NA
NA
NA
NA
-0.0489715833202103
-0.0511705098889867
-0.055107269077589
-0.0613137317629295
-0.0706148300646201
-0.0849240699281889
-0.106342294514291
-0.140918080419878
-0.156392334300472
-0.0851690774065961
1.2634843015539
6.87876558880548
8.98852063115869
NA
NA
NA
NA
NA
NA
NA
NA
NA
NA
NA
-0.0620325038685249
-0.0661095039314019
-0.0727013418033576
-0.0825005836457506
-0.0965965208212716
-0.1154997748212
-0.139229037500553
-0.173598205511705
-0.182435512703106
-0.0847038426218273
1.43501709168822
6.93108141325459
8.87987559804928
NA
NA
NA
NA
NA
NA
NA
NA
NA
NA
NA
-0.0804883109689322
-0.083039953078439
-0.0909705789074852
-0.105379251386064
-0.12483921089233
-0.150365658166317
-0.177339678373548
-0.205852310772471
-0.204967882336261
-0.0794847694545073
1.60585269928707
6.97056653190001
8.77300570746529
NA
NA
NA
NA
NA
NA
NA
NA
NA
NA
NA
-0.10651313216222
-0.110552806818643
-0.116828746807634
-0.129410417913474
-0.154895398873607
-0.187659465156606
-0.217941895447604
-0.238227172956116
-0.223317230705133
-0.0704070968859126
1.77454219725606
6.99972127201045
8.66823004399562
NA
NA
NA
NA
NA
NA
NA
NA
NA
NA
NA
-0.137648556235371
-0.143878098891882
-0.15246256996654
-0.164779194801752
-0.186268125765511
-0.226017808665671
-0.260012606036315
-0.269500766792392
-0.237385752825235
-0.0581042412695057
1.94007735543206
7.02046897150747
8.56572648680206
NA
NA
NA
NA
NA
NA
NA
NA
NA
NA
NA
-0.172536766405229
-0.182315436889463
-0.194518798952975
-0.209383259952073
-0.226512370049049
-0.264583210354985
-0.301691926583882
-0.298864551564508
-0.247661007142479
-0.0430467103458328
2.10192456299892
7.03431300121446
8.46558168939655
NA
NA
NA
NA
NA
NA
NA
NA
NA
NA
NA
-0.208754621809224
-0.224092740011847
-0.241737386200802
-0.26018578029187
-0.27702277250545
-0.303824155955808
-0.342509605874776
-0.325578254494797
-0.254036348534608
-0.0260347985147103
2.25974952282835
7.04244125582527
8.36782324604146
NA
NA
NA
NA
NA
NA
NA
NA
NA
NA
NA
-0.243987951858298
-0.266715456743812
-0.292026210563592
-0.316150188931946
-0.333249151963666
-0.347228146085664
-0.381320525009351
-0.349066346761344
-0.257088065639394
-0.00737593668023007
2.4132605760292
7.04580346478243
8.27244064615008
NA
NA
NA
NA
NA
NA
NA
NA
NA
NA
NA
-0.283438264514492
-0.308268532391
-0.343183258691635
-0.375382377640843
-0.393497489730305
-0.394183195702024
-0.417429369145611
-0.369394149982627
-0.257072002322214
0.0127574058085987
2.56224158438868
7.04516732618896
8.17939815805168
NA
NA
NA
NA
NA
NA
NA
NA
NA
NA
NA
-0.351594359010224
-0.353951884282179
-0.393391989259812
-0.435856149949575
-0.456167257133707
-0.443493597062228
-0.451077453322365
-0.386174215217075
-0.254453490718241
0.0340596185526601
2.70656579712278
7.04115825886082
8.08864472536417
NA
NA
NA
NA
NA
NA
NA
NA
NA
NA
NA
-0.435043180921356
-0.426786181385626
-0.442809703187217
-0.496247587654871
-0.51986981569448
-0.493543773970329
-0.481756057072175
-0.399421943922378
-0.249525736514109
0.0564108904735249
2.84617809236411
7.03429034806145
8.0001194782644
NA
NA
NA
NA
NA
NA
NA
NA
NA
NA
NA
-0.531276176822459
-0.517206749439627
-0.506072544710067
-0.55491422262087
-0.583560135936792
-0.543375693342226
-0.509256390142783
-0.409437991530987
-0.242771647709884
0.0798127059990082
2.98101613465952
7.02498960182785
7.91375511747394
NA
NA
NA
NA
NA
NA
NA
NA
NA
NA
NA
-0.638211818497672
-0.619051899622947
-0.589174155142136
-0.61128597975155
-0.646227554325039
-0.591251844332452
-0.533890501057593
-0.416379917548976
-0.234475978397015
0.10413855606498
3.11105953760534
7.01361040027095
7.82948279917717
NA
NA
NA
NA
NA
NA
NA
NA
NA
NA
NA
-0.752168915143479
-0.731020908389752
-0.686831104330944
-0.670282441099426
-0.706653800570052
-0.6368352712394
-0.555471826423272
-0.420506763654315
-0.224721638328092
0.129372859107179
3.23630067696121
7.00045136494004
7.74723159085188
NA
NA
NA
NA
NA
NA
NA
NA
NA
NA
NA
-0.87048486835552
-0.850542036684799
-0.792278659837025
-0.736434964665253
-0.764710599093394
-0.67900476611695
-0.57417119773493
-0.422078492524584
-0.21409174063664
0.155582482462372
3.35681027649824
6.98576456967096
7.66693182486334
NA
NA
NA
NA
NA
NA
NA
NA
NA
NA
NA
-0.98914032696596
-0.974895821364398
-0.903688958822267
-0.808721209279568
-0.819686901870148
-0.717825935700908
-0.589848818596908
-0.421371170679207
-0.202512933482676
0.1826833995646
3.47265158573717
6.96976306530521
7.58851420053087
NA
NA
NA
NA
NA
NA
NA
NA
NA
NA
NA
-1.10452459952994
-1.10159475068995
-1.01877139190843
-0.885996700452282
-0.871435350772713
-0.752671774919314
-0.602577711162518
-0.418891702458606
-0.190270496774292
0.211010294127772
3.58359795092859
6.95262957833647
7.51191173858514
NA
NA
NA
NA
NA
NA
NA
NA
NA
NA
NA
-1.21477921783219
-1.22728850320142
-1.13657754515757
-0.966141925888495
-0.920134086173691
-0.783285705508899
-0.61266584512775
-0.414354126112421
-0.177742782589303
0.240960697105818
3.68934283732924
6.93452005371369
7.43705936937109
NA
NA
NA
NA
NA
NA
NA
NA
NA
NA
NA
-1.31696684340143
-1.35097637716431
-1.25454942806694
-1.04761580913616
-0.965536034173166
-0.809897718348357
-0.619919487323842
-0.408651073808751
-0.164713285371114
0.27299026774454
3.78949094521785
6.91556919203242
7.36389433585737
NA
NA
NA
NA
NA
NA
NA
NA
NA
NA
NA
0.00390514155937507
0.00446703419828193
0.00519510396179507
0.00589344293810107
0.00667042629247564
0.00761078966641973
0.00860904099383039
0.0111089112293976
0.030854178892078
0.852430741091604
6.62249332302595
9.5884692767021
NA
NA
NA
NA
NA
NA
NA
NA
NA
NA
NA
NA
-0.00226092763104521
-0.00175696784648835
-0.00132307672893503
-0.00109117815888085
-0.00164210502025503
-0.00332067405505912
-0.00722077735449287
-0.0127140531680488
0.00319075798154669
0.980721837195241
6.84205502903104
9.47398584641391
NA
NA
NA
NA
NA
NA
NA
NA
NA
NA
NA
NA
-0.00918304013919458
-0.00901320787975349
-0.00931972812817788
-0.0103337661899662
-0.0126544941212264
-0.0171535861285649
-0.0260242209313069
-0.0403346978797053
-0.0213732579774922
1.13870438249803
6.9968794762518
9.34887847986639
NA
NA
NA
NA
NA
NA
NA
NA
NA
NA
NA
NA
-0.0165077827056635
-0.0170631954578965
-0.0184193628531028
-0.021409234799027
-0.0265745880653449
-0.0358424166583979
-0.0502923528529188
-0.0691301609522883
-0.040792417897592
1.31442699405783
7.10726799999156
9.2195532106173
NA
NA
NA
NA
NA
NA
NA
NA
NA
NA
NA
NA
-0.0258862245543348
-0.0268033118555551
-0.0290068693329376
-0.0338286790321224
-0.0429295779628157
-0.058081279938853
-0.0793733515826707
-0.098799558850938
-0.0537148652846499
1.49955367836428
7.186020106777
9.08944525152439
NA
NA
NA
NA
NA
NA
NA
NA
NA
NA
NA
NA
-0.0380602688300229
-0.0403084922497847
-0.0440636050717068
-0.0510762150265692
-0.0619138772673744
-0.08265344550314
-0.111311381042611
-0.127793823992126
-0.0602621467511475
1.68854017894036
7.2415931260656
8.96046009938271
NA
NA
NA
NA
NA
NA
NA
NA
NA
NA
NA
NA
-0.0519999183846673
-0.056142334348326
-0.0629334462120719
-0.0729368507900316
-0.0881786915008373
-0.11021069159749
-0.144036580657452
-0.155011714153672
-0.0606118563320318
1.87767344162991
7.27978236609716
8.83366713531393
NA
NA
NA
NA
NA
NA
NA
NA
NA
NA
NA
NA
-0.0666878389893155
-0.0738431751634154
-0.0840758391407502
-0.0988731210382475
-0.11921706156996
-0.143761836034948
-0.176564129921326
-0.17865269057795
-0.0557505454352496
2.06454474602808
7.30468242030522
8.70965790748556
NA
NA
NA
NA
NA
NA
NA
NA
NA
NA
NA
NA
-0.0858845600072347
-0.0925356091107549
-0.106786040915489
-0.127625890703377
-0.154048240228844
-0.181663354157158
-0.208432517889697
-0.198431867112187
-0.0464360058140304
2.24773251586765
7.31925784250334
8.58874281028682
NA
NA
NA
NA
NA
NA
NA
NA
NA
NA
NA
NA
-0.11372147833608
-0.121102304001408
-0.132611031727867
-0.157564802073736
-0.191389419205204
-0.221822442965351
-0.239732563753631
-0.213860712575618
-0.0335571309182221
2.42630425397939
7.32570389129646
8.47106210923373
NA
NA
NA
NA
NA
NA
NA
NA
NA
NA
NA
NA
-0.14728120827009
-0.157220835974667
-0.170327109599628
-0.190312708560507
-0.229611069750518
-0.262986669267147
-0.269204778969761
-0.225406208415774
-0.017560214131138
2.59963729785312
7.32567523000947
8.35665198106436
NA
NA
NA
NA
NA
NA
NA
NA
NA
NA
NA
NA
-0.185750572987761
-0.199286908730781
-0.215318366736202
-0.233192792634202
-0.267951410453604
-0.303498832271055
-0.29676584710039
-0.232643184352007
0.000821269968445948
2.76734704376829
7.32043995707106
8.24548495947035
NA
NA
NA
NA
NA
NA
NA
NA
NA
NA
NA
NA
-0.226728181220519
-0.246150392782887
-0.266344048626657
-0.284280098358452
-0.30830546664158
-0.342755025836192
-0.321202930584678
-0.236302725098151
0.0213851128230858
2.92918366581578
7.31098360978329
8.1374950530932
NA
NA
NA
NA
NA
NA
NA
NA
NA
NA
NA
NA
-0.268710701255389
-0.295536067517339
-0.322045000638758
-0.340034911013389
-0.352176121902783
-0.379988188114095
-0.342273908005455
-0.236904339565271
0.0437744194908642
3.08503395072278
7.29808238500587
8.03259278328609
NA
NA
NA
NA
NA
NA
NA
NA
NA
NA
NA
NA
-0.308839235949585
-0.346117723963723
-0.380083032974951
-0.39963415279592
-0.398950615329312
-0.414624426120976
-0.359929543011984
-0.234630880365637
0.0678523484259906
3.23482663176266
7.28235393762348
7.93067621966475
NA
NA
NA
NA
NA
NA
NA
NA
NA
NA
NA
NA
-0.363681140631076
-0.394941302804099
-0.439801277430214
-0.461134976095724
-0.447155864451421
-0.446294052474814
-0.374109628254341
-0.2299943028507
0.0934037506843967
3.37855990938535
7.26429580200247
7.83163609317483
NA
NA
NA
NA
NA
NA
NA
NA
NA
NA
NA
NA
-0.442447795373332
-0.447793915873477
-0.498640985816799
-0.523422575887011
-0.495653843795475
-0.475077143014716
-0.384936267774712
-0.223260750406716
0.120312552964527
3.51638572479317
7.24431075618763
7.7353624804335
NA
NA
NA
NA
NA
NA
NA
NA
NA
NA
NA
NA
-0.534557774819674
-0.518109321073544
-0.556090297091742
-0.585562516431501
-0.542872299725866
-0.50060723051847
-0.392611241401349
-0.215005230060134
0.148801647517615
3.64808919598464
7.22272895022801
7.64174429804366
NA
NA
NA
NA
NA
NA
NA
NA
NA
NA
NA
NA
-0.637172471441273
-0.60664500943083
-0.612682499985632
-0.645688959231257
-0.588461333568357
-0.52320919460626
-0.397410490893688
-0.205151911459211
0.179297169620409
3.77326702962748
7.19982204949026
7.5506743014724
NA
NA
NA
NA
NA
NA
NA
NA
NA
NA
NA
NA
-0.749122602953274
-0.704824972491771
-0.674766048236149
-0.704094022058523
-0.631140319502637
-0.542614445598924
-0.399487941858763
-0.194424866943193
0.212365705616684
3.89135845835803
7.17581630525358
7.46204753439972
NA
NA
NA
NA
NA
NA
NA
NA
NA
NA
NA
NA
-0.867212340917305
-0.810104647296968
-0.743176112754643
-0.759854070893007
-0.670544566464953
-0.55896790389753
-0.399400699697304
-0.182645756845946
0.249111739310129
4.00154823700837
7.15089958669507
7.37576320937215
NA
NA
NA
NA
NA
NA
NA
NA
NA
NA
NA
NA
-0.989935490821788
-0.920441051951619
-0.816916906503892
-0.812722063342084
-0.706206128995428
-0.572466541522493
-0.397005802628759
-0.170361651204536
0.290864684941853
4.10251326756261
7.12523071687524
7.29172436845125
NA
NA
NA
NA
NA
NA
NA
NA
NA
NA
NA
NA
-1.113026389498
-1.03396895883769
-0.894473968767749
-0.862581102780715
-0.737726284614315
-0.582999455865464
-0.393046823619014
-0.157617205620763
0.340300807338064
4.19179955760122
7.09894236380998
7.20983994351041
NA
NA
NA
NA
NA
NA
NA
NA
NA
NA
NA
NA
-1.23579261575495
-1.14932256778288
-0.973800450367742
-0.90896915680193
-0.765450519588351
-0.590922574028046
-0.38735439465404
-0.144559712676314
0.404946836819196
4.26198116534422
7.07214778698612
7.13002223618875
NA
NA
NA
NA
NA
NA
NA
NA
NA
NA
NA
NA
-1.35559327944741
-1.26390018535414
-1.05394460722256
-0.952066321648877
-0.789308848604475
-0.596060642869813
-0.380621990119497
-0.131303979562572
0.483931884395942
4.31414884581854
7.04494374947446
7.05218729207047
NA
NA
NA
NA
NA
NA
NA
NA
NA
NA
NA
NA
0.00445914591694005
0.00501489741077318
0.00579475784125843
0.00654657404532924
0.0075100696074254
0.00850050048416234
0.0118204511129709
0.0408634389102379
1.35988148236689
7.1764810460385
9.4792445470317
NA
NA
NA
NA
NA
NA
NA
NA
NA
NA
NA
NA
NA
-0.00213573966057104
-0.00154197984864005
-0.00164035117642944
-0.00198617432952089
-0.00395164983536589
-0.00797682927150614
-0.0131329944151047
0.0134655635924638
1.53750592167282
7.34570727032881
9.32746996537233
NA
NA
NA
NA
NA
NA
NA
NA
NA
NA
NA
NA
NA
-0.00941157088744773
-0.00980312865372077
-0.010963193551459
-0.0134019327984937
-0.0184825505180707
-0.0279151655151258
-0.0413992151829089
-0.00874942244796992
1.73406673403535
7.45585100752512
9.17108708765218
NA
NA
NA
NA
NA
NA
NA
NA
NA
NA
NA
NA
NA
-0.0174792762577895
-0.0190785540555978
-0.0221720359708029
-0.0277691160227675
-0.0376815509965181
-0.0529624092575104
-0.0705631000782223
-0.0243756811134022
1.93984007886266
7.52685734522869
9.01488083507602
NA
NA
NA
NA
NA
NA
NA
NA
NA
NA
NA
NA
NA
-0.0278713220748325
-0.0301867986138563
-0.0350018502188913
-0.0445338582631033
-0.0604641561634062
-0.0824069860411054
-0.0996989835197512
-0.0329682946798038
2.14830642124207
7.57087303782184
8.86127612410699
NA
NA
NA
NA
NA
NA
NA
NA
NA
NA
NA
NA
NA
-0.0413529903074848
-0.0457434075219103
-0.052919684476098
-0.0647717310476855
-0.0856525328609688
-0.114319694739641
-0.127465248570037
-0.0347223300407173
2.35529007802342
7.59567622582934
8.71150283260091
NA
NA
NA
NA
NA
NA
NA
NA
NA
NA
NA
NA
NA
-0.0572806323777231
-0.0645664439018034
-0.0753232088727761
-0.0915415847696922
-0.114242985512325
-0.147078663977442
-0.152369373758599
-0.0305020938855095
2.55819265576562
7.60645472385223
8.56615272901624
NA
NA
NA
NA
NA
NA
NA
NA
NA
NA
NA
NA
NA
-0.0747183630292553
-0.0859297912487594
-0.101499670910803
-0.122864929071067
-0.14827328697887
-0.179219567752807
-0.173556854550808
-0.0210617148053038
2.75542340392447
7.60678594345073
8.42546542121886
NA
NA
NA
NA
NA
NA
NA
NA
NA
NA
NA
NA
NA
-0.0951740632261347
-0.108600647868708
-0.130195159435677
-0.157919254173411
-0.186021308286701
-0.210370724663784
-0.190444815366779
-0.00733135959997966
2.94602229329841
7.59920579096406
8.28948128367077
NA
NA
NA
NA
NA
NA
NA
NA
NA
NA
NA
NA
NA
-0.125012987927132
-0.13716078145382
-0.160173709841318
-0.195099329515655
-0.225687890435358
-0.240406261202826
-0.203123903735824
0.0102502670580699
3.12945173902024
7.58555516631016
8.15812886906489
NA
NA
NA
NA
NA
NA
NA
NA
NA
NA
NA
NA
NA
-0.161679786037749
-0.175692337480695
-0.195374416661975
-0.233300456923265
-0.265693508069357
-0.268344575997372
-0.211462467597298
0.0307797368835235
3.30540719565444
7.56719844040573
8.03127306350978
NA
NA
NA
NA
NA
NA
NA
NA
NA
NA
NA
NA
NA
-0.203912819546756
-0.22104412629055
-0.240274357421979
-0.271572814694246
-0.305163846691571
-0.293481776906395
-0.216138449033369
0.0541078099250481
3.47382460092034
7.54516346542521
7.90874603064928
NA
NA
NA
NA
NA
NA
NA
NA
NA
NA
NA
NA
NA
-0.250384826278529
-0.27232093069786
-0.291191290943113
-0.312770378886397
-0.342908187808574
-0.315579222511499
-0.217161129331413
0.0796293133356058
3.63476732559347
7.52023732100733
7.79036341043533
NA
NA
NA
NA
NA
NA
NA
NA
NA
NA
NA
NA
NA
-0.299199496696308
-0.327504149105787
-0.346657203547776
-0.356895992941995
-0.378474135492281
-0.334249224148359
-0.215278995279278
0.107657412131526
3.78782254951673
7.49303012501016
7.67593788088792
NA
NA
NA
NA
NA
NA
NA
NA
NA
NA
NA
NA
NA
-0.348725800806113
-0.38483352337693
-0.405457470805317
-0.403006401355832
-0.411211266179012
-0.349335897885044
-0.210850376686706
0.13881080667054
3.93235074078022
7.46402080295966
7.56527990702377
NA
NA
NA
NA
NA
NA
NA
NA
NA
NA
NA
NA
NA
-0.397005908976312
-0.443270051583632
-0.465914385952505
-0.450008148039724
-0.441033901420856
-0.360992006098845
-0.204336029859737
0.174111439598714
4.06738988127063
7.43358912521159
7.45820979983432
NA
NA
NA
NA
NA
NA
NA
NA
NA
NA
NA
NA
NA
-0.456033788722064
-0.501237405188379
-0.526404276606059
-0.496783802521471
-0.467664714346211
-0.369527489019899
-0.195920063621498
0.215159865484485
4.19131064074129
7.40203886964609
7.35454978041696
NA
NA
NA
NA
NA
NA
NA
NA
NA
NA
NA
NA
NA
-0.532952188892321
-0.557517356292988
-0.586455132872023
-0.541924018894405
-0.491131842711473
-0.374934831986133
-0.186116405239093
0.265424513873445
4.30082985905774
7.3696144776083
7.25413409674835
NA
NA
NA
NA
NA
NA
NA
NA
NA
NA
NA
NA
NA
-0.623458057852205
-0.615818958289139
-0.645059207840946
-0.584617919329511
-0.511419017853934
-0.377565387697444
-0.175262820235715
0.337579972216914
4.38349966186404
7.33651536133833
7.15680403280159
NA
NA
NA
NA
NA
NA
NA
NA
NA
NA
NA
NA
NA
-0.72201929181542
-0.680655153935511
-0.701203552668356
-0.624655265987415
-0.528577252059047
-0.377856482209505
-0.163376082252086
0.424965842606789
4.44605728900192
7.30290392866178
7.06241268004198
NA
NA
NA
NA
NA
NA
NA
NA
NA
NA
NA
NA
NA
-0.82669666497628
-0.75070337642915
-0.755005469145112
-0.66095944790805
-0.542703721575
-0.375996878199508
-0.150998244789036
0.51240690751019
4.50397200443873
7.26891371638553
6.97081802562258
NA
NA
NA
NA
NA
NA
NA
NA
NA
NA
NA
NA
NA
-0.935992797740672
-0.825284199918406
-0.805667297097723
-0.693668843931718
-0.553848421316877
-0.372266047521303
-0.138027433563676
0.599638836667241
4.55759022259737
7.23465505677073
6.88188989652825
NA
NA
NA
NA
NA
NA
NA
NA
NA
NA
NA
NA
NA
-1.04739257635257
-0.902723446215855
-0.853012071296621
-0.722285797262987
-0.562354155221577
-0.367010935700283
-0.12474513755855
0.686608486856745
4.60723038996171
7.20021968665503
6.79550250010235
NA
NA
NA
NA
NA
NA
NA
NA
NA
NA
NA
NA
NA
-1.16015650753567
-0.980810897798646
-0.897264490857313
-0.746994303403951
-0.568212454362973
-0.360373648027919
-0.111241097342295
0.773087274345267
4.6531870985207
7.16568321303183
6.71153905230796
NA
NA
NA
NA
NA
NA
NA
NA
NA
NA
NA
NA
NA
-1.27171640299626
-1.05890427046945
-0.938221229991149
-0.767878904136116
-0.571486366169609
-0.35272694241331
-0.0975525047712729
0.859034246219191
4.69571555668504
7.1311098926291
6.62989054757482
NA
NA
NA
NA
NA
NA
NA
NA
NA
NA
NA
NA
NA
0.004900790467397
0.00561253645439838
0.00656184354580744
0.0073528491251211
0.00855185186762989
0.0126837397313879
0.0552352511472752
1.95771624034779
7.64253678014813
9.20248418961578
NA
NA
NA
NA
NA
NA
NA
NA
NA
NA
NA
NA
NA
NA
-0.00206334377571782
-0.00202973444903859
-0.00253189613043492
-0.00461161828123183
-0.00888886228558886
-0.0133878010311074
0.0285023936955549
2.18022992448383
7.76212003323683
9.00653480859657
NA
NA
NA
NA
NA
NA
NA
NA
NA
NA
NA
NA
NA
NA
-0.0102539758526989
-0.0116585182592772
-0.0143792713736211
-0.0198571839976927
-0.0299148509779297
-0.0421381034558878
0.00909382424730126
2.40931037691736
7.8302225235822
8.81370157580685
NA
NA
NA
NA
NA
NA
NA
NA
NA
NA
NA
NA
NA
NA
-0.0197875732732705
-0.0231120426878517
-0.0290622850439422
-0.0396318932968136
-0.0557083995134342
-0.0714456002940401
-0.00233719625419016
2.63866707694349
7.86526215540374
8.62684453257843
NA
NA
NA
NA
NA
NA
NA
NA
NA
NA
NA
NA
NA
NA
-0.0314624427619703
-0.0366661351893374
-0.0462021233962521
-0.0629792051431533
-0.0856888522705245
-0.0996503497915636
-0.00598029965256014
2.86399361655781
7.87814959471879
8.44712441133656
NA
NA
NA
NA
NA
NA
NA
NA
NA
NA
NA
NA
NA
NA
-0.0472308814131549
-0.0550373791722743
-0.0678048702993891
-0.0887909992643821
-0.117510181991424
-0.125733978155649
-0.00254057347483835
3.08267022443746
7.8757078101688
8.2748834487548
NA
NA
NA
NA
NA
NA
NA
NA
NA
NA
NA
NA
NA
NA
-0.0662625916895983
-0.0778909801391475
-0.0949137642451042
-0.118485049721529
-0.14993868245125
-0.148455685449271
0.00725313274765674
3.29317583974983
7.8623916786772
8.1100671524191
NA
NA
NA
NA
NA
NA
NA
NA
NA
NA
NA
NA
NA
NA
-0.0875112003871489
-0.104259978766378
-0.126753131573369
-0.152865795422639
-0.181531583564802
-0.166804382033429
0.0222210890039558
3.49476270954089
7.84121542267955
7.95242102284263
NA
NA
NA
NA
NA
NA
NA
NA
NA
NA
NA
NA
NA
NA
-0.110793588354171
-0.133142290702762
-0.161712004191503
-0.190406923322705
-0.211752702157381
-0.180917034221132
0.0416500461021094
3.68717919833964
7.81427788539722
7.80160396343656
NA
NA
NA
NA
NA
NA
NA
NA
NA
NA
NA
NA
NA
NA
-0.142114483080825
-0.163481417930416
-0.198984783208602
-0.229241989441472
-0.240383253110475
-0.190444234716878
0.0651448693055604
3.86977785227419
7.78307754224819
7.65723882090356
NA
NA
NA
NA
NA
NA
NA
NA
NA
NA
NA
NA
NA
NA
-0.181561110274895
-0.201097324830594
-0.236821143973387
-0.268249174764794
-0.266515113639991
-0.195901008878152
0.0934299835436649
4.04164642028435
7.74870637147189
7.51894165820804
NA
NA
NA
NA
NA
NA
NA
NA
NA
NA
NA
NA
NA
NA
-0.227150731688044
-0.246911135854243
-0.275734500153935
-0.306272279788442
-0.289387238376807
-0.19776889000181
0.127495230135871
4.20134257135637
7.71197413440365
7.38634148371406
NA
NA
NA
NA
NA
NA
NA
NA
NA
NA
NA
NA
NA
NA
-0.2778581716906
-0.298150165339164
-0.317538068371722
-0.342425440837294
-0.309028280153859
-0.196266370341996
0.170075522009761
4.34612860047305
7.67349003010411
7.25908550462558
NA
NA
NA
NA
NA
NA
NA
NA
NA
NA
NA
NA
NA
NA
-0.332660712074111
-0.353145377560442
-0.361524352332169
-0.376185778550279
-0.325084740672401
-0.19213863020241
0.229433007031933
4.46789145763871
7.63371928057683
7.13684046394176
NA
NA
NA
NA
NA
NA
NA
NA
NA
NA
NA
NA
NA
NA
-0.389512620095121
-0.410967741390306
-0.40680895379906
-0.407154355445091
-0.337651785539674
-0.18575417411867
0.32340007570668
4.54886962183034
7.59301996256949
7.01929830348473
NA
NA
NA
NA
NA
NA
NA
NA
NA
NA
NA
NA
NA
NA
-0.44683535973273
-0.470045932186006
-0.452398994480094
-0.434888910381612
-0.34696647169604
-0.177303716381469
0.419165195792058
4.62193429968642
7.55167140585443
6.90617228852666
NA
NA
NA
NA
NA
NA
NA
NA
NA
NA
NA
NA
NA
NA
-0.503404446604234
-0.529253190928276
-0.49706890324891
-0.459434605380224
-0.353018765011327
-0.167513748280718
0.515487600903842
4.68862087751635
7.50989230902311
6.79719815864918
NA
NA
NA
NA
NA
NA
NA
NA
NA
NA
NA
NA
NA
NA
-0.55983454085473
-0.587038508156685
-0.540126907298127
-0.480550905957894
-0.356412377055556
-0.156417197429638
0.612080268334338
4.74950311189939
7.46785568330906
6.69213158470822
NA
NA
NA
NA
NA
NA
NA
NA
NA
NA
NA
NA
NA
NA
-0.620637468726918
-0.643916164299787
-0.580120821890305
-0.498673902475852
-0.357141522080153
-0.144504958236752
0.708641549757201
4.8050851761886
7.42569881015046
6.59074632685522
NA
NA
NA
NA
NA
NA
NA
NA
NA
NA
NA
NA
NA
NA
-0.687325129319803
-0.697988203463265
-0.617111012351639
-0.513761694981829
-0.355717966930155
-0.131821548979336
0.804898267087585
4.85582960507893
7.38353119666592
6.49283379743207
NA
NA
NA
NA
NA
NA
NA
NA
NA
NA
NA
NA
NA
NA
-0.758656618174175
-0.749412647866811
-0.65060798221341
-0.525570561856116
-0.352348838282476
-0.118557192817328
0.900618600546001
4.90214902821527
7.34144043965836
6.39820176299485
NA
NA
NA
NA
NA
NA
NA
NA
NA
NA
NA
NA
NA
NA
-0.833747133273797
-0.797763221173386
-0.68012831730533
-0.534655791364449
-0.347374585045342
-0.104846021836303
0.995641442332775
4.94442316360936
7.29949722634719
6.30667138382285
NA
NA
NA
NA
NA
NA
NA
NA
NA
NA
NA
NA
NA
NA
-0.910046827646563
-0.843037285062405
-0.705948111938005
-0.541030009553276
-0.340883714223609
-0.0909372490872922
1.08985728261792
4.98298429807386
7.25775748142629
6.21807899083876
NA
NA
NA
NA
NA
NA
NA
NA
NA
NA
NA
NA
NA
NA
-0.987060714813672
-0.884770630382894
-0.728038187522982
-0.544841312728958
-0.333393297236891
-0.0766859484383415
1.18313193721182
5.01814207719388
7.21626693517097
6.13226975962203
NA
NA
NA
NA
NA
NA
NA
NA
NA
NA
NA
NA
NA
NA
-1.06231402289694
-0.923650305219247
-0.746201624028194
-0.546466974329343
-0.324903418924321
-0.0622345257380575
1.27533308732596
5.05017618079034
7.17506128419639
6.04910361456128
NA
NA
NA
NA
NA
NA
NA
NA
NA
NA
NA
NA
NA
NA
0.00556242714616434
0.00630536071162216
0.00724597811219099
0.00849349351585011
0.0140171135804458
0.0772883093407819
2.6364698217694
8.02019901123247
NA
NA
NA
NA
NA
NA
NA
NA
NA
NA
NA
NA
NA
NA
NA
NA
-0.00243089005584313
-0.00320446125567211
-0.00537022962904032
-0.00987028242013799
-0.0131525626287704
0.0509089711730935
2.89710559432752
8.0939247164851
NA
NA
NA
NA
NA
NA
NA
NA
NA
NA
NA
NA
NA
NA
NA
NA
-0.0123816754498603
-0.0153354764734288
-0.021426910330687
-0.0319738559370278
-0.0424246960788712
0.0348267351916853
3.15113669905984
8.12427113800931
NA
NA
NA
NA
NA
NA
NA
NA
NA
NA
NA
NA
NA
NA
NA
NA
-0.0239730572154065
-0.0304942235749196
-0.0417691198829548
-0.0585887491702268
-0.071431199220855
0.0282831367645171
3.39659703519495
8.12752266697628
NA
NA
NA
NA
NA
NA
NA
NA
NA
NA
NA
NA
NA
NA
NA
NA
-0.0383484837302325
-0.0482623218469162
-0.065572443737865
-0.0888499993803178
-0.0985778643955283
0.030305100754579
3.63190575897282
8.11313506243927
NA
NA
NA
NA
NA
NA
NA
NA
NA
NA
NA
NA
NA
NA
NA
NA
-0.057215089679461
-0.070845756645901
-0.0922342288893678
-0.120730689964595
-0.122708644175494
0.0400659824382962
3.85572319726806
8.08691668340387
NA
NA
NA
NA
NA
NA
NA
NA
NA
NA
NA
NA
NA
NA
NA
NA
-0.0804436411843251
-0.098554727134246
-0.122812044172545
-0.152642894748268
-0.142862508165856
0.0573569525778607
4.06671621805746
8.05259740845952
NA
NA
NA
NA
NA
NA
NA
NA
NA
NA
NA
NA
NA
NA
NA
NA
-0.107105326268213
-0.130573577696937
-0.157505599925922
-0.183418103624247
-0.158403844018795
0.0830404777162355
4.26304415404496
8.01266019518754
NA
NA
NA
NA
NA
NA
NA
NA
NA
NA
NA
NA
NA
NA
NA
NA
-0.136106918368875
-0.165728688965325
-0.194709728537749
-0.212597577637154
-0.169268070302999
0.119875887546957
4.44116610416955
7.96880615637357
NA
NA
NA
NA
NA
NA
NA
NA
NA
NA
NA
NA
NA
NA
NA
NA
-0.167848919420098
-0.202922128774943
-0.232752734617875
-0.239443146204884
-0.175849266974627
0.184005183882209
4.58469587100867
7.92222972136741
NA
NA
NA
NA
NA
NA
NA
NA
NA
NA
NA
NA
NA
NA
NA
NA
-0.207297760398004
-0.240829147935553
-0.2706466229123
-0.263367133229979
-0.17852968119801
0.282812919322317
4.68615161770845
7.87378559205624
NA
NA
NA
NA
NA
NA
NA
NA
NA
NA
NA
NA
NA
NA
NA
NA
-0.253669032628369
-0.28018364718461
-0.307164128643944
-0.284044381072585
-0.177679344151737
0.384860337386251
4.77695750358992
7.8240958155697
NA
NA
NA
NA
NA
NA
NA
NA
NA
NA
NA
NA
NA
NA
NA
NA
-0.304829607869512
-0.322007584177461
-0.341670874496227
-0.301214236780324
-0.173819665848229
0.489130534941518
4.85829348892558
7.77361976675744
NA
NA
NA
NA
NA
NA
NA
NA
NA
NA
NA
NA
NA
NA
NA
NA
-0.359388742679176
-0.365789950972229
-0.373432467042673
-0.314759357779389
-0.167560264716267
0.594833234074116
4.93119574535638
7.72269950855754
NA
NA
NA
NA
NA
NA
NA
NA
NA
NA
NA
NA
NA
NA
NA
NA
-0.416106083450447
-0.410088437715138
-0.402352718550842
-0.324907608858339
-0.159171805001136
0.701292214205084
4.99656540790753
7.6715927536367
NA
NA
NA
NA
NA
NA
NA
NA
NA
NA
NA
NA
NA
NA
NA
NA
-0.474008314448206
-0.454130957293201
-0.42794437170281
-0.331796832117011
-0.14924539045281
0.808052071147643
5.05519477573339
7.62049459925894
NA
NA
NA
NA
NA
NA
NA
NA
NA
NA
NA
NA
NA
NA
NA
NA
-0.531301032975438
-0.496638583816647
-0.450460942681413
-0.335750711000627
-0.1379381619766
0.914663518970478
5.10777942429905
7.56955338357072
NA
NA
NA
NA
NA
NA
NA
NA
NA
NA
NA
NA
NA
NA
NA
NA
-0.587731731226802
-0.537238736130773
-0.469251987237259
-0.337081530730786
-0.125742388663737
1.02081707924417
5.15493018587875
7.51888225428954
NA
NA
NA
NA
NA
NA
NA
NA
NA
NA
NA
NA
NA
NA
NA
NA
-0.642245377335116
-0.574630879092019
-0.485155805601228
-0.336088795075943
-0.112657604306833
1.12615962740351
5.19719149082128
7.46856736819965
NA
NA
NA
NA
NA
NA
NA
NA
NA
NA
NA
NA
NA
NA
NA
NA
-0.694274217286277
-0.608763775433591
-0.497865891412542
-0.333044603569311
-0.0989190869952003
1.23054560957265
5.23503772214598
7.41867464552359
NA
NA
NA
NA
NA
NA
NA
NA
NA
NA
NA
NA
NA
NA
NA
NA
-0.743637406060009
-0.639336771246608
-0.507526946719195
-0.328366737778832
-0.0846127288139859
1.33376715828272
5.26889387113024
7.36925347857391
NA
NA
NA
NA
NA
NA
NA
NA
NA
NA
NA
NA
NA
NA
NA
NA
-0.78948298532688
-0.666349394212035
-0.51451330731704
-0.322092740862739
-0.070023528250862
1.43567289954996
5.29913711547519
7.32034086523068
NA
NA
NA
NA
NA
NA
NA
NA
NA
NA
NA
NA
NA
NA
NA
NA
-0.832645220568754
-0.689263469609134
-0.518894901897022
-0.31486387733262
-0.0549495620908605
1.53614276348451
5.32610306017044
7.27196423854056
NA
NA
NA
NA
NA
NA
NA
NA
NA
NA
NA
NA
NA
NA
NA
NA
-0.872404889580145
-0.708384894898739
-0.520868850092285
-0.306616785228457
-0.0396702299446553
1.63507690370455
5.35008881205848
7.22414286999658
NA
NA
NA
NA
NA
NA
NA
NA
NA
NA
NA
NA
NA
NA
NA
NA
-0.90882234044137
-0.724223043689604
-0.520729245225254
-0.297518029654716
-0.0242073114439585
1.73242267133966
5.3713604385687
7.17689062382256
NA
NA
NA
NA
NA
NA
NA
NA
NA
NA
NA
NA
NA
NA
NA
NA
