tspan	bP	bD	CoRaDyn(bC)
499.99999999999994	0.0	0.0	0.07675688606320272
499.99999999999994	0.005050505050505051	0.0	0.0762910917745466
499.99999999999994	0.010101010101010102	0.0	0.07583112042808116
499.99999999999994	0.015151515151515152	0.0	0.07537737460860883
499.99999999999994	0.020202020202020204	0.0	0.07492857457601962
499.99999999999994	0.025252525252525252	0.0	0.07448302769797645
499.99999999999994	0.030303030303030304	0.0	0.07404449020351739
499.99999999999994	0.03535353535353535	0.0	0.0736095274478275
499.99999999999994	0.04040404040404041	0.0	0.07317947764224751
499.99999999999994	0.045454545454545456	0.0	0.0727563249904831
499.99999999999994	0.050505050505050504	0.0	0.07233576578256844
499.99999999999994	0.05555555555555555	0.0	0.07192104933583665
499.99999999999994	0.06060606060606061	0.0	0.07151014431858349
499.99999999999994	0.06565656565656566	0.0	0.07110207031478198
499.99999999999994	0.0707070707070707	0.0	0.07070190840775611
499.99999999999994	0.07575757575757576	0.0	0.07030407060841413
499.99999999999994	0.08080808080808081	0.0	0.06991126778637735
499.99999999999994	0.08585858585858586	0.0	0.06952205044349836
499.99999999999994	0.09090909090909091	0.0	0.06913522206183606
499.99999999999994	0.09595959595959595	0.0	0.06875640444039195
499.99999999999994	0.10101010101010101	0.0	0.06837995520706097
499.99999999999994	0.10606060606060606	0.0	0.06800805953356692
499.99999999999994	0.1111111111111111	0.0	0.06763963863728696
499.99999999999994	0.11616161616161616	0.0	0.06727366219488295
499.99999999999994	0.12121212121212122	0.0	0.06691457853083471
499.99999999999994	0.12626262626262627	0.0	0.06655730094154218
499.99999999999994	0.13131313131313133	0.0	0.06620421361427302
499.99999999999994	0.13636363636363635	0.0	0.06585411668020336
499.99999999999994	0.1414141414141414	0.0	0.06550741966399135
499.99999999999994	0.14646464646464646	0.0	0.06516580657986143
499.99999999999994	0.15151515151515152	0.0	0.06482581978039036
499.99999999999994	0.15656565656565657	0.0	0.06448988387959044
499.99999999999994	0.16161616161616163	0.0	0.06415661218522546
499.99999999999994	0.16666666666666666	0.0	0.06382804603206975
499.99999999999994	0.1717171717171717	0.0	0.06350213055765887
499.99999999999994	0.17676767676767677	0.0	0.0631785409231977
499.99999999999994	0.18181818181818182	0.0	0.06285796559276433
499.99999999999994	0.18686868686868688	0.0	0.06254167030520276
499.99999999999994	0.1919191919191919	0.0	0.062229834474881535
499.99999999999994	0.19696969696969696	0.0	0.06191957234737868
499.99999999999994	0.20202020202020202	0.0	0.06161237547276741
499.99999999999994	0.20707070707070707	0.0	0.06130868738914912
499.99999999999994	0.21212121212121213	0.0	0.061007991008966235
499.99999999999994	0.21717171717171718	0.0	0.06071015164696941
499.99999999999994	0.2222222222222222	0.0	0.06041343610498572
499.99999999999994	0.22727272727272727	0.0	0.060121242594648856
499.99999999999994	0.23232323232323232	0.0	0.059831605290882814
499.99999999999994	0.23737373737373738	0.0	0.05954439381967193
499.99999999999994	0.24242424242424243	0.0	0.05925941957207439
499.99999999999994	0.2474747474747475	0.0	0.05897628729109867
499.99999999999994	0.25252525252525254	0.0	0.058697859004261034
499.99999999999994	0.25757575757575757	0.0	0.05842068269785298
499.99999999999994	0.26262626262626265	0.0	0.058147206365927476
499.99999999999994	0.2676767676767677	0.0	0.05787549777456326
499.99999999999994	0.2727272727272727	0.0	0.057607223663411554
499.99999999999994	0.2777777777777778	0.0	0.05734181547494771
499.99999999999994	0.2828282828282828	0.0	0.057077507046712925
499.99999999999994	0.2878787878787879	0.0	0.05681592761095883
499.99999999999994	0.29292929292929293	0.0	0.05655674046410323
499.99999999999994	0.29797979797979796	0.0	0.05629920997827216
499.99999999999994	0.30303030303030304	0.0	0.05604331336809872
499.99999999999994	0.30808080808080807	0.0	0.05579150815547217
499.99999999999994	0.31313131313131315	0.0	0.05554208858567601
499.99999999999994	0.3181818181818182	0.0	0.055294816425048195
499.99999999999994	0.32323232323232326	0.0	0.05504947757712401
499.99999999999994	0.3282828282828283	0.0	0.054805526320528236
499.99999999999994	0.3333333333333333	0.0	0.05456560257361078
499.99999999999994	0.3383838383838384	0.0	0.054326746938577114
499.99999999999994	0.3434343434343434	0.0	0.05409019581857269
499.99999999999994	0.3484848484848485	0.0	0.05385527960171058
499.99999999999994	0.35353535353535354	0.0	0.053622161432571765
499.99999999999994	0.35858585858585856	0.0	0.05339232392350765
499.99999999999994	0.36363636363636365	0.0	0.053163938920404746
499.99999999999994	0.3686868686868687	0.0	0.0529372426704144
499.99999999999994	0.37373737373737376	0.0	0.052712392884353525
499.99999999999994	0.3787878787878788	0.0	0.052489552911088935
499.99999999999994	0.3838383838383838	0.0	0.05226934470366071
499.99999999999994	0.3888888888888889	0.0	0.05205098406347518
499.99999999999994	0.3939393939393939	0.0	0.0518338469072008
499.99999999999994	0.398989898989899	0.0	0.05161912784749428
499.99999999999994	0.40404040404040403	0.0	0.051405697634567045
499.99999999999994	0.4090909090909091	0.0	0.0511948095633617
499.99999999999994	0.41414141414141414	0.0	0.05098609901701812
499.99999999999994	0.41919191919191917	0.0	0.05077878009641678
499.99999999999994	0.42424242424242425	0.0	0.050573192755618626
499.99999999999994	0.4292929292929293	0.0	0.050369558178846044
499.99999999999994	0.43434343434343436	0.0	0.050167378077004936
499.99999999999994	0.4393939393939394	0.0	0.04996680925757812
499.99999999999994	0.4444444444444444	0.0	0.04976858354723475
499.99999999999994	0.4494949494949495	0.0	0.04957183284638355
499.99999999999994	0.45454545454545453	0.0	0.04937636648629812
499.99999999999994	0.4595959595959596	0.0	0.04918351829991427
499.99999999999994	0.46464646464646464	0.0	0.048993019075025915
499.99999999999994	0.4696969696969697	0.0	0.04880394044015106
499.99999999999994	0.47474747474747475	0.0	0.048615735044279004
499.99999999999994	0.4797979797979798	0.0	0.048428198428479625
499.99999999999994	0.48484848484848486	0.0	0.04824487398323842
499.99999999999994	0.4898989898989899	0.0	0.04806246148420064
499.99999999999994	0.494949494949495	0.0	0.047881405887210834
499.99999999999994	0.5	0.0	0.0477022606601767
499.99999999999994	0.0	0.00808080808080808	0.07672378396092097
499.99999999999994	0.005050505050505051	0.00808080808080808	0.07625893187330089
499.99999999999994	0.010101010101010102	0.00808080808080808	0.07580052631940097
499.99999999999994	0.015151515151515152	0.00808080808080808	0.07534749988346372
499.99999999999994	0.020202020202020204	0.00808080808080808	0.07489787043543046
499.99999999999994	0.025252525252525252	0.00808080808080808	0.07445473554116953
499.99999999999994	0.030303030303030304	0.00808080808080808	0.07401486775382246
499.99999999999994	0.03535353535353535	0.00808080808080808	0.07358176865174704
499.99999999999994	0.04040404040404041	0.00808080808080808	0.07315450660692162
499.99999999999994	0.045454545454545456	0.00808080808080808	0.07273032983931942
499.99999999999994	0.050505050505050504	0.00808080808080808	0.07231136222094386
499.99999999999994	0.05555555555555555	0.00808080808080808	0.0718962193949485
499.99999999999994	0.06060606060606061	0.00808080808080808	0.07148582876330709
499.99999999999994	0.06565656565656566	0.00808080808080808	0.07108196386727171
499.99999999999994	0.0707070707070707	0.00808080808080808	0.07068118836802399
499.99999999999994	0.07575757575757576	0.00808080808080808	0.07028460017075618
499.99999999999994	0.08080808080808081	0.00808080808080808	0.06989189137058098
499.99999999999994	0.08585858585858586	0.00808080808080808	0.06950306993964035
499.99999999999994	0.09090909090909091	0.00808080808080808	0.06912068948739314
499.99999999999994	0.09595959595959595	0.00808080808080808	0.06874134531393905
499.99999999999994	0.10101010101010101	0.00808080808080808	0.06836532513097991
499.99999999999994	0.10606060606060606	0.00808080808080808	0.06799325213129695
499.99999999999994	0.1111111111111111	0.00808080808080808	0.06762463784084893
499.99999999999994	0.11616161616161616	0.00808080808080808	0.06726188628343054
499.99999999999994	0.12121212121212122	0.00808080808080808	0.06690188865238139
499.99999999999994	0.12626262626262627	0.00808080808080808	0.06654517611001806
499.99999999999994	0.13131313131313133	0.00808080808080808	0.06619182279894784
499.99999999999994	0.13636363636363635	0.00808080808080808	0.06584197048336621
499.99999999999994	0.1414141414141414	0.00808080808080808	0.0654974627955827
499.99999999999994	0.14646464646464646	0.00808080808080808	0.06515480972467191
499.99999999999994	0.15151515151515152	0.00808080808080808	0.0648157744052264
499.99999999999994	0.15656565656565657	0.00808080808080808	0.06447927410771848
499.99999999999994	0.16161616161616163	0.00808080808080808	0.06414739017842937
499.99999999999994	0.16666666666666666	0.00808080808080808	0.06381936936125739
499.99999999999994	0.1717171717171717	0.00808080808080808	0.06349264627604793
499.99999999999994	0.17676767676767677	0.00808080808080808	0.06317066422057012
499.99999999999994	0.18181818181818182	0.00808080808080808	0.06285234990188
499.99999999999994	0.18686868686868688	0.00808080808080808	0.06253720115588902
499.99999999999994	0.1919191919191919	0.00808080808080808	0.062225218005108406
499.99999999999994	0.19696969696969696	0.00808080808080808	0.06191458042837977
499.99999999999994	0.20202020202020202	0.00808080808080808	0.061608625663888014
499.99999999999994	0.20707070707070707	0.00808080808080808	0.061305243551735784
499.99999999999994	0.21212121212121213	0.00808080808080808	0.061004561743488575
499.99999999999994	0.21717171717171718	0.00808080808080808	0.06070640829291728
499.99999999999994	0.2222222222222222	0.00808080808080808	0.06041063361123106
499.99999999999994	0.22727272727272727	0.00808080808080808	0.06011902514546612
499.99999999999994	0.23232323232323232	0.00808080808080808	0.05982897312167216
499.99999999999994	0.23737373737373738	0.00808080808080808	0.059541877480687094
499.99999999999994	0.24242424242424243	0.00808080808080808	0.05925672200544375
499.99999999999994	0.2474747474747475	0.00808080808080808	0.058976094847972275
499.99999999999994	0.25252525252525254	0.00808080808080808	0.058698107106402476
499.99999999999994	0.25757575757575757	0.00808080808080808	0.058422120290759307
499.99999999999994	0.26262626262626265	0.00808080808080808	0.05814846551527807
499.99999999999994	0.2676767676767677	0.00808080808080808	0.05787783844334128
499.99999999999994	0.2727272727272727	0.00808080808080808	0.05761015409938154
499.99999999999994	0.2777777777777778	0.00808080808080808	0.057344039991896995
499.99999999999994	0.2828282828282828	0.00808080808080808	0.057080178559468966
499.99999999999994	0.2878787878787879	0.00808080808080808	0.05681878754010267
499.99999999999994	0.29292929292929293	0.00808080808080808	0.05656020341977265
499.99999999999994	0.29797979797979796	0.00808080808080808	0.056302071232627676
499.99999999999994	0.30303030303030304	0.00808080808080808	0.056048056577783306
499.99999999999994	0.30808080808080807	0.00808080808080808	0.05579728646770297
499.99999999999994	0.31313131313131315	0.00808080808080808	0.05554779805740257
499.99999999999994	0.3181818181818182	0.00808080808080808	0.055300790233026545
499.99999999999994	0.32323232323232326	0.00808080808080808	0.05505534913139246
499.99999999999994	0.3282828282828283	0.00808080808080808	0.05481267367858526
499.99999999999994	0.3333333333333333	0.00808080808080808	0.05457276539236198
499.99999999999994	0.3383838383838384	0.00808080808080808	0.05433385820210693
499.99999999999994	0.3434343434343434	0.00808080808080808	0.05409749898420735
499.99999999999994	0.3484848484848485	0.00808080808080808	0.053862670786388525
499.99999999999994	0.35353535353535354	0.00808080808080808	0.05363066413794879
499.99999999999994	0.35858585858585856	0.00808080808080808	0.053400961711486436
499.99999999999994	0.36363636363636365	0.00808080808080808	0.05317244243871858
499.99999999999994	0.3686868686868687	0.00808080808080808	0.05294628437269853
499.99999999999994	0.37373737373737376	0.00808080808080808	0.05272153503428347
499.99999999999994	0.3787878787878788	0.00808080808080808	0.05249945682388734
499.99999999999994	0.3838383838383838	0.00808080808080808	0.05227977809554782
499.99999999999994	0.3888888888888889	0.00808080808080808	0.052061504868508135
499.99999999999994	0.3939393939393939	0.00808080808080808	0.051844864561324755
499.99999999999994	0.398989898989899	0.00808080808080808	0.05163033437963561
499.99999999999994	0.40404040404040403	0.00808080808080808	0.05141752312512704
499.99999999999994	0.4090909090909091	0.00808080808080808	0.05120719139772714
499.99999999999994	0.41414141414141414	0.00808080808080808	0.05099884343251053
499.99999999999994	0.41919191919191917	0.00808080808080808	0.05079184544969396
499.99999999999994	0.42424242424242425	0.00808080808080808	0.050586760100505924
499.99999999999994	0.4292929292929293	0.00808080808080808	0.050383487300267045
499.99999999999994	0.43434343434343436	0.00808080808080808	0.05018176290484206
499.99999999999994	0.4393939393939394	0.00808080808080808	0.04998161217503779
499.99999999999994	0.4444444444444444	0.00808080808080808	0.04978355590336942
499.99999999999994	0.4494949494949495	0.00808080808080808	0.049587021139358346
499.99999999999994	0.45454545454545453	0.00808080808080808	0.04939221733595284
499.99999999999994	0.4595959595959596	0.00808080808080808	0.049200515901130754
499.99999999999994	0.46464646464646464	0.00808080808080808	0.0490102069369519
499.99999999999994	0.4696969696969697	0.00808080808080808	0.04882097803318635
499.99999999999994	0.47474747474747475	0.00808080808080808	0.04863249804486409
499.99999999999994	0.4797979797979798	0.00808080808080808	0.04844816960688381
499.99999999999994	0.48484848484848486	0.00808080808080808	0.04826454142718856
499.99999999999994	0.4898989898989899	0.00808080808080808	0.0480820118933978
499.99999999999994	0.494949494949495	0.00808080808080808	0.047901604455002654
499.99999999999994	0.5	0.00808080808080808	0.047723524058122725
499.99999999999994	0.0	0.01616161616161616	0.07669291752063165
499.99999999999994	0.005050505050505051	0.01616161616161616	0.07622944737110272
499.99999999999994	0.010101010101010102	0.01616161616161616	0.07577177322572433
499.99999999999994	0.015151515151515152	0.01616161616161616	0.07531967135925281
499.99999999999994	0.020202020202020204	0.01616161616161616	0.07487068437755713
499.99999999999994	0.025252525252525252	0.01616161616161616	0.0744285809398612
499.99999999999994	0.030303030303030304	0.01616161616161616	0.07399068971491261
499.99999999999994	0.03535353535353535	0.01616161616161616	0.0735585285826902
499.99999999999994	0.04040404040404041	0.01616161616161616	0.0731316635462463
499.99999999999994	0.045454545454545456	0.01616161616161616	0.07270765923035599
499.99999999999994	0.050505050505050504	0.01616161616161616	0.07228996865323604
499.99999999999994	0.05555555555555555	0.01616161616161616	0.07187569059686678
499.99999999999994	0.06060606060606061	0.01616161616161616	0.07146694085237043
499.99999999999994	0.06565656565656566	0.01616161616161616	0.07106332693934182
499.99999999999994	0.0707070707070707	0.01616161616161616	0.07066241258543816
499.99999999999994	0.07575757575757576	0.01616161616161616	0.07026700925039298
499.99999999999994	0.08080808080808081	0.01616161616161616	0.06987463031773626
499.99999999999994	0.08585858585858586	0.01616161616161616	0.06948768190674365
499.99999999999994	0.09090909090909091	0.01616161616161616	0.06910541898341878
499.99999999999994	0.09595959595959595	0.01616161616161616	0.06872551565470368
499.99999999999994	0.10101010101010101	0.01616161616161616	0.06835071516987716
499.99999999999994	0.10606060606060606	0.01616161616161616	0.06797869634276482
499.99999999999994	0.1111111111111111	0.01616161616161616	0.0676117189760557
499.99999999999994	0.11616161616161616	0.01616161616161616	0.06724918250328489
499.99999999999994	0.12121212121212122	0.01616161616161616	0.0668887275229019
499.99999999999994	0.12626262626262627	0.01616161616161616	0.06653275173785553
499.99999999999994	0.13131313131313133	0.01616161616161616	0.06617986479174724
499.99999999999994	0.13636363636363635	0.01616161616161616	0.06583124138749445
499.99999999999994	0.1414141414141414	0.01616161616161616	0.06548648118134318
499.99999999999994	0.14646464646464646	0.01616161616161616	0.06514366719297301
499.99999999999994	0.15151515151515152	0.01616161616161616	0.0648050171479875
499.99999999999994	0.15656565656565657	0.01616161616161616	0.06447018928545101
499.99999999999994	0.16161616161616163	0.01616161616161616	0.06413896630341778
499.99999999999994	0.16666666666666666	0.01616161616161616	0.06381149467306348
499.99999999999994	0.1717171717171717	0.01616161616161616	0.06348627352794163
499.99999999999994	0.17676767676767677	0.01616161616161616	0.06316537067619933
499.99999999999994	0.18181818181818182	0.01616161616161616	0.0628474800411641
499.99999999999994	0.18686868686868688	0.01616161616161616	0.06253271828171966
499.99999999999994	0.1919191919191919	0.01616161616161616	0.06221995972131507
499.99999999999994	0.19696969696969696	0.01616161616161616	0.06191064955656271
499.99999999999994	0.20202020202020202	0.01616161616161616	0.0616050570878835
499.99999999999994	0.20707070707070707	0.01616161616161616	0.06130181862804707
499.99999999999994	0.21212121212121213	0.01616161616161616	0.06100116593481455
499.99999999999994	0.21717171717171718	0.01616161616161616	0.06070229565668352
499.99999999999994	0.2222222222222222	0.01616161616161616	0.06040866061603838
499.99999999999994	0.22727272727272727	0.01616161616161616	0.06011640623798104
499.99999999999994	0.23232323232323232	0.01616161616161616	0.05982687227515943
499.99999999999994	0.23737373737373738	0.01616161616161616	0.059540277699094216
499.99999999999994	0.24242424242424243	0.01616161616161616	0.059257243168579936
499.99999999999994	0.2474747474747475	0.01616161616161616	0.05897770527617189
499.99999999999994	0.25252525252525254	0.01616161616161616	0.05869917906184906
499.99999999999994	0.25757575757575757	0.01616161616161616	0.05842357747465978
499.99999999999994	0.26262626262626265	0.01616161616161616	0.05815057317013781
499.99999999999994	0.2676767676767677	0.01616161616161616	0.05788040052960089
499.99999999999994	0.2727272727272727	0.01616161616161616	0.057612792369832605
499.99999999999994	0.2777777777777778	0.01616161616161616	0.057346155859150635
499.99999999999994	0.2828282828282828	0.01616161616161616	0.057082889623078094
499.99999999999994	0.2878787878787879	0.01616161616161616	0.05682240647187622
499.99999999999994	0.29292929292929293	0.01616161616161616	0.05656319841234339
499.99999999999994	0.29797979797979796	0.01616161616161616	0.05630675714031145
499.99999999999994	0.30303030303030304	0.01616161616161616	0.056054201279591716
499.99999999999994	0.30808080808080807	0.01616161616161616	0.05580289738659267
499.99999999999994	0.31313131313131315	0.01616161616161616	0.05555389025574343
499.99999999999994	0.3181818181818182	0.01616161616161616	0.05530676339021433
499.99999999999994	0.32323232323232326	0.01616161616161616	0.05506191120971423
499.99999999999994	0.3282828282828283	0.01616161616161616	0.054820072298304504
499.99999999999994	0.3333333333333333	0.01616161616161616	0.054579883946023325
499.99999999999994	0.3383838383838384	0.01616161616161616	0.054341404295439065
499.99999999999994	0.3434343434343434	0.01616161616161616	0.05410496258024693
499.99999999999994	0.3484848484848485	0.01616161616161616	0.05387094922337708
499.99999999999994	0.35353535353535354	0.01616161616161616	0.053639410412142936
499.99999999999994	0.35858585858585856	0.01616161616161616	0.05340982462560023
499.99999999999994	0.36363636363636365	0.01616161616161616	0.05318141263797316
499.99999999999994	0.3686868686868687	0.01616161616161616	0.05295559839524525
499.99999999999994	0.37373737373737376	0.01616161616161616	0.05273159999227426
499.99999999999994	0.3787878787878788	0.01616161616161616	0.05251000203014083
499.99999999999994	0.3838383838383838	0.01616161616161616	0.052290551381899246
499.99999999999994	0.3888888888888889	0.01616161616161616	0.05207244014752098
499.99999999999994	0.3939393939393939	0.01616161616161616	0.051856378477559154
499.99999999999994	0.398989898989899	0.01616161616161616	0.05164205347952835
499.99999999999994	0.40404040404040403	0.01616161616161616	0.05142997970904243
499.99999999999994	0.4090909090909091	0.01616161616161616	0.0512201198872685
499.99999999999994	0.41414141414141414	0.01616161616161616	0.05101214598830228
499.99999999999994	0.41919191919191917	0.01616161616161616	0.05080551174603674
499.99999999999994	0.42424242424242425	0.01616161616161616	0.050600941518163516
499.99999999999994	0.4292929292929293	0.01616161616161616	0.050398054666905286
499.99999999999994	0.43434343434343436	0.01616161616161616	0.050196779296406216
499.99999999999994	0.4393939393939394	0.01616161616161616	0.04999698308491629
499.99999999999994	0.4444444444444444	0.01616161616161616	0.04979912639392361
499.99999999999994	0.4494949494949495	0.01616161616161616	0.04960260408555924
499.99999999999994	0.45454545454545453	0.01616161616161616	0.04940959363354458
499.99999999999994	0.4595959595959596	0.01616161616161616	0.04921805229670863
499.99999999999994	0.46464646464646464	0.01616161616161616	0.04902780236254881
499.99999999999994	0.4696969696969697	0.01616161616161616	0.04883836389591957
499.99999999999994	0.47474747474747475	0.01616161616161616	0.04865268002229187
499.99999999999994	0.4797979797979798	0.01616161616161616	0.04846778917117938
499.99999999999994	0.48484848484848486	0.01616161616161616	0.04828371690893719
499.99999999999994	0.4898989898989899	0.01616161616161616	0.048102358489380624
499.99999999999994	0.494949494949495	0.01616161616161616	0.047922883888810566
499.99999999999994	0.5	0.01616161616161616	0.047743866744943186
499.99999999999994	0.0	0.024242424242424242	0.07666565105165112
499.99999999999994	0.005050505050505051	0.024242424242424242	0.0762039641098931
499.99999999999994	0.010101010101010102	0.024242424242424242	0.07574641234601794
499.99999999999994	0.015151515151515152	0.024242424242424242	0.07529261892630251
499.99999999999994	0.020202020202020204	0.024242424242424242	0.07484598126465497
499.99999999999994	0.025252525252525252	0.024242424242424242	0.0744044194959871
499.99999999999994	0.030303030303030304	0.024242424242424242	0.07396823180183357
499.99999999999994	0.03535353535353535	0.024242424242424242	0.07353688401890626
499.99999999999994	0.04040404040404041	0.024242424242424242	0.07310928611591093
499.99999999999994	0.045454545454545456	0.024242424242424242	0.07268637946829741
499.99999999999994	0.050505050505050504	0.024242424242424242	0.07226850013488742
499.99999999999994	0.05555555555555555	0.024242424242424242	0.07185602126633343
499.99999999999994	0.06060606060606061	0.024242424242424242	0.07144844799101002
499.99999999999994	0.06565656565656566	0.024242424242424242	0.07104464272770152
499.99999999999994	0.0707070707070707	0.024242424242424242	0.07064433120926725
499.99999999999994	0.07575757575757576	0.024242424242424242	0.0702487908487421
499.99999999999994	0.08080808080808081	0.024242424242424242	0.06985834422865306
499.99999999999994	0.08585858585858586	0.024242424242424242	0.06947231179181237
499.99999999999994	0.09090909090909091	0.024242424242424242	0.06908980230180159
499.99999999999994	0.09595959595959595	0.024242424242424242	0.068710463752422
499.99999999999994	0.10101010101010101	0.024242424242424242	0.06833536067893664
499.99999999999994	0.10606060606060606	0.024242424242424242	0.06796539410773327
499.99999999999994	0.1111111111111111	0.024242424242424242	0.06759929652834419
499.99999999999994	0.11616161616161616	0.024242424242424242	0.06723612219879573
499.99999999999994	0.12121212121212122	0.024242424242424242	0.06687603143891933
499.99999999999994	0.12626262626262627	0.024242424242424242	0.06652004995208646
499.99999999999994	0.13131313131313133	0.024242424242424242	0.06616862112039673
499.99999999999994	0.13636363636363635	0.024242424242424242	0.06582086887043108
499.99999999999994	0.1414141414141414	0.024242424242424242	0.06547524692318452
499.99999999999994	0.14646464646464646	0.024242424242424242	0.06513329171240398
499.99999999999994	0.15151515151515152	0.024242424242424242	0.06479656110817225
499.99999999999994	0.15656565656565657	0.024242424242424242	0.06446317748409075
499.99999999999994	0.16161616161616163	0.024242424242424242	0.06413302706186094
499.99999999999994	0.16666666666666666	0.024242424242424242	0.06380460074313271
499.99999999999994	0.1717171717171717	0.024242424242424242	0.06348075857149944
499.99999999999994	0.17676767676767677	0.024242424242424242	0.06316037932459106
499.99999999999994	0.18181818181818182	0.024242424242424242	0.06284278254276199
499.99999999999994	0.18686868686868688	0.024242424242424242	0.06252785460378983
499.99999999999994	0.1919191919191919	0.024242424242424242	0.06221457324190457
499.99999999999994	0.19696969696969696	0.024242424242424242	0.06190723515963743
499.99999999999994	0.20202020202020202	0.024242424242424242	0.06160125662937075
499.99999999999994	0.20707070707070707	0.024242424242424242	0.06129823333147737
499.99999999999994	0.21212121212121213	0.024242424242424242	0.060997381904761866
499.99999999999994	0.21717171717171718	0.024242424242424242	0.060699949808143985
499.99999999999994	0.2222222222222222	0.024242424242424242	0.06040643079308447
499.99999999999994	0.22727272727272727	0.024242424242424242	0.060115047709794714
499.99999999999994	0.23232323232323232	0.024242424242424242	0.05982686653249657
499.99999999999994	0.23737373737373738	0.024242424242424242	0.05954138261993535
499.99999999999994	0.24242424242424243	0.024242424242424242	0.05925885848369322
499.99999999999994	0.2474747474747475	0.024242424242424242	0.05897894196857367
499.99999999999994	0.25252525252525254	0.024242424242424242	0.058700547257725194
499.99999999999994	0.25757575757575757	0.024242424242424242	0.05842526164396387
499.99999999999994	0.26262626262626265	0.024242424242424242	0.05815290661939969
499.99999999999994	0.2676767676767677	0.024242424242424242	0.057882959599453464
499.99999999999994	0.2727272727272727	0.024242424242424242	0.05761506811954204
499.99999999999994	0.2777777777777778	0.024242424242424242	0.057348904836224894
499.99999999999994	0.2828282828282828	0.024242424242424242	0.05708649574086186
499.99999999999994	0.2878787878787879	0.024242424242424242	0.056826233753870435
499.99999999999994	0.29292929292929293	0.024242424242424242	0.056567779223589416
499.99999999999994	0.29797979797979796	0.024242424242424242	0.05631268010493825
499.99999999999994	0.30303030303030304	0.024242424242424242	0.056060172279283116
499.99999999999994	0.30808080808080807	0.024242424242424242	0.05580872735384428
499.99999999999994	0.31313131313131315	0.024242424242424242	0.055560011679134345
499.99999999999994	0.3181818181818182	0.024242424242424242	0.05531309475954518
499.99999999999994	0.32323232323232326	0.024242424242424242	0.055069138321170136
499.99999999999994	0.3282828282828283	0.024242424242424242	0.054827487549260596
499.99999999999994	0.3333333333333333	0.024242424242424242	0.0545870467470617
499.99999999999994	0.3383838383838384	0.024242424242424242	0.05434914993762809
499.99999999999994	0.3434343434343434	0.024242424242424242	0.05411302920063784
499.99999999999994	0.3484848484848485	0.024242424242424242	0.05387958052258377
499.99999999999994	0.35353535353535354	0.024242424242424242	0.053648511617217474
499.99999999999994	0.35858585858585856	0.024242424242424242	0.05341888816131291
499.99999999999994	0.36363636363636365	0.024242424242424242	0.0531910313095496
499.99999999999994	0.3686868686868687	0.024242424242424242	0.052965290161108944
499.99999999999994	0.37373737373737376	0.024242424242424242	0.05274216815460327
499.99999999999994	0.3787878787878788	0.024242424242424242	0.05252096626411545
499.99999999999994	0.3838383838383838	0.024242424242424242	0.052301741381261674
499.99999999999994	0.3888888888888889	0.024242424242424242	0.052083846738930926
499.99999999999994	0.3939393939393939	0.024242424242424242	0.0518683973375593
499.99999999999994	0.398989898989899	0.024242424242424242	0.051654376286508076
499.99999999999994	0.40404040404040403	0.024242424242424242	0.051442995802269964
499.99999999999994	0.4090909090909091	0.024242424242424242	0.05123361258000632
499.99999999999994	0.41414141414141414	0.024242424242424242	0.05102604166012807
499.99999999999994	0.41919191919191917	0.024242424242424242	0.050819801905082715
499.99999999999994	0.42424242424242425	0.024242424242424242	0.05061574491054167
499.99999999999994	0.4292929292929293	0.024242424242424242	0.05041324105901907
499.99999999999994	0.43434343434343436	0.024242424242424242	0.05021237357716571
499.99999999999994	0.4393939393939394	0.024242424242424242	0.050012819035419154
499.99999999999994	0.4444444444444444	0.024242424242424242	0.04981514239312399
499.99999999999994	0.4494949494949495	0.024242424242424242	0.0496207101968581
499.99999999999994	0.45454545454545453	0.024242424242424242	0.04942796622331928
499.99999999999994	0.4595959595959596	0.024242424242424242	0.04923642308300545
499.99999999999994	0.46464646464646464	0.024242424242424242	0.04904562303390379
499.99999999999994	0.4696969696969697	0.024242424242424242	0.04885820618446324
499.99999999999994	0.47474747474747475	0.024242424242424242	0.04867205315689329
499.99999999999994	0.4797979797979798	0.024242424242424242	0.04848656765551742
499.99999999999994	0.48484848484848486	0.024242424242424242	0.04830471475769545
499.99999999999994	0.4898989898989899	0.024242424242424242	0.048123958844481715
499.99999999999994	0.494949494949495	0.024242424242424242	0.04794405152968258
499.99999999999994	0.5	0.024242424242424242	0.04776561908045576
499.99999999999994	0.0	0.03232323232323232	0.07663677656761735
499.99999999999994	0.005050505050505051	0.03232323232323232	0.07617576332390026
499.99999999999994	0.010101010101010102	0.03232323232323232	0.07571875692499372
499.99999999999994	0.015151515151515152	0.03232323232323232	0.07526604321778634
499.99999999999994	0.020202020202020204	0.03232323232323232	0.074821635009468
499.99999999999994	0.025252525252525252	0.03232323232323232	0.07438032102335618
499.99999999999994	0.030303030303030304	0.03232323232323232	0.07394502392842037
499.99999999999994	0.03535353535353535	0.03232323232323232	0.07351404500155888
499.99999999999994	0.04040404040404041	0.03232323232323232	0.07308607690964906
499.99999999999994	0.045454545454545456	0.03232323232323232	0.07266547501742428
499.99999999999994	0.050505050505050504	0.03232323232323232	0.07224869009423582
499.99999999999994	0.05555555555555555	0.03232323232323232	0.07183705105490883
499.99999999999994	0.06060606060606061	0.03232323232323232	0.0714298630378618
499.99999999999994	0.06565656565656566	0.03232323232323232	0.07102507349024426
499.99999999999994	0.0707070707070707	0.03232323232323232	0.07062633188221096
499.99999999999994	0.07575757575757576	0.03232323232323232	0.07023220730556268
499.99999999999994	0.08080808080808081	0.03232323232323232	0.06984232040540422
499.99999999999994	0.08585858585858586	0.03232323232323232	0.06945681036512481
499.99999999999994	0.09090909090909091	0.03232323232323232	0.06907374775731577
499.99999999999994	0.09595959595959595	0.03232323232323232	0.06869562978324764
499.99999999999994	0.10101010101010101	0.03232323232323232	0.0683217571190697
499.99999999999994	0.10606060606060606	0.03232323232323232	0.06795206911947434
499.99999999999994	0.1111111111111111	0.03232323232323232	0.06758627462990123
499.99999999999994	0.11616161616161616	0.03232323232323232	0.06722244638758117
499.99999999999994	0.12121212121212122	0.03232323232323232	0.06686364121513085
499.99999999999994	0.12626262626262627	0.03232323232323232	0.06650894123520439
499.99999999999994	0.13131313131313133	0.03232323232323232	0.06615780744500559
499.99999999999994	0.13636363636363635	0.03232323232323232	0.06581095016820092
499.99999999999994	0.1414141414141414	0.03232323232323232	0.06546582227351365
499.99999999999994	0.14646464646464646	0.03232323232323232	0.06512672657558287
499.99999999999994	0.15151515151515152	0.03232323232323232	0.06479004470867221
499.99999999999994	0.15656565656565657	0.03232323232323232	0.06445678368893838
499.99999999999994	0.16161616161616163	0.03232323232323232	0.06412649863692907
499.99999999999994	0.16666666666666666	0.03232323232323232	0.06379854526420657
499.99999999999994	0.1717171717171717	0.03232323232323232	0.06347609923578994
499.99999999999994	0.17676767676767677	0.03232323232323232	0.06315514185936429
499.99999999999994	0.18181818181818182	0.03232323232323232	0.06283760543613987
499.99999999999994	0.18686868686868688	0.03232323232323232	0.06252251498947056
499.99999999999994	0.1919191919191919	0.03232323232323232	0.06221151166429107
499.99999999999994	0.19696969696969696	0.03232323232323232	0.061903438095668915
499.99999999999994	0.20202020202020202	0.03232323232323232	0.06159730932346205
499.99999999999994	0.20707070707070707	0.03232323232323232	0.06129420398355493
499.99999999999994	0.21212121212121213	0.03232323232323232	0.06099493571253172
499.99999999999994	0.21717171717171718	0.03232323232323232	0.060699751186188505
499.99999999999994	0.2222222222222222	0.03232323232323232	0.06040635512256013
499.99999999999994	0.22727272727272727	0.03232323232323232	0.06011546248696184
499.99999999999994	0.23232323232323232	0.03232323232323232	0.059827370376870206
499.99999999999994	0.23737373737373738	0.03232323232323232	0.05954252655545844
499.99999999999994	0.24242424242424243	0.03232323232323232	0.059260562231626186
499.99999999999994	0.2474747474747475	0.03232323232323232	0.05897989252675585
499.99999999999994	0.25252525252525254	0.03232323232323232	0.05870206613096806
499.99999999999994	0.25757575757575757	0.03232323232323232	0.05842767143067667
499.99999999999994	0.26262626262626265	0.03232323232323232	0.05815538132957705
499.99999999999994	0.2676767676767677	0.03232323232323232	0.05788553936765059
499.99999999999994	0.2727272727272727	0.03232323232323232	0.057617078770294025
499.99999999999994	0.2777777777777778	0.03232323232323232	0.05735256897504497
499.99999999999994	0.2828282828282828	0.03232323232323232	0.05709105227445831
499.99999999999994	0.2878787878787879	0.03232323232323232	0.056830862687288784
499.99999999999994	0.29292929292929293	0.03232323232323232	0.0565734258176475
499.99999999999994	0.29797979797979796	0.03232323232323232	0.05631873370837713
499.99999999999994	0.30303030303030304	0.03232323232323232	0.056066087548098616
499.99999999999994	0.30808080808080807	0.03232323232323232	0.055814943052558866
499.99999999999994	0.31313131313131315	0.03232323232323232	0.05556621017495276
499.99999999999994	0.3181818181818182	0.03232323232323232	0.05532029590794166
499.99999999999994	0.32323232323232326	0.03232323232323232	0.05507659565628727
499.99999999999994	0.3282828282828283	0.03232323232323232	0.05483500333864388
499.99999999999994	0.3333333333333333	0.03232323232323232	0.05459460651592822
499.99999999999994	0.3383838383838384	0.03232323232323232	0.054357083044204176
499.99999999999994	0.3434343434343434	0.03232323232323232	0.05412192163134427
499.99999999999994	0.3484848484848485	0.03232323232323232	0.05388885918822666
499.99999999999994	0.35353535353535354	0.03232323232323232	0.05365785083964675
499.99999999999994	0.35858585858585856	0.03232323232323232	0.05342822273945176
499.99999999999994	0.36363636363636365	0.03232323232323232	0.053200988781510694
499.99999999999994	0.3686868686868687	0.03232323232323232	0.05297593184133922
499.99999999999994	0.37373737373737376	0.03232323232323232	0.05275311108515917
499.99999999999994	0.3787878787878788	0.03232323232323232	0.052532387523204126
499.99999999999994	0.3838383838383838	0.03232323232323232	0.05231341959720666
499.99999999999994	0.3888888888888889	0.03232323232323232	0.05209595624729941
499.99999999999994	0.3939393939393939	0.03232323232323232	0.05188097688908357
499.99999999999994	0.398989898989899	0.03232323232323232	0.051667636653260324
499.99999999999994	0.40404040404040403	0.03232323232323232	0.05145671152301178
499.99999999999994	0.4090909090909091	0.03232323232323232	0.0512477591067846
499.99999999999994	0.41414141414141414	0.03232323232323232	0.05104054943889347
499.99999999999994	0.41919191919191917	0.03232323232323232	0.05083473715069106
499.99999999999994	0.42424242424242425	0.03232323232323232	0.050631122518909145
499.99999999999994	0.4292929292929293	0.03232323232323232	0.050428964977880776
499.99999999999994	0.43434343434343436	0.03232323232323232	0.05022841703402959
499.99999999999994	0.4393939393939394	0.03232323232323232	0.05002906659929177
499.99999999999994	0.4444444444444444	0.03232323232323232	0.049832932847739105
499.99999999999994	0.4494949494949495	0.03232323232323232	0.04963913435690713
499.99999999999994	0.45454545454545453	0.03232323232323232	0.049446389608065834
499.99999999999994	0.4595959595959596	0.03232323232323232	0.04925430234102469
499.99999999999994	0.46464646464646464	0.03232323232323232	0.049065586375552014
499.99999999999994	0.4696969696969697	0.03232323232323232	0.04887801180173648
499.99999999999994	0.47474747474747475	0.03232323232323232	0.048691519150960025
499.99999999999994	0.4797979797979798	0.03232323232323232	0.048508403577947994
499.99999999999994	0.48484848484848486	0.03232323232323232	0.048325956444714414
499.99999999999994	0.4898989898989899	0.03232323232323232	0.04814511677610188
499.99999999999994	0.494949494949495	0.03232323232323232	0.047965940819544105
499.99999999999994	0.5	0.03232323232323232	0.04778907115411839
499.99999999999994	0.0	0.04040404040404041	0.07660931876517953
499.99999999999994	0.005050505050505051	0.04040404040404041	0.07614766373015455
499.99999999999994	0.010101010101010102	0.04040404040404041	0.0756913350262566
499.99999999999994	0.015151515151515152	0.04040404040404041	0.07524153241370941
499.99999999999994	0.020202020202020204	0.04040404040404041	0.0747971921225868
499.99999999999994	0.025252525252525252	0.04040404040404041	0.07435671784843015
499.99999999999994	0.030303030303030304	0.04040404040404041	0.07392163970453543
499.99999999999994	0.03535353535353535	0.04040404040404041	0.07349094325158877
499.99999999999994	0.04040404040404041	0.04040404040404041	0.07306457941784485
499.99999999999994	0.045454545454545456	0.04040404040404041	0.0726451544377009
499.99999999999994	0.050505050505050504	0.04040404040404041	0.0722287569314765
499.99999999999994	0.05555555555555555	0.04040404040404041	0.07181757886101774
499.99999999999994	0.06060606060606061	0.04040404040404041	0.07141043328224848
499.99999999999994	0.06565656565656566	0.04040404040404041	0.07100670914213601
499.99999999999994	0.0707070707070707	0.04040404040404041	0.07060964611829297
499.99999999999994	0.07575757575757576	0.04040404040404041	0.07021564634586942
499.99999999999994	0.08080808080808081	0.04040404040404041	0.06982617017826731
499.99999999999994	0.08585858585858586	0.04040404040404041	0.06944067421878983
499.99999999999994	0.09090909090909091	0.04040404040404041	0.06905808509875198
499.99999999999994	0.09595959595959595	0.04040404040404041	0.06868159533504
499.99999999999994	0.10101010101010101	0.04040404040404041	0.06830805086757523
499.99999999999994	0.10606060606060606	0.04040404040404041	0.06793846983730108
499.99999999999994	0.1111111111111111	0.04040404040404041	0.06757253983699503
499.99999999999994	0.11616161616161616	0.04040404040404041	0.06720973431289226
499.99999999999994	0.12121212121212122	0.04040404040404041	0.06685351835752992
499.99999999999994	0.12626262626262627	0.04040404040404041	0.0664995669384944
499.99999999999994	0.13131313131313133	0.04040404040404041	0.06614948098605956
499.99999999999994	0.13636363636363635	0.04040404040404041	0.06580220600914133
499.99999999999994	0.1414141414141414	0.04040404040404041	0.06545904288096767
499.99999999999994	0.14646464646464646	0.04040404040404041	0.06511996934160635
499.99999999999994	0.15151515151515152	0.04040404040404041	0.06478350571762219
499.99999999999994	0.15656565656565657	0.04040404040404041	0.06445018227884207
499.99999999999994	0.16161616161616163	0.04040404040404041	0.06411940431584998
499.99999999999994	0.16666666666666666	0.04040404040404041	0.06379407755217839
499.99999999999994	0.1717171717171717	0.04040404040404041	0.0634707547089751
499.99999999999994	0.17676767676767677	0.04040404040404041	0.06315035041094803
499.99999999999994	0.18181818181818182	0.04040404040404041	0.06283250267122739
499.99999999999994	0.18686868686868688	0.04040404040404041	0.06251810519669615
499.99999999999994	0.1919191919191919	0.04040404040404041	0.062208082572968774
499.99999999999994	0.19696969696969696	0.04040404040404041	0.0618992381944991
499.99999999999994	0.20202020202020202	0.04040404040404041	0.061594835419555495
499.99999999999994	0.20707070707070707	0.04040404040404041	0.061293111219270474
499.99999999999994	0.21212121212121213	0.04040404040404041	0.06099505887777373
499.99999999999994	0.21717171717171718	0.04040404040404041	0.06070001272959204
499.99999999999994	0.2222222222222222	0.04040404040404041	0.060406063085390364
499.99999999999994	0.22727272727272727	0.04040404040404041	0.060115662857333954
499.99999999999994	0.23232323232323232	0.04040404040404041	0.059828652852901086
499.99999999999994	0.23737373737373738	0.04040404040404041	0.059544048675225024
499.99999999999994	0.24242424242424243	0.04040404040404041	0.059261881489930064
499.99999999999994	0.2474747474747475	0.04040404040404041	0.05898093404171918
499.99999999999994	0.25252525252525254	0.04040404040404041	0.05870452611925772
499.99999999999994	0.25757575757575757	0.04040404040404041	0.0584301144931038
499.99999999999994	0.26262626262626265	0.04040404040404041	0.058158073050046305
499.99999999999994	0.2676767676767677	0.04040404040404041	0.05788806675721773
499.99999999999994	0.2727272727272727	0.04040404040404041	0.057620019241158144
499.99999999999994	0.2777777777777778	0.04040404040404041	0.05735796337633457
499.99999999999994	0.2828282828282828	0.04040404040404041	0.05709600007978033
499.99999999999994	0.2878787878787879	0.04040404040404041	0.0568362546094908
499.99999999999994	0.29292929292929293	0.04040404040404041	0.05657934305633343
499.99999999999994	0.29797979797979796	0.04040404040404041	0.056324939938058934
499.99999999999994	0.30303030303030304	0.04040404040404041	0.056072055747020275
499.99999999999994	0.30808080808080807	0.04040404040404041	0.05582145414972157
499.99999999999994	0.31313131313131315	0.04040404040404041	0.05557328412512252
499.99999999999994	0.3181818181818182	0.04040404040404041	0.05532758115048321
499.99999999999994	0.32323232323232326	0.04040404040404041	0.05508436813611462
499.99999999999994	0.3282828282828283	0.04040404040404041	0.05484269057386729
499.99999999999994	0.3333333333333333	0.04040404040404041	0.05460284911623788
499.99999999999994	0.3383838383838384	0.04040404040404041	0.054365835459203364
499.99999999999994	0.3434343434343434	0.04040404040404041	0.054131043984994534
499.99999999999994	0.3484848484848485	0.04040404040404041	0.053898365668518605
499.99999999999994	0.35353535353535354	0.04040404040404041	0.05366750086707745
499.99999999999994	0.35858585858585856	0.04040404040404041	0.05343806266632606
499.99999999999994	0.36363636363636365	0.04040404040404041	0.053211498243511984
499.99999999999994	0.3686868686868687	0.04040404040404041	0.05298707556947877
499.99999999999994	0.37373737373737376	0.04040404040404041	0.052764717376515294
499.99999999999994	0.3787878787878788	0.04040404040404041	0.05254439732800867
499.99999999999994	0.3838383838383838	0.04040404040404041	0.052325690641367155
499.99999999999994	0.3888888888888889	0.04040404040404041	0.0521087843756013
499.99999999999994	0.3939393939393939	0.04040404040404041	0.051894167641939964
499.99999999999994	0.398989898989899	0.04040404040404041	0.051681513405925625
499.99999999999994	0.40404040404040403	0.04040404040404041	0.05147103200303185
499.99999999999994	0.4090909090909091	0.04040404040404041	0.051262514563349446
499.99999999999994	0.41414141414141414	0.04040404040404041	0.051055673315848156
499.99999999999994	0.41919191919191917	0.04040404040404041	0.0508502911517293
499.99999999999994	0.42424242424242425	0.04040404040404041	0.05064700729857005
499.99999999999994	0.4292929292929293	0.04040404040404041	0.05044513070837637
499.99999999999994	0.43434343434343436	0.04040404040404041	0.050244739252111634
499.99999999999994	0.4393939393939394	0.04040404040404041	0.050046769338235
499.99999999999994	0.4444444444444444	0.04040404040404041	0.04985139800735032
499.99999999999994	0.4494949494949495	0.04040404040404041	0.04965753910912069
499.99999999999994	0.45454545454545453	0.04040404040404041	0.049464253954310394
499.99999999999994	0.4595959595959596	0.04040404040404041	0.049273900274342794
499.99999999999994	0.46464646464646464	0.04040404040404041	0.04908503144993356
499.99999999999994	0.4696969696969697	0.04040404040404041	0.04889784735438442
499.99999999999994	0.47474747474747475	0.04040404040404041	0.048713175864773695
499.99999999999994	0.4797979797979798	0.04040404040404041	0.048529499369846046
499.99999999999994	0.48484848484848486	0.04040404040404041	0.04834779392537438
499.99999999999994	0.4898989898989899	0.04040404040404041	0.048167465882005885
499.99999999999994	0.494949494949495	0.04040404040404041	0.04798956151664209
499.99999999999994	0.5	0.04040404040404041	0.04781378180853098
499.99999999999994	0.0	0.048484848484848485	0.07658091528978725
499.99999999999994	0.005050505050505051	0.048484848484848485	0.07612008779725647
499.99999999999994	0.010101010101010102	0.048484848484848485	0.07566591956491087
499.99999999999994	0.015151515151515152	0.048484848484848485	0.07521744562577394
499.99999999999994	0.020202020202020204	0.048484848484848485	0.0747723259901819
499.99999999999994	0.025252525252525252	0.048484848484848485	0.07433376775556963
499.99999999999994	0.030303030303030304	0.048484848484848485	0.07389860663617641
499.99999999999994	0.03535353535353535	0.048484848484848485	0.07346789730181018
499.99999999999994	0.04040404040404041	0.048484848484848485	0.0730448252642268
499.99999999999994	0.045454545454545456	0.048484848484848485	0.07262464231989808
499.99999999999994	0.050505050505050504	0.048484848484848485	0.07220985245162691
499.99999999999994	0.05555555555555555	0.048484848484848485	0.07179887060786841
499.99999999999994	0.06060606060606061	0.048484848484848485	0.07139092154561988
499.99999999999994	0.06565656565656566	0.048484848484848485	0.07099004259686838
499.99999999999994	0.0707070707070707	0.048484848484848485	0.07059275053321225
499.99999999999994	0.07575757575757576	0.048484848484848485	0.0701998046678206
499.99999999999994	0.08080808080808081	0.048484848484848485	0.06981060783003702
499.99999999999994	0.08585858585858586	0.048484848484848485	0.06942424698984655
499.99999999999994	0.09090909090909091	0.048484848484848485	0.0690440740724587
499.99999999999994	0.09595959595959595	0.048484848484848485	0.06866739245677202
499.99999999999994	0.10101010101010101	0.048484848484848485	0.0682953436156635
499.99999999999994	0.10606060606060606	0.048484848484848485	0.06792688331933602
499.99999999999994	0.1111111111111111	0.048484848484848485	0.06756087865526064
499.99999999999994	0.11616161616161616	0.048484848484848485	0.06720146799658708
499.99999999999994	0.12121212121212122	0.048484848484848485	0.06684449827883682
499.99999999999994	0.12626262626262627	0.048484848484848485	0.06649132711572961
499.99999999999994	0.13131313131313133	0.048484848484848485	0.06614115513851503
499.99999999999994	0.13636363636363635	0.048484848484848485	0.0657936438885012
499.99999999999994	0.1414141414141414	0.048484848484848485	0.06545242835370144
499.99999999999994	0.14646464646464646	0.048484848484848485	0.06511283086913258
499.99999999999994	0.15151515151515152	0.048484848484848485	0.06477693767132461
499.99999999999994	0.15656565656565657	0.048484848484848485	0.06444358108578306
499.99999999999994	0.16161616161616163	0.048484848484848485	0.06411402053183778
499.99999999999994	0.16666666666666666	0.048484848484848485	0.06378887528997255
499.99999999999994	0.1717171717171717	0.048484848484848485	0.06346511440474427
499.99999999999994	0.17676767676767677	0.048484848484848485	0.06314515833760667
499.99999999999994	0.18181818181818182	0.048484848484848485	0.06282806356939494
499.99999999999994	0.18686868686868688	0.048484848484848485	0.06251466900900382
499.99999999999994	0.1919191919191919	0.048484848484848485	0.062205513375656274
499.99999999999994	0.19696969696969696	0.048484848484848485	0.06189788466571014
499.99999999999994	0.20202020202020202	0.048484848484848485	0.061593862142226875
499.99999999999994	0.20707070707070707	0.048484848484848485	0.061293325781996144
499.99999999999994	0.21212121212121213	0.048484848484848485	0.06099525568461497
499.99999999999994	0.21717171717171718	0.048484848484848485	0.060699921143137096
499.99999999999994	0.2222222222222222	0.048484848484848485	0.060406404363765265
499.99999999999994	0.22727272727272727	0.048484848484848485	0.06011699029179916
499.99999999999994	0.23232323232323232	0.048484848484848485	0.05982974263165281
499.99999999999994	0.23737373737373738	0.048484848484848485	0.059545289327432284
499.99999999999994	0.24242424242424243	0.048484848484848485	0.05926296679908352
499.99999999999994	0.2474747474747475	0.048484848484848485	0.05898329437540776
499.99999999999994	0.25252525252525254	0.048484848484848485	0.05870700449652367
499.99999999999994	0.25757575757575757	0.048484848484848485	0.05843242428026402
499.99999999999994	0.26262626262626265	0.048484848484848485	0.058160599586445184
499.99999999999994	0.2676767676767677	0.048484848484848485	0.05789100980046547
499.99999999999994	0.2727272727272727	0.048484848484848485	0.05762751378350286
499.99999999999994	0.2777777777777778	0.048484848484848485	0.05736275371513517
499.99999999999994	0.2828282828282828	0.048484848484848485	0.05710094447796845
499.99999999999994	0.2878787878787879	0.048484848484848485	0.056842214587643575
499.99999999999994	0.29292929292929293	0.048484848484848485	0.05658561773766182
499.99999999999994	0.29797979797979796	0.048484848484848485	0.05633126945992613
499.99999999999994	0.30303030303030304	0.048484848484848485	0.0560780200236745
499.99999999999994	0.30808080808080807	0.048484848484848485	0.05582824942061801
499.99999999999994	0.31313131313131315	0.048484848484848485	0.05558088381059731
499.99999999999994	0.3181818181818182	0.048484848484848485	0.0553355423706041
499.99999999999994	0.32323232323232326	0.048484848484848485	0.05509234616065829
499.99999999999994	0.3282828282828283	0.048484848484848485	0.054850659374293384
499.99999999999994	0.3333333333333333	0.048484848484848485	0.05461141808157079
499.99999999999994	0.3383838383838384	0.048484848484848485	0.05437504649888902
499.99999999999994	0.3434343434343434	0.048484848484848485	0.054140573185647745
499.99999999999994	0.3484848484848485	0.048484848484848485	0.05390821538528544
499.99999999999994	0.35353535353535354	0.048484848484848485	0.053677591011020036
499.99999999999994	0.35858585858585856	0.048484848484848485	0.05344881303961517
499.99999999999994	0.36363636363636365	0.048484848484848485	0.053223009292585326
499.99999999999994	0.3686868686868687	0.048484848484848485	0.052998891949747544
499.99999999999994	0.37373737373737376	0.048484848484848485	0.05277685216579087
499.99999999999994	0.3787878787878788	0.048484848484848485	0.05255692793313311
499.99999999999994	0.3838383838383838	0.048484848484848485	0.052338552489392606
499.99999999999994	0.3888888888888889	0.048484848484848485	0.05212223478125753
499.99999999999994	0.3939393939393939	0.048484848484848485	0.05190801729714117
499.99999999999994	0.398989898989899	0.048484848484848485	0.05169598522212771
499.99999999999994	0.40404040404040403	0.048484848484848485	0.05148594133499561
499.99999999999994	0.4090909090909091	0.048484848484848485	0.05127785463665192
499.99999999999994	0.41414141414141414	0.048484848484848485	0.051071392603019676
499.99999999999994	0.41919191919191917	0.048484848484848485	0.050866376200457836
499.99999999999994	0.42424242424242425	0.048484848484848485	0.050663278980947406
499.99999999999994	0.4292929292929293	0.048484848484848485	0.050461560519259444
499.99999999999994	0.43434343434343436	0.048484848484848485	0.050262112636168796
499.99999999999994	0.4393939393939394	0.048484848484848485	0.0500656085728752
499.99999999999994	0.4444444444444444	0.048484848484848485	0.04987010604952138
499.99999999999994	0.4494949494949495	0.048484848484848485	0.049675339934350866
499.99999999999994	0.45454545454545453	0.048484848484848485	0.04948351260235767
499.99999999999994	0.4595959595959596	0.048484848484848485	0.04929395788200284
499.99999999999994	0.46464646464646464	0.048484848484848485	0.049105284167700436
499.99999999999994	0.4696969696969697	0.048484848484848485	0.048919245377818214
499.99999999999994	0.47474747474747475	0.048484848484848485	0.04873498832759809
499.99999999999994	0.4797979797979798	0.048484848484848485	0.0485514784748418
499.99999999999994	0.48484848484848486	0.048484848484848485	0.04837027898124218
499.99999999999994	0.4898989898989899	0.048484848484848485	0.04819140092892304
499.99999999999994	0.494949494949495	0.048484848484848485	0.04801450998005163
499.99999999999994	0.5	0.048484848484848485	0.047837908641887875
499.99999999999994	0.0	0.05656565656565657	0.07655286240560524
499.99999999999994	0.005050505050505051	0.05656565656565657	0.07609415797538605
499.99999999999994	0.010101010101010102	0.05656565656565657	0.07564132665836994
499.99999999999994	0.015151515151515152	0.05656565656565657	0.07519291138137935
499.99999999999994	0.020202020202020204	0.05656565656565657	0.07474848097301066
499.99999999999994	0.025252525252525252	0.05656565656565657	0.07430984893766467
499.99999999999994	0.030303030303030304	0.05656565656565657	0.07387565458182475
499.99999999999994	0.03535353535353535	0.05656565656565657	0.07344755967342881
499.99999999999994	0.04040404040404041	0.05656565656565657	0.07302441457668739
499.99999999999994	0.045454545454545456	0.05656565656565657	0.07260409779902031
499.99999999999994	0.050505050505050504	0.05656565656565657	0.07218994843504682
499.99999999999994	0.05555555555555555	0.05656565656565657	0.07177901504496917
499.99999999999994	0.06060606060606061	0.05656565656565657	0.07137331436687899
499.99999999999994	0.06565656565656566	0.05656565656565657	0.07097334194869112
499.99999999999994	0.0707070707070707	0.05656565656565657	0.07057568429534901
499.99999999999994	0.07575757575757576	0.05656565656565657	0.0701836574511612
499.99999999999994	0.08080808080808081	0.05656565656565657	0.06979513346888959
499.99999999999994	0.08585858585858586	0.05656565656565657	0.0694107071817317
499.99999999999994	0.09090909090909091	0.05656565656565657	0.06903241880322068
499.99999999999994	0.09595959595959595	0.05656565656565657	0.0686560911856614
499.99999999999994	0.10101010101010101	0.05656565656565657	0.06828472821342481
499.99999999999994	0.10606060606060606	0.05656565656565657	0.06791622121085157
499.99999999999994	0.1111111111111111	0.05656565656565657	0.06755210226059909
499.99999999999994	0.11616161616161616	0.05656565656565657	0.0671928259046333
499.99999999999994	0.12121212121212122	0.05656565656565657	0.0668354456531043
499.99999999999994	0.12626262626262627	0.05656565656565657	0.06648269314033618
499.99999999999994	0.13131313131313133	0.05656565656565657	0.06613261185071762
499.99999999999994	0.13636363636363635	0.05656565656565657	0.06578736003129165
499.99999999999994	0.1414141414141414	0.05656565656565657	0.06544557325392311
499.99999999999994	0.14646464646464646	0.05656565656565657	0.06510583468082964
499.99999999999994	0.15151515151515152	0.05656565656565657	0.06476999429057458
499.99999999999994	0.15656565656565657	0.05656565656565657	0.06443765593608321
499.99999999999994	0.16161616161616163	0.05656565656565657	0.0641092032207013
499.99999999999994	0.16666666666666666	0.05656565656565657	0.06378326947454449
499.99999999999994	0.1717171717171717	0.05656565656565657	0.06345992947271702
499.99999999999994	0.17676767676767677	0.05656565656565657	0.06314054191092268
499.99999999999994	0.18181818181818182	0.05656565656565657	0.06282571679129598
499.99999999999994	0.18686868686868688	0.05656565656565657	0.06251392268162113
499.99999999999994	0.1919191919191919	0.05656565656565657	0.062203935924082326
499.99999999999994	0.19696969696969696	0.05656565656565657	0.0618969135359825
499.99999999999994	0.20202020202020202	0.05656565656565657	0.06159376056273022
499.99999999999994	0.20707070707070707	0.05656565656565657	0.061293312318337935
499.99999999999994	0.21212121212121213	0.05656565656565657	0.06099563067047024
499.99999999999994	0.21717171717171718	0.05656565656565657	0.06069946036540998
499.99999999999994	0.2222222222222222	0.05656565656565657	0.06040750533365728
499.99999999999994	0.22727272727272727	0.05656565656565657	0.060118160088306095
499.99999999999994	0.23232323232323232	0.05656565656565657	0.05983130232154774
499.99999999999994	0.23737373737373738	0.05656565656565657	0.059546762698701315
499.99999999999994	0.24242424242424243	0.05656565656565657	0.05926392622666023
499.99999999999994	0.2474747474747475	0.05656565656565657	0.05898600191536975
499.99999999999994	0.25252525252525254	0.05656565656565657	0.058709367956706254
499.99999999999994	0.25757575757575757	0.05656565656565657	0.05843609707789991
499.99999999999994	0.26262626262626265	0.05656565656565657	0.05816503202703552
499.99999999999994	0.2676767676767677	0.05656565656565657	0.057898363793830794
499.99999999999994	0.2727272727272727	0.05656565656565657	0.05763219064924107
499.99999999999994	0.2777777777777778	0.05656565656565657	0.0573680286917845
499.99999999999994	0.2828282828282828	0.05656565656565657	0.05710697832971736
499.99999999999994	0.2878787878787879	0.05656565656565657	0.056848216342892915
499.99999999999994	0.29292929292929293	0.05656565656565657	0.05659198262976676
499.99999999999994	0.29797979797979796	0.05656565656565657	0.05633771000094984
499.99999999999994	0.30303030303030304	0.05656565656565657	0.056084964519909936
499.99999999999994	0.30808080808080807	0.05656565656565657	0.05583586497512817
499.99999999999994	0.31313131313131315	0.05656565656565657	0.05558863968445881
499.99999999999994	0.3181818181818182	0.05656565656565657	0.055343649533929166
499.99999999999994	0.32323232323232326	0.05656565656565657	0.0551005805661626
499.99999999999994	0.3282828282828283	0.05656565656565657	0.054858986265349685
499.99999999999994	0.3333333333333333	0.05656565656565657	0.05462113736323924
499.99999999999994	0.3383838383838384	0.05656565656565657	0.05438513970582889
499.99999999999994	0.3434343434343434	0.05656565656565657	0.054151292130127815
499.99999999999994	0.3484848484848485	0.05656565656565657	0.053919413226499645
499.99999999999994	0.35353535353535354	0.05656565656565657	0.053689062294432384
499.99999999999994	0.35858585858585856	0.05656565656565657	0.053460845838426085
499.99999999999994	0.36363636363636365	0.05656565656565657	0.05323555878144545
499.99999999999994	0.3686868686868687	0.05656565656565657	0.05301170542536832
499.99999999999994	0.37373737373737376	0.05656565656565657	0.05278998175677366
499.99999999999994	0.3787878787878788	0.05656565656565657	0.05257008782829775
499.99999999999994	0.3838383838383838	0.05656565656565657	0.05235206088252708
499.99999999999994	0.3888888888888889	0.05656565656565657	0.0521363371372455
499.99999999999994	0.3939393939393939	0.05656565656565657	0.05192257470007218
499.99999999999994	0.398989898989899	0.05656565656565657	0.05171106109418947
499.99999999999994	0.40404040404040403	0.05656565656565657	0.05150143027100401
499.99999999999994	0.4090909090909091	0.05656565656565657	0.05129373674190963
499.99999999999994	0.41414141414141414	0.05656565656565657	0.05108761793114059
499.99999999999994	0.41919191919191917	0.05656565656565657	0.05088287271105644
499.99999999999994	0.42424242424242425	0.05656565656565657	0.05067972677350716
499.99999999999994	0.4292929292929293	0.05656565656565657	0.05047868128298103
499.99999999999994	0.43434343434343436	0.05656565656565657	0.05028093209626708
499.99999999999994	0.4393939393939394	0.05656565656565657	0.05008429643421246
499.99999999999994	0.4444444444444444	0.05656565656565657	0.049888155637312775
499.99999999999994	0.4494949494949495	0.05656565656565657	0.04969511499839584
499.99999999999994	0.45454545454545453	0.05656565656565657	0.049504541663229214
499.99999999999994	0.4595959595959596	0.05656565656565657	0.049314414991784655
499.99999999999994	0.46464646464646464	0.05656565656565657	0.049126785906999405
499.99999999999994	0.4696969696969697	0.05656565656565657	0.04894156657946942
499.99999999999994	0.47474747474747475	0.05656565656565657	0.04875629412578201
499.99999999999994	0.4797979797979798	0.05656565656565657	0.0485743820508624
499.99999999999994	0.48484848484848486	0.05656565656565657	0.04839424477604036
499.99999999999994	0.4898989898989899	0.05656565656565657	0.04821627837405293
499.99999999999994	0.494949494949495	0.05656565656565657	0.04803818796834288
499.99999999999994	0.5	0.05656565656565657	0.047863987471543974
499.99999999999994	0.0	0.06464646464646465	0.07652669328251507
499.99999999999994	0.005050505050505051	0.06464646464646465	0.07606939782381843
499.99999999999994	0.010101010101010102	0.06464646464646465	0.0756172231830701
499.99999999999994	0.015151515151515152	0.06464646464646465	0.07516887260946753
499.99999999999994	0.020202020202020204	0.06464646464646465	0.07472585246613866
499.99999999999994	0.025252525252525252	0.06464646464646465	0.07428702883574106
499.99999999999994	0.030303030303030304	0.06464646464646465	0.07385442036692763
499.99999999999994	0.03535353535353535	0.06464646464646465	0.07342764068497154
499.99999999999994	0.04040404040404041	0.06464646464646465	0.07300431147146288
499.99999999999994	0.045454545454545456	0.06464646464646465	0.07258519403961708
499.99999999999994	0.050505050505050504	0.06464646464646465	0.07217062798714372
499.99999999999994	0.05555555555555555	0.06464646464646465	0.07176144074720849
499.99999999999994	0.06060606060606061	0.06464646464646465	0.07135809915769584
499.99999999999994	0.06565656565656566	0.06464646464646465	0.07095809913269437
499.99999999999994	0.0707070707070707	0.06464646464646465	0.0705618542358609
499.99999999999994	0.07575757575757576	0.06464646464646465	0.07016969054260815
499.99999999999994	0.08080808080808081	0.06464646464646465	0.06978190703823174
499.99999999999994	0.08585858585858586	0.06464646464646465	0.06939998415800297
499.99999999999994	0.09090909090909091	0.06464646464646465	0.06902102828609322
499.99999999999994	0.09595959595959595	0.06464646464646465	0.06864550600268704
499.99999999999994	0.10101010101010101	0.06464646464646465	0.06827343692296724
499.99999999999994	0.10606060606060606	0.06464646464646465	0.06790604723729557
499.99999999999994	0.1111111111111111	0.06464646464646465	0.06754363052305454
499.99999999999994	0.11616161616161616	0.06464646464646465	0.06718360318827993
499.99999999999994	0.12121212121212122	0.06464646464646465	0.06682713757591645
499.99999999999994	0.12626262626262627	0.06464646464646465	0.06647375378473745
499.99999999999994	0.13131313131313133	0.06464646464646465	0.066125151213965
499.99999999999994	0.13636363636363635	0.06464646464646465	0.06578080620290047
499.99999999999994	0.1414141414141414	0.06464646464646465	0.06543820344830788
499.99999999999994	0.14646464646464646	0.06464646464646465	0.06509936000201048
499.99999999999994	0.15151515151515152	0.06464646464646465	0.06476362899673209
499.99999999999994	0.15656565656565657	0.06464646464646465	0.06443215200865049
499.99999999999994	0.16161616161616163	0.06464646464646465	0.06410410238177656
499.99999999999994	0.16666666666666666	0.06464646464646465	0.0637784913932274
499.99999999999994	0.1717171717171717	0.06464646464646465	0.06345701292818752
499.99999999999994	0.17676767676767677	0.06464646464646465	0.06313932745782802
499.99999999999994	0.18181818181818182	0.06464646464646465	0.06282456100171148
499.99999999999994	0.18686868686868688	0.06464646464646465	0.06251268510048899
499.99999999999994	0.1919191919191919	0.06464646464646465	0.06220210845656679
499.99999999999994	0.19696969696969696	0.06464646464646465	0.06189676248887686
499.99999999999994	0.20202020202020202	0.06464646464646465	0.061593741814688484
499.99999999999994	0.20707070707070707	0.06464646464646465	0.06129346639875409
499.99999999999994	0.21212121212121213	0.06464646464646465	0.06099566025398513
499.99999999999994	0.21717171717171718	0.06464646464646465	0.06069970134773154
499.99999999999994	0.2222222222222222	0.06464646464646465	0.06040886973243286
499.99999999999994	0.22727272727272727	0.06464646464646465	0.06011943074412741
499.99999999999994	0.23232323232323232	0.06464646464646465	0.0598328038850533
499.99999999999994	0.23737373737373738	0.06464646464646465	0.05954819448520246
499.99999999999994	0.24242424242424243	0.06464646464646465	0.059266560097791354
499.99999999999994	0.2474747474747475	0.06464646464646465	0.0589896870733282
499.99999999999994	0.25252525252525254	0.06464646464646465	0.058713942739559655
499.99999999999994	0.25757575757575757	0.06464646464646465	0.05844107168167533
499.99999999999994	0.26262626262626265	0.06464646464646465	0.058171418345216906
499.99999999999994	0.2676767676767677	0.06464646464646465	0.05790349846068561
499.99999999999994	0.2727272727272727	0.06464646464646465	0.057636929926039825
499.99999999999994	0.2777777777777778	0.06464646464646465	0.057373664244325016
499.99999999999994	0.2828282828282828	0.06464646464646465	0.057113157053575794
499.99999999999994	0.2878787878787879	0.06464646464646465	0.056854738164504856
499.99999999999994	0.29292929292929293	0.06464646464646465	0.05659869454925725
499.99999999999994	0.29797979797979796	0.06464646464646465	0.05634426211333882
499.99999999999994	0.30303030303030304	0.06464646464646465	0.05609262560127543
499.99999999999994	0.30808080808080807	0.06464646464646465	0.05584371098659258
499.99999999999994	0.31313131313131315	0.06464646464646465	0.05559666168366521
499.99999999999994	0.3181818181818182	0.06464646464646465	0.055352252355459444
499.99999999999994	0.32323232323232326	0.06464646464646465	0.05510983119005912
499.99999999999994	0.3282828282828283	0.06464646464646465	0.05486918608149755
499.99999999999994	0.3333333333333333	0.06464646464646465	0.0546321774242253
499.99999999999994	0.3383838383838384	0.06464646464646465	0.054396337894300165
499.99999999999994	0.3434343434343434	0.06464646464646465	0.05416277867196051
499.99999999999994	0.3484848484848485	0.06464646464646465	0.05393112925517944
499.99999999999994	0.35353535353535354	0.06464646464646465	0.053700929286178874
499.99999999999994	0.35858585858585856	0.06464646464646465	0.05347361345746633
499.99999999999994	0.36363636363636365	0.06464646464646465	0.053248469522609906
499.99999999999994	0.3686868686868687	0.06464646464646465	0.05302489621936897
499.99999999999994	0.37373737373737376	0.06464646464646465	0.05280353591539104
499.99999999999994	0.3787878787878788	0.06464646464646465	0.05258392333698238
499.99999999999994	0.3838383838383838	0.06464646464646465	0.05236626454142458
499.99999999999994	0.3888888888888889	0.06464646464646465	0.05215113325326673
499.99999999999994	0.3939393939393939	0.06464646464646465	0.051937835151822036
499.99999999999994	0.398989898989899	0.06464646464646465	0.05172672497747959
499.99999999999994	0.40404040404040403	0.06464646464646465	0.0515174453499469
499.99999999999994	0.4090909090909091	0.06464646464646465	0.05131007206006514
499.99999999999994	0.41414141414141414	0.06464646464646465	0.051104199183913034
499.99999999999994	0.41919191919191917	0.06464646464646465	0.05089959212490184
499.99999999999994	0.42424242424242425	0.06464646464646465	0.05069662782120501
499.99999999999994	0.4292929292929293	0.06464646464646465	0.05049756068928137
499.99999999999994	0.43434343434343436	0.06464646464646465	0.05029948220054542
499.99999999999994	0.4393939393939394	0.06464646464646465	0.05010238488425921
499.99999999999994	0.4444444444444444	0.06464646464646465	0.04990840424849369
499.99999999999994	0.4494949494949495	0.06464646464646465	0.04971636988266583
499.99999999999994	0.45454545454545453	0.06464646464646465	0.049524606767992384
499.99999999999994	0.4595959595959596	0.06464646464646465	0.04933580114445297
499.99999999999994	0.46464646464646464	0.06464646464646465	0.04914926330003697
499.99999999999994	0.4696969696969697	0.06464646464646465	0.0489633978580014
499.99999999999994	0.47474747474747475	0.06464646464646465	0.04877955768734134
499.99999999999994	0.4797979797979798	0.06464646464646465	0.04859857145744831
499.99999999999994	0.48484848484848486	0.06464646464646465	0.048419149031229146
499.99999999999994	0.4898989898989899	0.06464646464646465	0.048239410208553525
499.99999999999994	0.494949494949495	0.06464646464646465	0.04806487382503079
499.99999999999994	0.5	0.06464646464646465	0.04789034839684163
499.99999999999994	0.0	0.07272727272727272	0.07650317669728757
499.99999999999994	0.005050505050505051	0.07272727272727272	0.07604606440163528
499.99999999999994	0.010101010101010102	0.07272727272727272	0.07559414910152447
499.99999999999994	0.015151515151515152	0.07272727272727272	0.07514585427809635
499.99999999999994	0.020202020202020204	0.07272727272727272	0.07470404139689349
499.99999999999994	0.025252525252525252	0.07272727272727272	0.07426712583521701
499.99999999999994	0.030303030303030304	0.07272727272727272	0.07383539897591998
499.99999999999994	0.03535353535353535	0.07272727272727272	0.07340913540150337
499.99999999999994	0.04040404040404041	0.07272727272727272	0.07298564927618915
499.99999999999994	0.045454545454545456	0.07272727272727272	0.07256838785562154
499.99999999999994	0.050505050505050504	0.07272727272727272	0.07215446333382516
499.99999999999994	0.05555555555555555	0.07272727272727272	0.07174659526847939
499.99999999999994	0.06060606060606061	0.07272727272727272	0.07134381641901427
499.99999999999994	0.06565656565656566	0.07272727272727272	0.07094328908302214
499.99999999999994	0.0707070707070707	0.07272727272727272	0.07054841987413786
499.99999999999994	0.07575757575757576	0.07272727272727272	0.07015660087318017
499.99999999999994	0.08080808080808081	0.07272727272727272	0.06977022037466056
499.99999999999994	0.08585858585858586	0.07272727272727272	0.06938867359241944
499.99999999999994	0.09090909090909091	0.07272727272727272	0.0690091223449689
499.99999999999994	0.09595959595959595	0.07272727272727272	0.06863462740561904
499.99999999999994	0.10101010101010101	0.07272727272727272	0.06826334197513545
499.99999999999994	0.10606060606060606	0.07272727272727272	0.06789675430526257
499.99999999999994	0.1111111111111111	0.07272727272727272	0.06753458005419051
499.99999999999994	0.11616161616161616	0.07272727272727272	0.0671741905624466
499.99999999999994	0.12121212121212122	0.07272727272727272	0.06681859880995804
499.99999999999994	0.12626262626262627	0.07272727272727272	0.06646650501883394
499.99999999999994	0.13131313131313133	0.07272727272727272	0.06611813203914393
499.99999999999994	0.13636363636363635	0.07272727272727272	0.06577364615007517
499.99999999999994	0.1414141414141414	0.07272727272727272	0.06543085943302589
499.99999999999994	0.14646464646464646	0.07272727272727272	0.06509267272053897
499.99999999999994	0.15151515151515152	0.07272727272727272	0.06475854645883185
499.99999999999994	0.15656565656565657	0.07272727272727272	0.06442812713302272
499.99999999999994	0.16161616161616163	0.07272727272727272	0.06410111452912717
499.99999999999994	0.16666666666666666	0.07272727272727272	0.06377592990771312
499.99999999999994	0.1717171717171717	0.07272727272727272	0.06345570104558435
499.99999999999994	0.17676767676767677	0.07272727272727272	0.06313794127599337
499.99999999999994	0.18181818181818182	0.07272727272727272	0.06282315580651676
499.99999999999994	0.18686868686868688	0.07272727272727272	0.06251117659586404
499.99999999999994	0.1919191919191919	0.07272727272727272	0.06220183097120855
499.99999999999994	0.19696969696969696	0.07272727272727272	0.06189680498586953
499.99999999999994	0.20202020202020202	0.07272727272727272	0.061593450305961
499.99999999999994	0.20707070707070707	0.07272727272727272	0.06129337131717532
499.99999999999994	0.21212121212121213	0.07272727272727272	0.06099545626551639
499.99999999999994	0.21717171717171718	0.07272727272727272	0.06070148584610641
499.99999999999994	0.2222222222222222	0.07272727272727272	0.06041017956311664
499.99999999999994	0.22727272727272727	0.07272727272727272	0.06012077176629678
499.99999999999994	0.23232323232323232	0.07272727272727272	0.05983430572240257
499.99999999999994	0.23737373737373738	0.07272727272727272	0.0595513637888693
499.99999999999994	0.24242424242424243	0.07272727272727272	0.059271846201721774
499.99999999999994	0.2474747474747475	0.07272727272727272	0.058994436907421725
499.99999999999994	0.25252525252525254	0.07272727272727272	0.05871901444339602
499.99999999999994	0.25757575757575757	0.07272727272727272	0.058446756231168025
499.99999999999994	0.26262626262626265	0.07272727272727272	0.058176622628074735
499.99999999999994	0.2676767676767677	0.07272727272727272	0.05790872361090182
499.99999999999994	0.2727272727272727	0.07272727272727272	0.057642125180149564
499.99999999999994	0.2777777777777778	0.07272727272727272	0.05738007101772653
499.99999999999994	0.2828282828282828	0.07272727272727272	0.057119623725747234
499.99999999999994	0.2878787878787879	0.07272727272727272	0.05686158033321438
499.99999999999994	0.29292929292929293	0.07272727272727272	0.05660556075776545
499.99999999999994	0.29797979797979796	0.07272727272727272	0.05635105015611876
499.99999999999994	0.30303030303030304	0.07272727272727272	0.056101002389829485
499.99999999999994	0.30808080808080807	0.07272727272727272	0.05585258305218133
499.99999999999994	0.31313131313131315	0.07272727272727272	0.05560643062045342
499.99999999999994	0.3181818181818182	0.07272727272727272	0.05536237971820723
499.99999999999994	0.32323232323232326	0.07272727272727272	0.05511995258217667
499.99999999999994	0.3282828282828283	0.07272727272727272	0.054880459078374605
499.99999999999994	0.3333333333333333	0.07272727272727272	0.05464343760566639
499.99999999999994	0.3383838383838384	0.07272727272727272	0.054407830042486435
499.99999999999994	0.3434343434343434	0.07272727272727272	0.054174661325061886
499.99999999999994	0.3484848484848485	0.07272727272727272	0.053943207777268624
499.99999999999994	0.35353535353535354	0.07272727272727272	0.05371332902131433
499.99999999999994	0.35858585858585856	0.07272727272727272	0.05348673557933343
499.99999999999994	0.36363636363636365	0.07272727272727272	0.053261787928809236
499.99999999999994	0.3686868686868687	0.07272727272727272	0.05303859801496567
499.99999999999994	0.37373737373737376	0.07272727272727272	0.05281751363420534
499.99999999999994	0.3787878787878788	0.07272727272727272	0.05259822323449015
499.99999999999994	0.3838383838383838	0.07272727272727272	0.05238118944797914
499.99999999999994	0.3888888888888889	0.07272727272727272	0.05216663394678474
499.99999999999994	0.3939393939393939	0.07272727272727272	0.05195382630662515
499.99999999999994	0.398989898989899	0.07272727272727272	0.051742921719894835
499.99999999999994	0.40404040404040403	0.07272727272727272	0.051533884020295365
499.99999999999994	0.4090909090909091	0.07272727272727272	0.05132669905605276
499.99999999999994	0.41414141414141414	0.07272727272727272	0.05112092052694295
499.99999999999994	0.41919191919191917	0.07272727272727272	0.05091637287778521
499.99999999999994	0.42424242424242425	0.07272727272727272	0.050715751030681835
499.99999999999994	0.4292929292929293	0.07272727272727272	0.05051669592202854
499.99999999999994	0.43434343434343436	0.07272727272727272	0.05031825038406559
499.99999999999994	0.4393939393939394	0.07272727272727272	0.05012274282688565
499.99999999999994	0.4444444444444444	0.07272727272727272	0.04992925682855169
499.99999999999994	0.4494949494949495	0.07272727272727272	0.049736002833294345
499.99999999999994	0.45454545454545453	0.07272727272727272	0.04954665192272696
499.99999999999994	0.4595959595959596	0.07272727272727272	0.04935861353086489
499.99999999999994	0.46464646464646464	0.07272727272727272	0.04917163767371742
499.99999999999994	0.4696969696969697	0.07272727272727272	0.04898618888485725
499.99999999999994	0.47474747474747475	0.07272727272727272	0.048803889375957706
499.99999999999994	0.4797979797979798	0.07272727272727272	0.04862327448573485
499.99999999999994	0.48484848484848486	0.07272727272727272	0.04844281590091428
499.99999999999994	0.4898989898989899	0.07272727272727272	0.0482669472410345
499.99999999999994	0.494949494949495	0.07272727272727272	0.048091309572866135
499.99999999999994	0.5	0.07272727272727272	0.04791719577927707
499.99999999999994	0.0	0.08080808080808081	0.07648057490173246
499.99999999999994	0.005050505050505051	0.08080808080808081	0.07602390245545228
499.99999999999994	0.010101010101010102	0.08080808080808081	0.075571664908415
499.99999999999994	0.015151515151515152	0.08080808080808081	0.07512515652536399
499.99999999999994	0.020202020202020204	0.08080808080808081	0.0746846009877314
499.99999999999994	0.025252525252525252	0.08080808080808081	0.0742484752901734
499.99999999999994	0.030303030303030304	0.08080808080808081	0.07381769277749657
499.99999999999994	0.03535353535353535	0.08080808080808081	0.0733913345450749
499.99999999999994	0.04040404040404041	0.08080808080808081	0.07296890452076578
499.99999999999994	0.045454545454545456	0.08080808080808081	0.07255183861170934
499.99999999999994	0.050505050505050504	0.08080808080808081	0.0721399776037863
499.99999999999994	0.05555555555555555	0.08080808080808081	0.0717325438331917
499.99999999999994	0.06060606060606061	0.08080808080808081	0.07132938746510145
499.99999999999994	0.06565656565656566	0.08080808080808081	0.07092966231926272
499.99999999999994	0.0707070707070707	0.08080808080808081	0.0705347302884796
499.99999999999994	0.07575757575757576	0.08080808080808081	0.07014484087773837
499.99999999999994	0.08080808080808081	0.08080808080808081	0.06975898389314222
499.99999999999994	0.08585858585858586	0.08080808080808081	0.06937704856113258
499.99999999999994	0.09090909090909091	0.08080808080808081	0.06899799283281251
499.99999999999994	0.09595959595959595	0.08080808080808081	0.06862360865506527
499.99999999999994	0.10101010101010101	0.08080808080808081	0.06825392779046542
499.99999999999994	0.10606060606060606	0.08080808080808081	0.06788793575640736
499.99999999999994	0.1111111111111111	0.08080808080808081	0.06752519431303966
499.99999999999994	0.11616161616161616	0.08080808080808081	0.06716548318701315
499.99999999999994	0.12121212121212122	0.08080808080808081	0.06681037696599014
499.99999999999994	0.12626262626262627	0.08080808080808081	0.06645899665105255
499.99999999999994	0.13131313131313133	0.08080808080808081	0.06611124412592766
499.99999999999994	0.13636363636363635	0.08080808080808081	0.06576618450585499
499.99999999999994	0.1414141414141414	0.08080808080808081	0.0654249640510981
499.99999999999994	0.14646464646464646	0.08080808080808081	0.06508887728109418
499.99999999999994	0.15151515151515152	0.08080808080808081	0.06475555596138226
499.99999999999994	0.15656565656565657	0.08080808080808081	0.06442561569889077
499.99999999999994	0.16161616161616163	0.08080808080808081	0.06409783138050931
499.99999999999994	0.16666666666666666	0.08080808080808081	0.06377419672178045
499.99999999999994	0.1717171717171717	0.08080808080808081	0.06345414391445309
499.99999999999994	0.17676767676767677	0.08080808080808081	0.06313672295288462
499.99999999999994	0.18181818181818182	0.08080808080808081	0.0628220919981335
499.99999999999994	0.18686868686868688	0.08080808080808081	0.06250941777789967
499.99999999999994	0.1919191919191919	0.08080808080808081	0.06220216174077169
499.99999999999994	0.19696969696969696	0.08080808080808081	0.0618966366147463
499.99999999999994	0.20202020202020202	0.08080808080808081	0.06159397226203918
499.99999999999994	0.20707070707070707	0.08080808080808081	0.06129359112779345
499.99999999999994	0.21212121212121213	0.08080808080808081	0.060996204838111544
499.99999999999994	0.21717171717171718	0.08080808080808081	0.06070312036550552
499.99999999999994	0.2222222222222222	0.08080808080808081	0.06041166054909681
499.99999999999994	0.22727272727272727	0.08080808080808081	0.06012381872757385
499.99999999999994	0.23232323232323232	0.08080808080808081	0.059838087771750675
499.99999999999994	0.23737373737373738	0.08080808080808081	0.05955606252549622
499.99999999999994	0.24242424242424243	0.08080808080808081	0.05927698565847839
499.99999999999994	0.2474747474747475	0.08080808080808081	0.058999212367256575
499.99999999999994	0.25252525252525254	0.08080808080808081	0.05872420188554346
499.99999999999994	0.25757575757575757	0.08080808080808081	0.058451682382189854
499.99999999999994	0.26262626262626265	0.08080808080808081	0.058181902497580276
499.99999999999994	0.2676767676767677	0.08080808080808081	0.057914043592186645
499.99999999999994	0.2727272727272727	0.08080808080808081	0.05764855465720151
499.99999999999994	0.2777777777777778	0.08080808080808081	0.05738664933020377
499.99999999999994	0.2828282828282828	0.08080808080808081	0.05712634500454034
499.99999999999994	0.2878787878787879	0.08080808080808081	0.05686867164187544
499.99999999999994	0.29292929292929293	0.08080808080808081	0.056613345593501445
499.99999999999994	0.29797979797979796	0.08080808080808081	0.056360178412896186
499.99999999999994	0.30303030303030304	0.08080808080808081	0.05611077351356159
499.99999999999994	0.30808080808080807	0.08080808080808081	0.05586249881068853
499.99999999999994	0.31313131313131315	0.08080808080808081	0.0556166609539039
499.99999999999994	0.3181818181818182	0.08080808080808081	0.055372770458721195
499.99999999999994	0.32323232323232326	0.08080808080808081	0.0551305257360013
499.99999999999994	0.3282828282828283	0.08080808080808081	0.05489200970191983
499.99999999999994	0.3333333333333333	0.08080808080808081	0.05465499316073342
499.99999999999994	0.3383838383838384	0.08080808080808081	0.05441987822972941
499.99999999999994	0.3434343434343434	0.08080808080808081	0.054186921724875055
499.99999999999994	0.3484848484848485	0.08080808080808081	0.053955740221467874
499.99999999999994	0.35353535353535354	0.08080808080808081	0.05372630091162081
499.99999999999994	0.35858585858585856	0.08080808080808081	0.05350026951334373
499.99999999999994	0.36363636363636365	0.08080808080808081	0.053275515090593556
499.99999999999994	0.3686868686868687	0.08080808080808081	0.05305276627986165
499.99999999999994	0.37373737373737376	0.08080808080808081	0.05283191225337646
499.99999999999994	0.3787878787878788	0.08080808080808081	0.05261335962508517
499.99999999999994	0.3838383838383838	0.08080808080808081	0.05239684628679415
499.99999999999994	0.3888888888888889	0.08080808080808081	0.05218279666051542
499.99999999999994	0.3939393939393939	0.08080808080808081	0.05197047798754874
499.99999999999994	0.398989898989899	0.08080808080808081	0.05175982471337471
499.99999999999994	0.40404040404040403	0.08080808080808081	0.05155078673500457
499.99999999999994	0.4090909090909091	0.08080808080808081	0.05134353302406507
499.99999999999994	0.41414141414141414	0.08080808080808081	0.05113779094112169
499.99999999999994	0.41919191919191917	0.08080808080808081	0.05093626527149181
499.99999999999994	0.42424242424242425	0.08080808080808081	0.05073569544315008
499.99999999999994	0.4292929292929293	0.08080808080808081	0.05053603162692689
499.99999999999994	0.43434343434343436	0.08080808080808081	0.05033898667579523
499.99999999999994	0.4393939393939394	0.08080808080808081	0.05014388034864008
499.99999999999994	0.4444444444444444	0.08080808080808081	0.049949417076274545
499.99999999999994	0.4494949494949495	0.08080808080808081	0.04975874748896224
499.99999999999994	0.45454545454545453	0.08080808080808081	0.04956888030541366
499.99999999999994	0.4595959595959596	0.08080808080808081	0.049381112758732845
499.99999999999994	0.46464646464646464	0.08080808080808081	0.04919489293198202
499.99999999999994	0.4696969696969697	0.08080808080808081	0.049010798853835184
499.99999999999994	0.47474747474747475	0.08080808080808081	0.04882889401508143
499.99999999999994	0.4797979797979798	0.08080808080808081	0.04864755698732998
499.99999999999994	0.48484848484848486	0.08080808080808081	0.0484698828433287
499.99999999999994	0.4898989898989899	0.08080808080808081	0.048293724672993796
499.99999999999994	0.494949494949495	0.08080808080808081	0.04811840401588612
499.99999999999994	0.5	0.08080808080808081	0.04794516334090296
499.99999999999994	0.0	0.08888888888888889	0.07645797018664997
499.99999999999994	0.005050505050505051	0.08888888888888889	0.07600202768683552
499.99999999999994	0.010101010101010102	0.08888888888888889	0.07554975032938277
499.99999999999994	0.015151515151515152	0.08888888888888889	0.0751048030397065
499.99999999999994	0.020202020202020204	0.08888888888888889	0.07466487486382734
499.99999999999994	0.025252525252525252	0.08888888888888889	0.07423016401066171
499.99999999999994	0.030303030303030304	0.08888888888888889	0.0738000887771699
499.99999999999994	0.03535353535353535	0.08888888888888889	0.07337349869807862
499.99999999999994	0.04040404040404041	0.08888888888888889	0.0729520890671499
499.99999999999994	0.045454545454545456	0.08888888888888889	0.07253619391766432
499.99999999999994	0.050505050505050504	0.08888888888888889	0.0721251625440521
499.99999999999994	0.05555555555555555	0.08888888888888889	0.07171853293601488
499.99999999999994	0.06060606060606061	0.08888888888888889	0.07131500596070052
499.99999999999994	0.06565656565656566	0.08888888888888889	0.07091607319425954
499.99999999999994	0.0707070707070707	0.08888888888888889	0.0705222493510298
499.99999999999994	0.07575757575757576	0.08888888888888889	0.0701330563820195
499.99999999999994	0.08080808080808081	0.08888888888888889	0.0697478382583129
499.99999999999994	0.08585858585858586	0.08888888888888889	0.06936527888391744
499.99999999999994	0.09090909090909091	0.08888888888888889	0.06898711491796275
499.99999999999994	0.09595959595959595	0.08888888888888889	0.06861394576240382
499.99999999999994	0.10101010101010101	0.08888888888888889	0.06824468340769167
499.99999999999994	0.10606060606060606	0.08888888888888889	0.06787909112054195
499.99999999999994	0.1111111111111111	0.08888888888888889	0.06751587421191148
499.99999999999994	0.11616161616161616	0.08888888888888889	0.06715716652285673
499.99999999999994	0.12121212121212122	0.08888888888888889	0.06680282660966798
499.99999999999994	0.12626262626262627	0.08888888888888889	0.06645221252112135
499.99999999999994	0.13131313131313133	0.08888888888888889	0.06610567770055925
499.99999999999994	0.13636363636363635	0.08888888888888889	0.06576107539717557
499.99999999999994	0.1414141414141414	0.08888888888888889	0.06542187763273963
499.99999999999994	0.14646464646464646	0.08888888888888889	0.06508571766487778
499.99999999999994	0.15151515151515152	0.08888888888888889	0.06475289587571327
499.99999999999994	0.15656565656565657	0.08888888888888889	0.0644228881522853
499.99999999999994	0.16161616161616163	0.08888888888888889	0.06409472847497155
499.99999999999994	0.16666666666666666	0.08888888888888889	0.0637729012484674
499.99999999999994	0.1717171717171717	0.08888888888888889	0.06345255929969282
499.99999999999994	0.17676767676767677	0.08888888888888889	0.0631355273636191
499.99999999999994	0.18181818181818182	0.08888888888888889	0.0628208293908994
499.99999999999994	0.18686868686868688	0.08888888888888889	0.06250930342836827
499.99999999999994	0.1919191919191919	0.08888888888888889	0.062202295629616794
499.99999999999994	0.19696969696969696	0.08888888888888889	0.06189662919641706
499.99999999999994	0.20202020202020202	0.08888888888888889	0.061594278323828695
499.99999999999994	0.20707070707070707	0.08888888888888889	0.061294269480436765
499.99999999999994	0.21212121212121213	0.08888888888888889	0.060998233036237054
499.99999999999994	0.21717171717171718	0.08888888888888889	0.06070618305086703
499.99999999999994	0.2222222222222222	0.08888888888888889	0.06041522763894129
499.99999999999994	0.22727272727272727	0.08888888888888889	0.0601276550084737
499.99999999999994	0.23232323232323232	0.08888888888888889	0.0598429326574059
499.99999999999994	0.23737373737373738	0.08888888888888889	0.059561102741540486
499.99999999999994	0.24242424242424243	0.08888888888888889	0.05928205500144989
499.99999999999994	0.2474747474747475	0.08888888888888889	0.059004067349967236
499.99999999999994	0.25252525252525254	0.08888888888888889	0.058729331312569244
499.99999999999994	0.25757575757575757	0.08888888888888889	0.05845725589387351
499.99999999999994	0.26262626262626265	0.08888888888888889	0.058187526234863264
499.99999999999994	0.2676767676767677	0.08888888888888889	0.057919530495635384
499.99999999999994	0.2727272727272727	0.08888888888888889	0.057655558906565284
499.99999999999994	0.2777777777777778	0.08888888888888889	0.05739386073783347
499.99999999999994	0.2828282828282828	0.08888888888888889	0.057134457714963026
499.99999999999994	0.2878787878787879	0.08888888888888889	0.05687741660845436
499.99999999999994	0.29292929292929293	0.08888888888888889	0.056622191945895586
499.99999999999994	0.29797979797979796	0.08888888888888889	0.05637019305569642
499.99999999999994	0.30303030303030304	0.08888888888888889	0.056120785627905144
499.99999999999994	0.30808080808080807	0.08888888888888889	0.055872714178349686
499.99999999999994	0.31313131313131315	0.08888888888888889	0.055627242327580345
499.99999999999994	0.3181818181818182	0.08888888888888889	0.05538349232507848
499.99999999999994	0.32323232323232326	0.08888888888888889	0.05514204124965504
499.99999999999994	0.3282828282828283	0.08888888888888889	0.054903847172929385
499.99999999999994	0.3333333333333333	0.08888888888888889	0.05466691747211931
499.99999999999994	0.3383838383838384	0.08888888888888889	0.05443232254684414
499.99999999999994	0.3434343434343434	0.08888888888888889	0.05419960067089171
499.99999999999994	0.3484848484848485	0.08888888888888889	0.05396873237532872
499.99999999999994	0.35353535353535354	0.08888888888888889	0.05373990862864842
499.99999999999994	0.35858585858585856	0.08888888888888889	0.05351419208251877
499.99999999999994	0.36363636363636365	0.08888888888888889	0.053289672831380565
499.99999999999994	0.3686868686868687	0.08888888888888889	0.05306731702803972
499.99999999999994	0.37373737373737376	0.08888888888888889	0.0528467593628866
499.99999999999994	0.3787878787878788	0.08888888888888889	0.05262919689533835
499.99999999999994	0.3838383838383838	0.08888888888888889	0.05241321097990171
499.99999999999994	0.3888888888888889	0.08888888888888889	0.05219955864600414
499.99999999999994	0.3939393939393939	0.08888888888888889	0.051987679010978026
499.99999999999994	0.398989898989899	0.08888888888888889	0.0517773285674605
499.99999999999994	0.40404040404040403	0.08888888888888889	0.05156853753133239
499.99999999999994	0.4090909090909091	0.08888888888888889	0.05136092698033829
499.99999999999994	0.41414141414141414	0.08888888888888889	0.05115793502153733
499.99999999999994	0.41919191919191917	0.08888888888888889	0.05095617919962972
499.99999999999994	0.42424242424242425	0.08888888888888889	0.050754922764387866
499.99999999999994	0.4292929292929293	0.08888888888888889	0.050556300833789716
499.99999999999994	0.43434343434343436	0.08888888888888889	0.050359665086554484
499.99999999999994	0.4393939393939394	0.08888888888888889	0.0501644804868832
499.99999999999994	0.4444444444444444	0.08888888888888889	0.0499719553860528
499.99999999999994	0.4494949494949495	0.08888888888888889	0.04978102048695648
499.99999999999994	0.45454545454545453	0.08888888888888889	0.04959197422900598
499.99999999999994	0.4595959595959596	0.08888888888888889	0.04940442814817929
499.99999999999994	0.46464646464646464	0.08888888888888889	0.04921960291976191
499.99999999999994	0.4696969696969697	0.08888888888888889	0.04903630191140971
499.99999999999994	0.47474747474747475	0.08888888888888889	0.04885380526021538
499.99999999999994	0.4797979797979798	0.08888888888888889	0.048674319639205904
499.99999999999994	0.48484848484848486	0.08888888888888889	0.0484972508963272
499.99999999999994	0.4898989898989899	0.08888888888888889	0.048320854006004735
499.99999999999994	0.494949494949495	0.08888888888888889	0.04814653658930165
499.99999999999994	0.5	0.08888888888888889	0.0479745553202266
499.99999999999994	0.0	0.09696969696969697	0.07643564287386605
499.99999999999994	0.005050505050505051	0.09696969696969697	0.0759799229588283
499.99999999999994	0.010101010101010102	0.09696969696969697	0.07552948810685342
499.99999999999994	0.015151515151515152	0.09696969696969697	0.07508624162310583
499.99999999999994	0.020202020202020204	0.09696969696969697	0.0746459549502663
499.99999999999994	0.025252525252525252	0.09696969696969697	0.07421224418729874
499.99999999999994	0.030303030303030304	0.09696969696969697	0.07378245404948297
499.99999999999994	0.03535353535353535	0.09696969696969697	0.07335571591578921
499.99999999999994	0.04040404040404041	0.09696969696969697	0.07293685708088392
499.99999999999994	0.045454545454545456	0.09696969696969697	0.07252097318331568
499.99999999999994	0.050505050505050504	0.09696969696969697	0.07211058407266033
499.99999999999994	0.05555555555555555	0.09696969696969697	0.07170423679139343
499.99999999999994	0.06060606060606061	0.09696969696969697	0.0713003731355375
499.99999999999994	0.06565656565656566	0.09696969696969697	0.07090372900368098
499.99999999999994	0.0707070707070707	0.09696969696969697	0.07051019802590593
499.99999999999994	0.07575757575757576	0.09696969696969697	0.07012140304121704
499.99999999999994	0.08080808080808081	0.09696969696969697	0.06973634574838423
499.99999999999994	0.08585858585858586	0.09696969696969697	0.06935354400654248
499.99999999999994	0.09090909090909091	0.09696969696969697	0.0689776709289541
499.99999999999994	0.09595959595959595	0.09696969696969697	0.06860443092112939
499.99999999999994	0.10101010101010101	0.09696969696969697	0.06823549666097495
499.99999999999994	0.10606060606060606	0.09696969696969697	0.06787009072200678
499.99999999999994	0.1111111111111111	0.09696969696969697	0.06750668897809885
499.99999999999994	0.11616161616161616	0.09696969696969697	0.0671508650356612
499.99999999999994	0.12121212121212122	0.09696969696969697	0.06679723138940993
499.99999999999994	0.12626262626262627	0.09696969696969697	0.06644767456866811
499.99999999999994	0.13131313131313133	0.09696969696969697	0.06610112496748997
499.99999999999994	0.13636363636363635	0.09696969696969697	0.06575718740874506
499.99999999999994	0.1414141414141414	0.09696969696969697	0.0654191272193537
499.99999999999994	0.14646464646464646	0.09696969696969697	0.06508259389235782
499.99999999999994	0.15151515151515152	0.09696969696969697	0.06475005025028822
499.99999999999994	0.15656565656565657	0.09696969696969697	0.06441999524247208
499.99999999999994	0.16161616161616163	0.09696969696969697	0.06409388005512869
499.99999999999994	0.16666666666666666	0.09696969696969697	0.06377155554061566
499.99999999999994	0.1717171717171717	0.09696969696969697	0.06345105059480835
499.99999999999994	0.17676767676767677	0.09696969696969697	0.06313409385511586
499.99999999999994	0.18181818181818182	0.09696969696969697	0.06282004530239105
499.99999999999994	0.18686868686868688	0.09696969696969697	0.06250986483923529
499.99999999999994	0.1919191919191919	0.09696969696969697	0.062202315910712465
499.99999999999994	0.19696969696969696	0.09696969696969697	0.06189687018792242
499.99999999999994	0.20202020202020202	0.09696969696969697	0.06159492741964263
499.99999999999994	0.20707070707070707	0.09696969696969697	0.061297149632335096
499.99999999999994	0.21212121212121213	0.09696969696969697	0.06100221495458134
499.99999999999994	0.21717171717171718	0.09696969696969697	0.06070968949911578
499.99999999999994	0.2222222222222222	0.09696969696969697	0.06041929556585845
499.99999999999994	0.22727272727272727	0.09696969696969697	0.06013203988337896
499.99999999999994	0.23232323232323232	0.09696969696969697	0.059847850150092585
499.99999999999994	0.23737373737373738	0.09696969696969697	0.059566262364915204
499.99999999999994	0.24242424242424243	0.09696969696969697	0.05928705173469706
499.99999999999994	0.2474747474747475	0.09696969696969697	0.05900929963576649
499.99999999999994	0.25252525252525254	0.09696969696969697	0.05873481155419388
499.99999999999994	0.25757575757575757	0.09696969696969697	0.05846306838542161
499.99999999999994	0.26262626262626265	0.09696969696969697	0.05819334564493719
499.99999999999994	0.2676767676767677	0.09696969696969697	0.05792667639962255
499.99999999999994	0.2727272727272727	0.09696969696969697	0.05766397521740537
499.99999999999994	0.2777777777777778	0.09696969696969697	0.0574024100348388
499.99999999999994	0.2828282828282828	0.09696969696969697	0.05714346198929281
499.99999999999994	0.2878787878787879	0.09696969696969697	0.05688655500441833
499.99999999999994	0.29292929292929293	0.09696969696969697	0.05663180121116938
499.99999999999994	0.29797979797979796	0.09696969696969697	0.056380501788091744
499.99999999999994	0.30303030303030304	0.09696969696969697	0.056131076643906354
499.99999999999994	0.30808080808080807	0.09696969696969697	0.05588336439491954
499.99999999999994	0.31313131313131315	0.09696969696969697	0.05563814630297775
499.99999999999994	0.3181818181818182	0.09696969696969697	0.05539459077787003
499.99999999999994	0.32323232323232326	0.09696969696969697	0.05515398661633824
499.99999999999994	0.3282828282828283	0.09696969696969697	0.054916039361572924
499.99999999999994	0.3333333333333333	0.09696969696969697	0.054679302867270144
499.99999999999994	0.3383838383838384	0.09696969696969697	0.05444517689704028
499.99999999999994	0.3434343434343434	0.09696969696969697	0.054212769394375374
499.99999999999994	0.3484848484848485	0.09696969696969697	0.053982228798091336
499.99999999999994	0.35353535353535354	0.09696969696969697	0.053753958615772764
499.99999999999994	0.35858585858585856	0.09696969696969697	0.05352850819941227
499.99999999999994	0.36363636363636365	0.09696969696969697	0.05330428619647081
499.99999999999994	0.3686868686868687	0.09696969696969697	0.053082237809494164
499.99999999999994	0.37373737373737376	0.09696969696969697	0.05286275770264268
499.99999999999994	0.3787878787878788	0.09696969696969697	0.0526456946802512
499.99999999999994	0.3838383838383838	0.09696969696969697	0.05243021106424006
499.99999999999994	0.3888888888888889	0.09696969696969697	0.05221679249632669
499.99999999999994	0.3939393939393939	0.09696969696969697	0.05200524095059539
499.99999999999994	0.398989898989899	0.09696969696969697	0.05179496539922028
499.99999999999994	0.40404040404040403	0.09696969696969697	0.051586159094925706
499.99999999999994	0.4090909090909091	0.09696969696969697	0.051381251080310025
499.99999999999994	0.41414141414141414	0.09696969696969697	0.05117774418694173
499.99999999999994	0.41919191919191917	0.09696969696969697	0.05097496292315125
499.99999999999994	0.42424242424242425	0.09696969696969697	0.05077495302789406
499.99999999999994	0.4292929292929293	0.09696969696969697	0.05057701601408024
499.99999999999994	0.43434343434343436	0.09696969696969697	0.05038072680765822
499.99999999999994	0.4393939393939394	0.09696969696969697	0.050186636009419854
499.99999999999994	0.4444444444444444	0.09696969696969697	0.049995005680357
499.99999999999994	0.4494949494949495	0.09696969696969697	0.0498038851703041
499.99999999999994	0.45454545454545453	0.09696969696969697	0.04961576070941099
499.99999999999994	0.4595959595959596	0.09696969696969697	0.04942923758728139
499.99999999999994	0.46464646464646464	0.09696969696969697	0.049244785937935166
499.99999999999994	0.4696969696969697	0.09696969696969697	0.04906104906497093
499.99999999999994	0.47474747474747475	0.09696969696969697	0.04888028269697179
499.99999999999994	0.4797979797979798	0.09696969696969697	0.04870164353091471
499.99999999999994	0.48484848484848486	0.09696969696969697	0.048524526165641714
499.99999999999994	0.4898989898989899	0.09696969696969697	0.04834911676082116
499.99999999999994	0.494949494949495	0.09696969696969697	0.048175565556634804
499.99999999999994	0.5	0.09696969696969697	0.048004561757913976
499.99999999999994	0.0	0.10505050505050505	0.07641305262852242
499.99999999999994	0.005050505050505051	0.10505050505050505	0.07595768231238653
499.99999999999994	0.010101010101010102	0.10505050505050505	0.07551040563444383
499.99999999999994	0.015151515151515152	0.10505050505050505	0.07506701222275208
499.99999999999994	0.020202020202020204	0.10505050505050505	0.07462808851089071
499.99999999999994	0.025252525252525252	0.10505050505050505	0.07419384141466255
499.99999999999994	0.030303030303030304	0.10505050505050505	0.07376401876548494
499.99999999999994	0.03535353535353535	0.10505050505050505	0.07334018018366739
499.99999999999994	0.04040404040404041	0.10505050505050505	0.0729212819475075
499.99999999999994	0.045454545454545456	0.10505050505050505	0.0725061315097625
499.99999999999994	0.050505050505050504	0.10505050505050505	0.07209567913987747
499.99999999999994	0.05555555555555555	0.10505050505050505	0.07168928972974148
499.99999999999994	0.06060606060606061	0.10505050505050505	0.07128757953597145
499.99999999999994	0.06565656565656566	0.10505050505050505	0.07089134030589282
499.99999999999994	0.0707070707070707	0.10505050505050505	0.07049815584165908
499.99999999999994	0.07575757575757576	0.10505050505050505	0.07010941871715536
499.99999999999994	0.08080808080808081	0.10505050505050505	0.06972441722654525
499.99999999999994	0.08585858585858586	0.10505050505050505	0.06934367874420579
499.99999999999994	0.09090909090909091	0.10505050505050505	0.06896805760057903
499.99999999999994	0.09595959595959595	0.10505050505050505	0.06859504296910637
499.99999999999994	0.10101010101010101	0.10505050505050505	0.06822679863973041
499.99999999999994	0.10606060606060606	0.10505050505050505	0.0678621812393379
499.99999999999994	0.1111111111111111	0.10505050505050505	0.06750189681494455
499.99999999999994	0.11616161616161616	0.10505050505050505	0.06714590456653621
499.99999999999994	0.12121212121212122	0.10505050505050505	0.06679257321927584
499.99999999999994	0.12626262626262627	0.10505050505050505	0.06644298212854342
499.99999999999994	0.13131313131313133	0.10505050505050505	0.06609623185077663
499.99999999999994	0.13636363636363635	0.10505050505050505	0.06575472295078594
499.99999999999994	0.1414141414141414	0.10505050505050505	0.06541599197664905
499.99999999999994	0.14646464646464646	0.10505050505050505	0.06508008559792863
499.99999999999994	0.15151515151515152	0.10505050505050505	0.06474714753220924
499.99999999999994	0.15656565656565657	0.10505050505050505	0.06441769116003664
499.99999999999994	0.16161616161616163	0.10505050505050505	0.06409298404046514
499.99999999999994	0.16666666666666666	0.10505050505050505	0.06377009653709956
499.99999999999994	0.1717171717171717	0.10505050505050505	0.06345024434698876
499.99999999999994	0.17676767676767677	0.10505050505050505	0.06313293946192103
499.99999999999994	0.18181818181818182	0.10505050505050505	0.06281985016450432
499.99999999999994	0.18686868686868688	0.10505050505050505	0.06251036518407975
499.99999999999994	0.1919191919191919	0.10505050505050505	0.06220282181393604
499.99999999999994	0.19696969696969696	0.10505050505050505	0.06189895644964258
499.99999999999994	0.20202020202020202	0.10505050505050505	0.06159823757546495
499.99999999999994	0.20707070707070707	0.10505050505050505	0.061300701588825814
499.99999999999994	0.21212121212121213	0.10505050505050505	0.06100626520188929
499.99999999999994	0.21717171717171718	0.10505050505050505	0.06071321316330043
499.99999999999994	0.2222222222222222	0.10505050505050505	0.06042337667090215
499.99999999999994	0.22727272727272727	0.10505050505050505	0.06013703825956059
499.99999999999994	0.23232323232323232	0.10505050505050505	0.05985306766619256
499.99999999999994	0.23737373737373738	0.10505050505050505	0.05957180391130157
499.99999999999994	0.24242424242424243	0.10505050505050505	0.05929090357488935
499.99999999999994	0.2474747474747475	0.10505050505050505	0.059014795495704736
499.99999999999994	0.25252525252525254	0.10505050505050505	0.05874073702755006
499.99999999999994	0.25757575757575757	0.10505050505050505	0.05846994488322991
499.99999999999994	0.26262626262626265	0.10505050505050505	0.05820091852702214
499.99999999999994	0.2676767676767677	0.10505050505050505	0.05793531440052641
499.99999999999994	0.2727272727272727	0.10505050505050505	0.05767273834110765
499.99999999999994	0.2777777777777778	0.10505050505050505	0.05741134262828058
499.99999999999994	0.2828282828282828	0.10505050505050505	0.05715271098558023
499.99999999999994	0.2878787878787879	0.10505050505050505	0.05689594821226747
499.99999999999994	0.29292929292929293	0.10505050505050505	0.05664201524654728
499.99999999999994	0.29797979797979796	0.10505050505050505	0.05639109541130397
499.99999999999994	0.30303030303030304	0.10505050505050505	0.0561416718444077
499.99999999999994	0.30808080808080807	0.10505050505050505	0.05589450016925105
499.99999999999994	0.31313131313131315	0.10505050505050505	0.05564941123860397
499.99999999999994	0.3181818181818182	0.10505050505050505	0.05540635911092822
499.99999999999994	0.32323232323232326	0.10505050505050505	0.05516633298730765
499.99999999999994	0.3282828282828283	0.10505050505050505	0.05492865151892292
499.99999999999994	0.3333333333333333	0.10505050505050505	0.05469223178581055
499.99999999999994	0.3383838383838384	0.10505050505050505	0.054458476496766224
499.99999999999994	0.3434343434343434	0.10505050505050505	0.05422644741052507
499.99999999999994	0.3484848484848485	0.10505050505050505	0.05399622326634377
499.99999999999994	0.35353535353535354	0.10505050505050505	0.05376838809547892
499.99999999999994	0.35858585858585856	0.10505050505050505	0.05354321172676073
499.99999999999994	0.36363636363636365	0.10505050505050505	0.05331929137271103
499.99999999999994	0.3686868686868687	0.10505050505050505	0.05309796024488204
499.99999999999994	0.37373737373737376	0.10505050505050505	0.05287937143484751
499.99999999999994	0.3787878787878788	0.10505050505050505	0.052662763576595197
499.99999999999994	0.3838383838383838	0.10505050505050505	0.05244771148416174
499.99999999999994	0.3888888888888889	0.10505050505050505	0.05223429206046782
499.99999999999994	0.3939393939393939	0.10505050505050505	0.05202287390943059
499.99999999999994	0.398989898989899	0.10505050505050505	0.05181242733859066
499.99999999999994	0.40404040404040403	0.10505050505050505	0.051606141323226384
499.99999999999994	0.4090909090909091	0.10505050505050505	0.05140128332668413
499.99999999999994	0.41414141414141414	0.10505050505050505	0.0511969029007343
499.99999999999994	0.41919191919191917	0.10505050505050505	0.050995119774162115
499.99999999999994	0.42424242424242425	0.10505050505050505	0.0507966002079897
499.99999999999994	0.4292929292929293	0.10505050505050505	0.050598743554610165
499.99999999999994	0.43434343434343436	0.10505050505050505	0.05040262365704161
499.99999999999994	0.4393939393939394	0.10505050505050505	0.05021001075582084
499.99999999999994	0.4444444444444444	0.10505050505050505	0.05001765668850269
499.99999999999994	0.4494949494949495	0.10505050505050505	0.04982792876355089
499.99999999999994	0.45454545454545453	0.10505050505050505	0.04964055620228326
499.99999999999994	0.4595959595959596	0.10505050505050505	0.04945424618352826
499.99999999999994	0.46464646464646464	0.10505050505050505	0.049269297263496506
499.99999999999994	0.4696969696969697	0.10505050505050505	0.049087774687478145
499.99999999999994	0.47474747474747475	0.10505050505050505	0.04890756315930441
499.99999999999994	0.4797979797979798	0.10505050505050505	0.04872909640489751
499.99999999999994	0.48484848484848486	0.10505050505050505	0.04855281553847292
499.99999999999994	0.4898989898989899	0.10505050505050505	0.04837837347437511
499.99999999999994	0.494949494949495	0.10505050505050505	0.0482062199876387
499.99999999999994	0.5	0.10505050505050505	0.04803508410091574
499.99999999999994	0.0	0.11313131313131314	0.0763915723908718
499.99999999999994	0.005050505050505051	0.11313131313131314	0.07593827885472301
499.99999999999994	0.010101010101010102	0.11313131313131314	0.07549158738899583
499.99999999999994	0.015151515151515152	0.11313131313131314	0.0750477739198853
499.99999999999994	0.020202020202020204	0.11313131313131314	0.07461045148673809
499.99999999999994	0.025252525252525252	0.11313131313131314	0.07417634286037281
499.99999999999994	0.030303030303030304	0.11313131313131314	0.07374681019402458
499.99999999999994	0.03535353535353535	0.11313131313131314	0.07332502076133719
499.99999999999994	0.04040404040404041	0.11313131313131314	0.07290575499707068
499.99999999999994	0.045454545454545456	0.11313131313131314	0.07249199285246662
499.99999999999994	0.050505050505050504	0.11313131313131314	0.0720817096343825
499.99999999999994	0.05555555555555555	0.11313131313131314	0.07167466084237731
499.99999999999994	0.06060606060606061	0.11313131313131314	0.071275577107121
499.99999999999994	0.06565656565656566	0.11313131313131314	0.07087879744213137
499.99999999999994	0.0707070707070707	0.11313131313131314	0.07048686942734303
499.99999999999994	0.07575757575757576	0.11313131313131314	0.07009820764442919
499.99999999999994	0.08080808080808081	0.11313131313131314	0.06971258802780121
499.99999999999994	0.08585858585858586	0.11313131313131314	0.06933508219025515
499.99999999999994	0.09090909090909091	0.11313131313131314	0.06895957748902048
499.99999999999994	0.09595959595959595	0.11313131313131314	0.06858845580423872
499.99999999999994	0.10101010101010101	0.11313131313131314	0.06822045161120921
499.99999999999994	0.10606060606060606	0.11313131313131314	0.06785548909510578
499.99999999999994	0.1111111111111111	0.11313131313131314	0.06749724581925011
499.99999999999994	0.11616161616161616	0.11313131313131314	0.06714071891458641
499.99999999999994	0.12121212121212122	0.11313131313131314	0.06678835707820885
499.99999999999994	0.12626262626262627	0.11313131313131314	0.0664387085251295
499.99999999999994	0.13131313131313133	0.11313131313131314	0.06609254456571483
499.99999999999994	0.13636363636363635	0.11313131313131314	0.06575192534064843
499.99999999999994	0.1414141414141414	0.11313131313131314	0.06541272445047706
499.99999999999994	0.14646464646464646	0.11313131313131314	0.06507755968299125
499.99999999999994	0.15151515151515152	0.11313131313131314	0.06474465168306959
499.99999999999994	0.15656565656565657	0.11313131313131314	0.0644163537251499
499.99999999999994	0.16161616161616163	0.11313131313131314	0.06409186477397871
499.99999999999994	0.16666666666666666	0.11313131313131314	0.06376866174543702
499.99999999999994	0.1717171717171717	0.11313131313131314	0.06344939546782612
499.99999999999994	0.17676767676767677	0.11313131313131314	0.06313309625779565
499.99999999999994	0.18181818181818182	0.11313131313131314	0.06282086296721567
499.99999999999994	0.18686868686868688	0.11313131313131314	0.06251233795123008
499.99999999999994	0.1919191919191919	0.11313131313131314	0.06220504448983008
499.99999999999994	0.19696969696969696	0.11313131313131314	0.061901809294297214
499.99999999999994	0.20202020202020202	0.11313131313131314	0.06160186019595651
499.99999999999994	0.20707070707070707	0.11313131313131314	0.06130468797795422
499.99999999999994	0.21212121212121213	0.11313131313131314	0.06101021937968667
499.99999999999994	0.21717171717171718	0.11313131313131314	0.06071702100240635
499.99999999999994	0.2222222222222222	0.11313131313131314	0.0604284219574145
499.99999999999994	0.22727272727272727	0.11313131313131314	0.06014225363314881
499.99999999999994	0.23232323232323232	0.11313131313131314	0.059858633005040345
499.99999999999994	0.23737373737373738	0.11313131313131314	0.05957469360061453
499.99999999999994	0.24242424242424243	0.11313131313131314	0.05929722039444997
499.99999999999994	0.2474747474747475	0.11313131313131314	0.05902166250312768
499.99999999999994	0.25252525252525254	0.11313131313131314	0.058748425713680025
499.99999999999994	0.25757575757575757	0.11313131313131314	0.05847757067441989
499.99999999999994	0.26262626262626265	0.11313131313131314	0.05820946309987977
499.99999999999994	0.2676767676767677	0.11313131313131314	0.05794432010780821
499.99999999999994	0.2727272727272727	0.11313131313131314	0.0576816946810206
499.99999999999994	0.2777777777777778	0.11313131313131314	0.05742052052722043
499.99999999999994	0.2828282828282828	0.11313131313131314	0.057162266785754104
499.99999999999994	0.2878787878787879	0.11313131313131314	0.056905912737312034
499.99999999999994	0.29292929292929293	0.11313131313131314	0.056652686460378084
499.99999999999994	0.29797979797979796	0.11313131313131314	0.05640199650084236
499.99999999999994	0.30303030303030304	0.11313131313131314	0.05615259309440394
499.99999999999994	0.30808080808080807	0.11313131313131314	0.05590598911859947
499.99999999999994	0.31313131313131315	0.11313131313131314	0.055661126561962655
499.99999999999994	0.3181818181818182	0.11313131313131314	0.05541872025991681
499.99999999999994	0.32323232323232326	0.11313131313131314	0.05517914387096746
499.99999999999994	0.3282828282828283	0.11313131313131314	0.05494169739974593
499.99999999999994	0.3333333333333333	0.11313131313131314	0.05470561850320301
499.99999999999994	0.3383838383838384	0.11313131313131314	0.054472248462479646
499.99999999999994	0.3434343434343434	0.11313131313131314	0.054240600573872116
499.99999999999994	0.3484848484848485	0.11313131313131314	0.05401074409301862
499.99999999999994	0.35353535353535354	0.11313131313131314	0.05378315957209253
499.99999999999994	0.35858585858585856	0.11313131313131314	0.053558267258157856
499.99999999999994	0.36363636363636365	0.11313131313131314	0.05333480465241753
499.99999999999994	0.3686868686868687	0.11313131313131314	0.053114617023080644
499.99999999999994	0.37373737373737376	0.11313131313131314	0.052896488277019815
499.99999999999994	0.3787878787878788	0.11313131313131314	0.05268024499797532
499.99999999999994	0.3838383838383838	0.11313131313131314	0.052465484944170034
499.99999999999994	0.3888888888888889	0.11313131313131314	0.05225203150433627
499.99999999999994	0.3939393939393939	0.11313131313131314	0.05204011156763499
499.99999999999994	0.398989898989899	0.11313131313131314	0.05183221781745529
499.99999999999994	0.40404040404040403	0.11313131313131314	0.05162582266339856
499.99999999999994	0.4090909090909091	0.11313131313131314	0.05141999432631006
499.99999999999994	0.41414141414141414	0.11313131313131314	0.05121762726752228
499.99999999999994	0.41919191919191917	0.11313131313131314	0.051017374188946106
499.99999999999994	0.42424242424242425	0.11313131313131314	0.05081774608518638
499.99999999999994	0.4292929292929293	0.11313131313131314	0.05062040299946008
499.99999999999994	0.43434343434343436	0.11313131313131314	0.05042645447828711
499.99999999999994	0.4393939393939394	0.11313131313131314	0.05023325379027117
499.99999999999994	0.4444444444444444	0.11313131313131314	0.050041422654293156
499.99999999999994	0.4494949494949495	0.11313131313131314	0.04985265655727859
499.99999999999994	0.45454545454545453	0.11313131313131314	0.04966513127402948
499.99999999999994	0.4595959595959596	0.11313131313131314	0.04947999314792147
499.99999999999994	0.46464646464646464	0.11313131313131314	0.049296292428421214
499.99999999999994	0.4696969696969697	0.11313131313131314	0.049115210894130575
499.99999999999994	0.47474747474747475	0.11313131313131314	0.04893512606277308
499.99999999999994	0.4797979797979798	0.11313131313131314	0.04875763751827185
499.99999999999994	0.48484848484848486	0.11313131313131314	0.0485825020582667
499.99999999999994	0.4898989898989899	0.11313131313131314	0.04840887566675139
499.99999999999994	0.494949494949495	0.11313131313131314	0.048236373123177204
499.99999999999994	0.5	0.11313131313131314	0.048067204032742034
499.99999999999994	0.0	0.12121212121212122	0.07637117111980674
499.99999999999994	0.005050505050505051	0.12121212121212122	0.07591939167595375
499.99999999999994	0.010101010101010102	0.12121212121212122	0.07547247880795066
499.99999999999994	0.015151515151515152	0.12121212121212122	0.07502942924660257
499.99999999999994	0.020202020202020204	0.12121212121212122	0.07459247305017563
499.99999999999994	0.025252525252525252	0.12121212121212122	0.07415873043456216
499.99999999999994	0.030303030303030304	0.12121212121212122	0.07373169995043061
499.99999999999994	0.03535353535353535	0.12121212121212122	0.07330978665467956
499.99999999999994	0.04040404040404041	0.12121212121212122	0.07289059053989065
499.99999999999994	0.045454545454545456	0.12121212121212122	0.07247761515706715
499.99999999999994	0.050505050505050504	0.12121212121212122	0.07206742523196204
499.99999999999994	0.05555555555555555	0.12121212121212122	0.07166267095094758
499.99999999999994	0.06060606060606061	0.12121212121212122	0.07126353558138945
499.99999999999994	0.06565656565656566	0.12121212121212122	0.07086701299815044
499.99999999999994	0.0707070707070707	0.12121212121212122	0.07047635331844265
499.99999999999994	0.07575757575757576	0.12121212121212122	0.07008858612549919
499.99999999999994	0.08080808080808081	0.12121212121212122	0.06970553934858324
499.99999999999994	0.08585858585858586	0.12121212121212122	0.06932785655592975
499.99999999999994	0.09090909090909091	0.12121212121212122	0.06895234879624795
499.99999999999994	0.09595959595959595	0.12121212121212122	0.0685818604451992
499.99999999999994	0.10101010101010101	0.12121212121212122	0.068213949571673
499.99999999999994	0.10606060606060606	0.12121212121212122	0.06785082157157078
499.99999999999994	0.1111111111111111	0.12121212121212122	0.06749231659929865
499.99999999999994	0.11616161616161616	0.12121212121212122	0.06713589946317013
499.99999999999994	0.12121212121212122	0.12121212121212122	0.06678391338360562
499.99999999999994	0.12626262626262627	0.12121212121212122	0.06643454920278306
499.99999999999994	0.13131313131313133	0.12121212121212122	0.0660897849145631
499.99999999999994	0.13636363636363635	0.12121212121212122	0.06574885652473512
499.99999999999994	0.1414141414141414	0.12121212121212122	0.06540984467182823
499.99999999999994	0.14646464646464646	0.12121212121212122	0.06507496711794437
499.99999999999994	0.15151515151515152	0.12121212121212122	0.06474339613849568
499.99999999999994	0.15656565656565657	0.12121212121212122	0.06441536665917261
499.99999999999994	0.16161616161616163	0.12121212121212122	0.0640905772725265
499.99999999999994	0.16666666666666666	0.12121212121212122	0.06376774692407154
499.99999999999994	0.1717171717171717	0.12121212121212122	0.06344920836143082
499.99999999999994	0.17676767676767677	0.12121212121212122	0.06313494752738703
499.99999999999994	0.18181818181818182	0.12121212121212122	0.06282342533013274
499.99999999999994	0.18686868686868688	0.12121212121212122	0.06251469123435524
499.99999999999994	0.1919191919191919	0.12121212121212122	0.062208001869673284
499.99999999999994	0.19696969696969696	0.12121212121212122	0.061905632638353233
499.99999999999994	0.20202020202020202	0.12121212121212122	0.06160572624245714
499.99999999999994	0.20707070707070707	0.12121212121212122	0.06130865973190501
499.99999999999994	0.21212121212121213	0.12121212121212122	0.0610141475405762
499.99999999999994	0.21717171717171718	0.12121212121212122	0.060721700257594075
499.99999999999994	0.2222222222222222	0.12121212121212122	0.06043377496105793
499.99999999999994	0.22727272727272727	0.12121212121212122	0.06014753142204075
499.99999999999994	0.23232323232323232	0.12121212121212122	0.059861684846604285
499.99999999999994	0.23737373737373738	0.12121212121212122	0.05958167657089713
499.99999999999994	0.24242424242424243	0.12121212121212122	0.0593047531865415
499.99999999999994	0.2474747474747475	0.12121212121212122	0.05902913520260586
499.99999999999994	0.25252525252525254	0.12121212121212122	0.05875631878912048
499.99999999999994	0.25757575757575757	0.12121212121212122	0.058485597708451874
499.99999999999994	0.26262626262626265	0.12121212121212122	0.05821825647999453
499.99999999999994	0.2676767676767677	0.12121212121212122	0.05795369037481408
499.99999999999994	0.2727272727272727	0.12121212121212122	0.05769091395810765
499.99999999999994	0.2777777777777778	0.12121212121212122	0.05743030509852963
499.99999999999994	0.2828282828282828	0.12121212121212122	0.05717210841586255
499.99999999999994	0.2878787878787879	0.12121212121212122	0.05691651955709056
499.99999999999994	0.29292929292929293	0.12121212121212122	0.056663654423559535
499.99999999999994	0.29797979797979796	0.12121212121212122	0.05641324359737805
499.99999999999994	0.30303030303030304	0.12121212121212122	0.05616403805588668
499.99999999999994	0.30808080808080807	0.12121212121212122	0.05591787617389421
499.99999999999994	0.31313131313131315	0.12121212121212122	0.05567335156020189
499.99999999999994	0.3181818181818182	0.12121212121212122	0.05543149620527232
499.99999999999994	0.32323232323232326	0.12121212121212122	0.05519236008874178
499.99999999999994	0.3282828282828283	0.12121212121212122	0.054955192017777516
499.99999999999994	0.3333333333333333	0.12121212121212122	0.05471948332895533
499.99999999999994	0.3383838383838384	0.12121212121212122	0.05448649192728983
499.99999999999994	0.3434343434343434	0.12121212121212122	0.05425522845593154
499.99999999999994	0.3484848484848485	0.12121212121212122	0.05402573957030683
499.99999999999994	0.35353535353535354	0.12121212121212122	0.053798276812533276
499.99999999999994	0.35858585858585856	0.12121212121212122	0.05357360112563934
499.99999999999994	0.36363636363636365	0.12121212121212122	0.053351667462749754
499.99999999999994	0.3686868686868687	0.12121212121212122	0.05313189009940871
499.99999999999994	0.37373737373737376	0.12121212121212122	0.052913935201792314
499.99999999999994	0.3787878787878788	0.12121212121212122	0.052697877629095065
499.99999999999994	0.3838383838383838	0.12121212121212122	0.05248317300341848
499.99999999999994	0.3888888888888889	0.12121212121212122	0.05226949183899067
499.99999999999994	0.3939393939393939	0.12121212121212122	0.05205989002012327
499.99999999999994	0.398989898989899	0.12121212121212122	0.05185184104930613
499.99999999999994	0.40404040404040403	0.12121212121212122	0.051644882110430806
499.99999999999994	0.4090909090909091	0.12121212121212122	0.05144115578818868
499.99999999999994	0.41414141414141414	0.12121212121212122	0.05123918702518041
499.99999999999994	0.41919191919191917	0.12121212121212122	0.05103811325051765
499.99999999999994	0.42424242424242425	0.12121212121212122	0.05084014037411276
499.99999999999994	0.4292929292929293	0.12121212121212122	0.050644178995371734
499.99999999999994	0.43434343434343436	0.12121212121212122	0.050449707345426364
499.99999999999994	0.4393939393939394	0.12121212121212122	0.050257339497277634
499.99999999999994	0.4444444444444444	0.12121212121212122	0.05006670720795449
499.99999999999994	0.4494949494949495	0.12121212121212122	0.04987775372553446
499.99999999999994	0.45454545454545453	0.12121212121212122	0.04969151223271458
499.99999999999994	0.4595959595959596	0.12121212121212122	0.04950569713816429
499.99999999999994	0.46464646464646464	0.12121212121212122	0.0493241988591456
499.99999999999994	0.4696969696969697	0.12121212121212122	0.04914284994710015
499.99999999999994	0.47474747474747475	0.12121212121212122	0.04896464506904036
499.99999999999994	0.4797979797979798	0.12121212121212122	0.04878789162821083
499.99999999999994	0.48484848484848486	0.12121212121212122	0.04861279441565675
499.99999999999994	0.4898989898989899	0.12121212121212122	0.04843900520934098
499.99999999999994	0.494949494949495	0.12121212121212122	0.04826918834379807
499.99999999999994	0.5	0.12121212121212122	0.04810042713497624
499.99999999999994	0.0	0.1292929292929293	0.07635183068242558
499.99999999999994	0.005050505050505051	0.1292929292929293	0.07590069120481684
499.99999999999994	0.010101010101010102	0.1292929292929293	0.0754534489553738
499.99999999999994	0.015151515151515152	0.1292929292929293	0.07501146360419289
499.99999999999994	0.020202020202020204	0.1292929292929293	0.07457350035922812
499.99999999999994	0.025252525252525252	0.1292929292929293	0.07414251581527269
499.99999999999994	0.030303030303030304	0.1292929292929293	0.07371672234970955
499.99999999999994	0.03535353535353535	0.1292929292929293	0.07329426136997749
499.99999999999994	0.04040404040404041	0.1292929292929293	0.0728763868922175
499.99999999999994	0.045454545454545456	0.1292929292929293	0.07246311181910432
499.99999999999994	0.050505050505050504	0.1292929292929293	0.07205505143267003
499.99999999999994	0.05555555555555555	0.1292929292929293	0.07165260481708913
499.99999999999994	0.06060606060606061	0.1292929292929293	0.07125355624184478
499.99999999999994	0.06565656565656566	0.1292929292929293	0.07085800814426715
499.99999999999994	0.0707070707070707	0.1292929292929293	0.07046712892459651
499.99999999999994	0.07575757575757576	0.1292929292929293	0.07008028433196098
499.99999999999994	0.08080808080808081	0.1292929292929293	0.06969882590761606
499.99999999999994	0.08585858585858586	0.1292929292929293	0.06932081095591035
499.99999999999994	0.09090909090909091	0.1292929292929293	0.06894581417997316
499.99999999999994	0.09595959595959595	0.1292929292929293	0.0685752136246823
499.99999999999994	0.10101010101010101	0.1292929292929293	0.06820853050658113
499.99999999999994	0.10606060606060606	0.1292929292929293	0.06784651968956074
499.99999999999994	0.1111111111111111	0.1292929292929293	0.06748766163992681
499.99999999999994	0.11616161616161616	0.1292929292929293	0.06713154989468065
499.99999999999994	0.12121212121212122	0.1292929292929293	0.06677932959508154
499.99999999999994	0.12626262626262627	0.1292929292929293	0.06643146452914714
499.99999999999994	0.13131313131313133	0.1292929292929293	0.06608749149213611
499.99999999999994	0.13636363636363635	0.1292929292929293	0.06574609307784904
499.99999999999994	0.1414141414141414	0.1292929292929293	0.06540755063377403
499.99999999999994	0.14646464646464646	0.1292929292929293	0.06507273779671228
499.99999999999994	0.15151515151515152	0.1292929292929293	0.0647419187262064
499.99999999999994	0.15656565656565657	0.1292929292929293	0.0644146168587008
499.99999999999994	0.16161616161616163	0.1292929292929293	0.06408972337774978
499.99999999999994	0.16666666666666666	0.1292929292929293	0.0637685979674272
499.99999999999994	0.1717171717171717	0.1292929292929293	0.06345144991217994
499.99999999999994	0.17676767676767677	0.1292929292929293	0.0631373479437396
499.99999999999994	0.18181818181818182	0.1292929292929293	0.06282630782093912
499.99999999999994	0.18686868686868688	0.1292929292929293	0.06251709941193895
499.99999999999994	0.1919191919191919	0.1292929292929293	0.06221145927499464
499.99999999999994	0.19696969696969696	0.1292929292929293	0.06190950844778025
499.99999999999994	0.20202020202020202	0.1292929292929293	0.0616099238832462
499.99999999999994	0.20707070707070707	0.1292929292929293	0.0613130447449712
499.99999999999994	0.21212121212121213	0.1292929292929293	0.061018216863464335
499.99999999999994	0.21717171717171718	0.1292929292929293	0.060727354446299495
499.99999999999994	0.2222222222222222	0.1292929292929293	0.060439207456460906
499.99999999999994	0.22727272727272727	0.1292929292929293	0.060151811729877595
499.99999999999994	0.23232323232323232	0.1292929292929293	0.05986902969956817
499.99999999999994	0.23737373737373738	0.1292929292929293	0.05958918775529304
499.99999999999994	0.24242424242424243	0.1292929292929293	0.05931244450534651
499.99999999999994	0.2474747474747475	0.1292929292929293	0.059036880567658316
499.99999999999994	0.25252525252525254	0.1292929292929293	0.058764505683595855
499.99999999999994	0.25757575757575757	0.1292929292929293	0.05849459847031407
499.99999999999994	0.26262626262626265	0.1292929292929293	0.05822757263871918
499.99999999999994	0.2676767676767677	0.1292929292929293	0.05796329118894203
499.99999999999994	0.2727272727272727	0.1292929292929293	0.05770047234748074
499.99999999999994	0.2777777777777778	0.1292929292929293	0.057440388402045024
499.99999999999994	0.2828282828282828	0.1292929292929293	0.05718228979798802
499.99999999999994	0.2878787878787879	0.1292929292929293	0.05692749733887395
499.99999999999994	0.29292929292929293	0.1292929292929293	0.056675074834636505
499.99999999999994	0.29797979797979796	0.1292929292929293	0.056424877684202256
499.99999999999994	0.30303030303030304	0.1292929292929293	0.056176002956434164
499.99999999999994	0.30808080808080807	0.1292929292929293	0.05593019222884569
499.99999999999994	0.31313131313131315	0.1292929292929293	0.055686048620810114
499.99999999999994	0.3181818181818182	0.1292929292929293	0.05544470883154275
499.99999999999994	0.32323232323232326	0.1292929292929293	0.05520600515179086
499.99999999999994	0.3282828282828283	0.1292929292929293	0.05496915042570111
499.99999999999994	0.3333333333333333	0.1292929292929293	0.05473382949326683
499.99999999999994	0.3383838383838384	0.1292929292929293	0.05450119767407624
499.99999999999994	0.3434343434343434	0.1292929292929293	0.054270309821350456
499.99999999999994	0.3484848484848485	0.1292929292929293	0.054041187353048685
499.99999999999994	0.35353535353535354	0.1292929292929293	0.05381397302521054
499.99999999999994	0.35858585858585856	0.1292929292929293	0.05359040844898787
499.99999999999994	0.36363636363636365	0.1292929292929293	0.05336899928283211
499.99999999999994	0.3686868686868687	0.1292929292929293	0.05314950141195377
499.99999999999994	0.37373737373737376	0.1292929292929293	0.05293145941605993
499.99999999999994	0.3787878787878788	0.1292929292929293	0.05271531674537556
499.99999999999994	0.3838383838383838	0.1292929292929293	0.05250033107851013
499.99999999999994	0.3888888888888889	0.1292929292929293	0.05228950870918943
499.99999999999994	0.3939393939393939	0.1292929292929293	0.05208035871233315
499.99999999999994	0.398989898989899	0.1292929292929293	0.05187202858064846
499.99999999999994	0.40404040404040403	0.1292929292929293	0.051666782175447915
499.99999999999994	0.4090909090909091	0.1292929292929293	0.051462864405513384
499.99999999999994	0.41414141414141414	0.1292929292929293	0.051260766240122296
499.99999999999994	0.41919191919191917	0.1292929292929293	0.05106087837122085
499.99999999999994	0.42424242424242425	0.1292929292929293	0.05086318044431723
499.99999999999994	0.4292929292929293	0.1292929292929293	0.05066807530562202
499.99999999999994	0.43434343434343436	0.1292929292929293	0.05047411404708028
499.99999999999994	0.4393939393939394	0.1292929292929293	0.05028250388635699
499.99999999999994	0.4444444444444444	0.1292929292929293	0.050091986052539686
499.99999999999994	0.4494949494949495	0.1292929292929293	0.04990456169136608
499.99999999999994	0.45454545454545453	0.1292929292929293	0.04971703875420628
499.99999999999994	0.4595959595959596	0.1292929292929293	0.04953418773009766
499.99999999999994	0.46464646464646464	0.1292929292929293	0.049351943402266896
499.99999999999994	0.4696969696969697	0.1292929292929293	0.049172572026492334
499.99999999999994	0.47474747474747475	0.1292929292929293	0.048994485255255016
499.99999999999994	0.4797979797979798	0.1292929292929293	0.04881845814728125
499.99999999999994	0.48484848484848486	0.1292929292929293	0.04864315722299726
499.99999999999994	0.4898989898989899	0.1292929292929293	0.048472578141262435
499.99999999999994	0.494949494949495	0.1292929292929293	0.0483026321995945
499.99999999999994	0.5	0.1292929292929293	0.04813655126849047
499.99999999999994	0.0	0.13737373737373737	0.07633259867189943
499.99999999999994	0.005050505050505051	0.13737373737373737	0.07588204743844797
499.99999999999994	0.010101010101010102	0.13737373737373737	0.07543453289672303
499.99999999999994	0.015151515151515152	0.13737373737373737	0.07499417173711714
499.99999999999994	0.020202020202020204	0.13737373737373737	0.07455805101033124
499.99999999999994	0.025252525252525252	0.13737373737373737	0.07412819647009597
499.99999999999994	0.030303030303030304	0.13737373737373737	0.07370308937568928
499.99999999999994	0.03535353535353535	0.13737373737373737	0.07328088448029628
499.99999999999994	0.04040404040404041	0.13737373737373737	0.07286447353055202
499.99999999999994	0.045454545454545456	0.13737373737373737	0.07245153966952947
499.99999999999994	0.050505050505050504	0.13737373737373737	0.07204492755406136
499.99999999999994	0.05555555555555555	0.13737373737373737	0.07164299997698213
499.99999999999994	0.06060606060606061	0.13737373737373737	0.07124351866878209
499.99999999999994	0.06565656565656566	0.13737373737373737	0.07084923870019164
499.99999999999994	0.0707070707070707	0.13737373737373737	0.07045811498960522
499.99999999999994	0.07575757575757576	0.13737373737373737	0.0700728758925614
499.99999999999994	0.08080808080808081	0.13737373737373737	0.06969207389311853
499.99999999999994	0.08585858585858586	0.13737373737373737	0.0693136760418782
499.99999999999994	0.09090909090909091	0.13737373737373737	0.06893976710627643
499.99999999999994	0.09595959595959595	0.13737373737373737	0.068568883182233
499.99999999999994	0.10101010101010101	0.13737373737373737	0.06820342234884487
499.99999999999994	0.10606060606060606	0.13737373737373737	0.06784212229915802
499.99999999999994	0.1111111111111111	0.13737373737373737	0.06748287135256549
499.99999999999994	0.11616161616161616	0.13737373737373737	0.06712761672983793
499.99999999999994	0.12121212121212122	0.13737373737373737	0.06677587768576768
499.99999999999994	0.12626262626262627	0.13737373737373737	0.06642869106439735
499.99999999999994	0.13131313131313133	0.13737373737373737	0.06608513618568254
499.99999999999994	0.13636363636363635	0.13737373737373737	0.06574329474979514
499.99999999999994	0.1414141414141414	0.13737373737373737	0.06540550085780855
499.99999999999994	0.14646464646464646	0.13737373737373737	0.06507166895818758
499.99999999999994	0.15151515151515152	0.13737373737373737	0.06474151836696838
499.99999999999994	0.15656565656565657	0.13737373737373737	0.06441523871039195
499.99999999999994	0.16161616161616163	0.13737373737373737	0.06409058734151488
499.99999999999994	0.16666666666666666	0.13737373737373737	0.06377052080613028
499.99999999999994	0.1717171717171717	0.13737373737373737	0.06345396986672702
499.99999999999994	0.17676767676767677	0.13737373737373737	0.06314021130346707
499.99999999999994	0.18181818181818182	0.13737373737373737	0.06282916774266425
499.99999999999994	0.18686868686868688	0.13737373737373737	0.06251973077511032
499.99999999999994	0.1919191919191919	0.13737373737373737	0.062215590337364096
499.99999999999994	0.19696969696969696	0.13737373737373737	0.06191359829129914
499.99999999999994	0.20202020202020202	0.13737373737373737	0.061614410039109176
499.99999999999994	0.20707070707070707	0.13737373737373737	0.06131762700410755
499.99999999999994	0.21212121212121213	0.13737373737373737	0.06102266775341703
499.99999999999994	0.21717171717171718	0.13737373737373737	0.06073313543742041
499.99999999999994	0.2222222222222222	0.13737373737373737	0.06044396823653457
499.99999999999994	0.22727272727272727	0.13737373737373737	0.06015841211826484
499.99999999999994	0.23232323232323232	0.13737373737373737	0.05987653607002882
499.99999999999994	0.23737373737373738	0.13737373737373737	0.05959715505503331
499.99999999999994	0.24242424242424243	0.13737373737373737	0.05932034059933379
499.99999999999994	0.2474747474747475	0.13737373737373737	0.05904514609285245
499.99999999999994	0.25252525252525254	0.13737373737373737	0.05877294938131889
499.99999999999994	0.25757575757575757	0.13737373737373737	0.058503854442322215
499.99999999999994	0.26262626262626265	0.13737373737373737	0.058237226458742616
499.99999999999994	0.2676767676767677	0.13737373737373737	0.05797318591623394
499.99999999999994	0.2727272727272727	0.13737373737373737	0.05771043882525158
499.99999999999994	0.2777777777777778	0.13737373737373737	0.0574508549403307
499.99999999999994	0.2828282828282828	0.13737373737373737	0.05719347273234935
499.99999999999994	0.2878787878787879	0.13737373737373737	0.05693885293067964
499.99999999999994	0.29292929292929293	0.13737373737373737	0.056686903865058764
499.99999999999994	0.29797979797979796	0.13737373737373737	0.05643693270991228
499.99999999999994	0.30303030303030304	0.13737373737373737	0.05618852937856534
499.99999999999994	0.30808080808080807	0.13737373737373737	0.05594299286109094
499.99999999999994	0.31313131313131315	0.13737373737373737	0.05569931595991005
499.99999999999994	0.3181818181818182	0.13737373737373737	0.05545840400742622
499.99999999999994	0.32323232323232326	0.13737373737373737	0.05522009125006229
499.99999999999994	0.3282828282828283	0.13737373737373737	0.05498357452568949
499.99999999999994	0.3333333333333333	0.13737373737373737	0.05474863990134169
499.99999999999994	0.3383838383838384	0.13737373737373737	0.05451633937979086
499.99999999999994	0.3434343434343434	0.13737373737373737	0.05428579741533046
499.99999999999994	0.3484848484848485	0.13737373737373737	0.05405701937859414
499.99999999999994	0.35353535353535354	0.13737373737373737	0.05383106594840537
499.99999999999994	0.35858585858585856	0.13737373737373737	0.053608281623790374
499.99999999999994	0.36363636363636365	0.13737373737373737	0.053387027483538
499.99999999999994	0.3686868686868687	0.13737373737373737	0.05316757327139577
499.99999999999994	0.37373737373737376	0.13737373737373737	0.05294963560156473
499.99999999999994	0.3787878787878788	0.13737373737373737	0.05273303858112421
499.99999999999994	0.3838383838383838	0.13737373737373737	0.052520898642066535
499.99999999999994	0.3888888888888889	0.13737373737373737	0.05231041900262414
499.99999999999994	0.3939393939393939	0.13737373737373737	0.05210022749346183
499.99999999999994	0.398989898989899	0.13737373737373737	0.05189326809129805
499.99999999999994	0.40404040404040403	0.13737373737373737	0.05168750617585165
499.99999999999994	0.4090909090909091	0.13737373737373737	0.05148473608849652
499.99999999999994	0.41414141414141414	0.13737373737373737	0.05128273704050813
499.99999999999994	0.41919191919191917	0.13737373737373737	0.05108464486976545
499.99999999999994	0.42424242424242425	0.13737373737373737	0.05088715055767036
499.99999999999994	0.4292929292929293	0.13737373737373737	0.05069243480298594
499.99999999999994	0.43434343434343436	0.13737373737373737	0.05049914557826671
499.99999999999994	0.4393939393939394	0.13737373737373737	0.05030723427639082
499.99999999999994	0.4444444444444444	0.13737373737373737	0.05011839508239603
499.99999999999994	0.4494949494949495	0.13737373737373737	0.04993020745060475
499.99999999999994	0.45454545454545453	0.13737373737373737	0.04974522570878812
499.99999999999994	0.4595959595959596	0.13737373737373737	0.04956198817409778
499.99999999999994	0.46464646464646464	0.13737373737373737	0.049381794618452664
499.99999999999994	0.4696969696969697	0.13737373737373737	0.04920186398861152
499.99999999999994	0.47474747474747475	0.13737373737373737	0.04902529915270665
499.99999999999994	0.4797979797979798	0.13737373737373737	0.04884914952477421
499.99999999999994	0.48484848484848486	0.13737373737373737	0.04867699623223918
499.99999999999994	0.4898989898989899	0.13737373737373737	0.04850573113663504
499.99999999999994	0.494949494949495	0.13737373737373737	0.04833819403769561
499.99999999999994	0.5	0.13737373737373737	0.04817443826493178
499.99999999999994	0.0	0.14545454545454545	0.07631491668067485
499.99999999999994	0.005050505050505051	0.14545454545454545	0.07586510269776511
499.99999999999994	0.010101010101010102	0.14545454545454545	0.07541892841345622
499.99999999999994	0.015151515151515152	0.14545454545454545	0.07497917013570285
499.99999999999994	0.020202020202020204	0.14545454545454545	0.07454439428203372
499.99999999999994	0.025252525252525252	0.14545454545454545	0.07411476512065378
499.99999999999994	0.030303030303030304	0.14545454545454545	0.07368996654357604
499.99999999999994	0.03535353535353535	0.14545454545454545	0.07326804735530464
499.99999999999994	0.04040404040404041	0.14545454545454545	0.0728523503121533
499.99999999999994	0.045454545454545456	0.14545454545454545	0.0724410931009733
499.99999999999994	0.050505050505050504	0.14545454545454545	0.07203476334764915
499.99999999999994	0.05555555555555555	0.14545454545454545	0.0716331356404059
499.99999999999994	0.06060606060606061	0.14545454545454545	0.07123364323385874
499.99999999999994	0.06565656565656566	0.14545454545454545	0.0708403093636973
499.99999999999994	0.0707070707070707	0.14545454545454545	0.07045067232035822
499.99999999999994	0.07575757575757576	0.14545454545454545	0.07006568968343149
499.99999999999994	0.08080808080808081	0.14545454545454545	0.06968518257767822
499.99999999999994	0.08585858585858586	0.14545454545454545	0.06930657492222952
499.99999999999994	0.09090909090909091	0.14545454545454545	0.06893351831092605
499.99999999999994	0.09595959595959595	0.14545454545454545	0.0685640520985603
499.99999999999994	0.10101010101010101	0.14545454545454545	0.06819880795615257
499.99999999999994	0.10606060606060606	0.14545454545454545	0.06783759399063843
499.99999999999994	0.1111111111111111	0.14545454545454545	0.06747814012461442
499.99999999999994	0.11616161616161616	0.14545454545454545	0.06712368481554679
499.99999999999994	0.12121212121212122	0.14545454545454545	0.06677324527543266
499.99999999999994	0.12626262626262627	0.14545454545454545	0.06642622125592813
499.99999999999994	0.13131313131313133	0.14545454545454545	0.0660826484366702
499.99999999999994	0.13636363636363635	0.14545454545454545	0.06574075876236589
499.99999999999994	0.1414141414141414	0.14545454545454545	0.0654044948404643
499.99999999999994	0.14646464646464646	0.14545454545454545	0.06507194623093991
499.99999999999994	0.15151515151515152	0.14545454545454545	0.06474276398814921
499.99999999999994	0.15656565656565657	0.14545454545454545	0.06441656228025407
499.99999999999994	0.16161616161616163	0.14545454545454545	0.06409215100438494
499.99999999999994	0.16666666666666666	0.14545454545454545	0.06377337140296298
499.99999999999994	0.1717171717171717	0.14545454545454545	0.06345656751071017
499.99999999999994	0.17676767676767677	0.14545454545454545	0.06314306623087296
499.99999999999994	0.18181818181818182	0.14545454545454545	0.06283210055548284
499.99999999999994	0.18686868686868688	0.14545454545454545	0.0625233365507104
499.99999999999994	0.1919191919191919	0.14545454545454545	0.06221987057033562
499.99999999999994	0.19696969696969696	0.14545454545454545	0.061917866827779965
499.99999999999994	0.20202020202020202	0.14545454545454545	0.06161900893141931
499.99999999999994	0.20707070707070707	0.14545454545454545	0.061322328334095365
499.99999999999994	0.21212121212121213	0.14545454545454545	0.06102851207550226
499.99999999999994	0.21717171717171718	0.14545454545454545	0.06073832110705235
499.99999999999994	0.2222222222222222	0.14545454545454545	0.06045080412713079
499.99999999999994	0.22727272727272727	0.14545454545454545	0.06016607181479041
499.99999999999994	0.23232323232323232	0.14545454545454545	0.05988429019303945
499.99999999999994	0.23737373737373738	0.14545454545454545	0.059605485017380624
499.99999999999994	0.24242424242424243	0.14545454545454545	0.05932854959227106
499.99999999999994	0.2474747474747475	0.14545454545454545	0.05905390772852078
499.99999999999994	0.25252525252525254	0.14545454545454545	0.05878221990851618
499.99999999999994	0.25757575757575757	0.14545454545454545	0.05851344091194559
499.99999999999994	0.26262626262626265	0.14545454545454545	0.05824718394646548
499.99999999999994	0.2676767676767677	0.14545454545454545	0.057983420451846054
499.99999999999994	0.2727272727272727	0.14545454545454545	0.057720884388294334
499.99999999999994	0.2777777777777778	0.14545454545454545	0.05746171121579873
499.99999999999994	0.2828282828282828	0.14545454545454545	0.05720507462846574
499.99999999999994	0.2878787878787879	0.14545454545454545	0.05695083365312159
499.99999999999994	0.29292929292929293	0.14545454545454545	0.056699137675957814
499.99999999999994	0.29797979797979796	0.14545454545454545	0.056449434552093024
499.99999999999994	0.30303030303030304	0.14545454545454545	0.05620156376593429
499.99999999999994	0.30808080808080807	0.14545454545454545	0.05595630069358514
499.99999999999994	0.31313131313131315	0.14545454545454545	0.055713122236081575
499.99999999999994	0.3181818181818182	0.14545454545454545	0.05547258780622438
499.99999999999994	0.32323232323232326	0.14545454545454545	0.05523461331436961
499.99999999999994	0.3282828282828283	0.14545454545454545	0.05499844922750775
499.99999999999994	0.3333333333333333	0.14545454545454545	0.054763883524611826
499.99999999999994	0.3383838383838384	0.14545454545454545	0.054531864305599094
499.99999999999994	0.3434343434343434	0.14545454545454545	0.054301609920747076
499.99999999999994	0.3484848484848485	0.14545454545454545	0.054074158608158646
499.99999999999994	0.35353535353535354	0.14545454545454545	0.05384904859341225
499.99999999999994	0.35858585858585856	0.14545454545454545	0.05362655901183833
499.99999999999994	0.36363636363636365	0.14545454545454545	0.053405624197068985
499.99999999999994	0.3686868686868687	0.14545454545454545	0.053186103590897225
499.99999999999994	0.37373737373737376	0.14545454545454545	0.05296804108823394
499.99999999999994	0.3787878787878788	0.14545454545454545	0.052754098104631636
499.99999999999994	0.3838383838383838	0.14545454545454545	0.0525415875478724
499.99999999999994	0.3888888888888889	0.14545454545454545	0.05232964528244673
499.99999999999994	0.3939393939393939	0.14545454545454545	0.05212123973918701
499.99999999999994	0.398989898989899	0.14545454545454545	0.05191456449585586
499.99999999999994	0.40404040404040403	0.14545454545454545	0.05171038710346907
499.99999999999994	0.4090909090909091	0.14545454545454545	0.05150629224952101
499.99999999999994	0.41414141414141414	0.14545454545454545	0.05130724605823862
499.99999999999994	0.41919191919191917	0.14545454545454545	0.05110831545556208
499.99999999999994	0.42424242424242425	0.14545454545454545	0.05091173949906147
499.99999999999994	0.4292929292929293	0.14545454545454545	0.05071737007602559
499.99999999999994	0.43434343434343436	0.14545454545454545	0.05052346583850584
499.99999999999994	0.4393939393939394	0.14545454545454545	0.050334090673530035
499.99999999999994	0.4444444444444444	0.14545454545454545	0.05014498750323656
499.99999999999994	0.4494949494949495	0.14545454545454545	0.049958098817035994
499.99999999999994	0.45454545454545453	0.14545454545454545	0.049773199509035526
499.99999999999994	0.4595959595959596	0.14545454545454545	0.04959204926536926
499.99999999999994	0.46464646464646464	0.14545454545454545	0.049411203292717074
499.99999999999994	0.4696969696969697	0.14545454545454545	0.04923353035056346
499.99999999999994	0.47474747474747475	0.14545454545454545	0.04905627425805184
499.99999999999994	0.4797979797979798	0.14545454545454545	0.04888275716869166
499.99999999999994	0.48484848484848486	0.14545454545454545	0.0487103326707985
499.99999999999994	0.4898989898989899	0.14545454545454545	0.04854102571103823
499.99999999999994	0.494949494949495	0.14545454545454545	0.048376320590014885
499.99999999999994	0.5	0.14545454545454545	0.048216743707030725
499.99999999999994	0.0	0.15353535353535352	0.07629903064013407
499.99999999999994	0.005050505050505051	0.15353535353535352	0.0758482646174895
499.99999999999994	0.010101010101010102	0.15353535353535352	0.07540415805507979
499.99999999999994	0.015151515151515152	0.15353535353535352	0.07496569208052555
499.99999999999994	0.020202020202020204	0.15353535353535352	0.07453169155444844
499.99999999999994	0.025252525252525252	0.15353535353535352	0.07410232035505832
499.99999999999994	0.030303030303030304	0.15353535353535352	0.07367715735636819
499.99999999999994	0.03535353535353535	0.15353535353535352	0.0732566571880638
499.99999999999994	0.04040404040404041	0.15353535353535352	0.07284169497436972
499.99999999999994	0.045454545454545456	0.15353535353535352	0.07243111585778002
499.99999999999994	0.050505050505050504	0.15353535353535352	0.07202537021300386
499.99999999999994	0.05555555555555555	0.15353535353535352	0.0716234450194603
499.99999999999994	0.06060606060606061	0.15353535353535352	0.07122514855612157
499.99999999999994	0.06565656565656566	0.15353535353535352	0.07083211687488365
499.99999999999994	0.0707070707070707	0.15353535353535352	0.07044337851994623
499.99999999999994	0.07575757575757576	0.15353535353535352	0.07005886632619784
499.99999999999994	0.08080808080808081	0.15353535353535352	0.06967825258227528
499.99999999999994	0.08585858585858586	0.15353535353535352	0.0693006173834069
499.99999999999994	0.09090909090909091	0.15353535353535352	0.06892793491599283
499.99999999999994	0.09595959595959595	0.15353535353535352	0.06855927108200188
499.99999999999994	0.10101010101010101	0.15353535353535352	0.06819434394225339
499.99999999999994	0.10606060606060606	0.15353535353535352	0.06783312264344604
499.99999999999994	0.1111111111111111	0.15353535353535352	0.06747443536155655
499.99999999999994	0.11616161616161616	0.15353535353535352	0.0671209284634839
499.99999999999994	0.12121212121212122	0.15353535353535352	0.06677061787935999
499.99999999999994	0.12626262626262627	0.15353535353535352	0.06642376403389373
499.99999999999994	0.13131313131313133	0.15353535353535352	0.06608028252097026
499.99999999999994	0.13636363636363635	0.15353535353535352	0.0657402559254414
499.99999999999994	0.1414141414141414	0.15353535353535352	0.06540558027596323
499.99999999999994	0.14646464646464646	0.15353535353535352	0.0650730309679311
499.99999999999994	0.15151515151515152	0.15353535353535352	0.06474402145548372
499.99999999999994	0.15656565656565657	0.15353535353535352	0.06441790426975882
499.99999999999994	0.16161616161616163	0.15353535353535352	0.06409485818674068
499.99999999999994	0.16666666666666666	0.15353535353535352	0.06377622492627931
499.99999999999994	0.1717171717171717	0.15353535353535352	0.0634594440527963
499.99999999999994	0.17676767676767677	0.15353535353535352	0.06314607672187705
499.99999999999994	0.18181818181818182	0.15353535353535352	0.06283524212180995
499.99999999999994	0.18686868686868688	0.15353535353535352	0.06252808099052122
499.99999999999994	0.1919191919191919	0.15353535353535352	0.06222431694560119
499.99999999999994	0.19696969696969696	0.15353535353535352	0.06192238224580892
499.99999999999994	0.20202020202020202	0.15353535353535352	0.06162377708024715
499.99999999999994	0.20707070707070707	0.15353535353535352	0.06132732350132588
499.99999999999994	0.21212121212121213	0.15353535353535352	0.061034810953247066
499.99999999999994	0.21717171717171718	0.15353535353535352	0.06074497980200186
499.99999999999994	0.2222222222222222	0.15353535353535352	0.06045789723114654
499.99999999999994	0.22727272727272727	0.15353535353535352	0.06017403390396862
499.99999999999994	0.23232323232323232	0.15353535353535352	0.05989264367892636
499.99999999999994	0.23737373737373738	0.15353535353535352	0.0596140547641162
499.99999999999994	0.24242424242424243	0.15353535353535352	0.05933703791888113
499.99999999999994	0.2474747474747475	0.15353535353535352	0.059063002136641236
499.99999999999994	0.25252525252525254	0.15353535353535352	0.05879192171211796
499.99999999999994	0.25757575757575757	0.15353535353535352	0.05852342014688777
499.99999999999994	0.26262626262626265	0.15353535353535352	0.0582575730574119
499.99999999999994	0.2676767676767677	0.15353535353535352	0.05799402773132464
499.99999999999994	0.2727272727272727	0.15353535353535352	0.057731970254967915
499.99999999999994	0.2777777777777778	0.15353535353535352	0.057473030708448
499.99999999999994	0.2828282828282828	0.15353535353535352	0.057217060867141775
499.99999999999994	0.2878787878787879	0.15353535353535352	0.056963217210795364
499.99999999999994	0.29292929292929293	0.15353535353535352	0.05671185100386054
499.99999999999994	0.29797979797979796	0.15353535353535352	0.05646241707789105
499.99999999999994	0.30303030303030304	0.15353535353535352	0.05621505672118197
499.99999999999994	0.30808080808080807	0.15353535353535352	0.055970143963479116
499.99999999999994	0.31313131313131315	0.15353535353535352	0.055727362191041394
499.99999999999994	0.3181818181818182	0.15353535353535352	0.05548718027998904
499.99999999999994	0.32323232323232326	0.15353535353535352	0.055249546119193325
499.99999999999994	0.3282828282828283	0.15353535353535352	0.055013736624680266
499.99999999999994	0.3333333333333333	0.15353535353535352	0.054779500132077025
499.99999999999994	0.3383838383838384	0.15353535353535352	0.05454768106132432
499.99999999999994	0.3434343434343434	0.15353535353535352	0.054318590628929464
499.99999999999994	0.3484848484848485	0.15353535353535352	0.05409227178466452
499.99999999999994	0.35353535353535354	0.15353535353535352	0.05386762446992198
499.99999999999994	0.35858585858585856	0.15353535353535352	0.053644902110860024
499.99999999999994	0.36363636363636365	0.15353535353535352	0.053424041760161196
499.99999999999994	0.3686868686868687	0.15353535353535352	0.05320414134327917
499.99999999999994	0.37373737373737376	0.15353535353535352	0.05298882540965789
499.99999999999994	0.3787878787878788	0.15353535353535352	0.05277473858939359
499.99999999999994	0.3838383838383838	0.15353535353535352	0.052560990911231086
499.99999999999994	0.3888888888888889	0.15353535353535352	0.052351218676812326
499.99999999999994	0.3939393939393939	0.15353535353535352	0.05214317008706492
499.99999999999994	0.398989898989899	0.15353535353535352	0.051937251598373146
499.99999999999994	0.40404040404040403	0.15353535353535352	0.05173151865768026
499.99999999999994	0.4090909090909091	0.15353535353535352	0.0515309259593129
499.99999999999994	0.41414141414141414	0.15353535353535352	0.05133129137818299
499.99999999999994	0.41919191919191917	0.15353535353535352	0.05113277530759635
499.99999999999994	0.42424242424242425	0.15353535353535352	0.05093646326034506
499.99999999999994	0.4292929292929293	0.15353535353535352	0.0507415930641975
499.99999999999994	0.43434343434343436	0.15353535353535352	0.05055165696851592
499.99999999999994	0.4393939393939394	0.15353535353535352	0.05036078851585096
499.99999999999994	0.4444444444444444	0.15353535353535352	0.05017234308428611
499.99999999999994	0.4494949494949495	0.15353535353535352	0.04998649090574217
499.99999999999994	0.45454545454545453	0.15353535353535352	0.04980375658276838
499.99999999999994	0.4595959595959596	0.15353535353535352	0.04962182053733494
499.99999999999994	0.46464646464646464	0.15353535353535352	0.04944279434797193
499.99999999999994	0.4696969696969697	0.15353535353535352	0.049264597813630163
499.99999999999994	0.47474747474747475	0.15353535353535352	0.04908959856695886
499.99999999999994	0.4797979797979798	0.15353535353535352	0.048916144556757704
499.99999999999994	0.48484848484848486	0.15353535353535352	0.04874466485529198
499.99999999999994	0.4898989898989899	0.15353535353535352	0.0485790001956227
499.99999999999994	0.494949494949495	0.15353535353535352	0.04841789405032826
499.99999999999994	0.5	0.15353535353535352	0.048266705933136714
499.99999999999994	0.0	0.16161616161616163	0.0762829575167595
499.99999999999994	0.005050505050505051	0.16161616161616163	0.07583257418265239
499.99999999999994	0.010101010101010102	0.16161616161616163	0.07539018171304843
499.99999999999994	0.015151515151515152	0.16161616161616163	0.07495162780844992
499.99999999999994	0.020202020202020204	0.16161616161616163	0.07451883957019348
499.99999999999994	0.025252525252525252	0.16161616161616163	0.07408997596334567
499.99999999999994	0.030303030303030304	0.16161616161616163	0.07366456552178345
499.99999999999994	0.03535353535353535	0.16161616161616163	0.073245540844186
499.99999999999994	0.04040404040404041	0.16161616161616163	0.07283127231658841
499.99999999999994	0.045454545454545456	0.16161616161616163	0.07242183916661009
499.99999999999994	0.050505050505050504	0.16161616161616163	0.07201635804493695
499.99999999999994	0.05555555555555555	0.16161616161616163	0.07161397721707562
499.99999999999994	0.06060606060606061	0.16161616161616163	0.0712166097239926
499.99999999999994	0.06565656565656566	0.16161616161616163	0.0708246630818676
499.99999999999994	0.0707070707070707	0.16161616161616163	0.07043673203343115
499.99999999999994	0.07575757575757576	0.16161616161616163	0.07005269789812546
499.99999999999994	0.08080808080808081	0.16161616161616163	0.06967168069022854
499.99999999999994	0.08585858585858586	0.16161616161616163	0.06929479324042159
499.99999999999994	0.09090909090909091	0.16161616161616163	0.0689230661257169
499.99999999999994	0.09595959595959595	0.16161616161616163	0.06855487083514021
499.99999999999994	0.10101010101010101	0.16161616161616163	0.06819051475308026
499.99999999999994	0.10606060606060606	0.16161616161616163	0.06782874774252069
499.99999999999994	0.1111111111111111	0.16161616161616163	0.06747099195342762
499.99999999999994	0.11616161616161616	0.16161616161616163	0.06711818411383108
499.99999999999994	0.12121212121212122	0.16161616161616163	0.0667683705641473
499.99999999999994	0.12626262626262627	0.16161616161616163	0.06642284681099295
499.99999999999994	0.13131313131313133	0.16161616161616163	0.06607973949505584
499.99999999999994	0.13636363636363635	0.16161616161616163	0.06574134850673473
499.99999999999994	0.1414141414141414	0.16161616161616163	0.06540657738254774
499.99999999999994	0.14646464646464646	0.16161616161616163	0.06507473448822948
499.99999999999994	0.15151515151515152	0.16161616161616163	0.06474580071375231
499.99999999999994	0.15656565656565657	0.16161616161616163	0.06441933712727761
499.99999999999994	0.16161616161616163	0.16161616161616163	0.06409802453188185
499.99999999999994	0.16666666666666666	0.16161616161616163	0.06377911897037253
499.99999999999994	0.1717171717171717	0.16161616161616163	0.06346297273872187
499.99999999999994	0.17676767676767677	0.16161616161616163	0.0631495540418642
499.99999999999994	0.18181818181818182	0.16161616161616163	0.06283892786761898
499.99999999999994	0.18686868686868688	0.16161616161616163	0.06253299867469708
499.99999999999994	0.1919191919191919	0.16161616161616163	0.06222897257272725
499.99999999999994	0.19696969696969696	0.16161616161616163	0.06192752842739614
499.99999999999994	0.20202020202020202	0.16161616161616163	0.061628903491754955
499.99999999999994	0.20707070707070707	0.16161616161616163	0.06133329643876874
499.99999999999994	0.21212121212121213	0.16161616161616163	0.061042608519080624
499.99999999999994	0.21717171717171718	0.16161616161616163	0.06075228770781737
499.99999999999994	0.2222222222222222	0.16161616161616163	0.06046581340389275
499.99999999999994	0.22727272727272727	0.16161616161616163	0.06018224863764446
499.99999999999994	0.23232323232323232	0.16161616161616163	0.059901292179281786
499.99999999999994	0.23737373737373738	0.16161616161616163	0.05962290675886572
499.99999999999994	0.24242424242424243	0.16161616161616163	0.05934591494762299
499.99999999999994	0.2474747474747475	0.16161616161616163	0.05907249749158212
499.99999999999994	0.25252525252525254	0.16161616161616163	0.05880205015636885
499.99999999999994	0.25757575757575757	0.16161616161616163	0.0585338374648508
499.99999999999994	0.26262626262626265	0.16161616161616163	0.058268408407021514
499.99999999999994	0.2676767676767677	0.16161616161616163	0.05800502875584544
499.99999999999994	0.2727272727272727	0.16161616161616163	0.057743535982483454
499.99999999999994	0.2777777777777778	0.16161616161616163	0.05748511668583317
499.99999999999994	0.2828282828282828	0.16161616161616163	0.05722946330430052
499.99999999999994	0.2878787878787879	0.16161616161616163	0.056976024018582934
499.99999999999994	0.29292929292929293	0.16161616161616163	0.05672503422947769
499.99999999999994	0.29797979797979796	0.16161616161616163	0.056475903683435684
499.99999999999994	0.30303030303030304	0.16161616161616163	0.056229025543984415
499.99999999999994	0.30808080808080807	0.16161616161616163	0.05598449745531628
499.99999999999994	0.31313131313131315	0.16161616161616163	0.05574201511300412
499.99999999999994	0.3181818181818182	0.16161616161616163	0.055502144614658876
499.99999999999994	0.32323232323232326	0.16161616161616163	0.05526483713988507
499.99999999999994	0.3282828282828283	0.16161616161616163	0.05502936581498826
499.99999999999994	0.3333333333333333	0.16161616161616163	0.054795389966304446
499.99999999999994	0.3383838383838384	0.16161616161616163	0.054564603099970806
499.99999999999994	0.3434343434343434	0.16161616161616163	0.0543366677714077
499.99999999999994	0.3484848484848485	0.16161616161616163	0.05411067447864173
499.99999999999994	0.35353535353535354	0.16161616161616163	0.053886295516511314
499.99999999999994	0.35858585858585856	0.16161616161616163	0.05366321761704754
499.99999999999994	0.36363636363636365	0.16161616161616163	0.05344167196228639
499.99999999999994	0.3686868686868687	0.16161616161616163	0.053224753561937746
499.99999999999994	0.37373737373737376	0.16161616161616163	0.05300892173614478
499.99999999999994	0.3787878787878788	0.16161616161616163	0.052793378613739374
499.99999999999994	0.3838383838383838	0.16161616161616163	0.052583148940320366
499.99999999999994	0.3888888888888889	0.16161616161616163	0.05237311633483577
499.99999999999994	0.3939393939393939	0.16161616161616163	0.0521653385428444
499.99999999999994	0.398989898989899	0.16161616161616163	0.05195869675508588
499.99999999999994	0.40404040404040403	0.16161616161616163	0.05175627488439168
499.99999999999994	0.4090909090909091	0.16161616161616163	0.05155523432899891
499.99999999999994	0.41414141414141414	0.16161616161616163	0.05135585614655262
499.99999999999994	0.41919191919191917	0.16161616161616163	0.05115807882100101
499.99999999999994	0.42424242424242425	0.16161616161616163	0.050961518576707034
499.99999999999994	0.4292929292929293	0.16161616161616163	0.050769963257860914
499.99999999999994	0.43434343434343436	0.16161616161616163	0.050577646817519646
499.99999999999994	0.4393939393939394	0.16161616161616163	0.05038837010663468
499.99999999999994	0.4444444444444444	0.16161616161616163	0.05020141165693995
499.99999999999994	0.4494949494949495	0.16161616161616163	0.05001752027820085
499.99999999999994	0.45454545454545453	0.16161616161616163	0.0498340114914179
499.99999999999994	0.4595959595959596	0.16161616161616163	0.049653253205512574
499.99999999999994	0.46464646464646464	0.16161616161616163	0.04947424616822506
499.99999999999994	0.4696969696969697	0.16161616161616163	0.049297549181423914
499.99999999999994	0.47474747474747475	0.16161616161616163	0.049123084117518166
499.99999999999994	0.4797979797979798	0.16161616161616163	0.0489501867716475
499.99999999999994	0.48484848484848486	0.16161616161616163	0.04878238898118048
499.99999999999994	0.4898989898989899	0.16161616161616163	0.04861959360401885
499.99999999999994	0.494949494949495	0.16161616161616163	0.04846586644766582
499.99999999999994	0.5	0.16161616161616163	0.048328751699206536
499.99999999999994	0.0	0.1696969696969697	0.07626695818499869
499.99999999999994	0.005050505050505051	0.1696969696969697	0.07581765298699619
499.99999999999994	0.010101010101010102	0.1696969696969697	0.075376493656264
499.99999999999994	0.015151515151515152	0.1696969696969697	0.07493808912319615
499.99999999999994	0.020202020202020204	0.1696969696969697	0.07450601484581457
499.99999999999994	0.025252525252525252	0.1696969696969697	0.07407780226299482
499.99999999999994	0.030303030303030304	0.1696969696969697	0.07365275507579423
499.99999999999994	0.03535353535353535	0.1696969696969697	0.07323542859719086
499.99999999999994	0.04040404040404041	0.1696969696969697	0.07282120896208126
499.99999999999994	0.045454545454545456	0.1696969696969697	0.07241242118832832
499.99999999999994	0.050505050505050504	0.1696969696969697	0.07200728476721494
499.99999999999994	0.05555555555555555	0.1696969696969697	0.07160499203593354
499.99999999999994	0.06060606060606061	0.1696969696969697	0.07120958177431184
499.99999999999994	0.06565656565656566	0.1696969696969697	0.07081759674342844
499.99999999999994	0.0707070707070707	0.1696969696969697	0.07043033581423992
499.99999999999994	0.07575757575757576	0.1696969696969697	0.07004657276233181
499.99999999999994	0.08080808080808081	0.1696969696969697	0.06966524969302951
499.99999999999994	0.08585858585858586	0.1696969696969697	0.06929009352871698
499.99999999999994	0.09090909090909091	0.1696969696969697	0.06891852174387206
499.99999999999994	0.09595959595959595	0.1696969696969697	0.06855104934073249
499.99999999999994	0.10101010101010101	0.1696969696969697	0.0681867752609028
499.99999999999994	0.10606060606060606	0.1696969696969697	0.06782474896909933
499.99999999999994	0.1111111111111111	0.1696969696969697	0.06746885194894037
499.99999999999994	0.11616161616161616	0.1696969696969697	0.0671166270016138
499.99999999999994	0.12121212121212122	0.1696969696969697	0.06676825737089277
499.99999999999994	0.12626262626262627	0.1696969696969697	0.06642283878266625
499.99999999999994	0.13131313131313133	0.1696969696969697	0.06607950212989494
499.99999999999994	0.13636363636363635	0.1696969696969697	0.06574278261261311
499.99999999999994	0.1414141414141414	0.1696969696969697	0.06540789657628908
499.99999999999994	0.14646464646464646	0.1696969696969697	0.06507654769435567
499.99999999999994	0.15151515151515152	0.1696969696969697	0.06474779184837902
499.99999999999994	0.15656565656565657	0.1696969696969697	0.06442157756010544
499.99999999999994	0.16161616161616163	0.1696969696969697	0.0641012599205217
499.99999999999994	0.16666666666666666	0.1696969696969697	0.06378221317498463
499.99999999999994	0.1717171717171717	0.1696969696969697	0.06346664952388402
499.99999999999994	0.17676767676767677	0.1696969696969697	0.06315335164803725
499.99999999999994	0.18181818181818182	0.1696969696969697	0.06284339994287412
499.99999999999994	0.18686868686868688	0.1696969696969697	0.06253803186134482
499.99999999999994	0.1919191919191919	0.1696969696969697	0.062233881812027915
499.99999999999994	0.19696969696969696	0.1696969696969697	0.06193307108506974
499.99999999999994	0.20202020202020202	0.1696969696969697	0.061634441214432824
499.99999999999994	0.20707070707070707	0.1696969696969697	0.06134165635377523
499.99999999999994	0.21212121212121213	0.1696969696969697	0.06104977051560281
499.99999999999994	0.21717171717171718	0.1696969696969697	0.06076003827782501
499.99999999999994	0.2222222222222222	0.1696969696969697	0.060474185063838004
499.99999999999994	0.22727272727272727	0.1696969696969697	0.06019077618585876
499.99999999999994	0.23232323232323232	0.1696969696969697	0.05991021037158041
499.99999999999994	0.23737373737373738	0.1696969696969697	0.05963210327301844
499.99999999999994	0.24242424242424243	0.1696969696969697	0.059355309442806835
499.99999999999994	0.2474747474747475	0.1696969696969697	0.05908276338093197
499.99999999999994	0.25252525252525254	0.1696969696969697	0.058812627016397154
499.99999999999994	0.25757575757575757	0.1696969696969697	0.05854480790475641
499.99999999999994	0.26262626262626265	0.1696969696969697	0.05827965838102052
499.99999999999994	0.2676767676767677	0.1696969696969697	0.058016479376923974
499.99999999999994	0.2727272727272727	0.1696969696969697	0.05775554725463033
499.99999999999994	0.2777777777777778	0.1696969696969697	0.05749765223226359
499.99999999999994	0.2828282828282828	0.1696969696969697	0.05724231276974766
499.99999999999994	0.2878787878787879	0.1696969696969697	0.05698929857186429
499.99999999999994	0.29292929292929293	0.1696969696969697	0.056738685658446024
499.99999999999994	0.29797979797979796	0.1696969696969697	0.056489910975977276
499.99999999999994	0.30303030303030304	0.1696969696969697	0.056243468188293094
499.99999999999994	0.30808080808080807	0.1696969696969697	0.05599934359361083
499.99999999999994	0.31313131313131315	0.1696969696969697	0.05575723105135508
499.99999999999994	0.3181818181818182	0.1696969696969697	0.055517481647680465
499.99999999999994	0.32323232323232326	0.1696969696969697	0.05528039535421254
499.99999999999994	0.3282828282828283	0.1696969696969697	0.05504521837184364
499.99999999999994	0.3333333333333333	0.1696969696969697	0.05481238153897939
499.99999999999994	0.3383838383838384	0.1696969696969697	0.054582586916386476
499.99999999999994	0.3434343434343434	0.1696969696969697	0.05435496445196675
499.99999999999994	0.3484848484848485	0.1696969696969697	0.05412901758577518
499.99999999999994	0.35353535353535354	0.1696969696969697	0.05390457789873966
499.99999999999994	0.35858585858585856	0.1696969696969697	0.05368110095368692
499.99999999999994	0.36363636363636365	0.1696969696969697	0.053462478253938565
499.99999999999994	0.3686868686868687	0.1696969696969697	0.05324484060935655
499.99999999999994	0.37373737373737376	0.1696969696969697	0.05302829173763355
499.99999999999994	0.3787878787878788	0.1696969696969697	0.05281650125723305
499.99999999999994	0.3838383838383838	0.1696969696969697	0.052604371299432906
499.99999999999994	0.3888888888888889	0.1696969696969697	0.05239548339492704
499.99999999999994	0.3939393939393939	0.1696969696969697	0.05218743892580635
499.99999999999994	0.398989898989899	0.1696969696969697	0.05198277395850257
499.99999999999994	0.40404040404040403	0.1696969696969697	0.051780884444952685
499.99999999999994	0.4090909090909091	0.1696969696969697	0.0515800179358384
499.99999999999994	0.41414141414141414	0.1696969696969697	0.05138092041797491
499.99999999999994	0.41919191919191917	0.1696969696969697	0.05118367852304575
499.99999999999994	0.42424242424242425	0.1696969696969697	0.050989906484957916
499.99999999999994	0.4292929292929293	0.1696969696969697	0.05079697671819498
499.99999999999994	0.43434343434343436	0.1696969696969697	0.050605758232513974
499.99999999999994	0.4393939393939394	0.1696969696969697	0.050417726122402445
499.99999999999994	0.4444444444444444	0.1696969696969697	0.05023225249527483
499.99999999999994	0.4494949494949495	0.1696969696969697	0.05004717040159063
499.99999999999994	0.45454545454545453	0.1696969696969697	0.049865236460313614
499.99999999999994	0.4595959595959596	0.1696969696969697	0.04968479624300408
499.99999999999994	0.46464646464646464	0.1696969696969697	0.04950679059679006
499.99999999999994	0.4696969696969697	0.1696969696969697	0.04933135658893733
499.99999999999994	0.47474747474747475	0.1696969696969697	0.0491577492003131
499.99999999999994	0.4797979797979798	0.1696969696969697	0.048987122781287154
499.99999999999994	0.48484848484848486	0.1696969696969697	0.04882298687793584
499.99999999999994	0.4898989898989899	0.1696969696969697	0.04866700721445974
499.99999999999994	0.494949494949495	0.1696969696969697	0.048526351152296976
499.99999999999994	0.5	0.1696969696969697	0.04841440541346879
499.99999999999994	0.0	0.17777777777777778	0.07625068712992275
499.99999999999994	0.005050505050505051	0.17777777777777778	0.07580468761127351
499.99999999999994	0.010101010101010102	0.17777777777777778	0.07536320518898018
499.99999999999994	0.015151515151515152	0.17777777777777778	0.07492537752722545
499.99999999999994	0.020202020202020204	0.17777777777777778	0.0744936086261526
499.99999999999994	0.025252525252525252	0.17777777777777778	0.07406568327450916
499.99999999999994	0.030303030303030304	0.17777777777777778	0.07364218901652798
499.99999999999994	0.03535353535353535	0.17777777777777778	0.07322552710569194
499.99999999999994	0.04040404040404041	0.17777777777777778	0.07281143539698
499.99999999999994	0.045454545454545456	0.17777777777777778	0.07240318320769729
499.99999999999994	0.050505050505050504	0.17777777777777778	0.07199853508137037
499.99999999999994	0.05555555555555555	0.17777777777777778	0.07159690348104518
499.99999999999994	0.06060606060606061	0.17777777777777778	0.07120281356191158
499.99999999999994	0.06565656565656566	0.17777777777777778	0.07081080570061962
499.99999999999994	0.0707070707070707	0.17777777777777778	0.07042406673829167
499.99999999999994	0.07575757575757576	0.17777777777777778	0.07004057348209079
499.99999999999994	0.08080808080808081	0.17777777777777778	0.06965959033956301
499.99999999999994	0.08585858585858586	0.17777777777777778	0.06928600659516378
499.99999999999994	0.09090909090909091	0.17777777777777778	0.06891432090248444
499.99999999999994	0.09595959595959595	0.17777777777777778	0.0685472908740958
499.99999999999994	0.10101010101010101	0.17777777777777778	0.06818321567844021
499.99999999999994	0.10606060606060606	0.17777777777777778	0.06782230612462553
499.99999999999994	0.1111111111111111	0.17777777777777778	0.06746847162825259
499.99999999999994	0.11616161616161616	0.17777777777777778	0.06711626290869423
499.99999999999994	0.12121212121212122	0.17777777777777778	0.06676827973311963
499.99999999999994	0.12626262626262627	0.17777777777777778	0.0664230579769132
499.99999999999994	0.13131313131313133	0.17777777777777778	0.06608097237462437
499.99999999999994	0.13636363636363635	0.17777777777777778	0.06574443163379443
499.99999999999994	0.1414141414141414	0.17777777777777778	0.06540942426145276
499.99999999999994	0.14646464646464646	0.17777777777777778	0.06507848691727307
499.99999999999994	0.15151515151515152	0.17777777777777778	0.06474990259406999
499.99999999999994	0.15656565656565657	0.17777777777777778	0.06442502989484776
499.99999999999994	0.16161616161616163	0.17777777777777778	0.06410460443331768
499.99999999999994	0.16666666666666666	0.17777777777777778	0.06378563581322812
499.99999999999994	0.1717171717171717	0.17777777777777778	0.06347046523424568
499.99999999999994	0.17676767676767677	0.17777777777777778	0.06315747264727653
499.99999999999994	0.18181818181818182	0.17777777777777778	0.06284850972978834
499.99999999999994	0.18686868686868688	0.17777777777777778	0.0625432581659987
499.99999999999994	0.1919191919191919	0.17777777777777778	0.06223927861275736
499.99999999999994	0.19696969696969696	0.17777777777777778	0.061938912015878964
499.99999999999994	0.20202020202020202	0.17777777777777778	0.061643229516789425
499.99999999999994	0.20707070707070707	0.17777777777777778	0.06134922945206809
499.99999999999994	0.21212121212121213	0.17777777777777778	0.06105726474159891
499.99999999999994	0.21717171717171718	0.17777777777777778	0.060768127455865864
499.99999999999994	0.2222222222222222	0.17777777777777778	0.060482876631431565
499.99999999999994	0.22727272727272727	0.17777777777777778	0.06019968329904477
499.99999999999994	0.23232323232323232	0.17777777777777778	0.05991948042982743
499.99999999999994	0.23737373737373738	0.17777777777777778	0.05964169361040666
499.99999999999994	0.24242424242424243	0.17777777777777778	0.059365463606229935
499.99999999999994	0.2474747474747475	0.17777777777777778	0.059093393573359514
499.99999999999994	0.25252525252525254	0.17777777777777778	0.058823602196389525
499.99999999999994	0.25757575757575757	0.17777777777777778	0.058556201927098234
499.99999999999994	0.26262626262626265	0.17777777777777778	0.05829133660416264
499.99999999999994	0.2676767676767677	0.17777777777777778	0.058028422596238756
499.99999999999994	0.2727272727272727	0.17777777777777778	0.057768033001231886
499.99999999999994	0.2777777777777778	0.17777777777777778	0.0575106139181197
499.99999999999994	0.2828282828282828	0.17777777777777778	0.05725562694961061
499.99999999999994	0.2878787878787879	0.17777777777777778	0.057003029086121725
499.99999999999994	0.29292929292929293	0.17777777777777778	0.0567528101281183
499.99999999999994	0.29797979797979796	0.17777777777777778	0.05650442846110053
499.99999999999994	0.30303030303030304	0.17777777777777778	0.05625836386263187
499.99999999999994	0.30808080808080807	0.17777777777777778	0.05601464749977263
499.99999999999994	0.31313131313131315	0.17777777777777778	0.05577293321297435
499.99999999999994	0.3181818181818182	0.17777777777777778	0.05553313393615353
499.99999999999994	0.32323232323232326	0.17777777777777778	0.055296079641313015
499.99999999999994	0.3282828282828283	0.17777777777777778	0.055062174931768
499.99999999999994	0.3333333333333333	0.17777777777777778	0.05483048076278259
499.99999999999994	0.3383838383838384	0.17777777777777778	0.05460099897747518
499.99999999999994	0.3434343434343434	0.17777777777777778	0.05437309934928663
499.99999999999994	0.3484848484848485	0.17777777777777778	0.054146903935343896
499.99999999999994	0.35353535353535354	0.17777777777777778	0.053922037783955774
499.99999999999994	0.35858585858585856	0.17777777777777778	0.05370204912998203
499.99999999999994	0.36363636363636365	0.17777777777777778	0.05348327081348381
499.99999999999994	0.3686868686868687	0.17777777777777778	0.05326497696825453
499.99999999999994	0.37373737373737376	0.17777777777777778	0.053051552645467126
499.99999999999994	0.3787878787878788	0.17777777777777778	0.05283732657298467
499.99999999999994	0.3838383838383838	0.17777777777777778	0.0526277575587424
499.99999999999994	0.3888888888888889	0.17777777777777778	0.05241767284623559
499.99999999999994	0.3939393939393939	0.17777777777777778	0.05221189456699631
499.99999999999994	0.398989898989899	0.17777777777777778	0.05200754077434676
499.99999999999994	0.40404040404040403	0.17777777777777778	0.0518056411637263
499.99999999999994	0.4090909090909091	0.17777777777777778	0.051604763857242004
499.99999999999994	0.41414141414141414	0.17777777777777778	0.05140660532046398
499.99999999999994	0.41919191919191917	0.17777777777777778	0.051210676503084966
499.99999999999994	0.42424242424242425	0.17777777777777778	0.051017294090030064
499.99999999999994	0.4292929292929293	0.17777777777777778	0.05082420522182499
499.99999999999994	0.43434343434343436	0.17777777777777778	0.050635185016270685
499.99999999999994	0.4393939393939394	0.17777777777777778	0.05044829873451171
499.99999999999994	0.4444444444444444	0.17777777777777778	0.05026138715516441
499.99999999999994	0.4494949494949495	0.17777777777777778	0.05007887094564948
499.99999999999994	0.45454545454545453	0.17777777777777778	0.049896866886474926
499.99999999999994	0.4595959595959596	0.17777777777777778	0.049717381601463696
499.99999999999994	0.46464646464646464	0.17777777777777778	0.04954050896986731
499.99999999999994	0.4696969696969697	0.17777777777777778	0.0493662688350225
499.99999999999994	0.47474747474747475	0.17777777777777778	0.04919472929306931
499.99999999999994	0.4797979797979798	0.17777777777777778	0.049028473380999325
499.99999999999994	0.48484848484848486	0.17777777777777778	0.04887015237985358
499.99999999999994	0.4898989898989899	0.17777777777777778	0.04872511747877053
499.99999999999994	0.494949494949495	0.17777777777777778	0.048607564665366976
499.99999999999994	0.5	0.17777777777777778	0.04854336901706389
499.99999999999994	0.0	0.18585858585858586	0.07623644761247393
499.99999999999994	0.005050505050505051	0.18585858585858586	0.07579145090274507
499.99999999999994	0.010101010101010102	0.18585858585858586	0.07534972426853266
499.99999999999994	0.015151515151515152	0.18585858585858586	0.07491354257673
499.99999999999994	0.020202020202020204	0.18585858585858586	0.0744811674444442
499.99999999999994	0.025252525252525252	0.18585858585858586	0.07405320506746348
499.99999999999994	0.030303030303030304	0.18585858585858586	0.07363273504933751
499.99999999999994	0.03535353535353535	0.18585858585858586	0.07321565733803317
499.99999999999994	0.04040404040404041	0.18585858585858586	0.07280264247204396
499.99999999999994	0.045454545454545456	0.18585858585858586	0.07239404487381153
499.99999999999994	0.050505050505050504	0.18585858585858586	0.07198975492982751
499.99999999999994	0.05555555555555555	0.18585858585858586	0.07159044099169834
499.99999999999994	0.06060606060606061	0.18585858585858586	0.07119610262152211
499.99999999999994	0.06565656565656566	0.18585858585858586	0.07080474923270891
499.99999999999994	0.0707070707070707	0.18585858585858586	0.07041799894183245
499.99999999999994	0.07575757575757576	0.18585858585858586	0.07003474362590872
499.99999999999994	0.08080808080808081	0.18585858585858586	0.06965575306283263
499.99999999999994	0.08585858585858586	0.18585858585858586	0.06928201157202608
499.99999999999994	0.09090909090909091	0.18585858585858586	0.06891064053742099
499.99999999999994	0.09595959595959595	0.18585858585858586	0.06854398139194322
499.99999999999994	0.10101010101010101	0.18585858585858586	0.06818109172065302
499.99999999999994	0.10606060606060606	0.18585858585858586	0.06782246086350657
499.99999999999994	0.1111111111111111	0.18585858585858586	0.06746822516591677
499.99999999999994	0.11616161616161616	0.18585858585858586	0.06711616073130294
499.99999999999994	0.12121212121212122	0.18585858585858586	0.06676841513199658
499.99999999999994	0.12626262626262627	0.18585858585858586	0.06642341864818818
499.99999999999994	0.13131313131313133	0.18585858585858586	0.06608304852734047
499.99999999999994	0.13636363636363635	0.18585858585858586	0.06574624562844797
499.99999999999994	0.1414141414141414	0.18585858585858586	0.06541150451011658
499.99999999999994	0.14646464646464646	0.18585858585858586	0.06508064782798385
499.99999999999994	0.15151515151515152	0.18585858585858586	0.0647525591342166
499.99999999999994	0.15656565656565657	0.18585858585858586	0.06442885685967253
499.99999999999994	0.16161616161616163	0.18585858585858586	0.06410817736200909
499.99999999999994	0.16666666666666666	0.18585858585858586	0.06378956337245285
499.99999999999994	0.1717171717171717	0.18585858585858586	0.06347455315386095
499.99999999999994	0.17676767676767677	0.18585858585858586	0.06316258464645046
499.99999999999994	0.18181818181818182	0.18585858585858586	0.06285409295247833
499.99999999999994	0.18686868686868688	0.18585858585858586	0.06254878894334744
499.99999999999994	0.1919191919191919	0.18585858585858586	0.06224510146024073
499.99999999999994	0.19696969696969696	0.18585858585858586	0.061947263524210754
499.99999999999994	0.20202020202020202	0.18585858585858586	0.06165083243976589
499.99999999999994	0.20707070707070707	0.18585858585858586	0.06135709047162396
499.99999999999994	0.21212121212121213	0.18585858585858586	0.06106512208308274
499.99999999999994	0.21717171717171718	0.18585858585858586	0.060776978117308846
499.99999999999994	0.2222222222222222	0.18585858585858586	0.06049194197927207
499.99999999999994	0.22727272727272727	0.18585858585858586	0.060209090464378015
499.99999999999994	0.23232323232323232	0.18585858585858586	0.05992925740951149
499.99999999999994	0.23737373737373738	0.18585858585858586	0.05965171020869704
499.99999999999994	0.24242424242424243	0.18585858585858586	0.05937603056060609
499.99999999999994	0.2474747474747475	0.18585858585858586	0.05910443594140492
499.99999999999994	0.25252525252525254	0.18585858585858586	0.05883500334097759
499.99999999999994	0.25757575757575757	0.18585858585858586	0.058568035635323555
499.99999999999994	0.26262626262626265	0.18585858585858586	0.05830352298419362
499.99999999999994	0.2676767676767677	0.18585858585858586	0.058040891156336344
499.99999999999994	0.2727272727272727	0.18585858585858586	0.05778101811873701
499.99999999999994	0.2777777777777778	0.18585858585858586	0.05752401357967291
499.99999999999994	0.2828282828282828	0.18585858585858586	0.05726940723517153
499.99999999999994	0.2878787878787879	0.18585858585858586	0.0570172095830425
499.99999999999994	0.29292929292929293	0.18585858585858586	0.05676738752042589
499.99999999999994	0.29797979797979796	0.18585858585858586	0.056519425941063954
499.99999999999994	0.30303030303030304	0.18585858585858586	0.05627366342338889
499.99999999999994	0.30808080808080807	0.18585858585858586	0.05603034548200372
499.99999999999994	0.31313131313131315	0.18585858585858586	0.05578898007591348
499.99999999999994	0.3181818181818182	0.18585858585858586	0.05554951205746003
499.99999999999994	0.32323232323232326	0.18585858585858586	0.05531312464392933
499.99999999999994	0.3282828282828283	0.18585858585858586	0.05508015314130405
499.99999999999994	0.3333333333333333	0.18585858585858586	0.054848779242321295
499.99999999999994	0.3383838383838384	0.18585858585858586	0.0546192723479107
499.99999999999994	0.3434343434343434	0.18585858585858586	0.054391174542320814
499.99999999999994	0.3484848484848485	0.18585858585858586	0.05416488199761343
499.99999999999994	0.35353535353535354	0.18585858585858586	0.053943600386406644
499.99999999999994	0.35858585858585856	0.18585858585858586	0.05372320178740589
499.99999999999994	0.36363636363636365	0.18585858585858586	0.05350279721106994
499.99999999999994	0.3686868686868687	0.18585858585858586	0.05328764065291021
499.99999999999994	0.37373737373737376	0.18585858585858586	0.053071578850431386
499.99999999999994	0.3787878787878788	0.18585858585858586	0.052861078124249804
499.99999999999994	0.3838383838383838	0.18585858585858586	0.052649487944013605
499.99999999999994	0.3888888888888889	0.18585858585858586	0.05244206895708134
499.99999999999994	0.3939393939393939	0.18585858585858586	0.05223617990335872
499.99999999999994	0.398989898989899	0.18585858585858586	0.05203241418235878
499.99999999999994	0.40404040404040403	0.18585858585858586	0.05183018191520548
499.99999999999994	0.4090909090909091	0.18585858585858586	0.05163075307943011
499.99999999999994	0.41414141414141414	0.18585858585858586	0.05143405712169303
499.99999999999994	0.41919191919191917	0.18585858585858586	0.05123916936907619
499.99999999999994	0.42424242424242425	0.18585858585858586	0.051045193074816725
499.99999999999994	0.4292929292929293	0.18585858585858586	0.05085357966847058
499.99999999999994	0.43434343434343436	0.18585858585858586	0.05066540073424896
499.99999999999994	0.4393939393939394	0.18585858585858586	0.05047741270308328
499.99999999999994	0.4444444444444444	0.18585858585858586	0.050293946066999703
499.99999999999994	0.4494949494949495	0.18585858585858586	0.050110634736044254
499.99999999999994	0.45454545454545453	0.18585858585858586	0.049929671835401396
499.99999999999994	0.4595959595959596	0.18585858585858586	0.0497511372041213
499.99999999999994	0.46464646464646464	0.18585858585858586	0.049576052599917216
499.99999999999994	0.4696969696969697	0.18585858585858586	0.049402916259147354
499.99999999999994	0.47474747474747475	0.18585858585858586	0.04923465790330204
499.99999999999994	0.4797979797979798	0.18585858585858586	0.049073754166710386
499.99999999999994	0.48484848484848486	0.18585858585858586	0.048926373931119295
499.99999999999994	0.4898989898989899	0.18585858585858586	0.0488032133976796
499.99999999999994	0.494949494949495	0.18585858585858586	0.04872913227920232
499.99999999999994	0.5	0.18585858585858586	0.048755494165295434
499.99999999999994	0.0	0.19393939393939394	0.07622287670056814
499.99999999999994	0.005050505050505051	0.19393939393939394	0.0757784735012299
499.99999999999994	0.010101010101010102	0.19393939393939394	0.07533682396554368
499.99999999999994	0.015151515151515152	0.19393939393939394	0.07490188906520866
499.99999999999994	0.020202020202020204	0.19393939393939394	0.07446993909919614
499.99999999999994	0.025252525252525252	0.19393939393939394	0.07404283062632105
499.99999999999994	0.030303030303030304	0.19393939393939394	0.07362320252603577
499.99999999999994	0.03535353535353535	0.19393939393939394	0.07320600661407234
499.99999999999994	0.04040404040404041	0.19393939393939394	0.07279424818953954
499.99999999999994	0.045454545454545456	0.19393939393939394	0.07238591771119783
499.99999999999994	0.050505050505050504	0.19393939393939394	0.07198117529200801
499.99999999999994	0.05555555555555555	0.19393939393939394	0.0715840930522901
499.99999999999994	0.06060606060606061	0.19393939393939394	0.07118940145769374
499.99999999999994	0.06565656565656566	0.19393939393939394	0.07079915523777895
499.99999999999994	0.0707070707070707	0.19393939393939394	0.07041228625115095
499.99999999999994	0.07575757575757576	0.19393939393939394	0.07002882306258401
499.99999999999994	0.08080808080808081	0.19393939393939394	0.06965215757282746
499.99999999999994	0.08585858585858586	0.19393939393939394	0.06927835858130299
499.99999999999994	0.09090909090909091	0.19393939393939394	0.06890870129861558
499.99999999999994	0.09595959595959595	0.19393939393939394	0.06854232171482738
499.99999999999994	0.10101010101010101	0.19393939393939394	0.0681795069414569
499.99999999999994	0.10606060606060606	0.19393939393939394	0.06782259336907509
499.99999999999994	0.1111111111111111	0.19393939393939394	0.06746809607105052
499.99999999999994	0.11616161616161616	0.19393939393939394	0.06711690842409221
499.99999999999994	0.12121212121212122	0.19393939393939394	0.06676892708419445
499.99999999999994	0.12626262626262627	0.19393939393939394	0.06642463614859426
499.99999999999994	0.13131313131313133	0.19393939393939394	0.06608531885053924
499.99999999999994	0.13636363636363635	0.19393939393939394	0.06574820851925045
499.99999999999994	0.1414141414141414	0.19393939393939394	0.06541418346570889
499.99999999999994	0.14646464646464646	0.19393939393939394	0.06508309472028605
499.99999999999994	0.15151515151515152	0.19393939393939394	0.06475599016687253
499.99999999999994	0.15656565656565657	0.19393939393939394	0.06443294073179456
499.99999999999994	0.16161616161616163	0.19393939393939394	0.06411207418385473
499.99999999999994	0.16666666666666666	0.19393939393939394	0.0637940318293389
499.99999999999994	0.1717171717171717	0.19393939393939394	0.06347895798053245
499.99999999999994	0.17676767676767677	0.19393939393939394	0.06316798987238097
499.99999999999994	0.18181818181818182	0.19393939393939394	0.06286012615852003
499.99999999999994	0.18686868686868688	0.19393939393939394	0.06255465092215055
499.99999999999994	0.1919191919191919	0.19393939393939394	0.0622537380952597
499.99999999999994	0.19696969696969696	0.19393939393939394	0.061954795999753565
499.99999999999994	0.20202020202020202	0.19393939393939394	0.061658755912771694
499.99999999999994	0.20707070707070707	0.19393939393939394	0.061365287050657025
499.99999999999994	0.21212121212121213	0.19393939393939394	0.06107339184866482
499.99999999999994	0.21717171717171718	0.19393939393939394	0.06078625838661688
499.99999999999994	0.2222222222222222	0.19393939393939394	0.06050139625581961
499.99999999999994	0.22727272727272727	0.19393939393939394	0.06021909193488334
499.99999999999994	0.23232323232323232	0.19393939393939394	0.059939470459437955
499.99999999999994	0.23737373737373738	0.19393939393939394	0.05966217707695828
499.99999999999994	0.24242424242424243	0.19393939393939394	0.059387046234910215
499.99999999999994	0.2474747474747475	0.19393939393939394	0.05911594576930579
499.99999999999994	0.25252525252525254	0.19393939393939394	0.05884685729438086
499.99999999999994	0.25757575757575757	0.19393939393939394	0.058580324346386055
499.99999999999994	0.26262626262626265	0.19393939393939394	0.05831618777487665
499.99999999999994	0.2676767676767677	0.19393939393939394	0.05805390273439452
499.99999999999994	0.2727272727272727	0.19393939393939394	0.05779451305444963
499.99999999999994	0.2777777777777778	0.19393939393939394	0.0575378501011275
499.99999999999994	0.2828282828282828	0.19393939393939394	0.05728364183624324
499.99999999999994	0.2878787878787879	0.19393939393939394	0.05703181019659527
499.99999999999994	0.29292929292929293	0.19393939393939394	0.056782377716275756
499.99999999999994	0.29797979797979796	0.19393939393939394	0.05653484748734798
499.99999999999994	0.30303030303030304	0.19393939393939394	0.05628928740279574
499.99999999999994	0.30808080808080807	0.19393939393939394	0.05604633564189569
499.99999999999994	0.31313131313131315	0.19393939393939394	0.055805250796775216
499.99999999999994	0.3181818181818182	0.19393939393939394	0.055567413992006355
499.99999999999994	0.32323232323232326	0.19393939393939394	0.05533187712854448
499.99999999999994	0.3282828282828283	0.19393939393939394	0.05509907412192658
499.99999999999994	0.3333333333333333	0.19393939393939394	0.05486790662646667
499.99999999999994	0.3383838383838384	0.19393939393939394	0.05463816673608509
499.99999999999994	0.3434343434343434	0.19393939393939394	0.05441050220945489
499.99999999999994	0.3484848484848485	0.19393939393939394	0.054187225629286406
499.99999999999994	0.35353535353535354	0.19393939393939394	0.05396458513425887
499.99999999999994	0.35858585858585856	0.19393939393939394	0.053742491032554233
499.99999999999994	0.36363636363636365	0.19393939393939394	0.05352552685704754
499.99999999999994	0.3686868686868687	0.19393939393939394	0.053308598758410146
499.99999999999994	0.37373737373737376	0.19393939393939394	0.05309626668534122
499.99999999999994	0.3787878787878788	0.19393939393939394	0.05288318626285659
499.99999999999994	0.3838383838383838	0.19393939393939394	0.05267333668667479
499.99999999999994	0.3888888888888889	0.19393939393939394	0.052466731680946045
499.99999999999994	0.3939393939393939	0.19393939393939394	0.05226094340044008
499.99999999999994	0.398989898989899	0.19393939393939394	0.05205696303732361
499.99999999999994	0.40404040404040403	0.19393939393939394	0.05185747167093057
499.99999999999994	0.4090909090909091	0.19393939393939394	0.051658495274386
499.99999999999994	0.41414141414141414	0.19393939393939394	0.051461818637265386
499.99999999999994	0.41919191919191917	0.19393939393939394	0.051266942801919235
499.99999999999994	0.42424242424242425	0.19393939393939394	0.05107454814133
499.99999999999994	0.4292929292929293	0.19393939393939394	0.05088439959655198
499.99999999999994	0.43434343434343436	0.19393939393939394	0.05069484933528506
499.99999999999994	0.4393939393939394	0.19393939393939394	0.05050991421286917
499.99999999999994	0.4444444444444444	0.19393939393939394	0.05032580485374635
499.99999999999994	0.4494949494949495	0.19393939393939394	0.05014332316085228
499.99999999999994	0.45454545454545453	0.19393939393939394	0.04996267074233494
499.99999999999994	0.4595959595959596	0.19393939393939394	0.04978692957772683
499.99999999999994	0.46464646464646464	0.19393939393939394	0.0496122280749375
499.99999999999994	0.4696969696969697	0.19393939393939394	0.04944186464711296
499.99999999999994	0.47474747474747475	0.19393939393939394	0.04927892016965216
499.99999999999994	0.4797979797979798	0.19393939393939394	0.04912793989074699
499.99999999999994	0.48484848484848486	0.19393939393939394	0.04900002361656058
499.99999999999994	0.4898989898989899	0.19393939393939394	0.048916895863646406
499.99999999999994	0.494949494949495	0.19393939393939394	0.04892601137829345
499.99999999999994	0.5	0.19393939393939394	0.04913446095635122
499.99999999999994	0.0	0.20202020202020202	0.07621007235362938
499.99999999999994	0.005050505050505051	0.20202020202020202	0.07576602967346342
499.99999999999994	0.010101010101010102	0.20202020202020202	0.07532485248964807
499.99999999999994	0.015151515151515152	0.20202020202020202	0.07489066137297881
499.99999999999994	0.020202020202020204	0.20202020202020202	0.07445909831319908
499.99999999999994	0.025252525252525252	0.20202020202020202	0.07403359555574317
499.99999999999994	0.030303030303030304	0.20202020202020202	0.07361406127212602
499.99999999999994	0.03535353535353535	0.20202020202020202	0.07319713113677993
499.99999999999994	0.04040404040404041	0.20202020202020202	0.07278622392314411
499.99999999999994	0.045454545454545456	0.20202020202020202	0.07237821391898254
499.99999999999994	0.050505050505050504	0.20202020202020202	0.07197481829314999
499.99999999999994	0.05555555555555555	0.20202020202020202	0.07157794859284912
499.99999999999994	0.06060606060606061	0.20202020202020202	0.07118323773976018
499.99999999999994	0.06565656565656566	0.20202020202020202	0.07079385241363866
499.99999999999994	0.0707070707070707	0.20202020202020202	0.07040734357167878
499.99999999999994	0.07575757575757576	0.20202020202020202	0.07002485721766455
499.99999999999994	0.08080808080808081	0.20202020202020202	0.06964957005890167
499.99999999999994	0.08585858585858586	0.20202020202020202	0.06927609203976683
499.99999999999994	0.09090909090909091	0.20202020202020202	0.06890730534498207
499.99999999999994	0.09595959595959595	0.20202020202020202	0.0685412052347786
499.99999999999994	0.10101010101010101	0.20202020202020202	0.06817920105557075
499.99999999999994	0.10606060606060606	0.20202020202020202	0.06782289264519616
499.99999999999994	0.1111111111111111	0.20202020202020202	0.06746813713530492
499.99999999999994	0.11616161616161616	0.20202020202020202	0.06711782487910216
499.99999999999994	0.12121212121212122	0.20202020202020202	0.06676997098863828
499.99999999999994	0.12626262626262627	0.20202020202020202	0.06642652145554312
499.99999999999994	0.13131313131313133	0.20202020202020202	0.06608767100938295
499.99999999999994	0.13636363636363635	0.20202020202020202	0.06575037339035981
499.99999999999994	0.1414141414141414	0.20202020202020202	0.06541706036782308
499.99999999999994	0.14646464646464646	0.20202020202020202	0.06508610894863191
499.99999999999994	0.15151515151515152	0.20202020202020202	0.0647598772193656
499.99999999999994	0.15656565656565657	0.20202020202020202	0.06443727952157983
499.99999999999994	0.16161616161616163	0.20202020202020202	0.06411635248077027
499.99999999999994	0.16666666666666666	0.20202020202020202	0.0637988574411053
499.99999999999994	0.1717171717171717	0.20202020202020202	0.06348432066879076
499.99999999999994	0.17676767676767677	0.20202020202020202	0.06317368015465759
499.99999999999994	0.18181818181818182	0.20202020202020202	0.06286643654305718
499.99999999999994	0.18686868686868688	0.20202020202020202	0.06256207780476103
499.99999999999994	0.1919191919191919	0.20202020202020202	0.06226141162262919
499.99999999999994	0.19696969696969696	0.20202020202020202	0.06196265897567338
499.99999999999994	0.20202020202020202	0.20202020202020202	0.06166703839446057
499.99999999999994	0.20707070707070707	0.20202020202020202	0.06137385686560294
499.99999999999994	0.21212121212121213	0.20202020202020202	0.06108227604437601
499.99999999999994	0.21717171717171718	0.20202020202020202	0.06079592266286103
499.99999999999994	0.2222222222222222	0.20202020202020202	0.060511359891658
499.99999999999994	0.22727272727272727	0.20202020202020202	0.06022948508066426
499.99999999999994	0.23232323232323232	0.20202020202020202	0.059950140661962255
499.99999999999994	0.23737373737373738	0.20202020202020202	0.0596731266516324
499.99999999999994	0.24242424242424243	0.20202020202020202	0.05939866071675203
499.99999999999994	0.2474747474747475	0.20202020202020202	0.059127898704763815
499.99999999999994	0.25252525252525254	0.20202020202020202	0.058859179056093
499.99999999999994	0.25757575757575757	0.20202020202020202	0.058593071194656045
499.99999999999994	0.26262626262626265	0.20202020202020202	0.05832934727716555
499.99999999999994	0.2676767676767677	0.20202020202020202	0.05806745991883915
499.99999999999994	0.2727272727272727	0.20202020202020202	0.05780851272737908
499.99999999999994	0.2777777777777778	0.20202020202020202	0.057552104608066174
499.99999999999994	0.2828282828282828	0.20202020202020202	0.057298299971660464
499.99999999999994	0.2878787878787879	0.20202020202020202	0.057046784008542455
499.99999999999994	0.29292929292929293	0.20202020202020202	0.05679771670156932
499.99999999999994	0.29797979797979796	0.20202020202020202	0.0565506081953445
499.99999999999994	0.30303030303030304	0.20202020202020202	0.05630525188252126
499.99999999999994	0.30808080808080807	0.20202020202020202	0.05606250644087684
499.99999999999994	0.31313131313131315	0.20202020202020202	0.0558231603861563
499.99999999999994	0.3181818181818182	0.20202020202020202	0.055586283835829746
499.99999999999994	0.32323232323232326	0.20202020202020202	0.0553511242397662
499.99999999999994	0.3282828282828283	0.20202020202020202	0.055117834221777066
499.99999999999994	0.3333333333333333	0.20202020202020202	0.05488658092670171
499.99999999999994	0.3383838383838384	0.20202020202020202	0.05465734611938508
499.99999999999994	0.3434343434343434	0.20202020202020202	0.05443218869812071
499.99999999999994	0.3484848484848485	0.20202020202020202	0.05420761995578756
499.99999999999994	0.35353535353535354	0.20202020202020202	0.0539841439024935
499.99999999999994	0.35858585858585856	0.20202020202020202	0.053765804613443643
499.99999999999994	0.36363636363636365	0.20202020202020202	0.053546631707931454
499.99999999999994	0.3686868686868687	0.20202020202020202	0.05333236201807871
499.99999999999994	0.37373737373737376	0.20202020202020202	0.0531187424807137
499.99999999999994	0.3787878787878788	0.20202020202020202	0.052906449170786934
499.99999999999994	0.3838383838383838	0.20202020202020202	0.052698418776015936
499.99999999999994	0.3888888888888889	0.20202020202020202	0.05249159040087417
499.99999999999994	0.3939393939393939	0.20202020202020202	0.052286204066083405
499.99999999999994	0.398989898989899	0.20202020202020202	0.052085031190168725
499.99999999999994	0.40404040404040403	0.20202020202020202	0.05188385237131247
499.99999999999994	0.4090909090909091	0.20202020202020202	0.051686489309230525
499.99999999999994	0.41414141414141414	0.20202020202020202	0.05149059886878177
499.99999999999994	0.41919191919191917	0.20202020202020202	0.05129657850495884
499.99999999999994	0.42424242424242425	0.20202020202020202	0.05110516432715386
499.99999999999994	0.4292929292929293	0.20202020202020202	0.050914002204175426
499.99999999999994	0.43434343434343436	0.20202020202020202	0.050727402741004686
499.99999999999994	0.4393939393939394	0.20202020202020202	0.05054221893095103
499.99999999999994	0.4444444444444444	0.20202020202020202	0.05035783069263039
499.99999999999994	0.4494949494949495	0.20202020202020202	0.05017617138182423
499.99999999999994	0.45454545454545453	0.20202020202020202	0.04999869585772841
499.99999999999994	0.4595959595959596	0.20202020202020202	0.0498226248936348
499.99999999999994	0.46464646464646464	0.20202020202020202	0.04965060492975297
499.99999999999994	0.4696969696969697	0.20202020202020202	0.04948649478870312
499.99999999999994	0.47474747474747475	0.20202020202020202	0.049332358438574225
499.99999999999994	0.4797979797979798	0.20202020202020202	0.049199562431873456
499.99999999999994	0.48484848484848486	0.20202020202020202	0.0491079841488097
499.99999999999994	0.4898989898989899	0.20202020202020202	0.04910033466408316
499.99999999999994	0.494949494949495	0.20202020202020202	0.04927406692025178
499.99999999999994	0.5	0.20202020202020202	0.049881498989899076
499.99999999999994	0.0	0.2101010101010101	0.0761979808688905
499.99999999999994	0.005050505050505051	0.2101010101010101	0.07575374938947826
499.99999999999994	0.010101010101010102	0.2101010101010101	0.075313905722602
499.99999999999994	0.015151515151515152	0.2101010101010101	0.0748796802489315
499.99999999999994	0.020202020202020204	0.2101010101010101	0.07444892855293177
499.99999999999994	0.025252525252525252	0.2101010101010101	0.07402468033395843
499.99999999999994	0.030303030303030304	0.2101010101010101	0.07360546337930886
499.99999999999994	0.03535353535353535	0.2101010101010101	0.07318900375669354
499.99999999999994	0.04040404040404041	0.2101010101010101	0.07277867920966687
499.99999999999994	0.045454545454545456	0.2101010101010101	0.07237092759970705
499.99999999999994	0.050505050505050504	0.2101010101010101	0.07196897309209925
499.99999999999994	0.05555555555555555	0.2101010101010101	0.07157215216250565
499.99999999999994	0.06060606060606061	0.2101010101010101	0.07117780836426282
499.99999999999994	0.06565656565656566	0.2101010101010101	0.07078900783732252
499.99999999999994	0.0707070707070707	0.2101010101010101	0.0704033744003145
499.99999999999994	0.07575757575757576	0.2101010101010101	0.07002309628396415
499.99999999999994	0.08080808080808081	0.2101010101010101	0.06964768631044038
499.99999999999994	0.08585858585858586	0.2101010101010101	0.06927430284372342
499.99999999999994	0.09090909090909091	0.2101010101010101	0.06890603916556377
499.99999999999994	0.09595959595959595	0.2101010101010101	0.06854019852797628
499.99999999999994	0.10101010101010101	0.2101010101010101	0.06817954577104593
499.99999999999994	0.10606060606060606	0.2101010101010101	0.06782325961534473
499.99999999999994	0.1111111111111111	0.2101010101010101	0.06746871465505412
499.99999999999994	0.11616161616161616	0.2101010101010101	0.0671188945033338
499.99999999999994	0.12121212121212122	0.2101010101010101	0.06677159461364318
499.99999999999994	0.12626262626262627	0.2101010101010101	0.0664289028087024
499.99999999999994	0.13131313131313133	0.2101010101010101	0.06609018334663186
499.99999999999994	0.13636363636363635	0.2101010101010101	0.06575298261657161
499.99999999999994	0.1414141414141414	0.2101010101010101	0.06542020502624422
499.99999999999994	0.14646464646464646	0.2101010101010101	0.06509020080608843
499.99999999999994	0.15151515151515152	0.2101010101010101	0.06476431425894526
499.99999999999994	0.15656565656565657	0.2101010101010101	0.06444192519659168
499.99999999999994	0.16161616161616163	0.2101010101010101	0.06412095623372642
499.99999999999994	0.16666666666666666	0.2101010101010101	0.06380413201509226
499.99999999999994	0.1717171717171717	0.2101010101010101	0.06349038054608086
499.99999999999994	0.17676767676767677	0.2101010101010101	0.06318010260002185
499.99999999999994	0.18181818181818182	0.2101010101010101	0.06287444697773913
499.99999999999994	0.18686868686868688	0.2101010101010101	0.06257006068251142
499.99999999999994	0.1919191919191919	0.2101010101010101	0.06226945912262246
499.99999999999994	0.19696969696969696	0.2101010101010101	0.06197089174879468
499.99999999999994	0.20202020202020202	0.2101010101010101	0.061675705289894224
499.99999999999994	0.20707070707070707	0.2101010101010101	0.06138284296175417
499.99999999999994	0.21212121212121213	0.2101010101010101	0.061091747271713674
499.99999999999994	0.21717171717171718	0.2101010101010101	0.06080598013362519
499.99999999999994	0.2222222222222222	0.2101010101010101	0.06052175148258518
499.99999999999994	0.22727272727272727	0.2101010101010101	0.06024029868918345
499.99999999999994	0.23232323232323232	0.2101010101010101	0.059961298386816665
499.99999999999994	0.23737373737373738	0.2101010101010101	0.05968457135083626
499.99999999999994	0.24242424242424243	0.2101010101010101	0.059410725405751715
499.99999999999994	0.2474747474747475	0.2101010101010101	0.059140302792069596
499.99999999999994	0.25252525252525254	0.2101010101010101	0.058871973509927525
499.99999999999994	0.25757575757575757	0.2101010101010101	0.05860628123016841
499.99999999999994	0.26262626262626265	0.2101010101010101	0.05834298749517733
499.99999999999994	0.2676767676767677	0.2101010101010101	0.058081548882203925
499.99999999999994	0.2727272727272727	0.2101010101010101	0.05782299238030247
499.99999999999994	0.2777777777777778	0.2101010101010101	0.05756673630826087
499.99999999999994	0.2828282828282828	0.2101010101010101	0.057313326612154915
499.99999999999994	0.2878787878787879	0.2101010101010101	0.057062056008030895
499.99999999999994	0.29292929292929293	0.2101010101010101	0.05681330502476025
499.99999999999994	0.29797979797979796	0.2101010101010101	0.05656657508294898
499.99999999999994	0.30303030303030304	0.2101010101010101	0.05632142687035366
499.99999999999994	0.30808080808080807	0.2101010101010101	0.056080510089332646
499.99999999999994	0.31313131313131315	0.2101010101010101	0.05584186441812846
499.99999999999994	0.3181818181818182	0.2101010101010101	0.05560517663328578
499.99999999999994	0.32323232323232326	0.2101010101010101	0.05537013637006396
499.99999999999994	0.3282828282828283	0.2101010101010101	0.055136307165943435
499.99999999999994	0.3333333333333333	0.2101010101010101	0.05490566257170873
499.99999999999994	0.3383838383838384	0.2101010101010101	0.05467839175100113
499.99999999999994	0.3434343434343434	0.2101010101010101	0.05445173856829481
499.99999999999994	0.3484848484848485	0.2101010101010101	0.05422725679978427
499.99999999999994	0.35353535353535354	0.2101010101010101	0.054007347327009785
499.99999999999994	0.35858585858585856	0.2101010101010101	0.05378648522991184
499.99999999999994	0.36363636363636365	0.2101010101010101	0.05357050042313177
499.99999999999994	0.3686868686868687	0.2101010101010101	0.05335602704018572
499.99999999999994	0.37373737373737376	0.2101010101010101	0.053141281318481184
499.99999999999994	0.3787878787878788	0.2101010101010101	0.052931509379588126
499.99999999999994	0.3838383838383838	0.2101010101010101	0.052723206054860916
499.99999999999994	0.3888888888888889	0.2101010101010101	0.05251726764608525
499.99999999999994	0.3939393939393939	0.2101010101010101	0.052314469279415375
499.99999999999994	0.398989898989899	0.2101010101010101	0.0521108176696439
499.99999999999994	0.40404040404040403	0.2101010101010101	0.05191298719588153
499.99999999999994	0.4090909090909091	0.2101010101010101	0.05171485300410844
499.99999999999994	0.41414141414141414	0.2101010101010101	0.051520025060514014
499.99999999999994	0.41919191919191917	0.2101010101010101	0.05132682325711197
499.99999999999994	0.42424242424242425	0.2101010101010101	0.05113433882646526
499.99999999999994	0.4292929292929293	0.2101010101010101	0.0509463445418146
499.99999999999994	0.43434343434343436	0.2101010101010101	0.050759809382000705
499.99999999999994	0.4393939393939394	0.2101010101010101	0.0505741325667157
499.99999999999994	0.4444444444444444	0.2101010101010101	0.05039161332796793
499.99999999999994	0.4494949494949495	0.2101010101010101	0.05021200367032098
499.99999999999994	0.45454545454545453	0.2101010101010101	0.05003392704184834
499.99999999999994	0.4595959595959596	0.2101010101010101	0.04986146310761065
499.99999999999994	0.46464646464646464	0.2101010101010101	0.049694620504564455
499.99999999999994	0.4696969696969697	0.2101010101010101	0.0495378307933387
499.99999999999994	0.47474747474747475	0.2101010101010101	0.049399807094623584
499.99999999999994	0.4797979797979798	0.2101010101010101	0.04930062807315049
499.99999999999994	0.48484848484848486	0.2101010101010101	0.04927869486299134
499.99999999999994	0.4898989898989899	0.2101010101010101	0.04942071364776956
499.99999999999994	0.494949494949495	0.2101010101010101	0.04994683310634536
499.99999999999994	0.5	0.2101010101010101	0.05226793903898616
499.99999999999994	0.0	0.21818181818181817	0.07618627547432498
499.99999999999994	0.005050505050505051	0.21818181818181817	0.07574207236299918
499.99999999999994	0.010101010101010102	0.21818181818181817	0.0753031205619982
499.99999999999994	0.015151515151515152	0.21818181818181817	0.07486864136234012
499.99999999999994	0.020202020202020204	0.21818181818181817	0.07443951162030013
499.99999999999994	0.025252525252525252	0.21818181818181817	0.07401641644171927
499.99999999999994	0.030303030303030304	0.21818181818181817	0.07359719287087993
499.99999999999994	0.03535353535353535	0.21818181818181817	0.07318152479208224
499.99999999999994	0.04040404040404041	0.21818181818181817	0.07277114353192116
499.99999999999994	0.045454545454545456	0.21818181818181817	0.07236446366797346
499.99999999999994	0.050505050505050504	0.21818181818181817	0.07196352729589386
499.99999999999994	0.05555555555555555	0.21818181818181817	0.0715668170970052
499.99999999999994	0.06060606060606061	0.21818181818181817	0.07117365800127705
499.99999999999994	0.06565656565656566	0.21818181818181817	0.0707856763932948
499.99999999999994	0.0707070707070707	0.21818181818181817	0.07040088447191357
499.99999999999994	0.07575757575757576	0.21818181818181817	0.07002152176214524
499.99999999999994	0.08080808080808081	0.21818181818181817	0.06964615864961671
499.99999999999994	0.08585858585858586	0.21818181818181817	0.06927327871063604
499.99999999999994	0.09090909090909091	0.21818181818181817	0.06890517214246963
499.99999999999994	0.09595959595959595	0.21818181818181817	0.06854035942628656
499.99999999999994	0.10101010101010101	0.21818181818181817	0.06818024873023161
499.99999999999994	0.10606060606060606	0.21818181818181817	0.06782385412107916
499.99999999999994	0.1111111111111111	0.21818181818181817	0.06746978530540612
499.99999999999994	0.11616161616161616	0.21818181818181817	0.06712022507469875
499.99999999999994	0.12121212121212122	0.21818181818181817	0.06677395539966735
499.99999999999994	0.12626262626262627	0.21818181818181817	0.06643160970131685
499.99999999999994	0.13131313131313133	0.21818181818181817	0.06609296257574665
499.99999999999994	0.13636363636363635	0.21818181818181817	0.06575625917427094
499.99999999999994	0.1414141414141414	0.21818181818181817	0.06542369013100305
499.99999999999994	0.14646464646464646	0.21818181818181817	0.06509466983294813
499.99999999999994	0.15151515151515152	0.21818181818181817	0.06476903226617989
499.99999999999994	0.15656565656565657	0.21818181818181817	0.06444690738366393
499.99999999999994	0.16161616161616163	0.21818181818181817	0.06412624415765285
499.99999999999994	0.16666666666666666	0.21818181818181817	0.06380978107352268
499.99999999999994	0.1717171717171717	0.21818181818181817	0.06349679928540718
499.99999999999994	0.17676767676767677	0.21818181818181817	0.06318933638632744
499.99999999999994	0.18181818181818182	0.21818181818181817	0.06288168643290049
499.99999999999994	0.18686868686868688	0.21818181818181817	0.06257835937581087
499.99999999999994	0.1919191919191919	0.21818181818181817	0.06227789269049662
499.99999999999994	0.19696969696969696	0.21818181818181817	0.06197957223831289
499.99999999999994	0.20202020202020202	0.21818181818181817	0.06168478629971626
499.99999999999994	0.20707070707070707	0.21818181818181817	0.061392263822377814
499.99999999999994	0.21212121212121213	0.21818181818181817	0.06110200896452707
499.99999999999994	0.21717171717171718	0.21818181818181817	0.06081644666672028
499.99999999999994	0.2222222222222222	0.21818181818181817	0.060532575590259506
499.99999999999994	0.22727272727272727	0.21818181818181817	0.060251552976825676
499.99999999999994	0.23232323232323232	0.21818181818181817	0.059972943605549715
499.99999999999994	0.23737373737373738	0.21818181818181817	0.05969653374317476
499.99999999999994	0.24242424242424243	0.21818181818181817	0.05942321156431955
499.99999999999994	0.2474747474747475	0.21818181818181817	0.059153158586856956
499.99999999999994	0.25252525252525254	0.21818181818181817	0.05888523483412983
499.99999999999994	0.25757575757575757	0.21818181818181817	0.05861994338444779
499.99999999999994	0.26262626262626265	0.21818181818181817	0.058357082603407814
499.99999999999994	0.2676767676767677	0.21818181818181817	0.058096140558675596
499.99999999999994	0.2727272727272727	0.21818181818181817	0.05783790701479323
499.99999999999994	0.2777777777777778	0.21818181818181817	0.05758200903316924
499.99999999999994	0.2828282828282828	0.21818181818181817	0.057328634878353144
499.99999999999994	0.2878787878787879	0.21818181818181817	0.05707750739052716
499.99999999999994	0.29292929292929293	0.21818181818181817	0.056828996870637374
499.99999999999994	0.29797979797979796	0.21818181818181817	0.05658279860870059
499.99999999999994	0.30303030303030304	0.21818181818181817	0.056339750053470854
499.99999999999994	0.30808080808080807	0.21818181818181817	0.05609902969384794
499.99999999999994	0.31313131313131315	0.21818181818181817	0.055860484553462264
499.99999999999994	0.3181818181818182	0.21818181818181817	0.055623636178662145
499.99999999999994	0.32323232323232326	0.21818181818181817	0.05538830363602686
499.99999999999994	0.3282828282828283	0.21818181818181817	0.05515598562302182
499.99999999999994	0.3333333333333333	0.21818181818181817	0.05492657092539058
499.99999999999994	0.3383838383838384	0.21818181818181817	0.05469865768842207
499.99999999999994	0.3434343434343434	0.21818181818181817	0.05447319441831267
499.99999999999994	0.3484848484848485	0.21818181818181817	0.054251079636085935
499.99999999999994	0.35353535353535354	0.21818181818181817	0.05402836586374475
499.99999999999994	0.35858585858585856	0.21818181818181817	0.053810959724316224
499.99999999999994	0.36363636363636365	0.21818181818181817	0.053594161746460554
499.99999999999994	0.3686868686868687	0.21818181818181817	0.05337903509771054
499.99999999999994	0.37373737373737376	0.21818181818181817	0.053165763166505495
499.99999999999994	0.3787878787878788	0.21818181818181817	0.05295612788553996
499.99999999999994	0.3838383838383838	0.21818181818181817	0.05274937862382527
499.99999999999994	0.3888888888888889	0.21818181818181817	0.05254445467581584
499.99999999999994	0.3939393939393939	0.21818181818181817	0.05233957313086615
499.99999999999994	0.398989898989899	0.21818181818181817	0.05214023691547321
499.99999999999994	0.40404040404040403	0.21818181818181817	0.05194120568074775
499.99999999999994	0.4090909090909091	0.21818181818181817	0.051744420199937614
499.99999999999994	0.41414141414141414	0.21818181818181817	0.05155004534984444
499.99999999999994	0.41919191919191917	0.21818181818181817	0.05135584018292252
499.99999999999994	0.42424242424242425	0.21818181818181817	0.0511670905940948
499.99999999999994	0.4292929292929293	0.21818181818181817	0.05097859836839662
499.99999999999994	0.43434343434343436	0.21818181818181817	0.05079139547729501
499.99999999999994	0.4393939393939394	0.21818181818181817	0.05060862788909397
499.99999999999994	0.4444444444444444	0.21818181818181817	0.05042612394459586
499.99999999999994	0.4494949494949495	0.21818181818181817	0.05024785839923141
499.99999999999994	0.45454545454545453	0.21818181818181817	0.050073698213340206
499.99999999999994	0.4595959595959596	0.21818181818181817	0.04990341953497955
499.99999999999994	0.46464646464646464	0.21818181818181817	0.04974386234784957
499.99999999999994	0.4696969696969697	0.21818181818181817	0.049603127111475714
499.99999999999994	0.47474747474747475	0.21818181818181817	0.04949589484669777
499.99999999999994	0.4797979797979798	0.21818181818181817	0.049460441035547004
499.99999999999994	0.48484848484848486	0.21818181818181817	0.04957380820118882
499.99999999999994	0.4898989898989899	0.21818181818181817	0.05002945048288242
499.99999999999994	0.494949494949495	0.21818181818181817	0.0516822217443113
499.99999999999994	0.5	0.21818181818181817	0.06132460565002276
499.99999999999994	0.0	0.22626262626262628	0.07617492694856523
499.99999999999994	0.005050505050505051	0.22626262626262628	0.07573088015195545
499.99999999999994	0.010101010101010102	0.22626262626262628	0.07529291407039243
499.99999999999994	0.015151515151515152	0.22626262626262628	0.07485827493216472
499.99999999999994	0.020202020202020204	0.22626262626262628	0.07443102887079638
499.99999999999994	0.025252525252525252	0.22626262626262628	0.07400854346784382
499.99999999999994	0.030303030303030304	0.22626262626262628	0.07358919713145141
499.99999999999994	0.03535353535353535	0.22626262626262628	0.07317450006964167
499.99999999999994	0.04040404040404041	0.22626262626262628	0.07276382401495035
499.99999999999994	0.045454545454545456	0.22626262626262628	0.07235849696392001
499.99999999999994	0.050505050505050504	0.22626262626262628	0.0719592173617781
499.99999999999994	0.05555555555555555	0.22626262626262628	0.07156309276906977
499.99999999999994	0.06060606060606061	0.22626262626262628	0.07117071283101062
499.99999999999994	0.06565656565656566	0.22626262626262628	0.07078248358291549
499.99999999999994	0.0707070707070707	0.22626262626262628	0.07039898914596628
499.99999999999994	0.07575757575757576	0.22626262626262628	0.07002049878100489
499.99999999999994	0.08080808080808081	0.22626262626262628	0.06964494130647127
499.99999999999994	0.08585858585858586	0.22626262626262628	0.06927271749991917
499.99999999999994	0.09090909090909091	0.22626262626262628	0.06890455070943492
499.99999999999994	0.09595959595959595	0.22626262626262628	0.06854089913451214
499.99999999999994	0.10101010101010101	0.22626262626262628	0.06818151292358705
499.99999999999994	0.10606060606060606	0.22626262626262628	0.06782495476814605
499.99999999999994	0.1111111111111111	0.22626262626262628	0.06747153253783426
499.99999999999994	0.11616161616161616	0.22626262626262628	0.06712185632959916
499.99999999999994	0.12121212121212122	0.22626262626262628	0.06677655562597909
499.99999999999994	0.12626262626262627	0.22626262626262628	0.06643483853335631
499.99999999999994	0.13131313131313133	0.22626262626262628	0.06609602747341031
499.99999999999994	0.13636363636363635	0.22626262626262628	0.0657600477981293
499.99999999999994	0.1414141414141414	0.22626262626262628	0.06542776480353805
499.99999999999994	0.14646464646464646	0.22626262626262628	0.0650994501844188
499.99999999999994	0.15151515151515152	0.22626262626262628	0.06477417092700573
499.99999999999994	0.15656565656565657	0.22626262626262628	0.06445222370764014
499.99999999999994	0.16161616161616163	0.22626262626262628	0.06413220114594352
499.99999999999994	0.16666666666666666	0.22626262626262628	0.06381628884946783
499.99999999999994	0.1717171717171717	0.22626262626262628	0.06350420579515735
499.99999999999994	0.17676767676767677	0.22626262626262628	0.06319687614887731
499.99999999999994	0.18181818181818182	0.22626262626262628	0.06288934291026789
499.99999999999994	0.18686868686868688	0.22626262626262628	0.06258698442264807
499.99999999999994	0.1919191919191919	0.22626262626262628	0.06228672583380122
499.99999999999994	0.19696969696969696	0.22626262626262628	0.06198895165279707
499.99999999999994	0.20202020202020202	0.22626262626262628	0.06169431971511932
499.99999999999994	0.20707070707070707	0.22626262626262628	0.061402156471622865
499.99999999999994	0.21212121212121213	0.22626262626262628	0.06111268064110617
499.99999999999994	0.21717171717171718	0.22626262626262628	0.06082734469003671
499.99999999999994	0.2222222222222222	0.22626262626262628	0.060543851472162215
499.99999999999994	0.22727272727272727	0.22626262626262628	0.060263263870682315
499.99999999999994	0.23232323232323232	0.22626262626262628	0.05998506744037758
499.99999999999994	0.23737373737373738	0.22626262626262628	0.0597090211345695
499.99999999999994	0.24242424242424243	0.22626262626262628	0.05943611472377795
499.99999999999994	0.2474747474747475	0.22626262626262628	0.059166457572119364
499.99999999999994	0.25252525252525254	0.22626262626262628	0.05889894986165726
499.99999999999994	0.25757575757575757	0.22626262626262628	0.058634041811543
499.99999999999994	0.26262626262626265	0.22626262626262628	0.058371588400971355
499.99999999999994	0.2676767676767677	0.22626262626262628	0.05811118156864815
499.99999999999994	0.2727272727272727	0.22626262626262628	0.05785318847454353
499.99999999999994	0.2777777777777778	0.22626262626262628	0.05759775208388814
499.99999999999994	0.2828282828282828	0.22626262626262628	0.05734436352954965
499.99999999999994	0.2878787878787879	0.22626262626262628	0.05709324436378979
499.99999999999994	0.29292929292929293	0.22626262626262628	0.05684521114204355
499.99999999999994	0.29797979797979796	0.22626262626262628	0.05660100440436341
499.99999999999994	0.30303030303030304	0.22626262626262628	0.0563582702025367
499.99999999999994	0.30808080808080807	0.22626262626262628	0.05611765926392861
499.99999999999994	0.31313131313131315	0.22626262626262628	0.05587856497287501
499.99999999999994	0.3181818181818182	0.22626262626262628	0.05564105087498746
499.99999999999994	0.32323232323232326	0.22626262626262628	0.055407528823597355
499.99999999999994	0.3282828282828283	0.22626262626262628	0.05517725415143056
499.99999999999994	0.3333333333333333	0.22626262626262628	0.05494732335981596
499.99999999999994	0.3383838383838384	0.22626262626262628	0.05472031249655468
499.99999999999994	0.3434343434343434	0.22626262626262628	0.05449567540823885
499.99999999999994	0.3484848484848485	0.22626262626262628	0.05427174144735541
499.99999999999994	0.35353535353535354	0.22626262626262628	0.054052326211562196
499.99999999999994	0.35858585858585856	0.22626262626262628	0.05383396605661545
499.99999999999994	0.36363636363636365	0.22626262626262628	0.05361794888156146
499.99999999999994	0.3686868686868687	0.22626262626262628	0.053403241912196836
499.99999999999994	0.37373737373737376	0.22626262626262628	0.05319164224286441
499.99999999999994	0.3787878787878788	0.22626262626262628	0.052983208063294755
499.99999999999994	0.3838383838383838	0.22626262626262628	0.052776843884679
499.99999999999994	0.3888888888888889	0.22626262626262628	0.05257129846738235
499.99999999999994	0.3939393939393939	0.22626262626262628	0.05236916581607063
499.99999999999994	0.398989898989899	0.22626262626262628	0.052169401983250804
499.99999999999994	0.40404040404040403	0.22626262626262628	0.051970696545917634
499.99999999999994	0.4090909090909091	0.22626262626262628	0.0517742595203153
499.99999999999994	0.41414141414141414	0.22626262626262628	0.05157995120113667
499.99999999999994	0.41919191919191917	0.22626262626262628	0.05138915282334759
499.99999999999994	0.42424242424242425	0.22626262626262628	0.05119930329967001
499.99999999999994	0.4292929292929293	0.22626262626262628	0.05101025439308353
499.99999999999994	0.43434343434343436	0.22626262626262628	0.05082668545061098
499.99999999999994	0.4393939393939394	0.22626262626262628	0.050642310835643
499.99999999999994	0.4444444444444444	0.22626262626262628	0.05046352521076712
499.99999999999994	0.4494949494949495	0.22626262626262628	0.050286527545522854
499.99999999999994	0.45454545454545453	0.22626262626262628	0.05011537675002977
499.99999999999994	0.4595959595959596	0.22626262626262628	0.04995331391376027
499.99999999999994	0.46464646464646464	0.22626262626262628	0.04980683910343031
499.99999999999994	0.4696969696969697	0.22626262626262628	0.04969379373714579
499.99999999999994	0.47474747474747475	0.22626262626262628	0.04964515357747539
499.99999999999994	0.4797979797979798	0.22626262626262628	0.049732679731933106
499.99999999999994	0.48484848484848486	0.22626262626262628	0.050126638106914756
499.99999999999994	0.4898989898989899	0.22626262626262628	0.05144846238101741
499.99999999999994	0.494949494949495	0.22626262626262628	0.05986720841654558
499.99999999999994	0.5	0.22626262626262628	0.07932740839531993
499.99999999999994	0.0	0.23434343434343435	0.07616424834896748
499.99999999999994	0.005050505050505051	0.23434343434343435	0.07572043278911322
499.99999999999994	0.010101010101010102	0.23434343434343435	0.07528335396099013
499.99999999999994	0.015151515151515152	0.23434343434343435	0.07484970952522499
499.99999999999994	0.020202020202020204	0.23434343434343435	0.07442313509180612
499.99999999999994	0.025252525252525252	0.23434343434343435	0.07400105479864195
499.99999999999994	0.030303030303030304	0.23434343434343435	0.07358180045249366
499.99999999999994	0.03535353535353535	0.23434343434343435	0.07316810912680749
499.99999999999994	0.04040404040404041	0.23434343434343435	0.07275782737103904
499.99999999999994	0.045454545454545456	0.23434343434343435	0.07235445160528725
499.99999999999994	0.050505050505050504	0.23434343434343435	0.07195571111928403
499.99999999999994	0.05555555555555555	0.23434343434343435	0.07155954778883723
499.99999999999994	0.06060606060606061	0.23434343434343435	0.0711680471503682
499.99999999999994	0.06565656565656566	0.23434343434343435	0.07077976185722594
499.99999999999994	0.0707070707070707	0.23434343434343435	0.07039762246254831
499.99999999999994	0.07575757575757576	0.23434343434343435	0.07001958783044031
499.99999999999994	0.08080808080808081	0.23434343434343435	0.06964396690831937
499.99999999999994	0.08585858585858586	0.23434343434343435	0.06927259148275985
499.99999999999994	0.09090909090909091	0.23434343434343435	0.06890452444731042
499.99999999999994	0.09595959595959595	0.23434343434343435	0.06854181874240335
499.99999999999994	0.10101010101010101	0.23434343434343435	0.06818297741977672
499.99999999999994	0.10606060606060606	0.23434343434343435	0.06782641170292672
499.99999999999994	0.1111111111111111	0.23434343434343435	0.06747358145211309
499.99999999999994	0.11616161616161616	0.23434343434343435	0.06712432303756197
499.99999999999994	0.12121212121212122	0.23434343434343435	0.06677954334467721
499.99999999999994	0.12626262626262627	0.23434343434343435	0.0664384585614595
499.99999999999994	0.13131313131313133	0.23434343434343435	0.06609958814251557
499.99999999999994	0.13636363636363635	0.23434343434343435	0.06576416864457184
499.99999999999994	0.1414141414141414	0.23434343434343435	0.06543260233075235
499.99999999999994	0.14646464646464646	0.23434343434343435	0.06510455857327278
499.99999999999994	0.15151515151515152	0.23434343434343435	0.06477994154269931
499.99999999999994	0.15656565656565657	0.23434343434343435	0.06445792098273409
499.99999999999994	0.16161616161616163	0.23434343434343435	0.06413854997370999
499.99999999999994	0.16666666666666666	0.23434343434343435	0.06382380456735945
499.99999999999994	0.1717171717171717	0.23434343434343435	0.06351417056933774
499.99999999999994	0.17676767676767677	0.23434343434343435	0.06320481238774998
499.99999999999994	0.18181818181818182	0.23434343434343435	0.0628975826659913
499.99999999999994	0.18686868686868688	0.23434343434343435	0.06259598247765442
499.99999999999994	0.1919191919191919	0.23434343434343435	0.062295977573596166
499.99999999999994	0.19696969696969696	0.23434343434343435	0.06199874388222179
499.99999999999994	0.20202020202020202	0.23434343434343435	0.061704391589275584
499.99999999999994	0.20707070707070707	0.23434343434343435	0.061412521864653985
499.99999999999994	0.21212121212121213	0.23434343434343435	0.06112375215396343
499.99999999999994	0.21717171717171718	0.23434343434343435	0.06083869120974465
499.99999999999994	0.2222222222222222	0.23434343434343435	0.06055560109917482
499.99999999999994	0.22727272727272727	0.23434343434343435	0.060275438717799446
499.99999999999994	0.23232323232323232	0.23434343434343435	0.05999767166567919
499.99999999999994	0.23737373737373738	0.23434343434343435	0.059722032389108115
499.99999999999994	0.24242424242424243	0.23434343434343435	0.059449421397860386
499.99999999999994	0.2474747474747475	0.23434343434343435	0.059180179023287136
499.99999999999994	0.25252525252525254	0.23434343434343435	0.05891309205311194
499.99999999999994	0.25757575757575757	0.23434343434343435	0.05864853019246575
499.99999999999994	0.26262626262626265	0.23434343434343435	0.05838646961858895
499.99999999999994	0.2676767676767677	0.23434343434343435	0.05812659665701965
499.99999999999994	0.2727272727272727	0.23434343434343435	0.05786872743955482
499.99999999999994	0.2777777777777778	0.23434343434343435	0.05761373330323715
499.99999999999994	0.2828282828282828	0.23434343434343435	0.05736065903954195
499.99999999999994	0.2878787878787879	0.23434343434343435	0.05711064988288772
499.99999999999994	0.29292929292929293	0.23434343434343435	0.05686348129326122
499.99999999999994	0.29797979797979796	0.23434343434343435	0.05661928976547372
499.99999999999994	0.30303030303030304	0.23434343434343435	0.056376742842547435
499.99999999999994	0.30808080808080807	0.23434343434343435	0.05613599989712757
499.99999999999994	0.31313131313131315	0.23434343434343435	0.05589691429990876
499.99999999999994	0.3181818181818182	0.23434343434343435	0.05566219992241662
499.99999999999994	0.32323232323232326	0.23434343434343435	0.055429348870183054
499.99999999999994	0.3282828282828283	0.23434343434343435	0.05519722320018495
499.99999999999994	0.3333333333333333	0.23434343434343435	0.054968794440975154
499.99999999999994	0.3383838383838384	0.23434343434343435	0.05474175593655182
499.99999999999994	0.3434343434343434	0.23434343434343435	0.05451775426004118
499.99999999999994	0.3484848484848485	0.23434343434343435	0.05429589414831771
499.99999999999994	0.35353535353535354	0.23434343434343435	0.05407635907435917
499.99999999999994	0.35858585858585856	0.23434343434343435	0.053858088173499435
499.99999999999994	0.36363636363636365	0.23434343434343435	0.0536426643455672
499.99999999999994	0.3686868686868687	0.23434343434343435	0.053429420498045
499.99999999999994	0.37373737373737376	0.23434343434343435	0.05321918792835649
499.99999999999994	0.3787878787878788	0.23434343434343435	0.05301088091774057
499.99999999999994	0.3838383838383838	0.23434343434343435	0.05280379868858629
499.99999999999994	0.3888888888888889	0.23434343434343435	0.05259920725680988
499.99999999999994	0.3939393939393939	0.23434343434343435	0.05239850414413557
499.99999999999994	0.398989898989899	0.23434343434343435	0.052198962146822465
499.99999999999994	0.40404040404040403	0.23434343434343435	0.052000949754614514
499.99999999999994	0.4090909090909091	0.23434343434343435	0.051804936213540514
499.99999999999994	0.41414141414141414	0.23434343434343435	0.05161212023246228
499.99999999999994	0.41919191919191917	0.23434343434343435	0.05142156878340859
499.99999999999994	0.42424242424242425	0.23434343434343435	0.05123152120789505
499.99999999999994	0.4292929292929293	0.23434343434343435	0.05104625038949398
499.99999999999994	0.43434343434343436	0.23434343434343435	0.05086112672309059
499.99999999999994	0.4393939393939394	0.23434343434343435	0.05068008285705279
499.99999999999994	0.4444444444444444	0.23434343434343435	0.05050015463490784
499.99999999999994	0.4494949494949495	0.23434343434343435	0.05032850991855663
499.99999999999994	0.45454545454545453	0.23434343434343435	0.050163178047372727
499.99999999999994	0.4595959595959596	0.23434343434343435	0.05001362358031954
499.99999999999994	0.46464646464646464	0.23434343434343435	0.04989326824591619
499.99999999999994	0.4696969696969697	0.23434343434343435	0.04983296096736008
499.99999999999994	0.47474747474747475	0.23434343434343435	0.04989695449100076
499.99999999999994	0.4797979797979798	0.23434343434343435	0.0502363797167588
499.99999999999994	0.48484848484848486	0.23434343434343435	0.0513373271572204
499.99999999999994	0.4898989898989899	0.23434343434343435	0.05852550165571098
499.99999999999994	0.494949494949495	0.23434343434343435	0.07632872703173815
499.99999999999994	0.5	0.23434343434343435	0.11489440381346612
499.99999999999994	0.0	0.24242424242424243	0.07615385603353078
499.99999999999994	0.005050505050505051	0.24242424242424243	0.07571058297677524
499.99999999999994	0.010101010101010102	0.24242424242424243	0.07527424596737894
499.99999999999994	0.015151515151515152	0.24242424242424243	0.07484181456317435
499.99999999999994	0.020202020202020204	0.24242424242424243	0.0744156336340526
499.99999999999994	0.025252525252525252	0.24242424242424243	0.07399395797067722
499.99999999999994	0.030303030303030304	0.24242424242424243	0.07357513556381211
499.99999999999994	0.03535353535353535	0.24242424242424243	0.07316282352267224
499.99999999999994	0.04040404040404041	0.24242424242424243	0.07275378362729025
499.99999999999994	0.045454545454545456	0.24242424242424243	0.07235095805817753
499.99999999999994	0.050505050505050504	0.24242424242424243	0.0719525406764208
499.99999999999994	0.05555555555555555	0.24242424242424243	0.07155633816111848
499.99999999999994	0.06060606060606061	0.24242424242424243	0.07116574109609025
499.99999999999994	0.06565656565656566	0.24242424242424243	0.07077834905413559
499.99999999999994	0.0707070707070707	0.24242424242424243	0.07039660028284496
499.99999999999994	0.07575757575757576	0.24242424242424243	0.07001889066460548
499.99999999999994	0.08080808080808081	0.24242424242424243	0.06964336990708983
499.99999999999994	0.08585858585858586	0.24242424242424243	0.06927281621841087
499.99999999999994	0.09090909090909091	0.24242424242424243	0.06890552909768821
499.99999999999994	0.09595959595959595	0.24242424242424243	0.06854326582283213
499.99999999999994	0.10101010101010101	0.24242424242424243	0.06818471567558872
499.99999999999994	0.10606060606060606	0.24242424242424243	0.06782827271756742
499.99999999999994	0.1111111111111111	0.24242424242424243	0.06747602120689686
499.99999999999994	0.11616161616161616	0.24242424242424243	0.06712756918450129
499.99999999999994	0.12121212121212122	0.24242424242424243	0.06678326199307615
499.99999999999994	0.12626262626262627	0.24242424242424243	0.06644247689873957
499.99999999999994	0.13131313131313133	0.24242424242424243	0.06610364705057499
499.99999999999994	0.13636363636363635	0.24242424242424243	0.06576872341886238
499.99999999999994	0.1414141414141414	0.24242424242424243	0.06543784178873992
499.99999999999994	0.14646464646464646	0.24242424242424243	0.06511034319049754
499.99999999999994	0.15151515151515152	0.24242424242424243	0.06478606813965801
499.99999999999994	0.15656565656565657	0.24242424242424243	0.06446405274797573
499.99999999999994	0.16161616161616163	0.24242424242424243	0.06414576442952555
499.99999999999994	0.16666666666666666	0.24242424242424243	0.0638335101500145
499.99999999999994	0.1717171717171717	0.24242424242424243	0.06352217342116163
499.99999999999994	0.17676767676767677	0.24242424242424243	0.0632131637379697
499.99999999999994	0.18181818181818182	0.24242424242424243	0.06290660749065274
499.99999999999994	0.18686868686868688	0.24242424242424243	0.06260539861272524
499.99999999999994	0.1919191919191919	0.24242424242424243	0.06230566293791173
499.99999999999994	0.19696969696969696	0.24242424242424243	0.06200896875990993
499.99999999999994	0.20202020202020202	0.24242424242424243	0.06171491624074203
499.99999999999994	0.20707070707070707	0.24242424242424243	0.0614233826149779
499.99999999999994	0.21212121212121213	0.24242424242424243	0.06113523083882257
499.99999999999994	0.21717171717171718	0.24242424242424243	0.060850489375995714
499.99999999999994	0.2222222222222222	0.24242424242424243	0.06056781323819437
499.99999999999994	0.22727272727272727	0.24242424242424243	0.06028807293673167
499.99999999999994	0.23232323232323232	0.24242424242424243	0.06001074170966263
499.99999999999994	0.23737373737373738	0.24242424242424243	0.059735557574433905
499.99999999999994	0.24242424242424243	0.24242424242424243	0.059463303997027143
499.99999999999994	0.2474747474747475	0.24242424242424243	0.05919428570436442
499.99999999999994	0.25252525252525254	0.24242424242424243	0.058927613254523774
499.99999999999994	0.25757575757575757	0.24242424242424243	0.058663343473898434
499.99999999999994	0.26262626262626265	0.24242424242424243	0.05840164894387135
499.99999999999994	0.2676767676767677	0.24242424242424243	0.058142239683684926
499.99999999999994	0.2727272727272727	0.24242424242424243	0.057884598970193296
499.99999999999994	0.2777777777777778	0.24242424242424243	0.05762980200836741
499.99999999999994	0.2828282828282828	0.24242424242424243	0.05737839229646925
499.99999999999994	0.2878787878787879	0.24242424242424243	0.05712971845979962
499.99999999999994	0.29292929292929293	0.24242424242424243	0.056882980322977124
499.99999999999994	0.29797979797979796	0.24242424242424243	0.05663821995514881
499.99999999999994	0.30303030303030304	0.24242424242424243	0.056395806290629444
499.99999999999994	0.30808080808080807	0.24242424242424243	0.056154582938846564
499.99999999999994	0.31313131313131315	0.24242424242424243	0.05591843785176137
499.99999999999994	0.3181818181818182	0.24242424242424243	0.05568370004117946
499.99999999999994	0.32323232323232326	0.24242424242424243	0.05544935149339788
499.99999999999994	0.3282828282828283	0.24242424242424243	0.05521907096386028
499.99999999999994	0.3333333333333333	0.24242424242424243	0.054990811646876823
499.99999999999994	0.3383838383838384	0.24242424242424243	0.05476501000903636
499.99999999999994	0.3434343434343434	0.24242424242424243	0.054539965228741764
499.99999999999994	0.3484848484848485	0.24242424242424243	0.05431992033200489
499.99999999999994	0.35353535353535354	0.24242424242424243	0.05409989545359684
499.99999999999994	0.35858585858585856	0.24242424242424243	0.05388292595791505
499.99999999999994	0.36363636363636365	0.24242424242424243	0.05366870608980889
499.99999999999994	0.3686868686868687	0.24242424242424243	0.053456715641627746
499.99999999999994	0.37373737373737376	0.24242424242424243	0.053245857453350906
499.99999999999994	0.3787878787878788	0.24242424242424243	0.053037517957445705
499.99999999999994	0.3838383838383838	0.24242424242424243	0.05283180055656966
499.99999999999994	0.3888888888888889	0.24242424242424243	0.052628999902566115
499.99999999999994	0.3939393939393939	0.24242424242424243	0.052427953958577606
499.99999999999994	0.398989898989899	0.24242424242424243	0.05222885897571947
499.99999999999994	0.40404040404040403	0.24242424242424243	0.05203183724764125
499.99999999999994	0.4090909090909091	0.24242424242424243	0.05183677708435598
499.99999999999994	0.41414141414141414	0.24242424242424243	0.05164526117237586
499.99999999999994	0.41919191919191917	0.24242424242424243	0.051453658942037725
499.99999999999994	0.42424242424242425	0.24242424242424243	0.05126705896219607
499.99999999999994	0.4292929292929293	0.24242424242424243	0.05108065602646681
499.99999999999994	0.43434343434343436	0.24242424242424243	0.05089800926268982
499.99999999999994	0.4393939393939394	0.24242424242424243	0.05071694756306653
499.99999999999994	0.4444444444444444	0.24242424242424243	0.05054193514268583
499.99999999999994	0.4494949494949495	0.24242424242424243	0.05037430469141963
499.99999999999994	0.45454545454545453	0.24242424242424243	0.05022074702869791
499.99999999999994	0.4595959595959596	0.24242424242424243	0.05009529315688641
499.99999999999994	0.46464646464646464	0.24242424242424243	0.05002374758930436
499.99999999999994	0.4696969696969697	0.24242424242424243	0.0500661712591732
499.99999999999994	0.47474747474747475	0.24242424242424243	0.05035706976483464
499.99999999999994	0.4797979797979798	0.24242424242424243	0.051294485762986265
499.99999999999994	0.48484848484848486	0.24242424242424243	0.05728756250295103
499.99999999999994	0.4898989898989899	0.24242424242424243	0.0735840009113123
499.99999999999994	0.494949494949495	0.24242424242424243	0.10942068057836946
499.99999999999994	0.5	0.24242424242424243	0.1705369797461967
499.99999999999994	0.0	0.2505050505050505	0.07614357123838963
499.99999999999994	0.005050505050505051	0.2505050505050505	0.07570145217562425
499.99999999999994	0.010101010101010102	0.2505050505050505	0.07526511711762034
499.99999999999994	0.015151515151515152	0.2505050505050505	0.0748341222997778
499.99999999999994	0.020202020202020204	0.2505050505050505	0.07440858790162803
499.99999999999994	0.025252525252525252	0.2505050505050505	0.07398782045650662
499.99999999999994	0.030303030303030304	0.2505050505050505	0.07356986043139603
499.99999999999994	0.03535353535353535	0.2505050505050505	0.07315794876996944
499.99999999999994	0.04040404040404041	0.2505050505050505	0.0727501758348605
499.99999999999994	0.045454545454545456	0.2505050505050505	0.07234767913149681
499.99999999999994	0.050505050505050504	0.2505050505050505	0.07194958789966716
499.99999999999994	0.05555555555555555	0.2505050505050505	0.07155365827351229
499.99999999999994	0.06060606060606061	0.2505050505050505	0.07116375801939204
499.99999999999994	0.06565656565656566	0.2505050505050505	0.0707773875793256
499.99999999999994	0.0707070707070707	0.2505050505050505	0.07039595954075796
499.99999999999994	0.07575757575757576	0.2505050505050505	0.07001858758285892
499.99999999999994	0.08080808080808081	0.2505050505050505	0.06964317665117106
499.99999999999994	0.08585858585858586	0.2505050505050505	0.06927334650859768
499.99999999999994	0.09090909090909091	0.2505050505050505	0.06890689299789764
499.99999999999994	0.09595959595959595	0.2505050505050505	0.06854505441922973
499.99999999999994	0.10101010101010101	0.2505050505050505	0.06818682068206446
499.99999999999994	0.10606060606060606	0.2505050505050505	0.06783047710658605
499.99999999999994	0.1111111111111111	0.2505050505050505	0.06747891662187007
499.99999999999994	0.11616161616161616	0.2505050505050505	0.06713120190178296
499.99999999999994	0.12121212121212122	0.2505050505050505	0.06678736445872836
499.99999999999994	0.12626262626262627	0.2505050505050505	0.06644686666361573
499.99999999999994	0.13131313131313133	0.2505050505050505	0.0661081543037851
499.99999999999994	0.13636363636363635	0.2505050505050505	0.06577377597504364
499.99999999999994	0.1414141414141414	0.2505050505050505	0.06544359046102077
499.99999999999994	0.14646464646464646	0.2505050505050505	0.06511657773829262
499.99999999999994	0.15151515151515152	0.2505050505050505	0.06479261503799842
499.99999999999994	0.15656565656565657	0.2505050505050505	0.06447098017368666
499.99999999999994	0.16161616161616163	0.2505050505050505	0.06415624976179835
499.99999999999994	0.16666666666666666	0.2505050505050505	0.0638414996403819
499.99999999999994	0.1717171717171717	0.2505050505050505	0.06353061158696398
499.99999999999994	0.17676767676767677	0.2505050505050505	0.06322200274611865
499.99999999999994	0.18181818181818182	0.2505050505050505	0.06291612621562843
499.99999999999994	0.18686868686868688	0.2505050505050505	0.06261522654781072
499.99999999999994	0.1919191919191919	0.2505050505050505	0.062315832805614285
499.99999999999994	0.19696969696969696	0.2505050505050505	0.062019626651065564
499.99999999999994	0.20202020202020202	0.2505050505050505	0.06172592064922071
499.99999999999994	0.20707070707070707	0.2505050505050505	0.061434752325747646
499.99999999999994	0.21212121212121213	0.2505050505050505	0.06114711447006137
499.99999999999994	0.21717171717171718	0.2505050505050505	0.06086274605549537
499.99999999999994	0.2222222222222222	0.2505050505050505	0.06058047803273767
499.99999999999994	0.22727272727272727	0.2505050505050505	0.0603011462730537
499.99999999999994	0.23232323232323232	0.2505050505050505	0.0600242527611096
499.99999999999994	0.23737373737373738	0.2505050505050505	0.05974956871615298
499.99999999999994	0.24242424242424243	0.2505050505050505	0.05947765105702544
499.99999999999994	0.2474747474747475	0.2505050505050505	0.059208722078492274
499.99999999999994	0.25252525252525254	0.2505050505050505	0.0589424431022981
499.99999999999994	0.25757575757575757	0.2505050505050505	0.0586783865841587
499.99999999999994	0.26262626262626265	0.2505050505050505	0.0584170300388418
499.99999999999994	0.2676767676767677	0.2505050505050505	0.058158033209487044
499.99999999999994	0.2727272727272727	0.2505050505050505	0.057900722532378594
499.99999999999994	0.2777777777777778	0.2505050505050505	0.057647748938057575
499.99999999999994	0.2828282828282828	0.2505050505050505	0.05739713897732687
499.99999999999994	0.2878787878787879	0.2505050505050505	0.057148628049410524
499.99999999999994	0.29292929292929293	0.2505050505050505	0.05690209646264759
499.99999999999994	0.29797979797979796	0.2505050505050505	0.056656849821080706
499.99999999999994	0.30303030303030304	0.2505050505050505	0.05641401918692313
499.99999999999994	0.30808080808080807	0.2505050505050505	0.0561759933255557
499.99999999999994	0.31313131313131315	0.2505050505050505	0.055938999557820335
499.99999999999994	0.3181818181818182	0.2505050505050505	0.05570213801723095
499.99999999999994	0.32323232323232326	0.2505050505050505	0.05547138603778365
499.99999999999994	0.3282828282828283	0.2505050505050505	0.05524116185658299
499.99999999999994	0.3333333333333333	0.2505050505050505	0.05501355102871314
499.99999999999994	0.3383838383838384	0.2505050505050505	0.0547869593405423
499.99999999999994	0.3434343434343434	0.2505050505050505	0.05456537642848552
499.99999999999994	0.3484848484848485	0.2505050505050505	0.054343964052925416
499.99999999999994	0.35353535353535354	0.2505050505050505	0.05412482466034542
499.99999999999994	0.35858585858585856	0.2505050505050505	0.05390875187975402
499.99999999999994	0.36363636363636365	0.2505050505050505	0.05369509643669446
499.99999999999994	0.3686868686868687	0.2505050505050505	0.053482291964295485
499.99999999999994	0.37373737373737376	0.2505050505050505	0.053273720420873784
499.99999999999994	0.3787878787878788	0.2505050505050505	0.05306516798368652
499.99999999999994	0.3838383838383838	0.2505050505050505	0.05286092757982615
499.99999999999994	0.3888888888888889	0.2505050505050505	0.052658777683325976
499.99999999999994	0.3939393939393939	0.2505050505050505	0.05245758863873492
499.99999999999994	0.398989898989899	0.2505050505050505	0.05225958796256619
499.99999999999994	0.40404040404040403	0.2505050505050505	0.052062981601422545
499.99999999999994	0.4090909090909091	0.2505050505050505	0.05186996106181746
499.99999999999994	0.41414141414141414	0.2505050505050505	0.05167752241042939
499.99999999999994	0.41919191919191917	0.2505050505050505	0.0514888839201431
499.99999999999994	0.42424242424242425	0.2505050505050505	0.05130171422225965
499.99999999999994	0.4292929292929293	0.2505050505050505	0.05111696407914148
499.99999999999994	0.43434343434343436	0.2505050505050505	0.05093518994432793
499.99999999999994	0.4393939393939394	0.2505050505050505	0.05075725269965478
499.99999999999994	0.4444444444444444	0.2505050505050505	0.05058817741048224
499.99999999999994	0.4494949494949495	0.2505050505050505	0.05043096115033701
499.99999999999994	0.45454545454545453	0.2505050505050505	0.05029943284023331
499.99999999999994	0.4595959595959596	0.2505050505050505	0.050217692511759365
499.99999999999994	0.46464646464646464	0.2505050505050505	0.050239939669993516
499.99999999999994	0.4696969696969697	0.2505050505050505	0.05048734513042305
499.99999999999994	0.47474747474747475	0.2505050505050505	0.05129521901845994
499.99999999999994	0.4797979797979798	0.2505050505050505	0.056142759079096036
499.99999999999994	0.48484848484848486	0.2505050505050505	0.07107583870001452
499.99999999999994	0.4898989898989899	0.2505050505050505	0.10424569683285835
499.99999999999994	0.494949494949495	0.2505050505050505	0.16297879772776339
499.99999999999994	0.5	0.2505050505050505	0.24044275309289942
499.99999999999994	0.0	0.2585858585858586	0.07613416896308597
499.99999999999994	0.005050505050505051	0.2585858585858586	0.07569323994123829
499.99999999999994	0.010101010101010102	0.2585858585858586	0.07525772054127483
499.99999999999994	0.015151515151515152	0.2585858585858586	0.07482760280765875
499.99999999999994	0.020202020202020204	0.2585858585858586	0.074402821243327
499.99999999999994	0.025252525252525252	0.2585858585858586	0.07398232811390877
499.99999999999994	0.030303030303030304	0.2585858585858586	0.07356536415852778
499.99999999999994	0.03535353535353535	0.2585858585858586	0.07315356816898647
499.99999999999994	0.04040404040404041	0.2585858585858586	0.07274693179031717
499.99999999999994	0.045454545454545456	0.2585858585858586	0.07234483713748709
499.99999999999994	0.050505050505050504	0.2585858585858586	0.07194702443042011
499.99999999999994	0.05555555555555555	0.2585858585858586	0.07155198245098013
499.99999999999994	0.06060606060606061	0.2585858585858586	0.07116206408714074
499.99999999999994	0.06565656565656566	0.2585858585858586	0.07077673949144285
499.99999999999994	0.0707070707070707	0.2585858585858586	0.07039564175399958
499.99999999999994	0.07575757575757576	0.2585858585858586	0.07001867568871646
499.99999999999994	0.08080808080808081	0.2585858585858586	0.06964389225029083
499.99999999999994	0.08585858585858586	0.2585858585858586	0.0692742192091986
499.99999999999994	0.09090909090909091	0.2585858585858586	0.06890877992322424
499.99999999999994	0.09595959595959595	0.2585858585858586	0.068547173484892
499.99999999999994	0.10101010101010101	0.2585858585858586	0.06818928582004187
499.99999999999994	0.10606060606060606	0.2585858585858586	0.06783313416685405
499.99999999999994	0.1111111111111111	0.2585858585858586	0.06748235514020817
499.99999999999994	0.11616161616161616	0.2585858585858586	0.06713522758854353
499.99999999999994	0.12121212121212122	0.2585858585858586	0.06679184900945356
499.99999999999994	0.12626262626262627	0.2585858585858586	0.06645166166082549
499.99999999999994	0.13131313131313133	0.2585858585858586	0.06611313232812259
499.99999999999994	0.13636363636363635	0.2585858585858586	0.06577968091419373
499.99999999999994	0.1414141414141414	0.2585858585858586	0.06544983919053199
499.99999999999994	0.14646464646464646	0.2585858585858586	0.06512324293069972
499.99999999999994	0.15151515151515152	0.2585858585858586	0.06479967258167339
499.99999999999994	0.15656565656565657	0.2585858585858586	0.06448093641308082
499.99999999999994	0.16161616161616163	0.2585858585858586	0.06416442443918229
499.99999999999994	0.16666666666666666	0.2585858585858586	0.0638500536438684
499.99999999999994	0.1717171717171717	0.2585858585858586	0.06353949655137965
499.99999999999994	0.17676767676767677	0.2585858585858586	0.0632313114728097
499.99999999999994	0.18181818181818182	0.2585858585858586	0.06292602806037997
499.99999999999994	0.18686868686868688	0.2585858585858586	0.06262547311081633
499.99999999999994	0.1919191919191919	0.2585858585858586	0.062326498750077564
499.99999999999994	0.19696969696969696	0.2585858585858586	0.06203072118907703
499.99999999999994	0.20202020202020202	0.2585858585858586	0.06173740585018906
499.99999999999994	0.20707070707070707	0.2585858585858586	0.06144663057580062
499.99999999999994	0.21212121212121213	0.2585858585858586	0.061159388768746624
499.99999999999994	0.21717171717171718	0.2585858585858586	0.060875421300907395
499.99999999999994	0.2222222222222222	0.2585858585858586	0.060593578015560236
499.99999999999994	0.22727272727272727	0.2585858585858586	0.06031463220420619
499.99999999999994	0.23232323232323232	0.2585858585858586	0.06003816608087321
499.99999999999994	0.23737373737373738	0.2585858585858586	0.059764024902087425
499.99999999999994	0.24242424242424243	0.2585858585858586	0.05949236379424346
499.99999999999994	0.2474747474747475	0.2585858585858586	0.059223488370663366
499.99999999999994	0.25252525252525254	0.2585858585858586	0.05895748006731675
499.99999999999994	0.25757575757575757	0.2585858585858586	0.05869366935647097
499.99999999999994	0.26262626262626265	0.2585858585858586	0.0584324678751145
499.99999999999994	0.2676767676767677	0.2585858585858586	0.05817450595123031
499.99999999999994	0.2727272727272727	0.2585858585858586	0.057919101593510006
499.99999999999994	0.2777777777777778	0.2585858585858586	0.05766619969733262
499.99999999999994	0.2828282828282828	0.2585858585858586	0.057415699925931936
499.99999999999994	0.2878787878787879	0.2585858585858586	0.05716709102710826
499.99999999999994	0.29292929292929293	0.2585858585858586	0.05692033029949418
499.99999999999994	0.29797979797979796	0.2585858585858586	0.05667595844615893
499.99999999999994	0.30303030303030304	0.2585858585858586	0.05643545101438485
499.99999999999994	0.30808080808080807	0.2585858585858586	0.05619615848603914
499.99999999999994	0.31313131313131315	0.2585858585858586	0.055958119183043026
499.99999999999994	0.3181818181818182	0.2585858585858586	0.055726111725413016
499.99999999999994	0.32323232323232326	0.2585858585858586	0.0554932488073421
499.99999999999994	0.3282828282828283	0.2585858585858586	0.055263826370091855
499.99999999999994	0.3333333333333333	0.2585858585858586	0.05503559652649843
499.99999999999994	0.3383838383838384	0.2585858585858586	0.05481157021607788
499.99999999999994	0.3434343434343434	0.2585858585858586	0.05458991168009403
499.99999999999994	0.3484848484848485	0.2585858585858586	0.0543690090132726
499.99999999999994	0.35353535353535354	0.2585858585858586	0.054150682719925305
499.99999999999994	0.35858585858585856	0.2585858585858586	0.05393494490211684
499.99999999999994	0.36363636363636365	0.2585858585858586	0.0537203843163629
499.99999999999994	0.3686868686868687	0.2585858585858586	0.05351103661643273
499.99999999999994	0.37373737373737376	0.2585858585858586	0.05330055029014024
499.99999999999994	0.3787878787878788	0.2585858585858586	0.05309506091445263
499.99999999999994	0.3838383838383838	0.2585858585858586	0.05289045347380149
499.99999999999994	0.3888888888888889	0.2585858585858586	0.05268793329416919
499.99999999999994	0.3939393939393939	0.2585858585858586	0.05248872879834942
499.99999999999994	0.398989898989899	0.2585858585858586	0.05229118919191749
499.99999999999994	0.40404040404040403	0.2585858585858586	0.052096152112625756
499.99999999999994	0.4090909090909091	0.2585858585858586	0.051902564512943596
499.99999999999994	0.41414141414141414	0.2585858585858586	0.05171251410124129
499.99999999999994	0.41919191919191917	0.2585858585858586	0.05152406389812213
499.99999999999994	0.42424242424242425	0.2585858585858586	0.051336929667605107
499.99999999999994	0.4292929292929293	0.2585858585858586	0.051154204022405794
499.99999999999994	0.43434343434343436	0.2585858585858586	0.0509750106721589
499.99999999999994	0.4393939393939394	0.2585858585858586	0.05080240279807916
499.99999999999994	0.4444444444444444	0.2585858585858586	0.050641618057794054
499.99999999999994	0.4494949494949495	0.2585858585858586	0.05050446082967489
499.99999999999994	0.45454545454545453	0.2585858585858586	0.050414150336422624
499.99999999999994	0.4595959595959596	0.2585858585858586	0.05041802545733968
499.99999999999994	0.46464646464646464	0.2585858585858586	0.050626439091656816
499.99999999999994	0.4696969696969697	0.2585858585858586	0.051326690959104575
499.99999999999994	0.47474747474747475	0.2585858585858586	0.055081647257261675
499.99999999999994	0.4797979797979798	0.2585858585858586	0.06878579868812834
499.99999999999994	0.48484848484848486	0.2585858585858586	0.0993777481017974
499.99999999999994	0.4898989898989899	0.2585858585858586	0.15560386068932874
499.99999999999994	0.494949494949495	0.2585858585858586	0.2316995798030735
499.99999999999994	0.5	0.2585858585858586	0.3187802739026805
499.99999999999994	0.0	0.26666666666666666	0.07612540192596125
499.99999999999994	0.005050505050505051	0.26666666666666666	0.07568589432906798
499.99999999999994	0.010101010101010102	0.26666666666666666	0.07525159218796913
499.99999999999994	0.015151515151515152	0.26666666666666666	0.07482236638115057
499.99999999999994	0.020202020202020204	0.26666666666666666	0.0743978346681194
499.99999999999994	0.025252525252525252	0.26666666666666666	0.07397727966918681
499.99999999999994	0.030303030303030304	0.26666666666666666	0.07356119772404768
499.99999999999994	0.03535353535353535	0.26666666666666666	0.07315013943618733
499.99999999999994	0.04040404040404041	0.26666666666666666	0.07274392086316092
499.99999999999994	0.045454545454545456	0.26666666666666666	0.07234246627133158
499.99999999999994	0.050505050505050504	0.26666666666666666	0.07194477164349022
499.99999999999994	0.05555555555555555	0.26666666666666666	0.07155056400248382
499.99999999999994	0.06060606060606061	0.26666666666666666	0.0711612897016073
499.99999999999994	0.06565656565656566	0.26666666666666666	0.07077640096187422
499.99999999999994	0.0707070707070707	0.26666666666666666	0.07039582401044271
499.99999999999994	0.07575757575757576	0.26666666666666666	0.07001909880463907
499.99999999999994	0.08080808080808081	0.26666666666666666	0.06964512626946924
499.99999999999994	0.08585858585858586	0.26666666666666666	0.06927606591559503
499.99999999999994	0.09090909090909091	0.26666666666666666	0.06891097409013539
499.99999999999994	0.09595959595959595	0.26666666666666666	0.06854966557486834
499.99999999999994	0.10101010101010101	0.26666666666666666	0.06819215361733502
499.99999999999994	0.10606060606060606	0.26666666666666666	0.06783671095544828
499.99999999999994	0.1111111111111111	0.26666666666666666	0.06748657116737805
499.99999999999994	0.11616161616161616	0.26666666666666666	0.06713976085799461
499.99999999999994	0.12121212121212122	0.26666666666666666	0.06679671359436852
499.99999999999994	0.12626262626262627	0.26666666666666666	0.06645687242593036
499.99999999999994	0.13131313131313133	0.26666666666666666	0.06611879453085076
499.99999999999994	0.13636363636363635	0.26666666666666666	0.06578616917403414
499.99999999999994	0.1414141414141414	0.26666666666666666	0.06545656104039282
499.99999999999994	0.14646464646464646	0.26666666666666666	0.06513036925399682
499.99999999999994	0.15151515151515152	0.26666666666666666	0.06480796609252974
499.99999999999994	0.15656565656565657	0.26666666666666666	0.0644892465642905
499.99999999999994	0.16161616161616163	0.26666666666666666	0.06417301852237962
499.99999999999994	0.16666666666666666	0.26666666666666666	0.06385910014088657
499.99999999999994	0.1717171717171717	0.26666666666666666	0.06354884190426258
499.99999999999994	0.17676767676767677	0.26666666666666666	0.0632410970626355
499.99999999999994	0.18181818181818182	0.26666666666666666	0.06293632170533517
499.99999999999994	0.18686868686868688	0.26666666666666666	0.06263614358580634
499.99999999999994	0.1919191919191919	0.26666666666666666	0.06233759902627598
499.99999999999994	0.19696969696969696	0.26666666666666666	0.0620422463406325
499.99999999999994	0.20202020202020202	0.26666666666666666	0.061749349452538405
499.99999999999994	0.20707070707070707	0.26666666666666666	0.06145901201236573
499.99999999999994	0.21212121212121213	0.26666666666666666	0.06117203296971612
499.99999999999994	0.21717171717171718	0.26666666666666666	0.06088849028372246
499.99999999999994	0.2222222222222222	0.26666666666666666	0.0606070832720609
499.99999999999994	0.22727272727272727	0.26666666666666666	0.06032848735509442
499.99999999999994	0.23232323232323232	0.26666666666666666	0.06005242657579012
499.99999999999994	0.23737373737373738	0.26666666666666666	0.05977886183666533
499.99999999999994	0.24242424242424243	0.26666666666666666	0.05950734899070301
499.99999999999994	0.2474747474747475	0.26666666666666666	0.059238973833781745
499.99999999999994	0.25252525252525254	0.26666666666666666	0.058972610158144534
499.99999999999994	0.25757575757575757	0.26666666666666666	0.05870911227818696
499.99999999999994	0.26262626262626265	0.26666666666666666	0.05844914957441363
499.99999999999994	0.2676767676767677	0.26666666666666666	0.05819252635399061
499.99999999999994	0.2727272727272727	0.26666666666666666	0.05793749655770413
499.99999999999994	0.2777777777777778	0.26666666666666666	0.05768466547837053
499.99999999999994	0.2828282828282828	0.26666666666666666	0.05743368941962681
499.99999999999994	0.2878787878787879	0.26666666666666666	0.05718461849312755
499.99999999999994	0.29292929292929293	0.26666666666666666	0.056938950945718624
499.99999999999994	0.29797979797979796	0.26666666666666666	0.05669678907931766
499.99999999999994	0.30303030303030304	0.26666666666666666	0.0564559521208536
499.99999999999994	0.30808080808080807	0.26666666666666666	0.05621671572484271
499.99999999999994	0.31313131313131315	0.26666666666666666	0.05598211808101705
499.99999999999994	0.3181818181818182	0.26666666666666666	0.05574647040248188
499.99999999999994	0.32323232323232326	0.26666666666666666	0.055516513002640364
499.99999999999994	0.3282828282828283	0.26666666666666666	0.05528620139274985
499.99999999999994	0.3333333333333333	0.26666666666666666	0.05506034503032545
499.99999999999994	0.3383838383838384	0.26666666666666666	0.05483668297425305
499.99999999999994	0.3434343434343434	0.26666666666666666	0.05461489349766491
499.99999999999994	0.3484848484848485	0.26666666666666666	0.054394981095595485
499.99999999999994	0.35353535353535354	0.26666666666666666	0.05417748569060765
499.99999999999994	0.35858585858585856	0.26666666666666666	0.05396112501318946
499.99999999999994	0.36363636363636365	0.26666666666666666	0.05375003703691272
499.99999999999994	0.3686868686868687	0.26666666666666666	0.053538307789120824
499.99999999999994	0.37373737373737376	0.26666666666666666	0.053330200151579125
499.99999999999994	0.3787878787878788	0.26666666666666666	0.053124824771250835
499.99999999999994	0.3838383838383838	0.26666666666666666	0.05292020844296973
499.99999999999994	0.3888888888888889	0.26666666666666666	0.05272064236349002
499.99999999999994	0.3939393939393939	0.26666666666666666	0.0525204141992994
499.99999999999994	0.398989898989899	0.26666666666666666	0.052324026533132104
499.99999999999994	0.40404040404040403	0.26666666666666666	0.05212839694927078
499.99999999999994	0.4090909090909091	0.26666666666666666	0.05193734164614973
499.99999999999994	0.41414141414141414	0.26666666666666666	0.051747568191791826
499.99999999999994	0.41919191919191917	0.26666666666666666	0.05155864014268987
499.99999999999994	0.42424242424242425	0.26666666666666666	0.051374449498485214
499.99999999999994	0.4292929292929293	0.26666666666666666	0.05119382806506669
499.99999999999994	0.43434343434343436	0.26666666666666666	0.051018035546753965
499.99999999999994	0.4393939393939394	0.26666666666666666	0.05085554340085163
499.99999999999994	0.4444444444444444	0.26666666666666666	0.05071289872705913
499.99999999999994	0.4494949494949495	0.26666666666666666	0.05061287873431508
499.99999999999994	0.45454545454545453	0.26666666666666666	0.05060026936166822
499.99999999999994	0.4595959595959596	0.26666666666666666	0.05077315721640544
499.99999999999994	0.46464646464646464	0.26666666666666666	0.05138189306959937
499.99999999999994	0.4696969696969697	0.26666666666666666	0.05409590017125161
499.99999999999994	0.47474747474747475	0.26666666666666666	0.06669509007722267
499.99999999999994	0.4797979797979798	0.26666666666666666	0.09482187854096276
499.99999999999994	0.48484848484848486	0.26666666666666666	0.14842854390216548
499.99999999999994	0.4898989898989899	0.26666666666666666	0.22303704675995806
499.99999999999994	0.494949494949495	0.26666666666666666	0.30946300206152194
499.99999999999994	0.5	0.26666666666666666	0.40196599816041945
499.99999999999994	0.0	0.27474747474747474	0.07611768983227338
499.99999999999994	0.005050505050505051	0.27474747474747474	0.07567900603741679
499.99999999999994	0.010101010101010102	0.27474747474747474	0.07524552271350776
499.99999999999994	0.015151515151515152	0.27474747474747474	0.07481728303631228
499.99999999999994	0.020202020202020204	0.27474747474747474	0.0743932375670446
499.99999999999994	0.025252525252525252	0.27474747474747474	0.07397276274052363
499.99999999999994	0.030303030303030304	0.27474747474747474	0.07355756285580473
499.99999999999994	0.03535353535353535	0.27474747474747474	0.07314724200022053
499.99999999999994	0.04040404040404041	0.27474747474747474	0.07274177381214207
499.99999999999994	0.045454545454545456	0.27474747474747474	0.0723407472793361
499.99999999999994	0.050505050505050504	0.27474747474747474	0.07194302100312296
499.99999999999994	0.05555555555555555	0.27474747474747474	0.07154960087017025
499.99999999999994	0.06060606060606061	0.27474747474747474	0.07116089460673854
499.99999999999994	0.06565656565656566	0.27474747474747474	0.07077651409096185
499.99999999999994	0.0707070707070707	0.27474747474747474	0.07039648678265646
499.99999999999994	0.07575757575757576	0.27474747474747474	0.07001997614517894
499.99999999999994	0.08080808080808081	0.27474747474747474	0.06964673275222531
499.99999999999994	0.08585858585858586	0.27474747474747474	0.06927828292872465
499.99999999999994	0.09090909090909091	0.27474747474747474	0.06891355004777922
499.99999999999994	0.09595959595959595	0.27474747474747474	0.06855270265804791
499.99999999999994	0.10101010101010101	0.27474747474747474	0.06819549701743541
499.99999999999994	0.10606060606060606	0.27474747474747474	0.0678407445764808
499.99999999999994	0.1111111111111111	0.27474747474747474	0.06749117890130094
499.99999999999994	0.11616161616161616	0.27474747474747474	0.06714471890552019
499.99999999999994	0.12121212121212122	0.27474747474747474	0.06680202016682812
499.99999999999994	0.12626262626262627	0.27474747474747474	0.06646255974337685
499.99999999999994	0.13131313131313133	0.27474747474747474	0.06612510379390854
499.99999999999994	0.13636363636363635	0.27474747474747474	0.06579305980431227
499.99999999999994	0.1414141414141414	0.27474747474747474	0.0654637178631916
499.99999999999994	0.14646464646464646	0.27474747474747474	0.06513939391207088
499.99999999999994	0.15151515151515152	0.27474747474747474	0.0648161191980976
499.99999999999994	0.15656565656565657	0.27474747474747474	0.06449794376831385
499.99999999999994	0.16161616161616163	0.27474747474747474	0.06418202798862514
499.99999999999994	0.16666666666666666	0.27474747474747474	0.06386857171293639
499.99999999999994	0.1717171717171717	0.27474747474747474	0.06355865372110506
499.99999999999994	0.17676767676767677	0.27474747474747474	0.06325136138670272
499.99999999999994	0.18181818181818182	0.27474747474747474	0.06294700808007088
499.99999999999994	0.18686868686868688	0.27474747474747474	0.06264723443340856
499.99999999999994	0.1919191919191919	0.27474747474747474	0.06234912842087558
499.99999999999994	0.19696969696969696	0.27474747474747474	0.06205418900420271
499.99999999999994	0.20202020202020202	0.27474747474747474	0.061761737054149175
499.99999999999994	0.20707070707070707	0.27474747474747474	0.061471879484215806
499.99999999999994	0.21212121212121213	0.27474747474747474	0.06118501387927917
499.99999999999994	0.21717171717171718	0.27474747474747474	0.060901912640039337
499.99999999999994	0.2222222222222222	0.27474747474747474	0.06062094649447222
499.99999999999994	0.22727272727272727	0.27474747474747474	0.06034265144199326
499.99999999999994	0.23232323232323232	0.27474747474747474	0.060066975461377146
499.99999999999994	0.23737373737373738	0.27474747474747474	0.05979396192720091
499.99999999999994	0.24242424242424243	0.27474747474747474	0.059522585464568414
499.99999999999994	0.2474747474747475	0.27474747474747474	0.059254636441881586
499.99999999999994	0.25252525252525254	0.27474747474747474	0.05898889085505036
499.99999999999994	0.25757575757575757	0.27474747474747474	0.05872690495917058
499.99999999999994	0.26262626262626265	0.27474747474747474	0.058466992347572196
499.99999999999994	0.2676767676767677	0.27474747474747474	0.05821022560365677
499.99999999999994	0.2727272727272727	0.27474747474747474	0.0579554994083108
499.99999999999994	0.2777777777777778	0.27474747474747474	0.057702427029950355
499.99999999999994	0.2828282828282828	0.27474747474747474	0.05745149050852077
499.99999999999994	0.2878787878787879	0.27474747474747474	0.057204755274208804
499.99999999999994	0.29292929292929293	0.27474747474747474	0.056960357577658924
499.99999999999994	0.29797979797979796	0.27474747474747474	0.0567172462812734
499.99999999999994	0.30303030303030304	0.27474747474747474	0.05647659675133379
499.99999999999994	0.30808080808080807	0.27474747474747474	0.056239394365428345
499.99999999999994	0.31313131313131315	0.27474747474747474	0.05600161494114911
499.99999999999994	0.3181818181818182	0.27474747474747474	0.05577115708023041
499.99999999999994	0.32323232323232326	0.27474747474747474	0.05553905327637578
499.99999999999994	0.3282828282828283	0.27474747474747474	0.05531104006304742
499.99999999999994	0.3333333333333333	0.27474747474747474	0.055084943205022115
499.99999999999994	0.3383838383838384	0.27474747474747474	0.05486196531120341
499.99999999999994	0.3434343434343434	0.27474747474747474	0.05464067521501171
499.99999999999994	0.3484848484848485	0.27474747474747474	0.054420730720148205
499.99999999999994	0.35353535353535354	0.27474747474747474	0.05420364582116364
499.99999999999994	0.35858585858585856	0.27474747474747474	0.053989567632907284
499.99999999999994	0.36363636363636365	0.27474747474747474	0.053777868020150284
499.99999999999994	0.3686868686868687	0.27474747474747474	0.05356663324773987
499.99999999999994	0.37373737373737376	0.27474747474747474	0.05336025246033302
499.99999999999994	0.3787878787878788	0.27474747474747474	0.05315475588767357
499.99999999999994	0.3838383838383838	0.27474747474747474	0.05295321908892375
499.99999999999994	0.3888888888888889	0.27474747474747474	0.052750802751756816
499.99999999999994	0.3939393939393939	0.27474747474747474	0.05255366853019661
499.99999999999994	0.398989898989899	0.27474747474747474	0.05235679249035735
499.99999999999994	0.40404040404040403	0.27474747474747474	0.05216424230390581
499.99999999999994	0.4090909090909091	0.27474747474747474	0.051972477342398564
499.99999999999994	0.41414141414141414	0.27474747474747474	0.05178207469922943
499.99999999999994	0.41919191919191917	0.27474747474747474	0.051595997044290846
499.99999999999994	0.42424242424242425	0.27474747474747474	0.0514129244123617
499.99999999999994	0.4292929292929293	0.27474747474747474	0.05123676892498784
499.99999999999994	0.43434343434343436	0.27474747474747474	0.051069098443126876
499.99999999999994	0.4393939393939394	0.27474747474747474	0.05092220312589407
499.99999999999994	0.4444444444444444	0.27474747474747474	0.05081460403592039
499.99999999999994	0.4494949494949495	0.27474747474747474	0.050786447014851174
499.99999999999994	0.45454545454545453	0.27474747474747474	0.050927015489988056
499.99999999999994	0.4595959595959596	0.27474747474747474	0.05145640241305626
499.99999999999994	0.46464646464646464	0.27474747474747474	0.05338057156498496
499.99999999999994	0.4696969696969697	0.27474747474747474	0.06478519135414164
499.99999999999994	0.47474747474747475	0.27474747474747474	0.09057943289318368
499.99999999999994	0.4797979797979798	0.27474747474747474	0.1414697475182394
499.99999999999994	0.48484848484848486	0.27474747474747474	0.21446516062016266
499.99999999999994	0.4898989898989899	0.27474747474747474	0.3001677690150081
499.99999999999994	0.494949494949495	0.27474747474747474	0.3924271602022909
499.99999999999994	0.5	0.27474747474747474	0.48780764177743463
499.99999999999994	0.0	0.2828282828282828	0.07611092787004557
499.99999999999994	0.005050505050505051	0.2828282828282828	0.07567300448728845
499.99999999999994	0.010101010101010102	0.2828282828282828	0.07524001291167959
499.99999999999994	0.015151515151515152	0.2828282828282828	0.0748125990817999
499.99999999999994	0.020202020202020204	0.2828282828282828	0.07438900465811726
499.99999999999994	0.025252525252525252	0.2828282828282828	0.07396874384447692
499.99999999999994	0.030303030303030304	0.2828282828282828	0.07355426389108814
499.99999999999994	0.03535353535353535	0.2828282828282828	0.07314467317724473
499.99999999999994	0.04040404040404041	0.2828282828282828	0.07274008545178037
499.99999999999994	0.045454545454545456	0.2828282828282828	0.07233946123300118
499.99999999999994	0.050505050505050504	0.2828282828282828	0.07194181507678729
499.99999999999994	0.05555555555555555	0.2828282828282828	0.0715490973886207
499.99999999999994	0.06060606060606061	0.2828282828282828	0.07116111233048876
499.99999999999994	0.06565656565656566	0.2828282828282828	0.07077749345189308
499.99999999999994	0.0707070707070707	0.2828282828282828	0.07039779200878063
499.99999999999994	0.07575757575757576	0.2828282828282828	0.0700212610554648
499.99999999999994	0.08080808080808081	0.2828282828282828	0.06964872905021084
499.99999999999994	0.08585858585858586	0.2828282828282828	0.06928092579330511
499.99999999999994	0.09090909090909091	0.2828282828282828	0.06891660671796727
499.99999999999994	0.09595959595959595	0.2828282828282828	0.06855633940491475
499.99999999999994	0.10101010101010101	0.2828282828282828	0.06819927069117125
499.99999999999994	0.10606060606060606	0.2828282828282828	0.06784520615443941
499.99999999999994	0.1111111111111111	0.2828282828282828	0.0674961866705456
499.99999999999994	0.11616161616161616	0.2828282828282828	0.06715010976065616
499.99999999999994	0.12121212121212122	0.2828282828282828	0.06680777911920184
499.99999999999994	0.12626262626262627	0.2828282828282828	0.0664687274295007
499.99999999999994	0.13131313131313133	0.2828282828282828	0.06613188471763115
499.99999999999994	0.13636363636363635	0.2828282828282828	0.06580037664880573
499.99999999999994	0.1414141414141414	0.2828282828282828	0.06547354275496015
499.99999999999994	0.14646464646464646	0.2828282828282828	0.06514756518505517
499.99999999999994	0.15151515151515152	0.2828282828282828	0.06482468371242929
499.99999999999994	0.15656565656565657	0.2828282828282828	0.06450701898023739
499.99999999999994	0.16161616161616163	0.2828282828282828	0.06419146396183362
499.99999999999994	0.16666666666666666	0.2828282828282828	0.06387845771577731
499.99999999999994	0.1717171717171717	0.2828282828282828	0.06356893240964472
499.99999999999994	0.17676767676767677	0.2828282828282828	0.06326210250234608
499.99999999999994	0.18181818181818182	0.2828282828282828	0.06295807965090623
499.99999999999994	0.18686868686868688	0.2828282828282828	0.06265873088324826
499.99999999999994	0.1919191919191919	0.2828282828282828	0.06236106909585131
499.99999999999994	0.19696969696969696	0.2828282828282828	0.06206653143602081
499.99999999999994	0.20202020202020202	0.2828282828282828	0.06177454142306169
499.99999999999994	0.20707070707070707	0.2828282828282828	0.06148520313631843
499.99999999999994	0.21212121212121213	0.2828282828282828	0.061198387549597326
499.99999999999994	0.21717171717171718	0.2828282828282828	0.06091566358701628
499.99999999999994	0.2222222222222222	0.2828282828282828	0.06063509859718483
499.99999999999994	0.22727272727272727	0.2828282828282828	0.06035704914744505
499.99999999999994	0.23232323232323232	0.2828282828282828	0.060081746035804184
499.99999999999994	0.23737373737373738	0.2828282828282828	0.059809189480563754
499.99999999999994	0.24242424242424243	0.2828282828282828	0.05953817530410461
499.99999999999994	0.2474747474747475	0.2828282828282828	0.0592713214205606
499.99999999999994	0.25252525252525254	0.2828282828282828	0.05900735150778041
499.99999999999994	0.25757575757575757	0.2828282828282828	0.05874568539359565
499.99999999999994	0.26262626262626265	0.2828282828282828	0.05848632573748305
499.99999999999994	0.2676767676767677	0.2828282828282828	0.05822875571265256
499.99999999999994	0.2727272727272727	0.2828282828282828	0.05797414290938841
499.99999999999994	0.2777777777777778	0.2828282828282828	0.05772092300922024
499.99999999999994	0.2828282828282828	0.2828282828282828	0.05747289150371189
499.99999999999994	0.2878787878787879	0.2828282828282828	0.05722649426238761
499.99999999999994	0.29292929292929293	0.2828282828282828	0.05698101244723967
499.99999999999994	0.29797979797979796	0.2828282828282828	0.056738566750016206
499.99999999999994	0.30303030303030304	0.2828282828282828	0.05649863039809333
499.99999999999994	0.30808080808080807	0.2828282828282828	0.05626064765735105
499.99999999999994	0.31313131313131315	0.2828282828282828	0.05602705929329059
499.99999999999994	0.3181818181818182	0.2828282828282828	0.05579299112260729
499.99999999999994	0.32323232323232326	0.2828282828282828	0.05556275602932377
499.99999999999994	0.3282828282828283	0.2828282828282828	0.0553357591098948
499.99999999999994	0.3333333333333333	0.2828282828282828	0.055110090852027456
499.99999999999994	0.3383838383838384	0.2828282828282828	0.0548873736089923
499.99999999999994	0.3434343434343434	0.2828282828282828	0.054665956809048157
499.99999999999994	0.3484848484848485	0.2828282828282828	0.05444765159874591
499.99999999999994	0.35353535353535354	0.2828282828282828	0.054232011380758414
499.99999999999994	0.35858585858585856	0.2828282828282828	0.054018921769842056
499.99999999999994	0.36363636363636365	0.2828282828282828	0.05380597814551795
499.99999999999994	0.3686868686868687	0.2828282828282828	0.05359658000803564
499.99999999999994	0.37373737373737376	0.2828282828282828	0.05339093134450899
499.99999999999994	0.3787878787878788	0.2828282828282828	0.053187663821555924
499.99999999999994	0.3838383838383838	0.2828282828282828	0.052983361621637234
499.99999999999994	0.3888888888888889	0.2828282828282828	0.05278482517892237
499.99999999999994	0.3939393939393939	0.2828282828282828	0.052586146743436195
499.99999999999994	0.398989898989899	0.2828282828282828	0.05239265778680521
499.99999999999994	0.40404040404040403	0.2828282828282828	0.052198788903414145
499.99999999999994	0.4090909090909091	0.2828282828282828	0.05200681103097336
499.99999999999994	0.41414141414141414	0.2828282828282828	0.051819035857757156
499.99999999999994	0.41919191919191917	0.2828282828282828	0.05163447245924274
499.99999999999994	0.42424242424242425	0.2828282828282828	0.05145612886536986
499.99999999999994	0.4292929292929293	0.2828282828282828	0.0512865530793312
499.99999999999994	0.43434343434343436	0.2828282828282828	0.05113479078787525
499.99999999999994	0.4393939393939394	0.2828282828282828	0.05101865495814629
499.99999999999994	0.4444444444444444	0.2828282828282828	0.05097604186663386
499.99999999999994	0.4494949494949495	0.2828282828282828	0.05108744622401769
499.99999999999994	0.45454545454545453	0.2828282828282828	0.05154716861157013
499.99999999999994	0.4595959595959596	0.2828282828282828	0.05307958297542879
499.99999999999994	0.46464646464646464	0.2828282828282828	0.0630383810615349
499.99999999999994	0.4696969696969697	0.2828282828282828	0.086647793416395
499.99999999999994	0.47474747474747475	0.2828282828282828	0.13474465649134773
499.99999999999994	0.4797979797979798	0.2828282828282828	0.2059947610933103
499.99999999999994	0.48484848484848486	0.2828282828282828	0.2908998881322908
499.99999999999994	0.4898989898989899	0.2828282828282828	0.38287674675155176
499.99999999999994	0.494949494949495	0.2828282828282828	0.478276305263122
499.99999999999994	0.5	0.2828282828282828	0.5745809727252115
499.99999999999994	0.0	0.2909090909090909	0.0761045929884609
499.99999999999994	0.005050505050505051	0.2909090909090909	0.07566772317740592
499.99999999999994	0.010101010101010102	0.2909090909090909	0.07523509113656357
499.99999999999994	0.015151515151515152	0.2909090909090909	0.07480829060996516
499.99999999999994	0.020202020202020204	0.2909090909090909	0.07438517715408091
499.99999999999994	0.025252525252525252	0.2909090909090909	0.07396516804970012
499.99999999999994	0.030303030303030304	0.2909090909090909	0.07355161215942581
499.99999999999994	0.03535353535353535	0.2909090909090909	0.07314273308177409
499.99999999999994	0.04040404040404041	0.2909090909090909	0.0727387453576681
499.99999999999994	0.045454545454545456	0.2909090909090909	0.07233850345216417
499.99999999999994	0.050505050505050504	0.2909090909090909	0.07194106451793911
499.99999999999994	0.05555555555555555	0.2909090909090909	0.0715489862794012
499.99999999999994	0.06060606060606061	0.2909090909090909	0.07116166633426894
499.99999999999994	0.06565656565656566	0.2909090909090909	0.07077882406202117
499.99999999999994	0.0707070707070707	0.2909090909090909	0.07039952900469514
499.99999999999994	0.07575757575757576	0.2909090909090909	0.07002312628077609
499.99999999999994	0.08080808080808081	0.2909090909090909	0.06965117489448445
499.99999999999994	0.08585858585858586	0.2909090909090909	0.06928397667152385
499.99999999999994	0.09090909090909091	0.2909090909090909	0.06892030882979577
499.99999999999994	0.09595959595959595	0.2909090909090909	0.06856040619084053
499.99999999999994	0.10101010101010101	0.2909090909090909	0.06820351671931782
499.99999999999994	0.10606060606060606	0.2909090909090909	0.06785011540269444
499.99999999999994	0.1111111111111111	0.2909090909090909	0.06750162829849964
499.99999999999994	0.11616161616161616	0.2909090909090909	0.06715597083140173
499.99999999999994	0.12121212121212122	0.2909090909090909	0.06681405651175959
499.99999999999994	0.12626262626262627	0.2909090909090909	0.0664754124642411
499.99999999999994	0.13131313131313133	0.2909090909090909	0.06613916346532742
499.99999999999994	0.13636363636363635	0.2909090909090909	0.06580962349393012
499.99999999999994	0.1414141414141414	0.2909090909090909	0.06548170133770684
499.99999999999994	0.14646464646464646	0.2909090909090909	0.06515618456604351
499.99999999999994	0.15151515151515152	0.2909090909090909	0.06483366482199297
499.99999999999994	0.15656565656565657	0.2909090909090909	0.06451647323032537
499.99999999999994	0.16161616161616163	0.2909090909090909	0.06420132725287017
499.99999999999994	0.16666666666666666	0.2909090909090909	0.06388875918522319
499.99999999999994	0.1717171717171717	0.2909090909090909	0.06357967363511023
499.99999999999994	0.17676767676767677	0.2909090909090909	0.0632733087742205
499.99999999999994	0.18181818181818182	0.2909090909090909	0.06296951037960903
499.99999999999994	0.18686868686868688	0.2909090909090909	0.06267060983414215
499.99999999999994	0.1919191919191919	0.2909090909090909	0.06237338986031974
499.99999999999994	0.19696969696969696	0.2909090909090909	0.062079235817449015
499.99999999999994	0.20202020202020202	0.2909090909090909	0.06178771567389695
499.99999999999994	0.20707070707070707	0.2909090909090909	0.06149893474109389
499.99999999999994	0.21212121212121213	0.2909090909090909	0.06121237137112701
499.99999999999994	0.21717171717171718	0.2909090909090909	0.06092963786238993
499.99999999999994	0.2222222222222222	0.2909090909090909	0.06064944062049986
499.99999999999994	0.22727272727272727	0.2909090909090909	0.06037159879488837
499.99999999999994	0.23232323232323232	0.2909090909090909	0.06009660372282471
499.99999999999994	0.23737373737373738	0.2909090909090909	0.059824743399141685
499.99999999999994	0.24242424242424243	0.2909090909090909	0.05955565044894951
499.99999999999994	0.2474747474747475	0.2909090909090909	0.05928923577281994
499.99999999999994	0.25252525252525254	0.2909090909090909	0.05902571152203496
499.99999999999994	0.25757575757575757	0.2909090909090909	0.05876425529260527
499.99999999999994	0.26262626262626265	0.2909090909090909	0.05850506266638618
499.99999999999994	0.2676767676767677	0.2909090909090909	0.058247294023147114
499.99999999999994	0.2727272727272727	0.2909090909090909	0.05799254611355399
499.99999999999994	0.2777777777777778	0.2909090909090909	0.057742442018564086
499.99999999999994	0.2828282828282828	0.2909090909090909	0.057493625312951074
499.99999999999994	0.2878787878787879	0.2909090909090909	0.05724547559915371
499.99999999999994	0.29292929292929293	0.2909090909090909	0.05700163796276556
499.99999999999994	0.29797979797979796	0.2909090909090909	0.056760731688408166
499.99999999999994	0.30303030303030304	0.2909090909090909	0.05652092182111321
499.99999999999994	0.30808080808080807	0.2909090909090909	0.05628416012475584
499.99999999999994	0.31313131313131315	0.2909090909090909	0.05605019763078845
499.99999999999994	0.3181818181818182	0.2909090909090909	0.055816453636605305
499.99999999999994	0.32323232323232326	0.2909090909090909	0.05558791193718043
499.99999999999994	0.3282828282828283	0.2909090909090909	0.055360843861576706
499.99999999999994	0.3333333333333333	0.2909090909090909	0.05513524504552518
499.99999999999994	0.3383838383838384	0.2909090909090909	0.054911568258445585
499.99999999999994	0.3434343434343434	0.2909090909090909	0.05469360141625135
499.99999999999994	0.3484848484848485	0.2909090909090909	0.054475729698699266
499.99999999999994	0.35353535353535354	0.2909090909090909	0.054260638364412805
499.99999999999994	0.35858585858585856	0.2909090909090909	0.05404756114317715
499.99999999999994	0.36363636363636365	0.2909090909090909	0.053835816674414984
499.99999999999994	0.3686868686868687	0.2909090909090909	0.05362810665009968
499.99999999999994	0.37373737373737376	0.2909090909090909	0.053422692014786805
499.99999999999994	0.3787878787878788	0.2909090909090909	0.05321836294506034
499.99999999999994	0.3838383838383838	0.2909090909090909	0.0530166889298211
499.99999999999994	0.3888888888888889	0.2909090909090909	0.052817819758468484
499.99999999999994	0.3939393939393939	0.2909090909090909	0.05262199956011676
499.99999999999994	0.398989898989899	0.2909090909090909	0.05242652916206081
499.99999999999994	0.40404040404040403	0.2909090909090909	0.05223403199566054
499.99999999999994	0.4090909090909091	0.2909090909090909	0.05204442107194575
499.99999999999994	0.41414141414141414	0.2909090909090909	0.051858148586100515
499.99999999999994	0.41919191919191917	0.2909090909090909	0.0516758367709059
499.99999999999994	0.42424242424242425	0.2909090909090909	0.051503877954491184
499.99999999999994	0.4292929292929293	0.2909090909090909	0.05134737431261657
499.99999999999994	0.43434343434343436	0.2909090909090909	0.051224777036632745
499.99999999999994	0.4393939393939394	0.2909090909090909	0.051169143550194494
499.99999999999994	0.4444444444444444	0.2909090909090909	0.05125357078197898
499.99999999999994	0.4494949494949495	0.2909090909090909	0.051651951935592674
499.99999999999994	0.45454545454545453	0.2909090909090909	0.05292650581783671
499.99999999999994	0.4595959595959596	0.2909090909090909	0.06143806527386138
499.99999999999994	0.46464646464646464	0.2909090909090909	0.08302031135946919
499.99999999999994	0.4696969696969697	0.2909090909090909	0.1282704182372307
499.99999999999994	0.47474747474747475	0.2909090909090909	0.19763757124635264
499.99999999999994	0.4797979797979798	0.2909090909090909	0.2816651081303721
499.99999999999994	0.48484848484848486	0.2909090909090909	0.37331787588818915
499.99999999999994	0.4898989898989899	0.2909090909090909	0.46870935147010656
499.99999999999994	0.494949494949495	0.2909090909090909	0.5652745088236499
499.99999999999994	0.5	0.2909090909090909	0.6597791580147656
499.99999999999994	0.0	0.298989898989899	0.07609856784319262
499.99999999999994	0.005050505050505051	0.298989898989899	0.07566248929812534
499.99999999999994	0.010101010101010102	0.298989898989899	0.07523032654654561
499.99999999999994	0.015151515151515152	0.298989898989899	0.07480417295345032
499.99999999999994	0.020202020202020204	0.298989898989899	0.07438169521757539
499.99999999999994	0.025252525252525252	0.298989898989899	0.07396234196427764
499.99999999999994	0.030303030303030304	0.298989898989899	0.07354961705462308
499.99999999999994	0.03535353535353535	0.298989898989899	0.07314109061247877
499.99999999999994	0.04040404040404041	0.298989898989899	0.0727377031850715
499.99999999999994	0.045454545454545456	0.298989898989899	0.07233792168195309
499.99999999999994	0.050505050505050504	0.298989898989899	0.07194075522000198
499.99999999999994	0.05555555555555555	0.298989898989899	0.0715493500577824
499.99999999999994	0.06060606060606061	0.298989898989899	0.07116280802478334
499.99999999999994	0.06565656565656566	0.298989898989899	0.07078050646957536
499.99999999999994	0.0707070707070707	0.298989898989899	0.07040166352796534
499.99999999999994	0.07575757575757576	0.298989898989899	0.07002547329672908
499.99999999999994	0.08080808080808081	0.298989898989899	0.06965411516968709
499.99999999999994	0.08585858585858586	0.298989898989899	0.0692874607536881
499.99999999999994	0.09090909090909091	0.298989898989899	0.06892440303035956
499.99999999999994	0.09595959595959595	0.298989898989899	0.0685649161333357
499.99999999999994	0.10101010101010101	0.298989898989899	0.06820825149073952
499.99999999999994	0.10606060606060606	0.298989898989899	0.06785548388189093
499.99999999999994	0.1111111111111111	0.298989898989899	0.06750751567922289
499.99999999999994	0.11616161616161616	0.298989898989899	0.06716237445817325
499.99999999999994	0.12121212121212122	0.298989898989899	0.06682097162413084
499.99999999999994	0.12626262626262627	0.298989898989899	0.06648261891394525
499.99999999999994	0.13131313131313133	0.298989898989899	0.06614694495448377
499.99999999999994	0.13636363636363635	0.298989898989899	0.0658177589373749
499.99999999999994	0.1414141414141414	0.298989898989899	0.06549028806989945
499.99999999999994	0.14646464646464646	0.298989898989899	0.0651652338379628
499.99999999999994	0.15151515151515152	0.298989898989899	0.06484305579226846
499.99999999999994	0.15656565656565657	0.298989898989899	0.06452629902020333
499.99999999999994	0.16161616161616163	0.298989898989899	0.0642116074406412
499.99999999999994	0.16666666666666666	0.298989898989899	0.0638994462670641
499.99999999999994	0.1717171717171717	0.298989898989899	0.06359085054183977
499.99999999999994	0.17676767676767677	0.298989898989899	0.06328495891937595
499.99999999999994	0.18181818181818182	0.298989898989899	0.06298127776447578
499.99999999999994	0.18686868686868688	0.298989898989899	0.06268283713391672
499.99999999999994	0.1919191919191919	0.298989898989899	0.062386043904951824
499.99999999999994	0.19696969696969696	0.298989898989899	0.06209224512271072
499.99999999999994	0.20202020202020202	0.298989898989899	0.06180120761386178
499.99999999999994	0.20707070707070707	0.298989898989899	0.06151300356042198
499.99999999999994	0.21212121212121213	0.298989898989899	0.06122660329930612
499.99999999999994	0.21717171717171718	0.298989898989899	0.06094399191269717
499.99999999999994	0.2222222222222222	0.298989898989899	0.060663857760774535
499.99999999999994	0.22727272727272727	0.298989898989899	0.060386456615406335
499.99999999999994	0.23232323232323232	0.298989898989899	0.060112680432922456
499.99999999999994	0.23737373737373738	0.298989898989899	0.05984226505591515
499.99999999999994	0.24242424242424243	0.298989898989899	0.05957363205385766
499.99999999999994	0.2474747474747475	0.298989898989899	0.05930744411565693
499.99999999999994	0.25252525252525254	0.298989898989899	0.05904371125871384
499.99999999999994	0.25757575757575757	0.298989898989899	0.05878222169550828
499.99999999999994	0.26262626262626265	0.298989898989899	0.058522834041169335
499.99999999999994	0.2676767676767677	0.298989898989899	0.05826676454233741
499.99999999999994	0.2727272727272727	0.298989898989899	0.058013886782575824
499.99999999999994	0.2777777777777778	0.298989898989899	0.05776257369455226
499.99999999999994	0.2828282828282828	0.298989898989899	0.05751184693942436
499.99999999999994	0.2878787878787879	0.298989898989899	0.05726792818770574
499.99999999999994	0.29292929292929293	0.298989898989899	0.057024263923796566
499.99999999999994	0.29797979797979796	0.298989898989899	0.056782821027011036
499.99999999999994	0.30303030303030304	0.298989898989899	0.05654373101961349
499.99999999999994	0.30808080808080807	0.298989898989899	0.05630848435255726
499.99999999999994	0.31313131313131315	0.298989898989899	0.05607225533987612
499.99999999999994	0.3181818181818182	0.298989898989899	0.055842084590758886
499.99999999999994	0.32323232323232326	0.298989898989899	0.0556132280416384
499.99999999999994	0.3282828282828283	0.298989898989899	0.055386281051033645
499.99999999999994	0.3333333333333333	0.298989898989899	0.05516190455491769
499.99999999999994	0.3383838383838384	0.298989898989899	0.054941582088156235
499.99999999999994	0.3434343434343434	0.298989898989899	0.054720646662358804
499.99999999999994	0.3484848484848485	0.298989898989899	0.05450461312295409
499.99999999999994	0.35353535353535354	0.298989898989899	0.054290128059009686
499.99999999999994	0.35858585858585856	0.298989898989899	0.05407728441076396
499.99999999999994	0.36363636363636365	0.298989898989899	0.05386769289298886
499.99999999999994	0.3686868686868687	0.298989898989899	0.053660517389899076
499.99999999999994	0.37373737373737376	0.298989898989899	0.05345464395291831
499.99999999999994	0.3787878787878788	0.298989898989899	0.05325064941881108
499.99999999999994	0.3838383838383838	0.298989898989899	0.053050142685287044
499.99999999999994	0.3888888888888889	0.298989898989899	0.05285325673217712
499.99999999999994	0.3939393939393939	0.298989898989899	0.05265658080913817
499.99999999999994	0.398989898989899	0.298989898989899	0.05246252634081354
499.99999999999994	0.40404040404040403	0.298989898989899	0.05227136999912291
499.99999999999994	0.4090909090909091	0.298989898989899	0.05208311112249977
499.99999999999994	0.41414141414141414	0.298989898989899	0.05189912853591927
499.99999999999994	0.41919191919191917	0.298989898989899	0.05172366710583453
499.99999999999994	0.42424242424242425	0.298989898989899	0.051564086113129515
499.99999999999994	0.4292929292929293	0.298989898989899	0.05143395494778628
499.99999999999994	0.43434343434343436	0.298989898989899	0.051365023806843824
499.99999999999994	0.4393939393939394	0.298989898989899	0.05142516276537565
499.99999999999994	0.4444444444444444	0.298989898989899	0.051768934408395764
499.99999999999994	0.4494949494949495	0.298989898989899	0.05285436585587794
499.99999999999994	0.45454545454545453	0.298989898989899	0.05996901918086264
499.99999999999994	0.4595959595959596	0.298989898989899	0.07968650622429296
499.99999999999994	0.46464646464646464	0.298989898989899	0.12206372906717355
499.99999999999994	0.4696969696969697	0.298989898989899	0.18940623988302227
499.99999999999994	0.47474747474747475	0.298989898989899	0.2724696579262583
499.99999999999994	0.4797979797979798	0.298989898989899	0.363753838530857
499.99999999999994	0.48484848484848486	0.298989898989899	0.4591093920197034
499.99999999999994	0.4898989898989899	0.298989898989899	0.5559028961737378
499.99999999999994	0.494949494949495	0.298989898989899	0.6511416843463681
499.99999999999994	0.5	0.298989898989899	0.7301950627548257
499.99999999999994	0.0	0.30707070707070705	0.07609333701055034
499.99999999999994	0.005050505050505051	0.30707070707070705	0.07565804994007902
499.99999999999994	0.010101010101010102	0.30707070707070705	0.07522611242104313
499.99999999999994	0.015151515151515152	0.30707070707070705	0.07480055318331873
499.99999999999994	0.020202020202020204	0.30707070707070705	0.07437868819695585
499.99999999999994	0.025252525252525252	0.30707070707070705	0.07395993942482489
499.99999999999994	0.030303030303030304	0.30707070707070705	0.07354785978878343
499.99999999999994	0.03535353535353535	0.30707070707070705	0.07313979889578345
499.99999999999994	0.04040404040404041	0.30707070707070705	0.07273700606965845
499.99999999999994	0.045454545454545456	0.30707070707070705	0.07233775923348396
499.99999999999994	0.050505050505050504	0.30707070707070705	0.07194111145425722
499.99999999999994	0.05555555555555555	0.30707070707070705	0.07155041375564558
499.99999999999994	0.06060606060606061	0.30707070707070705	0.07116434863604264
499.99999999999994	0.06565656565656566	0.30707070707070705	0.07078259261922619
499.99999999999994	0.0707070707070707	0.30707070707070705	0.07040423304834127
499.99999999999994	0.07575757575757576	0.30707070707070705	0.0700283356127817
499.99999999999994	0.08080808080808081	0.30707070707070705	0.06965756924132158
499.99999999999994	0.08585858585858586	0.30707070707070705	0.06929142219675737
499.99999999999994	0.09090909090909091	0.30707070707070705	0.06892898048194089
499.99999999999994	0.09595959595959595	0.30707070707070705	0.06856991423118848
499.99999999999994	0.10101010101010101	0.30707070707070705	0.0682135178691809
499.99999999999994	0.10606060606060606	0.30707070707070705	0.06786135312584671
499.99999999999994	0.1111111111111111	0.30707070707070705	0.06751387058836629
499.99999999999994	0.11616161616161616	0.30707070707070705	0.0671693048007101
499.99999999999994	0.12121212121212122	0.30707070707070705	0.06682834178710952
499.99999999999994	0.12626262626262627	0.30707070707070705	0.06649031731337329
499.99999999999994	0.13131313131313133	0.30707070707070705	0.0661573137991206
499.99999999999994	0.13636363636363635	0.30707070707070705	0.06582631533146778
499.99999999999994	0.1414141414141414	0.30707070707070705	0.0654992962765503
499.99999999999994	0.14646464646464646	0.30707070707070705	0.06517470543874114
499.99999999999994	0.15151515151515152	0.30707070707070705	0.06485284419380592
499.99999999999994	0.15656565656565657	0.30707070707070705	0.06453647812442617
499.99999999999994	0.16161616161616163	0.30707070707070705	0.06422228301360827
499.99999999999994	0.16666666666666666	0.30707070707070705	0.06391049879957564
499.99999999999994	0.1717171717171717	0.30707070707070705	0.06360243812839776
499.99999999999994	0.17676767676767677	0.30707070707070705	0.06329702155251302
499.99999999999994	0.18181818181818182	0.30707070707070705	0.06299347772338419
499.99999999999994	0.18686868686868688	0.30707070707070705	0.0626953643622214
499.99999999999994	0.1919191919191919	0.30707070707070705	0.06239907205095973
499.99999999999994	0.19696969696969696	0.30707070707070705	0.062105481030996515
499.99999999999994	0.20202020202020202	0.30707070707070705	0.061814999635264684
499.99999999999994	0.20707070707070707	0.30707070707070705	0.06152731152935808
499.99999999999994	0.21212121212121213	0.30707070707070705	0.06124115840129994
499.99999999999994	0.21717171717171718	0.30707070707070705	0.060958927068906925
499.99999999999994	0.2222222222222222	0.30707070707070705	0.060679331393857915
499.99999999999994	0.22727272727272727	0.30707070707070705	0.06040323473533701
499.99999999999994	0.23232323232323232	0.30707070707070705	0.060129905864508906
499.99999999999994	0.23737373737373738	0.30707070707070705	0.05985966636422669
499.99999999999994	0.24242424242424243	0.30707070707070705	0.05959147794124804
499.99999999999994	0.2474747474747475	0.30707070707070705	0.05932522138454112
499.99999999999994	0.25252525252525254	0.30707070707070705	0.0590612570672722
499.99999999999994	0.25757575757575757	0.30707070707070705	0.05879926194633165
499.99999999999994	0.26262626262626265	0.30707070707070705	0.05854189279073659
499.99999999999994	0.2676767676767677	0.30707070707070705	0.05828715925213046
499.99999999999994	0.2727272727272727	0.30707070707070705	0.05803365446411612
499.99999999999994	0.2777777777777778	0.30707070707070705	0.0577821564991758
499.99999999999994	0.2828282828282828	0.30707070707070705	0.0575359677515693
499.99999999999994	0.2878787878787879	0.30707070707070705	0.05728943474806308
499.99999999999994	0.29292929292929293	0.30707070707070705	0.05704622754683932
499.99999999999994	0.29797979797979796	0.30707070707070705	0.05680548067275263
499.99999999999994	0.30303030303030304	0.30707070707070705	0.05656810906448959
499.99999999999994	0.30808080808080807	0.30707070707070705	0.05633177138365171
499.99999999999994	0.31313131313131315	0.30707070707070705	0.05609667410857342
499.99999999999994	0.3181818181818182	0.30707070707070705	0.055867220008594155
499.99999999999994	0.32323232323232326	0.30707070707070705	0.05563807212047427
499.99999999999994	0.3282828282828283	0.30707070707070705	0.05541336904086712
499.99999999999994	0.3333333333333333	0.30707070707070705	0.05519042701528361
499.99999999999994	0.3383838383838384	0.30707070707070705	0.05496712353471477
499.99999999999994	0.3434343434343434	0.30707070707070705	0.054750456438025966
499.99999999999994	0.3484848484848485	0.30707070707070705	0.054533866530516346
499.99999999999994	0.35353535353535354	0.30707070707070705	0.05432033200482621
499.99999999999994	0.35858585858585856	0.30707070707070705	0.05410874846989645
499.99999999999994	0.36363636363636365	0.30707070707070705	0.05389978101561283
499.99999999999994	0.3686868686868687	0.30707070707070705	0.05369227257190612
499.99999999999994	0.37373737373737376	0.30707070707070705	0.053486384798608136
499.99999999999994	0.3787878787878788	0.30707070707070705	0.05328411474098217
499.99999999999994	0.3838383838383838	0.30707070707070705	0.053085474532155466
499.99999999999994	0.3888888888888889	0.30707070707070705	0.05288768206360615
499.99999999999994	0.3939393939393939	0.30707070707070705	0.052692233226049934
499.99999999999994	0.398989898989899	0.30707070707070705	0.05249945812434602
499.99999999999994	0.40404040404040403	0.30707070707070705	0.0523086243018015
499.99999999999994	0.4090909090909091	0.30707070707070705	0.0521235314867941
499.99999999999994	0.41414141414141414	0.30707070707070705	0.0519453849626589
499.99999999999994	0.41919191919191917	0.30707070707070705	0.05178094946993415
499.99999999999994	0.42424242424242425	0.30707070707070705	0.05164406027660922
499.99999999999994	0.4292929292929293	0.30707070707070705	0.051564690309364274
499.99999999999994	0.43434343434343436	0.30707070707070705	0.0516022037844771
499.99999999999994	0.4393939393939394	0.30707070707070705	0.05189663538686198
499.99999999999994	0.4444444444444444	0.30707070707070705	0.05283321920184758
499.99999999999994	0.4494949494949495	0.30707070707070705	0.05861746313920388
499.99999999999994	0.45454545454545453	0.30707070707070705	0.07663250472103991
499.99999999999994	0.4595959595959596	0.30707070707070705	0.11614032946656289
499.99999999999994	0.46464646464646464	0.30707070707070705	0.1813143712723896
499.99999999999994	0.4696969696969697	0.30707070707070705	0.2633202960698501
499.99999999999994	0.47474747474747475	0.30707070707070705	0.3541881261997724
499.99999999999994	0.4797979797979798	0.30707070707070705	0.44947901034954235
499.99999999999994	0.48484848484848486	0.30707070707070705	0.54647067442718
499.99999999999994	0.4898989898989899	0.30707070707070705	0.6423500110441867
499.99999999999994	0.494949494949495	0.30707070707070705	0.726556781644062
499.99999999999994	0.5	0.30707070707070705	NaN
499.99999999999994	0.0	0.3151515151515151	0.07608854479618636
499.99999999999994	0.005050505050505051	0.3151515151515151	0.07565400991498276
499.99999999999994	0.010101010101010102	0.3151515151515151	0.07522264755588594
499.99999999999994	0.015151515151515152	0.3151515151515151	0.07479756273274785
499.99999999999994	0.020202020202020204	0.3151515151515151	0.07437621357541219
499.99999999999994	0.025252525252525252	0.3151515151515151	0.07395810292854033
499.99999999999994	0.030303030303030304	0.3151515151515151	0.07354688652232691
499.99999999999994	0.03535353535353535	0.3151515151515151	0.07313909453032676
499.99999999999994	0.04040404040404041	0.3151515151515151	0.07273684742108245
499.99999999999994	0.045454545454545456	0.3151515151515151	0.07233807739898178
499.99999999999994	0.050505050505050504	0.3151515151515151	0.07194203537331435
499.99999999999994	0.05555555555555555	0.3151515151515151	0.07155208602507242
499.99999999999994	0.06060606060606061	0.3151515151515151	0.07116636865044065
499.99999999999994	0.06565656565656566	0.3151515151515151	0.07078514375638768
499.99999999999994	0.0707070707070707	0.3151515151515151	0.07040724521121698
499.99999999999994	0.07575757575757576	0.3151515151515151	0.07003162981120263
499.99999999999994	0.08080808080808081	0.3151515151515151	0.06966166839941164
499.99999999999994	0.08585858585858586	0.3151515151515151	0.06929589011325588
499.99999999999994	0.09090909090909091	0.3151515151515151	0.0689340079798513
499.99999999999994	0.09595959595959595	0.3151515151515151	0.06857536900665617
499.99999999999994	0.10101010101010101	0.3151515151515151	0.06821931858572836
499.99999999999994	0.10606060606060606	0.3151515151515151	0.06786778136546806
499.99999999999994	0.1111111111111111	0.3151515151515151	0.06752069626579196
499.99999999999994	0.11616161616161616	0.3151515151515151	0.0671766913809701
499.99999999999994	0.12121212121212122	0.3151515151515151	0.0668361892906383
499.99999999999994	0.12626262626262627	0.3151515151515151	0.06649815012252396
499.99999999999994	0.13131313131313133	0.3151515151515151	0.06616579421753832
499.99999999999994	0.13636363636363635	0.3151515151515151	0.06583527832519641
499.99999999999994	0.1414141414141414	0.3151515151515151	0.06550870216970887
499.99999999999994	0.14646464646464646	0.3151515151515151	0.06518458265661832
499.99999999999994	0.15151515151515152	0.3151515151515151	0.06486310631142725
499.99999999999994	0.15656565656565657	0.3151515151515151	0.0645469809820725
499.99999999999994	0.16161616161616163	0.3151515151515151	0.06423331516306191
499.99999999999994	0.16666666666666666	0.3151515151515151	0.06392188613346253
499.99999999999994	0.1717171717171717	0.3151515151515151	0.06361440127753384
499.99999999999994	0.17676767676767677	0.3151515151515151	0.06330945259304738
499.99999999999994	0.18181818181818182	0.3151515151515151	0.06300628351220369
499.99999999999994	0.18686868686868688	0.3151515151515151	0.06270812382817252
499.99999999999994	0.1919191919191919	0.3151515151515151	0.0624123452867578
499.99999999999994	0.19696969696969696	0.3151515151515151	0.06211909249046298
499.99999999999994	0.20202020202020202	0.3151515151515151	0.06182901346299344
499.99999999999994	0.20707070707070707	0.3151515151515151	0.061541721056010266
499.99999999999994	0.21212121212121213	0.3151515151515151	0.06125648970137094
499.99999999999994	0.21717171717171718	0.3151515151515151	0.060975459383425475
499.99999999999994	0.2222222222222222	0.3151515151515151	0.06069707096680823
499.99999999999994	0.22727272727272727	0.3151515151515151	0.06042103959306128
499.99999999999994	0.23232323232323232	0.3151515151515151	0.06014761376248323
499.99999999999994	0.23737373737373738	0.3151515151515151	0.05987661151697897
499.99999999999994	0.24242424242424243	0.3151515151515151	0.059608677898548394
499.99999999999994	0.2474747474747475	0.3151515151515151	0.05934237667274239
499.99999999999994	0.25252525252525254	0.3151515151515151	0.05907866710143398
499.99999999999994	0.25757575757575757	0.3151515151515151	0.05881987992741699
499.99999999999994	0.26262626262626265	0.3151515151515151	0.05856274699703599
499.99999999999994	0.2676767676767677	0.3151515151515151	0.058306898935369715
499.99999999999994	0.2727272727272727	0.3151515151515151	0.05805415110436179
499.99999999999994	0.2777777777777778	0.3151515151515151	0.05780521153977736
499.99999999999994	0.2828282828282828	0.3151515151515151	0.05755564341784198
499.99999999999994	0.2878787878787879	0.3151515151515151	0.05731240160891363
499.99999999999994	0.29292929292929293	0.3151515151515151	0.05706877153480743
499.99999999999994	0.29797979797979796	0.3151515151515151	0.05682939042332221
499.99999999999994	0.30303030303030304	0.3151515151515151	0.05659210949184623
499.99999999999994	0.30808080808080807	0.3151515151515151	0.056355716287655996
499.99999999999994	0.31313131313131315	0.3151515151515151	0.0561222370567753
499.99999999999994	0.3181818181818182	0.3151515151515151	0.055893095585973405
499.99999999999994	0.32323232323232326	0.3151515151515151	0.055666057386569226
499.99999999999994	0.3282828282828283	0.3151515151515151	0.05544053592765404
499.99999999999994	0.3333333333333333	0.3151515151515151	0.055217322711932255
499.99999999999994	0.3383838383838384	0.3151515151515151	0.05499769225305741
499.99999999999994	0.3434343434343434	0.3151515151515151	0.05477992479428123
499.99999999999994	0.3484848484848485	0.3151515151515151	0.05456403784699372
499.99999999999994	0.35353535353535354	0.3151515151515151	0.05435147285594227
499.99999999999994	0.35858585858585856	0.3151515151515151	0.05414011342425672
499.99999999999994	0.36363636363636365	0.3151515151515151	0.05393114759860276
499.99999999999994	0.3686868686868687	0.3151515151515151	0.05372470456880229
499.99999999999994	0.37373737373737376	0.3151515151515151	0.05352055088659865
499.99999999999994	0.3787878787878788	0.3151515151515151	0.053320181000019055
499.99999999999994	0.3838383838383838	0.3151515151515151	0.05312031102167468
499.99999999999994	0.3888888888888889	0.3151515151515151	0.05292370408413782
499.99999999999994	0.3939393939393939	0.3151515151515151	0.052728603808150025
499.99999999999994	0.398989898989899	0.3151515151515151	0.05253590442394045
499.99999999999994	0.40404040404040403	0.3151515151515151	0.05234875851700103
499.99999999999994	0.4090909090909091	0.3151515151515151	0.052167385134250045
499.99999999999994	0.41414141414141414	0.3151515151515151	0.052000708190538834
499.99999999999994	0.41919191919191917	0.3151515151515151	0.05185811684714768
499.99999999999994	0.42424242424242425	0.3151515151515151	0.05176762802499342
499.99999999999994	0.4292929292929293	0.3151515151515151	0.051784168659524225
499.99999999999994	0.43434343434343436	0.3151515151515151	0.052034107558518804
499.99999999999994	0.4393939393939394	0.3151515151515151	0.05284760334750695
499.99999999999994	0.4444444444444444	0.3151515151515151	0.057371050648732734
499.99999999999994	0.4494949494949495	0.3151515151515151	0.07384173639551112
499.99999999999994	0.45454545454545453	0.3151515151515151	0.1105144178208271
499.99999999999994	0.4595959595959596	0.3151515151515151	0.17337653607583736
499.99999999999994	0.46464646464646464	0.3151515151515151	0.25422436315218716
499.99999999999994	0.4696969696969697	0.3151515151515151	0.3446244582472678
499.99999999999994	0.47474747474747475	0.3151515151515151	0.4398207899970626
499.99999999999994	0.4797979797979798	0.3151515151515151	0.5369818853362636
499.99999999999994	0.48484848484848486	0.3151515151515151	0.6334245777322275
499.99999999999994	0.4898989898989899	0.3151515151515151	0.7210192137217338
499.99999999999994	0.494949494949495	0.3151515151515151	NaN
499.99999999999994	0.5	0.3151515151515151	NaN
499.99999999999994	0.0	0.32323232323232326	0.07608426322721225
499.99999999999994	0.005050505050505051	0.32323232323232326	0.07565032409053617
499.99999999999994	0.010101010101010102	0.32323232323232326	0.07521978670998652
499.99999999999994	0.015151515151515152	0.32323232323232326	0.07479495373649607
499.99999999999994	0.020202020202020204	0.32323232323232326	0.07437416067202422
499.99999999999994	0.025252525252525252	0.32323232323232326	0.07395682197236945
499.99999999999994	0.030303030303030304	0.32323232323232326	0.07354622251552831
499.99999999999994	0.03535353535353535	0.32323232323232326	0.07313884931118748
499.99999999999994	0.04040404040404041	0.32323232323232326	0.07273713209680219
499.99999999999994	0.045454545454545456	0.32323232323232326	0.07233887382053454
499.99999999999994	0.050505050505050504	0.32323232323232326	0.0719434065149241
499.99999999999994	0.05555555555555555	0.32323232323232326	0.0715542589256744
499.99999999999994	0.06060606060606061	0.32323232323232326	0.07116883306022545
499.99999999999994	0.06565656565656566	0.32323232323232326	0.07078812832911627
499.99999999999994	0.0707070707070707	0.32323232323232326	0.07041069275923124
499.99999999999994	0.07575757575757576	0.32323232323232326	0.07003556587629058
499.99999999999994	0.08080808080808081	0.32323232323232326	0.06966622994614499
499.99999999999994	0.08585858585858586	0.32323232323232326	0.06930087252966116
499.99999999999994	0.09090909090909091	0.32323232323232326	0.06893949972102748
499.99999999999994	0.09595959595959595	0.32323232323232326	0.06858132480447438
499.99999999999994	0.10101010101010101	0.32323232323232326	0.0682256367791157
499.99999999999994	0.10606060606060606	0.32323232323232326	0.06787469826868571
499.99999999999994	0.1111111111111111	0.32323232323232326	0.06752800183968503
499.99999999999994	0.11616161616161616	0.32323232323232326	0.06718453482987553
499.99999999999994	0.12121212121212122	0.32323232323232326	0.06684348093182121
499.99999999999994	0.12626262626262627	0.32323232323232326	0.0665065400377684
499.99999999999994	0.13131313131313133	0.32323232323232326	0.06617465523866263
499.99999999999994	0.13636363636363635	0.32323232323232326	0.06584463000468299
499.99999999999994	0.1414141414141414	0.32323232323232326	0.06551848591255859
499.99999999999994	0.14646464646464646	0.32323232323232326	0.06519484034030787
499.99999999999994	0.15151515151515152	0.32323232323232326	0.06487390994584304
499.99999999999994	0.15656565656565657	0.32323232323232326	0.06455782699850683
499.99999999999994	0.16161616161616163	0.32323232323232326	0.06424466402643728
499.99999999999994	0.16666666666666666	0.32323232323232326	0.06393374390105587
499.99999999999994	0.1717171717171717	0.32323232323232326	0.06362668104658853
499.99999999999994	0.17676767676767677	0.32323232323232326	0.06332219123368939
499.99999999999994	0.18181818181818182	0.32323232323232326	0.06301960813188488
499.99999999999994	0.18686868686868688	0.32323232323232326	0.06272107285732503
499.99999999999994	0.1919191919191919	0.32323232323232326	0.062425765327933404
499.99999999999994	0.19696969696969696	0.32323232323232326	0.062132868441929334
499.99999999999994	0.20202020202020202	0.32323232323232326	0.0618433270824073
499.99999999999994	0.20707070707070707	0.32323232323232326	0.061557467127896934
499.99999999999994	0.21212121212121213	0.32323232323232326	0.061273701637157466
499.99999999999994	0.21717171717171718	0.32323232323232326	0.0609925916385002
499.99999999999994	0.2222222222222222	0.32323232323232326	0.060714758185658704
499.99999999999994	0.22727272727272727	0.32323232323232326	0.060439137348232
499.99999999999994	0.23232323232323232	0.32323232323232326	0.06016614333266299
499.99999999999994	0.23737373737373738	0.32323232323232326	0.05989480212079663
499.99999999999994	0.24242424242424243	0.32323232323232326	0.059626431228738105
499.99999999999994	0.2474747474747475	0.32323232323232326	0.05936174182104501
499.99999999999994	0.25252525252525254	0.32323232323232326	0.05910052704236524
499.99999999999994	0.25757575757575757	0.32323232323232326	0.05884102011851937
499.99999999999994	0.26262626262626265	0.32323232323232326	0.05858290641833647
499.99999999999994	0.2676767676767677	0.32323232323232326	0.05832836593771368
499.99999999999994	0.2727272727272727	0.32323232323232326	0.05807648966545141
499.99999999999994	0.2777777777777778	0.32323232323232326	0.0578249799860726
499.99999999999994	0.2828282828282828	0.32323232323232326	0.0575805111252957
499.99999999999994	0.2878787878787879	0.32323232323232326	0.057333800082861826
499.99999999999994	0.29292929292929293	0.32323232323232326	0.05709314870466234
499.99999999999994	0.29797979797979796	0.32323232323232326	0.05685391111467932
499.99999999999994	0.30303030303030304	0.32323232323232326	0.056616661921865534
499.99999999999994	0.30808080808080807	0.32323232323232326	0.056381368646922954
499.99999999999994	0.31313131313131315	0.32323232323232326	0.05614908055689571
499.99999999999994	0.3181818181818182	0.32323232323232326	0.05592059197087528
499.99999999999994	0.32323232323232326	0.32323232323232326	0.055693304750061304
499.99999999999994	0.3282828282828283	0.32323232323232326	0.055469096056565394
499.99999999999994	0.3333333333333333	0.32323232323232326	0.055245405217105754
499.99999999999994	0.3383838383838384	0.32323232323232326	0.055027197684653445
499.99999999999994	0.3434343434343434	0.32323232323232326	0.05480978893533879
499.99999999999994	0.3484848484848485	0.32323232323232326	0.054594789499095624
499.99999999999994	0.35353535353535354	0.32323232323232326	0.05438173717065565
499.99999999999994	0.35858585858585856	0.32323232323232326	0.05417235025638204
499.99999999999994	0.36363636363636365	0.32323232323232326	0.05396377111497571
499.99999999999994	0.3686868686868687	0.32323232323232326	0.05375861695051123
499.99999999999994	0.37373737373737376	0.32323232323232326	0.0535564060332686
499.99999999999994	0.3787878787878788	0.32323232323232326	0.053354588829978455
499.99999999999994	0.3838383838383838	0.32323232323232326	0.053156504598418
499.99999999999994	0.3888888888888889	0.32323232323232326	0.05295944702895685
499.99999999999994	0.3939393939393939	0.32323232323232326	0.052765132163446464
499.99999999999994	0.398989898989899	0.32323232323232326	0.05257487677024063
499.99999999999994	0.40404040404040403	0.32323232323232326	0.05239233956253886
499.99999999999994	0.4090909090909091	0.32323232323232326	0.05222141648562375
499.99999999999994	0.41414141414141414	0.32323232323232326	0.052073441521792496
499.99999999999994	0.41919191919191917	0.32323232323232326	0.051972870917811005
499.99999999999994	0.42424242424242425	0.32323232323232326	0.05197059406004676
499.99999999999994	0.4292929292929293	0.32323232323232326	0.05218026670579049
499.99999999999994	0.43434343434343436	0.32323232323232326	0.05288918591489915
499.99999999999994	0.4393939393939394	0.32323232323232326	0.05621882405378333
499.99999999999994	0.4444444444444444	0.32323232323232326	0.071295658565216
499.99999999999994	0.4494949494949495	0.32323232323232326	0.10519800682483912
499.99999999999994	0.45454545454545453	0.32323232323232326	0.16560825434879145
499.99999999999994	0.4595959595959596	0.32323232323232326	0.24518983732204072
499.99999999999994	0.46464646464646464	0.32323232323232326	0.33506681178376724
499.99999999999994	0.4696969696969697	0.32323232323232326	0.4301373401956512
499.99999999999994	0.47474747474747475	0.32323232323232326	0.5274401743594995
499.99999999999994	0.4797979797979798	0.32323232323232326	0.624381311767825
499.99999999999994	0.48484848484848486	0.32323232323232326	0.7144251294826957
499.99999999999994	0.4898989898989899	0.32323232323232326	NaN
499.99999999999994	0.494949494949495	0.32323232323232326	NaN
499.99999999999994	0.5	0.32323232323232326	NaN
499.99999999999994	0.0	0.33131313131313134	0.07608041782513504
499.99999999999994	0.005050505050505051	0.33131313131313134	0.0756469885802699
499.99999999999994	0.010101010101010102	0.33131313131313134	0.07521730542762006
499.99999999999994	0.015151515151515152	0.33131313131313134	0.07479276786607099
499.99999999999994	0.020202020202020204	0.33131313131313134	0.07437257413372522
499.99999999999994	0.025252525252525252	0.33131313131313134	0.07395598016771103
499.99999999999994	0.030303030303030304	0.33131313131313134	0.07354586992543863
499.99999999999994	0.03535353535353535	0.33131313131313134	0.0731390793953601
499.99999999999994	0.04040404040404041	0.33131313131313134	0.07273782798842514
499.99999999999994	0.045454545454545456	0.33131313131313134	0.07234014484207547
499.99999999999994	0.050505050505050504	0.33131313131313134	0.07194531964106933
499.99999999999994	0.05555555555555555	0.33131313131313134	0.07155681059867426
499.99999999999994	0.06060606060606061	0.33131313131313134	0.07117172030439217
499.99999999999994	0.06565656565656566	0.33131313131313134	0.07079154401564519
499.99999999999994	0.0707070707070707	0.33131313131313134	0.07041459320467537
499.99999999999994	0.07575757575757576	0.33131313131313134	0.070039986542082
499.99999999999994	0.08080808080808081	0.33131313131313134	0.0696712431515868
499.99999999999994	0.08585858585858586	0.33131313131313134	0.06930629564756038
499.99999999999994	0.09090909090909091	0.33131313131313134	0.06894543333636993
499.99999999999994	0.09595959595959595	0.33131313131313134	0.06858774851894148
499.99999999999994	0.10101010101010101	0.33131313131313134	0.06823247480089317
499.99999999999994	0.10606060606060606	0.33131313131313134	0.06788204244991224
499.99999999999994	0.1111111111111111	0.33131313131313134	0.06753578368528365
499.99999999999994	0.11616161616161616	0.33131313131313134	0.06719207808706981
499.99999999999994	0.12121212121212122	0.33131313131313134	0.06685196657517616
499.99999999999994	0.12626262626262627	0.33131313131313134	0.06651529976608656
499.99999999999994	0.13131313131313133	0.33131313131313134	0.06618387967385027
499.99999999999994	0.13636363636363635	0.33131313131313134	0.06585434819681026
499.99999999999994	0.1414141414141414	0.33131313131313134	0.06552862129981106
499.99999999999994	0.14646464646464646	0.33131313131313134	0.06520544800890492
499.99999999999994	0.15151515151515152	0.33131313131313134	0.06488510895558332
499.99999999999994	0.15656565656565657	0.33131313131313134	0.06456894693467209
499.99999999999994	0.16161616161616163	0.33131313131313134	0.06425626820796988
499.99999999999994	0.16666666666666666	0.33131313131313134	0.06394592081606336
499.99999999999994	0.1717171717171717	0.33131313131313134	0.06363920518021962
499.99999999999994	0.17676767676767677	0.33131313131313134	0.0633351606937563
499.99999999999994	0.18181818181818182	0.33131313131313134	0.06303320097403747
499.99999999999994	0.18686868686868688	0.33131313131313134	0.06273476922531532
499.99999999999994	0.1919191919191919	0.33131313131313134	0.06243964501098855
499.99999999999994	0.19696969696969696	0.33131313131313134	0.06214806762603137
499.99999999999994	0.20202020202020202	0.33131313131313134	0.061859448857336574
499.99999999999994	0.20707070707070707	0.33131313131313134	0.061573913506296374
499.99999999999994	0.21212121212121213	0.33131313131313134	0.06129096488969974
499.99999999999994	0.21717171717171718	0.33131313131313134	0.06101007689242737
499.99999999999994	0.2222222222222222	0.33131313131313134	0.06073211746014066
499.99999999999994	0.22727272727272727	0.33131313131313134	0.06045683354974035
499.99999999999994	0.23232323232323232	0.33131313131313134	0.060183826187811734
499.99999999999994	0.23737373737373738	0.33131313131313134	0.05991269087386154
499.99999999999994	0.24242424242424243	0.33131313131313134	0.05964627616950871
499.99999999999994	0.2474747474747475	0.33131313131313134	0.05938245589160033
499.99999999999994	0.25252525252525254	0.33131313131313134	0.059120432484144475
499.99999999999994	0.25757575757575757	0.33131313131313134	0.058859459469799334
499.99999999999994	0.26262626262626265	0.33131313131313134	0.058603601602928435
499.99999999999994	0.2676767676767677	0.33131313131313134	0.05834983607348677
499.99999999999994	0.2727272727272727	0.33131313131313134	0.058097564772231464
499.99999999999994	0.2777777777777778	0.33131313131313134	0.057849589476782474
499.99999999999994	0.2828282828282828	0.33131313131313134	0.057601660964908916
499.99999999999994	0.2878787878787879	0.33131313131313134	0.05735920181925216
499.99999999999994	0.29292929292929293	0.33131313131313134	0.05711751708253876
499.99999999999994	0.29797979797979796	0.33131313131313134	0.0568787105770091
499.99999999999994	0.30303030303030304	0.33131313131313134	0.056642335252699676
499.99999999999994	0.30808080808080807	0.33131313131313134	0.056408609958083465
499.99999999999994	0.31313131313131315	0.33131313131313134	0.05617728269238236
499.99999999999994	0.3181818181818182	0.33131313131313134	0.05594705299732826
499.99999999999994	0.32323232323232326	0.33131313131313134	0.05572171156351036
499.99999999999994	0.3282828282828283	0.33131313131313134	0.05549609920662548
499.99999999999994	0.3333333333333333	0.33131313131313134	0.05527623018341601
499.99999999999994	0.3383838383838384	0.33131313131313134	0.055057509887520076
499.99999999999994	0.3434343434343434	0.33131313131313134	0.05484064640245166
499.99999999999994	0.3484848484848485	0.33131313131313134	0.0546255137731899
499.99999999999994	0.35353535353535354	0.33131313131313134	0.05441492926883738
499.99999999999994	0.35858585858585856	0.33131313131313134	0.054204513522638276
499.99999999999994	0.36363636363636365	0.33131313131313134	0.053998142961885764
499.99999999999994	0.3686868686868687	0.33131313131313134	0.053793726623256925
499.99999999999994	0.37373737373737376	0.33131313131313134	0.05359013325899362
499.99999999999994	0.3787878787878788	0.33131313131313134	0.053390370003822386
499.99999999999994	0.3838383838383838	0.33131313131313134	0.05319134905810212
499.99999999999994	0.3888888888888889	0.33131313131313134	0.052996562180186245
499.99999999999994	0.3939393939393939	0.33131313131313134	0.05280496294851675
499.99999999999994	0.398989898989899	0.33131313131313134	0.05261912960676895
499.99999999999994	0.40404040404040403	0.33131313131313134	0.05244424335438703
499.99999999999994	0.4090909090909091	0.33131313131313134	0.05229075100583723
499.99999999999994	0.41414141414141414	0.33131313131313134	0.052181161475688506
499.99999999999994	0.41919191919191917	0.33131313131313134	0.05216119512286983
499.99999999999994	0.42424242424242425	0.33131313131313134	0.05233410915950358
499.99999999999994	0.4292929292929293	0.33131313131313134	0.052952732837715455
499.99999999999994	0.43434343434343436	0.33131313131313134	0.055265361110510156
499.99999999999994	0.4393939393939394	0.33131313131313134	0.06897465131241586
499.99999999999994	0.4444444444444444	0.33131313131313134	0.10020026359696547
499.99999999999994	0.4494949494949495	0.33131313131313134	0.15802594222937869
499.99999999999994	0.45454545454545453	0.33131313131313134	0.23622539361751432
499.99999999999994	0.4595959595959596	0.33131313131313134	0.3255194544807207
499.99999999999994	0.46464646464646464	0.33131313131313134	0.4204313226627943
499.99999999999994	0.4696969696969697	0.33131313131313134	0.5178488759837023
499.99999999999994	0.47474747474747475	0.33131313131313134	0.6152328953182303
499.99999999999994	0.4797979797979798	0.33131313131313134	0.7071533986311032
499.99999999999994	0.48484848484848486	0.33131313131313134	NaN
499.99999999999994	0.4898989898989899	0.33131313131313134	NaN
499.99999999999994	0.494949494949495	0.33131313131313134	NaN
499.99999999999994	0.5	0.33131313131313134	NaN
499.99999999999994	0.0	0.3393939393939394	0.07607675060554421
499.99999999999994	0.005050505050505051	0.3393939393939394	0.07564392119581083
499.99999999999994	0.010101010101010102	0.3393939393939394	0.07521494667130234
499.99999999999994	0.015151515151515152	0.3393939393939394	0.07479100209484825
499.99999999999994	0.020202020202020204	0.3393939393939394	0.07437145882219649
499.99999999999994	0.025252525252525252	0.3393939393939394	0.07395553458323574
499.99999999999994	0.030303030303030304	0.3393939393939394	0.07354587652452864
499.99999999999994	0.03535353535353535	0.3393939393939394	0.07313969355006769
499.99999999999994	0.04040404040404041	0.3393939393939394	0.07273895940274437
499.99999999999994	0.045454545454545456	0.3393939393939394	0.0723418860684258
499.99999999999994	0.050505050505050504	0.3393939393939394	0.07194768899989022
499.99999999999994	0.05555555555555555	0.3393939393939394	0.07155967207581931
499.99999999999994	0.06060606060606061	0.3393939393939394	0.07117505177151616
499.99999999999994	0.06565656565656566	0.3393939393939394	0.07079539614330035
499.99999999999994	0.0707070707070707	0.3393939393939394	0.07041896293244698
499.99999999999994	0.07575757575757576	0.3393939393939394	0.0700448736456554
499.99999999999994	0.08080808080808081	0.3393939393939394	0.06967665204782313
499.99999999999994	0.08585858585858586	0.3393939393939394	0.06931215862138863
499.99999999999994	0.09090909090909091	0.3393939393939394	0.06895180659867377
499.99999999999994	0.09595959595959595	0.3393939393939394	0.06859462175721819
499.99999999999994	0.10101010101010101	0.3393939393939394	0.06823979767119902
499.99999999999994	0.10606060606060606	0.3393939393939394	0.0678898097842674
499.99999999999994	0.1111111111111111	0.3393939393939394	0.06754278024669357
499.99999999999994	0.11616161616161616	0.3393939393939394	0.06720046887065201
499.99999999999994	0.12121212121212122	0.3393939393939394	0.06686085030123953
499.99999999999994	0.12626262626262627	0.3393939393939394	0.06652438350278268
499.99999999999994	0.13131313131313133	0.3393939393939394	0.06619342727684477
499.99999999999994	0.13636363636363635	0.3393939393939394	0.0658643944469014
499.99999999999994	0.1414141414141414	0.3393939393939394	0.06553906688781763
499.99999999999994	0.14646464646464646	0.3393939393939394	0.06521637000692834
499.99999999999994	0.15151515151515152	0.3393939393939394	0.06489666120486484
499.99999999999994	0.15656565656565657	0.3393939393939394	0.06458026965244787
499.99999999999994	0.16161616161616163	0.3393939393939394	0.06426812059470942
499.99999999999994	0.16666666666666666	0.3393939393939394	0.06395831082234854
499.99999999999994	0.1717171717171717	0.3393939393939394	0.06365187313953484
499.99999999999994	0.17676767676767677	0.3393939393939394	0.06334826069387077
499.99999999999994	0.18181818181818182	0.3393939393939394	0.06304767668268854
499.99999999999994	0.18686868686868688	0.3393939393939394	0.062750068944491
499.99999999999994	0.1919191919191919	0.3393939393939394	0.06245585132729944
499.99999999999994	0.19696969696969696	0.3393939393939394	0.06216410670736573
499.99999999999994	0.20202020202020202	0.3393939393939394	0.06187579218005612
499.99999999999994	0.20707070707070707	0.3393939393939394	0.061590291226758596
499.99999999999994	0.21212121212121213	0.3393939393939394	0.061307899753233905
499.99999999999994	0.21717171717171718	0.3393939393939394	0.06102726846056672
499.99999999999994	0.2222222222222222	0.3393939393939394	0.06074921780680568
499.99999999999994	0.22727272727272727	0.3393939393939394	0.060473707592244165
499.99999999999994	0.23232323232323232	0.3393939393939394	0.060201137570812795
499.99999999999994	0.23737373737373738	0.3393939393939394	0.059933232636665265
499.99999999999994	0.24242424242424243	0.3393939393939394	0.059666700059000134
499.99999999999994	0.2474747474747475	0.3393939393939394	0.05940174386114639
499.99999999999994	0.25252525252525254	0.3393939393939394	0.05913863318229235
499.99999999999994	0.25757575757575757	0.3393939393939394	0.05888196399482982
499.99999999999994	0.26262626262626265	0.3393939393939394	0.05862576970759177
499.99999999999994	0.2676767676767677	0.3393939393939394	0.05837173687770364
499.99999999999994	0.2727272727272727	0.3393939393939394	0.05812065364175435
499.99999999999994	0.2777777777777778	0.3393939393939394	0.05787246947027866
499.99999999999994	0.2828282828282828	0.3393939393939394	0.057625761017667906
499.99999999999994	0.2878787878787879	0.3393939393939394	0.05738361618475987
499.99999999999994	0.29292929292929293	0.3393939393939394	0.05714237249692537
499.99999999999994	0.29797979797979796	0.3393939393939394	0.05690431836070838
499.99999999999994	0.30303030303030304	0.3393939393939394	0.05666885352603358
499.99999999999994	0.30808080808080807	0.3393939393939394	0.056435474990722725
499.99999999999994	0.31313131313131315	0.3393939393939394	0.05620296321362126
499.99999999999994	0.3181818181818182	0.3393939393939394	0.05597615952748905
499.99999999999994	0.32323232323232326	0.3393939393939394	0.05574985099373274
499.99999999999994	0.3282828282828283	0.3393939393939394	0.055525621136144114
499.99999999999994	0.3333333333333333	0.3393939393939394	0.05530670065466297
499.99999999999994	0.3383838383838384	0.3393939393939394	0.055088205929305537
499.99999999999994	0.3434343434343434	0.3393939393939394	0.054871089707247134
499.99999999999994	0.3484848484848485	0.3393939393939394	0.05465951313175311
499.99999999999994	0.35353535353535354	0.3393939393939394	0.054447329218246396
499.99999999999994	0.35858585858585856	0.3393939393939394	0.05423871180699992
499.99999999999994	0.36363636363636365	0.3393939393939394	0.05403310277683456
499.99999999999994	0.3686868686868687	0.3393939393939394	0.05382711163894393
499.99999999999994	0.37373737373737376	0.3393939393939394	0.05362640664394367
499.99999999999994	0.3787878787878788	0.3393939393939394	0.05342477025417381
499.99999999999994	0.3838383838383838	0.3393939393939394	0.053228984568575534
499.99999999999994	0.3888888888888889	0.3393939393939394	0.05303552832641818
499.99999999999994	0.3939393939393939	0.3393939393939394	0.05284612631223262
499.99999999999994	0.398989898989899	0.3393939393939394	0.0526687841112452
499.99999999999994	0.40404040404040403	0.3393939393939394	0.05251033239204451
499.99999999999994	0.4090909090909091	0.3393939393939394	0.05239117336199651
499.99999999999994	0.41414141414141414	0.3393939393939394	0.0523556427321078
499.99999999999994	0.41919191919191917	0.3393939393939394	0.05249560513398117
499.99999999999994	0.42424242424242425	0.3393939393939394	0.05303473725588649
499.99999999999994	0.4292929292929293	0.3393939393939394	0.05484586588412503
499.99999999999994	0.43434343434343436	0.3393939393939394	0.06685875235621194
499.99999999999994	0.4393939393939394	0.3393939393939394	0.09552689122264738
499.99999999999994	0.4444444444444444	0.3393939393939394	0.1506468083935357
499.99999999999994	0.4494949494949495	0.3393939393939394	0.22734046459001722
499.99999999999994	0.45454545454545453	0.3393939393939394	0.31598697881647414
499.99999999999994	0.4595959595959596	0.3393939393939394	0.4107054753997583
499.99999999999994	0.46464646464646464	0.3393939393939394	0.5082110817603569
499.99999999999994	0.4696969696969697	0.3393939393939394	0.6059896152262395
499.99999999999994	0.47474747474747475	0.3393939393939394	0.6994064125380397
499.99999999999994	0.4797979797979798	0.3393939393939394	NaN
499.99999999999994	0.48484848484848486	0.3393939393939394	NaN
499.99999999999994	0.4898989898989899	0.3393939393939394	NaN
499.99999999999994	0.494949494949495	0.3393939393939394	NaN
499.99999999999994	0.5	0.3393939393939394	NaN
499.99999999999994	0.0	0.3474747474747475	0.07607380741463901
499.99999999999994	0.005050505050505051	0.3474747474747475	0.07564149357768336
499.99999999999994	0.010101010101010102	0.3474747474747475	0.07521326149005628
499.99999999999994	0.015151515151515152	0.3474747474747475	0.07478975376912436
499.99999999999994	0.020202020202020204	0.3474747474747475	0.07437083214759431
499.99999999999994	0.025252525252525252	0.3474747474747475	0.0739556235795206
499.99999999999994	0.030303030303030304	0.3474747474747475	0.07354644360349039
499.99999999999994	0.03535353535353535	0.3474747474747475	0.07314084398111446
499.99999999999994	0.04040404040404041	0.3474747474747475	0.07274058139769192
499.99999999999994	0.045454545454545456	0.3474747474747475	0.07234408871081192
499.99999999999994	0.050505050505050504	0.3474747474747475	0.07195052024205674
499.99999999999994	0.05555555555555555	0.3474747474747475	0.07156299009185017
499.99999999999994	0.06060606060606061	0.3474747474747475	0.07117887476034036
499.99999999999994	0.06565656565656566	0.3474747474747475	0.07079969569809402
499.99999999999994	0.0707070707070707	0.3474747474747475	0.07042378448047408
499.99999999999994	0.07575757575757576	0.3474747474747475	0.07005021409613647
499.99999999999994	0.08080808080808081	0.3474747474747475	0.06968247079696815
499.99999999999994	0.08585858585858586	0.3474747474747475	0.0693184568515164
499.99999999999994	0.09090909090909091	0.3474747474747475	0.06895861310566152
499.99999999999994	0.09595959595959595	0.3474747474747475	0.06860194609991455
499.99999999999994	0.10101010101010101	0.3474747474747475	0.06824761760395447
499.99999999999994	0.10606060606060606	0.3474747474747475	0.06789724838083806
499.99999999999994	0.1111111111111111	0.3474747474747475	0.06755098097554518
499.99999999999994	0.11616161616161616	0.3474747474747475	0.06720922203129143
499.99999999999994	0.12121212121212122	0.3474747474747475	0.06687010373729836
499.99999999999994	0.12626262626262627	0.3474747474747475	0.0665337445829658
499.99999999999994	0.13131313131313133	0.3474747474747475	0.06620328124566857
499.99999999999994	0.13636363636363635	0.3474747474747475	0.06587471829746731
499.99999999999994	0.1414141414141414	0.3474747474747475	0.06554977383914162
499.99999999999994	0.14646464646464646	0.3474747474747475	0.06522754709606232
499.99999999999994	0.15151515151515152	0.3474747474747475	0.06490850972396672
499.99999999999994	0.15656565656565657	0.3474747474747475	0.06459210367079408
499.99999999999994	0.16161616161616163	0.3474747474747475	0.0642802112533656
499.99999999999994	0.16666666666666666	0.3474747474747475	0.06397141023867359
499.99999999999994	0.1717171717171717	0.3474747474747475	0.06366575573177399
499.99999999999994	0.17676767676767677	0.3474747474747475	0.06336329306673923
499.99999999999994	0.18181818181818182	0.3474747474747475	0.06306353345052798
499.99999999999994	0.18686868686868688	0.3474747474747475	0.06276598910261234
499.99999999999994	0.1919191919191919	0.3474747474747475	0.06247237671127564
499.99999999999994	0.19696969696969696	0.3474747474747475	0.06218107665640678
499.99999999999994	0.20202020202020202	0.3474747474747475	0.06189262159832549
499.99999999999994	0.20707070707070707	0.3474747474747475	0.06160641246566007
499.99999999999994	0.21212121212121213	0.3474747474747475	0.0613242413203209
499.99999999999994	0.21717171717171718	0.3474747474747475	0.06104392022327634
499.99999999999994	0.2222222222222222	0.3474747474747475	0.06076570860689235
499.99999999999994	0.22727272727272727	0.3474747474747475	0.06049187654674663
499.99999999999994	0.23232323232323232	0.3474747474747475	0.06022076431606423
499.99999999999994	0.23737373737373738	0.3474747474747475	0.0599520821958851
499.99999999999994	0.24242424242424243	0.3474747474747475	0.0596854782086866
499.99999999999994	0.2474747474747475	0.3474747474747475	0.05942198328097346
499.99999999999994	0.25252525252525254	0.3474747474747475	0.05916241422086205
499.99999999999994	0.25757575757575757	0.3474747474747475	0.058903018910376755
499.99999999999994	0.26262626262626265	0.3474747474747475	0.058647507074510975
499.99999999999994	0.2676767676767677	0.3474747474747475	0.05839421378875689
499.99999999999994	0.2727272727272727	0.3474747474747475	0.05814428226677928
499.99999999999994	0.2777777777777778	0.3474747474747475	0.05789420251789424
499.99999999999994	0.2828282828282828	0.3474747474747475	0.05765122418834942
499.99999999999994	0.2878787878787879	0.3474747474747475	0.057408156009239666
499.99999999999994	0.29292929292929293	0.3474747474747475	0.05716779086659927
499.99999999999994	0.29797979797979796	0.3474747474747475	0.0569302579952218
499.99999999999994	0.30303030303030304	0.3474747474747475	0.056694270573820184
499.99999999999994	0.30808080808080807	0.3474747474747475	0.0564612333624643
499.99999999999994	0.31313131313131315	0.3474747474747475	0.056232485866828816
499.99999999999994	0.3181818181818182	0.3474747474747475	0.05600463400421476
499.99999999999994	0.32323232323232326	0.3474747474747475	0.05577860484141923
499.99999999999994	0.3282828282828283	0.3474747474747475	0.055556197956832316
499.99999999999994	0.3333333333333333	0.3474747474747475	0.05533703264034929
499.99999999999994	0.3383838383838384	0.3474747474747475	0.05511888251774598
499.99999999999994	0.3434343434343434	0.3474747474747475	0.054904697069548425
499.99999999999994	0.3484848484848485	0.3474747474747475	0.054691553594607784
499.99999999999994	0.35353535353535354	0.3474747474747475	0.0544808119373182
499.99999999999994	0.35858585858585856	0.3474747474747475	0.054273261030801434
499.99999999999994	0.36363636363636365	0.3474747474747475	0.0540670037327664
499.99999999999994	0.3686868686868687	0.3474747474747475	0.053863314838508515
499.99999999999994	0.37373737373737376	0.3474747474747475	0.05366102401878089
499.99999999999994	0.3787878787878788	0.3474747474747475	0.05346306097370498
499.99999999999994	0.3838383838383838	0.3474747474747475	0.05326726292300002
499.99999999999994	0.3888888888888889	0.3474747474747475	0.05307687774986482
499.99999999999994	0.3939393939393939	0.3474747474747475	0.05289531702526597
499.99999999999994	0.398989898989899	0.3474747474747475	0.0527324930899263
499.99999999999994	0.40404040404040403	0.3474747474747475	0.05260468539463083
499.99999999999994	0.4090909090909091	0.3474747474747475	0.05255399414296169
499.99999999999994	0.41414141414141414	0.3474747474747475	0.0526635036138691
499.99999999999994	0.41919191919191917	0.3474747474747475	0.05313254421707137
499.99999999999994	0.42424242424242425	0.3474747474747475	0.0546283145687644
499.99999999999994	0.4292929292929293	0.3474747474747475	0.06492837256578872
499.99999999999994	0.43434343434343436	0.3474747474747475	0.0911796226483658
499.99999999999994	0.4393939393939394	0.3474747474747475	0.14348868835935297
499.99999999999994	0.4444444444444444	0.3474747474747475	0.21854530225762725
499.99999999999994	0.4494949494949495	0.3474747474747475	0.30647433983144357
499.99999999999994	0.45454545454545453	0.3474747474747475	0.40096263627730394
499.99999999999994	0.4595959595959596	0.3474747474747475	0.4985296961721728
499.99999999999994	0.46464646464646464	0.3474747474747475	0.5966599613264024
499.99999999999994	0.4696969696969697	0.3474747474747475	0.6913048021535503
499.99999999999994	0.47474747474747475	0.3474747474747475	NaN
499.99999999999994	0.4797979797979798	0.3474747474747475	NaN
499.99999999999994	0.48484848484848486	0.3474747474747475	NaN
499.99999999999994	0.4898989898989899	0.3474747474747475	NaN
499.99999999999994	0.494949494949495	0.3474747474747475	NaN
499.99999999999994	0.5	0.3474747474747475	NaN
499.99999999999994	0.0	0.35555555555555557	0.07607137027074647
499.99999999999994	0.005050505050505051	0.35555555555555557	0.07563962949567773
499.99999999999994	0.010101010101010102	0.35555555555555557	0.07521208354205959
499.99999999999994	0.015151515151515152	0.35555555555555557	0.07478902127211183
499.99999999999994	0.020202020202020204	0.35555555555555557	0.07437068207907724
499.99999999999994	0.025252525252525252	0.35555555555555557	0.07395616374707814
499.99999999999994	0.030303030303030304	0.35555555555555557	0.07354743972598815
499.99999999999994	0.03535353535353535	0.35555555555555557	0.0731424319890367
499.99999999999994	0.04040404040404041	0.35555555555555557	0.072742682484703
499.99999999999994	0.045454545454545456	0.35555555555555557	0.07234675128023396
499.99999999999994	0.050505050505050504	0.35555555555555557	0.07195378762563785
499.99999999999994	0.05555555555555555	0.35555555555555557	0.07156668270324319
499.99999999999994	0.06060606060606061	0.35555555555555557	0.07118311411299862
499.99999999999994	0.06565656565656566	0.35555555555555557	0.07080443128858759
499.99999999999994	0.0707070707070707	0.35555555555555557	0.07042906738735906
499.99999999999994	0.07575757575757576	0.35555555555555557	0.07005601222790606
499.99999999999994	0.08080808080808081	0.35555555555555557	0.0696886835143964
499.99999999999994	0.08585858585858586	0.35555555555555557	0.0693251773570586
499.99999999999994	0.09090909090909091	0.35555555555555557	0.06896583911586182
499.99999999999994	0.09595959595959595	0.35555555555555557	0.06860971061950236
499.99999999999994	0.10101010101010101	0.35555555555555557	0.06825445797135268
499.99999999999994	0.10606060606060606	0.35555555555555557	0.06790606448027726
499.99999999999994	0.1111111111111111	0.35555555555555557	0.06756003055960613
499.99999999999994	0.11616161616161616	0.35555555555555557	0.06721864954803378
499.99999999999994	0.12121212121212122	0.35555555555555557	0.06687992286774172
499.99999999999994	0.12626262626262627	0.35555555555555557	0.06654361802917677
499.99999999999994	0.13131313131313133	0.35555555555555557	0.06621356634715869
499.99999999999994	0.13636363636363635	0.35555555555555557	0.06588563615617075
499.99999999999994	0.1414141414141414	0.35555555555555557	0.06556109089038553
499.99999999999994	0.14646464646464646	0.35555555555555557	0.06523963053585691
499.99999999999994	0.15151515151515152	0.35555555555555557	0.06492152901482487
499.99999999999994	0.15656565656565657	0.35555555555555557	0.06460565995680838
499.99999999999994	0.16161616161616163	0.35555555555555557	0.06429402906510671
499.99999999999994	0.16666666666666666	0.35555555555555557	0.06398581706163053
499.99999999999994	0.1717171717171717	0.35555555555555557	0.06368046827028924
499.99999999999994	0.17676767676767677	0.35555555555555557	0.06337838560405047
499.99999999999994	0.18181818181818182	0.35555555555555557	0.0630794821337135
499.99999999999994	0.18686868686868688	0.35555555555555557	0.06278236417883071
499.99999999999994	0.1919191919191919	0.35555555555555557	0.06248882662511241
499.99999999999994	0.19696969696969696	0.35555555555555557	0.06219820076290366
499.99999999999994	0.20202020202020202	0.35555555555555557	0.06191005675719116
499.99999999999994	0.20707070707070707	0.35555555555555557	0.061624016723771734
499.99999999999994	0.21212121212121213	0.35555555555555557	0.06134089274322125
499.99999999999994	0.21717171717171718	0.35555555555555557	0.061061275468033686
499.99999999999994	0.2222222222222222	0.35555555555555557	0.060785777630684525
499.99999999999994	0.22727272727272727	0.35555555555555557	0.06051250678229526
499.99999999999994	0.23232323232323232	0.35555555555555557	0.060241493054391936
499.99999999999994	0.23737373737373738	0.35555555555555557	0.05997157741391374
499.99999999999994	0.24242424242424243	0.35555555555555557	0.059706647757117294
499.99999999999994	0.2474747474747475	0.35555555555555557	0.05944418135116607
499.99999999999994	0.25252525252525254	0.35555555555555557	0.05918164734421944
499.99999999999994	0.25757575757575757	0.35555555555555557	0.05892554203965475
499.99999999999994	0.26262626262626265	0.35555555555555557	0.058669858349550914
499.99999999999994	0.2676767676767677	0.35555555555555557	0.05841812265181759
499.99999999999994	0.2727272727272727	0.35555555555555557	0.0581670310511101
499.99999999999994	0.2777777777777778	0.35555555555555557	0.0579196994436411
499.99999999999994	0.2828282828282828	0.35555555555555557	0.05767633665826062
499.99999999999994	0.2878787878787879	0.35555555555555557	0.057433656722878625
499.99999999999994	0.29292929292929293	0.35555555555555557	0.05719408005563485
499.99999999999994	0.29797979797979796	0.35555555555555557	0.0569559752988463
499.99999999999994	0.30303030303030304	0.35555555555555557	0.0567228163463188
499.99999999999994	0.30808080808080807	0.35555555555555557	0.056490769922533574
499.99999999999994	0.31313131313131315	0.35555555555555557	0.05626118218625882
499.99999999999994	0.3181818181818182	0.35555555555555557	0.05603374539592055
499.99999999999994	0.32323232323232326	0.35555555555555557	0.055808812620239866
499.99999999999994	0.3282828282828283	0.35555555555555557	0.05558631293250693
499.99999999999994	0.3333333333333333	0.35555555555555557	0.055368384672932376
499.99999999999994	0.3383838383838384	0.35555555555555557	0.055152255436506134
499.99999999999994	0.3434343434343434	0.35555555555555557	0.05493833862366055
499.99999999999994	0.3484848484848485	0.35555555555555557	0.05472574843070631
499.99999999999994	0.35353535353535354	0.35555555555555557	0.054516075901550526
499.99999999999994	0.35858585858585856	0.35555555555555557	0.054307789909060517
499.99999999999994	0.36363636363636365	0.35555555555555557	0.05410234081423012
499.99999999999994	0.3686868686868687	0.35555555555555557	0.05389877402499009
499.99999999999994	0.37373737373737376	0.35555555555555557	0.05369793458294639
499.99999999999994	0.3787878787878788	0.35555555555555557	0.05349976389757963
499.99999999999994	0.3838383838383838	0.35555555555555557	0.053308439449777305
499.99999999999994	0.3888888888888889	0.35555555555555557	0.05312405016566068
499.99999999999994	0.3939393939393939	0.35555555555555557	0.05295506591773002
499.99999999999994	0.398989898989899	0.35555555555555557	0.05282159967506373
499.99999999999994	0.40404040404040403	0.35555555555555557	0.05275594344307084
499.99999999999994	0.4090909090909091	0.35555555555555557	0.052837458958917484
499.99999999999994	0.41414141414141414	0.35555555555555557	0.053244161736120135
499.99999999999994	0.41919191919191917	0.35555555555555557	0.05451418507763794
499.99999999999994	0.42424242424242425	0.35555555555555557	0.0631648333955957
499.99999999999994	0.4292929292929293	0.35555555555555557	0.0871559087235054
499.99999999999994	0.43434343434343436	0.35555555555555557	0.1365698012217053
499.99999999999994	0.4393939393939394	0.35555555555555557	0.2098510399582667
499.99999999999994	0.4444444444444444	0.35555555555555557	0.296986895687761
499.99999999999994	0.4494949494949495	0.35555555555555557	0.3912057682579098
499.99999999999994	0.45454545454545453	0.35555555555555557	0.48880748617494063
499.99999999999994	0.4595959595959596	0.35555555555555557	0.5872510559886673
499.99999999999994	0.46464646464646464	0.35555555555555557	0.6829261544604583
499.99999999999994	0.4696969696969697	0.35555555555555557	NaN
499.99999999999994	0.47474747474747475	0.35555555555555557	NaN
499.99999999999994	0.4797979797979798	0.35555555555555557	NaN
499.99999999999994	0.48484848484848486	0.35555555555555557	NaN
499.99999999999994	0.4898989898989899	0.35555555555555557	NaN
499.99999999999994	0.494949494949495	0.35555555555555557	NaN
499.99999999999994	0.5	0.35555555555555557	NaN
499.99999999999994	0.0	0.36363636363636365	0.07606939190470659
499.99999999999994	0.005050505050505051	0.36363636363636365	0.0756381899117821
499.99999999999994	0.010101010101010102	0.36363636363636365	0.07521135785454228
499.99999999999994	0.015151515151515152	0.36363636363636365	0.07478887424681638
499.99999999999994	0.020202020202020204	0.36363636363636365	0.07437099536452307
499.99999999999994	0.025252525252525252	0.36363636363636365	0.07395713230271943
499.99999999999994	0.030303030303030304	0.36363636363636365	0.07354887542299611
499.99999999999994	0.03535353535353535	0.36363636363636365	0.07314448204294287
499.99999999999994	0.04040404040404041	0.36363636363636365	0.07274522700583363
499.99999999999994	0.045454545454545456	0.36363636363636365	0.07234986836027989
499.99999999999994	0.050505050505050504	0.36363636363636365	0.0719574858733766
499.99999999999994	0.05555555555555555	0.36363636363636365	0.0715707700712356
499.99999999999994	0.06060606060606061	0.36363636363636365	0.07118776123296036
499.99999999999994	0.06565656565656566	0.36363636363636365	0.07080958480572797
499.99999999999994	0.0707070707070707	0.36363636363636365	0.0704347958278357
499.99999999999994	0.07575757575757576	0.36363636363636365	0.07006225312051938
499.99999999999994	0.08080808080808081	0.36363636363636365	0.06969525990562599
499.99999999999994	0.08585858585858586	0.36363636363636365	0.06933229925998473
499.99999999999994	0.09090909090909091	0.36363636363636365	0.0689734627008639
499.99999999999994	0.09595959595959595	0.36363636363636365	0.06861526288806886
499.99999999999994	0.10101010101010101	0.36363636363636365	0.06826325786274084
499.99999999999994	0.10606060606060606	0.36363636363636365	0.06791548758504655
499.99999999999994	0.1111111111111111	0.36363636363636365	0.06757007706637655
499.99999999999994	0.11616161616161616	0.36363636363636365	0.06722918845386996
499.99999999999994	0.12121212121212122	0.36363636363636365	0.06689103549983436
499.99999999999994	0.12626262626262627	0.36363636363636365	0.06655520726981588
499.99999999999994	0.13131313131313133	0.36363636363636365	0.06622522524778462
499.99999999999994	0.13636363636363635	0.36363636363636365	0.06589794654579155
499.99999999999994	0.1414141414141414	0.36363636363636365	0.06557364918225486
499.99999999999994	0.14646464646464646	0.36363636363636365	0.0652529318054973
499.99999999999994	0.15151515151515152	0.36363636363636365	0.06493548518711849
499.99999999999994	0.15656565656565657	0.36363636363636365	0.06461976924742835
499.99999999999994	0.16161616161616163	0.36363636363636365	0.06430877138870734
499.99999999999994	0.16666666666666666	0.36363636363636365	0.06400037001072463
499.99999999999994	0.1717171717171717	0.36363636363636365	0.06369569465046546
499.99999999999994	0.17676767676767677	0.36363636363636365	0.06339365812403822
499.99999999999994	0.18181818181818182	0.36363636363636365	0.06309531421945908
499.99999999999994	0.18686868686868688	0.36363636363636365	0.06279883527027928
499.99999999999994	0.1919191919191919	0.36363636363636365	0.06250517554376138
499.99999999999994	0.19696969696969696	0.36363636363636365	0.06221486815012295
499.99999999999994	0.20202020202020202	0.36363636363636365	0.06192666905276142
499.99999999999994	0.20707070707070707	0.36363636363636365	0.061641190708130816
499.99999999999994	0.21212121212121213	0.36363636363636365	0.06135969848041333
499.99999999999994	0.21717171717171718	0.36363636363636365	0.06108166217195534
499.99999999999994	0.2222222222222222	0.36363636363636365	0.06080598886457038
499.99999999999994	0.22727272727272727	0.36363636363636365	0.0605320034187712
499.99999999999994	0.23232323232323232	0.36363636363636365	0.06026001008954442
499.99999999999994	0.23737373737373738	0.36363636363636365	0.05999365195585048
499.99999999999994	0.24242424242424243	0.36363636363636365	0.0597278946235281
499.99999999999994	0.2474747474747475	0.36363636363636365	0.059463810607611065
499.99999999999994	0.25252525252525254	0.36363636363636365	0.05920607821846764
499.99999999999994	0.25757575757575757	0.36363636363636365	0.0589465061771993
499.99999999999994	0.26262626262626265	0.36363636363636365	0.058693183411211235
499.99999999999994	0.2676767676767677	0.36363636363636365	0.05844133514431957
499.99999999999994	0.2727272727272727	0.36363636363636365	0.05819088651083428
499.99999999999994	0.2777777777777778	0.36363636363636365	0.05794500907712439
499.99999999999994	0.2828282828282828	0.36363636363636365	0.057701661428267756
499.99999999999994	0.2878787878787879	0.36363636363636365	0.05745961184618145
499.99999999999994	0.29292929292929293	0.36363636363636365	0.05721961906602391
499.99999999999994	0.29797979797979796	0.36363636363636365	0.056984788020017926
499.99999999999994	0.30303030303030304	0.36363636363636365	0.056749263394004656
499.99999999999994	0.30808080808080807	0.36363636363636365	0.05652000431811583
499.99999999999994	0.31313131313131315	0.36363636363636365	0.056290679858360275
499.99999999999994	0.3181818181818182	0.36363636363636365	0.05606424244290116
499.99999999999994	0.32323232323232326	0.36363636363636365	0.05584051054852098
499.99999999999994	0.3282828282828283	0.36363636363636365	0.05561982099107465
499.99999999999994	0.3333333333333333	0.36363636363636365	0.05540171164685178
499.99999999999994	0.3383838383838384	0.36363636363636365	0.05518557679853719
499.99999999999994	0.3434343434343434	0.36363636363636365	0.05497197463606014
499.99999999999994	0.3484848484848485	0.36363636363636365	0.05476060661905236
499.99999999999994	0.35353535353535354	0.36363636363636365	0.054550717875575756
499.99999999999994	0.35858585858585856	0.36363636363636365	0.054343379500444065
499.99999999999994	0.36363636363636365	0.36363636363636365	0.05413858455288095
499.99999999999994	0.3686868686868687	0.36363636363636365	0.053934939660005995
499.99999999999994	0.37373737373737376	0.36363636363636365	0.05373636168686486
499.99999999999994	0.3787878787878788	0.36363636363636365	0.05354088241622848
499.99999999999994	0.3838383838383838	0.36363636363636365	0.05335374868574601
499.99999999999994	0.3888888888888889	0.36363636363636365	0.05318160165354156
499.99999999999994	0.3939393939393939	0.36363636363636365	0.053039457927524514
499.99999999999994	0.398989898989899	0.36363636363636365	0.05296122077367236
499.99999999999994	0.40404040404040403	0.36363636363636365	0.05301770142646926
499.99999999999994	0.4090909090909091	0.36363636363636365	0.05336774625757381
499.99999999999994	0.41414141414141414	0.36363636363636365	0.05446308287747039
499.99999999999994	0.41919191919191917	0.36363636363636365	0.061550742348540396
499.99999999999994	0.42424242424242425	0.36363636363636365	0.08344882732057464
499.99999999999994	0.4292929292929293	0.36363636363636365	0.12990841540333994
499.99999999999994	0.43434343434343436	0.36363636363636365	0.2012697499577879
499.99999999999994	0.4393939393939394	0.36363636363636365	0.28753045253781656
499.99999999999994	0.4444444444444444	0.36363636363636365	0.38143798418362396
499.99999999999994	0.4494949494949495	0.36363636363636365	0.4790471199475703
499.99999999999994	0.45454545454545453	0.36363636363636365	0.5777689588866993
499.99999999999994	0.4595959595959596	0.36363636363636365	0.6743232903210956
499.99999999999994	0.46464646464646464	0.36363636363636365	NaN
499.99999999999994	0.4696969696969697	0.36363636363636365	NaN
499.99999999999994	0.47474747474747475	0.36363636363636365	NaN
499.99999999999994	0.4797979797979798	0.36363636363636365	NaN
499.99999999999994	0.48484848484848486	0.36363636363636365	NaN
499.99999999999994	0.4898989898989899	0.36363636363636365	NaN
499.99999999999994	0.494949494949495	0.36363636363636365	NaN
499.99999999999994	0.5	0.36363636363636365	NaN
499.99999999999994	0.0	0.3717171717171717	0.07606781808037578
499.99999999999994	0.005050505050505051	0.3717171717171717	0.0756369950048957
499.99999999999994	0.010101010101010102	0.3717171717171717	0.0752107895535725
499.99999999999994	0.015151515151515152	0.3717171717171717	0.07478900907462845
499.99999999999994	0.020202020202020204	0.3717171717171717	0.07437175588456606
499.99999999999994	0.025252525252525252	0.3717171717171717	0.07395852455309997
499.99999999999994	0.030303030303030304	0.3717171717171717	0.07355066109019097
499.99999999999994	0.03535353535353535	0.3717171717171717	0.07314686595752398
499.99999999999994	0.04040404040404041	0.3717171717171717	0.0727481824240304
499.99999999999994	0.045454545454545456	0.3717171717171717	0.07235342742972704
499.99999999999994	0.050505050505050504	0.3717171717171717	0.07196159128407127
499.99999999999994	0.05555555555555555	0.3717171717171717	0.0715752392756453
499.99999999999994	0.06060606060606061	0.3717171717171717	0.0711928086491856
499.99999999999994	0.06565656565656566	0.3717171717171717	0.07081515144848424
499.99999999999994	0.0707070707070707	0.3717171717171717	0.07044094016046307
499.99999999999994	0.07575757575757576	0.3717171717171717	0.07006890661427544
499.99999999999994	0.08080808080808081	0.3717171717171717	0.06970235655046664
499.99999999999994	0.08585858585858586	0.3717171717171717	0.0693397886586899
499.99999999999994	0.09090909090909091	0.3717171717171717	0.06898144711761263
499.99999999999994	0.09595959595959595	0.3717171717171717	0.06862443250943948
499.99999999999994	0.10101010101010101	0.3717171717171717	0.06827240629723814
499.99999999999994	0.10606060606060606	0.3717171717171717	0.06792527196460993
499.99999999999994	0.1111111111111111	0.3717171717171717	0.06758051092871821
499.99999999999994	0.11616161616161616	0.3717171717171717	0.06724009923956001
499.99999999999994	0.12121212121212122	0.3717171717171717	0.06690254191309783
499.99999999999994	0.12626262626262627	0.3717171717171717	0.06656732243933121
499.99999999999994	0.13131313131313133	0.3717171717171717	0.06623716091211475
499.99999999999994	0.13636363636363635	0.3717171717171717	0.0659105680754185
499.99999999999994	0.1414141414141414	0.3717171717171717	0.06558670624736512
499.99999999999994	0.14646464646464646	0.3717171717171717	0.065266545244529
499.99999999999994	0.15151515151515152	0.3717171717171717	0.06494964858294618
499.99999999999994	0.15656565656565657	0.3717171717171717	0.06463462585146175
499.99999999999994	0.16161616161616163	0.3717171717171717	0.064323904294568
499.99999999999994	0.16666666666666666	0.3717171717171717	0.06401578713304469
499.99999999999994	0.1717171717171717	0.3717171717171717	0.06371082088540714
499.99999999999994	0.17676767676767677	0.3717171717171717	0.0634089716256105
499.99999999999994	0.18181818181818182	0.3717171717171717	0.06311084860612878
499.99999999999994	0.18686868686868688	0.3717171717171717	0.0628149081305946
499.99999999999994	0.1919191919191919	0.3717171717171717	0.06252145514367756
499.99999999999994	0.19696969696969696	0.3717171717171717	0.062230676358808586
499.99999999999994	0.20202020202020202	0.3717171717171717	0.06194355092075767
499.99999999999994	0.20707070707070707	0.3717171717171717	0.061660806735696065
499.99999999999994	0.21212121212121213	0.3717171717171717	0.061379897063522225
499.99999999999994	0.21717171717171718	0.3717171717171717	0.06110106803159359
499.99999999999994	0.2222222222222222	0.3717171717171717	0.06082417250637299
499.99999999999994	0.22727272727272727	0.3717171717171717	0.06055069629875743
499.99999999999994	0.23232323232323232	0.3717171717171717	0.0602810636747952
499.99999999999994	0.23737373737373738	0.3717171717171717	0.06001363104679767
499.99999999999994	0.24242424242424243	0.3717171717171717	0.05974892088353516
499.99999999999994	0.2474747474747475	0.3717171717171717	0.059487812222836
499.99999999999994	0.25252525252525254	0.3717171717171717	0.05922655516634417
499.99999999999994	0.25757575757575757	0.3717171717171717	0.05897195655382323
499.99999999999994	0.26262626262626265	0.3717171717171717	0.05871753485395067
499.99999999999994	0.2676767676767677	0.3717171717171717	0.05846477227989871
499.99999999999994	0.2727272727272727	0.3717171717171717	0.058215789033034634
499.99999999999994	0.2777777777777778	0.3717171717171717	0.05796996089344296
499.99999999999994	0.2828282828282828	0.3717171717171717	0.05772634764655683
499.99999999999994	0.2878787878787879	0.3717171717171717	0.05748647609719373
499.99999999999994	0.29292929292929293	0.3717171717171717	0.0572483041049224
499.99999999999994	0.29797979797979796	0.3717171717171717	0.05701125740930804
499.99999999999994	0.30303030303030304	0.3717171717171717	0.0567800845291802
499.99999999999994	0.30808080808080807	0.3717171717171717	0.05654890760072964
499.99999999999994	0.31313131313131315	0.3717171717171717	0.05632089229917278
499.99999999999994	0.3181818181818182	0.3717171717171717	0.0560958089474221
499.99999999999994	0.32323232323232326	0.3717171717171717	0.0558736589692554
499.99999999999994	0.3282828282828283	0.3717171717171717	0.05565255081165745
499.99999999999994	0.3333333333333333	0.3717171717171717	0.05543447263474506
499.99999999999994	0.3383838383838384	0.3717171717171717	0.05521973776936516
499.99999999999994	0.3434343434343434	0.3717171717171717	0.05500615313551216
499.99999999999994	0.3484848484848485	0.3717171717171717	0.05479463713361917
499.99999999999994	0.35353535353535354	0.3717171717171717	0.054585831077553874
499.99999999999994	0.35858585858585856	0.3717171717171717	0.054379442513827515
499.99999999999994	0.36363636363636365	0.3717171717171717	0.05417435418734791
499.99999999999994	0.3686868686868687	0.3717171717171717	0.053973703059216345
499.99999999999994	0.37373737373737376	0.3717171717171717	0.053775361647976465
499.99999999999994	0.3787878787878788	0.3717171717171717	0.0535861012383132
499.99999999999994	0.3838383838383838	0.3717171717171717	0.05340840384806968
499.99999999999994	0.3888888888888889	0.3717171717171717	0.05326116823746705
499.99999999999994	0.3939393939393939	0.3717171717171717	0.053170305852033986
499.99999999999994	0.398989898989899	0.3717171717171717	0.053202975582141536
499.99999999999994	0.40404040404040403	0.3717171717171717	0.053502535318475423
499.99999999999994	0.4090909090909091	0.3717171717171717	0.054454619667596016
499.99999999999994	0.41414141414141414	0.3717171717171717	0.06007019320953846
499.99999999999994	0.41919191919191917	0.3717171717171717	0.08004727028077434
499.99999999999994	0.42424242424242425	0.3717171717171717	0.1235224140843513
499.99999999999994	0.4292929292929293	0.3717171717171717	0.1928144950773742
499.99999999999994	0.43434343434343436	0.3717171717171717	0.2781113119510482
499.99999999999994	0.4393939393939394	0.3717171717171717	0.37166257205421493
499.99999999999994	0.4444444444444444	0.3717171717171717	0.4692512027889765
499.99999999999994	0.4494949494949495	0.3717171717171717	0.5682189049574109
499.99999999999994	0.45454545454545453	0.3717171717171717	0.665533765656445
499.99999999999994	0.4595959595959596	0.3717171717171717	0.7459636053531932
499.99999999999994	0.46464646464646464	0.3717171717171717	NaN
499.99999999999994	0.4696969696969697	0.3717171717171717	NaN
499.99999999999994	0.47474747474747475	0.3717171717171717	NaN
499.99999999999994	0.4797979797979798	0.3717171717171717	NaN
499.99999999999994	0.48484848484848486	0.3717171717171717	NaN
499.99999999999994	0.4898989898989899	0.3717171717171717	NaN
499.99999999999994	0.494949494949495	0.3717171717171717	NaN
499.99999999999994	0.5	0.3717171717171717	NaN
499.99999999999994	0.0	0.3797979797979798	0.07606757265740186
499.99999999999994	0.005050505050505051	0.3797979797979798	0.07563663284083473
499.99999999999994	0.010101010101010102	0.3797979797979798	0.07521054774336922
499.99999999999994	0.015151515151515152	0.3797979797979798	0.07478948436536266
499.99999999999994	0.020202020202020204	0.3797979797979798	0.07437293197791361
499.99999999999994	0.025252525252525252	0.3797979797979798	0.073960267491227
499.99999999999994	0.030303030303030304	0.3797979797979798	0.07355276251783424
499.99999999999994	0.03535353535353535	0.3797979797979798	0.07314964553553624
499.99999999999994	0.04040404040404041	0.3797979797979798	0.07275153172632602
499.99999999999994	0.045454545454545456	0.3797979797979798	0.07235740128611247
499.99999999999994	0.050505050505050504	0.3797979797979798	0.07196607950746556
499.99999999999994	0.05555555555555555	0.3797979797979798	0.07158003087012364
499.99999999999994	0.06060606060606061	0.3797979797979798	0.0711982237334581
499.99999999999994	0.06565656565656566	0.3797979797979798	0.0708210996132633
499.99999999999994	0.0707070707070707	0.3797979797979798	0.07044748140880708
499.99999999999994	0.07575757575757576	0.3797979797979798	0.07007595166177251
499.99999999999994	0.08080808080808081	0.3797979797979798	0.06970997400054516
499.99999999999994	0.08585858585858586	0.3797979797979798	0.06934762132408673
499.99999999999994	0.09090909090909091	0.3797979797979798	0.06898915940189321
499.99999999999994	0.09595959595959595	0.3797979797979798	0.06863403881494466
499.99999999999994	0.10101010101010101	0.3797979797979798	0.0682818601143989
499.99999999999994	0.10606060606060606	0.3797979797979798	0.06793536115982553
499.99999999999994	0.1111111111111111	0.3797979797979798	0.06759128559816126
499.99999999999994	0.11616161616161616	0.3797979797979798	0.06725132268181487
499.99999999999994	0.12121212121212122	0.3797979797979798	0.06691440678373523
499.99999999999994	0.12626262626262627	0.3797979797979798	0.06657990944282192
499.99999999999994	0.13131313131313133	0.3797979797979798	0.0662497842289907
499.99999999999994	0.13636363636363635	0.3797979797979798	0.06592341459359949
499.99999999999994	0.1414141414141414	0.3797979797979798	0.06560007033811455
499.99999999999994	0.14646464646464646	0.3797979797979798	0.06528027104888935
499.99999999999994	0.15151515151515152	0.3797979797979798	0.06496387158038379
499.99999999999994	0.15656565656565657	0.3797979797979798	0.06464973947120012
499.99999999999994	0.16161616161616163	0.3797979797979798	0.06433900197093877
499.99999999999994	0.16666666666666666	0.3797979797979798	0.06403162083122012
499.99999999999994	0.1717171717171717	0.3797979797979798	0.06372665341754695
499.99999999999994	0.17676767676767677	0.3797979797979798	0.06342446990542984
499.99999999999994	0.18181818181818182	0.3797979797979798	0.06312581227492138
499.99999999999994	0.18686868686868688	0.3797979797979798	0.0628303017685223
499.99999999999994	0.1919191919191919	0.3797979797979798	0.06253714072039036
499.99999999999994	0.19696969696969696	0.3797979797979798	0.06224864559654178
499.99999999999994	0.20202020202020202	0.3797979797979798	0.06196261663530512
499.99999999999994	0.20707070707070707	0.3797979797979798	0.061679292482291086
499.99999999999994	0.21212121212121213	0.3797979797979798	0.06139821104382729
499.99999999999994	0.21717171717171718	0.3797979797979798	0.06111844886179165
499.99999999999994	0.2222222222222222	0.3797979797979798	0.06084445683397373
499.99999999999994	0.22727272727272727	0.3797979797979798	0.06057311708352626
499.99999999999994	0.23232323232323232	0.3797979797979798	0.06030270602835933
499.99999999999994	0.23737373737373738	0.3797979797979798	0.06003632400675997
499.99999999999994	0.24242424242424243	0.3797979797979798	0.05977148228963158
499.99999999999994	0.2474747474747475	0.3797979797979798	0.05951013033859498
499.99999999999994	0.25252525252525254	0.3797979797979798	0.05925120062132557
499.99999999999994	0.25757575757575757	0.3797979797979798	0.058995200035356764
499.99999999999994	0.26262626262626265	0.3797979797979798	0.05874176188461024
499.99999999999994	0.2676767676767677	0.3797979797979798	0.05848965536469604
499.99999999999994	0.2727272727272727	0.3797979797979798	0.0582408622459854
499.99999999999994	0.2777777777777778	0.3797979797979798	0.05799564512775823
499.99999999999994	0.2828282828282828	0.3797979797979798	0.05775385105611065
499.99999999999994	0.2878787878787879	0.3797979797979798	0.05751412956748003
499.99999999999994	0.29292929292929293	0.3797979797979798	0.05727626204956166
499.99999999999994	0.29797979797979796	0.3797979797979798	0.0570409777087283
499.99999999999994	0.30303030303030304	0.3797979797979798	0.05681002597323959
499.99999999999994	0.30808080808080807	0.3797979797979798	0.05657932542222774
499.99999999999994	0.31313131313131315	0.3797979797979798	0.056352319935447925
499.99999999999994	0.3181818181818182	0.3797979797979798	0.05612800122658387
499.99999999999994	0.32323232323232326	0.3797979797979798	0.05590458779513916
499.99999999999994	0.3282828282828283	0.3797979797979798	0.05568626891863597
499.99999999999994	0.3333333333333333	0.3797979797979798	0.05546843778844138
499.99999999999994	0.3383838383838384	0.3797979797979798	0.05525391672627138
499.99999999999994	0.3434343434343434	0.3797979797979798	0.05504006211186286
499.99999999999994	0.3484848484848485	0.3797979797979798	0.05483023520817353
499.99999999999994	0.35353535353535354	0.3797979797979798	0.05462223484823143
499.99999999999994	0.35858585858585856	0.3797979797979798	0.0544154435473438
499.99999999999994	0.36363636363636365	0.3797979797979798	0.05421219460409096
499.99999999999994	0.3686868686868687	0.3797979797979798	0.05401302034448018
499.99999999999994	0.37373737373737376	0.3797979797979798	0.053818400942125
499.99999999999994	0.3787878787878788	0.3797979797979798	0.05363928618381778
499.99999999999994	0.3838383838383838	0.3797979797979798	0.053483979860275754
499.99999999999994	0.3888888888888889	0.3797979797979798	0.05338239765773066
499.99999999999994	0.3939393939393939	0.3797979797979798	0.05339341915564245
499.99999999999994	0.398989898989899	0.3797979797979798	0.05364700349750825
499.99999999999994	0.40404040404040403	0.3797979797979798	0.05447807523205987
499.99999999999994	0.4090909090909091	0.3797979797979798	0.058708849422942765
499.99999999999994	0.41414141414141414	0.3797979797979798	0.07693646928787251
499.99999999999994	0.41919191919191917	0.3797979797979798	0.11742875589052738
499.99999999999994	0.42424242424242425	0.3797979797979798	0.18449936745720444
499.99999999999994	0.4292929292929293	0.3797979797979798	0.26873632309046597
499.99999999999994	0.43434343434343436	0.3797979797979798	0.36188302325764155
499.99999999999994	0.4393939393939394	0.3797979797979798	0.45942231042352
499.99999999999994	0.4444444444444444	0.3797979797979798	0.5586054812738593
499.99999999999994	0.4494949494949495	0.3797979797979798	0.6565852559043204
499.99999999999994	0.45454545454545453	0.3797979797979798	0.7424598884954051
499.99999999999994	0.4595959595959596	0.3797979797979798	NaN
499.99999999999994	0.46464646464646464	0.3797979797979798	NaN
499.99999999999994	0.4696969696969697	0.3797979797979798	NaN
499.99999999999994	0.47474747474747475	0.3797979797979798	NaN
499.99999999999994	0.4797979797979798	0.3797979797979798	NaN
499.99999999999994	0.48484848484848486	0.3797979797979798	NaN
499.99999999999994	0.4898989898989899	0.3797979797979798	NaN
499.99999999999994	0.494949494949495	0.3797979797979798	NaN
499.99999999999994	0.5	0.3797979797979798	NaN
499.99999999999994	0.0	0.3878787878787879	0.07606773043275138
499.99999999999994	0.005050505050505051	0.3878787878787879	0.07563716764288503
499.99999999999994	0.010101010101010102	0.3878787878787879	0.07521163959656306
499.99999999999994	0.015151515151515152	0.3878787878787879	0.0747907762141064
499.99999999999994	0.020202020202020204	0.3878787878787879	0.07437454311576948
499.99999999999994	0.025252525252525252	0.3878787878787879	0.07396244721996992
499.99999999999994	0.030303030303030304	0.3878787878787879	0.0735553138146887
499.99999999999994	0.03535353535353535	0.3878787878787879	0.07315284317462988
499.99999999999994	0.04040404040404041	0.3878787878787879	0.07275529578339515
499.99999999999994	0.045454545454545456	0.3878787878787879	0.07236178624398922
499.99999999999994	0.050505050505050504	0.3878787878787879	0.07197095105345347
499.99999999999994	0.05555555555555555	0.3878787878787879	0.07158537434483518
499.99999999999994	0.06060606060606061	0.3878787878787879	0.07120398252468431
499.99999999999994	0.06565656565656566	0.3878787878787879	0.07082740345897227
499.99999999999994	0.0707070707070707	0.3878787878787879	0.0704543891527254
499.99999999999994	0.07575757575757576	0.3878787878787879	0.07008340536251079
499.99999999999994	0.08080808080808081	0.3878787878787879	0.06971796613485959
499.99999999999994	0.08585858585858586	0.3878787878787879	0.06935672712158061
499.99999999999994	0.09090909090909091	0.3878787878787879	0.068998532044184
499.99999999999994	0.09595959595959595	0.3878787878787879	0.06864403660417988
499.99999999999994	0.10101010101010101	0.3878787878787879	0.06829208118923397
499.99999999999994	0.10606060606060606	0.3878787878787879	0.06794574485949045
499.99999999999994	0.1111111111111111	0.3878787878787879	0.06760233134047983
499.99999999999994	0.11616161616161616	0.3878787878787879	0.06726278963945165
499.99999999999994	0.12121212121212122	0.3878787878787879	0.06692650875413932
499.99999999999994	0.12626262626262627	0.3878787878787879	0.0665928520484552
499.99999999999994	0.13131313131313133	0.3878787878787879	0.06626290486906257
499.99999999999994	0.13636363636363635	0.3878787878787879	0.06593636799065782
499.99999999999994	0.1414141414141414	0.3878787878787879	0.06561351199314018
499.99999999999994	0.14646464646464646	0.3878787878787879	0.0652940397394294
499.99999999999994	0.15151515151515152	0.3878787878787879	0.0649780783015318
499.99999999999994	0.15656565656565657	0.3878787878787879	0.06466476092745055
499.99999999999994	0.16161616161616163	0.3878787878787879	0.06435400416986715
499.99999999999994	0.16666666666666666	0.3878787878787879	0.06404714011667491
499.99999999999994	0.1717171717171717	0.3878787878787879	0.06374246898969767
499.99999999999994	0.17676767676767677	0.3878787878787879	0.06344090461400025
499.99999999999994	0.18181818181818182	0.3878787878787879	0.0631412879437332
499.99999999999994	0.18686868686868688	0.3878787878787879	0.06284769893459312
499.99999999999994	0.1919191919191919	0.3878787878787879	0.0625565511851373
499.99999999999994	0.19696969696969696	0.3878787878787879	0.06226781916335842
499.99999999999994	0.20202020202020202	0.3878787878787879	0.06198183702864856
499.99999999999994	0.20707070707070707	0.3878787878787879	0.06169750605628273
499.99999999999994	0.21212121212121213	0.3878787878787879	0.06141645288191816
499.99999999999994	0.21717171717171718	0.3878787878787879	0.06114081503195919
499.99999999999994	0.2222222222222222	0.3878787878787879	0.060866338803874896
499.99999999999994	0.22727272727272727	0.3878787878787879	0.06059235318138408
499.99999999999994	0.23232323232323232	0.3878787878787879	0.06032428016964655
499.99999999999994	0.23737373737373738	0.3878787878787879	0.06005726454690148
499.99999999999994	0.24242424242424243	0.3878787878787879	0.05979473634944801
499.99999999999994	0.2474747474747475	0.3878787878787879	0.05953198588009365
499.99999999999994	0.25252525252525254	0.3878787878787879	0.059275895980870325
499.99999999999994	0.25757575757575757	0.3878787878787879	0.05901890108518205
499.99999999999994	0.26262626262626265	0.3878787878787879	0.058766625840238444
499.99999999999994	0.2676767676767677	0.3878787878787879	0.05851599990009744
499.99999999999994	0.2727272727272727	0.3878787878787879	0.05826909292330865
499.99999999999994	0.2777777777777778	0.3878787878787879	0.05802494081775956
499.99999999999994	0.2828282828282828	0.3878787878787879	0.05778194472438281
499.99999999999994	0.2878787878787879	0.3878787878787879	0.057542700850553734
499.99999999999994	0.29292929292929293	0.3878787878787879	0.05730451131094069
499.99999999999994	0.29797979797979796	0.3878787878787879	0.057071541347965674
499.99999999999994	0.30303030303030304	0.3878787878787879	0.05684028501641618
499.99999999999994	0.30808080808080807	0.3878787878787879	0.05661078411603463
499.99999999999994	0.31313131313131315	0.3878787878787879	0.056383742216216705
499.99999999999994	0.3181818181818182	0.3878787878787879	0.05615849264090277
499.99999999999994	0.32323232323232326	0.3878787878787879	0.05593906753309111
499.99999999999994	0.3282828282828283	0.3878787878787879	0.055719641491015166
499.99999999999994	0.3333333333333333	0.3878787878787879	0.05550217006037028
499.99999999999994	0.3383838383838384	0.3878787878787879	0.05528836259518065
499.99999999999994	0.3434343434343434	0.3878787878787879	0.05507581395933249
499.99999999999994	0.3484848484848485	0.3878787878787879	0.0548662282344447
499.99999999999994	0.35353535353535354	0.3878787878787879	0.054658169002493394
499.99999999999994	0.35858585858585856	0.3878787878787879	0.0544519411202921
499.99999999999994	0.36363636363636365	0.3878787878787879	0.05425085659771919
499.99999999999994	0.3686868686868687	0.3878787878787879	0.05405499223254688
499.99999999999994	0.37373737373737376	0.3878787878787879	0.053870404178220505
499.99999999999994	0.3787878787878788	0.3878787878787879	0.05370986422347926
499.99999999999994	0.3838383838383838	0.3878787878787879	0.05359724550323932
499.99999999999994	0.3888888888888889	0.3878787878787879	0.053588236940534446
499.99999999999994	0.3939393939393939	0.3878787878787879	0.05380033158194783
499.99999999999994	0.398989898989899	0.3878787878787879	0.05452702459175217
499.99999999999994	0.40404040404040403	0.3878787878787879	0.05745407148819683
499.99999999999994	0.4090909090909091	0.3878787878787879	0.0740987279392585
499.99999999999994	0.41414141414141414	0.3878787878787879	0.11164284107476538
499.99999999999994	0.41919191919191917	0.3878787878787879	0.17633950941268015
499.99999999999994	0.42424242424242425	0.3878787878787879	0.2594129384297507
499.99999999999994	0.4292929292929293	0.3878787878787879	0.3521030610918373
499.99999999999994	0.43434343434343436	0.3878787878787879	0.44956301666305026
499.99999999999994	0.4393939393939394	0.3878787878787879	0.5489327601328025
499.99999999999994	0.4444444444444444	0.3878787878787879	0.6474987480712521
499.99999999999994	0.4494949494949495	0.3878787878787879	0.736909944838047
499.99999999999994	0.45454545454545453	0.3878787878787879	NaN
499.99999999999994	0.4595959595959596	0.3878787878787879	NaN
499.99999999999994	0.46464646464646464	0.3878787878787879	NaN
499.99999999999994	0.4696969696969697	0.3878787878787879	NaN
499.99999999999994	0.47474747474747475	0.3878787878787879	NaN
499.99999999999994	0.4797979797979798	0.3878787878787879	NaN
499.99999999999994	0.48484848484848486	0.3878787878787879	NaN
499.99999999999994	0.4898989898989899	0.3878787878787879	NaN
499.99999999999994	0.494949494949495	0.3878787878787879	NaN
499.99999999999994	0.5	0.3878787878787879	NaN
499.99999999999994	0.0	0.39595959595959596	0.0760683130294371
499.99999999999994	0.005050505050505051	0.39595959595959596	0.07563808750039991
499.99999999999994	0.010101010101010102	0.39595959595959596	0.07521314521351401
499.99999999999994	0.015151515151515152	0.39595959595959596	0.07479304876188209
499.99999999999994	0.020202020202020204	0.39595959595959596	0.07437734193743199
499.99999999999994	0.025252525252525252	0.39595959595959596	0.07396520812651154
499.99999999999994	0.030303030303030304	0.39595959595959596	0.07355812989972674
499.99999999999994	0.03535353535353535	0.39595959595959596	0.07315633749794535
499.99999999999994	0.04040404040404041	0.39595959595959596	0.07275939407494182
499.99999999999994	0.045454545454545456	0.39595959595959596	0.07236652892163702
499.99999999999994	0.050505050505050504	0.39595959595959596	0.0719761463519153
499.99999999999994	0.05555555555555555	0.39595959595959596	0.07159125956573326
499.99999999999994	0.06060606060606061	0.39595959595959596	0.07121001837366071
499.99999999999994	0.06565656565656566	0.39595959595959596	0.07083400242362677
499.99999999999994	0.0707070707070707	0.39595959595959596	0.07046161263740662
499.99999999999994	0.07575757575757576	0.39595959595959596	0.070091363396365
499.99999999999994	0.08080808080808081	0.39595959595959596	0.0697272818770749
499.99999999999994	0.08585858585858586	0.39595959595959596	0.06936558198514986
499.99999999999994	0.09090909090909091	0.39595959595959596	0.06900828150754044
499.99999999999994	0.09595959595959595	0.39595959595959596	0.0686543722926095
499.99999999999994	0.10101010101010101	0.39595959595959596	0.06830265987692513
499.99999999999994	0.10606060606060606	0.39595959595959596	0.06795633543779793
499.99999999999994	0.1111111111111111	0.39595959595959596	0.06761355410971276
499.99999999999994	0.11616161616161616	0.39595959595959596	0.0672744125482812
499.99999999999994	0.12121212121212122	0.39595959595959596	0.066938740264638
499.99999999999994	0.12626262626262627	0.39595959595959596	0.06660601033927822
499.99999999999994	0.13131313131313133	0.39595959595959596	0.06627612076839544
499.99999999999994	0.13636363636363635	0.39595959595959596	0.06595032386545774
499.99999999999994	0.1414141414141414	0.39595959595959596	0.06562697305913288
499.99999999999994	0.14646464646464646	0.39595959595959596	0.06530772281952163
499.99999999999994	0.15151515151515152	0.39595959595959596	0.06499213044955628
499.99999999999994	0.15656565656565657	0.39595959595959596	0.06467955293936375
499.99999999999994	0.16161616161616163	0.39595959595959596	0.06436912329940912
499.99999999999994	0.16666666666666666	0.39595959595959596	0.06406196431503376
499.99999999999994	0.1717171717171717	0.39595959595959596	0.06375779946220218
499.99999999999994	0.17676767676767677	0.39595959595959596	0.06345811935014513
499.99999999999994	0.18181818181818182	0.39595959595959596	0.06316104489936711
499.99999999999994	0.18686868686868688	0.39595959595959596	0.06286678143880592
499.99999999999994	0.1919191919191919	0.39595959595959596	0.06257574803588291
499.99999999999994	0.19696969696969696	0.39595959595959596	0.06228702112040352
499.99999999999994	0.20202020202020202	0.39595959595959596	0.062000274879308724
499.99999999999994	0.20707070707070707	0.39595959595959596	0.06171814135867975
499.99999999999994	0.21212121212121213	0.39595959595959596	0.06143891062185805
499.99999999999994	0.21717171717171718	0.39595959595959596	0.06116110044890776
499.99999999999994	0.2222222222222222	0.39595959595959596	0.0608855184395662
499.99999999999994	0.22727272727272727	0.39595959595959596	0.060615842650099956
499.99999999999994	0.23232323232323232	0.39595959595959596	0.060346033258660926
499.99999999999994	0.23737373737373738	0.39595959595959596	0.06008152650586397
499.99999999999994	0.24242424242424243	0.39595959595959596	0.0598165030092248
499.99999999999994	0.2474747474747475	0.39595959595959596	0.05955723834405977
499.99999999999994	0.25252525252525254	0.39595959595959596	0.0593001452631898
499.99999999999994	0.25757575757575757	0.39595959595959596	0.059044136421777936
499.99999999999994	0.26262626262626265	0.39595959595959596	0.05879270815886582
499.99999999999994	0.2676767676767677	0.39595959595959596	0.05854323474606263
499.99999999999994	0.2727272727272727	0.39595959595959596	0.058296311189822474
499.99999999999994	0.2777777777777778	0.39595959595959596	0.05804998695019504
499.99999999999994	0.2828282828282828	0.39595959595959596	0.05781001116589536
499.99999999999994	0.2878787878787879	0.39595959595959596	0.05757046846147078
499.99999999999994	0.29292929292929293	0.39595959595959596	0.05733428820676582
499.99999999999994	0.29797979797979796	0.39595959595959596	0.057102060578217186
499.99999999999994	0.30303030303030304	0.39595959595959596	0.05687122432016423
499.99999999999994	0.30808080808080807	0.39595959595959596	0.05664239231937221
499.99999999999994	0.31313131313131315	0.39595959595959596	0.05641603450731556
499.99999999999994	0.3181818181818182	0.39595959595959596	0.056193722828072376
499.99999999999994	0.32323232323232326	0.39595959595959596	0.05597298066508147
499.99999999999994	0.3282828282828283	0.39595959595959596	0.055753908183263375
499.99999999999994	0.3333333333333333	0.39595959595959596	0.0555376588163687
499.99999999999994	0.3383838383838384	0.39595959595959596	0.055322959795891496
499.99999999999994	0.3434343434343434	0.39595959595959596	0.05511222019278445
499.99999999999994	0.3484848484848485	0.39595959595959596	0.054902484125550065
499.99999999999994	0.35353535353535354	0.39595959595959596	0.05469355191509181
499.99999999999994	0.35858585858585856	0.39595959595959596	0.054489883515397464
499.99999999999994	0.36363636363636365	0.39595959595959596	0.05429175702059566
499.99999999999994	0.3686868686868687	0.39595959595959596	0.054104608989588826
499.99999999999994	0.37373737373737376	0.39595959595959596	0.05393731464888617
499.99999999999994	0.3787878787878788	0.39595959595959596	0.05381558310022577
499.99999999999994	0.3838383838383838	0.39595959595959596	0.05378772873810539
499.99999999999994	0.3888888888888889	0.39595959595959596	0.053961746852501165
499.99999999999994	0.3939393939393939	0.39595959595959596	0.0545971966034944
499.99999999999994	0.398989898989899	0.39595959595959596	0.056789849367550695
499.99999999999994	0.40404040404040403	0.39595959595959596	0.07151425758812577
499.99999999999994	0.4090909090909091	0.39595959595959596	0.1061778065689485
499.99999999999994	0.41414141414141414	0.39595959595959596	0.16835110691982325
499.99999999999994	0.41919191919191917	0.39595959595959596	0.2501492742606876
499.99999999999994	0.42424242424242425	0.39595959595959596	0.34232667108021175
499.99999999999994	0.4292929292929293	0.39595959595959596	0.4396759201448867
499.99999999999994	0.43434343434343436	0.39595959595959596	0.5392044093606413
499.99999999999994	0.4393939393939394	0.39595959595959596	0.6382905563446236
499.99999999999994	0.4444444444444444	0.39595959595959596	0.7302435881870002
499.99999999999994	0.4494949494949495	0.39595959595959596	NaN
499.99999999999994	0.45454545454545453	0.39595959595959596	NaN
499.99999999999994	0.4595959595959596	0.39595959595959596	NaN
499.99999999999994	0.46464646464646464	0.39595959595959596	NaN
499.99999999999994	0.4696969696969697	0.39595959595959596	NaN
499.99999999999994	0.47474747474747475	0.39595959595959596	NaN
499.99999999999994	0.4797979797979798	0.39595959595959596	NaN
499.99999999999994	0.48484848484848486	0.39595959595959596	NaN
499.99999999999994	0.4898989898989899	0.39595959595959596	NaN
499.99999999999994	0.494949494949495	0.39595959595959596	NaN
499.99999999999994	0.5	0.39595959595959596	NaN
499.99999999999994	0.0	0.40404040404040403	0.07606934277710428
499.99999999999994	0.005050505050505051	0.40404040404040403	0.0756394587565498
499.99999999999994	0.010101010101010102	0.40404040404040403	0.0752150615941915
499.99999999999994	0.015151515151515152	0.40404040404040403	0.07479573774876636
499.99999999999994	0.020202020202020204	0.40404040404040403	0.07438075977904197
499.99999999999994	0.025252525252525252	0.40404040404040403	0.07396915871188417
499.99999999999994	0.030303030303030304	0.40404040404040403	0.07356267618196115
499.99999999999994	0.03535353535353535	0.40404040404040403	0.07316040900861161
499.99999999999994	0.04040404040404041	0.40404040404040403	0.07276376085842408
499.99999999999994	0.045454545454545456	0.40404040404040403	0.07237156693984167
499.99999999999994	0.050505050505050504	0.40404040404040403	0.07198159256282682
499.99999999999994	0.05555555555555555	0.40404040404040403	0.0715974201780212
499.99999999999994	0.06060606060606061	0.40404040404040403	0.0712163127329345
499.99999999999994	0.06565656565656566	0.40404040404040403	0.07084082693988544
499.99999999999994	0.0707070707070707	0.40404040404040403	0.07046908992752021
499.99999999999994	0.07575757575757576	0.40404040404040403	0.0701000375088031
499.99999999999994	0.08080808080808081	0.40404040404040403	0.06973604244681907
499.99999999999994	0.08585858585858586	0.40404040404040403	0.06937487287534339
499.99999999999994	0.09090909090909091	0.40404040404040403	0.06901827527934658
499.99999999999994	0.09595959595959595	0.40404040404040403	0.06866495817354505
499.99999999999994	0.10101010101010101	0.40404040404040403	0.06831371733322023
499.99999999999994	0.10606060606060606	0.40404040404040403	0.06796765250107152
499.99999999999994	0.1111111111111111	0.40404040404040403	0.06762494322148417
499.99999999999994	0.11616161616161616	0.40404040404040403	0.06728621313829236
499.99999999999994	0.12121212121212122	0.40404040404040403	0.06695094254361449
499.99999999999994	0.12626262626262627	0.40404040404040403	0.06661922876807307
499.99999999999994	0.13131313131313133	0.40404040404040403	0.06628942720353258
499.99999999999994	0.13636363636363635	0.40404040404040403	0.0659642333140225
499.99999999999994	0.1414141414141414	0.40404040404040403	0.06564129405977316
499.99999999999994	0.14646464646464646	0.40404040404040403	0.06532175908434348
499.99999999999994	0.15151515151515152	0.40404040404040403	0.0650057765454236
499.99999999999994	0.15656565656565657	0.40404040404040403	0.06469384541049181
499.99999999999994	0.16161616161616163	0.40404040404040403	0.06438384587346153
499.99999999999994	0.16666666666666666	0.40404040404040403	0.0640778040147461
499.99999999999994	0.1717171717171717	0.40404040404040403	0.06377578227812278
499.99999999999994	0.17676767676767677	0.40404040404040403	0.06347653713071007
499.99999999999994	0.18181818181818182	0.40404040404040403	0.06317998232358177
499.99999999999994	0.18686868686868688	0.40404040404040403	0.06288543095879229
499.99999999999994	0.1919191919191919	0.40404040404040403	0.06259349947549316
499.99999999999994	0.19696969696969696	0.40404040404040403	0.06230444829014634
499.99999999999994	0.20202020202020202	0.40404040404040403	0.06202047407982769
499.99999999999994	0.20707070707070707	0.40404040404040403	0.06173858739626154
499.99999999999994	0.21212121212121213	0.40404040404040403	0.06145764072941248
499.99999999999994	0.21717171717171718	0.40404040404040403	0.061182127128931854
499.99999999999994	0.2222222222222222	0.40404040404040403	0.06090929637056868
499.99999999999994	0.22727272727272727	0.40404040404040403	0.06063666191494412
499.99999999999994	0.23232323232323232	0.40404040404040403	0.060368912647022786
499.99999999999994	0.23737373737373738	0.40404040404040403	0.06010396475607732
499.99999999999994	0.24242424242424243	0.40404040404040403	0.05984061160391425
499.99999999999994	0.2474747474747475	0.40404040404040403	0.059582452945641275
499.99999999999994	0.25252525252525254	0.40404040404040403	0.05932509927777344
499.99999999999994	0.25757575757575757	0.40404040404040403	0.05906976267498232
499.99999999999994	0.26262626262626265	0.40404040404040403	0.058819031598257035
499.99999999999994	0.2676767676767677	0.40404040404040403	0.05856915326688653
499.99999999999994	0.2727272727272727	0.40404040404040403	0.0583228138068887
499.99999999999994	0.2777777777777778	0.40404040404040403	0.0580807829138305
499.99999999999994	0.2828282828282828	0.40404040404040403	0.057839249778954126
499.99999999999994	0.2878787878787879	0.40404040404040403	0.05760009784536901
499.99999999999994	0.29292929292929293	0.40404040404040403	0.057364954471420974
499.99999999999994	0.29797979797979796	0.40404040404040403	0.0571326992392712
499.99999999999994	0.30303030303030304	0.40404040404040403	0.056901962183300396
499.99999999999994	0.30808080808080807	0.40404040404040403	0.05667473246939795
499.99999999999994	0.31313131313131315	0.40404040404040403	0.05644876884897177
499.99999999999994	0.3181818181818182	0.40404040404040403	0.0562277473849164
499.99999999999994	0.32323232323232326	0.40404040404040403	0.05600708500774874
499.99999999999994	0.3282828282828283	0.40404040404040403	0.055789314669379995
499.99999999999994	0.3333333333333333	0.40404040404040403	0.05557218695590632
499.99999999999994	0.3383838383838384	0.40404040404040403	0.05535910251773526
499.99999999999994	0.3434343434343434	0.40404040404040403	0.055148270279086725
499.99999999999994	0.3484848484848485	0.40404040404040403	0.05493829360330074
499.99999999999994	0.35353535353535354	0.40404040404040403	0.05473211262387386
499.99999999999994	0.35858585858585856	0.40404040404040403	0.05453001620622267
499.99999999999994	0.36363636363636365	0.40404040404040403	0.05433992189617201
499.99999999999994	0.3686868686868687	0.40404040404040403	0.054167600241280985
499.99999999999994	0.37373737373737376	0.40404040404040403	0.05403628875620816
499.99999999999994	0.3787878787878788	0.40404040404040403	0.05399101427747403
499.99999999999994	0.3838383838383838	0.40404040404040403	0.05413083964012237
499.99999999999994	0.3888888888888889	0.40404040404040403	0.054685512834347125
499.99999999999994	0.3939393939393939	0.40404040404040403	0.056468727237864585
499.99999999999994	0.398989898989899	0.40404040404040403	0.06916211395068272
499.99999999999994	0.40404040404040403	0.40404040404040403	0.1010437924089937
499.99999999999994	0.4090909090909091	0.40404040404040403	0.1605513449157773
499.99999999999994	0.41414141414141414	0.40404040404040403	0.240954173358109
499.99999999999994	0.41919191919191917	0.40404040404040403	0.332558135416561
499.99999999999994	0.42424242424242425	0.40404040404040403	0.42976367112616354
499.99999999999994	0.4292929292929293	0.40404040404040403	0.5294237773302052
499.99999999999994	0.43434343434343436	0.40404040404040403	0.6289736438230882
499.99999999999994	0.4393939393939394	0.40404040404040403	0.7228686431698481
499.99999999999994	0.4444444444444444	0.40404040404040403	NaN
499.99999999999994	0.4494949494949495	0.40404040404040403	NaN
499.99999999999994	0.45454545454545453	0.40404040404040403	NaN
499.99999999999994	0.4595959595959596	0.40404040404040403	NaN
499.99999999999994	0.46464646464646464	0.40404040404040403	NaN
499.99999999999994	0.4696969696969697	0.40404040404040403	NaN
499.99999999999994	0.47474747474747475	0.40404040404040403	NaN
499.99999999999994	0.4797979797979798	0.40404040404040403	NaN
499.99999999999994	0.48484848484848486	0.40404040404040403	NaN
499.99999999999994	0.4898989898989899	0.40404040404040403	NaN
499.99999999999994	0.494949494949495	0.40404040404040403	NaN
499.99999999999994	0.5	0.40404040404040403	NaN
499.99999999999994	0.0	0.4121212121212121	0.07607088601274754
499.99999999999994	0.005050505050505051	0.4121212121212121	0.07564148782081609
499.99999999999994	0.010101010101010102	0.4121212121212121	0.07521749113669235
499.99999999999994	0.015151515151515152	0.4121212121212121	0.07479888092775763
499.99999999999994	0.020202020202020204	0.4121212121212121	0.07438463295279986
499.99999999999994	0.025252525252525252	0.4121212121212121	0.07397347994782519
499.99999999999994	0.030303030303030304	0.4121212121212121	0.07356781831530097
499.99999999999994	0.03535353535353535	0.4121212121212121	0.07316571052946366
499.99999999999994	0.04040404040404041	0.4121212121212121	0.07276952182293021
499.99999999999994	0.045454545454545456	0.4121212121212121	0.07237755797245338
499.99999999999994	0.050505050505050504	0.4121212121212121	0.07198753712785907
499.99999999999994	0.05555555555555555	0.4121212121212121	0.07160386135569567
499.99999999999994	0.06060606060606061	0.4121212121212121	0.07122282021073995
499.99999999999994	0.06565656565656566	0.4121212121212121	0.07084783901166297
499.99999999999994	0.0707070707070707	0.4121212121212121	0.07047783247365129
499.99999999999994	0.07575757575757576	0.4121212121212121	0.07010896575602789
499.99999999999994	0.08080808080808081	0.4121212121212121	0.0697449469029997
499.99999999999994	0.08585858585858586	0.4121212121212121	0.06938443982860694
499.99999999999994	0.09090909090909091	0.4121212121212121	0.06902840025650475
499.99999999999994	0.09595959595959595	0.4121212121212121	0.06867567910722232
499.99999999999994	0.10101010101010101	0.4121212121212121	0.06832529143652671
499.99999999999994	0.10606060606060606	0.4121212121212121	0.0679794464002223
499.99999999999994	0.1111111111111111	0.4121212121212121	0.0676366335799811
499.99999999999994	0.11616161616161616	0.4121212121212121	0.06729835029023377
499.99999999999994	0.12121212121212122	0.4121212121212121	0.06696331270566178
499.99999999999994	0.12626262626262627	0.4121212121212121	0.0666323200321807
499.99999999999994	0.13131313131313133	0.4121212121212121	0.06630317562594737
499.99999999999994	0.13636363636363635	0.4121212121212121	0.06597789090749974
499.99999999999994	0.1414141414141414	0.4121212121212121	0.06565584005453826
499.99999999999994	0.14646464646464646	0.4121212121212121	0.06533673059788846
499.99999999999994	0.15151515151515152	0.4121212121212121	0.06501969703373386
499.99999999999994	0.15656565656565657	0.4121212121212121	0.06470884405070323
499.99999999999994	0.16161616161616163	0.4121212121212121	0.06440099080260729
499.99999999999994	0.16666666666666666	0.4121212121212121	0.06409570175637001
499.99999999999994	0.1717171717171717	0.4121212121212121	0.06379339461095912
499.99999999999994	0.17676767676767677	0.4121212121212121	0.06349368032220055
499.99999999999994	0.18181818181818182	0.4121212121212121	0.06319724653637901
499.99999999999994	0.18686868686868688	0.4121212121212121	0.06290241548006145
499.99999999999994	0.1919191919191919	0.4121212121212121	0.06261205310496057
499.99999999999994	0.19696969696969696	0.4121212121212121	0.06232508107884733
499.99999999999994	0.20202020202020202	0.4121212121212121	0.0620407271199172
499.99999999999994	0.20707070707070707	0.4121212121212121	0.06175737361380449
499.99999999999994	0.21212121212121213	0.4121212121212121	0.061480354777131756
499.99999999999994	0.21717171717171718	0.4121212121212121	0.06120406887349936
499.99999999999994	0.2222222222222222	0.4121212121212121	0.060929925330966604
499.99999999999994	0.22727272727272727	0.4121212121212121	0.060660764070139386
499.99999999999994	0.23232323232323232	0.4121212121212121	0.060393377791387544
499.99999999999994	0.23737373737373738	0.4121212121212121	0.06012639174591475
499.99999999999994	0.24242424242424243	0.4121212121212121	0.05986589511463406
499.99999999999994	0.2474747474747475	0.4121212121212121	0.05960756774939967
499.99999999999994	0.25252525252525254	0.4121212121212121	0.05935097669578628
499.99999999999994	0.25757575757575757	0.4121212121212121	0.059096350447893964
499.99999999999994	0.26262626262626265	0.4121212121212121	0.05884455738749544
499.99999999999994	0.2676767676767677	0.4121212121212121	0.05859781103266862
499.99999999999994	0.2727272727272727	0.4121212121212121	0.058351767477583256
499.99999999999994	0.2777777777777778	0.4121212121212121	0.05810866901339491
499.99999999999994	0.2828282828282828	0.4121212121212121	0.05786850012563147
499.99999999999994	0.2878787878787879	0.4121212121212121	0.05763053718607331
499.99999999999994	0.29292929292929293	0.4121212121212121	0.05739500686443527
499.99999999999994	0.29797979797979796	0.4121212121212121	0.05716313167553593
499.99999999999994	0.30303030303030304	0.4121212121212121	0.05693518780627393
499.99999999999994	0.30808080808080807	0.4121212121212121	0.056707330653200376
499.99999999999994	0.31313131313131315	0.4121212121212121	0.05648365320065171
499.99999999999994	0.3181818181818182	0.4121212121212121	0.056261058029917
499.99999999999994	0.32323232323232326	0.4121212121212121	0.05604186707410845
499.99999999999994	0.3282828282828283	0.4121212121212121	0.05582334162750835
499.99999999999994	0.3333333333333333	0.4121212121212121	0.055608655923717165
499.99999999999994	0.3383838383838384	0.4121212121212121	0.05539511968275121
499.99999999999994	0.3434343434343434	0.4121212121212121	0.055184376832305024
499.99999999999994	0.3484848484848485	0.4121212121212121	0.05497639790200179
499.99999999999994	0.35353535353535354	0.4121212121212121	0.054771882868258626
499.99999999999994	0.35858585858585856	0.4121212121212121	0.05457680341902949
499.99999999999994	0.36363636363636365	0.4121212121212121	0.054400765586042725
499.99999999999994	0.3686868686868687	0.4121212121212121	0.05426079762465175
499.99999999999994	0.37373737373737376	0.4121212121212121	0.05419944553851662
499.99999999999994	0.3787878787878788	0.4121212121212121	0.05430687976927073
499.99999999999994	0.3838383838383838	0.4121212121212121	0.054789543917902604
499.99999999999994	0.3888888888888889	0.4121212121212121	0.056292622376206816
499.99999999999994	0.3939393939393939	0.4121212121212121	0.06702106623948643
499.99999999999994	0.398989898989899	0.4121212121212121	0.09624724932454405
499.99999999999994	0.40404040404040403	0.4121212121212121	0.1529583114032678
499.99999999999994	0.4090909090909091	0.4121212121212121	0.23183727234623763
499.99999999999994	0.41414141414141414	0.4121212121212121	0.3228020677177832
499.99999999999994	0.41919191919191917	0.4121212121212121	0.4198289964588321
499.99999999999994	0.42424242424242425	0.4121212121212121	0.5195939629775527
499.99999999999994	0.4292929292929293	0.4121212121212121	0.6195584993660814
499.99999999999994	0.43434343434343436	0.4121212121212121	0.714999829940771
499.99999999999994	0.4393939393939394	0.4121212121212121	NaN
499.99999999999994	0.4444444444444444	0.4121212121212121	NaN
499.99999999999994	0.4494949494949495	0.4121212121212121	NaN
499.99999999999994	0.45454545454545453	0.4121212121212121	NaN
499.99999999999994	0.4595959595959596	0.4121212121212121	NaN
499.99999999999994	0.46464646464646464	0.4121212121212121	NaN
499.99999999999994	0.4696969696969697	0.4121212121212121	NaN
499.99999999999994	0.47474747474747475	0.4121212121212121	NaN
499.99999999999994	0.4797979797979798	0.4121212121212121	NaN
499.99999999999994	0.48484848484848486	0.4121212121212121	NaN
499.99999999999994	0.4898989898989899	0.4121212121212121	NaN
499.99999999999994	0.494949494949495	0.4121212121212121	NaN
499.99999999999994	0.5	0.4121212121212121	NaN
499.99999999999994	0.0	0.4202020202020202	0.07607284295697836
499.99999999999994	0.005050505050505051	0.4202020202020202	0.07564434731812296
499.99999999999994	0.010101010101010102	0.4202020202020202	0.07522043520697226
499.99999999999994	0.015151515151515152	0.4202020202020202	0.0748024523717165
499.99999999999994	0.020202020202020204	0.4202020202020202	0.0743889514928725
499.99999999999994	0.025252525252525252	0.4202020202020202	0.07397817644288329
499.99999999999994	0.030303030303030304	0.4202020202020202	0.07357334568039074
499.99999999999994	0.03535353535353535	0.4202020202020202	0.07317130645192427
499.99999999999994	0.04040404040404041	0.4202020202020202	0.07277574845640948
499.99999999999994	0.045454545454545456	0.4202020202020202	0.07238450753865787
499.99999999999994	0.050505050505050504	0.4202020202020202	0.07199536725352476
499.99999999999994	0.05555555555555555	0.4202020202020202	0.07161187012969869
499.99999999999994	0.06060606060606061	0.4202020202020202	0.07123104252690655
499.99999999999994	0.06565656565656566	0.4202020202020202	0.07085814477511032
499.99999999999994	0.0707070707070707	0.4202020202020202	0.070486789176014
499.99999999999994	0.07575757575757576	0.4202020202020202	0.07011809506454089
499.99999999999994	0.08080808080808081	0.4202020202020202	0.0697542055330373
499.99999999999994	0.08585858585858586	0.4202020202020202	0.0693941847748616
499.99999999999994	0.09090909090909091	0.4202020202020202	0.06903854077547822
499.99999999999994	0.09595959595959595	0.4202020202020202	0.06868643719060338
499.99999999999994	0.10101010101010101	0.4202020202020202	0.06833688473722194
499.99999999999994	0.10606060606060606	0.4202020202020202	0.06799127465835313
499.99999999999994	0.1111111111111111	0.4202020202020202	0.0676493410219244
499.99999999999994	0.11616161616161616	0.4202020202020202	0.06731036855826555
499.99999999999994	0.12121212121212122	0.4202020202020202	0.06697559171619526
499.99999999999994	0.12626262626262627	0.4202020202020202	0.0666450271881687
499.99999999999994	0.13131313131313133	0.4202020202020202	0.06631671994537386
499.99999999999994	0.13636363636363635	0.4202020202020202	0.06599112752215815
499.99999999999994	0.1414141414141414	0.4202020202020202	0.06567036332290417
499.99999999999994	0.14646464646464646	0.4202020202020202	0.06535289102568284
499.99999999999994	0.15151515151515152	0.4202020202020202	0.06503835598454616
499.99999999999994	0.15656565656565657	0.4202020202020202	0.0647267698683877
499.99999999999994	0.16161616161616163	0.4202020202020202	0.06441884893154572
499.99999999999994	0.16666666666666666	0.4202020202020202	0.06411351213116301
499.99999999999994	0.1717171717171717	0.4202020202020202	0.06381109815286877
499.99999999999994	0.17676767676767677	0.4202020202020202	0.06351090871563542
499.99999999999994	0.18181818181818182	0.4202020202020202	0.06321393347977323
499.99999999999994	0.18686868686868688	0.4202020202020202	0.06292288565338686
499.99999999999994	0.1919191919191919	0.4202020202020202	0.06263356263822407
499.99999999999994	0.19696969696969696	0.4202020202020202	0.062345779507426105
499.99999999999994	0.20202020202020202	0.4202020202020202	0.062061103292208014
499.99999999999994	0.20707070707070707	0.4202020202020202	0.06178108228551166
499.99999999999994	0.21212121212121213	0.4202020202020202	0.06150069683527865
499.99999999999994	0.21717171717171718	0.4202020202020202	0.06122671062109093
499.99999999999994	0.2222222222222222	0.4202020202020202	0.060953179135066426
499.99999999999994	0.22727272727272727	0.4202020202020202	0.06068361268348127
499.99999999999994	0.23232323232323232	0.4202020202020202	0.06041666335221581
499.99999999999994	0.23737373737373738	0.4202020202020202	0.06015150112268875
499.99999999999994	0.24242424242424243	0.4202020202020202	0.0598910496755641
499.99999999999994	0.2474747474747475	0.4202020202020202	0.05963285504257413
499.99999999999994	0.25252525252525254	0.4202020202020202	0.05937661228555786
499.99999999999994	0.25757575757575757	0.4202020202020202	0.05912320099254695
499.99999999999994	0.26262626262626265	0.4202020202020202	0.05887377633770538
499.99999999999994	0.2676767676767677	0.4202020202020202	0.05862397155299684
499.99999999999994	0.2727272727272727	0.4202020202020202	0.05838170925124363
499.99999999999994	0.2777777777777778	0.4202020202020202	0.05813829354028746
499.99999999999994	0.2828282828282828	0.4202020202020202	0.05789852196532496
499.99999999999994	0.2878787878787879	0.4202020202020202	0.057661971601994544
499.99999999999994	0.29292929292929293	0.4202020202020202	0.057428170813609326
499.99999999999994	0.29797979797979796	0.4202020202020202	0.057197394089833604
499.99999999999994	0.30303030303030304	0.4202020202020202	0.056967086021994275
499.99999999999994	0.30808080808080807	0.4202020202020202	0.05674115730950938
499.99999999999994	0.31313131313131315	0.4202020202020202	0.05651748245203745
499.99999999999994	0.3181818181818182	0.4202020202020202	0.05629619992276012
499.99999999999994	0.32323232323232326	0.4202020202020202	0.05607675178689272
499.99999999999994	0.3282828282828283	0.4202020202020202	0.05586013017897504
499.99999999999994	0.3333333333333333	0.4202020202020202	0.05564424028006803
499.99999999999994	0.3383838383838384	0.4202020202020202	0.05543182127285954
499.99999999999994	0.3434343434343434	0.4202020202020202	0.05522123892076614
499.99999999999994	0.3484848484848485	0.4202020202020202	0.055014601442022214
499.99999999999994	0.35353535353535354	0.4202020202020202	0.054816860266166084
499.99999999999994	0.35858585858585856	0.4202020202020202	0.05463479826456899
499.99999999999994	0.36363636363636365	0.4202020202020202	0.05448715222634793
499.99999999999994	0.3686868686868687	0.4202020202020202	0.05441125180591215
499.99999999999994	0.37373737373737376	0.4202020202020202	0.05448938551938832
499.99999999999994	0.3787878787878788	0.4202020202020202	0.054907409970909475
499.99999999999994	0.3838383838383838	0.4202020202020202	0.05619977391100551
499.99999999999994	0.3888888888888889	0.4202020202020202	0.0650703683264001
499.99999999999994	0.3939393939393939	0.4202020202020202	0.09179035767216061
499.99999999999994	0.398989898989899	0.4202020202020202	0.14559083505455628
499.99999999999994	0.40404040404040403	0.4202020202020202	0.22280906988325405
499.99999999999994	0.4090909090909091	0.4202020202020202	0.31306345318216716
499.99999999999994	0.41414141414141414	0.4202020202020202	0.4098747230388693
499.99999999999994	0.41919191919191917	0.4202020202020202	0.5097178747407191
499.99999999999994	0.42424242424242425	0.4202020202020202	0.6100537669740752
499.99999999999994	0.4292929292929293	0.4202020202020202	0.7067638980256246
499.99999999999994	0.43434343434343436	0.4202020202020202	NaN
499.99999999999994	0.4393939393939394	0.4202020202020202	NaN
499.99999999999994	0.4444444444444444	0.4202020202020202	NaN
499.99999999999994	0.4494949494949495	0.4202020202020202	NaN
499.99999999999994	0.45454545454545453	0.4202020202020202	NaN
499.99999999999994	0.4595959595959596	0.4202020202020202	NaN
499.99999999999994	0.46464646464646464	0.4202020202020202	NaN
499.99999999999994	0.4696969696969697	0.4202020202020202	NaN
499.99999999999994	0.47474747474747475	0.4202020202020202	NaN
499.99999999999994	0.4797979797979798	0.4202020202020202	NaN
499.99999999999994	0.48484848484848486	0.4202020202020202	NaN
499.99999999999994	0.4898989898989899	0.4202020202020202	NaN
499.99999999999994	0.494949494949495	0.4202020202020202	NaN
499.99999999999994	0.5	0.4202020202020202	NaN
499.99999999999994	0.0	0.42828282828282827	0.07607509508227792
499.99999999999994	0.005050505050505051	0.42828282828282827	0.07564743564799561
499.99999999999994	0.010101010101010102	0.42828282828282827	0.07522365426313864
499.99999999999994	0.015151515151515152	0.42828282828282827	0.07480633226254323
499.99999999999994	0.020202020202020204	0.42828282828282827	0.07439358562250524
499.99999999999994	0.025252525252525252	0.42828282828282827	0.07398319426685437
499.99999999999994	0.030303030303030304	0.42828282828282827	0.07357923458690714
499.99999999999994	0.03535353535353535	0.42828282828282827	0.07317742379324439
499.99999999999994	0.04040404040404041	0.42828282828282827	0.0727822671997812
499.99999999999994	0.045454545454545456	0.42828282828282827	0.07239174639406248
499.99999999999994	0.050505050505050504	0.42828282828282827	0.07200351136973436
499.99999999999994	0.05555555555555555	0.42828282828282827	0.07162033167544794
499.99999999999994	0.06060606060606061	0.42828282828282827	0.0712410899516827
499.99999999999994	0.06565656565656566	0.42828282828282827	0.07086658584188668
499.99999999999994	0.0707070707070707	0.42828282828282827	0.07049590460095585
499.99999999999994	0.07575757575757576	0.42828282828282827	0.07012729013972178
499.99999999999994	0.08080808080808081	0.42828282828282827	0.06976424991541666
499.99999999999994	0.08585858585858586	0.42828282828282827	0.0694038884008053
499.99999999999994	0.09090909090909091	0.42828282828282827	0.06904854918344716
499.99999999999994	0.09595959595959595	0.42828282828282827	0.06869708346264977
499.99999999999994	0.10101010101010101	0.42828282828282827	0.06834847742169674
499.99999999999994	0.10606060606060606	0.42828282828282827	0.0680029247316682
499.99999999999994	0.1111111111111111	0.42828282828282827	0.06766191710630251
499.99999999999994	0.11616161616161616	0.42828282828282827	0.06732318759617706
499.99999999999994	0.12121212121212122	0.42828282828282827	0.06698771294867802
499.99999999999994	0.12626262626262627	0.42828282828282827	0.06665735891783409
499.99999999999994	0.13131313131313133	0.42828282828282827	0.06633090382993623
499.99999999999994	0.13636363636363635	0.42828282828282827	0.06600712458721719
499.99999999999994	0.1414141414141414	0.42828282828282827	0.06568704706461997
499.99999999999994	0.14646464646464646	0.42828282828282827	0.06536980720611317
499.99999999999994	0.15151515151515152	0.42828282828282827	0.06505623894772436
499.99999999999994	0.15656565656565657	0.42828282828282827	0.06474452661735605
499.99999999999994	0.16161616161616163	0.42828282828282827	0.06443639527700645
499.99999999999994	0.16666666666666666	0.42828282828282827	0.06413135624326667
499.99999999999994	0.1717171717171717	0.42828282828282827	0.06382821024265165
499.99999999999994	0.17676767676767677	0.42828282828282827	0.06353100148925174
499.99999999999994	0.18181818181818182	0.42828282828282827	0.06323602244545996
499.99999999999994	0.18686868686868688	0.42828282828282827	0.06294307259537858
499.99999999999994	0.1919191919191919	0.42828282828282827	0.06265194814028686
499.99999999999994	0.19696969696969696	0.42828282828282827	0.06236606609800459
499.99999999999994	0.20202020202020202	0.42828282828282827	0.06208200014219926
499.99999999999994	0.20707070707070707	0.42828282828282827	0.06180006164291538
499.99999999999994	0.21212121212121213	0.42828282828282827	0.061524636292388454
499.99999999999994	0.21717171717171718	0.42828282828282827	0.06124716614727398
499.99999999999994	0.2222222222222222	0.42828282828282827	0.06097757200789774
499.99999999999994	0.22727272727272727	0.42828282828282827	0.06070750559526166
499.99999999999994	0.23232323232323232	0.42828282828282827	0.06044020940962193
499.99999999999994	0.23737373737373738	0.42828282828282827	0.060176509882623304
499.99999999999994	0.24242424242424243	0.42828282828282827	0.05991578054395142
499.99999999999994	0.2474747474747475	0.42828282828282827	0.0596570134791971
499.99999999999994	0.25252525252525254	0.42828282828282827	0.059403169602862856
499.99999999999994	0.25757575757575757	0.42828282828282827	0.059150932872769
499.99999999999994	0.26262626262626265	0.42828282828282827	0.058900895925306486
499.99999999999994	0.2676767676767677	0.42828282828282827	0.058654770759350355
499.99999999999994	0.2727272727272727	0.42828282828282827	0.05841118735675921
499.99999999999994	0.2777777777777778	0.42828282828282827	0.05816913515187088
499.99999999999994	0.2828282828282828	0.42828282828282827	0.057930474515222985
499.99999999999994	0.2878787878787879	0.42828282828282827	0.05769513191557497
499.99999999999994	0.29292929292929293	0.42828282828282827	0.057462007511711356
499.99999999999994	0.29797979797979796	0.42828282828282827	0.05722993658878327
499.99999999999994	0.30303030303030304	0.42828282828282827	0.05700167061158996
499.99999999999994	0.30808080808080807	0.42828282828282827	0.05677467756624518
499.99999999999994	0.31313131313131315	0.42828282828282827	0.056553230158575184
499.99999999999994	0.3181818181818182	0.42828282828282827	0.05633138018348433
499.99999999999994	0.32323232323232326	0.42828282828282827	0.05611274400742187
499.99999999999994	0.3282828282828283	0.42828282828282827	0.05589447181358223
499.99999999999994	0.3333333333333333	0.42828282828282827	0.05568056095801411
499.99999999999994	0.3383838383838384	0.42828282828282827	0.05546780120258039
499.99999999999994	0.3434343434343434	0.42828282828282827	0.05525905797464688
499.99999999999994	0.3484848484848485	0.42828282828282827	0.05505689655160875
499.99999999999994	0.35353535353535354	0.42828282828282827	0.0548719490477557
499.99999999999994	0.35858585858585856	0.42828282828282827	0.05471517517816856
499.99999999999994	0.36363636363636365	0.42828282828282827	0.054626310896242786
499.99999999999994	0.3686868686868687	0.42828282828282827	0.05467788405224499
499.99999999999994	0.37373737373737376	0.42828282828282827	0.0550375792222166
499.99999999999994	0.3787878787878788	0.42828282828282827	0.05616054389200716
499.99999999999994	0.3838383838383838	0.42828282828282827	0.06329030820053953
499.99999999999994	0.3888888888888889	0.42828282828282827	0.08767066075482224
499.99999999999994	0.3939393939393939	0.42828282828282827	0.13846824001431293
499.99999999999994	0.398989898989899	0.42828282828282827	0.21388099552253825
499.99999999999994	0.40404040404040403	0.42828282828282827	0.3033476910435921
499.99999999999994	0.4090909090909091	0.42828282828282827	0.399903803429309
499.99999999999994	0.41414141414141414	0.42828282828282827	0.4997982755281433
499.99999999999994	0.41919191919191917	0.42828282828282827	0.6004666778040537
499.99999999999994	0.42424242424242425	0.42828282828282827	0.6982418121633404
499.99999999999994	0.4292929292929293	0.42828282828282827	NaN
499.99999999999994	0.43434343434343436	0.42828282828282827	NaN
499.99999999999994	0.4393939393939394	0.42828282828282827	NaN
499.99999999999994	0.4444444444444444	0.42828282828282827	NaN
499.99999999999994	0.4494949494949495	0.42828282828282827	NaN
499.99999999999994	0.45454545454545453	0.42828282828282827	NaN
499.99999999999994	0.4595959595959596	0.42828282828282827	NaN
499.99999999999994	0.46464646464646464	0.42828282828282827	NaN
499.99999999999994	0.4696969696969697	0.42828282828282827	NaN
499.99999999999994	0.47474747474747475	0.42828282828282827	NaN
499.99999999999994	0.4797979797979798	0.42828282828282827	NaN
499.99999999999994	0.48484848484848486	0.42828282828282827	NaN
499.99999999999994	0.4898989898989899	0.42828282828282827	NaN
499.99999999999994	0.494949494949495	0.42828282828282827	NaN
499.99999999999994	0.5	0.42828282828282827	NaN
499.99999999999994	0.0	0.43636363636363634	0.0760776873789949
499.99999999999994	0.005050505050505051	0.43636363636363634	0.07565091168839964
499.99999999999994	0.010101010101010102	0.43636363636363634	0.07522713225363285
499.99999999999994	0.015151515151515152	0.43636363636363634	0.07481049786943111
499.99999999999994	0.020202020202020204	0.43636363636363634	0.0743985547882077
499.99999999999994	0.025252525252525252	0.43636363636363634	0.07398884761523439
499.99999999999994	0.030303030303030304	0.43636363636363634	0.0735854674872172
499.99999999999994	0.03535353535353535	0.43636363636363634	0.07318434659823997
499.99999999999994	0.04040404040404041	0.43636363636363634	0.07278900775246391
499.99999999999994	0.045454545454545456	0.43636363636363634	0.07239922640692033
499.99999999999994	0.050505050505050504	0.43636363636363634	0.07201197127030293
499.99999999999994	0.05555555555555555	0.43636363636363634	0.0716275444539415
499.99999999999994	0.06060606060606061	0.43636363636363634	0.07124897512493054
499.99999999999994	0.06565656565656566	0.43636363636363634	0.07087505771586337
499.99999999999994	0.0707070707070707	0.43636363636363634	0.07050501989692914
499.99999999999994	0.07575757575757576	0.43636363636363634	0.07013707632711075
499.99999999999994	0.08080808080808081	0.43636363636363634	0.06977434113716702
499.99999999999994	0.08585858585858586	0.43636363636363634	0.06941430664800387
499.99999999999994	0.09090909090909091	0.43636363636363634	0.06905878940535348
499.99999999999994	0.09595959595959595	0.43636363636363634	0.06870747398923546
499.99999999999994	0.10101010101010101	0.43636363636363634	0.06836006701865031
499.99999999999994	0.10606060606060606	0.43636363636363634	0.06801484242842908
499.99999999999994	0.1111111111111111	0.43636363636363634	0.06767465788337783
499.99999999999994	0.11616161616161616	0.43636363636363634	0.06733723791343618
499.99999999999994	0.12121212121212122	0.43636363636363634	0.06700351797524184
499.99999999999994	0.12626262626262627	0.43636363636363634	0.06667250086199239
499.99999999999994	0.13131313131313133	0.43636363636363634	0.06634652494569437
499.99999999999994	0.13636363636363635	0.43636363636363634	0.0660233913588596
499.99999999999994	0.1414141414141414	0.43636363636363634	0.0657032466313234
499.99999999999994	0.14646464646464646	0.43636363636363634	0.06538633126019748
499.99999999999994	0.15151515151515152	0.43636363636363634	0.06507270493958435
499.99999999999994	0.15656565656565657	0.43636363636363634	0.06476158543976104
499.99999999999994	0.16161616161616163	0.43636363636363634	0.06445285106319876
499.99999999999994	0.16666666666666666	0.43636363636363634	0.06414847432375242
499.99999999999994	0.1717171717171717	0.43636363636363634	0.06384849496516364
499.99999999999994	0.17676767676767677	0.43636363636363634	0.06355069940386404
499.99999999999994	0.18181818181818182	0.43636363636363634	0.06325502838605625
499.99999999999994	0.18686868686868688	0.43636363636363634	0.06296130756036977
499.99999999999994	0.1919191919191919	0.43636363636363634	0.06267381976614401
499.99999999999994	0.19696969696969696	0.43636363636363634	0.06238778633527408
499.99999999999994	0.20202020202020202	0.43636363636363634	0.062104449562384
499.99999999999994	0.20707070707070707	0.43636363636363634	0.06182469861655976
499.99999999999994	0.21212121212121213	0.43636363636363634	0.06154629322935297
499.99999999999994	0.21717171717171718	0.43636363636363634	0.06127238254319127
499.99999999999994	0.2222222222222222	0.43636363636363634	0.061001126372960734
499.99999999999994	0.22727272727272727	0.43636363636363634	0.060731954851225775
499.99999999999994	0.23232323232323232	0.43636363636363634	0.06046543433759495
499.99999999999994	0.23737373737373738	0.43636363636363634	0.06020208471154352
499.99999999999994	0.24242424242424243	0.43636363636363634	0.05994253550120068
499.99999999999994	0.2474747474747475	0.43636363636363634	0.05968628356267276
499.99999999999994	0.25252525252525254	0.43636363636363634	0.05943150432749036
499.99999999999994	0.25757575757575757	0.43636363636363634	0.059180065817116906
499.99999999999994	0.26262626262626265	0.43636363636363634	0.058929555069799494
499.99999999999994	0.2676767676767677	0.43636363636363634	0.05868520128715137
499.99999999999994	0.2727272727272727	0.43636363636363634	0.05844134951071395
499.99999999999994	0.2777777777777778	0.43636363636363634	0.0582006176103438
499.99999999999994	0.2828282828282828	0.43636363636363634	0.057962774800055974
499.99999999999994	0.2878787878787879	0.43636363636363634	0.057726849528122945
499.99999999999994	0.29292929292929293	0.43636363636363634	0.05749376799102043
499.99999999999994	0.29797979797979796	0.43636363636363634	0.05726291419213502
499.99999999999994	0.30303030303030304	0.43636363636363634	0.05703589259317642
499.99999999999994	0.30808080808080807	0.43636363636363634	0.05681158564658037
499.99999999999994	0.31313131313131315	0.43636363636363634	0.05658752265220679
499.99999999999994	0.3181818181818182	0.43636363636363634	0.056367619261379995
499.99999999999994	0.32323232323232326	0.43636363636363634	0.05614734531120184
499.99999999999994	0.3282828282828283	0.43636363636363634	0.05593079749516645
499.99999999999994	0.3333333333333333	0.43636363636363634	0.055716471941659976
499.99999999999994	0.3383838383838384	0.43636363636363634	0.0555062962107404
499.99999999999994	0.3434343434343434	0.43636363636363634	0.05530138070833289
499.99999999999994	0.3484848484848485	0.43636363636363634	0.055110814739658794
499.99999999999994	0.35353535353535354	0.43636363636363634	0.05494801781455955
499.99999999999994	0.35858585858585856	0.43636363636363634	0.054845539589973534
499.99999999999994	0.36363636363636365	0.43636363636363634	0.05487201570714652
499.99999999999994	0.3686868686868687	0.43636363636363634	0.05517910798356601
499.99999999999994	0.37373737373737376	0.43636363636363634	0.056159939282879254
499.99999999999994	0.3787878787878788	0.43636363636363634	0.06166261193700992
499.99999999999994	0.3838383838383838	0.43636363636363634	0.08388093215923627
499.99999999999994	0.3888888888888889	0.43636363636363634	0.13161000145033264
499.99999999999994	0.3939393939393939	0.43636363636363634	0.2050654765951535
499.99999999999994	0.398989898989899	0.43636363636363634	0.29366064030891353
499.99999999999994	0.40404040404040403	0.43636363636363634	0.38991934179541027
499.99999999999994	0.4090909090909091	0.43636363636363634	0.4898378287340228
499.99999999999994	0.41414141414141414	0.43636363636363634	0.5908033766834361
499.99999999999994	0.41919191919191917	0.43636363636363634	0.6894883955895712
499.99999999999994	0.42424242424242425	0.43636363636363634	NaN
499.99999999999994	0.4292929292929293	0.43636363636363634	NaN
499.99999999999994	0.43434343434343436	0.43636363636363634	NaN
499.99999999999994	0.4393939393939394	0.43636363636363634	NaN
499.99999999999994	0.4444444444444444	0.43636363636363634	NaN
499.99999999999994	0.4494949494949495	0.43636363636363634	NaN
499.99999999999994	0.45454545454545453	0.43636363636363634	NaN
499.99999999999994	0.4595959595959596	0.43636363636363634	NaN
499.99999999999994	0.46464646464646464	0.43636363636363634	NaN
499.99999999999994	0.4696969696969697	0.43636363636363634	NaN
499.99999999999994	0.47474747474747475	0.43636363636363634	NaN
499.99999999999994	0.4797979797979798	0.43636363636363634	NaN
499.99999999999994	0.48484848484848486	0.43636363636363634	NaN
499.99999999999994	0.4898989898989899	0.43636363636363634	NaN
499.99999999999994	0.494949494949495	0.43636363636363634	NaN
499.99999999999994	0.5	0.43636363636363634	NaN
499.99999999999994	0.0	0.4444444444444444	0.07608055490827116
499.99999999999994	0.005050505050505051	0.4444444444444444	0.07565472821761665
499.99999999999994	0.010101010101010102	0.4444444444444444	0.07523161407909931
499.99999999999994	0.015151515151515152	0.4444444444444444	0.0748148593054947
499.99999999999994	0.020202020202020204	0.4444444444444444	0.07440376797578648
499.99999999999994	0.025252525252525252	0.4444444444444444	0.07399498358082171
499.99999999999994	0.030303030303030304	0.4444444444444444	0.07359196119116086
499.99999999999994	0.03535353535353535	0.4444444444444444	0.07319166137554857
499.99999999999994	0.04040404040404041	0.4444444444444444	0.07279596670945102
499.99999999999994	0.045454545454545456	0.4444444444444444	0.07240683391999145
499.99999999999994	0.050505050505050504	0.4444444444444444	0.07202063959491979
499.99999999999994	0.05555555555555555	0.4444444444444444	0.07163574271295661
499.99999999999994	0.06060606060606061	0.4444444444444444	0.07125678862192641
499.99999999999994	0.06565656565656566	0.4444444444444444	0.0708834043126016
499.99999999999994	0.0707070707070707	0.4444444444444444	0.07051401694619154
499.99999999999994	0.07575757575757576	0.4444444444444444	0.07014706881406536
499.99999999999994	0.08080808080808081	0.4444444444444444	0.06978450157430813
499.99999999999994	0.08585858585858586	0.4444444444444444	0.06942579470690523
499.99999999999994	0.09090909090909091	0.4444444444444444	0.06907042434467019
499.99999999999994	0.09595959595959595	0.4444444444444444	0.06871923639825232
499.99999999999994	0.10101010101010101	0.4444444444444444	0.06837326754076412
499.99999999999994	0.10606060606060606	0.4444444444444444	0.06802941939358921
499.99999999999994	0.1111111111111111	0.4444444444444444	0.06768922769841186
499.99999999999994	0.11616161616161616	0.4444444444444444	0.06735283103904566
499.99999999999994	0.12121212121212122	0.4444444444444444	0.0670198011921794
499.99999999999994	0.12626262626262627	0.4444444444444444	0.06668895260187441
499.99999999999994	0.13131313131313133	0.4444444444444444	0.06636287557980589
499.99999999999994	0.13636363636363635	0.4444444444444444	0.06603957933992309
499.99999999999994	0.1414141414141414	0.4444444444444444	0.0657188726288928
499.99999999999994	0.14646464646464646	0.4444444444444444	0.06540172676509971
499.99999999999994	0.15151515151515152	0.4444444444444444	0.06508763142439665
499.99999999999994	0.15656565656565657	0.4444444444444444	0.06477777555050868
499.99999999999994	0.16161616161616163	0.4444444444444444	0.06447176749850447
499.99999999999994	0.16666666666666666	0.4444444444444444	0.06416808631979466
499.99999999999994	0.1717171717171717	0.4444444444444444	0.06386707735740266
499.99999999999994	0.17676767676767677	0.4444444444444444	0.0635681859095503
499.99999999999994	0.18181818181818182	0.4444444444444444	0.06327421474968678
499.99999999999994	0.18686868686868688	0.4444444444444444	0.06298407845579337
499.99999999999994	0.1919191919191919	0.4444444444444444	0.06269415678938765
499.99999999999994	0.19696969696969696	0.4444444444444444	0.06240921228060771
499.99999999999994	0.20202020202020202	0.4444444444444444	0.062126147267641416
499.99999999999994	0.20707070707070707	0.4444444444444444	0.06184763380726749
499.99999999999994	0.21212121212121213	0.4444444444444444	0.0615691003839666
499.99999999999994	0.21717171717171718	0.4444444444444444	0.06129711739952751
499.99999999999994	0.2222222222222222	0.4444444444444444	0.061024946744217115
499.99999999999994	0.22727272727272727	0.4444444444444444	0.060757326431179454
499.99999999999994	0.23232323232323232	0.4444444444444444	0.06049231489577147
499.99999999999994	0.23737373737373738	0.4444444444444444	0.06022996157569
499.99999999999994	0.24242424242424243	0.4444444444444444	0.059970934498011184
499.99999999999994	0.2474747474747475	0.4444444444444444	0.059712288305921325
499.99999999999994	0.25252525252525254	0.4444444444444444	0.05945927811200079
499.99999999999994	0.25757575757575757	0.4444444444444444	0.0592070248963024
499.99999999999994	0.26262626262626265	0.4444444444444444	0.05896015156309672
499.99999999999994	0.2676767676767677	0.4444444444444444	0.05871571203373982
499.99999999999994	0.2727272727272727	0.4444444444444444	0.05847275656285143
499.99999999999994	0.2777777777777778	0.4444444444444444	0.05823238532879464
499.99999999999994	0.2828282828282828	0.4444444444444444	0.05799402340110075
499.99999999999994	0.2878787878787879	0.4444444444444444	0.057761047165309304
499.99999999999994	0.29292929292929293	0.4444444444444444	0.05752752948905504
499.99999999999994	0.29797979797979796	0.4444444444444444	0.057298217548576925
499.99999999999994	0.30303030303030304	0.4444444444444444	0.05707242679235998
499.99999999999994	0.30808080808080807	0.4444444444444444	0.05684602565217697
499.99999999999994	0.31313131313131315	0.4444444444444444	0.056624044581795076
499.99999999999994	0.3181818181818182	0.4444444444444444	0.05640235218916105
499.99999999999994	0.32323232323232326	0.4444444444444444	0.05618318670415345
499.99999999999994	0.3282828282828283	0.4444444444444444	0.05596778100273808
499.99999999999994	0.3333333333333333	0.4444444444444444	0.05575444294483655
499.99999999999994	0.3383838383838384	0.4444444444444444	0.05554678608036472
499.99999999999994	0.3434343434343434	0.4444444444444444	0.05535133543568469
499.99999999999994	0.3484848484848485	0.4444444444444444	0.05518240824647008
499.99999999999994	0.35353535353535354	0.4444444444444444	0.05506807219597464
499.99999999999994	0.35858585858585856	0.4444444444444444	0.05507136283759013
499.99999999999994	0.36363636363636365	0.4444444444444444	0.05533055035348527
499.99999999999994	0.3686868686868687	0.4444444444444444	0.0561895656908452
499.99999999999994	0.37373737373737376	0.4444444444444444	0.06017065302005769
499.99999999999994	0.3787878787878788	0.4444444444444444	0.08040939739704113
499.99999999999994	0.3838383838383838	0.4444444444444444	0.1250352890456176
499.99999999999994	0.3888888888888889	0.4444444444444444	0.19637599866176061
499.99999999999994	0.3939393939393939	0.4444444444444444	0.28400867103118604
499.99999999999994	0.398989898989899	0.4444444444444444	0.3799246197773844
499.99999999999994	0.40404040404040403	0.4444444444444444	0.4798391313998718
499.99999999999994	0.4090909090909091	0.4444444444444444	0.5810691607739906
499.99999999999994	0.41414141414141414	0.4444444444444444	0.6805424776599535
499.99999999999994	0.41919191919191917	0.4444444444444444	NaN
499.99999999999994	0.42424242424242425	0.4444444444444444	NaN
499.99999999999994	0.4292929292929293	0.4444444444444444	NaN
499.99999999999994	0.43434343434343436	0.4444444444444444	NaN
499.99999999999994	0.4393939393939394	0.4444444444444444	NaN
499.99999999999994	0.4444444444444444	0.4444444444444444	NaN
499.99999999999994	0.4494949494949495	0.4444444444444444	NaN
499.99999999999994	0.45454545454545453	0.4444444444444444	NaN
499.99999999999994	0.4595959595959596	0.4444444444444444	NaN
499.99999999999994	0.46464646464646464	0.4444444444444444	NaN
499.99999999999994	0.4696969696969697	0.4444444444444444	NaN
499.99999999999994	0.47474747474747475	0.4444444444444444	NaN
499.99999999999994	0.4797979797979798	0.4444444444444444	NaN
499.99999999999994	0.48484848484848486	0.4444444444444444	NaN
499.99999999999994	0.4898989898989899	0.4444444444444444	NaN
499.99999999999994	0.494949494949495	0.4444444444444444	NaN
499.99999999999994	0.5	0.4444444444444444	NaN
499.99999999999994	0.0	0.45252525252525255	0.07608353967588809
499.99999999999994	0.005050505050505051	0.45252525252525255	0.07565876129638172
499.99999999999994	0.010101010101010102	0.45252525252525255	0.07523639872182936
499.99999999999994	0.015151515151515152	0.45252525252525255	0.07481933365957089
499.99999999999994	0.020202020202020204	0.45252525252525255	0.07440911370355992
499.99999999999994	0.025252525252525252	0.45252525252525255	0.07400134277183015
499.99999999999994	0.030303030303030304	0.45252525252525255	0.07359860810715516
499.99999999999994	0.03535353535353535	0.45252525252525255	0.07319921959281793
499.99999999999994	0.04040404040404041	0.45252525252525255	0.07280401764183182
499.99999999999994	0.045454545454545456	0.45252525252525255	0.07241444928435264
499.99999999999994	0.050505050505050504	0.45252525252525255	0.07202710138650333
499.99999999999994	0.05555555555555555	0.45252525252525255	0.07164587667303869
499.99999999999994	0.06060606060606061	0.45252525252525255	0.07126701051500205
499.99999999999994	0.06565656565656566	0.45252525252525255	0.07089358784942876
499.99999999999994	0.0707070707070707	0.45252525252525255	0.07052500309500187
499.99999999999994	0.07575757575757576	0.45252525252525255	0.0701593320053782
499.99999999999994	0.08080808080808081	0.45252525252525255	0.06979696655626623
499.99999999999994	0.08585858585858586	0.45252525252525255	0.06943924108176085
499.99999999999994	0.09090909090909091	0.45252525252525255	0.06908451445402339
499.99999999999994	0.09595959595959595	0.45252525252525255	0.06873260858487182
499.99999999999994	0.10101010101010101	0.45252525252525255	0.0683868643488791
499.99999999999994	0.10606060606060606	0.45252525252525255	0.06804394212661667
499.99999999999994	0.1111111111111111	0.45252525252525255	0.0677038823481043
499.99999999999994	0.11616161616161616	0.45252525252525255	0.06736810386909786
499.99999999999994	0.12121212121212122	0.45252525252525255	0.06703543372392293
499.99999999999994	0.12626262626262627	0.45252525252525255	0.06670552832628529
499.99999999999994	0.13131313131313133	0.45252525252525255	0.06637873875954156
499.99999999999994	0.13636363636363635	0.45252525252525255	0.06605595427229893
499.99999999999994	0.1414141414141414	0.45252525252525255	0.06573540355092576
499.99999999999994	0.14646464646464646	0.45252525252525255	0.06541888244177253
499.99999999999994	0.15151515151515152	0.45252525252525255	0.06510642665029819
499.99999999999994	0.15656565656565657	0.45252525252525255	0.06479760309844844
499.99999999999994	0.16161616161616163	0.45252525252525255	0.06449141014940145
499.99999999999994	0.16666666666666666	0.45252525252525255	0.06418762160460677
499.99999999999994	0.1717171717171717	0.45252525252525255	0.06388622865083217
499.99999999999994	0.17676767676767677	0.45252525252525255	0.0635909809072069
499.99999999999994	0.18181818181818182	0.45252525252525255	0.06329666754283048
499.99999999999994	0.18686868686868688	0.45252525252525255	0.06300320907208105
499.99999999999994	0.1919191919191919	0.45252525252525255	0.0627170126154809
499.99999999999994	0.19696969696969696	0.45252525252525255	0.06243092834001025
499.99999999999994	0.20202020202020202	0.45252525252525255	0.062149860301018926
499.99999999999994	0.20707070707070707	0.45252525252525255	0.06186866289523586
499.99999999999994	0.21212121212121213	0.45252525252525255	0.06159430902542792
499.99999999999994	0.21717171717171718	0.45252525252525255	0.06132172197392015
499.99999999999994	0.2222222222222222	0.45252525252525255	0.06105021566594955
499.99999999999994	0.22727272727272727	0.45252525252525255	0.060783158863904105
499.99999999999994	0.23232323232323232	0.45252525252525255	0.06051931882888515
499.99999999999994	0.23737373737373738	0.45252525252525255	0.060256673937571566
499.99999999999994	0.24242424242424243	0.45252525252525255	0.05999686781009735
499.99999999999994	0.2474747474747475	0.45252525252525255	0.05974253218239524
499.99999999999994	0.25252525252525254	0.45252525252525255	0.059488946753027606
499.99999999999994	0.25757575757575757	0.45252525252525255	0.05923740584663999
499.99999999999994	0.26262626262626265	0.45252525252525255	0.05899073042626738
499.99999999999994	0.2676767676767677	0.45252525252525255	0.05874657141783877
499.99999999999994	0.2727272727272727	0.45252525252525255	0.05850419561019562
499.99999999999994	0.2777777777777778	0.45252525252525255	0.0582638745131623
499.99999999999994	0.2828282828282828	0.45252525252525255	0.05802895069119224
499.99999999999994	0.2878787878787879	0.45252525252525255	0.05779323877190738
499.99999999999994	0.29292929292929293	0.45252525252525255	0.05756247589564304
499.99999999999994	0.29797979797979796	0.45252525252525255	0.05733412541682961
499.99999999999994	0.30303030303030304	0.45252525252525255	0.05710563834742915
499.99999999999994	0.30808080808080807	0.45252525252525255	0.05688183083786508
499.99999999999994	0.31313131313131315	0.45252525252525255	0.05665910090516697
499.99999999999994	0.3181818181818182	0.45252525252525255	0.056438247522782856
499.99999999999994	0.32323232323232326	0.45252525252525255	0.05621999207961548
499.99999999999994	0.3282828282828283	0.45252525252525255	0.0560032704325242
499.99999999999994	0.3333333333333333	0.45252525252525255	0.05579267877964989
499.99999999999994	0.3383838383838384	0.45252525252525255	0.05559485112619923
499.99999999999994	0.3434343434343434	0.45252525252525255	0.05541913732995266
499.99999999999994	0.3484848484848485	0.45252525252525255	0.055293891467276486
499.99999999999994	0.35353535353535354	0.45252525252525255	0.05527587694112056
499.99999999999994	0.35858585858585856	0.45252525252525255	0.0554914050451695
499.99999999999994	0.36363636363636365	0.45252525252525255	0.0562440014042196
499.99999999999994	0.3686868686868687	0.45252525252525255	0.05899797924189384
499.99999999999994	0.37373737373737376	0.45252525252525255	0.07724029995164534
499.99999999999994	0.3787878787878788	0.45252525252525255	0.11876239283057369
499.99999999999994	0.3838383838383838	0.45252525252525255	0.18782715561219981
499.99999999999994	0.3888888888888889	0.45252525252525255	0.27439871909690255
499.99999999999994	0.3939393939393939	0.45252525252525255	0.36992312463088045
499.99999999999994	0.398989898989899	0.45252525252525255	0.4698047485377952
499.99999999999994	0.40404040404040403	0.45252525252525255	0.5712686596989963
499.99999999999994	0.4090909090909091	0.45252525252525255	0.6714325655197801
499.99999999999994	0.41414141414141414	0.45252525252525255	0.7590339247569713
499.99999999999994	0.41919191919191917	0.45252525252525255	NaN
499.99999999999994	0.42424242424242425	0.45252525252525255	NaN
499.99999999999994	0.4292929292929293	0.45252525252525255	NaN
499.99999999999994	0.43434343434343436	0.45252525252525255	NaN
499.99999999999994	0.4393939393939394	0.45252525252525255	NaN
499.99999999999994	0.4444444444444444	0.45252525252525255	NaN
499.99999999999994	0.4494949494949495	0.45252525252525255	NaN
499.99999999999994	0.45454545454545453	0.45252525252525255	NaN
499.99999999999994	0.4595959595959596	0.45252525252525255	NaN
499.99999999999994	0.46464646464646464	0.45252525252525255	NaN
499.99999999999994	0.4696969696969697	0.45252525252525255	NaN
499.99999999999994	0.47474747474747475	0.45252525252525255	NaN
499.99999999999994	0.4797979797979798	0.45252525252525255	NaN
499.99999999999994	0.48484848484848486	0.45252525252525255	NaN
499.99999999999994	0.4898989898989899	0.45252525252525255	NaN
499.99999999999994	0.494949494949495	0.45252525252525255	NaN
499.99999999999994	0.5	0.45252525252525255	NaN
499.99999999999994	0.0	0.46060606060606063	0.07608733349692787
499.99999999999994	0.005050505050505051	0.46060606060606063	0.07566291786650359
499.99999999999994	0.010101010101010102	0.46060606060606063	0.07524133425605622
499.99999999999994	0.015151515151515152	0.46060606060606063	0.07482434076083805
499.99999999999994	0.020202020202020204	0.46060606060606063	0.07441445476178488
499.99999999999994	0.025252525252525252	0.46060606060606063	0.07400782225849249
499.99999999999994	0.030303030303030304	0.46060606060606063	0.07360527090417911
499.99999999999994	0.03535353535353535	0.46060606060606063	0.07320704828131931
499.99999999999994	0.04040404040404041	0.46060606060606063	0.07281266956021462
499.99999999999994	0.045454545454545456	0.46060606060606063	0.07242348314651341
499.99999999999994	0.050505050505050504	0.46060606060606063	0.07203711532079936
499.99999999999994	0.05555555555555555	0.46060606060606063	0.07165634223678972
499.99999999999994	0.06060606060606061	0.46060606060606063	0.07127835625867844
499.99999999999994	0.06565656565656566	0.46060606060606063	0.07090438605619193
499.99999999999994	0.0707070707070707	0.46060606060606063	0.07053599345644564
499.99999999999994	0.07575757575757576	0.46060606060606063	0.07017140163079415
499.99999999999994	0.08080808080808081	0.46060606060606063	0.0698094750191458
499.99999999999994	0.08585858585858586	0.46060606060606063	0.06945258112405525
499.99999999999994	0.09090909090909091	0.46060606060606063	0.06909837445184157
499.99999999999994	0.09595959595959595	0.46060606060606063	0.06874768472134701
499.99999999999994	0.10101010101010101	0.46060606060606063	0.06840064264252059
499.99999999999994	0.10606060606060606	0.46060606060606063	0.0680578792256974
499.99999999999994	0.1111111111111111	0.46060606060606063	0.06771833827772042
499.99999999999994	0.11616161616161616	0.46060606060606063	0.06738232639533523
499.99999999999994	0.12121212121212122	0.46060606060606063	0.06704988623336239
499.99999999999994	0.12626262626262627	0.46060606060606063	0.06672108706293767
499.99999999999994	0.13131313131313133	0.46060606060606063	0.06639426508813953
499.99999999999994	0.13636363636363635	0.46060606060606063	0.06607115852437342
499.99999999999994	0.1414141414141414	0.46060606060606063	0.06575372942107387
499.99999999999994	0.14646464646464646	0.46060606060606063	0.06543866537460412
499.99999999999994	0.15151515151515152	0.46060606060606063	0.06512675432367532
499.99999999999994	0.15656565656565657	0.46060606060606063	0.06481667504404767
499.99999999999994	0.16161616161616163	0.46060606060606063	0.06450916106686878
499.99999999999994	0.16666666666666666	0.46060606060606063	0.0642067541726471
499.99999999999994	0.1717171717171717	0.46060606060606063	0.06390768816237918
499.99999999999994	0.17676767676767677	0.46060606060606063	0.06360939386208424
499.99999999999994	0.18181818181818182	0.46060606060606063	0.06331622537713551
499.99999999999994	0.18686868686868688	0.46060606060606063	0.06302701816359797
499.99999999999994	0.1919191919191919	0.46060606060606063	0.06273775554290954
499.99999999999994	0.19696969696969696	0.46060606060606063	0.062454602989170674
499.99999999999994	0.20202020202020202	0.46060606060606063	0.062173426360199825
499.99999999999994	0.20707070707070707	0.46060606060606063	0.061892755812986776
499.99999999999994	0.21212121212121213	0.46060606060606063	0.06161907879253318
499.99999999999994	0.21717171717171718	0.46060606060606063	0.06134687891521238
499.99999999999994	0.2222222222222222	0.46060606060606063	0.06107667497882092
499.99999999999994	0.22727272727272727	0.46060606060606063	0.060808995374977366
499.99999999999994	0.23232323232323232	0.46060606060606063	0.06054409491345261
499.99999999999994	0.23737373737373738	0.46060606060606063	0.06028496355840972
499.99999999999994	0.24242424242424243	0.46060606060606063	0.06002611822660324
499.99999999999994	0.2474747474747475	0.46060606060606063	0.05977062104703406
499.99999999999994	0.25252525252525254	0.46060606060606063	0.05951817238842788
499.99999999999994	0.25757575757575757	0.46060606060606063	0.059267795549149765
499.99999999999994	0.26262626262626265	0.46060606060606063	0.059021229443240536
499.99999999999994	0.2676767676767677	0.46060606060606063	0.05877648714726561
499.99999999999994	0.2727272727272727	0.46060606060606063	0.05853693105459217
499.99999999999994	0.2777777777777778	0.46060606060606063	0.05829816197798456
499.99999999999994	0.2828282828282828	0.46060606060606063	0.05806278714724277
499.99999999999994	0.2878787878787879	0.46060606060606063	0.05782825508199739
499.99999999999994	0.29292929292929293	0.46060606060606063	0.057597751241299594
499.99999999999994	0.29797979797979796	0.46060606060606063	0.0573687658948771
499.99999999999994	0.30303030303030304	0.46060606060606063	0.05714190197675091
499.99999999999994	0.30808080808080807	0.46060606060606063	0.056916840024282975
499.99999999999994	0.31313131313131315	0.46060606060606063	0.056695111703386585
499.99999999999994	0.3181818181818182	0.46060606060606063	0.056474230308814426
499.99999999999994	0.32323232323232326	0.46060606060606063	0.05625615112881951
499.99999999999994	0.3282828282828283	0.46060606060606063	0.05604352660942726
499.99999999999994	0.3333333333333333	0.46060606060606063	0.055838840111044244
499.99999999999994	0.3383838383838384	0.46060606060606063	0.05565796565978144
499.99999999999994	0.3434343434343434	0.46060606060606063	0.05552261945235108
499.99999999999994	0.3484848484848485	0.46060606060606063	0.05548447510179176
499.99999999999994	0.35353535353535354	0.46060606060606063	0.05566068956132633
499.99999999999994	0.35858585858585856	0.46060606060606063	0.056319550524703846
499.99999999999994	0.36363636363636365	0.46060606060606063	0.05849011673298101
499.99999999999994	0.3686868686868687	0.46060606060606063	0.07435468720238694
499.99999999999994	0.37373737373737376	0.46060606060606063	0.11280803578048847
499.99999999999994	0.3787878787878788	0.46060606060606063	0.17943468111106567
499.99999999999994	0.3838383838383838	0.46060606060606063	0.2648383456798887
499.99999999999994	0.3888888888888889	0.46060606060606063	0.35991857947028444
499.99999999999994	0.3939393939393939	0.46060606060606063	0.45973724117280024
499.99999999999994	0.398989898989899	0.46060606060606063	0.5614059786262688
499.99999999999994	0.40404040404040403	0.46060606060606063	0.662180218778377
499.99999999999994	0.4090909090909091	0.46060606060606063	0.7534770831389918
499.99999999999994	0.41414141414141414	0.46060606060606063	NaN
499.99999999999994	0.41919191919191917	0.46060606060606063	NaN
499.99999999999994	0.42424242424242425	0.46060606060606063	NaN
499.99999999999994	0.4292929292929293	0.46060606060606063	NaN
499.99999999999994	0.43434343434343436	0.46060606060606063	NaN
499.99999999999994	0.4393939393939394	0.46060606060606063	NaN
499.99999999999994	0.4444444444444444	0.46060606060606063	NaN
499.99999999999994	0.4494949494949495	0.46060606060606063	NaN
499.99999999999994	0.45454545454545453	0.46060606060606063	NaN
499.99999999999994	0.4595959595959596	0.46060606060606063	NaN
499.99999999999994	0.46464646464646464	0.46060606060606063	NaN
499.99999999999994	0.4696969696969697	0.46060606060606063	NaN
499.99999999999994	0.47474747474747475	0.46060606060606063	NaN
499.99999999999994	0.4797979797979798	0.46060606060606063	NaN
499.99999999999994	0.48484848484848486	0.46060606060606063	NaN
499.99999999999994	0.4898989898989899	0.46060606060606063	NaN
499.99999999999994	0.494949494949495	0.46060606060606063	NaN
499.99999999999994	0.5	0.46060606060606063	NaN
499.99999999999994	0.0	0.4686868686868687	0.07609139708443786
499.99999999999994	0.005050505050505051	0.4686868686868687	0.07566719183169585
499.99999999999994	0.010101010101010102	0.4686868686868687	0.07524649019262833
499.99999999999994	0.015151515151515152	0.4686868686868687	0.07483044785618262
499.99999999999994	0.020202020202020204	0.4686868686868687	0.07441977573902823
499.99999999999994	0.025252525252525252	0.4686868686868687	0.07401431273659485
499.99999999999994	0.030303030303030304	0.4686868686868687	0.07361195049492733
499.99999999999994	0.03535353535353535	0.4686868686868687	0.07321504081452544
499.99999999999994	0.04040404040404041	0.4686868686868687	0.07282040800227606
499.99999999999994	0.045454545454545456	0.4686868686868687	0.07243268157526021
499.99999999999994	0.050505050505050504	0.4686868686868687	0.07204751228431787
499.99999999999994	0.05555555555555555	0.4686868686868687	0.07166669655618801
499.99999999999994	0.06060606060606061	0.4686868686868687	0.07128988470506491
499.99999999999994	0.06565656565656566	0.4686868686868687	0.07091664308260413
499.99999999999994	0.0707070707070707	0.4686868686868687	0.0705468780327571
499.99999999999994	0.07575757575757576	0.4686868686868687	0.07018328019007454
499.99999999999994	0.08080808080808081	0.4686868686868687	0.06982227615008003
499.99999999999994	0.08585858585858586	0.4686868686868687	0.0694654047552691
499.99999999999994	0.09090909090909091	0.4686868686868687	0.06911174439083846
499.99999999999994	0.09595959595959595	0.4686868686868687	0.0687622045245608
499.99999999999994	0.10101010101010101	0.4686868686868687	0.06841463871752936
499.99999999999994	0.10606060606060606	0.4686868686868687	0.06807230226787606
499.99999999999994	0.1111111111111111	0.4686868686868687	0.06773243469466109
499.99999999999994	0.11616161616161616	0.4686868686868687	0.06739644916121244
499.99999999999994	0.12121212121212122	0.4686868686868687	0.06706363070118104
499.99999999999994	0.12626262626262627	0.4686868686868687	0.06673574470945781
499.99999999999994	0.13131313131313133	0.4686868686868687	0.0664115411190048
499.99999999999994	0.13636363636363635	0.4686868686868687	0.06609006795274683
499.99999999999994	0.1414141414141414	0.4686868686868687	0.0657717648776274
499.99999999999994	0.14646464646464646	0.4686868686868687	0.0654563114139721
499.99999999999994	0.15151515151515152	0.4686868686868687	0.06514357072099863
499.99999999999994	0.15656565656565657	0.4686868686868687	0.06483430665928178
499.99999999999994	0.16161616161616163	0.4686868686868687	0.06452968888165314
499.99999999999994	0.16666666666666666	0.4686868686868687	0.06422743223197644
499.99999999999994	0.1717171717171717	0.4686868686868687	0.06392718079663924
499.99999999999994	0.17676767676767677	0.4686868686868687	0.06363292994309473
499.99999999999994	0.18181818181818182	0.4686868686868687	0.06333923781673553
499.99999999999994	0.18686868686868688	0.4686868686868687	0.06304820673631606
499.99999999999994	0.1919191919191919	0.4686868686868687	0.06276217650377587
499.99999999999994	0.19696969696969696	0.4686868686868687	0.06247791167735414
499.99999999999994	0.20202020202020202	0.4686868686868687	0.062196341874742364
499.99999999999994	0.20707070707070707	0.4686868686868687	0.06191791445673747
499.99999999999994	0.21212121212121213	0.4686868686868687	0.06164404290041447
499.99999999999994	0.21717171717171718	0.4686868686868687	0.06137220941941391
499.99999999999994	0.2222222222222222	0.4686868686868687	0.06110243580404575
499.99999999999994	0.22727272727272727	0.4686868686868687	0.060836425373594294
499.99999999999994	0.23232323232323232	0.4686868686868687	0.06057407155606665
499.99999999999994	0.23737373737373738	0.4686868686868687	0.06031080883929316
499.99999999999994	0.24242424242424243	0.4686868686868687	0.060056118407282436
499.99999999999994	0.2474747474747475	0.4686868686868687	0.05980046376867108
499.99999999999994	0.25252525252525254	0.4686868686868687	0.059548646060479465
499.99999999999994	0.25757575757575757	0.4686868686868687	0.05929885582234665
499.99999999999994	0.26262626262626265	0.4686868686868687	0.05905329091113456
499.99999999999994	0.2676767676767677	0.4686868686868687	0.05881035813023672
499.99999999999994	0.2727272727272727	0.4686868686868687	0.05856969741427194
499.99999999999994	0.2777777777777778	0.4686868686868687	0.05833272463663145
499.99999999999994	0.2828282828282828	0.4686868686868687	0.058096996488930595
499.99999999999994	0.2878787878787879	0.4686868686868687	0.05786392115953649
499.99999999999994	0.29292929292929293	0.4686868686868687	0.057633066684052124
499.99999999999994	0.29797979797979796	0.4686868686868687	0.057403783936562966
499.99999999999994	0.30303030303030304	0.4686868686868687	0.05717771245002788
499.99999999999994	0.30808080808080807	0.4686868686868687	0.056953420146612845
499.99999999999994	0.31313131313131315	0.4686868686868687	0.05672994301473027
499.99999999999994	0.3181818181818182	0.4686868686868687	0.05651048098466599
499.99999999999994	0.32323232323232326	0.4686868686868687	0.05629453833918934
499.99999999999994	0.3282828282828283	0.4686868686868687	0.0560876732846925
499.99999999999994	0.3333333333333333	0.4686868686868687	0.05590057342175957
499.99999999999994	0.3383838383838384	0.4686868686868687	0.055754487882958226
499.99999999999994	0.3434343434343434	0.4686868686868687	0.055698520787163315
499.99999999999994	0.3484848484848485	0.4686868686868687	0.055837698625168575
499.99999999999994	0.35353535353535354	0.4686868686868687	0.05641314739292509
499.99999999999994	0.35858585858585856	0.4686868686868687	0.05821666318049119
499.99999999999994	0.36363636363636365	0.4686868686868687	0.07173138315644287
499.99999999999994	0.3686868686868687	0.4686868686868687	0.10718660305053468
499.99999999999994	0.37373737373737376	0.4686868686868687	0.1712154540588147
499.99999999999994	0.3787878787878788	0.4686868686868687	0.2553358011024625
499.99999999999994	0.3838383838383838	0.4686868686868687	0.3499149742363005
499.99999999999994	0.3888888888888889	0.4686868686868687	0.449639194925046
499.99999999999994	0.3939393939393939	0.4686868686868687	0.5514848062335541
499.99999999999994	0.398989898989899	0.4686868686868687	0.6528021526493097
499.99999999999994	0.40404040404040403	0.4686868686868687	0.746738789114542
499.99999999999994	0.4090909090909091	0.4686868686868687	NaN
499.99999999999994	0.41414141414141414	0.4686868686868687	NaN
499.99999999999994	0.41919191919191917	0.4686868686868687	NaN
499.99999999999994	0.42424242424242425	0.4686868686868687	NaN
499.99999999999994	0.4292929292929293	0.4686868686868687	NaN
499.99999999999994	0.43434343434343436	0.4686868686868687	NaN
499.99999999999994	0.4393939393939394	0.4686868686868687	NaN
499.99999999999994	0.4444444444444444	0.4686868686868687	NaN
499.99999999999994	0.4494949494949495	0.4686868686868687	NaN
499.99999999999994	0.45454545454545453	0.4686868686868687	NaN
499.99999999999994	0.4595959595959596	0.4686868686868687	NaN
499.99999999999994	0.46464646464646464	0.4686868686868687	NaN
499.99999999999994	0.4696969696969697	0.4686868686868687	NaN
499.99999999999994	0.47474747474747475	0.4686868686868687	NaN
499.99999999999994	0.4797979797979798	0.4686868686868687	NaN
499.99999999999994	0.48484848484848486	0.4686868686868687	NaN
499.99999999999994	0.4898989898989899	0.4686868686868687	NaN
499.99999999999994	0.494949494949495	0.4686868686868687	NaN
499.99999999999994	0.5	0.4686868686868687	NaN
499.99999999999994	0.0	0.4767676767676768	0.07609551082736377
499.99999999999994	0.005050505050505051	0.4767676767676768	0.07567149757770578
499.99999999999994	0.010101010101010102	0.4767676767676768	0.07525185580139256
499.99999999999994	0.015151515151515152	0.4767676767676768	0.07483670342766763
499.99999999999994	0.020202020202020204	0.4767676767676768	0.07442546990559726
499.99999999999994	0.025252525252525252	0.4767676767676768	0.07402069610454401
499.99999999999994	0.030303030303030304	0.4767676767676768	0.0736189675166001
499.99999999999994	0.03535353535353535	0.4767676767676768	0.07322270994096786
499.99999999999994	0.04040404040404041	0.4767676767676768	0.07282884285047729
499.99999999999994	0.045454545454545456	0.4767676767676768	0.0724416418212311
499.99999999999994	0.050505050505050504	0.4767676767676768	0.07205767333056655
499.99999999999994	0.05555555555555555	0.4767676767676768	0.07167689312041166
499.99999999999994	0.06060606060606061	0.4767676767676768	0.07130128104501346
499.99999999999994	0.06565656565656566	0.4767676767676768	0.07092868854069272
499.99999999999994	0.0707070707070707	0.4767676767676768	0.07055886332145325
499.99999999999994	0.07575757575757576	0.4767676767676768	0.0701948716577802
499.99999999999994	0.08080808080808081	0.4767676767676768	0.06983477705092528
499.99999999999994	0.08585858585858586	0.4767676767676768	0.06947773549565958
499.99999999999994	0.09090909090909091	0.4767676767676768	0.06912501215270354
499.99999999999994	0.09595959595959595	0.4767676767676768	0.06877591854496085
499.99999999999994	0.10101010101010101	0.4767676767676768	0.06842917380540982
499.99999999999994	0.10606060606060606	0.4767676767676768	0.0680863443649352
499.99999999999994	0.1111111111111111	0.4767676767676768	0.06774743310986399
499.99999999999994	0.11616161616161616	0.4767676767676768	0.06741257167262996
499.99999999999994	0.12121212121212122	0.4767676767676768	0.06708139279935402
499.99999999999994	0.12626262626262627	0.4767676767676768	0.06675325603804581
499.99999999999994	0.13131313131313133	0.4767676767676768	0.06642925196469927
499.99999999999994	0.13636363636363635	0.4767676767676768	0.06610794950917401
499.99999999999994	0.1414141414141414	0.4767676767676768	0.0657890080930191
499.99999999999994	0.14646464646464646	0.4767676767676768	0.06547295767262831
499.99999999999994	0.15151515151515152	0.4767676767676768	0.06516274101615768
499.99999999999994	0.15656565656565657	0.4767676767676768	0.06485555625760442
499.99999999999994	0.16161616161616163	0.4767676767676768	0.06455003077332051
499.99999999999994	0.16666666666666666	0.4767676767676768	0.06424771610501442
499.99999999999994	0.1717171717171717	0.4767676767676768	0.06394976763082802
499.99999999999994	0.17676767676767677	0.4767676767676768	0.06365155018257193
499.99999999999994	0.18181818181818182	0.4767676767676768	0.06336147466558904
499.99999999999994	0.18686868686868688	0.4767676767676768	0.06307054177359898
499.99999999999994	0.1919191919191919	0.4767676767676768	0.06278569407457692
499.99999999999994	0.19696969696969696	0.4767676767676768	0.06250196702337166
499.99999999999994	0.20202020202020202	0.4767676767676768	0.062220230778911735
499.99999999999994	0.20707070707070707	0.4767676767676768	0.06194251033841578
499.99999999999994	0.21212121212121213	0.4767676767676768	0.061668580658983604
499.99999999999994	0.21717171717171718	0.4767676767676768	0.06139670553857884
499.99999999999994	0.2222222222222222	0.4767676767676768	0.06112967883421458
499.99999999999994	0.22727272727272727	0.4767676767676768	0.06086334249966277
499.99999999999994	0.23232323232323232	0.4767676767676768	0.060601173580535954
499.99999999999994	0.23737373737373738	0.4767676767676768	0.060341987656474465
499.99999999999994	0.24242424242424243	0.4767676767676768	0.06008572766669981
499.99999999999994	0.2474747474747475	0.4767676767676768	0.05983119201557157
499.99999999999994	0.25252525252525254	0.4767676767676768	0.059580230648300495
499.99999999999994	0.25757575757575757	0.4767676767676768	0.05933251290542463
499.99999999999994	0.26262626262626265	0.4767676767676768	0.05908742498707975
499.99999999999994	0.2676767676767677	0.4767676767676768	0.05884343258493022
499.99999999999994	0.2727272727272727	0.4767676767676768	0.05860425845185404
499.99999999999994	0.2777777777777778	0.4767676767676768	0.05836735775912768
499.99999999999994	0.2828282828282828	0.4767676767676768	0.058132041047635995
499.99999999999994	0.2878787878787879	0.4767676767676768	0.05789878512992939
499.99999999999994	0.29292929292929293	0.4767676767676768	0.05766777577338676
499.99999999999994	0.29797979797979796	0.4767676767676768	0.057440315286891766
499.99999999999994	0.30303030303030304	0.4767676767676768	0.05721374416410605
499.99999999999994	0.30808080808080807	0.4767676767676768	0.056987027884695826
499.99999999999994	0.31313131313131315	0.4767676767676768	0.05676624268274846
499.99999999999994	0.3181818181818182	0.4767676767676768	0.05654638741472562
499.99999999999994	0.32323232323232326	0.4767676767676768	0.05633631104808113
499.99999999999994	0.3282828282828283	0.4767676767676768	0.05614320596637807
499.99999999999994	0.3333333333333333	0.4767676767676768	0.055989554164425
499.99999999999994	0.3383838383838384	0.4767676767676768	0.055916691404235504
499.99999999999994	0.3434343434343434	0.4767676767676768	0.05602208217954722
499.99999999999994	0.3484848484848485	0.4767676767676768	0.05652289638370668
499.99999999999994	0.35353535353535354	0.4767676767676768	0.058063053884033516
499.99999999999994	0.35858585858585856	0.4767676767676768	0.06934800107775123
499.99999999999994	0.36363636363636365	0.4767676767676768	0.10190932479472366
499.99999999999994	0.3686868686868687	0.4767676767676768	0.16318746456756145
499.99999999999994	0.37373737373737376	0.4767676767676768	0.24590009416328962
499.99999999999994	0.3787878787878788	0.4767676767676768	0.3399166008077572
499.99999999999994	0.3838383838383838	0.4767676767676768	0.4395132455641838
499.99999999999994	0.3888888888888889	0.4767676767676768	0.5415085037128907
499.99999999999994	0.3939393939393939	0.4767676767676768	0.6433116187618138
499.99999999999994	0.398989898989899	0.4767676767676768	0.7392588823606921
499.99999999999994	0.40404040404040403	0.4767676767676768	NaN
499.99999999999994	0.4090909090909091	0.4767676767676768	NaN
499.99999999999994	0.41414141414141414	0.4767676767676768	NaN
499.99999999999994	0.41919191919191917	0.4767676767676768	NaN
499.99999999999994	0.42424242424242425	0.4767676767676768	NaN
499.99999999999994	0.4292929292929293	0.4767676767676768	NaN
499.99999999999994	0.43434343434343436	0.4767676767676768	NaN
499.99999999999994	0.4393939393939394	0.4767676767676768	NaN
499.99999999999994	0.4444444444444444	0.4767676767676768	NaN
499.99999999999994	0.4494949494949495	0.4767676767676768	NaN
499.99999999999994	0.45454545454545453	0.4767676767676768	NaN
499.99999999999994	0.4595959595959596	0.4767676767676768	NaN
499.99999999999994	0.46464646464646464	0.4767676767676768	NaN
499.99999999999994	0.4696969696969697	0.4767676767676768	NaN
499.99999999999994	0.47474747474747475	0.4767676767676768	NaN
499.99999999999994	0.4797979797979798	0.4767676767676768	NaN
499.99999999999994	0.48484848484848486	0.4767676767676768	NaN
499.99999999999994	0.4898989898989899	0.4767676767676768	NaN
499.99999999999994	0.494949494949495	0.4767676767676768	NaN
499.99999999999994	0.5	0.4767676767676768	NaN
499.99999999999994	0.0	0.48484848484848486	0.07609972429452894
499.99999999999994	0.005050505050505051	0.48484848484848486	0.07567568664418312
499.99999999999994	0.010101010101010102	0.48484848484848486	0.07525747407574761
499.99999999999994	0.015151515151515152	0.48484848484848486	0.07484297334414447
499.99999999999994	0.020202020202020204	0.48484848484848486	0.07443187240931132
499.99999999999994	0.025252525252525252	0.48484848484848486	0.07402700157305254
499.99999999999994	0.030303030303030304	0.48484848484848486	0.07362918773331521
499.99999999999994	0.03535353535353535	0.48484848484848486	0.07323185198233986
499.99999999999994	0.04040404040404041	0.48484848484848486	0.07283889139707651
499.99999999999994	0.045454545454545456	0.48484848484848486	0.07245040561443045
499.99999999999994	0.050505050505050504	0.48484848484848486	0.07206738167374299
499.99999999999994	0.05555555555555555	0.48484848484848486	0.07168724549700217
499.99999999999994	0.06060606060606061	0.48484848484848486	0.07131221813285278
499.99999999999994	0.06565656565656566	0.48484848484848486	0.07094021029253286
499.99999999999994	0.0707070707070707	0.48484848484848486	0.07057141523651081
499.99999999999994	0.07575757575757576	0.48484848484848486	0.07020732802026315
499.99999999999994	0.08080808080808081	0.48484848484848486	0.0698467163850863
499.99999999999994	0.08585858585858586	0.48484848484848486	0.06948991340824653
499.99999999999994	0.09090909090909091	0.48484848484848486	0.06913731663083851
499.99999999999994	0.09595959595959595	0.48484848484848486	0.06878842377503663
499.99999999999994	0.10101010101010101	0.48484848484848486	0.06844334068165116
499.99999999999994	0.10606060606060606	0.48484848484848486	0.06810202041942717
499.99999999999994	0.1111111111111111	0.48484848484848486	0.06776486054112617
499.99999999999994	0.11616161616161616	0.48484848484848486	0.06743062806987896
499.99999999999994	0.12121212121212122	0.48484848484848486	0.0671001143698019
499.99999999999994	0.12626262626262627	0.48484848484848486	0.0667717958776549
499.99999999999994	0.13131313131313133	0.48484848484848486	0.0664468162594082
499.99999999999994	0.13636363636363635	0.48484848484848486	0.06612518815235723
499.99999999999994	0.1414141414141414	0.48484848484848486	0.06580835034174917
499.99999999999994	0.14646464646464646	0.48484848484848486	0.06549511815808509
499.99999999999994	0.15151515151515152	0.48484848484848486	0.06518423667028334
499.99999999999994	0.15656565656565657	0.48484848484848486	0.06487445977696335
499.99999999999994	0.16161616161616163	0.48484848484848486	0.06457066274015738
499.99999999999994	0.16666666666666666	0.48484848484848486	0.0642693016343757
499.99999999999994	0.1717171717171717	0.48484848484848486	0.06397057059992953
499.99999999999994	0.17676767676767677	0.48484848484848486	0.06367707773293516
499.99999999999994	0.18181818181818182	0.48484848484848486	0.06338267548184243
499.99999999999994	0.18686868686868688	0.48484848484848486	0.06309519513988217
499.99999999999994	0.1919191919191919	0.48484848484848486	0.06280898762832895
499.99999999999994	0.19696969696969696	0.48484848484848486	0.06252636817080964
499.99999999999994	0.20202020202020202	0.48484848484848486	0.062245930376228116
499.99999999999994	0.20707070707070707	0.48484848484848486	0.061968653237142304
499.99999999999994	0.21212121212121213	0.48484848484848486	0.0616957178123408
499.99999999999994	0.21717171717171718	0.48484848484848486	0.061425708938185504
499.99999999999994	0.2222222222222222	0.48484848484848486	0.061157019990696164
499.99999999999994	0.22727272727272727	0.48484848484848486	0.06089351816011932
499.99999999999994	0.23232323232323232	0.48484848484848486	0.060629051350513795
499.99999999999994	0.23737373737373738	0.48484848484848486	0.06037217930760884
499.99999999999994	0.24242424242424243	0.48484848484848486	0.06011605570548437
499.99999999999994	0.2474747474747475	0.48484848484848486	0.05986261067710153
499.99999999999994	0.25252525252525254	0.48484848484848486	0.059612715841022255
499.99999999999994	0.25757575757575757	0.48484848484848486	0.0593644796441703
499.99999999999994	0.26262626262626265	0.48484848484848486	0.059118869244788645
499.99999999999994	0.2676767676767677	0.48484848484848486	0.058877677537275644
499.99999999999994	0.2727272727272727	0.48484848484848486	0.05863882677499299
499.99999999999994	0.2777777777777778	0.48484848484848486	0.058401843359802294
499.99999999999994	0.2828282828282828	0.48484848484848486	0.0581670120593484
499.99999999999994	0.2878787878787879	0.48484848484848486	0.05793457025142748
499.99999999999994	0.29292929292929293	0.48484848484848486	0.05770412671469006
499.99999999999994	0.29797979797979796	0.48484848484848486	0.05747537154997634
499.99999999999994	0.30303030303030304	0.48484848484848486	0.057247795320995165
499.99999999999994	0.30808080808080807	0.48484848484848486	0.05702249744473268
499.99999999999994	0.31313131313131315	0.48484848484848486	0.05680210741809146
499.99999999999994	0.3181818181818182	0.48484848484848486	0.05658869535096048
499.99999999999994	0.32323232323232326	0.48484848484848486	0.05639093537119311
499.99999999999994	0.3282828282828283	0.48484848484848486	0.056226459380930044
499.99999999999994	0.3333333333333333	0.48484848484848486	0.05613877235269153
499.99999999999994	0.3383838383838384	0.48484848484848486	0.05621284315646744
499.99999999999994	0.3434343434343434	0.48484848484848486	0.056646466173756294
499.99999999999994	0.3484848484848485	0.48484848484848486	0.05798158016649747
499.99999999999994	0.35353535353535354	0.48484848484848486	0.06718192324410713
499.99999999999994	0.35858585858585856	0.48484848484848486	0.09698349764284742
499.99999999999994	0.36363636363636365	0.48484848484848486	0.15536972758178264
499.99999999999994	0.3686868686868687	0.48484848484848486	0.23654106366634486
499.99999999999994	0.37373737373737376	0.48484848484848486	0.32992809001749074
499.99999999999994	0.3787878787878788	0.48484848484848486	0.42936210478962894
499.99999999999994	0.3838383838383838	0.48484848484848486	0.5314801763940746
499.99999999999994	0.3888888888888889	0.48484848484848486	0.6337193153107105
499.99999999999994	0.3939393939393939	0.48484848484848486	0.7312654373747869
499.99999999999994	0.398989898989899	0.48484848484848486	NaN
499.99999999999994	0.40404040404040403	0.48484848484848486	NaN
499.99999999999994	0.4090909090909091	0.48484848484848486	NaN
499.99999999999994	0.41414141414141414	0.48484848484848486	NaN
499.99999999999994	0.41919191919191917	0.48484848484848486	NaN
499.99999999999994	0.42424242424242425	0.48484848484848486	NaN
499.99999999999994	0.4292929292929293	0.48484848484848486	NaN
499.99999999999994	0.43434343434343436	0.48484848484848486	NaN
499.99999999999994	0.4393939393939394	0.48484848484848486	NaN
499.99999999999994	0.4444444444444444	0.48484848484848486	NaN
499.99999999999994	0.4494949494949495	0.48484848484848486	NaN
499.99999999999994	0.45454545454545453	0.48484848484848486	NaN
499.99999999999994	0.4595959595959596	0.48484848484848486	NaN
499.99999999999994	0.46464646464646464	0.48484848484848486	NaN
499.99999999999994	0.4696969696969697	0.48484848484848486	NaN
499.99999999999994	0.47474747474747475	0.48484848484848486	NaN
499.99999999999994	0.4797979797979798	0.48484848484848486	NaN
499.99999999999994	0.48484848484848486	0.48484848484848486	NaN
499.99999999999994	0.4898989898989899	0.48484848484848486	NaN
499.99999999999994	0.494949494949495	0.48484848484848486	NaN
499.99999999999994	0.5	0.48484848484848486	NaN
499.99999999999994	0.0	0.49292929292929294	0.07610587103660883
499.99999999999994	0.005050505050505051	0.49292929292929294	0.07568242894967447
499.99999999999994	0.010101010101010102	0.49292929292929294	0.07526510926752525
499.99999999999994	0.015151515151515152	0.49292929292929294	0.07485118208143646
499.99999999999994	0.020202020202020204	0.49292929292929294	0.07444022464319433
499.99999999999994	0.025252525252525252	0.49292929292929294	0.07403757838335415
499.99999999999994	0.030303030303030304	0.49292929292929294	0.07363700819100584
499.99999999999994	0.03535353535353535	0.49292929292929294	0.07324105947109047
499.99999999999994	0.04040404040404041	0.49292929292929294	0.07284895330102954
499.99999999999994	0.045454545454545456	0.49292929292929294	0.07245991921776825
499.99999999999994	0.050505050505050504	0.49292929292929294	0.07207686450207364
499.99999999999994	0.05555555555555555	0.49292929292929294	0.07169739176676923
499.99999999999994	0.06060606060606061	0.49292929292929294	0.07132244091335446
499.99999999999994	0.06565656565656566	0.49292929292929294	0.07095115242534912
499.99999999999994	0.0707070707070707	0.49292929292929294	0.07058382118269661
499.99999999999994	0.07575757575757576	0.49292929292929294	0.07021909132079583
499.99999999999994	0.08080808080808081	0.49292929292929294	0.06985949017767748
499.99999999999994	0.08585858585858586	0.49292929292929294	0.06950307658063906
499.99999999999994	0.09090909090909091	0.49292929292929294	0.06915110119595819
499.99999999999994	0.09595959595959595	0.49292929292929294	0.0688032356183129
499.99999999999994	0.10101010101010101	0.49292929292929294	0.06845999823524952
499.99999999999994	0.10606060606060606	0.49292929292929294	0.06811907882027754
499.99999999999994	0.1111111111111111	0.49292929292929294	0.06778128424214704
499.99999999999994	0.11616161616161616	0.49292929292929294	0.06744739572981556
499.99999999999994	0.12121212121212122	0.49292929292929294	0.06711641173262022
499.99999999999994	0.12626262626262627	0.49292929292929294	0.06678855427343845
499.99999999999994	0.13131313131313133	0.49292929292929294	0.0664645627601649
499.99999999999994	0.13636363636363635	0.49292929292929294	0.06614485303111337
499.99999999999994	0.1414141414141414	0.49292929292929294	0.06582788959374812
499.99999999999994	0.14646464646464646	0.49292929292929294	0.06551291502229764
499.99999999999994	0.15151515151515152	0.49292929292929294	0.06520137257306334
499.99999999999994	0.15656565656565657	0.49292929292929294	0.06489654804328358
499.99999999999994	0.16161616161616163	0.49292929292929294	0.06459179446401198
499.99999999999994	0.16666666666666666	0.49292929292929294	0.06429126566967949
499.99999999999994	0.1717171717171717	0.49292929292929294	0.06399261358412
499.99999999999994	0.17676767676767677	0.49292929292929294	0.063699401000236
499.99999999999994	0.18181818181818182	0.49292929292929294	0.06340663634868983
499.99999999999994	0.18686868686868688	0.49292929292929294	0.0631196399435588
499.99999999999994	0.1919191919191919	0.49292929292929294	0.06283353208404938
499.99999999999994	0.19696969696969696	0.49292929292929294	0.06255175336784
499.99999999999994	0.20202020202020202	0.49292929292929294	0.06227306048132678
499.99999999999994	0.20707070707070707	0.49292929292929294	0.06199666207449938
499.99999999999994	0.21212121212121213	0.49292929292929294	0.06172341762110972
499.99999999999994	0.21717171717171718	0.49292929292929294	0.061451907852622
499.99999999999994	0.2222222222222222	0.49292929292929294	0.06118533155141198
499.99999999999994	0.22727272727272727	0.49292929292929294	0.0609211844868857
499.99999999999994	0.23232323232323232	0.49292929292929294	0.06065994915182479
499.99999999999994	0.23737373737373738	0.49292929292929294	0.06040277607061547
499.99999999999994	0.24242424242424243	0.49292929292929294	0.06014728363289579
499.99999999999994	0.2474747474747475	0.49292929292929294	0.059893797238703785
499.99999999999994	0.25252525252525254	0.49292929292929294	0.059643402500966815
499.99999999999994	0.25757575757575757	0.49292929292929294	0.05939794849477381
499.99999999999994	0.26262626262626265	0.49292929292929294	0.05915362066108766
499.99999999999994	0.2676767676767677	0.49292929292929294	0.05891209847016849
499.99999999999994	0.2727272727272727	0.49292929292929294	0.058672379502604025
499.99999999999994	0.2777777777777778	0.49292929292929294	0.05843610962060588
499.99999999999994	0.2828282828282828	0.49292929292929294	0.05820208776746102
499.99999999999994	0.2878787878787879	0.49292929292929294	0.05797046435255174
499.99999999999994	0.29292929292929293	0.49292929292929294	0.05773882669937654
499.99999999999994	0.29797979797979796	0.49292929292929294	0.05750991640755257
499.99999999999994	0.30303030303030304	0.49292929292929294	0.057282492477383554
499.99999999999994	0.30808080808080807	0.49292929292929294	0.05705932024164455
499.99999999999994	0.31313131313131315	0.49292929292929294	0.05684226346675481
499.99999999999994	0.3181818181818182	0.49292929292929294	0.0566386328810957
499.99999999999994	0.32323232323232326	0.49292929292929294	0.05646823075600796
499.99999999999994	0.3282828282828283	0.49292929292929294	0.05636535854863414
499.99999999999994	0.3333333333333333	0.49292929292929294	0.05641081264041236
499.99999999999994	0.3383838383838384	0.49292929292929294	0.05678332959658873
499.99999999999994	0.3434343434343434	0.49292929292929294	0.05794885570742412
499.99999999999994	0.3484848484848485	0.49292929292929294	0.0652111169458913
499.99999999999994	0.35353535353535354	0.49292929292929294	0.0924118259760546
499.99999999999994	0.35858585858585856	0.49292929292929294	0.14778212572727492
499.99999999999994	0.36363636363636365	0.49292929292929294	0.22726945485966202
499.99999999999994	0.3686868686868687	0.49292929292929294	0.3199544526361393
499.99999999999994	0.37373737373737376	0.49292929292929294	0.4191885852838843
499.99999999999994	0.3787878787878788	0.49292929292929294	0.521402730646175
499.99999999999994	0.3838383838383838	0.49292929292929294	0.6240340414122391
499.99999999999994	0.3888888888888889	0.49292929292929294	0.7228917455075567
499.99999999999994	0.3939393939393939	0.49292929292929294	NaN
499.99999999999994	0.398989898989899	0.49292929292929294	NaN
499.99999999999994	0.40404040404040403	0.49292929292929294	NaN
499.99999999999994	0.4090909090909091	0.49292929292929294	NaN
499.99999999999994	0.41414141414141414	0.49292929292929294	NaN
499.99999999999994	0.41919191919191917	0.49292929292929294	NaN
499.99999999999994	0.42424242424242425	0.49292929292929294	NaN
499.99999999999994	0.4292929292929293	0.49292929292929294	NaN
499.99999999999994	0.43434343434343436	0.49292929292929294	NaN
499.99999999999994	0.4393939393939394	0.49292929292929294	NaN
499.99999999999994	0.4444444444444444	0.49292929292929294	NaN
499.99999999999994	0.4494949494949495	0.49292929292929294	NaN
499.99999999999994	0.45454545454545453	0.49292929292929294	NaN
499.99999999999994	0.4595959595959596	0.49292929292929294	NaN
499.99999999999994	0.46464646464646464	0.49292929292929294	NaN
499.99999999999994	0.4696969696969697	0.49292929292929294	NaN
499.99999999999994	0.47474747474747475	0.49292929292929294	NaN
499.99999999999994	0.4797979797979798	0.49292929292929294	NaN
499.99999999999994	0.48484848484848486	0.49292929292929294	NaN
499.99999999999994	0.4898989898989899	0.49292929292929294	NaN
499.99999999999994	0.494949494949495	0.49292929292929294	NaN
499.99999999999994	0.5	0.49292929292929294	NaN
499.99999999999994	0.0	0.501010101010101	0.07611258133443925
499.99999999999994	0.005050505050505051	0.501010101010101	0.0756896484057395
499.99999999999994	0.010101010101010102	0.501010101010101	0.07527285954597593
499.99999999999994	0.015151515151515152	0.501010101010101	0.07485983003142772
499.99999999999994	0.020202020202020204	0.501010101010101	0.07444852449656267
499.99999999999994	0.025252525252525252	0.501010101010101	0.07404506946491154
499.99999999999994	0.030303030303030304	0.501010101010101	0.07364462990489326
499.99999999999994	0.03535353535353535	0.501010101010101	0.07325000858064716
499.99999999999994	0.04040404040404041	0.501010101010101	0.07285855620342349
499.99999999999994	0.045454545454545456	0.501010101010101	0.07246976405543012
499.99999999999994	0.050505050505050504	0.501010101010101	0.07208692469867213
499.99999999999994	0.05555555555555555	0.501010101010101	0.07170732023931417
499.99999999999994	0.06060606060606061	0.501010101010101	0.0713325417273371
499.99999999999994	0.06565656565656566	0.501010101010101	0.07096258739594723
499.99999999999994	0.0707070707070707	0.501010101010101	0.07059698884843689
499.99999999999994	0.07575757575757576	0.501010101010101	0.07023369961638551
499.99999999999994	0.08080808080808081	0.501010101010101	0.06987490605575374
499.99999999999994	0.08585858585858586	0.501010101010101	0.06951992154021526
499.99999999999994	0.09090909090909091	0.501010101010101	0.06916833243949995
499.99999999999994	0.09595959595959595	0.501010101010101	0.06881954425352518
499.99999999999994	0.10101010101010101	0.501010101010101	0.06847563859362071
499.99999999999994	0.10606060606060606	0.501010101010101	0.06813474380306475
499.99999999999994	0.1111111111111111	0.501010101010101	0.06779672107880107
499.99999999999994	0.11616161616161616	0.501010101010101	0.06746226764465603
499.99999999999994	0.12121212121212122	0.501010101010101	0.06713164499398848
499.99999999999994	0.12626262626262627	0.501010101010101	0.06680647165677944
499.99999999999994	0.13131313131313133	0.501010101010101	0.06648378115806865
499.99999999999994	0.13636363636363635	0.501010101010101	0.06616396288563853
499.99999999999994	0.1414141414141414	0.501010101010101	0.06584584677778334
499.99999999999994	0.14646464646464646	0.501010101010101	0.06553471416274095
499.99999999999994	0.15151515151515152	0.501010101010101	0.0652252003599292
499.99999999999994	0.15656565656565657	0.501010101010101	0.06491592161707005
499.99999999999994	0.16161616161616163	0.501010101010101	0.0646136863883047
499.99999999999994	0.16666666666666666	0.501010101010101	0.06431264381887924
499.99999999999994	0.1717171717171717	0.501010101010101	0.06401679952018993
499.99999999999994	0.17676767676767677	0.501010101010101	0.06372047198918977
499.99999999999994	0.18181818181818182	0.501010101010101	0.06343145562055762
499.99999999999994	0.18686868686868688	0.501010101010101	0.06314423427067459
499.99999999999994	0.1919191919191919	0.501010101010101	0.06285859427686395
499.99999999999994	0.19696969696969696	0.501010101010101	0.06257746099309391
499.99999999999994	0.20202020202020202	0.501010101010101	0.062299330203076854
499.99999999999994	0.20707070707070707	0.501010101010101	0.062022420445881764
499.99999999999994	0.21212121212121213	0.501010101010101	0.06175049769176813
499.99999999999994	0.21717171717171718	0.501010101010101	0.061481412673650315
499.99999999999994	0.2222222222222222	0.501010101010101	0.06121525859358808
499.99999999999994	0.22727272727272727	0.501010101010101	0.060949754184383
499.99999999999994	0.23232323232323232	0.501010101010101	0.06069020600274552
499.99999999999994	0.23737373737373738	0.501010101010101	0.06043353006986685
499.99999999999994	0.24242424242424243	0.501010101010101	0.06017855501683532
499.99999999999994	0.2474747474747475	0.501010101010101	0.05992586912466716
499.99999999999994	0.25252525252525254	0.501010101010101	0.05967868927247409
499.99999999999994	0.25757575757575757	0.501010101010101	0.05943029238062594
499.99999999999994	0.26262626262626265	0.501010101010101	0.05918775844945308
499.99999999999994	0.2676767676767677	0.501010101010101	0.05894599764312061
499.99999999999994	0.2727272727272727	0.501010101010101	0.058708974155271806
499.99999999999994	0.2777777777777778	0.501010101010101	0.05847201094511219
499.99999999999994	0.2828282828282828	0.501010101010101	0.05823820937223452
499.99999999999994	0.2878787878787879	0.501010101010101	0.058004340978204
499.99999999999994	0.29292929292929293	0.501010101010101	0.057774185739659846
499.99999999999994	0.29797979797979796	0.501010101010101	0.057544652366100256
499.99999999999994	0.30303030303030304	0.501010101010101	0.05731666313077022
499.99999999999994	0.30808080808080807	0.501010101010101	0.057096928515932774
499.99999999999994	0.31313131313131315	0.501010101010101	0.05689025090852591
499.99999999999994	0.3181818181818182	0.501010101010101	0.05671156318030678
499.99999999999994	0.32323232323232326	0.501010101010101	0.05659518245854072
499.99999999999994	0.3282828282828283	0.501010101010101	0.05661448110672123
499.99999999999994	0.3333333333333333	0.501010101010101	0.05693123071166941
499.99999999999994	0.3383838383838384	0.501010101010101	0.05795287969822685
499.99999999999994	0.3434343434343434	0.501010101010101	0.06341473816095382
499.99999999999994	0.3484848484848485	0.501010101010101	0.08819196184965107
499.99999999999994	0.35353535353535354	0.501010101010101	0.14044516443372826
499.99999999999994	0.35858585858585856	0.501010101010101	0.2180969956497436
499.99999999999994	0.36363636363636365	0.501010101010101	0.3100011232492049
499.99999999999994	0.3686868686868687	0.501010101010101	0.40899562569632514
499.99999999999994	0.37373737373737376	0.501010101010101	0.5112789277465738
499.99999999999994	0.3787878787878788	0.501010101010101	0.6142631421925795
499.99999999999994	0.3838383838383838	0.501010101010101	0.7142223480617201
499.99999999999994	0.3888888888888889	0.501010101010101	NaN
499.99999999999994	0.3939393939393939	0.501010101010101	NaN
499.99999999999994	0.398989898989899	0.501010101010101	NaN
499.99999999999994	0.40404040404040403	0.501010101010101	NaN
499.99999999999994	0.4090909090909091	0.501010101010101	NaN
499.99999999999994	0.41414141414141414	0.501010101010101	NaN
499.99999999999994	0.41919191919191917	0.501010101010101	NaN
499.99999999999994	0.42424242424242425	0.501010101010101	NaN
499.99999999999994	0.4292929292929293	0.501010101010101	NaN
499.99999999999994	0.43434343434343436	0.501010101010101	NaN
499.99999999999994	0.4393939393939394	0.501010101010101	NaN
499.99999999999994	0.4444444444444444	0.501010101010101	NaN
499.99999999999994	0.4494949494949495	0.501010101010101	NaN
499.99999999999994	0.45454545454545453	0.501010101010101	NaN
499.99999999999994	0.4595959595959596	0.501010101010101	NaN
499.99999999999994	0.46464646464646464	0.501010101010101	NaN
499.99999999999994	0.4696969696969697	0.501010101010101	NaN
499.99999999999994	0.47474747474747475	0.501010101010101	NaN
499.99999999999994	0.4797979797979798	0.501010101010101	NaN
499.99999999999994	0.48484848484848486	0.501010101010101	NaN
499.99999999999994	0.4898989898989899	0.501010101010101	NaN
499.99999999999994	0.494949494949495	0.501010101010101	NaN
499.99999999999994	0.5	0.501010101010101	NaN
499.99999999999994	0.0	0.509090909090909	0.07611999979587719
499.99999999999994	0.005050505050505051	0.509090909090909	0.07569652070483512
499.99999999999994	0.010101010101010102	0.509090909090909	0.07528025519879662
499.99999999999994	0.015151515151515152	0.509090909090909	0.0748656232963038
499.99999999999994	0.020202020202020204	0.509090909090909	0.07445623321055814
499.99999999999994	0.025252525252525252	0.509090909090909	0.07405261963533445
499.99999999999994	0.030303030303030304	0.509090909090909	0.07365328770626975
499.99999999999994	0.03535353535353535	0.509090909090909	0.0732592279236593
499.99999999999994	0.04040404040404041	0.509090909090909	0.07286890436177927
499.99999999999994	0.045454545454545456	0.509090909090909	0.07248166660752164
499.99999999999994	0.050505050505050504	0.509090909090909	0.07209937248493967
499.99999999999994	0.05555555555555555	0.509090909090909	0.07172123892491554
499.99999999999994	0.06060606060606061	0.509090909090909	0.07134609124700837
499.99999999999994	0.06565656565656566	0.509090909090909	0.07097636998573378
499.99999999999994	0.0707070707070707	0.509090909090909	0.07061113429137293
499.99999999999994	0.07575757575757576	0.509090909090909	0.07024891618715276
499.99999999999994	0.08080808080808081	0.509090909090909	0.06988978763656731
499.99999999999994	0.08585858585858586	0.509090909090909	0.06953560979012816
499.99999999999994	0.09090909090909091	0.509090909090909	0.06918421544772457
499.99999999999994	0.09595959595959595	0.509090909090909	0.068836628565475
499.99999999999994	0.10101010101010101	0.509090909090909	0.06849133484711038
499.99999999999994	0.10606060606060606	0.509090909090909	0.06815054987400299
499.99999999999994	0.1111111111111111	0.509090909090909	0.06781416539791783
499.99999999999994	0.11616161616161616	0.509090909090909	0.06748199354089973
499.99999999999994	0.12121212121212122	0.509090909090909	0.06715306301508857
499.99999999999994	0.12626262626262627	0.509090909090909	0.06682615520458728
499.99999999999994	0.13131313131313133	0.509090909090909	0.06650226631258299
499.99999999999994	0.13636363636363635	0.509090909090909	0.06618320704914986
499.99999999999994	0.1414141414141414	0.509090909090909	0.06586833164698996
499.99999999999994	0.14646464646464646	0.509090909090909	0.0655541783795233
499.99999999999994	0.15151515151515152	0.509090909090909	0.0652438005350194
499.99999999999994	0.15656565656565657	0.509090909090909	0.06493948992570482
499.99999999999994	0.16161616161616163	0.509090909090909	0.06463495636891825
499.99999999999994	0.16666666666666666	0.509090909090909	0.06433581868657359
499.99999999999994	0.1717171717171717	0.509090909090909	0.06404029386052311
499.99999999999994	0.17676767676767677	0.509090909090909	0.06374361160330994
499.99999999999994	0.18181818181818182	0.509090909090909	0.06345602392262273
499.99999999999994	0.18686868686868688	0.509090909090909	0.06316921187537786
499.99999999999994	0.1919191919191919	0.509090909090909	0.06288475105171183
499.99999999999994	0.19696969696969696	0.509090909090909	0.06260294687515316
499.99999999999994	0.20202020202020202	0.509090909090909	0.06232421159616995
499.99999999999994	0.20707070707070707	0.509090909090909	0.06205137994273432
499.99999999999994	0.21212121212121213	0.509090909090909	0.061777579092475166
499.99999999999994	0.21717171717171718	0.509090909090909	0.0615103666882615
499.99999999999994	0.2222222222222222	0.509090909090909	0.061245237767924336
499.99999999999994	0.22727272727272727	0.509090909090909	0.060980665989229764
499.99999999999994	0.23232323232323232	0.509090909090909	0.060720345723891775
499.99999999999994	0.23737373737373738	0.509090909090909	0.060464146862297244
499.99999999999994	0.24242424242424243	0.509090909090909	0.06021176586731981
499.99999999999994	0.2474747474747475	0.509090909090909	0.05996058618384455
499.99999999999994	0.25252525252525254	0.509090909090909	0.059711005556882135
499.99999999999994	0.25757575757575757	0.509090909090909	0.05946556041420389
499.99999999999994	0.26262626262626265	0.509090909090909	0.05922170817305843
499.99999999999994	0.2676767676767677	0.509090909090909	0.05898321902851013
499.99999999999994	0.2727272727272727	0.509090909090909	0.05874345814458709
499.99999999999994	0.2777777777777778	0.509090909090909	0.058507643501008635
499.99999999999994	0.2828282828282828	0.509090909090909	0.0582716472118635
499.99999999999994	0.2878787878787879	0.509090909090909	0.058039487033695034
499.99999999999994	0.29292929292929293	0.509090909090909	0.057808558272661216
499.99999999999994	0.29797979797979796	0.509090909090909	0.05757863246595288
499.99999999999994	0.30303030303030304	0.509090909090909	0.05735590596280801
499.99999999999994	0.30808080808080807	0.509090909090909	0.057143473521751614
499.99999999999994	0.31313131313131315	0.509090909090909	0.05695725481187462
499.99999999999994	0.3181818181818182	0.509090909090909	0.05682789128733474
499.99999999999994	0.32323232323232326	0.509090909090909	0.05682276345919473
499.99999999999994	0.3282828282828283	0.509090909090909	0.0570901360876335
499.99999999999994	0.3333333333333333	0.509090909090909	0.05798654141192706
499.99999999999994	0.3383838383838384	0.509090909090909	0.06177358443065818
499.99999999999994	0.3434343434343434	0.509090909090909	0.08431637363939777
499.99999999999994	0.3484848484848485	0.509090909090909	0.13337961829785994
499.99999999999994	0.35353535353535354	0.509090909090909	0.2090364728804034
499.99999999999994	0.35858585858585856	0.509090909090909	0.3000740098016535
499.99999999999994	0.36363636363636365	0.509090909090909	0.3987863173135833
499.99999999999994	0.3686868686868687	0.509090909090909	0.5011114216886631
499.99999999999994	0.37373737373737376	0.509090909090909	0.6044128473044688
499.99999999999994	0.3787878787878788	0.509090909090909	0.7053141799266576
499.99999999999994	0.3838383838383838	0.509090909090909	NaN
499.99999999999994	0.3888888888888889	0.509090909090909	NaN
499.99999999999994	0.3939393939393939	0.509090909090909	NaN
499.99999999999994	0.398989898989899	0.509090909090909	NaN
499.99999999999994	0.40404040404040403	0.509090909090909	NaN
499.99999999999994	0.4090909090909091	0.509090909090909	NaN
499.99999999999994	0.41414141414141414	0.509090909090909	NaN
499.99999999999994	0.41919191919191917	0.509090909090909	NaN
499.99999999999994	0.42424242424242425	0.509090909090909	NaN
499.99999999999994	0.4292929292929293	0.509090909090909	NaN
499.99999999999994	0.43434343434343436	0.509090909090909	NaN
499.99999999999994	0.4393939393939394	0.509090909090909	NaN
499.99999999999994	0.4444444444444444	0.509090909090909	NaN
499.99999999999994	0.4494949494949495	0.509090909090909	NaN
499.99999999999994	0.45454545454545453	0.509090909090909	NaN
499.99999999999994	0.4595959595959596	0.509090909090909	NaN
499.99999999999994	0.46464646464646464	0.509090909090909	NaN
499.99999999999994	0.4696969696969697	0.509090909090909	NaN
499.99999999999994	0.47474747474747475	0.509090909090909	NaN
499.99999999999994	0.4797979797979798	0.509090909090909	NaN
499.99999999999994	0.48484848484848486	0.509090909090909	NaN
499.99999999999994	0.4898989898989899	0.509090909090909	NaN
499.99999999999994	0.494949494949495	0.509090909090909	NaN
499.99999999999994	0.5	0.509090909090909	NaN
499.99999999999994	0.0	0.5171717171717172	0.07612737228628871
499.99999999999994	0.005050505050505051	0.5171717171717172	0.07570506728406318
499.99999999999994	0.010101010101010102	0.5171717171717172	0.07528733657210744
499.99999999999994	0.015151515151515152	0.5171717171717172	0.0748759066019049
499.99999999999994	0.020202020202020204	0.5171717171717172	0.074466666113848
499.99999999999994	0.025252525252525252	0.5171717171717172	0.07406381163076657
499.99999999999994	0.030303030303030304	0.5171717171717172	0.07366391884834227
499.99999999999994	0.03535353535353535	0.5171717171717172	0.07326990379886768
499.99999999999994	0.04040404040404041	0.5171717171717172	0.07288030178483293
499.99999999999994	0.045454545454545456	0.5171717171717172	0.07249497050385093
499.99999999999994	0.050505050505050504	0.5171717171717172	0.07211222247063694
499.99999999999994	0.05555555555555555	0.5171717171717172	0.07173522416095926
499.99999999999994	0.06060606060606061	0.5171717171717172	0.07136070127212343
499.99999999999994	0.06565656565656566	0.5171717171717172	0.07099036829262725
499.99999999999994	0.0707070707070707	0.5171717171717172	0.07062404730397989
499.99999999999994	0.07575757575757576	0.5171717171717172	0.0702627576766721
499.99999999999994	0.08080808080808081	0.5171717171717172	0.06990438734802866
499.99999999999994	0.08585858585858586	0.5171717171717172	0.06954948063391722
499.99999999999994	0.09090909090909091	0.5171717171717172	0.06919859073576234
499.99999999999994	0.09595959595959595	0.5171717171717172	0.06885121926438147
499.99999999999994	0.10101010101010101	0.5171717171717172	0.06850797290933923
499.99999999999994	0.10606060606060606	0.5171717171717172	0.06816881452730374
499.99999999999994	0.1111111111111111	0.5171717171717172	0.06783326909409927
499.99999999999994	0.11616161616161616	0.5171717171717172	0.0675007339736965
499.99999999999994	0.12121212121212122	0.5171717171717172	0.06717086375928939
499.99999999999994	0.12626262626262627	0.5171717171717172	0.06684412455988106
499.99999999999994	0.13131313131313133	0.5171717171717172	0.0665230323770693
499.99999999999994	0.13636363636363635	0.5171717171717172	0.06620342362215531
499.99999999999994	0.1414141414141414	0.5171717171717172	0.06588665489445254
499.99999999999994	0.14646464646464646	0.5171717171717172	0.06557686600195892
499.99999999999994	0.15151515151515152	0.5171717171717172	0.0652674933068524
499.99999999999994	0.15656565656565657	0.5171717171717172	0.06496091955288008
499.99999999999994	0.16161616161616163	0.5171717171717172	0.0646587570085161
499.99999999999994	0.16666666666666666	0.5171717171717172	0.06435987920341729
499.99999999999994	0.1717171717171717	0.5171717171717172	0.06406366206988952
499.99999999999994	0.17676767676767677	0.5171717171717172	0.0637685480784765
499.99999999999994	0.18181818181818182	0.5171717171717172	0.0634805726246147
499.99999999999994	0.18686868686868688	0.5171717171717172	0.06319373884313795
499.99999999999994	0.1919191919191919	0.5171717171717172	0.06291002082862705
499.99999999999994	0.19696969696969696	0.5171717171717172	0.06263142525748838
499.99999999999994	0.20202020202020202	0.5171717171717172	0.06235390918010903
499.99999999999994	0.20707070707070707	0.5171717171717172	0.06207860979851661
499.99999999999994	0.21212121212121213	0.5171717171717172	0.061808466308349325
499.99999999999994	0.21717171717171718	0.5171717171717172	0.06154004086318049
499.99999999999994	0.2222222222222222	0.5171717171717172	0.061275881075800814
499.99999999999994	0.22727272727272727	0.5171717171717172	0.0610128458477813
499.99999999999994	0.23232323232323232	0.5171717171717172	0.0607531855270521
499.99999999999994	0.23737373737373738	0.5171717171717172	0.06049771309540459
499.99999999999994	0.24242424242424243	0.5171717171717172	0.060243474809762325
499.99999999999994	0.2474747474747475	0.5171717171717172	0.05999460911738764
499.99999999999994	0.25252525252525254	0.5171717171717172	0.05974512999106548
499.99999999999994	0.25757575757575757	0.5171717171717172	0.05950109216814112
499.99999999999994	0.26262626262626265	0.5171717171717172	0.05925885587416291
499.99999999999994	0.2676767676767677	0.5171717171717172	0.05901729861013953
499.99999999999994	0.2727272727272727	0.5171717171717172	0.05877937020313732
499.99999999999994	0.2777777777777778	0.5171717171717172	0.05854086160037338
499.99999999999994	0.2828282828282828	0.5171717171717172	0.05830676932005546
499.99999999999994	0.2878787878787879	0.5171717171717172	0.05807329592236658
499.99999999999994	0.29292929292929293	0.5171717171717172	0.05784189696842356
499.99999999999994	0.29797979797979796	0.5171717171717172	0.05761524116780284
499.99999999999994	0.30303030303030304	0.5171717171717172	0.05739852442854119
499.99999999999994	0.30808080808080807	0.5171717171717172	0.05720693102550259
499.99999999999994	0.31313131313131315	0.5171717171717172	0.05706595674051509
499.99999999999994	0.3181818181818182	0.5171717171717172	0.057037681486676935
499.99999999999994	0.32323232323232326	0.5171717171717172	0.05725854849973486
499.99999999999994	0.3282828282828283	0.5171717171717172	0.05804502341662241
499.99999999999994	0.3333333333333333	0.5171717171717172	0.06077480850056268
499.99999999999994	0.3383838383838384	0.5171717171717172	0.08077254467378034
499.99999999999994	0.3434343434343434	0.5171717171717172	0.12660605257665797
499.99999999999994	0.3484848484848485	0.5171717171717172	0.20010180327014399
499.99999999999994	0.35353535353535354	0.5171717171717172	0.29017954597915285
499.99999999999994	0.35858585858585856	0.5171717171717172	0.38856393147028884
499.99999999999994	0.36363636363636365	0.5171717171717172	0.49090279914893564
499.99999999999994	0.3686868686868687	0.5171717171717172	0.5944885159117647
499.99999999999994	0.37373737373737376	0.5171717171717172	0.6962073972873051
499.99999999999994	0.3787878787878788	0.5171717171717172	NaN
499.99999999999994	0.3838383838383838	0.5171717171717172	NaN
499.99999999999994	0.3888888888888889	0.5171717171717172	NaN
499.99999999999994	0.3939393939393939	0.5171717171717172	NaN
499.99999999999994	0.398989898989899	0.5171717171717172	NaN
499.99999999999994	0.40404040404040403	0.5171717171717172	NaN
499.99999999999994	0.4090909090909091	0.5171717171717172	NaN
499.99999999999994	0.41414141414141414	0.5171717171717172	NaN
499.99999999999994	0.41919191919191917	0.5171717171717172	NaN
499.99999999999994	0.42424242424242425	0.5171717171717172	NaN
499.99999999999994	0.4292929292929293	0.5171717171717172	NaN
499.99999999999994	0.43434343434343436	0.5171717171717172	NaN
499.99999999999994	0.4393939393939394	0.5171717171717172	NaN
499.99999999999994	0.4444444444444444	0.5171717171717172	NaN
499.99999999999994	0.4494949494949495	0.5171717171717172	NaN
499.99999999999994	0.45454545454545453	0.5171717171717172	NaN
499.99999999999994	0.4595959595959596	0.5171717171717172	NaN
499.99999999999994	0.46464646464646464	0.5171717171717172	NaN
499.99999999999994	0.4696969696969697	0.5171717171717172	NaN
499.99999999999994	0.47474747474747475	0.5171717171717172	NaN
499.99999999999994	0.4797979797979798	0.5171717171717172	NaN
499.99999999999994	0.48484848484848486	0.5171717171717172	NaN
499.99999999999994	0.4898989898989899	0.5171717171717172	NaN
499.99999999999994	0.494949494949495	0.5171717171717172	NaN
499.99999999999994	0.5	0.5171717171717172	NaN
499.99999999999994	0.0	0.5252525252525253	0.07613429774225029
499.99999999999994	0.005050505050505051	0.5252525252525253	0.07571337292153688
499.99999999999994	0.010101010101010102	0.5252525252525253	0.07529686826358445
499.99999999999994	0.015151515151515152	0.5252525252525253	0.07488565414601732
499.99999999999994	0.020202020202020204	0.5252525252525253	0.07447755486892743
499.99999999999994	0.025252525252525252	0.5252525252525253	0.07407481642681844
499.99999999999994	0.030303030303030304	0.5252525252525253	0.07367602476590666
499.99999999999994	0.03535353535353535	0.5252525252525253	0.07328089037364613
499.99999999999994	0.04040404040404041	0.5252525252525253	0.07289146988838469
499.99999999999994	0.045454545454545456	0.5252525252525253	0.07250723331830261
499.99999999999994	0.050505050505050504	0.5252525252525253	0.07212536025193596
499.99999999999994	0.05555555555555555	0.5252525252525253	0.07174803159606231
499.99999999999994	0.06060606060606061	0.5252525252525253	0.0713747553503344
499.99999999999994	0.06565656565656566	0.5252525252525253	0.07100511442041434
499.99999999999994	0.0707070707070707	0.5252525252525253	0.07063796335059125
499.99999999999994	0.07575757575757576	0.5252525252525253	0.07027648951274261
499.99999999999994	0.08080808080808081	0.5252525252525253	0.06991794908298998
499.99999999999994	0.08585858585858586	0.5252525252525253	0.069562763512789
499.99999999999994	0.09090909090909091	0.5252525252525253	0.06921349589701889
499.99999999999994	0.09595959595959595	0.5252525252525253	0.06886796077322556
499.99999999999994	0.10101010101010101	0.5252525252525253	0.06852618481295661
499.99999999999994	0.10606060606060606	0.5252525252525253	0.0681867902737883
499.99999999999994	0.1111111111111111	0.5252525252525253	0.06785002085875182
499.99999999999994	0.11616161616161616	0.5252525252525253	0.06751610720265297
499.99999999999994	0.12121212121212122	0.5252525252525253	0.06718847254351264
499.99999999999994	0.12626262626262627	0.5252525252525253	0.06686463856113264
499.99999999999994	0.13131313131313133	0.5252525252525253	0.06654263800848934
499.99999999999994	0.13636363636363635	0.5252525252525253	0.06622419054667066
499.99999999999994	0.1414141414141414	0.5252525252525253	0.06591010607704792
499.99999999999994	0.14646464646464646	0.5252525252525253	0.06559515670578127
499.99999999999994	0.15151515151515152	0.5252525252525253	0.06528949090020365
499.99999999999994	0.15656565656565657	0.5252525252525253	0.06498272776727666
499.99999999999994	0.16161616161616163	0.5252525252525253	0.06468252635486726
499.99999999999994	0.16666666666666666	0.5252525252525253	0.06438412822239302
499.99999999999994	0.1717171717171717	0.5252525252525253	0.06408807490772635
499.99999999999994	0.17676767676767677	0.5252525252525253	0.06379390143423952
499.99999999999994	0.18181818181818182	0.5252525252525253	0.06350571918623903
499.99999999999994	0.18686868686868688	0.5252525252525253	0.06322061634205148
499.99999999999994	0.1919191919191919	0.5252525252525253	0.06293810944761137
499.99999999999994	0.19696969696969696	0.5252525252525253	0.06265675190364606
499.99999999999994	0.20202020202020202	0.5252525252525253	0.0623823636299378
499.99999999999994	0.20707070707070707	0.5252525252525253	0.06210677643350015
499.99999999999994	0.21212121212121213	0.5252525252525253	0.06183839164438708
499.99999999999994	0.21717171717171718	0.5252525252525253	0.06157070028810617
499.99999999999994	0.2222222222222222	0.5252525252525253	0.061307353957631656
499.99999999999994	0.22727272727272727	0.5252525252525253	0.061045517700784216
499.99999999999994	0.23232323232323232	0.5252525252525253	0.060787247544884286
499.99999999999994	0.23737373737373738	0.5252525252525253	0.060530386645452586
499.99999999999994	0.24242424242424243	0.5252525252525253	0.0602792402508127
499.99999999999994	0.2474747474747475	0.5252525252525253	0.06002858126885102
499.99999999999994	0.25252525252525254	0.5252525252525253	0.059780613616996735
499.99999999999994	0.25757575757575757	0.5252525252525253	0.05953647788618295
499.99999999999994	0.26262626262626265	0.5252525252525253	0.059294247977382315
499.99999999999994	0.2676767676767677	0.5252525252525253	0.05905284821852132
499.99999999999994	0.2727272727272727	0.5252525252525253	0.05881318506234657
499.99999999999994	0.2777777777777778	0.5252525252525253	0.058576147357438275
499.99999999999994	0.2828282828282828	0.5252525252525253	0.05834090074873102
499.99999999999994	0.2878787878787879	0.5252525252525253	0.05810654227779568
499.99999999999994	0.29292929292929293	0.5252525252525253	0.05787650600788603
499.99999999999994	0.29797979797979796	0.5252525252525253	0.05765761807504468
499.99999999999994	0.30303030303030304	0.5252525252525253	0.05745794543122472
499.99999999999994	0.30808080808080807	0.5252525252525253	0.05730634228143163
499.99999999999994	0.31313131313131315	0.5252525252525253	0.05725755821391763
499.99999999999994	0.3181818181818182	0.5252525252525253	0.05743581311866752
499.99999999999994	0.32323232323232326	0.5252525252525253	0.05812490088329931
499.99999999999994	0.3282828282828283	0.5252525252525253	0.06032995849599573
499.99999999999994	0.3333333333333333	0.5252525252525253	0.07754361709993997
499.99999999999994	0.3383838383838384	0.5252525252525253	0.12014421252077694
499.99999999999994	0.3434343434343434	0.5252525252525253	0.19130809526565815
499.99999999999994	0.3484848484848485	0.5252525252525253	0.2803247492835319
499.99999999999994	0.35353535353535354	0.5252525252525253	0.37833194740198683
499.99999999999994	0.35858585858585856	0.5252525252525253	0.4806556107235313
499.99999999999994	0.36363636363636365	0.5252525252525253	0.5844948212877297
499.99999999999994	0.3686868686868687	0.5252525252525253	0.6869313790348383
499.99999999999994	0.37373737373737376	0.5252525252525253	0.7763210008353143
499.99999999999994	0.3787878787878788	0.5252525252525253	NaN
499.99999999999994	0.3838383838383838	0.5252525252525253	NaN
499.99999999999994	0.3888888888888889	0.5252525252525253	NaN
499.99999999999994	0.3939393939393939	0.5252525252525253	NaN
499.99999999999994	0.398989898989899	0.5252525252525253	NaN
499.99999999999994	0.40404040404040403	0.5252525252525253	NaN
499.99999999999994	0.4090909090909091	0.5252525252525253	NaN
499.99999999999994	0.41414141414141414	0.5252525252525253	NaN
499.99999999999994	0.41919191919191917	0.5252525252525253	NaN
499.99999999999994	0.42424242424242425	0.5252525252525253	NaN
499.99999999999994	0.4292929292929293	0.5252525252525253	NaN
499.99999999999994	0.43434343434343436	0.5252525252525253	NaN
499.99999999999994	0.4393939393939394	0.5252525252525253	NaN
499.99999999999994	0.4444444444444444	0.5252525252525253	NaN
499.99999999999994	0.4494949494949495	0.5252525252525253	NaN
499.99999999999994	0.45454545454545453	0.5252525252525253	NaN
499.99999999999994	0.4595959595959596	0.5252525252525253	NaN
499.99999999999994	0.46464646464646464	0.5252525252525253	NaN
499.99999999999994	0.4696969696969697	0.5252525252525253	NaN
499.99999999999994	0.47474747474747475	0.5252525252525253	NaN
499.99999999999994	0.4797979797979798	0.5252525252525253	NaN
499.99999999999994	0.48484848484848486	0.5252525252525253	NaN
499.99999999999994	0.4898989898989899	0.5252525252525253	NaN
499.99999999999994	0.494949494949495	0.5252525252525253	NaN
499.99999999999994	0.5	0.5252525252525253	NaN
499.99999999999994	0.0	0.5333333333333333	0.07614054388665675
499.99999999999994	0.005050505050505051	0.5333333333333333	0.07572060970138055
499.99999999999994	0.010101010101010102	0.5333333333333333	0.07530473778029294
499.99999999999994	0.015151515151515152	0.5333333333333333	0.07489444147891217
499.99999999999994	0.020202020202020204	0.5333333333333333	0.0744879067198168
499.99999999999994	0.025252525252525252	0.5333333333333333	0.0740849736032374
499.99999999999994	0.030303030303030304	0.5333333333333333	0.07368770368888208
499.99999999999994	0.03535353535353535	0.5333333333333333	0.07329320460994283
499.99999999999994	0.04040404040404041	0.5333333333333333	0.072902715181009
499.99999999999994	0.045454545454545456	0.5333333333333333	0.07251820914468414
499.99999999999994	0.050505050505050504	0.5333333333333333	0.07213756718291009
499.99999999999994	0.05555555555555555	0.5333333333333333	0.07175993070274186
499.99999999999994	0.06060606060606061	0.5333333333333333	0.07138743596358094
499.99999999999994	0.06565656565656566	0.5333333333333333	0.07101797428758773
499.99999999999994	0.0707070707070707	0.5333333333333333	0.07065219259696288
499.99999999999994	0.07575757575757576	0.5333333333333333	0.07029108104855455
499.99999999999994	0.08080808080808081	0.5333333333333333	0.06993520704139738
499.99999999999994	0.08585858585858586	0.5333333333333333	0.0695819210105869
499.99999999999994	0.09090909090909091	0.5333333333333333	0.06923252974454028
499.99999999999994	0.09595959595959595	0.5333333333333333	0.0688858742095182
499.99999999999994	0.10101010101010101	0.5333333333333333	0.06854304905446973
499.99999999999994	0.10606060606060606	0.5333333333333333	0.06820335435076558
499.99999999999994	0.1111111111111111	0.5333333333333333	0.06786920893232061
499.99999999999994	0.11616161616161616	0.5333333333333333	0.06753855699680032
499.99999999999994	0.12121212121212122	0.5333333333333333	0.06721053833875851
499.99999999999994	0.12626262626262627	0.5333333333333333	0.06688360302736637
499.99999999999994	0.13131313131313133	0.5333333333333333	0.0665638652425868
499.99999999999994	0.13636363636363635	0.5333333333333333	0.06624479533129364
499.99999999999994	0.1414141414141414	0.5333333333333333	0.06593065547554439
499.99999999999994	0.14646464646464646	0.5333333333333333	0.06562070289588087
499.99999999999994	0.15151515151515152	0.5333333333333333	0.06531093750582027
499.99999999999994	0.15656565656565657	0.5333333333333333	0.0650068623906011
499.99999999999994	0.16161616161616163	0.5333333333333333	0.06470592731770242
499.99999999999994	0.16666666666666666	0.5333333333333333	0.0644087206005329
499.99999999999994	0.1717171717171717	0.5333333333333333	0.06411386399122791
499.99999999999994	0.17676767676767677	0.5333333333333333	0.06382104315464501
499.99999999999994	0.18181818181818182	0.5333333333333333	0.06353358156018818
499.99999999999994	0.18686868686868688	0.5333333333333333	0.06324816691804218
499.99999999999994	0.1919191919191919	0.5333333333333333	0.06296532233922097
499.99999999999994	0.19696969696969696	0.5333333333333333	0.06268701183918339
499.99999999999994	0.20202020202020202	0.5333333333333333	0.062410289877253056
499.99999999999994	0.20707070707070707	0.5333333333333333	0.06213745370024542
499.99999999999994	0.21212121212121213	0.5333333333333333	0.06186864868262972
499.99999999999994	0.21717171717171718	0.5333333333333333	0.06160117500278662
499.99999999999994	0.2222222222222222	0.5333333333333333	0.061338850670379606
499.99999999999994	0.22727272727272727	0.5333333333333333	0.06107722512058383
499.99999999999994	0.23232323232323232	0.5333333333333333	0.06081940790227068
499.99999999999994	0.23737373737373738	0.5333333333333333	0.06056431082252257
499.99999999999994	0.24242424242424243	0.5333333333333333	0.06031334733989633
499.99999999999994	0.2474747474747475	0.5333333333333333	0.06006378630407625
499.99999999999994	0.25252525252525254	0.5333333333333333	0.059816309167314355
499.99999999999994	0.25757575757575757	0.5333333333333333	0.05957218382676302
499.99999999999994	0.26262626262626265	0.5333333333333333	0.05932949588520017
499.99999999999994	0.2676767676767677	0.5333333333333333	0.05908671129895275
499.99999999999994	0.2727272727272727	0.5333333333333333	0.05884737388900864
499.99999999999994	0.2777777777777778	0.5333333333333333	0.058609296237360095
499.99999999999994	0.2828282828282828	0.5333333333333333	0.0583727982334133
499.99999999999994	0.2878787878787879	0.5333333333333333	0.05814196193216995
499.99999999999994	0.29292929292929293	0.5333333333333333	0.057917278658791295
499.99999999999994	0.29797979797979796	0.5333333333333333	0.057711910834052464
499.99999999999994	0.30303030303030304	0.5333333333333333	0.05754952859184538
499.99999999999994	0.30808080808080807	0.5333333333333333	0.05748252540743325
499.99999999999994	0.31313131313131315	0.5333333333333333	0.057621209924921514
499.99999999999994	0.3181818181818182	0.5333333333333333	0.0582231331335732
499.99999999999994	0.32323232323232326	0.5333333333333333	0.060081245159473724
499.99999999999994	0.3282828282828283	0.5333333333333333	0.07460926865801691
499.99999999999994	0.3333333333333333	0.5333333333333333	0.1140122811196355
499.99999999999994	0.3383838383838384	0.5333333333333333	0.18267169334204186
499.99999999999994	0.3434343434343434	0.5333333333333333	0.270517285105609
499.99999999999994	0.3484848484848485	0.5333333333333333	0.3680940828058853
499.99999999999994	0.35353535353535354	0.5333333333333333	0.47037240245784795
499.99999999999994	0.35858585858585856	0.5333333333333333	0.5744358996740917
499.99999999999994	0.36363636363636365	0.5333333333333333	0.6775082768676257
499.99999999999994	0.3686868686868687	0.5333333333333333	0.7707636116282885
499.99999999999994	0.37373737373737376	0.5333333333333333	NaN
499.99999999999994	0.3787878787878788	0.5333333333333333	NaN
499.99999999999994	0.3838383838383838	0.5333333333333333	NaN
499.99999999999994	0.3888888888888889	0.5333333333333333	NaN
499.99999999999994	0.3939393939393939	0.5333333333333333	NaN
499.99999999999994	0.398989898989899	0.5333333333333333	NaN
499.99999999999994	0.40404040404040403	0.5333333333333333	NaN
499.99999999999994	0.4090909090909091	0.5333333333333333	NaN
499.99999999999994	0.41414141414141414	0.5333333333333333	NaN
499.99999999999994	0.41919191919191917	0.5333333333333333	NaN
499.99999999999994	0.42424242424242425	0.5333333333333333	NaN
499.99999999999994	0.4292929292929293	0.5333333333333333	NaN
499.99999999999994	0.43434343434343436	0.5333333333333333	NaN
499.99999999999994	0.4393939393939394	0.5333333333333333	NaN
499.99999999999994	0.4444444444444444	0.5333333333333333	NaN
499.99999999999994	0.4494949494949495	0.5333333333333333	NaN
499.99999999999994	0.45454545454545453	0.5333333333333333	NaN
499.99999999999994	0.4595959595959596	0.5333333333333333	NaN
499.99999999999994	0.46464646464646464	0.5333333333333333	NaN
499.99999999999994	0.4696969696969697	0.5333333333333333	NaN
499.99999999999994	0.47474747474747475	0.5333333333333333	NaN
499.99999999999994	0.4797979797979798	0.5333333333333333	NaN
499.99999999999994	0.48484848484848486	0.5333333333333333	NaN
499.99999999999994	0.4898989898989899	0.5333333333333333	NaN
499.99999999999994	0.494949494949495	0.5333333333333333	NaN
499.99999999999994	0.5	0.5333333333333333	NaN
499.99999999999994	0.0	0.5414141414141415	0.07615040941854326
499.99999999999994	0.005050505050505051	0.5414141414141415	0.07573015649807405
499.99999999999994	0.010101010101010102	0.5414141414141415	0.07531371358517358
499.99999999999994	0.015151515151515152	0.5414141414141415	0.07490247227780553
499.99999999999994	0.020202020202020204	0.5414141414141415	0.07449756598633786
499.99999999999994	0.025252525252525252	0.5414141414141415	0.07409521096790646
499.99999999999994	0.030303030303030304	0.5414141414141415	0.07369837486010122
499.99999999999994	0.03535353535353535	0.5414141414141415	0.07330454650867617
499.99999999999994	0.04040404040404041	0.5414141414141415	0.0729153248216801
499.99999999999994	0.045454545454545456	0.5414141414141415	0.07252935657898973
499.99999999999994	0.050505050505050504	0.5414141414141415	0.07214842679016728
499.99999999999994	0.05555555555555555	0.5414141414141415	0.07177136368707816
499.99999999999994	0.06060606060606061	0.5414141414141415	0.07139977214529394
499.99999999999994	0.06565656565656566	0.5414141414141415	0.07103238348067657
499.99999999999994	0.0707070707070707	0.5414141414141415	0.07066940302846855
499.99999999999994	0.07575757575757576	0.5414141414141415	0.07030888930854502
499.99999999999994	0.08080808080808081	0.5414141414141415	0.06995163742681058
499.99999999999994	0.08585858585858586	0.5414141414141415	0.06959917633625957
499.99999999999994	0.09090909090909091	0.5414141414141415	0.06924916545819607
499.99999999999994	0.09595959595959595	0.5414141414141415	0.06890299166576934
499.99999999999994	0.10101010101010101	0.5414141414141415	0.06856109637188307
499.99999999999994	0.10606060606060606	0.5414141414141415	0.0682235188905987
499.99999999999994	0.1111111111111111	0.5414141414141415	0.06788872370957154
499.99999999999994	0.11616161616161616	0.5414141414141415	0.06755632504006845
499.99999999999994	0.12121212121212122	0.5414141414141415	0.06722805230604628
499.99999999999994	0.12626262626262627	0.5414141414141415	0.06690545779642507
499.99999999999994	0.13131313131313133	0.5414141414141415	0.06658364249899933
499.99999999999994	0.13636363636363635	0.5414141414141415	0.06626766060860445
499.99999999999994	0.1414141414141414	0.5414141414141415	0.06595193705068698
499.99999999999994	0.14646464646464646	0.5414141414141415	0.06564362920084928
499.99999999999994	0.15151515151515152	0.5414141414141415	0.06533430821578583
499.99999999999994	0.15656565656565657	0.5414141414141415	0.06503127641182468
499.99999999999994	0.16161616161616163	0.5414141414141415	0.06473022528218925
499.99999999999994	0.16666666666666666	0.5414141414141415	0.06443372613668151
499.99999999999994	0.1717171717171717	0.5414141414141415	0.06414008626434761
499.99999999999994	0.17676767676767677	0.5414141414141415	0.06384858249175708
499.99999999999994	0.18181818181818182	0.5414141414141415	0.06355896725485374
499.99999999999994	0.18686868686868688	0.5414141414141415	0.06327555944539041
499.99999999999994	0.1919191919191919	0.5414141414141415	0.06299334215772713
499.99999999999994	0.19696969696969696	0.5414141414141415	0.06271686875319987
499.99999999999994	0.20202020202020202	0.5414141414141415	0.06243929132704028
499.99999999999994	0.20707070707070707	0.5414141414141415	0.062167659364171624
499.99999999999994	0.21212121212121213	0.5414141414141415	0.06189927055691921
499.99999999999994	0.21717171717171718	0.5414141414141415	0.06163225335319393
499.99999999999994	0.2222222222222222	0.5414141414141415	0.061368821027799114
499.99999999999994	0.22727272727272727	0.5414141414141415	0.0611112306930578
499.99999999999994	0.23232323232323232	0.5414141414141415	0.060853241460316315
499.99999999999994	0.23737373737373738	0.5414141414141415	0.06059991087404406
499.99999999999994	0.24242424242424243	0.5414141414141415	0.06034838285590425
499.99999999999994	0.2474747474747475	0.5414141414141415	0.06009879248895641
499.99999999999994	0.25252525252525254	0.5414141414141415	0.059852391681004195
499.99999999999994	0.25757575757575757	0.5414141414141415	0.05960755421426225
499.99999999999994	0.26262626262626265	0.5414141414141415	0.05936250984488022
499.99999999999994	0.2676767676767677	0.5414141414141415	0.059120349933217554
499.99999999999994	0.2727272727272727	0.5414141414141415	0.05888171840277537
499.99999999999994	0.2777777777777778	0.5414141414141415	0.058643187601113436
499.99999999999994	0.2828282828282828	0.5414141414141415	0.058407474592992364
499.99999999999994	0.2878787878787879	0.5414141414141415	0.05817972587967036
499.99999999999994	0.29292929292929293	0.5414141414141415	0.05796934641297176
499.99999999999994	0.29797979797979796	0.5414141414141415	0.057797365253863156
499.99999999999994	0.30303030303030304	0.5414141414141415	0.05771100772066532
499.99999999999994	0.30808080808080807	0.5414141414141415	0.057814534306652794
499.99999999999994	0.31313131313131315	0.5414141414141415	0.058337755278888424
499.99999999999994	0.3181818181818182	0.5414141414141415	0.05993894988315734
499.99999999999994	0.32323232323232326	0.5414141414141415	0.0719467644672036
499.99999999999994	0.3282828282828283	0.5414141414141415	0.10822603049889677
499.99999999999994	0.3333333333333333	0.5414141414141415	0.1742101963564062
499.99999999999994	0.3383838383838384	0.5414141414141415	0.26076553413484527
499.99999999999994	0.3434343434343434	0.5414141414141415	0.35785432775172304
499.99999999999994	0.3484848484848485	0.5414141414141415	0.46005574300112895
499.99999999999994	0.35353535353535354	0.5414141414141415	0.5643154594589682
499.99999999999994	0.35858585858585856	0.5414141414141415	0.6679552234770639
499.99999999999994	0.36363636363636365	0.5414141414141415	0.7639539757253818
499.99999999999994	0.3686868686868687	0.5414141414141415	NaN
499.99999999999994	0.37373737373737376	0.5414141414141415	NaN
499.99999999999994	0.3787878787878788	0.5414141414141415	NaN
499.99999999999994	0.3838383838383838	0.5414141414141415	NaN
499.99999999999994	0.3888888888888889	0.5414141414141415	NaN
499.99999999999994	0.3939393939393939	0.5414141414141415	NaN
499.99999999999994	0.398989898989899	0.5414141414141415	NaN
499.99999999999994	0.40404040404040403	0.5414141414141415	NaN
499.99999999999994	0.4090909090909091	0.5414141414141415	NaN
499.99999999999994	0.41414141414141414	0.5414141414141415	NaN
499.99999999999994	0.41919191919191917	0.5414141414141415	NaN
499.99999999999994	0.42424242424242425	0.5414141414141415	NaN
499.99999999999994	0.4292929292929293	0.5414141414141415	NaN
499.99999999999994	0.43434343434343436	0.5414141414141415	NaN
499.99999999999994	0.4393939393939394	0.5414141414141415	NaN
499.99999999999994	0.4444444444444444	0.5414141414141415	NaN
499.99999999999994	0.4494949494949495	0.5414141414141415	NaN
499.99999999999994	0.45454545454545453	0.5414141414141415	NaN
499.99999999999994	0.4595959595959596	0.5414141414141415	NaN
499.99999999999994	0.46464646464646464	0.5414141414141415	NaN
499.99999999999994	0.4696969696969697	0.5414141414141415	NaN
499.99999999999994	0.47474747474747475	0.5414141414141415	NaN
499.99999999999994	0.4797979797979798	0.5414141414141415	NaN
499.99999999999994	0.48484848484848486	0.5414141414141415	NaN
499.99999999999994	0.4898989898989899	0.5414141414141415	NaN
499.99999999999994	0.494949494949495	0.5414141414141415	NaN
499.99999999999994	0.5	0.5414141414141415	NaN
499.99999999999994	0.0	0.5494949494949495	0.07615758305692939
499.99999999999994	0.005050505050505051	0.5494949494949495	0.07573881654581228
499.99999999999994	0.010101010101010102	0.5494949494949495	0.07532310072434904
499.99999999999994	0.015151515151515152	0.5494949494949495	0.07491145662583044
499.99999999999994	0.020202020202020204	0.5494949494949495	0.07450617557285345
499.99999999999994	0.025252525252525252	0.5494949494949495	0.07410505397216698
499.99999999999994	0.030303030303030304	0.5494949494949495	0.07370737449702526
499.99999999999994	0.03535353535353535	0.5494949494949495	0.073315754616452
499.99999999999994	0.04040404040404041	0.5494949494949495	0.07292808069003498
499.99999999999994	0.045454545454545456	0.5494949494949495	0.07254320986126696
499.99999999999994	0.050505050505050504	0.5494949494949495	0.07216387030271151
499.99999999999994	0.05555555555555555	0.5494949494949495	0.07178832497383918
499.99999999999994	0.06060606060606061	0.5494949494949495	0.0714160421454677
499.99999999999994	0.06565656565656566	0.5494949494949495	0.07104755598399728
499.99999999999994	0.0707070707070707	0.5494949494949495	0.07068420979848747
499.99999999999994	0.07575757575757576	0.5494949494949495	0.07032417538328561
499.99999999999994	0.08080808080808081	0.5494949494949495	0.06996715931872065
499.99999999999994	0.08585858585858586	0.5494949494949495	0.0696134291241339
499.99999999999994	0.09090909090909091	0.5494949494949495	0.06926517360332186
499.99999999999994	0.09595959595959595	0.5494949494949495	0.06892115046367209
499.99999999999994	0.10101010101010101	0.5494949494949495	0.06858017403164207
499.99999999999994	0.10606060606060606	0.5494949494949495	0.06824151044975749
499.99999999999994	0.1111111111111111	0.5494949494949495	0.06790625367775059
499.99999999999994	0.11616161616161616	0.5494949494949495	0.06757809739844685
499.99999999999994	0.12121212121212122	0.5494949494949495	0.06725106409813132
499.99999999999994	0.12626262626262627	0.5494949494949495	0.06692593527292218
499.99999999999994	0.13131313131313133	0.5494949494949495	0.06660635388426706
499.99999999999994	0.13636363636363635	0.5494949494949495	0.06628854334143702
499.99999999999994	0.1414141414141414	0.5494949494949495	0.06597652819007084
499.99999999999994	0.14646464646464646	0.5494949494949495	0.06566570520242189
499.99999999999994	0.15151515151515152	0.5494949494949495	0.0653580727372011
499.99999999999994	0.15656565656565657	0.5494949494949495	0.06505565161973588
499.99999999999994	0.16161616161616163	0.5494949494949495	0.06475537989092506
499.99999999999994	0.16666666666666666	0.5494949494949495	0.0644582404112898
499.99999999999994	0.1717171717171717	0.5494949494949495	0.06416358787893227
499.99999999999994	0.17676767676767677	0.5494949494949495	0.0638738484855326
499.99999999999994	0.18181818181818182	0.5494949494949495	0.06358823824337834
499.99999999999994	0.18686868686868688	0.5494949494949495	0.0633031871692335
499.99999999999994	0.1919191919191919	0.5494949494949495	0.06302261951790689
499.99999999999994	0.19696969696969696	0.5494949494949495	0.0627459247617678
499.99999999999994	0.20202020202020202	0.5494949494949495	0.06246999636383928
499.99999999999994	0.20707070707070707	0.5494949494949495	0.06219842529704666
499.99999999999994	0.21212121212121213	0.5494949494949495	0.06193082559282106
499.99999999999994	0.21717171717171718	0.5494949494949495	0.06166656787536416
499.99999999999994	0.2222222222222222	0.5494949494949495	0.06140448474808505
499.99999999999994	0.22727272727272727	0.5494949494949495	0.061143785482465074
499.99999999999994	0.23232323232323232	0.5494949494949495	0.060887799006691536
499.99999999999994	0.23737373737373738	0.5494949494949495	0.060634348142435235
499.99999999999994	0.24242424242424243	0.5494949494949495	0.06038195561224215
499.99999999999994	0.2474747474747475	0.5494949494949495	0.06013347174527682
499.99999999999994	0.25252525252525254	0.5494949494949495	0.0598873305101281
499.99999999999994	0.25757575757575757	0.5494949494949495	0.059640610688841855
499.99999999999994	0.26262626262626265	0.5494949494949495	0.059396845994357086
499.99999999999994	0.2676767676767677	0.5494949494949495	0.05915522177813973
499.99999999999994	0.2727272727272727	0.5494949494949495	0.0589146606443734
499.99999999999994	0.2777777777777778	0.5494949494949495	0.058676162489389914
499.99999999999994	0.2828282828282828	0.5494949494949495	0.058443992585081
499.99999999999994	0.2878787878787879	0.5494949494949495	0.05822720195381855
499.99999999999994	0.29292929292929293	0.5494949494949495	0.05804755660855413
499.99999999999994	0.29797979797979796	0.5494949494949495	0.05794490314275185
499.99999999999994	0.30303030303030304	0.5494949494949495	0.0580147856134165
499.99999999999994	0.30808080808080807	0.5494949494949495	0.05846749350122478
499.99999999999994	0.31313131313131315	0.5494949494949495	0.059862521272256136
499.99999999999994	0.3181818181818182	0.5494949494949495	0.06953212988391856
499.99999999999994	0.32323232323232326	0.5494949494949495	0.10279791763139523
499.99999999999994	0.3282828282828283	0.5494949494949495	0.16594243677502654
499.99999999999994	0.3333333333333333	0.5494949494949495	0.25107866729476996
499.99999999999994	0.3383838383838384	0.5494949494949495	0.34761697899755273
499.99999999999994	0.3434343434343434	0.5494949494949495	0.44970825041774215
499.99999999999994	0.3484848484848485	0.5494949494949495	0.5541368727228922
499.99999999999994	0.35353535353535354	0.5494949494949495	0.6582857649617226
499.99999999999994	0.35858585858585856	0.5494949494949495	0.7563674277604832
499.99999999999994	0.36363636363636365	0.5494949494949495	NaN
499.99999999999994	0.3686868686868687	0.5494949494949495	NaN
499.99999999999994	0.37373737373737376	0.5494949494949495	NaN
499.99999999999994	0.3787878787878788	0.5494949494949495	NaN
499.99999999999994	0.3838383838383838	0.5494949494949495	NaN
499.99999999999994	0.3888888888888889	0.5494949494949495	NaN
499.99999999999994	0.3939393939393939	0.5494949494949495	NaN
499.99999999999994	0.398989898989899	0.5494949494949495	NaN
499.99999999999994	0.40404040404040403	0.5494949494949495	NaN
499.99999999999994	0.4090909090909091	0.5494949494949495	NaN
499.99999999999994	0.41414141414141414	0.5494949494949495	NaN
499.99999999999994	0.41919191919191917	0.5494949494949495	NaN
499.99999999999994	0.42424242424242425	0.5494949494949495	NaN
499.99999999999994	0.4292929292929293	0.5494949494949495	NaN
499.99999999999994	0.43434343434343436	0.5494949494949495	NaN
499.99999999999994	0.4393939393939394	0.5494949494949495	NaN
499.99999999999994	0.4444444444444444	0.5494949494949495	NaN
499.99999999999994	0.4494949494949495	0.5494949494949495	NaN
499.99999999999994	0.45454545454545453	0.5494949494949495	NaN
499.99999999999994	0.4595959595959596	0.5494949494949495	NaN
499.99999999999994	0.46464646464646464	0.5494949494949495	NaN
499.99999999999994	0.4696969696969697	0.5494949494949495	NaN
499.99999999999994	0.47474747474747475	0.5494949494949495	NaN
499.99999999999994	0.4797979797979798	0.5494949494949495	NaN
499.99999999999994	0.48484848484848486	0.5494949494949495	NaN
499.99999999999994	0.4898989898989899	0.5494949494949495	NaN
499.99999999999994	0.494949494949495	0.5494949494949495	NaN
499.99999999999994	0.5	0.5494949494949495	NaN
499.99999999999994	0.0	0.5575757575757576	0.07616483315287348
499.99999999999994	0.005050505050505051	0.5575757575757576	0.07574728644671444
499.99999999999994	0.010101010101010102	0.5575757575757576	0.07533283989314193
499.99999999999994	0.015151515151515152	0.5575757575757576	0.07492317534960413
499.99999999999994	0.020202020202020204	0.5575757575757576	0.07451763058865467
499.99999999999994	0.025252525252525252	0.5575757575757576	0.07411701267777301
499.99999999999994	0.030303030303030304	0.5575757575757576	0.0737204526936831
499.99999999999994	0.03535353535353535	0.5575757575757576	0.07332924594446094
499.99999999999994	0.04040404040404041	0.5575757575757576	0.07294211008570296
499.99999999999994	0.045454545454545456	0.5575757575757576	0.0725588281185698
499.99999999999994	0.050505050505050504	0.5575757575757576	0.07217863015237656
499.99999999999994	0.05555555555555555	0.5575757575757576	0.07180405117113309
499.99999999999994	0.06060606060606061	0.5575757575757576	0.07143205138701782
499.99999999999994	0.06565656565656566	0.5575757575757576	0.0710644135781418
499.99999999999994	0.0707070707070707	0.5575757575757576	0.07069898512677675
499.99999999999994	0.07575757575757576	0.5575757575757576	0.07033888310106728
499.99999999999994	0.08080808080808081	0.5575757575757576	0.06998445762517273
499.99999999999994	0.08585858585858586	0.5575757575757576	0.06963289922973559
499.99999999999994	0.09090909090909091	0.5575757575757576	0.06928526194246837
499.99999999999994	0.09595959595959595	0.5575757575757576	0.0689400170522066
499.99999999999994	0.10101010101010101	0.5575757575757576	0.06859723140433574
499.99999999999994	0.10606060606060606	0.5575757575757576	0.06826151586504473
499.99999999999994	0.1111111111111111	0.5575757575757576	0.06792871892687748
499.99999999999994	0.11616161616161616	0.5575757575757576	0.06759651338777012
499.99999999999994	0.12121212121212122	0.5575757575757576	0.06727014512850096
499.99999999999994	0.12626262626262627	0.5575757575757576	0.0669476778293889
499.99999999999994	0.13131313131313133	0.5575757575757576	0.0666284859304113
499.99999999999994	0.13636363636363635	0.5575757575757576	0.06631094401746584
499.99999999999994	0.1414141414141414	0.5575757575757576	0.06600011199597793
499.99999999999994	0.14646464646464646	0.5575757575757576	0.0656884478002732
499.99999999999994	0.15151515151515152	0.5575757575757576	0.06538257671743403
499.99999999999994	0.15656565656565657	0.5575757575757576	0.06507974727277287
499.99999999999994	0.16161616161616163	0.5575757575757576	0.06478030812614927
499.99999999999994	0.16666666666666666	0.5575757575757576	0.06448461230401782
499.99999999999994	0.1717171717171717	0.5575757575757576	0.06419312854607828
499.99999999999994	0.17676767676767677	0.5575757575757576	0.06390256688700578
499.99999999999994	0.18181818181818182	0.5575757575757576	0.06361596911471593
499.99999999999994	0.18686868686868688	0.5575757575757576	0.06333209013225888
499.99999999999994	0.1919191919191919	0.5575757575757576	0.06305309004789852
499.99999999999994	0.19696969696969696	0.5575757575757576	0.0627761119159527
499.99999999999994	0.20202020202020202	0.5575757575757576	0.06250173072286017
499.99999999999994	0.20707070707070707	0.5575757575757576	0.06223143046451333
499.99999999999994	0.21212121212121213	0.5575757575757576	0.061964329763652
499.99999999999994	0.21717171717171718	0.5575757575757576	0.061699367666282354
499.99999999999994	0.2222222222222222	0.5575757575757576	0.06143807568293207
499.99999999999994	0.22727272727272727	0.5575757575757576	0.061178145725904284
499.99999999999994	0.23232323232323232	0.5575757575757576	0.06092164357621842
499.99999999999994	0.23737373737373738	0.5575757575757576	0.06066794232632679
499.99999999999994	0.24242424242424243	0.5575757575757576	0.060418613384481464
499.99999999999994	0.2474747474747475	0.5575757575757576	0.0601695753785703
499.99999999999994	0.25252525252525254	0.5575757575757576	0.05992029821327322
499.99999999999994	0.25757575757575757	0.5575757575757576	0.05967500103083494
499.99999999999994	0.26262626262626265	0.5575757575757576	0.05943167340823933
499.99999999999994	0.2676767676767677	0.5575757575757576	0.05918769720464457
499.99999999999994	0.2727272727272727	0.5575757575757576	0.058947289267906516
499.99999999999994	0.2777777777777778	0.5575757575757576	0.058712128833532176
499.99999999999994	0.2828282828282828	0.5575757575757576	0.05849014187025
499.99999999999994	0.2878787878787879	0.5575757575757576	0.05830007284763134
499.99999999999994	0.29292929292929293	0.5575757575757576	0.058182370094261714
499.99999999999994	0.29797979797979796	0.5575757575757576	0.05822244160503666
499.99999999999994	0.30303030303030304	0.5575757575757576	0.058610297807455726
499.99999999999994	0.30808080808080807	0.5575757575757576	0.05983256966632667
499.99999999999994	0.31313131313131315	0.5575757575757576	0.06734119793129303
499.99999999999994	0.3181818181818182	0.5575757575757576	0.0977362039234912
499.99999999999994	0.32323232323232326	0.5575757575757576	0.15788840532852413
499.99999999999994	0.3282828282828283	0.5575757575757576	0.2414667233459881
499.99999999999994	0.3333333333333333	0.5575757575757576	0.3373866793310392
499.99999999999994	0.3383838383838384	0.5575757575757576	0.4393326177155939
499.99999999999994	0.3434343434343434	0.5575757575757576	0.5439032484493429
499.99999999999994	0.3484848484848485	0.5575757575757576	0.6485108194954547
499.99999999999994	0.35353535353535354	0.5575757575757576	0.7482465352846124
499.99999999999994	0.35858585858585856	0.5575757575757576	NaN
499.99999999999994	0.36363636363636365	0.5575757575757576	NaN
499.99999999999994	0.3686868686868687	0.5575757575757576	NaN
499.99999999999994	0.37373737373737376	0.5575757575757576	NaN
499.99999999999994	0.3787878787878788	0.5575757575757576	NaN
499.99999999999994	0.3838383838383838	0.5575757575757576	NaN
499.99999999999994	0.3888888888888889	0.5575757575757576	NaN
499.99999999999994	0.3939393939393939	0.5575757575757576	NaN
499.99999999999994	0.398989898989899	0.5575757575757576	NaN
499.99999999999994	0.40404040404040403	0.5575757575757576	NaN
499.99999999999994	0.4090909090909091	0.5575757575757576	NaN
499.99999999999994	0.41414141414141414	0.5575757575757576	NaN
499.99999999999994	0.41919191919191917	0.5575757575757576	NaN
499.99999999999994	0.42424242424242425	0.5575757575757576	NaN
499.99999999999994	0.4292929292929293	0.5575757575757576	NaN
499.99999999999994	0.43434343434343436	0.5575757575757576	NaN
499.99999999999994	0.4393939393939394	0.5575757575757576	NaN
499.99999999999994	0.4444444444444444	0.5575757575757576	NaN
499.99999999999994	0.4494949494949495	0.5575757575757576	NaN
499.99999999999994	0.45454545454545453	0.5575757575757576	NaN
499.99999999999994	0.4595959595959596	0.5575757575757576	NaN
499.99999999999994	0.46464646464646464	0.5575757575757576	NaN
499.99999999999994	0.4696969696969697	0.5575757575757576	NaN
499.99999999999994	0.47474747474747475	0.5575757575757576	NaN
499.99999999999994	0.4797979797979798	0.5575757575757576	NaN
499.99999999999994	0.48484848484848486	0.5575757575757576	NaN
499.99999999999994	0.4898989898989899	0.5575757575757576	NaN
499.99999999999994	0.494949494949495	0.5575757575757576	NaN
499.99999999999994	0.5	0.5575757575757576	NaN
499.99999999999994	0.0	0.5656565656565656	0.07617599166135226
499.99999999999994	0.005050505050505051	0.5656565656565656	0.07575755816111594
499.99999999999994	0.010101010101010102	0.5656565656565656	0.07534488306452485
499.99999999999994	0.015151515151515152	0.5656565656565656	0.07493627688702355
499.99999999999994	0.020202020202020204	0.5656565656565656	0.07453033478520271
499.99999999999994	0.025252525252525252	0.5656565656565656	0.07413073158775087
499.99999999999994	0.030303030303030304	0.5656565656565656	0.07373428693637685
499.99999999999994	0.03535353535353535	0.5656565656565656	0.0733419091880075
499.99999999999994	0.04040404040404041	0.5656565656565656	0.07295444857157336
499.99999999999994	0.045454545454545456	0.5656565656565656	0.07257246892776506
499.99999999999994	0.050505050505050504	0.5656565656565656	0.07219308060696616
499.99999999999994	0.05555555555555555	0.5656565656565656	0.07181702504081015
499.99999999999994	0.06060606060606061	0.5656565656565656	0.07144610333633232
499.99999999999994	0.06565656565656566	0.5656565656565656	0.07107874857322963
499.99999999999994	0.0707070707070707	0.5656565656565656	0.07071706522369536
499.99999999999994	0.07575757575757576	0.5656565656565656	0.07035809796268358
499.99999999999994	0.08080808080808081	0.5656565656565656	0.07000274258141376
499.99999999999994	0.08585858585858586	0.5656565656565656	0.06965131572339983
499.99999999999994	0.09090909090909091	0.5656565656565656	0.06930183943426921
499.99999999999994	0.09595959595959595	0.5656565656565656	0.06895896923964806
499.99999999999994	0.10101010101010101	0.5656565656565656	0.06861899581753064
499.99999999999994	0.10606060606060606	0.5656565656565656	0.06828103197750555
499.99999999999994	0.1111111111111111	0.5656565656565656	0.06794742410057023
499.99999999999994	0.11616161616161616	0.5656565656565656	0.06762000305796312
499.99999999999994	0.12121212121212122	0.5656565656565656	0.06729188354873021
499.99999999999994	0.12626262626262627	0.5656565656565656	0.06697011661867237
499.99999999999994	0.13131313131313133	0.5656565656565656	0.06664973450148463
499.99999999999994	0.13636363636363635	0.5656565656565656	0.06633510276062549
499.99999999999994	0.1414141414141414	0.5656565656565656	0.0660238876314457
499.99999999999994	0.14646464646464646	0.5656565656565656	0.06571312553254974
499.99999999999994	0.15151515151515152	0.5656565656565656	0.06540840851504374
499.99999999999994	0.15656565656565657	0.5656565656565656	0.06510631728772573
499.99999999999994	0.16161616161616163	0.5656565656565656	0.0648080958868743
499.99999999999994	0.16666666666666666	0.5656565656565656	0.06451236978732976
499.99999999999994	0.1717171717171717	0.5656565656565656	0.06421742551626873
499.99999999999994	0.17676767676767677	0.5656565656565656	0.0639311044148483
499.99999999999994	0.18181818181818182	0.5656565656565656	0.06364453238237745
499.99999999999994	0.18686868686868688	0.5656565656565656	0.06336187220999293
499.99999999999994	0.1919191919191919	0.5656565656565656	0.06308353586877187
499.99999999999994	0.19696969696969696	0.5656565656565656	0.06280759121068352
499.99999999999994	0.20202020202020202	0.5656565656565656	0.06253453877020497
499.99999999999994	0.20707070707070707	0.5656565656565656	0.06226411812890598
499.99999999999994	0.21212121212121213	0.5656565656565656	0.06199565442109894
499.99999999999994	0.21717171717171718	0.5656565656565656	0.061733810457392076
499.99999999999994	0.2222222222222222	0.5656565656565656	0.061471413277112835
499.99999999999994	0.22727272727272727	0.5656565656565656	0.06121267135554046
499.99999999999994	0.23232323232323232	0.5656565656565656	0.060957499389124994
499.99999999999994	0.23737373737373738	0.5656565656565656	0.06070523424679546
499.99999999999994	0.24242424242424243	0.5656565656565656	0.06045286636479015
499.99999999999994	0.2474747474747475	0.5656565656565656	0.06020193962026021
499.99999999999994	0.25252525252525254	0.5656565656565656	0.05995490339305075
499.99999999999994	0.25757575757575757	0.5656565656565656	0.05970918244090519
499.99999999999994	0.26262626262626265	0.5656565656565656	0.05946203925237308
499.99999999999994	0.2676767676767677	0.5656565656565656	0.05921872954602834
499.99999999999994	0.2727272727272727	0.5656565656565656	0.05898033280233999
499.99999999999994	0.2777777777777778	0.5656565656565656	0.05875392040080495
499.99999999999994	0.2828282828282828	0.5656565656565656	0.058556547469902395
499.99999999999994	0.2878787878787879	0.5656565656565656	0.05842418284894048
499.99999999999994	0.29292929292929293	0.5656565656565656	0.05843555534502684
499.99999999999994	0.29797979797979796	0.5656565656565656	0.058764896376554854
499.99999999999994	0.30303030303030304	0.5656565656565656	0.05983878024762932
499.99999999999994	0.30808080808080807	0.5656565656565656	0.06535050420900422
499.99999999999994	0.31313131313131315	0.5656565656565656	0.09304418572922869
499.99999999999994	0.3181818181818182	0.5656565656565656	0.15006910315516717
499.99999999999994	0.32323232323232326	0.5656565656565656	0.23194069290161565
499.99999999999994	0.3282828282828283	0.5656565656565656	0.3271684594712915
499.99999999999994	0.3333333333333333	0.5656565656565656	0.4289316389291007
499.99999999999994	0.3383838383838384	0.5656565656565656	0.5336174924032403
499.99999999999994	0.3434343434343434	0.5656565656565656	0.6386393394235091
499.99999999999994	0.3484848484848485	0.5656565656565656	0.7397315926728149
499.99999999999994	0.35353535353535354	0.5656565656565656	NaN
499.99999999999994	0.35858585858585856	0.5656565656565656	NaN
499.99999999999994	0.36363636363636365	0.5656565656565656	NaN
499.99999999999994	0.3686868686868687	0.5656565656565656	NaN
499.99999999999994	0.37373737373737376	0.5656565656565656	NaN
499.99999999999994	0.3787878787878788	0.5656565656565656	NaN
499.99999999999994	0.3838383838383838	0.5656565656565656	NaN
499.99999999999994	0.3888888888888889	0.5656565656565656	NaN
499.99999999999994	0.3939393939393939	0.5656565656565656	NaN
499.99999999999994	0.398989898989899	0.5656565656565656	NaN
499.99999999999994	0.40404040404040403	0.5656565656565656	NaN
499.99999999999994	0.4090909090909091	0.5656565656565656	NaN
499.99999999999994	0.41414141414141414	0.5656565656565656	NaN
499.99999999999994	0.41919191919191917	0.5656565656565656	NaN
499.99999999999994	0.42424242424242425	0.5656565656565656	NaN
499.99999999999994	0.4292929292929293	0.5656565656565656	NaN
499.99999999999994	0.43434343434343436	0.5656565656565656	NaN
499.99999999999994	0.4393939393939394	0.5656565656565656	NaN
499.99999999999994	0.4444444444444444	0.5656565656565656	NaN
499.99999999999994	0.4494949494949495	0.5656565656565656	NaN
499.99999999999994	0.45454545454545453	0.5656565656565656	NaN
499.99999999999994	0.4595959595959596	0.5656565656565656	NaN
499.99999999999994	0.46464646464646464	0.5656565656565656	NaN
499.99999999999994	0.4696969696969697	0.5656565656565656	NaN
499.99999999999994	0.47474747474747475	0.5656565656565656	NaN
499.99999999999994	0.4797979797979798	0.5656565656565656	NaN
499.99999999999994	0.48484848484848486	0.5656565656565656	NaN
499.99999999999994	0.4898989898989899	0.5656565656565656	NaN
499.99999999999994	0.494949494949495	0.5656565656565656	NaN
499.99999999999994	0.5	0.5656565656565656	NaN
499.99999999999994	0.0	0.5737373737373738	0.07618690959414352
499.99999999999994	0.005050505050505051	0.5737373737373738	0.07576797389754471
499.99999999999994	0.010101010101010102	0.5737373737373738	0.07535572149349543
499.99999999999994	0.015151515151515152	0.5737373737373738	0.0749477367074034
499.99999999999994	0.020202020202020204	0.5737373737373738	0.07454321154063608
499.99999999999994	0.025252525252525252	0.5737373737373738	0.07414287164421944
499.99999999999994	0.030303030303030304	0.5737373737373738	0.07374789149564977
499.99999999999994	0.03535353535353535	0.5737373737373738	0.07335595326508855
499.99999999999994	0.04040404040404041	0.5737373737373738	0.07296795930281504
499.99999999999994	0.045454545454545456	0.5737373737373738	0.07258455413756441
499.99999999999994	0.050505050505050504	0.5737373737373738	0.07220514732016751
499.99999999999994	0.05555555555555555	0.5737373737373738	0.07183118152723246
499.99999999999994	0.06060606060606061	0.5737373737373738	0.07146163690283164
499.99999999999994	0.06565656565656566	0.5737373737373738	0.07109584201864534
499.99999999999994	0.0707070707070707	0.5737373737373738	0.07073412176500798
499.99999999999994	0.07575757575757576	0.5737373737373738	0.07037496191966743
499.99999999999994	0.08080808080808081	0.5737373737373738	0.07001857561838852
499.99999999999994	0.08585858585858586	0.5737373737373738	0.06966745862597212
499.99999999999994	0.09090909090909091	0.5737373737373738	0.06932161031016705
499.99999999999994	0.09595959595959595	0.5737373737373738	0.06897778178792324
499.99999999999994	0.10101010101010101	0.5737373737373738	0.06863657848944242
499.99999999999994	0.10606060606060606	0.5737373737373738	0.06830229471342791
499.99999999999994	0.1111111111111111	0.5737373737373738	0.06796936560335609
499.99999999999994	0.11616161616161616	0.5737373737373738	0.06763911578838253
499.99999999999994	0.12121212121212122	0.5737373737373738	0.0673157005216224
499.99999999999994	0.12626262626262627	0.5737373737373738	0.06699306752660936
499.99999999999994	0.13131313131313133	0.5737373737373738	0.0666734414866858
499.99999999999994	0.13636363636363635	0.5737373737373738	0.06635928884187833
499.99999999999994	0.1414141414141414	0.5737373737373738	0.06604836918667939
499.99999999999994	0.14646464646464646	0.5737373737373738	0.06573935566630036
499.99999999999994	0.15151515151515152	0.5737373737373738	0.06543442599872547
499.99999999999994	0.15656565656565657	0.5737373737373738	0.06513282833618934
499.99999999999994	0.16161616161616163	0.5737373737373738	0.06483352106127184
499.99999999999994	0.16666666666666666	0.5737373737373738	0.06454029024726056
499.99999999999994	0.1717171717171717	0.5737373737373738	0.06424840811675017
499.99999999999994	0.17676767676767677	0.5737373737373738	0.063959804044787
499.99999999999994	0.18181818181818182	0.5737373737373738	0.06367344370937908
499.99999999999994	0.18686868686868688	0.5737373737373738	0.06339208431115151
499.99999999999994	0.1919191919191919	0.5737373737373738	0.06311401677107582
499.99999999999994	0.19696969696969696	0.5737373737373738	0.06283891184073366
499.99999999999994	0.20202020202020202	0.5737373737373738	0.06256589778326752
499.99999999999994	0.20707070707070707	0.5737373737373738	0.062297334576048885
499.99999999999994	0.21212121212121213	0.5737373737373738	0.06203116657706953
499.99999999999994	0.21717171717171718	0.5737373737373738	0.061767993454942764
499.99999999999994	0.2222222222222222	0.5737373737373738	0.06150644173578729
499.99999999999994	0.22727272727272727	0.5737373737373738	0.06124969071613249
499.99999999999994	0.23232323232323232	0.5737373737373738	0.060992717501009625
499.99999999999994	0.23737373737373738	0.5737373737373738	0.06074006079987131
499.99999999999994	0.24242424242424243	0.5737373737373738	0.060486811720034506
499.99999999999994	0.2474747474747475	0.5737373737373738	0.06023765649773561
499.99999999999994	0.25252525252525254	0.5737373737373738	0.059988737291276774
499.99999999999994	0.25757575757575757	0.5737373737373738	0.05973914725263485
499.99999999999994	0.26262626262626265	0.5737373737373738	0.05949421778563511
499.99999999999994	0.2676767676767677	0.5737373737373738	0.05925220187600277
499.99999999999994	0.2727272727272727	0.5737373737373738	0.059021692022019866
499.99999999999994	0.2777777777777778	0.5737373737373738	0.058814646858658975
499.99999999999994	0.2828282828282828	0.5737373737373738	0.058670322245500894
499.99999999999994	0.2878787878787879	0.5737373737373738	0.058654860911404726
499.99999999999994	0.29292929292929293	0.5737373737373738	0.05893120011382542
499.99999999999994	0.29797979797979796	0.5737373737373738	0.05987484808775786
499.99999999999994	0.30303030303030304	0.5737373737373738	0.06355861502892544
499.99999999999994	0.30808080808080807	0.5737373737373738	0.08871968738343718
499.99999999999994	0.31313131313131315	0.5737373737373738	0.14250629791250113
499.99999999999994	0.3181818181818182	0.5737373737373738	0.222512603018958
499.99999999999994	0.32323232323232326	0.5737373737373738	0.3169677850413546
499.99999999999994	0.3282828282828283	0.5737373737373738	0.41850823536556064
499.99999999999994	0.3333333333333333	0.5737373737373738	0.5232823575046407
499.99999999999994	0.3383838383838384	0.5737373737373738	0.6286787915699256
499.99999999999994	0.3434343434343434	0.5737373737373738	0.7309109295097104
499.99999999999994	0.3484848484848485	0.5737373737373738	NaN
499.99999999999994	0.35353535353535354	0.5737373737373738	NaN
499.99999999999994	0.35858585858585856	0.5737373737373738	NaN
499.99999999999994	0.36363636363636365	0.5737373737373738	NaN
499.99999999999994	0.3686868686868687	0.5737373737373738	NaN
499.99999999999994	0.37373737373737376	0.5737373737373738	NaN
499.99999999999994	0.3787878787878788	0.5737373737373738	NaN
499.99999999999994	0.3838383838383838	0.5737373737373738	NaN
499.99999999999994	0.3888888888888889	0.5737373737373738	NaN
499.99999999999994	0.3939393939393939	0.5737373737373738	NaN
499.99999999999994	0.398989898989899	0.5737373737373738	NaN
499.99999999999994	0.40404040404040403	0.5737373737373738	NaN
499.99999999999994	0.4090909090909091	0.5737373737373738	NaN
499.99999999999994	0.41414141414141414	0.5737373737373738	NaN
499.99999999999994	0.41919191919191917	0.5737373737373738	NaN
499.99999999999994	0.42424242424242425	0.5737373737373738	NaN
499.99999999999994	0.4292929292929293	0.5737373737373738	NaN
499.99999999999994	0.43434343434343436	0.5737373737373738	NaN
499.99999999999994	0.4393939393939394	0.5737373737373738	NaN
499.99999999999994	0.4444444444444444	0.5737373737373738	NaN
499.99999999999994	0.4494949494949495	0.5737373737373738	NaN
499.99999999999994	0.45454545454545453	0.5737373737373738	NaN
499.99999999999994	0.4595959595959596	0.5737373737373738	NaN
499.99999999999994	0.46464646464646464	0.5737373737373738	NaN
499.99999999999994	0.4696969696969697	0.5737373737373738	NaN
499.99999999999994	0.47474747474747475	0.5737373737373738	NaN
499.99999999999994	0.4797979797979798	0.5737373737373738	NaN
499.99999999999994	0.48484848484848486	0.5737373737373738	NaN
499.99999999999994	0.4898989898989899	0.5737373737373738	NaN
499.99999999999994	0.494949494949495	0.5737373737373738	NaN
499.99999999999994	0.5	0.5737373737373738	NaN
499.99999999999994	0.0	0.5818181818181818	0.07619764660214892
499.99999999999994	0.005050505050505051	0.5818181818181818	0.07577932596077633
499.99999999999994	0.010101010101010102	0.5818181818181818	0.07536566646699798
499.99999999999994	0.015151515151515152	0.5818181818181818	0.07495719234602417
499.99999999999994	0.020202020202020204	0.5818181818181818	0.07455431662315753
499.99999999999994	0.025252525252525252	0.5818181818181818	0.07415431315596052
499.99999999999994	0.030303030303030304	0.5818181818181818	0.0737592663586018
499.99999999999994	0.03535353535353535	0.5818181818181818	0.07336846022254702
499.99999999999994	0.04040404040404041	0.5818181818181818	0.07298327342193017
499.99999999999994	0.045454545454545456	0.5818181818181818	0.07260069558975572
499.99999999999994	0.050505050505050504	0.5818181818181818	0.07222346289261193
499.99999999999994	0.05555555555555555	0.5818181818181818	0.0718501905100108
499.99999999999994	0.06060606060606061	0.5818181818181818	0.07147971881775608
499.99999999999994	0.06565656565656566	0.5818181818181818	0.07111342660437162
499.99999999999994	0.0707070707070707	0.5818181818181818	0.07074932762340669
499.99999999999994	0.07575757575757576	0.5818181818181818	0.07039207681411297
499.99999999999994	0.08080808080808081	0.5818181818181818	0.07003948336872606
499.99999999999994	0.08585858585858586	0.5818181818181818	0.0696890703927721
499.99999999999994	0.09090909090909091	0.5818181818181818	0.06934101823458008
499.99999999999994	0.09595959595959595	0.5818181818181818	0.06899851501770835
499.99999999999994	0.10101010101010101	0.5818181818181818	0.06865921968332599
499.99999999999994	0.10606060606060606	0.5818181818181818	0.06832179962416192
499.99999999999994	0.1111111111111111	0.5818181818181818	0.06799203326339573
499.99999999999994	0.11616161616161616	0.5818181818181818	0.06766147359534254
499.99999999999994	0.12121212121212122	0.5818181818181818	0.06733722755263195
499.99999999999994	0.12626262626262627	0.5818181818181818	0.06701570706187791
499.99999999999994	0.13131313131313133	0.5818181818181818	0.06669750984592189
499.99999999999994	0.13636363636363635	0.5818181818181818	0.066383428431953
499.99999999999994	0.1414141414141414	0.5818181818181818	0.0660731039695882
499.99999999999994	0.14646464646464646	0.5818181818181818	0.06576576817256741
499.99999999999994	0.15151515151515152	0.5818181818181818	0.06546001147809796
499.99999999999994	0.15656565656565657	0.5818181818181818	0.06515890337558894
499.99999999999994	0.16161616161616163	0.5818181818181818	0.06486249116764992
499.99999999999994	0.16666666666666666	0.5818181818181818	0.0645658904028566
499.99999999999994	0.1717171717171717	0.5818181818181818	0.06427789999818347
499.99999999999994	0.17676767676767677	0.5818181818181818	0.0639892984909589
499.99999999999994	0.18181818181818182	0.5818181818181818	0.06370415620240634
499.99999999999994	0.18686868686868688	0.5818181818181818	0.06342240406317767
499.99999999999994	0.1919191919191919	0.5818181818181818	0.0631434724827221
499.99999999999994	0.19696969696969696	0.5818181818181818	0.06287036641299834
499.99999999999994	0.20202020202020202	0.5818181818181818	0.06259954888347487
499.99999999999994	0.20707070707070707	0.5818181818181818	0.062330037476874656
499.99999999999994	0.21212121212121213	0.5818181818181818	0.06206609844244593
499.99999999999994	0.21717171717171718	0.5818181818181818	0.06180272791279463
499.99999999999994	0.2222222222222222	0.5818181818181818	0.061541942904584264
499.99999999999994	0.22727272727272727	0.5818181818181818	0.06128269888964863
499.99999999999994	0.23232323232323232	0.5818181818181818	0.061028819634981656
499.99999999999994	0.23737373737373738	0.5818181818181818	0.06077379205606643
499.99999999999994	0.24242424242424243	0.5818181818181818	0.060520823419096245
499.99999999999994	0.2474747474747475	0.5818181818181818	0.06027071017452632
499.99999999999994	0.25252525252525254	0.5818181818181818	0.06001987617882994
499.99999999999994	0.25757575757575757	0.5818181818181818	0.05977064723895564
499.99999999999994	0.26262626262626265	0.5818181818181818	0.05952466969116078
499.99999999999994	0.2676767676767677	0.5818181818181818	0.05929033967903205
499.99999999999994	0.2727272727272727	0.5818181818181818	0.05907867007649042
499.99999999999994	0.2777777777777778	0.5818181818181818	0.05891957733849726
499.99999999999994	0.2828282828282828	0.5818181818181818	0.05888119085570182
499.99999999999994	0.2878787878787879	0.5818181818181818	0.05910738053548454
499.99999999999994	0.29292929292929293	0.5818181818181818	0.05993610336833352
499.99999999999994	0.29797979797979796	0.5818181818181818	0.06271694438757389
499.99999999999994	0.30303030303030304	0.5818181818181818	0.08475482295442578
499.99999999999994	0.30808080808080807	0.5818181818181818	0.13522216298236034
499.99999999999994	0.31313131313131315	0.5818181818181818	0.21319560357472944
499.99999999999994	0.3181818181818182	0.5818181818181818	0.306790606477065
499.99999999999994	0.32323232323232326	0.5818181818181818	0.4080654814993279
499.99999999999994	0.3282828282828283	0.5818181818181818	0.5129004871409929
499.99999999999994	0.3333333333333333	0.5818181818181818	0.6186354873038086
499.99999999999994	0.3383838383838384	0.5818181818181818	0.7218437078062487
499.99999999999994	0.3434343434343434	0.5818181818181818	NaN
499.99999999999994	0.3484848484848485	0.5818181818181818	NaN
499.99999999999994	0.35353535353535354	0.5818181818181818	NaN
499.99999999999994	0.35858585858585856	0.5818181818181818	NaN
499.99999999999994	0.36363636363636365	0.5818181818181818	NaN
499.99999999999994	0.3686868686868687	0.5818181818181818	NaN
499.99999999999994	0.37373737373737376	0.5818181818181818	NaN
499.99999999999994	0.3787878787878788	0.5818181818181818	NaN
499.99999999999994	0.3838383838383838	0.5818181818181818	NaN
499.99999999999994	0.3888888888888889	0.5818181818181818	NaN
499.99999999999994	0.3939393939393939	0.5818181818181818	NaN
499.99999999999994	0.398989898989899	0.5818181818181818	NaN
499.99999999999994	0.40404040404040403	0.5818181818181818	NaN
499.99999999999994	0.4090909090909091	0.5818181818181818	NaN
499.99999999999994	0.41414141414141414	0.5818181818181818	NaN
499.99999999999994	0.41919191919191917	0.5818181818181818	NaN
499.99999999999994	0.42424242424242425	0.5818181818181818	NaN
499.99999999999994	0.4292929292929293	0.5818181818181818	NaN
499.99999999999994	0.43434343434343436	0.5818181818181818	NaN
499.99999999999994	0.4393939393939394	0.5818181818181818	NaN
499.99999999999994	0.4444444444444444	0.5818181818181818	NaN
499.99999999999994	0.4494949494949495	0.5818181818181818	NaN
499.99999999999994	0.45454545454545453	0.5818181818181818	NaN
499.99999999999994	0.4595959595959596	0.5818181818181818	NaN
499.99999999999994	0.46464646464646464	0.5818181818181818	NaN
499.99999999999994	0.4696969696969697	0.5818181818181818	NaN
499.99999999999994	0.47474747474747475	0.5818181818181818	NaN
499.99999999999994	0.4797979797979798	0.5818181818181818	NaN
499.99999999999994	0.48484848484848486	0.5818181818181818	NaN
499.99999999999994	0.4898989898989899	0.5818181818181818	NaN
499.99999999999994	0.494949494949495	0.5818181818181818	NaN
499.99999999999994	0.5	0.5818181818181818	NaN
499.99999999999994	0.0	0.5898989898989899	0.0762068156367199
499.99999999999994	0.005050505050505051	0.5898989898989899	0.07579017110491458
499.99999999999994	0.010101010101010102	0.5898989898989899	0.07537690386440407
499.99999999999994	0.015151515151515152	0.5898989898989899	0.074967829223447
499.99999999999994	0.020202020202020204	0.5898989898989899	0.07456577386203021
499.99999999999994	0.025252525252525252	0.5898989898989899	0.07416747946654996
499.99999999999994	0.030303030303030304	0.5898989898989899	0.07377323826548585
499.99999999999994	0.03535353535353535	0.5898989898989899	0.07338422584540465
499.99999999999994	0.04040404040404041	0.5898989898989899	0.07299889314967868
499.99999999999994	0.045454545454545456	0.5898989898989899	0.07261758071902791
499.99999999999994	0.050505050505050504	0.5898989898989899	0.07223916699079287
499.99999999999994	0.05555555555555555	0.5898989898989899	0.07186517398462351
499.99999999999994	0.06060606060606061	0.5898989898989899	0.0714950586773403
499.99999999999994	0.06565656565656566	0.5898989898989899	0.07112996663146058
499.99999999999994	0.0707070707070707	0.5898989898989899	0.07076981556200533
499.99999999999994	0.07575757575757576	0.5898989898989899	0.07041209611669455
499.99999999999994	0.08080808080808081	0.5898989898989899	0.07005677654277079
499.99999999999994	0.08585858585858586	0.5898989898989899	0.0697056550856151
499.99999999999994	0.09090909090909091	0.5898989898989899	0.06936083501070253
499.99999999999994	0.09595959595959595	0.5898989898989899	0.06901814668189382
499.99999999999994	0.10101010101010101	0.5898989898989899	0.06867941975586685
499.99999999999994	0.10606060606060606	0.5898989898989899	0.06834491039149503
499.99999999999994	0.1111111111111111	0.5898989898989899	0.0680119780978834
499.99999999999994	0.11616161616161616	0.5898989898989899	0.06768578457405557
499.99999999999994	0.12121212121212122	0.5898989898989899	0.06735974827969299
499.99999999999994	0.12626262626262627	0.5898989898989899	0.06703921095909603
499.99999999999994	0.13131313131313133	0.5898989898989899	0.06672148677152784
499.99999999999994	0.13636363636363635	0.5898989898989899	0.06640709559272727
499.99999999999994	0.1414141414141414	0.5898989898989899	0.06609684277936868
499.99999999999994	0.14646464646464646	0.5898989898989899	0.06578994372790732
499.99999999999994	0.15151515151515152	0.5898989898989899	0.0654875966983393
499.99999999999994	0.15656565656565657	0.5898989898989899	0.06518710474008961
499.99999999999994	0.16161616161616163	0.5898989898989899	0.06489088725881852
499.99999999999994	0.16666666666666666	0.5898989898989899	0.06459551386160733
499.99999999999994	0.1717171717171717	0.5898989898989899	0.06430711230130261
499.99999999999994	0.17676767676767677	0.5898989898989899	0.0640197830073557
499.99999999999994	0.18181818181818182	0.5898989898989899	0.06373617103886114
499.99999999999994	0.18686868686868688	0.5898989898989899	0.06345635985180968
499.99999999999994	0.1919191919191919	0.5898989898989899	0.06317840040685128
499.99999999999994	0.19696969696969696	0.5898989898989899	0.06290493851726196
499.99999999999994	0.20202020202020202	0.5898989898989899	0.0626329908138289
499.99999999999994	0.20707070707070707	0.5898989898989899	0.062364265232539025
499.99999999999994	0.21212121212121213	0.5898989898989899	0.06210049743863964
499.99999999999994	0.21717171717171718	0.5898989898989899	0.061837761336744845
499.99999999999994	0.2222222222222222	0.5898989898989899	0.06157615365280815
499.99999999999994	0.22727272727272727	0.5898989898989899	0.06131886638268392
499.99999999999994	0.23232323232323232	0.5898989898989899	0.06106232750333206
499.99999999999994	0.23737373737373738	0.5898989898989899	0.060807609323279034
499.99999999999994	0.24242424242424243	0.5898989898989899	0.06055421459960115
499.99999999999994	0.2474747474747475	0.5898989898989899	0.060301828971032236
499.99999999999994	0.25252525252525254	0.5898989898989899	0.060050255539368894
499.99999999999994	0.25757575757575757	0.5898989898989899	0.059802245472224805
499.99999999999994	0.26262626262626265	0.5898989898989899	0.05956157700428555
499.99999999999994	0.2676767676767677	0.5898989898989899	0.05934273104020873
499.99999999999994	0.2727272727272727	0.5898989898989899	0.059173000946503296
499.99999999999994	0.2777777777777778	0.5898989898989899	0.059111506389924275
499.99999999999994	0.2828282828282828	0.5898989898989899	0.05929259163953377
499.99999999999994	0.2878787878787879	0.5898989898989899	0.06001921859616938
499.99999999999994	0.29292929292929293	0.5898989898989899	0.06230039060817674
499.99999999999994	0.29797979797979796	0.5898989898989899	0.0811362843558837
499.99999999999994	0.30303030303030304	0.5898989898989899	0.12823877932776212
499.99999999999994	0.30808080808080807	0.5898989898989899	0.20400404967832597
499.99999999999994	0.31313131313131315	0.5898989898989899	0.2966434156102485
499.99999999999994	0.3181818181818182	0.5898989898989899	0.39760663266936097
499.99999999999994	0.32323232323232326	0.5898989898989899	0.5024744543361706
499.99999999999994	0.3282828282828283	0.5898989898989899	0.6085148492210652
499.99999999999994	0.3333333333333333	0.5898989898989899	0.7125714710933769
499.99999999999994	0.3383838383838384	0.5898989898989899	NaN
499.99999999999994	0.3434343434343434	0.5898989898989899	NaN
499.99999999999994	0.3484848484848485	0.5898989898989899	NaN
499.99999999999994	0.35353535353535354	0.5898989898989899	NaN
499.99999999999994	0.35858585858585856	0.5898989898989899	NaN
499.99999999999994	0.36363636363636365	0.5898989898989899	NaN
499.99999999999994	0.3686868686868687	0.5898989898989899	NaN
499.99999999999994	0.37373737373737376	0.5898989898989899	NaN
499.99999999999994	0.3787878787878788	0.5898989898989899	NaN
499.99999999999994	0.3838383838383838	0.5898989898989899	NaN
499.99999999999994	0.3888888888888889	0.5898989898989899	NaN
499.99999999999994	0.3939393939393939	0.5898989898989899	NaN
499.99999999999994	0.398989898989899	0.5898989898989899	NaN
499.99999999999994	0.40404040404040403	0.5898989898989899	NaN
499.99999999999994	0.4090909090909091	0.5898989898989899	NaN
499.99999999999994	0.41414141414141414	0.5898989898989899	NaN
499.99999999999994	0.41919191919191917	0.5898989898989899	NaN
499.99999999999994	0.42424242424242425	0.5898989898989899	NaN
499.99999999999994	0.4292929292929293	0.5898989898989899	NaN
499.99999999999994	0.43434343434343436	0.5898989898989899	NaN
499.99999999999994	0.4393939393939394	0.5898989898989899	NaN
499.99999999999994	0.4444444444444444	0.5898989898989899	NaN
499.99999999999994	0.4494949494949495	0.5898989898989899	NaN
499.99999999999994	0.45454545454545453	0.5898989898989899	NaN
499.99999999999994	0.4595959595959596	0.5898989898989899	NaN
499.99999999999994	0.46464646464646464	0.5898989898989899	NaN
499.99999999999994	0.4696969696969697	0.5898989898989899	NaN
499.99999999999994	0.47474747474747475	0.5898989898989899	NaN
499.99999999999994	0.4797979797979798	0.5898989898989899	NaN
499.99999999999994	0.48484848484848486	0.5898989898989899	NaN
499.99999999999994	0.4898989898989899	0.5898989898989899	NaN
499.99999999999994	0.494949494949495	0.5898989898989899	NaN
499.99999999999994	0.5	0.5898989898989899	NaN
499.99999999999994	0.0	0.597979797979798	0.07621710383936799
499.99999999999994	0.005050505050505051	0.597979797979798	0.0758022044205344
499.99999999999994	0.010101010101010102	0.597979797979798	0.07539062504589153
499.99999999999994	0.015151515151515152	0.597979797979798	0.07498413884076267
499.99999999999994	0.020202020202020204	0.597979797979798	0.07458063120978209
499.99999999999994	0.025252525252525252	0.597979797979798	0.07418326474336809
499.99999999999994	0.030303030303030304	0.597979797979798	0.07378871144528622
499.99999999999994	0.03535353535353535	0.597979797979798	0.07339854421327074
499.99999999999994	0.04040404040404041	0.597979797979798	0.07301196464533122
499.99999999999994	0.045454545454545456	0.597979797979798	0.07263072978512167
499.99999999999994	0.050505050505050504	0.597979797979798	0.07225267030083521
499.99999999999994	0.05555555555555555	0.597979797979798	0.07188049163055542
499.99999999999994	0.06060606060606061	0.597979797979798	0.07151228836950944
499.99999999999994	0.06565656565656566	0.597979797979798	0.07114743261303368
499.99999999999994	0.0707070707070707	0.597979797979798	0.07078637398748396
499.99999999999994	0.07575757575757576	0.597979797979798	0.07042820325020847
499.99999999999994	0.08080808080808081	0.597979797979798	0.07007749990771624
499.99999999999994	0.08585858585858586	0.597979797979798	0.069728191281125
499.99999999999994	0.09090909090909091	0.597979797979798	0.06938016829469372
499.99999999999994	0.09595959595959595	0.597979797979798	0.06904004882236008
499.99999999999994	0.10101010101010101	0.597979797979798	0.06870059299561511
499.99999999999994	0.10606060606060606	0.597979797979798	0.06836713673899812
499.99999999999994	0.1111111111111111	0.597979797979798	0.06803379321368329
499.99999999999994	0.11616161616161616	0.597979797979798	0.06770940082910434
499.99999999999994	0.12121212121212122	0.597979797979798	0.06738384115611251
499.99999999999994	0.12626262626262627	0.597979797979798	0.06706406250201535
499.99999999999994	0.13131313131313133	0.597979797979798	0.06674687463592589
499.99999999999994	0.13636363636363635	0.597979797979798	0.06643347391916943
499.99999999999994	0.1414141414141414	0.597979797979798	0.06612468506420033
499.99999999999994	0.14646464646464646	0.597979797979798	0.06581835655786054
499.99999999999994	0.15151515151515152	0.597979797979798	0.06551350673582056
499.99999999999994	0.15656565656565657	0.597979797979798	0.06521571459150075
499.99999999999994	0.16161616161616163	0.597979797979798	0.06491872055577022
499.99999999999994	0.16666666666666666	0.597979797979798	0.0646262105111753
499.99999999999994	0.1717171717171717	0.597979797979798	0.06433711041433932
499.99999999999994	0.17676767676767677	0.597979797979798	0.0640507838473533
499.99999999999994	0.18181818181818182	0.597979797979798	0.06376807315305824
499.99999999999994	0.18686868686868688	0.597979797979798	0.06348879384424402
499.99999999999994	0.1919191919191919	0.597979797979798	0.06321152210136836
499.99999999999994	0.19696969696969696	0.597979797979798	0.06293804537617918
499.99999999999994	0.20202020202020202	0.597979797979798	0.06266646808452705
499.99999999999994	0.20707070707070707	0.597979797979798	0.06240006973773318
499.99999999999994	0.21212121212121213	0.597979797979798	0.06213479931138108
499.99999999999994	0.21717171717171718	0.597979797979798	0.061872770686385525
499.99999999999994	0.2222222222222222	0.597979797979798	0.061610505818116196
499.99999999999994	0.22727272727272727	0.597979797979798	0.061352815304901435
499.99999999999994	0.23232323232323232	0.597979797979798	0.06109604791800858
499.99999999999994	0.23737373737373738	0.597979797979798	0.060839776390561144
499.99999999999994	0.24242424242424243	0.597979797979798	0.060585557908691856
499.99999999999994	0.2474747474747475	0.597979797979798	0.06033069157352243
499.99999999999994	0.25252525252525254	0.597979797979798	0.06008029199495166
499.99999999999994	0.25757575757575757	0.597979797979798	0.05983640766826149
499.99999999999994	0.26262626262626265	0.597979797979798	0.05961114863550446
499.99999999999994	0.2676767676767677	0.597979797979798	0.059429501979544615
499.99999999999994	0.2727272727272727	0.597979797979798	0.05934775870960519
499.99999999999994	0.2777777777777778	0.597979797979798	0.05948733094223516
499.99999999999994	0.2828282828282828	0.597979797979798	0.06012135388032173
499.99999999999994	0.2878787878787879	0.597979797979798	0.06206263777438552
499.99999999999994	0.29292929292929293	0.597979797979798	0.07784600018350331
499.99999999999994	0.29797979797979796	0.597979797979798	0.12157748538253842
499.99999999999994	0.30303030303030304	0.597979797979798	0.19495357640863148
499.99999999999994	0.30808080808080807	0.597979797979798	0.2865333065465714
499.99999999999994	0.31313131313131315	0.597979797979798	0.3871351552147251
499.99999999999994	0.3181818181818182	0.597979797979798	0.49200679298877226
499.99999999999994	0.32323232323232326	0.597979797979798	0.598321595133193
499.99999999999994	0.3282828282828283	0.597979797979798	0.7031245054014381
499.99999999999994	0.3333333333333333	0.597979797979798	0.7943666911611859
499.99999999999994	0.3383838383838384	0.597979797979798	NaN
499.99999999999994	0.3434343434343434	0.597979797979798	NaN
499.99999999999994	0.3484848484848485	0.597979797979798	NaN
499.99999999999994	0.35353535353535354	0.597979797979798	NaN
499.99999999999994	0.35858585858585856	0.597979797979798	NaN
499.99999999999994	0.36363636363636365	0.597979797979798	NaN
499.99999999999994	0.3686868686868687	0.597979797979798	NaN
499.99999999999994	0.37373737373737376	0.597979797979798	NaN
499.99999999999994	0.3787878787878788	0.597979797979798	NaN
499.99999999999994	0.3838383838383838	0.597979797979798	NaN
499.99999999999994	0.3888888888888889	0.597979797979798	NaN
499.99999999999994	0.3939393939393939	0.597979797979798	NaN
499.99999999999994	0.398989898989899	0.597979797979798	NaN
499.99999999999994	0.40404040404040403	0.597979797979798	NaN
499.99999999999994	0.4090909090909091	0.597979797979798	NaN
499.99999999999994	0.41414141414141414	0.597979797979798	NaN
499.99999999999994	0.41919191919191917	0.597979797979798	NaN
499.99999999999994	0.42424242424242425	0.597979797979798	NaN
499.99999999999994	0.4292929292929293	0.597979797979798	NaN
499.99999999999994	0.43434343434343436	0.597979797979798	NaN
499.99999999999994	0.4393939393939394	0.597979797979798	NaN
499.99999999999994	0.4444444444444444	0.597979797979798	NaN
499.99999999999994	0.4494949494949495	0.597979797979798	NaN
499.99999999999994	0.45454545454545453	0.597979797979798	NaN
499.99999999999994	0.4595959595959596	0.597979797979798	NaN
499.99999999999994	0.46464646464646464	0.597979797979798	NaN
499.99999999999994	0.4696969696969697	0.597979797979798	NaN
499.99999999999994	0.47474747474747475	0.597979797979798	NaN
499.99999999999994	0.4797979797979798	0.597979797979798	NaN
499.99999999999994	0.48484848484848486	0.597979797979798	NaN
499.99999999999994	0.4898989898989899	0.597979797979798	NaN
499.99999999999994	0.494949494949495	0.597979797979798	NaN
499.99999999999994	0.5	0.597979797979798	NaN
499.99999999999994	0.0	0.6060606060606061	0.07622977614063302
499.99999999999994	0.005050505050505051	0.6060606060606061	0.07581391786774085
499.99999999999994	0.010101010101010102	0.6060606060606061	0.07540379928456024
499.99999999999994	0.015151515151515152	0.6060606060606061	0.07499780334900208
499.99999999999994	0.020202020202020204	0.6060606060606061	0.07459497254697915
499.99999999999994	0.025252525252525252	0.6060606060606061	0.07419637978518989
499.99999999999994	0.030303030303030304	0.6060606060606061	0.07380323278376606
499.99999999999994	0.03535353535353535	0.6060606060606061	0.0734128626831221
499.99999999999994	0.04040404040404041	0.6060606060606061	0.0730283631958923
499.99999999999994	0.045454545454545456	0.6060606060606061	0.07264766162943802
499.99999999999994	0.050505050505050504	0.6060606060606061	0.07227244106312461
499.99999999999994	0.05555555555555555	0.6060606060606061	0.07190059762288792
499.99999999999994	0.06060606060606061	0.6060606060606061	0.07153110285842791
499.99999999999994	0.06565656565656566	0.6060606060606061	0.07116556143147279
499.99999999999994	0.0707070707070707	0.6060606060606061	0.07080628935068001
499.99999999999994	0.07575757575757576	0.6060606060606061	0.07045006119931438
499.99999999999994	0.08080808080808081	0.6060606060606061	0.07009554618490475
499.99999999999994	0.08585858585858586	0.6060606060606061	0.06974642844015558
499.99999999999994	0.09090909090909091	0.6060606060606061	0.06940320135147333
499.99999999999994	0.09595959595959595	0.6060606060606061	0.06906052522027292
499.99999999999994	0.10101010101010101	0.6060606060606061	0.06872358788041566
499.99999999999994	0.10606060606060606	0.6060606060606061	0.06838927917294049
499.99999999999994	0.1111111111111111	0.6060606060606061	0.06805798002043645
499.99999999999994	0.11616161616161616	0.6060606060606061	0.06773305605402354
499.99999999999994	0.12121212121212122	0.6060606060606061	0.06740806376228407
499.99999999999994	0.12626262626262627	0.6060606060606061	0.06708966286917821
499.99999999999994	0.13131313131313133	0.6060606060606061	0.06677326029973851
499.99999999999994	0.13636363636363635	0.6060606060606061	0.0664612298656882
499.99999999999994	0.1414141414141414	0.6060606060606061	0.06615026124206769
499.99999999999994	0.14646464646464646	0.6060606060606061	0.06584499054351874
499.99999999999994	0.15151515151515152	0.6060606060606061	0.06554312592836323
499.99999999999994	0.15656565656565657	0.6060606060606061	0.06524453687865579
499.99999999999994	0.16161616161616163	0.6060606060606061	0.06494772129492107
499.99999999999994	0.16666666666666666	0.6060606060606061	0.06465679589346975
499.99999999999994	0.1717171717171717	0.6060606060606061	0.0643679131809664
499.99999999999994	0.17676767676767677	0.6060606060606061	0.06408250186114825
499.99999999999994	0.18181818181818182	0.6060606060606061	0.06379903564217174
499.99999999999994	0.18686868686868688	0.6060606060606061	0.06351899402297552
499.99999999999994	0.1919191919191919	0.6060606060606061	0.0632457121253047
499.99999999999994	0.19696969696969696	0.6060606060606061	0.06297199011131861
499.99999999999994	0.20202020202020202	0.6060606060606061	0.06270103847574869
499.99999999999994	0.20707070707070707	0.6060606060606061	0.06243351459820168
499.99999999999994	0.21212121212121213	0.6060606060606061	0.06217024613670072
499.99999999999994	0.21717171717171718	0.6060606060606061	0.06190648214528005
499.99999999999994	0.2222222222222222	0.6060606060606061	0.061646551274397936
499.99999999999994	0.22727272727272727	0.6060606060606061	0.06138737378066348
499.99999999999994	0.23232323232323232	0.6060606060606061	0.06112915770244331
499.99999999999994	0.23737373737373738	0.6060606060606061	0.060871957088142574
499.99999999999994	0.24242424242424243	0.6060606060606061	0.06061400570483586
499.99999999999994	0.2474747474747475	0.6060606060606061	0.06036006476710124
499.99999999999994	0.25252525252525254	0.6060606060606061	0.06011201544149416
499.99999999999994	0.25757575757575757	0.6060606060606061	0.059879605436472985
499.99999999999994	0.26262626262626265	0.6060606060606061	0.05968920835085488
499.99999999999994	0.2676767676767677	0.6060606060606061	0.059587875088209154
499.99999999999994	0.2727272727272727	0.6060606060606061	0.0596897197559215
499.99999999999994	0.2777777777777778	0.6060606060606061	0.060241077441788284
499.99999999999994	0.2828282828282828	0.6060606060606061	0.06192399596689214
499.99999999999994	0.2878787878787879	0.6060606060606061	0.07486209616279016
499.99999999999994	0.29292929292929293	0.6060606060606061	0.11525807574288366
499.99999999999994	0.29797979797979796	0.6060606060606061	0.1860611574266174
499.99999999999994	0.30303030303030304	0.6060606060606061	0.2764680429529663
499.99999999999994	0.30808080808080807	0.6060606060606061	0.3766547578726503
499.99999999999994	0.31313131313131315	0.6060606060606061	0.4815000298013265
499.99999999999994	0.3181818181818182	0.6060606060606061	0.588059890270366
499.99999999999994	0.32323232323232326	0.6060606060606061	0.6935255811515706
499.99999999999994	0.3282828282828283	0.6060606060606061	0.7888161115546487
499.99999999999994	0.3333333333333333	0.6060606060606061	NaN
499.99999999999994	0.3383838383838384	0.6060606060606061	NaN
499.99999999999994	0.3434343434343434	0.6060606060606061	NaN
499.99999999999994	0.3484848484848485	0.6060606060606061	NaN
499.99999999999994	0.35353535353535354	0.6060606060606061	NaN
499.99999999999994	0.35858585858585856	0.6060606060606061	NaN
499.99999999999994	0.36363636363636365	0.6060606060606061	NaN
499.99999999999994	0.3686868686868687	0.6060606060606061	NaN
499.99999999999994	0.37373737373737376	0.6060606060606061	NaN
499.99999999999994	0.3787878787878788	0.6060606060606061	NaN
499.99999999999994	0.3838383838383838	0.6060606060606061	NaN
499.99999999999994	0.3888888888888889	0.6060606060606061	NaN
499.99999999999994	0.3939393939393939	0.6060606060606061	NaN
499.99999999999994	0.398989898989899	0.6060606060606061	NaN
499.99999999999994	0.40404040404040403	0.6060606060606061	NaN
499.99999999999994	0.4090909090909091	0.6060606060606061	NaN
499.99999999999994	0.41414141414141414	0.6060606060606061	NaN
499.99999999999994	0.41919191919191917	0.6060606060606061	NaN
499.99999999999994	0.42424242424242425	0.6060606060606061	NaN
499.99999999999994	0.4292929292929293	0.6060606060606061	NaN
499.99999999999994	0.43434343434343436	0.6060606060606061	NaN
499.99999999999994	0.4393939393939394	0.6060606060606061	NaN
499.99999999999994	0.4444444444444444	0.6060606060606061	NaN
499.99999999999994	0.4494949494949495	0.6060606060606061	NaN
499.99999999999994	0.45454545454545453	0.6060606060606061	NaN
499.99999999999994	0.4595959595959596	0.6060606060606061	NaN
499.99999999999994	0.46464646464646464	0.6060606060606061	NaN
499.99999999999994	0.4696969696969697	0.6060606060606061	NaN
499.99999999999994	0.47474747474747475	0.6060606060606061	NaN
499.99999999999994	0.4797979797979798	0.6060606060606061	NaN
499.99999999999994	0.48484848484848486	0.6060606060606061	NaN
499.99999999999994	0.4898989898989899	0.6060606060606061	NaN
499.99999999999994	0.494949494949495	0.6060606060606061	NaN
499.99999999999994	0.5	0.6060606060606061	NaN
499.99999999999994	0.0	0.6141414141414141	0.07624301383556951
499.99999999999994	0.005050505050505051	0.6141414141414141	0.0758264196418039
499.99999999999994	0.010101010101010102	0.6141414141414141	0.07541464601104125
499.99999999999994	0.015151515151515152	0.6141414141414141	0.07500824600379091
499.99999999999994	0.020202020202020204	0.6141414141414141	0.07460673781234202
499.99999999999994	0.025252525252525252	0.6141414141414141	0.07420927787206891
499.99999999999994	0.030303030303030304	0.6141414141414141	0.07381714411542525
499.99999999999994	0.03535353535353535	0.6141414141414141	0.07342999105780026
499.99999999999994	0.04040404040404041	0.6141414141414141	0.07304628574137592
499.99999999999994	0.045454545454545456	0.6141414141414141	0.07266592597120361
499.99999999999994	0.050505050505050504	0.6141414141414141	0.07228864891650497
499.99999999999994	0.05555555555555555	0.6141414141414141	0.0719147708921545
499.99999999999994	0.06060606060606061	0.6141414141414141	0.07154857085112125
499.99999999999994	0.06565656565656566	0.6141414141414141	0.0711847063331726
499.99999999999994	0.0707070707070707	0.6141414141414141	0.07082439652274601
499.99999999999994	0.07575757575757576	0.6141414141414141	0.07046790055383348
499.99999999999994	0.08080808080808081	0.6141414141414141	0.07011806398927713
499.99999999999994	0.08585858585858586	0.6141414141414141	0.06976816132634012
499.99999999999994	0.09090909090909091	0.6141414141414141	0.06942318978412747
499.99999999999994	0.09595959595959595	0.6141414141414141	0.06908198535283251
499.99999999999994	0.10101010101010101	0.6141414141414141	0.06874660032434998
499.99999999999994	0.10606060606060606	0.6141414141414141	0.06841142243528608
499.99999999999994	0.1111111111111111	0.6141414141414141	0.06808197282974626
499.99999999999994	0.11616161616161616	0.6141414141414141	0.06775720764532844
499.99999999999994	0.12121212121212122	0.6141414141414141	0.06743322191893698
499.99999999999994	0.12626262626262627	0.6141414141414141	0.06711431230195378
499.99999999999994	0.13131313131313133	0.6141414141414141	0.06679798553031548
499.99999999999994	0.13636363636363635	0.6141414141414141	0.06648618006966328
499.99999999999994	0.1414141414141414	0.6141414141414141	0.06617972933633859
499.99999999999994	0.14646464646464646	0.6141414141414141	0.06587284659916243
499.99999999999994	0.15151515151515152	0.6141414141414141	0.0655719019808001
499.99999999999994	0.15656565656565657	0.6141414141414141	0.06527450497026417
499.99999999999994	0.16161616161616163	0.6141414141414141	0.06497785786217301
499.99999999999994	0.16666666666666666	0.6141414141414141	0.06468671630207996
499.99999999999994	0.1717171717171717	0.6141414141414141	0.06439816942876543
499.99999999999994	0.17676767676767677	0.6141414141414141	0.06411456320299216
499.99999999999994	0.18181818181818182	0.6141414141414141	0.06383388329772591
499.99999999999994	0.18686868686868688	0.6141414141414141	0.06355546179598018
499.99999999999994	0.1919191919191919	0.6141414141414141	0.06327949954393679
499.99999999999994	0.19696969696969696	0.6141414141414141	0.06300754751958795
499.99999999999994	0.20202020202020202	0.6141414141414141	0.06273752317318802
499.99999999999994	0.20707070707070707	0.6141414141414141	0.06247090034713337
499.99999999999994	0.21212121212121213	0.6141414141414141	0.062205283291533915
499.99999999999994	0.21717171717171718	0.6141414141414141	0.061942128940918266
499.99999999999994	0.2222222222222222	0.6141414141414141	0.061680308766127324
499.99999999999994	0.22727272727272727	0.6141414141414141	0.06141969590706035
499.99999999999994	0.23232323232323232	0.6141414141414141	0.06115950897347873
499.99999999999994	0.23737373737373738	0.6141414141414141	0.06089996759976636
499.99999999999994	0.24242424242424243	0.6141414141414141	0.06064381837645401
499.99999999999994	0.2474747474747475	0.6141414141414141	0.060391944902416304
499.99999999999994	0.25252525252525254	0.6141414141414141	0.06015499879671857
499.99999999999994	0.25757575757575757	0.6141414141414141	0.05995171971020109
499.99999999999994	0.26262626262626265	0.6141414141414141	0.059833342547969216
499.99999999999994	0.2676767676767677	0.6141414141414141	0.059899834917609016
499.99999999999994	0.2727272727272727	0.6141414141414141	0.06037593659440048
499.99999999999994	0.2777777777777778	0.6141414141414141	0.06184802533314307
499.99999999999994	0.2828282828282828	0.6141414141414141	0.07216011034447291
499.99999999999994	0.2878787878787879	0.6141414141414141	0.109297870060897
499.99999999999994	0.29292929292929293	0.6141414141414141	0.1773451384019098
499.99999999999994	0.29797979797979796	0.6141414141414141	0.2664561310344021
499.99999999999994	0.30303030303030304	0.6141414141414141	0.3661694245717294
499.99999999999994	0.30808080808080807	0.6141414141414141	0.4709567133503325
499.99999999999994	0.31313131313131315	0.6141414141414141	0.5777334613265733
499.99999999999994	0.3181818181818182	0.6141414141414141	0.6837922618363089
499.99999999999994	0.32323232323232326	0.6141414141414141	0.7819360390110323
499.99999999999994	0.3282828282828283	0.6141414141414141	NaN
499.99999999999994	0.3333333333333333	0.6141414141414141	NaN
499.99999999999994	0.3383838383838384	0.6141414141414141	NaN
499.99999999999994	0.3434343434343434	0.6141414141414141	NaN
499.99999999999994	0.3484848484848485	0.6141414141414141	NaN
499.99999999999994	0.35353535353535354	0.6141414141414141	NaN
499.99999999999994	0.35858585858585856	0.6141414141414141	NaN
499.99999999999994	0.36363636363636365	0.6141414141414141	NaN
499.99999999999994	0.3686868686868687	0.6141414141414141	NaN
499.99999999999994	0.37373737373737376	0.6141414141414141	NaN
499.99999999999994	0.3787878787878788	0.6141414141414141	NaN
499.99999999999994	0.3838383838383838	0.6141414141414141	NaN
499.99999999999994	0.3888888888888889	0.6141414141414141	NaN
499.99999999999994	0.3939393939393939	0.6141414141414141	NaN
499.99999999999994	0.398989898989899	0.6141414141414141	NaN
499.99999999999994	0.40404040404040403	0.6141414141414141	NaN
499.99999999999994	0.4090909090909091	0.6141414141414141	NaN
499.99999999999994	0.41414141414141414	0.6141414141414141	NaN
499.99999999999994	0.41919191919191917	0.6141414141414141	NaN
499.99999999999994	0.42424242424242425	0.6141414141414141	NaN
499.99999999999994	0.4292929292929293	0.6141414141414141	NaN
499.99999999999994	0.43434343434343436	0.6141414141414141	NaN
499.99999999999994	0.4393939393939394	0.6141414141414141	NaN
499.99999999999994	0.4444444444444444	0.6141414141414141	NaN
499.99999999999994	0.4494949494949495	0.6141414141414141	NaN
499.99999999999994	0.45454545454545453	0.6141414141414141	NaN
499.99999999999994	0.4595959595959596	0.6141414141414141	NaN
499.99999999999994	0.46464646464646464	0.6141414141414141	NaN
499.99999999999994	0.4696969696969697	0.6141414141414141	NaN
499.99999999999994	0.47474747474747475	0.6141414141414141	NaN
499.99999999999994	0.4797979797979798	0.6141414141414141	NaN
499.99999999999994	0.48484848484848486	0.6141414141414141	NaN
499.99999999999994	0.4898989898989899	0.6141414141414141	NaN
499.99999999999994	0.494949494949495	0.6141414141414141	NaN
499.99999999999994	0.5	0.6141414141414141	NaN
499.99999999999994	0.0	0.6222222222222222	0.07625367805474642
499.99999999999994	0.005050505050505051	0.6222222222222222	0.07583861408825143
499.99999999999994	0.010101010101010102	0.6222222222222222	0.07542883119731132
499.99999999999994	0.015151515151515152	0.6222222222222222	0.07502285109205768
499.99999999999994	0.020202020202020204	0.6222222222222222	0.07462290042626173
499.99999999999994	0.025252525252525252	0.6222222222222222	0.07422668342703935
499.99999999999994	0.030303030303030304	0.6222222222222222	0.07383364606222695
499.99999999999994	0.03535353535353535	0.6222222222222222	0.07344517949037285
499.99999999999994	0.04040404040404041	0.6222222222222222	0.07305992125779448
499.99999999999994	0.045454545454545456	0.6222222222222222	0.07267980709372808
499.99999999999994	0.050505050505050504	0.6222222222222222	0.07230612970746389
499.99999999999994	0.05555555555555555	0.6222222222222222	0.0719357257953048
499.99999999999994	0.06060606060606061	0.6222222222222222	0.07156818375681542
499.99999999999994	0.06565656565656566	0.6222222222222222	0.07120336235948571
499.99999999999994	0.0707070707070707	0.6222222222222222	0.07084550335065262
499.99999999999994	0.07575757575757576	0.6222222222222222	0.07048972700031934
499.99999999999994	0.08080808080808081	0.6222222222222222	0.0701355965905398
499.99999999999994	0.08585858585858586	0.6222222222222222	0.06979053553768645
499.99999999999994	0.09090909090909091	0.6222222222222222	0.06944493283033609
499.99999999999994	0.09595959595959595	0.6222222222222222	0.06910500559975441
499.99999999999994	0.10101010101010101	0.6222222222222222	0.06876917604555868
499.99999999999994	0.10606060606060606	0.6222222222222222	0.06843479839190172
499.99999999999994	0.1111111111111111	0.6222222222222222	0.06810524814326088
499.99999999999994	0.11616161616161616	0.6222222222222222	0.06778107831445582
499.99999999999994	0.12121212121212122	0.6222222222222222	0.06745834614136488
499.99999999999994	0.12626262626262627	0.6222222222222222	0.0671396840685443
499.99999999999994	0.13131313131313133	0.6222222222222222	0.06682661587852144
499.99999999999994	0.13636363636363635	0.6222222222222222	0.06651420895940988
499.99999999999994	0.1414141414141414	0.6222222222222222	0.06620586267579422
499.99999999999994	0.14646464646464646	0.6222222222222222	0.06590172659511383
499.99999999999994	0.15151515151515152	0.6222222222222222	0.06560157377246166
499.99999999999994	0.15656565656565657	0.6222222222222222	0.06530505420600496
499.99999999999994	0.16161616161616163	0.6222222222222222	0.0650100597892075
499.99999999999994	0.16666666666666666	0.6222222222222222	0.06471875658229045
499.99999999999994	0.1717171717171717	0.6222222222222222	0.06443231188579392
499.99999999999994	0.17676767676767677	0.6222222222222222	0.06414800837614207
499.99999999999994	0.18181818181818182	0.6222222222222222	0.06386458248742063
499.99999999999994	0.18686868686868688	0.6222222222222222	0.06358936476601414
499.99999999999994	0.1919191919191919	0.6222222222222222	0.06331435608902557
499.99999999999994	0.19696969696969696	0.6222222222222222	0.06304284214729891
499.99999999999994	0.20202020202020202	0.6222222222222222	0.06277321902434668
499.99999999999994	0.20707070707070707	0.6222222222222222	0.06250522049178883
499.99999999999994	0.21212121212121213	0.6222222222222222	0.062240892387356465
499.99999999999994	0.21717171717171718	0.6222222222222222	0.06197487681243635
499.99999999999994	0.2222222222222222	0.6222222222222222	0.06171319092183972
499.99999999999994	0.22727272727272727	0.6222222222222222	0.06145051549369111
499.99999999999994	0.23232323232323232	0.6222222222222222	0.06118883480660745
499.99999999999994	0.23737373737373738	0.6222222222222222	0.0609291975080394
499.99999999999994	0.24242424242424243	0.6222222222222222	0.060673488664970056
499.99999999999994	0.2474747474747475	0.6222222222222222	0.06043055956192938
499.99999999999994	0.25252525252525254	0.6222222222222222	0.06021958172356398
499.99999999999994	0.25757575757575757	0.6222222222222222	0.060084651126545395
499.99999999999994	0.26262626262626265	0.6222222222222222	0.06011774987670424
499.99999999999994	0.2676767676767677	0.6222222222222222	0.06052479012153256
499.99999999999994	0.2727272727272727	0.6222222222222222	0.061817903675920494
499.99999999999994	0.2777777777777778	0.6222222222222222	0.06971428467785688
499.99999999999994	0.2828282828282828	0.6222222222222222	0.10371070717393203
499.99999999999994	0.2878787878787879	0.6222222222222222	0.1688252315811489
499.99999999999994	0.29292929292929293	0.6222222222222222	0.25650689920208414
499.99999999999994	0.29797979797979796	0.6222222222222222	0.35568345168497006
499.99999999999994	0.30303030303030304	0.6222222222222222	0.46037943968249156
499.99999999999994	0.30808080808080807	0.6222222222222222	0.567345689487062
499.99999999999994	0.31313131313131315	0.6222222222222222	0.6739383998325633
499.99999999999994	0.3181818181818182	0.6222222222222222	0.7742412662554123
499.99999999999994	0.32323232323232326	0.6222222222222222	NaN
499.99999999999994	0.3282828282828283	0.6222222222222222	NaN
499.99999999999994	0.3333333333333333	0.6222222222222222	NaN
499.99999999999994	0.3383838383838384	0.6222222222222222	NaN
499.99999999999994	0.3434343434343434	0.6222222222222222	NaN
499.99999999999994	0.3484848484848485	0.6222222222222222	NaN
499.99999999999994	0.35353535353535354	0.6222222222222222	NaN
499.99999999999994	0.35858585858585856	0.6222222222222222	NaN
499.99999999999994	0.36363636363636365	0.6222222222222222	NaN
499.99999999999994	0.3686868686868687	0.6222222222222222	NaN
499.99999999999994	0.37373737373737376	0.6222222222222222	NaN
499.99999999999994	0.3787878787878788	0.6222222222222222	NaN
499.99999999999994	0.3838383838383838	0.6222222222222222	NaN
499.99999999999994	0.3888888888888889	0.6222222222222222	NaN
499.99999999999994	0.3939393939393939	0.6222222222222222	NaN
499.99999999999994	0.398989898989899	0.6222222222222222	NaN
499.99999999999994	0.40404040404040403	0.6222222222222222	NaN
499.99999999999994	0.4090909090909091	0.6222222222222222	NaN
499.99999999999994	0.41414141414141414	0.6222222222222222	NaN
499.99999999999994	0.41919191919191917	0.6222222222222222	NaN
499.99999999999994	0.42424242424242425	0.6222222222222222	NaN
499.99999999999994	0.4292929292929293	0.6222222222222222	NaN
499.99999999999994	0.43434343434343436	0.6222222222222222	NaN
499.99999999999994	0.4393939393939394	0.6222222222222222	NaN
499.99999999999994	0.4444444444444444	0.6222222222222222	NaN
499.99999999999994	0.4494949494949495	0.6222222222222222	NaN
499.99999999999994	0.45454545454545453	0.6222222222222222	NaN
499.99999999999994	0.4595959595959596	0.6222222222222222	NaN
499.99999999999994	0.46464646464646464	0.6222222222222222	NaN
499.99999999999994	0.4696969696969697	0.6222222222222222	NaN
499.99999999999994	0.47474747474747475	0.6222222222222222	NaN
499.99999999999994	0.4797979797979798	0.6222222222222222	NaN
499.99999999999994	0.48484848484848486	0.6222222222222222	NaN
499.99999999999994	0.4898989898989899	0.6222222222222222	NaN
499.99999999999994	0.494949494949495	0.6222222222222222	NaN
499.99999999999994	0.5	0.6222222222222222	NaN
499.99999999999994	0.0	0.6303030303030303	0.07626661399143136
499.99999999999994	0.005050505050505051	0.6303030303030303	0.07585367355912669
499.99999999999994	0.010101010101010102	0.6303030303030303	0.07544411663843431
499.99999999999994	0.015151515151515152	0.6303030303030303	0.07503998507098932
499.99999999999994	0.020202020202020204	0.6303030303030303	0.07463837462051771
499.99999999999994	0.025252525252525252	0.6303030303030303	0.07424164843922461
499.99999999999994	0.030303030303030304	0.6303030303030303	0.07384934709381771
499.99999999999994	0.03535353535353535	0.6303030303030303	0.07346106010075504
499.99999999999994	0.04040404040404041	0.6303030303030303	0.07307955669640656
499.99999999999994	0.045454545454545456	0.6303030303030303	0.07270041725307083
499.99999999999994	0.050505050505050504	0.6303030303030303	0.07232464729771476
499.99999999999994	0.05555555555555555	0.6303030303030303	0.0719524861597792
499.99999999999994	0.06060606060606061	0.6303030303030303	0.07158667092089906
499.99999999999994	0.06565656565656566	0.6303030303030303	0.07122326492825094
499.99999999999994	0.0707070707070707	0.6303030303030303	0.07086341174603361
499.99999999999994	0.07575757575757576	0.6303030303030303	0.07051048815508004
499.99999999999994	0.08080808080808081	0.6303030303030303	0.0701582656552405
499.99999999999994	0.08585858585858586	0.6303030303030303	0.0698113691414585
499.99999999999994	0.09090909090909091	0.6303030303030303	0.06946775962336077
499.99999999999994	0.09595959595959595	0.6303030303030303	0.06912839225640813
499.99999999999994	0.10101010101010101	0.6303030303030303	0.06879277718913819
499.99999999999994	0.10606060606060606	0.6303030303030303	0.06845994274808088
499.99999999999994	0.1111111111111111	0.6303030303030303	0.06813000006831689
499.99999999999994	0.11616161616161616	0.6303030303030303	0.06780560526708476
499.99999999999994	0.12121212121212122	0.6303030303030303	0.06748586220007255
499.99999999999994	0.12626262626262627	0.6303030303030303	0.06716743980156999
499.99999999999994	0.13131313131313133	0.6303030303030303	0.0668521997900759
499.99999999999994	0.13636363636363635	0.6303030303030303	0.06654354310268329
499.99999999999994	0.1414141414141414	0.6303030303030303	0.06623464577856689
499.99999999999994	0.14646464646464646	0.6303030303030303	0.06593097610953519
499.99999999999994	0.15151515151515152	0.6303030303030303	0.06563186047845558
499.99999999999994	0.15656565656565657	0.6303030303030303	0.06533605726295331
499.99999999999994	0.16161616161616163	0.6303030303030303	0.0650428047549963
499.99999999999994	0.16666666666666666	0.6303030303030303	0.06475159508957214
499.99999999999994	0.1717171717171717	0.6303030303030303	0.06446448298716125
499.99999999999994	0.17676767676767677	0.6303030303030303	0.06418159349843972
499.99999999999994	0.18181818181818182	0.6303030303030303	0.06390099291784028
499.99999999999994	0.18686868686868688	0.6303030303030303	0.06362421463395383
499.99999999999994	0.1919191919191919	0.6303030303030303	0.06334895091123303
499.99999999999994	0.19696969696969696	0.6303030303030303	0.06307530893590577
499.99999999999994	0.20202020202020202	0.6303030303030303	0.06280816250335303
499.99999999999994	0.20707070707070707	0.6303030303030303	0.06253999298032878
499.99999999999994	0.21212121212121213	0.6303030303030303	0.06227199949925971
499.99999999999994	0.21717171717171718	0.6303030303030303	0.06200788135839577
499.99999999999994	0.2222222222222222	0.6303030303030303	0.06174251727686719
499.99999999999994	0.22727272727272727	0.6303030303030303	0.06147938289382048
499.99999999999994	0.23232323232323232	0.6303030303030303	0.06121534364988975
499.99999999999994	0.23737373737373738	0.6303030303030303	0.060956468714368335
499.99999999999994	0.24242424242424243	0.6303030303030303	0.06070855400715961
499.99999999999994	0.2474747474747475	0.6303030303030303	0.0604896279025364
499.99999999999994	0.25252525252525254	0.6303030303030303	0.060339275269107095
499.99999999999994	0.25757575757575757	0.6303030303030303	0.06034212264778759
499.99999999999994	0.26262626262626265	0.6303030303030303	0.06068637036169779
499.99999999999994	0.2676767676767677	0.6303030303030303	0.06182420580328807
499.99999999999994	0.2727272727272727	0.6303030303030303	0.06749870137030392
499.99999999999994	0.2777777777777778	0.6303030303030303	0.0985059447514669
499.99999999999994	0.2828282828282828	0.6303030303030303	0.16052245486661929
499.99999999999994	0.2878787878787879	0.6303030303030303	0.246630582613948
499.99999999999994	0.29292929292929293	0.6303030303030303	0.3452014883505063
499.99999999999994	0.29797979797979796	0.6303030303030303	0.4497708793350462
499.99999999999994	0.30303030303030304	0.6303030303030303	0.5568996853334439
499.99999999999994	0.30808080808080807	0.6303030303030303	0.6639751344217968
499.99999999999994	0.31313131313131315	0.6303030303030303	0.765990116286437
499.99999999999994	0.3181818181818182	0.6303030303030303	NaN
499.99999999999994	0.32323232323232326	0.6303030303030303	NaN
499.99999999999994	0.3282828282828283	0.6303030303030303	NaN
499.99999999999994	0.3333333333333333	0.6303030303030303	NaN
499.99999999999994	0.3383838383838384	0.6303030303030303	NaN
499.99999999999994	0.3434343434343434	0.6303030303030303	NaN
499.99999999999994	0.3484848484848485	0.6303030303030303	NaN
499.99999999999994	0.35353535353535354	0.6303030303030303	NaN
499.99999999999994	0.35858585858585856	0.6303030303030303	NaN
499.99999999999994	0.36363636363636365	0.6303030303030303	NaN
499.99999999999994	0.3686868686868687	0.6303030303030303	NaN
499.99999999999994	0.37373737373737376	0.6303030303030303	NaN
499.99999999999994	0.3787878787878788	0.6303030303030303	NaN
499.99999999999994	0.3838383838383838	0.6303030303030303	NaN
499.99999999999994	0.3888888888888889	0.6303030303030303	NaN
499.99999999999994	0.3939393939393939	0.6303030303030303	NaN
499.99999999999994	0.398989898989899	0.6303030303030303	NaN
499.99999999999994	0.40404040404040403	0.6303030303030303	NaN
499.99999999999994	0.4090909090909091	0.6303030303030303	NaN
499.99999999999994	0.41414141414141414	0.6303030303030303	NaN
499.99999999999994	0.41919191919191917	0.6303030303030303	NaN
499.99999999999994	0.42424242424242425	0.6303030303030303	NaN
499.99999999999994	0.4292929292929293	0.6303030303030303	NaN
499.99999999999994	0.43434343434343436	0.6303030303030303	NaN
499.99999999999994	0.4393939393939394	0.6303030303030303	NaN
499.99999999999994	0.4444444444444444	0.6303030303030303	NaN
499.99999999999994	0.4494949494949495	0.6303030303030303	NaN
499.99999999999994	0.45454545454545453	0.6303030303030303	NaN
499.99999999999994	0.4595959595959596	0.6303030303030303	NaN
499.99999999999994	0.46464646464646464	0.6303030303030303	NaN
499.99999999999994	0.4696969696969697	0.6303030303030303	NaN
499.99999999999994	0.47474747474747475	0.6303030303030303	NaN
499.99999999999994	0.4797979797979798	0.6303030303030303	NaN
499.99999999999994	0.48484848484848486	0.6303030303030303	NaN
499.99999999999994	0.4898989898989899	0.6303030303030303	NaN
499.99999999999994	0.494949494949495	0.6303030303030303	NaN
499.99999999999994	0.5	0.6303030303030303	NaN
499.99999999999994	0.0	0.6383838383838384	0.07628067008450129
499.99999999999994	0.005050505050505051	0.6383838383838384	0.07586597367704766
499.99999999999994	0.010101010101010102	0.6383838383838384	0.0754571720425295
499.99999999999994	0.015151515151515152	0.6383838383838384	0.0750524025891538
499.99999999999994	0.020202020202020204	0.6383838383838384	0.07465126391187629
499.99999999999994	0.025252525252525252	0.6383838383838384	0.07425615502858694
499.99999999999994	0.030303030303030304	0.6383838383838384	0.07386560987169469
499.99999999999994	0.03535353535353535	0.6383838383838384	0.07347939867614776
499.99999999999994	0.04040404040404041	0.6383838383838384	0.0730958610504078
499.99999999999994	0.045454545454545456	0.6383838383838384	0.07271604294705862
499.99999999999994	0.050505050505050504	0.6383838383838384	0.07234238973786672
499.99999999999994	0.05555555555555555	0.6383838383838384	0.07197330210195865
499.99999999999994	0.06060606060606061	0.6383838383838384	0.07160648967412626
499.99999999999994	0.06565656565656566	0.6383838383838384	0.07124454949642005
499.99999999999994	0.0707070707070707	0.6383838383838384	0.07088660407706295
499.99999999999994	0.07575757575757576	0.6383838383838384	0.07052975812819111
499.99999999999994	0.08080808080808081	0.6383838383838384	0.07018198502821124
499.99999999999994	0.08585858585858586	0.6383838383838384	0.06983287191228986
499.99999999999994	0.09090909090909091	0.6383838383838384	0.06949121421532618
499.99999999999994	0.09595959595959595	0.6383838383838384	0.0691521237746467
499.99999999999994	0.10101010101010101	0.6383838383838384	0.06881720662359582
499.99999999999994	0.10606060606060606	0.6383838383838384	0.06848604678751029
499.99999999999994	0.1111111111111111	0.6383838383838384	0.06815770417965306
499.99999999999994	0.11616161616161616	0.6383838383838384	0.06783316774237692
499.99999999999994	0.12121212121212122	0.6383838383838384	0.06751052213123072
499.99999999999994	0.12626262626262627	0.6383838383838384	0.06719538557698873
499.99999999999994	0.13131313131313133	0.6383838383838384	0.06688029975418747
499.99999999999994	0.13636363636363635	0.6383838383838384	0.06657238153053877
499.99999999999994	0.1414141414141414	0.6383838383838384	0.06626461047875193
499.99999999999994	0.14646464646464646	0.6383838383838384	0.06596079247590861
499.99999999999994	0.15151515151515152	0.6383838383838384	0.06566189152381237
499.99999999999994	0.15656565656565657	0.6383838383838384	0.06536649076170943
499.99999999999994	0.16161616161616163	0.6383838383838384	0.06507365466568436
499.99999999999994	0.16666666666666666	0.6383838383838384	0.06478433132070777
499.99999999999994	0.1717171717171717	0.6383838383838384	0.06449921374107417
499.99999999999994	0.17676767676767677	0.6383838383838384	0.064214111142452
499.99999999999994	0.18181818181818182	0.6383838383838384	0.06393610678125897
499.99999999999994	0.18686868686868688	0.6383838383838384	0.06365860744919322
499.99999999999994	0.1919191919191919	0.6383838383838384	0.06338350035487389
499.99999999999994	0.19696969696969696	0.6383838383838384	0.06311311299616192
499.99999999999994	0.20202020202020202	0.6383838383838384	0.06284240616505302
499.99999999999994	0.20707070707070707	0.6383838383838384	0.06257281130051395
499.99999999999994	0.21212121212121213	0.6383838383838384	0.06230509358845771
499.99999999999994	0.21717171717171718	0.6383838383838384	0.06203793894999812
499.99999999999994	0.2222222222222222	0.6383838383838384	0.061771379415340257
499.99999999999994	0.22727272727272727	0.6383838383838384	0.061505245697210775
499.99999999999994	0.23232323232323232	0.6383838383838384	0.061243646137734684
499.99999999999994	0.23737373737373738	0.6383838383838384	0.060990953719828045
499.99999999999994	0.24242424242424243	0.6383838383838384	0.06076364089777261
499.99999999999994	0.2474747474747475	0.6383838383838384	0.060598225748780335
499.99999999999994	0.25252525252525254	0.6383838383838384	0.06057336637825956
499.99999999999994	0.25757575757575757	0.6383838383838384	0.060859909975479284
499.99999999999994	0.26262626262626265	0.6383838383838384	0.06186095452440833
499.99999999999994	0.2676767676767677	0.6383838383838384	0.06560816706277638
499.99999999999994	0.2727272727272727	0.6383838383838384	0.09368758394110199
499.99999999999994	0.2777777777777778	0.6383838383838384	0.1524589943080526
499.99999999999994	0.2828282828282828	0.6383838383838384	0.23683841482147086
499.99999999999994	0.2878787878787879	0.6383838383838384	0.3347285795828107
499.99999999999994	0.29292929292929293	0.6383838383838384	0.439133803855558
499.99999999999994	0.29797979797979796	0.6383838383838384	0.5463983503734562
499.99999999999994	0.30303030303030304	0.6383838383838384	0.6539115840611913
499.99999999999994	0.30808080808080807	0.6383838383838384	0.757330390261685
499.99999999999994	0.31313131313131315	0.6383838383838384	NaN
499.99999999999994	0.3181818181818182	0.6383838383838384	NaN
499.99999999999994	0.32323232323232326	0.6383838383838384	NaN
499.99999999999994	0.3282828282828283	0.6383838383838384	NaN
499.99999999999994	0.3333333333333333	0.6383838383838384	NaN
499.99999999999994	0.3383838383838384	0.6383838383838384	NaN
499.99999999999994	0.3434343434343434	0.6383838383838384	NaN
499.99999999999994	0.3484848484848485	0.6383838383838384	NaN
499.99999999999994	0.35353535353535354	0.6383838383838384	NaN
499.99999999999994	0.35858585858585856	0.6383838383838384	NaN
499.99999999999994	0.36363636363636365	0.6383838383838384	NaN
499.99999999999994	0.3686868686868687	0.6383838383838384	NaN
499.99999999999994	0.37373737373737376	0.6383838383838384	NaN
499.99999999999994	0.3787878787878788	0.6383838383838384	NaN
499.99999999999994	0.3838383838383838	0.6383838383838384	NaN
499.99999999999994	0.3888888888888889	0.6383838383838384	NaN
499.99999999999994	0.3939393939393939	0.6383838383838384	NaN
499.99999999999994	0.398989898989899	0.6383838383838384	NaN
499.99999999999994	0.40404040404040403	0.6383838383838384	NaN
499.99999999999994	0.4090909090909091	0.6383838383838384	NaN
499.99999999999994	0.41414141414141414	0.6383838383838384	NaN
499.99999999999994	0.41919191919191917	0.6383838383838384	NaN
499.99999999999994	0.42424242424242425	0.6383838383838384	NaN
499.99999999999994	0.4292929292929293	0.6383838383838384	NaN
499.99999999999994	0.43434343434343436	0.6383838383838384	NaN
499.99999999999994	0.4393939393939394	0.6383838383838384	NaN
499.99999999999994	0.4444444444444444	0.6383838383838384	NaN
499.99999999999994	0.4494949494949495	0.6383838383838384	NaN
499.99999999999994	0.45454545454545453	0.6383838383838384	NaN
499.99999999999994	0.4595959595959596	0.6383838383838384	NaN
499.99999999999994	0.46464646464646464	0.6383838383838384	NaN
499.99999999999994	0.4696969696969697	0.6383838383838384	NaN
499.99999999999994	0.47474747474747475	0.6383838383838384	NaN
499.99999999999994	0.4797979797979798	0.6383838383838384	NaN
499.99999999999994	0.48484848484848486	0.6383838383838384	NaN
499.99999999999994	0.4898989898989899	0.6383838383838384	NaN
499.99999999999994	0.494949494949495	0.6383838383838384	NaN
499.99999999999994	0.5	0.6383838383838384	NaN
499.99999999999994	0.0	0.6464646464646465	0.07629437278563754
499.99999999999994	0.005050505050505051	0.6464646464646465	0.0758798813727585
499.99999999999994	0.010101010101010102	0.6464646464646465	0.07547184388112309
499.99999999999994	0.015151515151515152	0.6464646464646465	0.07506746170576314
499.99999999999994	0.020202020202020204	0.6464646464646465	0.07466952517489688
499.99999999999994	0.025252525252525252	0.6464646464646465	0.07427489944069346
499.99999999999994	0.030303030303030304	0.6464646464646465	0.07388321891698935
499.99999999999994	0.03535353535353535	0.6464646464646465	0.07349544598636752
499.99999999999994	0.04040404040404041	0.6464646464646465	0.07311406117043974
499.99999999999994	0.045454545454545456	0.6464646464646465	0.07273652999642378
499.99999999999994	0.050505050505050504	0.6464646464646465	0.07236200518973147
499.99999999999994	0.05555555555555555	0.6464646464646465	0.07199074343716019
499.99999999999994	0.06060606060606061	0.6464646464646465	0.07162609099216614
499.99999999999994	0.06565656565656566	0.6464646464646465	0.07126377333260529
499.99999999999994	0.0707070707070707	0.6464646464646465	0.07090742057214328
499.99999999999994	0.07575757575757576	0.6464646464646465	0.07055249136163014
499.99999999999994	0.08080808080808081	0.6464646464646465	0.07020406481251369
499.99999999999994	0.08585858585858586	0.6464646464646465	0.0698559990837994
499.99999999999994	0.09090909090909091	0.6464646464646465	0.06951457344316324
499.99999999999994	0.09595959595959595	0.6464646464646465	0.0691756618636885
499.99999999999994	0.10101010101010101	0.6464646464646465	0.0688417545146136
499.99999999999994	0.10606060606060606	0.6464646464646465	0.06851023952769394
499.99999999999994	0.1111111111111111	0.6464646464646465	0.06818231706666393
499.99999999999994	0.11616161616161616	0.6464646464646465	0.06785911522673657
499.99999999999994	0.12121212121212122	0.6464646464646465	0.0675390843290142
499.99999999999994	0.12626262626262627	0.6464646464646465	0.06722232459689644
499.99999999999994	0.13131313131313133	0.6464646464646465	0.06690990254180534
499.99999999999994	0.13636363636363635	0.6464646464646465	0.06660165560969526
499.99999999999994	0.1414141414141414	0.6464646464646465	0.06629521980775951
499.99999999999994	0.14646464646464646	0.6464646464646465	0.06599157935290424
499.99999999999994	0.15151515151515152	0.6464646464646465	0.06569330224999434
499.99999999999994	0.15656565656565657	0.6464646464646465	0.06539825130550227
499.99999999999994	0.16161616161616163	0.6464646464646465	0.0651063228519553
499.99999999999994	0.16666666666666666	0.6464646464646465	0.06481839669998353
499.99999999999994	0.1717171717171717	0.6464646464646465	0.06453334290790194
499.99999999999994	0.17676767676767677	0.6464646464646465	0.06424792457597178
499.99999999999994	0.18181818181818182	0.6464646464646465	0.06397008934197293
499.99999999999994	0.18686868686868688	0.6464646464646465	0.06369389990544272
499.99999999999994	0.1919191919191919	0.6464646464646465	0.06341802166867662
499.99999999999994	0.19696969696969696	0.6464646464646465	0.06314679093570053
499.99999999999994	0.20202020202020202	0.6464646464646465	0.06287553878788268
499.99999999999994	0.20707070707070707	0.6464646464646465	0.06260517121435412
499.99999999999994	0.21212121212121213	0.6464646464646465	0.06233590995887344
499.99999999999994	0.21717171717171718	0.6464646464646465	0.062065047478348005
499.99999999999994	0.2222222222222222	0.6464646464646465	0.06179817375401415
499.99999999999994	0.22727272727272727	0.6464646464646465	0.061532944653048476
499.99999999999994	0.23232323232323232	0.6464646464646465	0.061273933771855645
499.99999999999994	0.23737373737373738	0.6464646464646465	0.06103891408653832
499.99999999999994	0.24242424242424243	0.6464646464646465	0.060861295888872916
499.99999999999994	0.2474747474747475	0.6464646464646465	0.06080980355406177
499.99999999999994	0.25252525252525254	0.6464646464646465	0.061043879146976815
499.99999999999994	0.25757575757575757	0.6464646464646465	0.0619236418385423
499.99999999999994	0.26262626262626265	0.6464646464646465	0.06481098473903733
499.99999999999994	0.2676767676767677	0.6464646464646465	0.08925364035960401
499.99999999999994	0.2727272727272727	0.6464646464646465	0.14465796585557503
499.99999999999994	0.2777777777777778	0.6464646464646465	0.22714272147924655
499.99999999999994	0.2828282828282828	0.6464646464646465	0.3242702151673152
499.99999999999994	0.2878787878787879	0.6464646464646465	0.42847111170464874
499.99999999999994	0.29292929292929293	0.6464646464646465	0.5358444276164437
499.99999999999994	0.29797979797979796	0.6464646464646465	0.643755328124576
499.99999999999994	0.30303030303030304	0.6464646464646465	0.7483544340354672
499.99999999999994	0.30808080808080807	0.6464646464646465	NaN
499.99999999999994	0.31313131313131315	0.6464646464646465	NaN
499.99999999999994	0.3181818181818182	0.6464646464646465	NaN
499.99999999999994	0.32323232323232326	0.6464646464646465	NaN
499.99999999999994	0.3282828282828283	0.6464646464646465	NaN
499.99999999999994	0.3333333333333333	0.6464646464646465	NaN
499.99999999999994	0.3383838383838384	0.6464646464646465	NaN
499.99999999999994	0.3434343434343434	0.6464646464646465	NaN
499.99999999999994	0.3484848484848485	0.6464646464646465	NaN
499.99999999999994	0.35353535353535354	0.6464646464646465	NaN
499.99999999999994	0.35858585858585856	0.6464646464646465	NaN
499.99999999999994	0.36363636363636365	0.6464646464646465	NaN
499.99999999999994	0.3686868686868687	0.6464646464646465	NaN
499.99999999999994	0.37373737373737376	0.6464646464646465	NaN
499.99999999999994	0.3787878787878788	0.6464646464646465	NaN
499.99999999999994	0.3838383838383838	0.6464646464646465	NaN
499.99999999999994	0.3888888888888889	0.6464646464646465	NaN
499.99999999999994	0.3939393939393939	0.6464646464646465	NaN
499.99999999999994	0.398989898989899	0.6464646464646465	NaN
499.99999999999994	0.40404040404040403	0.6464646464646465	NaN
499.99999999999994	0.4090909090909091	0.6464646464646465	NaN
499.99999999999994	0.41414141414141414	0.6464646464646465	NaN
499.99999999999994	0.41919191919191917	0.6464646464646465	NaN
499.99999999999994	0.42424242424242425	0.6464646464646465	NaN
499.99999999999994	0.4292929292929293	0.6464646464646465	NaN
499.99999999999994	0.43434343434343436	0.6464646464646465	NaN
499.99999999999994	0.4393939393939394	0.6464646464646465	NaN
499.99999999999994	0.4444444444444444	0.6464646464646465	NaN
499.99999999999994	0.4494949494949495	0.6464646464646465	NaN
499.99999999999994	0.45454545454545453	0.6464646464646465	NaN
499.99999999999994	0.4595959595959596	0.6464646464646465	NaN
499.99999999999994	0.46464646464646464	0.6464646464646465	NaN
499.99999999999994	0.4696969696969697	0.6464646464646465	NaN
499.99999999999994	0.47474747474747475	0.6464646464646465	NaN
499.99999999999994	0.4797979797979798	0.6464646464646465	NaN
499.99999999999994	0.48484848484848486	0.6464646464646465	NaN
499.99999999999994	0.4898989898989899	0.6464646464646465	NaN
499.99999999999994	0.494949494949495	0.6464646464646465	NaN
499.99999999999994	0.5	0.6464646464646465	NaN
499.99999999999994	0.0	0.6545454545454545	0.07630779004901228
499.99999999999994	0.005050505050505051	0.6545454545454545	0.0758967755859363
499.99999999999994	0.010101010101010102	0.6545454545454545	0.07548860108898015
499.99999999999994	0.015151515151515152	0.6545454545454545	0.0750857265104809
499.99999999999994	0.020202020202020204	0.6545454545454545	0.0746852971656151
499.99999999999994	0.025252525252525252	0.6545454545454545	0.07428852110700646
499.99999999999994	0.030303030303030304	0.6545454545454545	0.07390015700105212
499.99999999999994	0.03535353535353535	0.6545454545454545	0.07351500712278625
499.99999999999994	0.04040404040404041	0.6545454545454545	0.07313285948260996
499.99999999999994	0.045454545454545456	0.6545454545454545	0.07275290236674258
499.99999999999994	0.050505050505050504	0.6545454545454545	0.07238192689291889
499.99999999999994	0.05555555555555555	0.6545454545454545	0.07201316140837825
499.99999999999994	0.06060606060606061	0.6545454545454545	0.0716465358113915
499.99999999999994	0.06565656565656566	0.6545454545454545	0.07128571216177251
499.99999999999994	0.0707070707070707	0.6545454545454545	0.07092741443118718
499.99999999999994	0.07575757575757576	0.6545454545454545	0.0705755128002575
499.99999999999994	0.08080808080808081	0.6545454545454545	0.07022631588790461
499.99999999999994	0.08585858585858586	0.6545454545454545	0.06987974448399954
499.99999999999994	0.09090909090909091	0.6545454545454545	0.06953791878427767
499.99999999999994	0.09595959595959595	0.6545454545454545	0.06919931277869204
499.99999999999994	0.10101010101010101	0.6545454545454545	0.06886469144738441
499.99999999999994	0.10606060606060606	0.6545454545454545	0.06853528384531585
499.99999999999994	0.1111111111111111	0.6545454545454545	0.06821039073940412
499.99999999999994	0.11616161616161616	0.6545454545454545	0.06788631180346147
499.99999999999994	0.12121212121212122	0.6545454545454545	0.06756812720204913
499.99999999999994	0.12626262626262627	0.6545454545454545	0.06725030926087344
499.99999999999994	0.13131313131313133	0.6545454545454545	0.0669398783115842
499.99999999999994	0.13636363636363635	0.6545454545454545	0.06663189132891618
499.99999999999994	0.1414141414141414	0.6545454545454545	0.06632643084937961
499.99999999999994	0.14646464646464646	0.6545454545454545	0.06602500714083388
499.99999999999994	0.15151515151515152	0.6545454545454545	0.065727554653835
499.99999999999994	0.15656565656565657	0.6545454545454545	0.06543275639270885
499.99999999999994	0.16161616161616163	0.6545454545454545	0.06513957226491164
499.99999999999994	0.16666666666666666	0.6545454545454545	0.064852843848662
499.99999999999994	0.1717171717171717	0.6545454545454545	0.06456784222045418
499.99999999999994	0.17676767676767677	0.6545454545454545	0.06428450363194506
499.99999999999994	0.18181818181818182	0.6545454545454545	0.06400621675792531
499.99999999999994	0.18686868686868688	0.6545454545454545	0.06372776237497008
499.99999999999994	0.1919191919191919	0.6545454545454545	0.06345386007598426
499.99999999999994	0.19696969696969696	0.6545454545454545	0.0631802274808442
499.99999999999994	0.20202020202020202	0.6545454545454545	0.06290786505607644
499.99999999999994	0.20707070707070707	0.6545454545454545	0.0626354912963879
499.99999999999994	0.21212121212121213	0.6545454545454545	0.06236327635108595
499.99999999999994	0.21717171717171718	0.6545454545454545	0.06209244669118694
499.99999999999994	0.2222222222222222	0.6545454545454545	0.061822870472176536
499.99999999999994	0.22727272727272727	0.6545454545454545	0.06156115247711532
499.99999999999994	0.23232323232323232	0.6545454545454545	0.06131924993645228
499.99999999999994	0.23737373737373738	0.6545454545454545	0.0611268267791784
499.99999999999994	0.24242424242424243	0.6545454545454545	0.06105239533172268
499.99999999999994	0.2474747474747475	0.6545454545454545	0.06123833146459306
499.99999999999994	0.25252525252525254	0.6545454545454545	0.06200924005118816
499.99999999999994	0.25757575757575757	0.6545454545454545	0.06440195827857863
499.99999999999994	0.26262626262626265	0.6545454545454545	0.08519589300157436
499.99999999999994	0.2676767676767677	0.6545454545454545	0.13714304998766705
499.99999999999994	0.2727272727272727	0.6545454545454545	0.21755701764211544
499.99999999999994	0.2777777777777778	0.6545454545454545	0.31383238221798393
499.99999999999994	0.2828282828282828	0.6545454545454545	0.41778585558283965
499.99999999999994	0.2878787878787879	0.6545454545454545	0.5252405466732047
499.99999999999994	0.29292929292929293	0.6545454545454545	0.6335127705795564
499.99999999999994	0.29797979797979796	0.6545454545454545	0.7391237591285604
499.99999999999994	0.30303030303030304	0.6545454545454545	NaN
499.99999999999994	0.30808080808080807	0.6545454545454545	NaN
499.99999999999994	0.31313131313131315	0.6545454545454545	NaN
499.99999999999994	0.3181818181818182	0.6545454545454545	NaN
499.99999999999994	0.32323232323232326	0.6545454545454545	NaN
499.99999999999994	0.3282828282828283	0.6545454545454545	NaN
499.99999999999994	0.3333333333333333	0.6545454545454545	NaN
499.99999999999994	0.3383838383838384	0.6545454545454545	NaN
499.99999999999994	0.3434343434343434	0.6545454545454545	NaN
499.99999999999994	0.3484848484848485	0.6545454545454545	NaN
499.99999999999994	0.35353535353535354	0.6545454545454545	NaN
499.99999999999994	0.35858585858585856	0.6545454545454545	NaN
499.99999999999994	0.36363636363636365	0.6545454545454545	NaN
499.99999999999994	0.3686868686868687	0.6545454545454545	NaN
499.99999999999994	0.37373737373737376	0.6545454545454545	NaN
499.99999999999994	0.3787878787878788	0.6545454545454545	NaN
499.99999999999994	0.3838383838383838	0.6545454545454545	NaN
499.99999999999994	0.3888888888888889	0.6545454545454545	NaN
499.99999999999994	0.3939393939393939	0.6545454545454545	NaN
499.99999999999994	0.398989898989899	0.6545454545454545	NaN
499.99999999999994	0.40404040404040403	0.6545454545454545	NaN
499.99999999999994	0.4090909090909091	0.6545454545454545	NaN
499.99999999999994	0.41414141414141414	0.6545454545454545	NaN
499.99999999999994	0.41919191919191917	0.6545454545454545	NaN
499.99999999999994	0.42424242424242425	0.6545454545454545	NaN
499.99999999999994	0.4292929292929293	0.6545454545454545	NaN
499.99999999999994	0.43434343434343436	0.6545454545454545	NaN
499.99999999999994	0.4393939393939394	0.6545454545454545	NaN
499.99999999999994	0.4444444444444444	0.6545454545454545	NaN
499.99999999999994	0.4494949494949495	0.6545454545454545	NaN
499.99999999999994	0.45454545454545453	0.6545454545454545	NaN
499.99999999999994	0.4595959595959596	0.6545454545454545	NaN
499.99999999999994	0.46464646464646464	0.6545454545454545	NaN
499.99999999999994	0.4696969696969697	0.6545454545454545	NaN
499.99999999999994	0.47474747474747475	0.6545454545454545	NaN
499.99999999999994	0.4797979797979798	0.6545454545454545	NaN
499.99999999999994	0.48484848484848486	0.6545454545454545	NaN
499.99999999999994	0.4898989898989899	0.6545454545454545	NaN
499.99999999999994	0.494949494949495	0.6545454545454545	NaN
499.99999999999994	0.5	0.6545454545454545	NaN
499.99999999999994	0.0	0.6626262626262627	0.07632282327610267
499.99999999999994	0.005050505050505051	0.6626262626262627	0.07590971594530245
499.99999999999994	0.010101010101010102	0.6626262626262627	0.07550142629264293
499.99999999999994	0.015151515151515152	0.6626262626262627	0.0750976268438775
499.99999999999994	0.020202020202020204	0.6626262626262627	0.07470115341888117
499.99999999999994	0.025252525252525252	0.6626262626262627	0.07430815706482387
499.99999999999994	0.030303030303030304	0.6626262626262627	0.07391807605840493
499.99999999999994	0.03535353535353535	0.6626262626262627	0.07353157583340167
499.99999999999994	0.04040404040404041	0.6626262626262627	0.07315178624463732
499.99999999999994	0.045454545454545456	0.6626262626262627	0.07277517625204613
499.99999999999994	0.050505050505050504	0.6626262626262627	0.07239998912720573
499.99999999999994	0.05555555555555555	0.6626262626262627	0.07203216230305091
499.99999999999994	0.06060606060606061	0.6626262626262627	0.07166805342212974
499.99999999999994	0.06565656565656566	0.6626262626262627	0.07130882116432825
499.99999999999994	0.0707070707070707	0.6626262626262627	0.0709490440139911
499.99999999999994	0.07575757575757576	0.6626262626262627	0.07059850760225536
499.99999999999994	0.08080808080808081	0.6626262626262627	0.07024976642086948
499.99999999999994	0.08585858585858586	0.6626262626262627	0.06990405678809217
499.99999999999994	0.09090909090909091	0.6626262626262627	0.0695639649879877
499.99999999999994	0.09595959595959595	0.6626262626262627	0.06922650969446115
499.99999999999994	0.10101010101010101	0.6626262626262627	0.0688932025816003
499.99999999999994	0.10606060606060606	0.6626262626262627	0.06856290831522668
499.99999999999994	0.1111111111111111	0.6626262626262627	0.06823617599449866
499.99999999999994	0.11616161616161616	0.6626262626262627	0.06791416121138143
499.99999999999994	0.12121212121212122	0.6626262626262627	0.06759663895561667
499.99999999999994	0.12626262626262627	0.6626262626262627	0.06727932781200194
499.99999999999994	0.13131313131313133	0.6626262626262627	0.06696950256702303
499.99999999999994	0.13636363636363635	0.6626262626262627	0.06666266978437216
499.99999999999994	0.1414141414141414	0.6626262626262627	0.0663573626011378
499.99999999999994	0.14646464646464646	0.6626262626262627	0.06605642905479464
499.99999999999994	0.15151515151515152	0.6626262626262627	0.06575749924975098
499.99999999999994	0.15656565656565657	0.6626262626262627	0.06546435634031846
499.99999999999994	0.16161616161616163	0.6626262626262627	0.06517440154715515
499.99999999999994	0.16666666666666666	0.6626262626262627	0.06488763100207624
499.99999999999994	0.1717171717171717	0.6626262626262627	0.06460323482857137
499.99999999999994	0.17676767676767677	0.6626262626262627	0.06432072931020599
499.99999999999994	0.18181818181818182	0.6626262626262627	0.0640405501286016
499.99999999999994	0.18686868686868688	0.6626262626262627	0.06376133025116687
499.99999999999994	0.1919191919191919	0.6626262626262627	0.06348753656932096
499.99999999999994	0.19696969696969696	0.6626262626262627	0.06321324355722958
499.99999999999994	0.20202020202020202	0.6626262626262627	0.06293842327620372
499.99999999999994	0.20707070707070707	0.6626262626262627	0.06266379743459234
499.99999999999994	0.21212121212121213	0.6626262626262627	0.06238868615157003
499.99999999999994	0.21717171717171718	0.6626262626262627	0.062116479547824885
499.99999999999994	0.2222222222222222	0.6626262626262627	0.061850132496177296
499.99999999999994	0.22727272727272727	0.6626262626262627	0.06160145121311188
499.99999999999994	0.23232323232323232	0.6626262626262627	0.061397677952484804
499.99999999999994	0.23737373737373738	0.6626262626262627	0.06130153203476506
499.99999999999994	0.24242424242424243	0.6626262626262627	0.061441712750108214
499.99999999999994	0.2474747474747475	0.6626262626262627	0.062114995573083594
499.99999999999994	0.25252525252525254	0.6626262626262627	0.06416541730282918
499.99999999999994	0.25757575757575757	0.6626262626262627	0.08150014385576339
499.99999999999994	0.26262626262626265	0.6626262626262627	0.12993797319765985
499.99999999999994	0.2676767676767677	0.6626262626262627	0.2080961027339925
499.99999999999994	0.2727272727272727	0.6626262626262627	0.30342162425039515
499.99999999999994	0.2777777777777778	0.6626262626262627	0.4070812709670439
499.99999999999994	0.2828282828282828	0.6626262626262627	0.5145892628988056
499.99999999999994	0.2878787878787879	0.6626262626262627	0.6231893923065066
499.99999999999994	0.29292929292929293	0.6626262626262627	0.7296813621675344
499.99999999999994	0.29797979797979796	0.6626262626262627	NaN
499.99999999999994	0.30303030303030304	0.6626262626262627	NaN
499.99999999999994	0.30808080808080807	0.6626262626262627	NaN
499.99999999999994	0.31313131313131315	0.6626262626262627	NaN
499.99999999999994	0.3181818181818182	0.6626262626262627	NaN
499.99999999999994	0.32323232323232326	0.6626262626262627	NaN
499.99999999999994	0.3282828282828283	0.6626262626262627	NaN
499.99999999999994	0.3333333333333333	0.6626262626262627	NaN
499.99999999999994	0.3383838383838384	0.6626262626262627	NaN
499.99999999999994	0.3434343434343434	0.6626262626262627	NaN
499.99999999999994	0.3484848484848485	0.6626262626262627	NaN
499.99999999999994	0.35353535353535354	0.6626262626262627	NaN
499.99999999999994	0.35858585858585856	0.6626262626262627	NaN
499.99999999999994	0.36363636363636365	0.6626262626262627	NaN
499.99999999999994	0.3686868686868687	0.6626262626262627	NaN
499.99999999999994	0.37373737373737376	0.6626262626262627	NaN
499.99999999999994	0.3787878787878788	0.6626262626262627	NaN
499.99999999999994	0.3838383838383838	0.6626262626262627	NaN
499.99999999999994	0.3888888888888889	0.6626262626262627	NaN
499.99999999999994	0.3939393939393939	0.6626262626262627	NaN
499.99999999999994	0.398989898989899	0.6626262626262627	NaN
499.99999999999994	0.40404040404040403	0.6626262626262627	NaN
499.99999999999994	0.4090909090909091	0.6626262626262627	NaN
499.99999999999994	0.41414141414141414	0.6626262626262627	NaN
499.99999999999994	0.41919191919191917	0.6626262626262627	NaN
499.99999999999994	0.42424242424242425	0.6626262626262627	NaN
499.99999999999994	0.4292929292929293	0.6626262626262627	NaN
499.99999999999994	0.43434343434343436	0.6626262626262627	NaN
499.99999999999994	0.4393939393939394	0.6626262626262627	NaN
499.99999999999994	0.4444444444444444	0.6626262626262627	NaN
499.99999999999994	0.4494949494949495	0.6626262626262627	NaN
499.99999999999994	0.45454545454545453	0.6626262626262627	NaN
499.99999999999994	0.4595959595959596	0.6626262626262627	NaN
499.99999999999994	0.46464646464646464	0.6626262626262627	NaN
499.99999999999994	0.4696969696969697	0.6626262626262627	NaN
499.99999999999994	0.47474747474747475	0.6626262626262627	NaN
499.99999999999994	0.4797979797979798	0.6626262626262627	NaN
499.99999999999994	0.48484848484848486	0.6626262626262627	NaN
499.99999999999994	0.4898989898989899	0.6626262626262627	NaN
499.99999999999994	0.494949494949495	0.6626262626262627	NaN
499.99999999999994	0.5	0.6626262626262627	NaN
499.99999999999994	0.0	0.6707070707070707	0.07633729772168966
499.99999999999994	0.005050505050505051	0.6707070707070707	0.07592649941223246
499.99999999999994	0.010101010101010102	0.6707070707070707	0.07552054345989453
499.99999999999994	0.015151515151515152	0.6707070707070707	0.07511827984770199
499.99999999999994	0.020202020202020204	0.6707070707070707	0.07471929490517698
499.99999999999994	0.025252525252525252	0.6707070707070707	0.0743243874717699
499.99999999999994	0.030303030303030304	0.6707070707070707	0.0739364745023068
499.99999999999994	0.03535353535353535	0.6707070707070707	0.0735521088284205
499.99999999999994	0.04040404040404041	0.6707070707070707	0.07316948104930619
499.99999999999994	0.045454545454545456	0.6707070707070707	0.07279408621753038
499.99999999999994	0.050505050505050504	0.6707070707070707	0.07242285979333887
499.99999999999994	0.05555555555555555	0.6707070707070707	0.07205316840458952
499.99999999999994	0.06060606060606061	0.6707070707070707	0.07168966037838852
499.99999999999994	0.06565656565656566	0.6707070707070707	0.07133068558108088
499.99999999999994	0.0707070707070707	0.6707070707070707	0.07097201958548166
499.99999999999994	0.07575757575757576	0.6707070707070707	0.07062174448315099
499.99999999999994	0.08080808080808081	0.6707070707070707	0.07027424748091916
499.99999999999994	0.08585858585858586	0.6707070707070707	0.06992887798486001
499.99999999999994	0.09090909090909091	0.6707070707070707	0.06958830705581079
499.99999999999994	0.09595959595959595	0.6707070707070707	0.06925182980962541
499.99999999999994	0.10101010101010101	0.6707070707070707	0.06891775883305198
499.99999999999994	0.10606060606060606	0.6707070707070707	0.06859108703928131
499.99999999999994	0.1111111111111111	0.6707070707070707	0.0682633116699527
499.99999999999994	0.11616161616161616	0.6707070707070707	0.0679424478527814
499.99999999999994	0.12121212121212122	0.6707070707070707	0.06762582278695894
499.99999999999994	0.12626262626262627	0.6707070707070707	0.06731014312412288
499.99999999999994	0.13131313131313133	0.6707070707070707	0.06699906165638105
499.99999999999994	0.13636363636363635	0.6707070707070707	0.06669324407032232
499.99999999999994	0.1414141414141414	0.6707070707070707	0.06638791825814302
499.99999999999994	0.14646464646464646	0.6707070707070707	0.06608976675318573
499.99999999999994	0.15151515151515152	0.6707070707070707	0.06579376674765088
499.99999999999994	0.15656565656565657	0.6707070707070707	0.06549844962090173
499.99999999999994	0.16161616161616163	0.6707070707070707	0.06520928559635567
499.99999999999994	0.16666666666666666	0.6707070707070707	0.06492190755308631
499.99999999999994	0.1717171717171717	0.6707070707070707	0.06463676161560991
499.99999999999994	0.17676767676767677	0.6707070707070707	0.0643553177778242
499.99999999999994	0.18181818181818182	0.6707070707070707	0.06407582799646808
499.99999999999994	0.18686868686868688	0.6707070707070707	0.06379746490284181
499.99999999999994	0.1919191919191919	0.6707070707070707	0.06351956650243944
499.99999999999994	0.19696969696969696	0.6707070707070707	0.06324234493365374
499.99999999999994	0.20202020202020202	0.6707070707070707	0.06296608378118149
499.99999999999994	0.20707070707070707	0.6707070707070707	0.062688280675576
499.99999999999994	0.21212121212121213	0.6707070707070707	0.062413311050724646
499.99999999999994	0.21717171717171718	0.6707070707070707	0.06214278712853894
499.99999999999994	0.2222222222222222	0.6707070707070707	0.061888256360327625
499.99999999999994	0.22727272727272727	0.6707070707070707	0.06167216050670055
499.99999999999994	0.23232323232323232	0.6707070707070707	0.06155575557800532
499.99999999999994	0.23737373737373738	0.6707070707070707	0.061654270394793834
499.99999999999994	0.24242424242424243	0.6707070707070707	0.06223874684004887
499.99999999999994	0.2474747474747475	0.6707070707070707	0.06402456955204536
499.99999999999994	0.25252525252525254	0.6707070707070707	0.07814695590660312
499.99999999999994	0.25757575757575757	0.6707070707070707	0.1230658204797849
499.99999999999994	0.26262626262626265	0.6707070707070707	0.19877614926005036
499.99999999999994	0.2676767676767677	0.6707070707070707	0.293045105295794
499.99999999999994	0.2727272727272727	0.6707070707070707	0.396360806022671
499.99999999999994	0.2777777777777778	0.6707070707070707	0.503893090450629
499.99999999999994	0.2828282828282828	0.6707070707070707	0.6127899562987333
499.99999999999994	0.2878787878787879	0.6707070707070707	0.7200584793197327
499.99999999999994	0.29292929292929293	0.6707070707070707	0.8132203747157429
499.99999999999994	0.29797979797979796	0.6707070707070707	NaN
499.99999999999994	0.30303030303030304	0.6707070707070707	NaN
499.99999999999994	0.30808080808080807	0.6707070707070707	NaN
499.99999999999994	0.31313131313131315	0.6707070707070707	NaN
499.99999999999994	0.3181818181818182	0.6707070707070707	NaN
499.99999999999994	0.32323232323232326	0.6707070707070707	NaN
499.99999999999994	0.3282828282828283	0.6707070707070707	NaN
499.99999999999994	0.3333333333333333	0.6707070707070707	NaN
499.99999999999994	0.3383838383838384	0.6707070707070707	NaN
499.99999999999994	0.3434343434343434	0.6707070707070707	NaN
499.99999999999994	0.3484848484848485	0.6707070707070707	NaN
499.99999999999994	0.35353535353535354	0.6707070707070707	NaN
499.99999999999994	0.35858585858585856	0.6707070707070707	NaN
499.99999999999994	0.36363636363636365	0.6707070707070707	NaN
499.99999999999994	0.3686868686868687	0.6707070707070707	NaN
499.99999999999994	0.37373737373737376	0.6707070707070707	NaN
499.99999999999994	0.3787878787878788	0.6707070707070707	NaN
499.99999999999994	0.3838383838383838	0.6707070707070707	NaN
499.99999999999994	0.3888888888888889	0.6707070707070707	NaN
499.99999999999994	0.3939393939393939	0.6707070707070707	NaN
499.99999999999994	0.398989898989899	0.6707070707070707	NaN
499.99999999999994	0.40404040404040403	0.6707070707070707	NaN
499.99999999999994	0.4090909090909091	0.6707070707070707	NaN
499.99999999999994	0.41414141414141414	0.6707070707070707	NaN
499.99999999999994	0.41919191919191917	0.6707070707070707	NaN
499.99999999999994	0.42424242424242425	0.6707070707070707	NaN
499.99999999999994	0.4292929292929293	0.6707070707070707	NaN
499.99999999999994	0.43434343434343436	0.6707070707070707	NaN
499.99999999999994	0.4393939393939394	0.6707070707070707	NaN
499.99999999999994	0.4444444444444444	0.6707070707070707	NaN
499.99999999999994	0.4494949494949495	0.6707070707070707	NaN
499.99999999999994	0.45454545454545453	0.6707070707070707	NaN
499.99999999999994	0.4595959595959596	0.6707070707070707	NaN
499.99999999999994	0.46464646464646464	0.6707070707070707	NaN
499.99999999999994	0.4696969696969697	0.6707070707070707	NaN
499.99999999999994	0.47474747474747475	0.6707070707070707	NaN
499.99999999999994	0.4797979797979798	0.6707070707070707	NaN
499.99999999999994	0.48484848484848486	0.6707070707070707	NaN
499.99999999999994	0.4898989898989899	0.6707070707070707	NaN
499.99999999999994	0.494949494949495	0.6707070707070707	NaN
499.99999999999994	0.5	0.6707070707070707	NaN
499.99999999999994	0.0	0.6787878787878788	0.07635349675571618
499.99999999999994	0.005050505050505051	0.6787878787878788	0.07594289407193971
499.99999999999994	0.010101010101010102	0.6787878787878788	0.0755358473250722
499.99999999999994	0.015151515151515152	0.6787878787878788	0.07513264839259184
499.99999999999994	0.020202020202020204	0.6787878787878788	0.07473592489717333
499.99999999999994	0.025252525252525252	0.6787878787878788	0.07434398578033351
499.99999999999994	0.030303030303030304	0.6787878787878788	0.07395497006846627
499.99999999999994	0.03535353535353535	0.6787878787878788	0.07357036425502425
499.99999999999994	0.04040404040404041	0.6787878787878788	0.07319220400291525
499.99999999999994	0.045454545454545456	0.6787878787878788	0.07281381735690583
499.99999999999994	0.050505050505050504	0.6787878787878788	0.07244377756611167
499.99999999999994	0.05555555555555555	0.6787878787878788	0.07207505747840275
499.99999999999994	0.06060606060606061	0.6787878787878788	0.07171185567002628
499.99999999999994	0.06565656565656566	0.6787878787878788	0.07135295627087214
499.99999999999994	0.0707070707070707	0.6787878787878788	0.07099506276268634
499.99999999999994	0.07575757575757576	0.6787878787878788	0.07064510405388377
499.99999999999994	0.08080808080808081	0.6787878787878788	0.07029857495056346
499.99999999999994	0.08585858585858586	0.6787878787878788	0.0699543276944407
499.99999999999994	0.09090909090909091	0.6787878787878788	0.06961363198975908
499.99999999999994	0.09595959595959595	0.6787878787878788	0.06927932221690908
499.99999999999994	0.10101010101010101	0.6787878787878788	0.06894616797187733
499.99999999999994	0.10606060606060606	0.6787878787878788	0.06861765510380187
499.99999999999994	0.1111111111111111	0.6787878787878788	0.06829308050485793
499.99999999999994	0.11616161616161616	0.6787878787878788	0.06797212136856029
499.99999999999994	0.12121212121212122	0.6787878787878788	0.06765599391048288
499.99999999999994	0.12626262626262627	0.6787878787878788	0.06734209483823266
499.99999999999994	0.13131313131313133	0.6787878787878788	0.06703081255870671
499.99999999999994	0.13636363636363635	0.6787878787878788	0.06672560392367022
499.99999999999994	0.1414141414141414	0.6787878787878788	0.06642317786469966
499.99999999999994	0.14646464646464646	0.6787878787878788	0.0661225634992797
499.99999999999994	0.15151515151515152	0.6787878787878788	0.06582693837025021
499.99999999999994	0.15656565656565657	0.6787878787878788	0.06553335477406183
499.99999999999994	0.16161616161616163	0.6787878787878788	0.06524360918855676
499.99999999999994	0.16666666666666666	0.6787878787878788	0.06495575224277134
499.99999999999994	0.1717171717171717	0.6787878787878788	0.06467299292547947
499.99999999999994	0.17676767676767677	0.6787878787878788	0.06439009656292993
499.99999999999994	0.18181818181818182	0.6787878787878788	0.06410923541540484
499.99999999999994	0.18686868686868688	0.6787878787878788	0.0638297877281376
499.99999999999994	0.1919191919191919	0.6787878787878788	0.06354966454066553
499.99999999999994	0.19696969696969696	0.6787878787878788	0.06327138575629793
499.99999999999994	0.20202020202020202	0.6787878787878788	0.06299100145642805
499.99999999999994	0.20707070707070707	0.6787878787878788	0.06271176128243265
499.99999999999994	0.21212121212121213	0.6787878787878788	0.0624376064835751
499.99999999999994	0.21717171717171718	0.6787878787878788	0.062175307325472155
499.99999999999994	0.2222222222222222	0.6787878787878788	0.06195153146342114
499.99999999999994	0.22727272727272727	0.6787878787878788	0.06181392147926785
499.99999999999994	0.23232323232323232	0.6787878787878788	0.061875513766937534
499.99999999999994	0.23737373737373738	0.6787878787878788	0.062378505801779276
499.99999999999994	0.24242424242424243	0.6787878787878788	0.06394532167116793
499.99999999999994	0.2474747474747475	0.6787878787878788	0.0751127395928917
499.99999999999994	0.25252525252525254	0.6787878787878788	0.1165481680679162
499.99999999999994	0.25757575757575757	0.6787878787878788	0.18961477738052548
499.99999999999994	0.26262626262626265	0.6787878787878788	0.2827106812070004
499.99999999999994	0.2676767676767677	0.6787878787878788	0.3856281537404008
499.99999999999994	0.2727272727272727	0.6787878787878788	0.4931545333761422
499.99999999999994	0.2777777777777778	0.6787878787878788	0.6023186552460749
499.99999999999994	0.2828282828282828	0.6787878787878788	0.7102785186918656
499.99999999999994	0.2878787878787879	0.6787878787878788	0.8076851426601286
499.99999999999994	0.29292929292929293	0.6787878787878788	NaN
499.99999999999994	0.29797979797979796	0.6787878787878788	NaN
499.99999999999994	0.30303030303030304	0.6787878787878788	NaN
499.99999999999994	0.30808080808080807	0.6787878787878788	NaN
499.99999999999994	0.31313131313131315	0.6787878787878788	NaN
499.99999999999994	0.3181818181818182	0.6787878787878788	NaN
499.99999999999994	0.32323232323232326	0.6787878787878788	NaN
499.99999999999994	0.3282828282828283	0.6787878787878788	NaN
499.99999999999994	0.3333333333333333	0.6787878787878788	NaN
499.99999999999994	0.3383838383838384	0.6787878787878788	NaN
499.99999999999994	0.3434343434343434	0.6787878787878788	NaN
499.99999999999994	0.3484848484848485	0.6787878787878788	NaN
499.99999999999994	0.35353535353535354	0.6787878787878788	NaN
499.99999999999994	0.35858585858585856	0.6787878787878788	NaN
499.99999999999994	0.36363636363636365	0.6787878787878788	NaN
499.99999999999994	0.3686868686868687	0.6787878787878788	NaN
499.99999999999994	0.37373737373737376	0.6787878787878788	NaN
499.99999999999994	0.3787878787878788	0.6787878787878788	NaN
499.99999999999994	0.3838383838383838	0.6787878787878788	NaN
499.99999999999994	0.3888888888888889	0.6787878787878788	NaN
499.99999999999994	0.3939393939393939	0.6787878787878788	NaN
499.99999999999994	0.398989898989899	0.6787878787878788	NaN
499.99999999999994	0.40404040404040403	0.6787878787878788	NaN
499.99999999999994	0.4090909090909091	0.6787878787878788	NaN
499.99999999999994	0.41414141414141414	0.6787878787878788	NaN
499.99999999999994	0.41919191919191917	0.6787878787878788	NaN
499.99999999999994	0.42424242424242425	0.6787878787878788	NaN
499.99999999999994	0.4292929292929293	0.6787878787878788	NaN
499.99999999999994	0.43434343434343436	0.6787878787878788	NaN
499.99999999999994	0.4393939393939394	0.6787878787878788	NaN
499.99999999999994	0.4444444444444444	0.6787878787878788	NaN
499.99999999999994	0.4494949494949495	0.6787878787878788	NaN
499.99999999999994	0.45454545454545453	0.6787878787878788	NaN
499.99999999999994	0.4595959595959596	0.6787878787878788	NaN
499.99999999999994	0.46464646464646464	0.6787878787878788	NaN
499.99999999999994	0.4696969696969697	0.6787878787878788	NaN
499.99999999999994	0.47474747474747475	0.6787878787878788	NaN
499.99999999999994	0.4797979797979798	0.6787878787878788	NaN
499.99999999999994	0.48484848484848486	0.6787878787878788	NaN
499.99999999999994	0.4898989898989899	0.6787878787878788	NaN
499.99999999999994	0.494949494949495	0.6787878787878788	NaN
499.99999999999994	0.5	0.6787878787878788	NaN
499.99999999999994	0.0	0.6868686868686869	0.07636967993520372
499.99999999999994	0.005050505050505051	0.6868686868686869	0.07595733956169508
499.99999999999994	0.010101010101010102	0.6868686868686869	0.0755537094145159
499.99999999999994	0.015151515151515152	0.6868686868686869	0.07515255354665067
499.99999999999994	0.020202020202020204	0.6868686868686869	0.07475482921346414
499.99999999999994	0.025252525252525252	0.6868686868686869	0.07436083147917742
499.99999999999994	0.030303030303030304	0.6868686868686869	0.07397466704098173
499.99999999999994	0.03535353535353535	0.6868686868686869	0.07358933749073371
499.99999999999994	0.04040404040404041	0.6868686868686869	0.07321007048541905
499.99999999999994	0.045454545454545456	0.6868686868686869	0.07283623713739873
499.99999999999994	0.050505050505050504	0.6868686868686869	0.07246375633203522
499.99999999999994	0.05555555555555555	0.6868686868686869	0.07209785973368368
499.99999999999994	0.06060606060606061	0.6868686868686869	0.07173501180965015
499.99999999999994	0.06565656565656566	0.6868686868686869	0.07137655882875701
499.99999999999994	0.0707070707070707	0.6868686868686869	0.07102003364847903
499.99999999999994	0.07575757575757576	0.6868686868686869	0.07066857349754183
499.99999999999994	0.08080808080808081	0.6868686868686869	0.07032222692172346
499.99999999999994	0.08585858585858586	0.6868686868686869	0.06998032404435381
499.99999999999994	0.09090909090909091	0.6868686868686869	0.06964062525855022
499.99999999999994	0.09595959595959595	0.6868686868686869	0.06930477362944631
499.99999999999994	0.10101010101010101	0.6868686868686869	0.06897489302045987
499.99999999999994	0.10606060606060606	0.6868686868686869	0.06864592001963829
499.99999999999994	0.1111111111111111	0.6868686868686869	0.06832245988796398
499.99999999999994	0.11616161616161616	0.6868686868686869	0.06800191727001505
499.99999999999994	0.12121212121212122	0.6868686868686869	0.06768678322895348
499.99999999999994	0.12626262626262627	0.6868686868686869	0.06737442284884645
499.99999999999994	0.13131313131313133	0.6868686868686869	0.06706493217766626
499.99999999999994	0.13636363636363635	0.6868686868686869	0.06675770488360133
499.99999999999994	0.1414141414141414	0.6868686868686869	0.06645527626492997
499.99999999999994	0.14646464646464646	0.6868686868686869	0.06615806873904143
499.99999999999994	0.15151515151515152	0.6868686868686869	0.0658602477906955
499.99999999999994	0.15656565656565657	0.6868686868686869	0.06556846351384303
499.99999999999994	0.16161616161616163	0.6868686868686869	0.06527950302782301
499.99999999999994	0.16666666666666666	0.6868686868686869	0.06499230503624205
499.99999999999994	0.1717171717171717	0.6868686868686869	0.06470737889921507
499.99999999999994	0.17676767676767677	0.6868686868686869	0.06442304960264472
499.99999999999994	0.18181818181818182	0.6868686868686869	0.06414168344105903
499.99999999999994	0.18686868686868688	0.6868686868686869	0.06385965518592114
499.99999999999994	0.1919191919191919	0.6868686868686869	0.06357824542409941
499.99999999999994	0.19696969696969696	0.6868686868686869	0.0632952985042873
499.99999999999994	0.20202020202020202	0.6868686868686869	0.0630132477358449
499.99999999999994	0.20707070707070707	0.6868686868686869	0.06273388260458186
499.99999999999994	0.21212121212121213	0.6868686868686869	0.062467529186374444
499.99999999999994	0.21717171717171718	0.6868686868686869	0.06223301188939593
499.99999999999994	0.2222222222222222	0.6868686868686869	0.06207836111974103
499.99999999999994	0.22727272727272727	0.6868686868686869	0.06210366343211436
499.99999999999994	0.23232323232323232	0.6868686868686869	0.06253342168410501
499.99999999999994	0.23737373737373738	0.6868686868686869	0.06391229157205555
499.99999999999994	0.24242424242424243	0.6868686868686869	0.07237107573261244
499.99999999999994	0.2474747474747475	0.6868686868686869	0.11040406561022767
499.99999999999994	0.25252525252525254	0.6868686868686869	0.18063110597991502
499.99999999999994	0.25757575757575757	0.6868686868686869	0.2724269771302199
499.99999999999994	0.26262626262626265	0.6868686868686869	0.3748872866721185
499.99999999999994	0.2676767676767677	0.6868686868686869	0.4823761150265095
499.99999999999994	0.2727272727272727	0.6868686868686869	0.5917792327063636
499.99999999999994	0.2777777777777778	0.6868686868686869	0.7003594937642786
499.99999999999994	0.2828282828282828	0.6868686868686869	0.8007358930829445
499.99999999999994	0.2878787878787879	0.6868686868686869	NaN
499.99999999999994	0.29292929292929293	0.6868686868686869	NaN
499.99999999999994	0.29797979797979796	0.6868686868686869	NaN
499.99999999999994	0.30303030303030304	0.6868686868686869	NaN
499.99999999999994	0.30808080808080807	0.6868686868686869	NaN
499.99999999999994	0.31313131313131315	0.6868686868686869	NaN
499.99999999999994	0.3181818181818182	0.6868686868686869	NaN
499.99999999999994	0.32323232323232326	0.6868686868686869	NaN
499.99999999999994	0.3282828282828283	0.6868686868686869	NaN
499.99999999999994	0.3333333333333333	0.6868686868686869	NaN
499.99999999999994	0.3383838383838384	0.6868686868686869	NaN
499.99999999999994	0.3434343434343434	0.6868686868686869	NaN
499.99999999999994	0.3484848484848485	0.6868686868686869	NaN
499.99999999999994	0.35353535353535354	0.6868686868686869	NaN
499.99999999999994	0.35858585858585856	0.6868686868686869	NaN
499.99999999999994	0.36363636363636365	0.6868686868686869	NaN
499.99999999999994	0.3686868686868687	0.6868686868686869	NaN
499.99999999999994	0.37373737373737376	0.6868686868686869	NaN
499.99999999999994	0.3787878787878788	0.6868686868686869	NaN
499.99999999999994	0.3838383838383838	0.6868686868686869	NaN
499.99999999999994	0.3888888888888889	0.6868686868686869	NaN
499.99999999999994	0.3939393939393939	0.6868686868686869	NaN
499.99999999999994	0.398989898989899	0.6868686868686869	NaN
499.99999999999994	0.40404040404040403	0.6868686868686869	NaN
499.99999999999994	0.4090909090909091	0.6868686868686869	NaN
499.99999999999994	0.41414141414141414	0.6868686868686869	NaN
499.99999999999994	0.41919191919191917	0.6868686868686869	NaN
499.99999999999994	0.42424242424242425	0.6868686868686869	NaN
499.99999999999994	0.4292929292929293	0.6868686868686869	NaN
499.99999999999994	0.43434343434343436	0.6868686868686869	NaN
499.99999999999994	0.4393939393939394	0.6868686868686869	NaN
499.99999999999994	0.4444444444444444	0.6868686868686869	NaN
499.99999999999994	0.4494949494949495	0.6868686868686869	NaN
499.99999999999994	0.45454545454545453	0.6868686868686869	NaN
499.99999999999994	0.4595959595959596	0.6868686868686869	NaN
499.99999999999994	0.46464646464646464	0.6868686868686869	NaN
499.99999999999994	0.4696969696969697	0.6868686868686869	NaN
499.99999999999994	0.47474747474747475	0.6868686868686869	NaN
499.99999999999994	0.4797979797979798	0.6868686868686869	NaN
499.99999999999994	0.48484848484848486	0.6868686868686869	NaN
499.99999999999994	0.4898989898989899	0.6868686868686869	NaN
499.99999999999994	0.494949494949495	0.6868686868686869	NaN
499.99999999999994	0.5	0.6868686868686869	NaN
499.99999999999994	0.0	0.694949494949495	0.07638601156066878
499.99999999999994	0.005050505050505051	0.694949494949495	0.07597708677999336
499.99999999999994	0.010101010101010102	0.694949494949495	0.07557046455401863
499.99999999999994	0.015151515151515152	0.694949494949495	0.07516794166809246
499.99999999999994	0.020202020202020204	0.694949494949495	0.07477333014851657
499.99999999999994	0.025252525252525252	0.694949494949495	0.07438262385189379
499.99999999999994	0.030303030303030304	0.694949494949495	0.07399333046082503
499.99999999999994	0.03535353535353535	0.694949494949495	0.073611510301557
499.99999999999994	0.04040404040404041	0.694949494949495	0.07322943542101859
499.99999999999994	0.045454545454545456	0.694949494949495	0.0728578941318837
499.99999999999994	0.050505050505050504	0.694949494949495	0.07248523834937194
499.99999999999994	0.05555555555555555	0.694949494949495	0.0721204714387159
499.99999999999994	0.06060606060606061	0.694949494949495	0.0717580519430251
499.99999999999994	0.06565656565656566	0.694949494949495	0.07140121605620008
499.99999999999994	0.0707070707070707	0.694949494949495	0.07104592226365061
499.99999999999994	0.07575757575757576	0.694949494949495	0.07069631921536716
499.99999999999994	0.08080808080808081	0.694949494949495	0.07034949168746692
499.99999999999994	0.08585858585858586	0.694949494949495	0.07000585164045418
499.99999999999994	0.09090909090909091	0.694949494949495	0.06966957313583702
499.99999999999994	0.09595959595959595	0.694949494949495	0.06933206082085148
499.99999999999994	0.10101010101010101	0.694949494949495	0.06900401942335965
499.99999999999994	0.10606060606060606	0.694949494949495	0.06867531082343739
499.99999999999994	0.1111111111111111	0.694949494949495	0.06835176748845194
499.99999999999994	0.11616161616161616	0.694949494949495	0.06803203028391978
499.99999999999994	0.12121212121212122	0.694949494949495	0.0677171406210461
499.99999999999994	0.12626262626262627	0.694949494949495	0.06740472149135866
499.99999999999994	0.13131313131313133	0.694949494949495	0.06709579667117893
499.99999999999994	0.13636363636363635	0.694949494949495	0.0667925558976906
499.99999999999994	0.1414141414141414	0.694949494949495	0.06648902139890599
499.99999999999994	0.14646464646464646	0.694949494949495	0.06619242078237055
499.99999999999994	0.15151515151515152	0.694949494949495	0.0658954488052279
499.99999999999994	0.15656565656565657	0.694949494949495	0.06560431394068011
499.99999999999994	0.16161616161616163	0.694949494949495	0.06531276318541664
499.99999999999994	0.16666666666666666	0.694949494949495	0.06502720601698554
499.99999999999994	0.1717171717171717	0.694949494949495	0.0647405654640535
499.99999999999994	0.17676767676767677	0.694949494949495	0.06445668104845156
499.99999999999994	0.18181818181818182	0.694949494949495	0.06417209682444626
499.99999999999994	0.18686868686868688	0.694949494949495	0.0638872705988711
499.99999999999994	0.1919191919191919	0.694949494949495	0.06360124215023187
499.99999999999994	0.19696969696969696	0.694949494949495	0.06331747766762778
499.99999999999994	0.20202020202020202	0.694949494949495	0.06303421839680473
499.99999999999994	0.20707070707070707	0.694949494949495	0.062760986441651
499.99999999999994	0.21212121212121213	0.694949494949495	0.06251809769409584
499.99999999999994	0.21717171717171718	0.694949494949495	0.06234650249103708
499.99999999999994	0.2222222222222222	0.694949494949495	0.06233946677100019
499.99999999999994	0.22727272727272727	0.694949494949495	0.0627014600430509
499.99999999999994	0.23232323232323232	0.694949494949495	0.06391658735840047
499.99999999999994	0.23737373737373738	0.694949494949495	0.06989416642639458
499.99999999999994	0.24242424242424243	0.694949494949495	0.10464891170971602
499.99999999999994	0.2474747474747475	0.694949494949495	0.17184576469908142
499.99999999999994	0.25252525252525254	0.694949494949495	0.2622034733945369
499.99999999999994	0.25757575757575757	0.694949494949495	0.3641424950451176
499.99999999999994	0.26262626262626265	0.694949494949495	0.47156040544956074
499.99999999999994	0.2676767676767677	0.694949494949495	0.5811750769520106
499.99999999999994	0.2727272727272727	0.694949494949495	0.6903155706752927
499.99999999999994	0.2777777777777778	0.694949494949495	0.7929314326742779
499.99999999999994	0.2828282828282828	0.694949494949495	NaN
499.99999999999994	0.2878787878787879	0.694949494949495	NaN
499.99999999999994	0.29292929292929293	0.694949494949495	NaN
499.99999999999994	0.29797979797979796	0.694949494949495	NaN
499.99999999999994	0.30303030303030304	0.694949494949495	NaN
499.99999999999994	0.30808080808080807	0.694949494949495	NaN
499.99999999999994	0.31313131313131315	0.694949494949495	NaN
499.99999999999994	0.3181818181818182	0.694949494949495	NaN
499.99999999999994	0.32323232323232326	0.694949494949495	NaN
499.99999999999994	0.3282828282828283	0.694949494949495	NaN
499.99999999999994	0.3333333333333333	0.694949494949495	NaN
499.99999999999994	0.3383838383838384	0.694949494949495	NaN
499.99999999999994	0.3434343434343434	0.694949494949495	NaN
499.99999999999994	0.3484848484848485	0.694949494949495	NaN
499.99999999999994	0.35353535353535354	0.694949494949495	NaN
499.99999999999994	0.35858585858585856	0.694949494949495	NaN
499.99999999999994	0.36363636363636365	0.694949494949495	NaN
499.99999999999994	0.3686868686868687	0.694949494949495	NaN
499.99999999999994	0.37373737373737376	0.694949494949495	NaN
499.99999999999994	0.3787878787878788	0.694949494949495	NaN
499.99999999999994	0.3838383838383838	0.694949494949495	NaN
499.99999999999994	0.3888888888888889	0.694949494949495	NaN
499.99999999999994	0.3939393939393939	0.694949494949495	NaN
499.99999999999994	0.398989898989899	0.694949494949495	NaN
499.99999999999994	0.40404040404040403	0.694949494949495	NaN
499.99999999999994	0.4090909090909091	0.694949494949495	NaN
499.99999999999994	0.41414141414141414	0.694949494949495	NaN
499.99999999999994	0.41919191919191917	0.694949494949495	NaN
499.99999999999994	0.42424242424242425	0.694949494949495	NaN
499.99999999999994	0.4292929292929293	0.694949494949495	NaN
499.99999999999994	0.43434343434343436	0.694949494949495	NaN
499.99999999999994	0.4393939393939394	0.694949494949495	NaN
499.99999999999994	0.4444444444444444	0.694949494949495	NaN
499.99999999999994	0.4494949494949495	0.694949494949495	NaN
499.99999999999994	0.45454545454545453	0.694949494949495	NaN
499.99999999999994	0.4595959595959596	0.694949494949495	NaN
499.99999999999994	0.46464646464646464	0.694949494949495	NaN
499.99999999999994	0.4696969696969697	0.694949494949495	NaN
499.99999999999994	0.47474747474747475	0.694949494949495	NaN
499.99999999999994	0.4797979797979798	0.694949494949495	NaN
499.99999999999994	0.48484848484848486	0.694949494949495	NaN
499.99999999999994	0.4898989898989899	0.694949494949495	NaN
499.99999999999994	0.494949494949495	0.694949494949495	NaN
499.99999999999994	0.5	0.694949494949495	NaN
499.99999999999994	0.0	0.703030303030303	0.0764027155670586
499.99999999999994	0.005050505050505051	0.703030303030303	0.07599175020829368
499.99999999999994	0.010101010101010102	0.703030303030303	0.07558970874533884
499.99999999999994	0.015151515151515152	0.703030303030303	0.07518941511147385
499.99999999999994	0.020202020202020204	0.703030303030303	0.0747915306820594
499.99999999999994	0.025252525252525252	0.703030303030303	0.07440093564967662
499.99999999999994	0.030303030303030304	0.703030303030303	0.07401386175154212
499.99999999999994	0.03535353535353535	0.703030303030303	0.07363241069524004
499.99999999999994	0.04040404040404041	0.703030303030303	0.07325366327114385
499.99999999999994	0.045454545454545456	0.703030303030303	0.07287990725878112
499.99999999999994	0.050505050505050504	0.703030303030303	0.07250774672534763
499.99999999999994	0.05555555555555555	0.703030303030303	0.07214339120584647
499.99999999999994	0.06060606060606061	0.703030303030303	0.07178088307694276
499.99999999999994	0.06565656565656566	0.703030303030303	0.07142483785767774
499.99999999999994	0.0707070707070707	0.703030303030303	0.07107100977397447
499.99999999999994	0.07575757575757576	0.703030303030303	0.07071955378810191
499.99999999999994	0.08080808080808081	0.703030303030303	0.07037506268553279
499.99999999999994	0.08585858585858586	0.703030303030303	0.07003346800158046
499.99999999999994	0.09090909090909091	0.703030303030303	0.06969636017103174
499.99999999999994	0.09595959595959595	0.703030303030303	0.06936172913231091
499.99999999999994	0.10101010101010101	0.703030303030303	0.06903331071701592
499.99999999999994	0.10606060606060606	0.703030303030303	0.0687054434759946
499.99999999999994	0.1111111111111111	0.703030303030303	0.06838378655972444
499.99999999999994	0.11616161616161616	0.703030303030303	0.06806340350065078
499.99999999999994	0.12121212121212122	0.703030303030303	0.0677491221325409
499.99999999999994	0.12626262626262627	0.703030303030303	0.06743847719147837
499.99999999999994	0.13131313131313133	0.703030303030303	0.06713057897471303
499.99999999999994	0.13636363636363635	0.703030303030303	0.0668246964289689
499.99999999999994	0.1414141414141414	0.703030303030303	0.06652465725711075
499.99999999999994	0.14646464646464646	0.703030303030303	0.06622751664471473
499.99999999999994	0.15151515151515152	0.703030303030303	0.0659313720205303
499.99999999999994	0.15656565656565657	0.703030303030303	0.06563812495594352
499.99999999999994	0.16161616161616163	0.703030303030303	0.0653475151075395
499.99999999999994	0.16666666666666666	0.703030303030303	0.06505886358249378
499.99999999999994	0.1717171717171717	0.703030303030303	0.06477247324470665
499.99999999999994	0.17676767676767677	0.703030303030303	0.0644862070898566
499.99999999999994	0.18181818181818182	0.703030303030303	0.06419904620310558
499.99999999999994	0.18686868686868688	0.703030303030303	0.06390930172667421
499.99999999999994	0.1919191919191919	0.703030303030303	0.06362222073961202
499.99999999999994	0.19696969696969696	0.703030303030303	0.06333595812138418
499.99999999999994	0.20202020202020202	0.703030303030303	0.06305916342300603
499.99999999999994	0.20707070707070707	0.703030303030303	0.06280632502549069
499.99999999999994	0.21212121212121213	0.703030303030303	0.06261879509930561
499.99999999999994	0.21717171717171718	0.703030303030303	0.06258275925627038
499.99999999999994	0.2222222222222222	0.703030303030303	0.06288314380607872
499.99999999999994	0.22727272727272727	0.703030303030303	0.063952538371146
499.99999999999994	0.23232323232323232	0.703030303030303	0.06786498757199948
499.99999999999994	0.23737373737373738	0.703030303030303	0.09929332339781465
499.99999999999994	0.24242424242424243	0.703030303030303	0.16328085042505822
499.99999999999994	0.2474747474747475	0.703030303030303	0.25205059664036567
499.99999999999994	0.25252525252525254	0.703030303030303	0.3533984274739144
499.99999999999994	0.25757575757575757	0.703030303030303	0.4607100487019831
499.99999999999994	0.26262626262626265	0.703030303030303	0.5705092977937181
499.99999999999994	0.2676767676767677	0.703030303030303	0.6801581203698326
499.99999999999994	0.2727272727272727	0.703030303030303	0.784547242443876
499.99999999999994	0.2777777777777778	0.703030303030303	NaN
499.99999999999994	0.2828282828282828	0.703030303030303	NaN
499.99999999999994	0.2878787878787879	0.703030303030303	NaN
499.99999999999994	0.29292929292929293	0.703030303030303	NaN
499.99999999999994	0.29797979797979796	0.703030303030303	NaN
499.99999999999994	0.30303030303030304	0.703030303030303	NaN
499.99999999999994	0.30808080808080807	0.703030303030303	NaN
499.99999999999994	0.31313131313131315	0.703030303030303	NaN
499.99999999999994	0.3181818181818182	0.703030303030303	NaN
499.99999999999994	0.32323232323232326	0.703030303030303	NaN
499.99999999999994	0.3282828282828283	0.703030303030303	NaN
499.99999999999994	0.3333333333333333	0.703030303030303	NaN
499.99999999999994	0.3383838383838384	0.703030303030303	NaN
499.99999999999994	0.3434343434343434	0.703030303030303	NaN
499.99999999999994	0.3484848484848485	0.703030303030303	NaN
499.99999999999994	0.35353535353535354	0.703030303030303	NaN
499.99999999999994	0.35858585858585856	0.703030303030303	NaN
499.99999999999994	0.36363636363636365	0.703030303030303	NaN
499.99999999999994	0.3686868686868687	0.703030303030303	NaN
499.99999999999994	0.37373737373737376	0.703030303030303	NaN
499.99999999999994	0.3787878787878788	0.703030303030303	NaN
499.99999999999994	0.3838383838383838	0.703030303030303	NaN
499.99999999999994	0.3888888888888889	0.703030303030303	NaN
499.99999999999994	0.3939393939393939	0.703030303030303	NaN
499.99999999999994	0.398989898989899	0.703030303030303	NaN
499.99999999999994	0.40404040404040403	0.703030303030303	NaN
499.99999999999994	0.4090909090909091	0.703030303030303	NaN
499.99999999999994	0.41414141414141414	0.703030303030303	NaN
499.99999999999994	0.41919191919191917	0.703030303030303	NaN
499.99999999999994	0.42424242424242425	0.703030303030303	NaN
499.99999999999994	0.4292929292929293	0.703030303030303	NaN
499.99999999999994	0.43434343434343436	0.703030303030303	NaN
499.99999999999994	0.4393939393939394	0.703030303030303	NaN
499.99999999999994	0.4444444444444444	0.703030303030303	NaN
499.99999999999994	0.4494949494949495	0.703030303030303	NaN
499.99999999999994	0.45454545454545453	0.703030303030303	NaN
499.99999999999994	0.4595959595959596	0.703030303030303	NaN
499.99999999999994	0.46464646464646464	0.703030303030303	NaN
499.99999999999994	0.4696969696969697	0.703030303030303	NaN
499.99999999999994	0.47474747474747475	0.703030303030303	NaN
499.99999999999994	0.4797979797979798	0.703030303030303	NaN
499.99999999999994	0.48484848484848486	0.703030303030303	NaN
499.99999999999994	0.4898989898989899	0.703030303030303	NaN
499.99999999999994	0.494949494949495	0.703030303030303	NaN
499.99999999999994	0.5	0.703030303030303	NaN
499.99999999999994	0.0	0.7111111111111111	0.07642050414501524
499.99999999999994	0.005050505050505051	0.7111111111111111	0.07601218286206858
499.99999999999994	0.010101010101010102	0.7111111111111111	0.07560550561338893
499.99999999999994	0.015151515151515152	0.7111111111111111	0.07520666522947728
499.99999999999994	0.020202020202020204	0.7111111111111111	0.07481315393434683
499.99999999999994	0.025252525252525252	0.7111111111111111	0.07442031980843836
499.99999999999994	0.030303030303030304	0.7111111111111111	0.07403497138438567
499.99999999999994	0.03535353535353535	0.7111111111111111	0.07365222853316092
499.99999999999994	0.04040404040404041	0.7111111111111111	0.07327642138426509
499.99999999999994	0.045454545454545456	0.7111111111111111	0.07290239006550774
499.99999999999994	0.050505050505050504	0.7111111111111111	0.07253139829695983
499.99999999999994	0.05555555555555555	0.7111111111111111	0.07216622097257401
499.99999999999994	0.06060606060606061	0.7111111111111111	0.07180499185470678
499.99999999999994	0.06565656565656566	0.7111111111111111	0.07144718663740798
499.99999999999994	0.0707070707070707	0.7111111111111111	0.07109639860186288
499.99999999999994	0.07575757575757576	0.7111111111111111	0.0707486391401345
499.99999999999994	0.08080808080808081	0.7111111111111111	0.07040143631159529
499.99999999999994	0.08585858585858586	0.7111111111111111	0.07006141247586938
499.99999999999994	0.09090909090909091	0.7111111111111111	0.06972370033009102
499.99999999999994	0.09595959595959595	0.7111111111111111	0.06939076133179617
499.99999999999994	0.10101010101010101	0.7111111111111111	0.06906315319166488
499.99999999999994	0.10606060606060606	0.7111111111111111	0.06873664518459072
499.99999999999994	0.1111111111111111	0.7111111111111111	0.06841533620071921
499.99999999999994	0.11616161616161616	0.7111111111111111	0.06809758179420719
499.99999999999994	0.12121212121212122	0.7111111111111111	0.06778238259246896
499.99999999999994	0.12626262626262627	0.7111111111111111	0.06747018093139986
499.99999999999994	0.13131313131313133	0.7111111111111111	0.06716431277678023
499.99999999999994	0.13636363636363635	0.7111111111111111	0.06685871234778157
499.99999999999994	0.1414141414141414	0.7111111111111111	0.06655838245108606
499.99999999999994	0.14646464646464646	0.7111111111111111	0.06626068479977797
499.99999999999994	0.15151515151515152	0.7111111111111111	0.06596631904872137
499.99999999999994	0.15656565656565657	0.7111111111111111	0.0656721500876461
499.99999999999994	0.16161616161616163	0.7111111111111111	0.06538017527194144
499.99999999999994	0.16666666666666666	0.7111111111111111	0.06509275228197203
499.99999999999994	0.1717171717171717	0.7111111111111111	0.06480336046533011
499.99999999999994	0.17676767676767677	0.7111111111111111	0.06451216325154192
499.99999999999994	0.18181818181818182	0.7111111111111111	0.06422215962118985
499.99999999999994	0.18686868686868688	0.7111111111111111	0.06393203056437975
499.99999999999994	0.1919191919191919	0.7111111111111111	0.06364142095711335
499.99999999999994	0.19696969696969696	0.7111111111111111	0.0633596712488402
499.99999999999994	0.20202020202020202	0.7111111111111111	0.0630993914831232
499.99999999999994	0.20707070707070707	0.7111111111111111	0.06289750325567779
499.99999999999994	0.21212121212121213	0.7111111111111111	0.06283250843274141
499.99999999999994	0.21717171717171718	0.7111111111111111	0.06307579748180978
499.99999999999994	0.2222222222222222	0.7111111111111111	0.0640156358415868
499.99999999999994	0.22727272727272727	0.7111111111111111	0.06705733562893632
499.99999999999994	0.23232323232323232	0.7111111111111111	0.0943421165386333
499.99999999999994	0.23737373737373738	0.7111111111111111	0.15495980394553255
499.99999999999994	0.24242424242424243	0.7111111111111111	0.24197981927828535
499.99999999999994	0.2474747474747475	0.7111111111111111	0.34266013679735785
499.99999999999994	0.25252525252525254	0.7111111111111111	0.4498277887324521
499.99999999999994	0.25757575757575757	0.7111111111111111	0.5597847884835278
499.99999999999994	0.26262626262626265	0.7111111111111111	0.6698964242642307
499.99999999999994	0.2676767676767677	0.7111111111111111	0.7757391689865322
499.99999999999994	0.2727272727272727	0.7111111111111111	NaN
499.99999999999994	0.2777777777777778	0.7111111111111111	NaN
499.99999999999994	0.2828282828282828	0.7111111111111111	NaN
499.99999999999994	0.2878787878787879	0.7111111111111111	NaN
499.99999999999994	0.29292929292929293	0.7111111111111111	NaN
499.99999999999994	0.29797979797979796	0.7111111111111111	NaN
499.99999999999994	0.30303030303030304	0.7111111111111111	NaN
499.99999999999994	0.30808080808080807	0.7111111111111111	NaN
499.99999999999994	0.31313131313131315	0.7111111111111111	NaN
499.99999999999994	0.3181818181818182	0.7111111111111111	NaN
499.99999999999994	0.32323232323232326	0.7111111111111111	NaN
499.99999999999994	0.3282828282828283	0.7111111111111111	NaN
499.99999999999994	0.3333333333333333	0.7111111111111111	NaN
499.99999999999994	0.3383838383838384	0.7111111111111111	NaN
499.99999999999994	0.3434343434343434	0.7111111111111111	NaN
499.99999999999994	0.3484848484848485	0.7111111111111111	NaN
499.99999999999994	0.35353535353535354	0.7111111111111111	NaN
499.99999999999994	0.35858585858585856	0.7111111111111111	NaN
499.99999999999994	0.36363636363636365	0.7111111111111111	NaN
499.99999999999994	0.3686868686868687	0.7111111111111111	NaN
499.99999999999994	0.37373737373737376	0.7111111111111111	NaN
499.99999999999994	0.3787878787878788	0.7111111111111111	NaN
499.99999999999994	0.3838383838383838	0.7111111111111111	NaN
499.99999999999994	0.3888888888888889	0.7111111111111111	NaN
499.99999999999994	0.3939393939393939	0.7111111111111111	NaN
499.99999999999994	0.398989898989899	0.7111111111111111	NaN
499.99999999999994	0.40404040404040403	0.7111111111111111	NaN
499.99999999999994	0.4090909090909091	0.7111111111111111	NaN
499.99999999999994	0.41414141414141414	0.7111111111111111	NaN
499.99999999999994	0.41919191919191917	0.7111111111111111	NaN
499.99999999999994	0.42424242424242425	0.7111111111111111	NaN
499.99999999999994	0.4292929292929293	0.7111111111111111	NaN
499.99999999999994	0.43434343434343436	0.7111111111111111	NaN
499.99999999999994	0.4393939393939394	0.7111111111111111	NaN
499.99999999999994	0.4444444444444444	0.7111111111111111	NaN
499.99999999999994	0.4494949494949495	0.7111111111111111	NaN
499.99999999999994	0.45454545454545453	0.7111111111111111	NaN
499.99999999999994	0.4595959595959596	0.7111111111111111	NaN
499.99999999999994	0.46464646464646464	0.7111111111111111	NaN
499.99999999999994	0.4696969696969697	0.7111111111111111	NaN
499.99999999999994	0.47474747474747475	0.7111111111111111	NaN
499.99999999999994	0.4797979797979798	0.7111111111111111	NaN
499.99999999999994	0.48484848484848486	0.7111111111111111	NaN
499.99999999999994	0.4898989898989899	0.7111111111111111	NaN
499.99999999999994	0.494949494949495	0.7111111111111111	NaN
499.99999999999994	0.5	0.7111111111111111	NaN
499.99999999999994	0.0	0.7191919191919192	0.07643765072722555
499.99999999999994	0.005050505050505051	0.7191919191919192	0.07602977935479789
499.99999999999994	0.010101010101010102	0.7191919191919192	0.07562773165638334
499.99999999999994	0.015151515151515152	0.7191919191919192	0.07522666993692063
499.99999999999994	0.020202020202020204	0.7191919191919192	0.07483207924801258
499.99999999999994	0.025252525252525252	0.7191919191919192	0.07444264755434618
499.99999999999994	0.030303030303030304	0.7191919191919192	0.07405731688822889
499.99999999999994	0.03535353535353535	0.7191919191919192	0.07367283303972864
499.99999999999994	0.04040404040404041	0.7191919191919192	0.07329897005364652
499.99999999999994	0.045454545454545456	0.7191919191919192	0.07292573312016662
499.99999999999994	0.050505050505050504	0.7191919191919192	0.07255546368966845
499.99999999999994	0.05555555555555555	0.7191919191919192	0.07219188991203546
499.99999999999994	0.06060606060606061	0.7191919191919192	0.07183200439598608
499.99999999999994	0.06565656565656566	0.7191919191919192	0.07147630710412846
499.99999999999994	0.0707070707070707	0.7191919191919192	0.07112196955724476
499.99999999999994	0.07575757575757576	0.7191919191919192	0.07077432237327645
499.99999999999994	0.08080808080808081	0.7191919191919192	0.07042988953531902
499.99999999999994	0.08585858585858586	0.7191919191919192	0.07009037173025463
499.99999999999994	0.09090909090909091	0.7191919191919192	0.06975296861776803
499.99999999999994	0.09595959595959595	0.7191919191919192	0.06941989982836326
499.99999999999994	0.10101010101010101	0.7191919191919192	0.06909282219579263
499.99999999999994	0.10606060606060606	0.7191919191919192	0.06876816700471236
499.99999999999994	0.1111111111111111	0.7191919191919192	0.0684454054495227
499.99999999999994	0.11616161616161616	0.7191919191919192	0.06812726503675053
499.99999999999994	0.12121212121212122	0.7191919191919192	0.06781630234909448
499.99999999999994	0.12626262626262627	0.7191919191919192	0.0675062081726297
499.99999999999994	0.13131313131313133	0.7191919191919192	0.0671992988291451
499.99999999999994	0.13636363636363635	0.7191919191919192	0.06689415052763027
499.99999999999994	0.1414141414141414	0.7191919191919192	0.0665934416383574
499.99999999999994	0.14646464646464646	0.7191919191919192	0.06629643373381891
499.99999999999994	0.15151515151515152	0.7191919191919192	0.06600012950330869
499.99999999999994	0.15656565656565657	0.7191919191919192	0.0657070974834243
499.99999999999994	0.16161616161616163	0.7191919191919192	0.06541475285117153
499.99999999999994	0.16666666666666666	0.7191919191919192	0.06512194415192997
499.99999999999994	0.1717171717171717	0.7191919191919192	0.06482911439526366
499.99999999999994	0.17676767676767677	0.7191919191919192	0.06453695251390769
499.99999999999994	0.18181818181818182	0.7191919191919192	0.06424320214015289
499.99999999999994	0.18686868686868688	0.7191919191919192	0.06394911157149745
499.99999999999994	0.1919191919191919	0.7191919191919192	0.06366235786383485
499.99999999999994	0.19696969696969696	0.7191919191919192	0.06339364700029705
499.99999999999994	0.20202020202020202	0.7191919191919192	0.06317868178346335
499.99999999999994	0.20707070707070707	0.7191919191919192	0.0630872565990065
499.99999999999994	0.21212121212121213	0.7191919191919192	0.06327896907836134
499.99999999999994	0.21717171717171718	0.7191919191919192	0.06410263052977337
499.99999999999994	0.2222222222222222	0.7191919191919192	0.06664013523045413
499.99999999999994	0.22727272727272727	0.7191919191919192	0.08979356861296352
499.99999999999994	0.23232323232323232	0.7191919191919192	0.14690718110232534
499.99999999999994	0.23737373737373738	0.7191919191919192	0.23200376370927103
499.99999999999994	0.24242424242424243	0.7191919191919192	0.3319331300492954
499.99999999999994	0.2474747474747475	0.7191919191919192	0.4389164960485664
499.99999999999994	0.25252525252525254	0.7191919191919192	0.5490042804511243
499.99999999999994	0.25757575757575757	0.7191919191919192	0.6595381872548565
499.99999999999994	0.26262626262626265	0.7191919191919192	0.7666038365383357
499.99999999999994	0.2676767676767677	0.7191919191919192	NaN
499.99999999999994	0.2727272727272727	0.7191919191919192	NaN
499.99999999999994	0.2777777777777778	0.7191919191919192	NaN
499.99999999999994	0.2828282828282828	0.7191919191919192	NaN
499.99999999999994	0.2878787878787879	0.7191919191919192	NaN
499.99999999999994	0.29292929292929293	0.7191919191919192	NaN
499.99999999999994	0.29797979797979796	0.7191919191919192	NaN
499.99999999999994	0.30303030303030304	0.7191919191919192	NaN
499.99999999999994	0.30808080808080807	0.7191919191919192	NaN
499.99999999999994	0.31313131313131315	0.7191919191919192	NaN
499.99999999999994	0.3181818181818182	0.7191919191919192	NaN
499.99999999999994	0.32323232323232326	0.7191919191919192	NaN
499.99999999999994	0.3282828282828283	0.7191919191919192	NaN
499.99999999999994	0.3333333333333333	0.7191919191919192	NaN
499.99999999999994	0.3383838383838384	0.7191919191919192	NaN
499.99999999999994	0.3434343434343434	0.7191919191919192	NaN
499.99999999999994	0.3484848484848485	0.7191919191919192	NaN
499.99999999999994	0.35353535353535354	0.7191919191919192	NaN
499.99999999999994	0.35858585858585856	0.7191919191919192	NaN
499.99999999999994	0.36363636363636365	0.7191919191919192	NaN
499.99999999999994	0.3686868686868687	0.7191919191919192	NaN
499.99999999999994	0.37373737373737376	0.7191919191919192	NaN
499.99999999999994	0.3787878787878788	0.7191919191919192	NaN
499.99999999999994	0.3838383838383838	0.7191919191919192	NaN
499.99999999999994	0.3888888888888889	0.7191919191919192	NaN
499.99999999999994	0.3939393939393939	0.7191919191919192	NaN
499.99999999999994	0.398989898989899	0.7191919191919192	NaN
499.99999999999994	0.40404040404040403	0.7191919191919192	NaN
499.99999999999994	0.4090909090909091	0.7191919191919192	NaN
499.99999999999994	0.41414141414141414	0.7191919191919192	NaN
499.99999999999994	0.41919191919191917	0.7191919191919192	NaN
499.99999999999994	0.42424242424242425	0.7191919191919192	NaN
499.99999999999994	0.4292929292929293	0.7191919191919192	NaN
499.99999999999994	0.43434343434343436	0.7191919191919192	NaN
499.99999999999994	0.4393939393939394	0.7191919191919192	NaN
499.99999999999994	0.4444444444444444	0.7191919191919192	NaN
499.99999999999994	0.4494949494949495	0.7191919191919192	NaN
499.99999999999994	0.45454545454545453	0.7191919191919192	NaN
499.99999999999994	0.4595959595959596	0.7191919191919192	NaN
499.99999999999994	0.46464646464646464	0.7191919191919192	NaN
499.99999999999994	0.4696969696969697	0.7191919191919192	NaN
499.99999999999994	0.47474747474747475	0.7191919191919192	NaN
499.99999999999994	0.4797979797979798	0.7191919191919192	NaN
499.99999999999994	0.48484848484848486	0.7191919191919192	NaN
499.99999999999994	0.4898989898989899	0.7191919191919192	NaN
499.99999999999994	0.494949494949495	0.7191919191919192	NaN
499.99999999999994	0.5	0.7191919191919192	NaN
499.99999999999994	0.0	0.7272727272727273	0.07645640438799882
499.99999999999994	0.005050505050505051	0.7272727272727273	0.07604679946891331
499.99999999999994	0.010101010101010102	0.7272727272727273	0.07564538883877606
499.99999999999994	0.015151515151515152	0.7272727272727273	0.07524765214602994
499.99999999999994	0.020202020202020204	0.7272727272727273	0.07485245598058307
499.99999999999994	0.025252525252525252	0.7272727272727273	0.07446388932094272
499.99999999999994	0.030303030303030304	0.7272727272727273	0.07407925877279001
499.99999999999994	0.03535353535353535	0.7272727272727273	0.07369494450957569
499.99999999999994	0.04040404040404041	0.7272727272727273	0.07332156134521656
499.99999999999994	0.045454545454545456	0.7272727272727273	0.07294922969994785
499.99999999999994	0.050505050505050504	0.7272727272727273	0.07258140870298203
499.99999999999994	0.05555555555555555	0.7272727272727273	0.07221646457811243
499.99999999999994	0.06060606060606061	0.7272727272727273	0.07185529587026972
499.99999999999994	0.06565656565656566	0.7272727272727273	0.07150052021001928
499.99999999999994	0.0707070707070707	0.7272727272727273	0.07114995382042784
499.99999999999994	0.07575757575757576	0.7272727272727273	0.07080136260674709
499.99999999999994	0.08080808080808081	0.7272727272727273	0.07045861172183308
499.99999999999994	0.08585858585858586	0.7272727272727273	0.07011965635576939
499.99999999999994	0.09090909090909091	0.7272727272727273	0.06978317115144905
499.99999999999994	0.09595959595959595	0.7272727272727273	0.06945044965410305
499.99999999999994	0.10101010101010101	0.7272727272727273	0.06912243381741118
499.99999999999994	0.10606060606060606	0.7272727272727273	0.06879950788392436
499.99999999999994	0.1111111111111111	0.7272727272727273	0.06847998797478305
499.99999999999994	0.11616161616161616	0.7272727272727273	0.06816313497767684
499.99999999999994	0.12121212121212122	0.7272727272727273	0.06784765082799618
499.99999999999994	0.12626262626262627	0.7272727272727273	0.06754023848111344
499.99999999999994	0.13131313131313133	0.7272727272727273	0.06723387594370181
499.99999999999994	0.13636363636363635	0.7272727272727273	0.06693036245300607
499.99999999999994	0.1414141414141414	0.7272727272727273	0.06662961047968137
499.99999999999994	0.14646464646464646	0.7272727272727273	0.06633023909964446
499.99999999999994	0.15151515151515152	0.7272727272727273	0.06603429045607423
499.99999999999994	0.15656565656565657	0.7272727272727273	0.06573910455421861
499.99999999999994	0.16161616161616163	0.7272727272727273	0.06544497764499206
499.99999999999994	0.16666666666666666	0.7272727272727273	0.06514911542665379
499.99999999999994	0.1717171717171717	0.7272727272727273	0.0648532376476722
499.99999999999994	0.17676767676767677	0.7272727272727273	0.06455759173751593
499.99999999999994	0.18181818181818182	0.7272727272727273	0.06426052569835791
499.99999999999994	0.18686868686868688	0.7272727272727273	0.06396722725381146
499.99999999999994	0.1919191919191919	0.7272727272727273	0.06369358183691476
499.99999999999994	0.19696969696969696	0.7272727272727273	0.06346521195608618
499.99999999999994	0.20202020202020202	0.7272727272727273	0.0633500202502068
499.99999999999994	0.20707070707070707	0.7272727272727273	0.06349241068331862
499.99999999999994	0.21212121212121213	0.7272727272727273	0.06421101962301078
499.99999999999994	0.21717171717171718	0.7272727272727273	0.06639696967295584
499.99999999999994	0.2222222222222222	0.7272727272727273	0.08563908443357987
499.99999999999994	0.22727272727272727	0.7272727272727273	0.13914828432884316
499.99999999999994	0.23232323232323232	0.7272727272727273	0.22213631062622533
499.99999999999994	0.23737373737373738	0.7272727272727273	0.3212234238400555
499.99999999999994	0.24242424242424243	0.7272727272727273	0.42797919642001103
499.99999999999994	0.2474747474747475	0.7272727272727273	0.5381703854886218
499.99999999999994	0.25252525252525254	0.7272727272727273	0.6490898962923419
499.99999999999994	0.25757575757575757	0.7272727272727273	0.7572052238669492
499.99999999999994	0.26262626262626265	0.7272727272727273	NaN
499.99999999999994	0.2676767676767677	0.7272727272727273	NaN
499.99999999999994	0.2727272727272727	0.7272727272727273	NaN
499.99999999999994	0.2777777777777778	0.7272727272727273	NaN
499.99999999999994	0.2828282828282828	0.7272727272727273	NaN
499.99999999999994	0.2878787878787879	0.7272727272727273	NaN
499.99999999999994	0.29292929292929293	0.7272727272727273	NaN
499.99999999999994	0.29797979797979796	0.7272727272727273	NaN
499.99999999999994	0.30303030303030304	0.7272727272727273	NaN
499.99999999999994	0.30808080808080807	0.7272727272727273	NaN
499.99999999999994	0.31313131313131315	0.7272727272727273	NaN
499.99999999999994	0.3181818181818182	0.7272727272727273	NaN
499.99999999999994	0.32323232323232326	0.7272727272727273	NaN
499.99999999999994	0.3282828282828283	0.7272727272727273	NaN
499.99999999999994	0.3333333333333333	0.7272727272727273	NaN
499.99999999999994	0.3383838383838384	0.7272727272727273	NaN
499.99999999999994	0.3434343434343434	0.7272727272727273	NaN
499.99999999999994	0.3484848484848485	0.7272727272727273	NaN
499.99999999999994	0.35353535353535354	0.7272727272727273	NaN
499.99999999999994	0.35858585858585856	0.7272727272727273	NaN
499.99999999999994	0.36363636363636365	0.7272727272727273	NaN
499.99999999999994	0.3686868686868687	0.7272727272727273	NaN
499.99999999999994	0.37373737373737376	0.7272727272727273	NaN
499.99999999999994	0.3787878787878788	0.7272727272727273	NaN
499.99999999999994	0.3838383838383838	0.7272727272727273	NaN
499.99999999999994	0.3888888888888889	0.7272727272727273	NaN
499.99999999999994	0.3939393939393939	0.7272727272727273	NaN
499.99999999999994	0.398989898989899	0.7272727272727273	NaN
499.99999999999994	0.40404040404040403	0.7272727272727273	NaN
499.99999999999994	0.4090909090909091	0.7272727272727273	NaN
499.99999999999994	0.41414141414141414	0.7272727272727273	NaN
499.99999999999994	0.41919191919191917	0.7272727272727273	NaN
499.99999999999994	0.42424242424242425	0.7272727272727273	NaN
499.99999999999994	0.4292929292929293	0.7272727272727273	NaN
499.99999999999994	0.43434343434343436	0.7272727272727273	NaN
499.99999999999994	0.4393939393939394	0.7272727272727273	NaN
499.99999999999994	0.4444444444444444	0.7272727272727273	NaN
499.99999999999994	0.4494949494949495	0.7272727272727273	NaN
499.99999999999994	0.45454545454545453	0.7272727272727273	NaN
499.99999999999994	0.4595959595959596	0.7272727272727273	NaN
499.99999999999994	0.46464646464646464	0.7272727272727273	NaN
499.99999999999994	0.4696969696969697	0.7272727272727273	NaN
499.99999999999994	0.47474747474747475	0.7272727272727273	NaN
499.99999999999994	0.4797979797979798	0.7272727272727273	NaN
499.99999999999994	0.48484848484848486	0.7272727272727273	NaN
499.99999999999994	0.4898989898989899	0.7272727272727273	NaN
499.99999999999994	0.494949494949495	0.7272727272727273	NaN
499.99999999999994	0.5	0.7272727272727273	NaN
499.99999999999994	0.0	0.7353535353535353	0.07647534690359357
499.99999999999994	0.005050505050505051	0.7353535353535353	0.07606955912604087
499.99999999999994	0.010101010101010102	0.7353535353535353	0.07566323247765738
499.99999999999994	0.015151515151515152	0.7353535353535353	0.07526783653132842
499.99999999999994	0.020202020202020204	0.7353535353535353	0.07487237759791177
499.99999999999994	0.025252525252525252	0.7353535353535353	0.07448494688312136
499.99999999999994	0.030303030303030304	0.7353535353535353	0.07410166949263715
499.99999999999994	0.03535353535353535	0.7353535353535353	0.07371888721729672
499.99999999999994	0.04040404040404041	0.7353535353535353	0.07334317768087605
499.99999999999994	0.045454545454545456	0.7353535353535353	0.0729718030254912
499.99999999999994	0.050505050505050504	0.7353535353535353	0.0726039774851334
499.99999999999994	0.05555555555555555	0.7353535353535353	0.07224264879625367
499.99999999999994	0.06060606060606061	0.7353535353535353	0.07188375792108345
499.99999999999994	0.06565656565656566	0.7353535353535353	0.0715257443922304
499.99999999999994	0.0707070707070707	0.7353535353535353	0.07117816086423731
499.99999999999994	0.07575757575757576	0.7353535353535353	0.07082938869159613
499.99999999999994	0.08080808080808081	0.7353535353535353	0.07048752452074136
499.99999999999994	0.08585858585858586	0.7353535353535353	0.07014913383835293
499.99999999999994	0.09090909090909091	0.7353535353535353	0.06981477135675729
499.99999999999994	0.09595959595959595	0.7353535353535353	0.06948377957382273
499.99999999999994	0.10101010101010101	0.7353535353535353	0.0691556392663059
499.99999999999994	0.10606060606060606	0.7353535353535353	0.06883171148303496
499.99999999999994	0.1111111111111111	0.7353535353535353	0.06851111114264195
499.99999999999994	0.11616161616161616	0.7353535353535353	0.06819717977824864
499.99999999999994	0.12121212121212122	0.7353535353535353	0.0678834513616754
499.99999999999994	0.12626262626262627	0.7353535353535353	0.06757406391579286
499.99999999999994	0.13131313131313133	0.7353535353535353	0.06726834372931483
499.99999999999994	0.13636363636363635	0.7353535353535353	0.06696335080052049
499.99999999999994	0.1414141414141414	0.7353535353535353	0.06666465404850247
499.99999999999994	0.14646464646464646	0.7353535353535353	0.06636476735763548
499.99999999999994	0.15151515151515152	0.7353535353535353	0.06606601217442977
499.99999999999994	0.15656565656565657	0.7353535353535353	0.06576948534288132
499.99999999999994	0.16161616161616163	0.7353535353535353	0.06547119551659142
499.99999999999994	0.16666666666666666	0.7353535353535353	0.06517327426280063
499.99999999999994	0.1717171717171717	0.7353535353535353	0.06487260606403031
499.99999999999994	0.17676767676767677	0.7353535353535353	0.06457262796907697
499.99999999999994	0.18181818181818182	0.7353535353535353	0.06427767826481404
499.99999999999994	0.18686868686868688	0.7353535353535353	0.06399567107965218
499.99999999999994	0.1919191919191919	0.7353535353535353	0.06375551024891259
499.99999999999994	0.19696969696969696	0.7353535353535353	0.06361688398695345
499.99999999999994	0.20202020202020202	0.7353535353535353	0.06371575602421661
499.99999999999994	0.20707070707070707	0.7353535353535353	0.0643386210878276
499.99999999999994	0.21212121212121213	0.7353535353535353	0.06624903294621104
499.99999999999994	0.21717171717171718	0.7353535353535353	0.08186352828167176
499.99999999999994	0.2222222222222222	0.7353535353535353	0.13170862911029732
499.99999999999994	0.22727272727272727	0.7353535353535353	0.21239270791373965
499.99999999999994	0.23232323232323232	0.7353535353535353	0.310537605999812
499.99999999999994	0.23737373737373738	0.7353535353535353	0.41701909976749885
499.99999999999994	0.24242424242424243	0.7353535353535353	0.5272856380894119
499.99999999999994	0.2474747474747475	0.7353535353535353	0.6385570970161091
499.99999999999994	0.25252525252525254	0.7353535353535353	0.7475878560728685
499.99999999999994	0.25757575757575757	0.7353535353535353	NaN
499.99999999999994	0.26262626262626265	0.7353535353535353	NaN
499.99999999999994	0.2676767676767677	0.7353535353535353	NaN
499.99999999999994	0.2727272727272727	0.7353535353535353	NaN
499.99999999999994	0.2777777777777778	0.7353535353535353	NaN
499.99999999999994	0.2828282828282828	0.7353535353535353	NaN
499.99999999999994	0.2878787878787879	0.7353535353535353	NaN
499.99999999999994	0.29292929292929293	0.7353535353535353	NaN
499.99999999999994	0.29797979797979796	0.7353535353535353	NaN
499.99999999999994	0.30303030303030304	0.7353535353535353	NaN
499.99999999999994	0.30808080808080807	0.7353535353535353	NaN
499.99999999999994	0.31313131313131315	0.7353535353535353	NaN
499.99999999999994	0.3181818181818182	0.7353535353535353	NaN
499.99999999999994	0.32323232323232326	0.7353535353535353	NaN
499.99999999999994	0.3282828282828283	0.7353535353535353	NaN
499.99999999999994	0.3333333333333333	0.7353535353535353	NaN
499.99999999999994	0.3383838383838384	0.7353535353535353	NaN
499.99999999999994	0.3434343434343434	0.7353535353535353	NaN
499.99999999999994	0.3484848484848485	0.7353535353535353	NaN
499.99999999999994	0.35353535353535354	0.7353535353535353	NaN
499.99999999999994	0.35858585858585856	0.7353535353535353	NaN
499.99999999999994	0.36363636363636365	0.7353535353535353	NaN
499.99999999999994	0.3686868686868687	0.7353535353535353	NaN
499.99999999999994	0.37373737373737376	0.7353535353535353	NaN
499.99999999999994	0.3787878787878788	0.7353535353535353	NaN
499.99999999999994	0.3838383838383838	0.7353535353535353	NaN
499.99999999999994	0.3888888888888889	0.7353535353535353	NaN
499.99999999999994	0.3939393939393939	0.7353535353535353	NaN
499.99999999999994	0.398989898989899	0.7353535353535353	NaN
499.99999999999994	0.40404040404040403	0.7353535353535353	NaN
499.99999999999994	0.4090909090909091	0.7353535353535353	NaN
499.99999999999994	0.41414141414141414	0.7353535353535353	NaN
499.99999999999994	0.41919191919191917	0.7353535353535353	NaN
499.99999999999994	0.42424242424242425	0.7353535353535353	NaN
499.99999999999994	0.4292929292929293	0.7353535353535353	NaN
499.99999999999994	0.43434343434343436	0.7353535353535353	NaN
499.99999999999994	0.4393939393939394	0.7353535353535353	NaN
499.99999999999994	0.4444444444444444	0.7353535353535353	NaN
499.99999999999994	0.4494949494949495	0.7353535353535353	NaN
499.99999999999994	0.45454545454545453	0.7353535353535353	NaN
499.99999999999994	0.4595959595959596	0.7353535353535353	NaN
499.99999999999994	0.46464646464646464	0.7353535353535353	NaN
499.99999999999994	0.4696969696969697	0.7353535353535353	NaN
499.99999999999994	0.47474747474747475	0.7353535353535353	NaN
499.99999999999994	0.4797979797979798	0.7353535353535353	NaN
499.99999999999994	0.48484848484848486	0.7353535353535353	NaN
499.99999999999994	0.4898989898989899	0.7353535353535353	NaN
499.99999999999994	0.494949494949495	0.7353535353535353	NaN
499.99999999999994	0.5	0.7353535353535353	NaN
499.99999999999994	0.0	0.7434343434343434	0.07649371852530822
499.99999999999994	0.005050505050505051	0.7434343434343434	0.07608843068850889
499.99999999999994	0.010101010101010102	0.7434343434343434	0.07568665846362031
499.99999999999994	0.015151515151515152	0.7434343434343434	0.07528854250218482
499.99999999999994	0.020202020202020204	0.7434343434343434	0.07489475974818781
499.99999999999994	0.025252525252525252	0.7434343434343434	0.0745069655799665
499.99999999999994	0.030303030303030304	0.7434343434343434	0.07412482129306916
499.99999999999994	0.03535353535353535	0.7434343434343434	0.07374474642866832
499.99999999999994	0.04040404040404041	0.7434343434343434	0.0733681759467711
499.99999999999994	0.045454545454545456	0.7434343434343434	0.07299750051395659
499.99999999999994	0.050505050505050504	0.7434343434343434	0.07263072481791447
499.99999999999994	0.05555555555555555	0.7434343434343434	0.07226778853854299
499.99999999999994	0.06060606060606061	0.7434343434343434	0.07191132265743554
499.99999999999994	0.06565656565656566	0.7434343434343434	0.07155541202181487
499.99999999999994	0.0707070707070707	0.7434343434343434	0.07120639815110616
499.99999999999994	0.07575757575757576	0.7434343434343434	0.07085879204639138
499.99999999999994	0.08080808080808081	0.7434343434343434	0.07051656029790332
499.99999999999994	0.08585858585858586	0.7434343434343434	0.07017797243934587
499.99999999999994	0.09090909090909091	0.7434343434343434	0.06984534535081366
499.99999999999994	0.09595959595959595	0.7434343434343434	0.06951495054197482
499.99999999999994	0.10101010101010101	0.7434343434343434	0.06918767301540801
499.99999999999994	0.10606060606060606	0.7434343434343434	0.06886624259978359
499.99999999999994	0.1111111111111111	0.7434343434343434	0.06854641448128197
499.99999999999994	0.11616161616161616	0.7434343434343434	0.06823004452636838
499.99999999999994	0.12121212121212122	0.7434343434343434	0.0679181828675799
499.99999999999994	0.12626262626262627	0.7434343434343434	0.0676091535828034
499.99999999999994	0.13131313131313133	0.7434343434343434	0.06730184750930787
499.99999999999994	0.13636363636363635	0.7434343434343434	0.06699853898794123
499.99999999999994	0.1414141414141414	0.7434343434343434	0.06669784766496026
499.99999999999994	0.14646464646464646	0.7434343434343434	0.06639613706638181
499.99999999999994	0.15151515151515152	0.7434343434343434	0.06609636911094233
499.99999999999994	0.15656565656565657	0.7434343434343434	0.0657951948315969
499.99999999999994	0.16161616161616163	0.7434343434343434	0.06549444520810631
499.99999999999994	0.16666666666666666	0.7434343434343434	0.06519280748582937
499.99999999999994	0.1717171717171717	0.7434343434343434	0.06488920282443332
499.99999999999994	0.17676767676767677	0.7434343434343434	0.06458764415649228
499.99999999999994	0.18181818181818182	0.7434343434343434	0.0643003035508403
499.99999999999994	0.18686868686868688	0.7434343434343434	0.0640491404596498
499.99999999999994	0.1919191919191919	0.7434343434343434	0.0638912070809377
499.99999999999994	0.19696969696969696	0.7434343434343434	0.06394770422210641
499.99999999999994	0.20202020202020202	0.7434343434343434	0.06448341212027488
499.99999999999994	0.20707070707070707	0.7434343434343434	0.06616305362926579
499.99999999999994	0.21212121212121213	0.7434343434343434	0.0784459195377979
499.99999999999994	0.21717171717171718	0.7434343434343434	0.12461321453605792
499.99999999999994	0.2222222222222222	0.7434343434343434	0.2027896746661633
499.99999999999994	0.22727272727272727	0.7434343434343434	0.2998829027207443
499.99999999999994	0.23232323232323232	0.7434343434343434	0.40603963010102323
499.99999999999994	0.23737373737373738	0.7434343434343434	0.5163525277368639
499.99999999999994	0.24242424242424243	0.7434343434343434	0.6279445936653454
499.99999999999994	0.2474747474747475	0.7434343434343434	0.7377839577771912
499.99999999999994	0.25252525252525254	0.7434343434343434	0.8329356360098705
499.99999999999994	0.25757575757575757	0.7434343434343434	NaN
499.99999999999994	0.26262626262626265	0.7434343434343434	NaN
499.99999999999994	0.2676767676767677	0.7434343434343434	NaN
499.99999999999994	0.2727272727272727	0.7434343434343434	NaN
499.99999999999994	0.2777777777777778	0.7434343434343434	NaN
499.99999999999994	0.2828282828282828	0.7434343434343434	NaN
499.99999999999994	0.2878787878787879	0.7434343434343434	NaN
499.99999999999994	0.29292929292929293	0.7434343434343434	NaN
499.99999999999994	0.29797979797979796	0.7434343434343434	NaN
499.99999999999994	0.30303030303030304	0.7434343434343434	NaN
499.99999999999994	0.30808080808080807	0.7434343434343434	NaN
499.99999999999994	0.31313131313131315	0.7434343434343434	NaN
499.99999999999994	0.3181818181818182	0.7434343434343434	NaN
499.99999999999994	0.32323232323232326	0.7434343434343434	NaN
499.99999999999994	0.3282828282828283	0.7434343434343434	NaN
499.99999999999994	0.3333333333333333	0.7434343434343434	NaN
499.99999999999994	0.3383838383838384	0.7434343434343434	NaN
499.99999999999994	0.3434343434343434	0.7434343434343434	NaN
499.99999999999994	0.3484848484848485	0.7434343434343434	NaN
499.99999999999994	0.35353535353535354	0.7434343434343434	NaN
499.99999999999994	0.35858585858585856	0.7434343434343434	NaN
499.99999999999994	0.36363636363636365	0.7434343434343434	NaN
499.99999999999994	0.3686868686868687	0.7434343434343434	NaN
499.99999999999994	0.37373737373737376	0.7434343434343434	NaN
499.99999999999994	0.3787878787878788	0.7434343434343434	NaN
499.99999999999994	0.3838383838383838	0.7434343434343434	NaN
499.99999999999994	0.3888888888888889	0.7434343434343434	NaN
499.99999999999994	0.3939393939393939	0.7434343434343434	NaN
499.99999999999994	0.398989898989899	0.7434343434343434	NaN
499.99999999999994	0.40404040404040403	0.7434343434343434	NaN
499.99999999999994	0.4090909090909091	0.7434343434343434	NaN
499.99999999999994	0.41414141414141414	0.7434343434343434	NaN
499.99999999999994	0.41919191919191917	0.7434343434343434	NaN
499.99999999999994	0.42424242424242425	0.7434343434343434	NaN
499.99999999999994	0.4292929292929293	0.7434343434343434	NaN
499.99999999999994	0.43434343434343436	0.7434343434343434	NaN
499.99999999999994	0.4393939393939394	0.7434343434343434	NaN
499.99999999999994	0.4444444444444444	0.7434343434343434	NaN
499.99999999999994	0.4494949494949495	0.7434343434343434	NaN
499.99999999999994	0.45454545454545453	0.7434343434343434	NaN
499.99999999999994	0.4595959595959596	0.7434343434343434	NaN
499.99999999999994	0.46464646464646464	0.7434343434343434	NaN
499.99999999999994	0.4696969696969697	0.7434343434343434	NaN
499.99999999999994	0.47474747474747475	0.7434343434343434	NaN
499.99999999999994	0.4797979797979798	0.7434343434343434	NaN
499.99999999999994	0.48484848484848486	0.7434343434343434	NaN
499.99999999999994	0.4898989898989899	0.7434343434343434	NaN
499.99999999999994	0.494949494949495	0.7434343434343434	NaN
499.99999999999994	0.5	0.7434343434343434	NaN
499.99999999999994	0.0	0.7515151515151515	0.07651422474807602
499.99999999999994	0.005050505050505051	0.7515151515151515	0.0761068021172737
499.99999999999994	0.010101010101010102	0.7515151515151515	0.07570877236520553
499.99999999999994	0.015151515151515152	0.7515151515151515	0.07530985116496006
499.99999999999994	0.020202020202020204	0.7515151515151515	0.07491701551117406
499.99999999999994	0.025252525252525252	0.7515151515151515	0.07453000786436552
499.99999999999994	0.030303030303030304	0.7515151515151515	0.0741475556045378
499.99999999999994	0.03535353535353535	0.7515151515151515	0.07376960327003891
499.99999999999994	0.04040404040404041	0.7515151515151515	0.07339414522681396
499.99999999999994	0.045454545454545456	0.7515151515151515	0.07302233145522653
499.99999999999994	0.050505050505050504	0.7515151515151515	0.07265685071314314
499.99999999999994	0.05555555555555555	0.7515151515151515	0.07229448982977027
499.99999999999994	0.06060606060606061	0.7515151515151515	0.07193774460282898
499.99999999999994	0.06565656565656566	0.7515151515151515	0.07158414672696306
499.99999999999994	0.0707070707070707	0.7515151515151515	0.07123546650005674
499.99999999999994	0.07575757575757576	0.7515151515151515	0.07088900475318469
499.99999999999994	0.08080808080808081	0.7515151515151515	0.07054775405882388
499.99999999999994	0.08585858585858586	0.7515151515151515	0.07020858699271704
499.99999999999994	0.09090909090909091	0.7515151515151515	0.06987510118763736
499.99999999999994	0.09595959595959595	0.7515151515151515	0.06954654057294798
499.99999999999994	0.10101010101010101	0.7515151515151515	0.06922136196926072
499.99999999999994	0.10606060606060606	0.7515151515151515	0.06889841195970221
499.99999999999994	0.1111111111111111	0.7515151515151515	0.06858140718203881
499.99999999999994	0.11616161616161616	0.7515151515151515	0.06826454132077919
499.99999999999994	0.12121212121212122	0.7515151515151515	0.06795155863880624
499.99999999999994	0.12626262626262627	0.7515151515151515	0.06764401747025171
499.99999999999994	0.13131313131313133	0.7515151515151515	0.06733700391965827
499.99999999999994	0.13636363636363635	0.7515151515151515	0.06703220977442102
499.99999999999994	0.1414141414141414	0.7515151515151515	0.06672746061619271
499.99999999999994	0.14646464646464646	0.7515151515151515	0.06642662608843058
499.99999999999994	0.15151515151515152	0.7515151515151515	0.06612184090558575
499.99999999999994	0.15656565656565657	0.7515151515151515	0.0658192787170686
499.99999999999994	0.16161616161616163	0.7515151515151515	0.06551498101262909
499.99999999999994	0.16666666666666666	0.7515151515151515	0.06520804626655698
499.99999999999994	0.1717171717171717	0.7515151515151515	0.06490296459788412
499.99999999999994	0.17676767676767677	0.7515151515151515	0.06460802869909517
499.99999999999994	0.18181818181818182	0.7515151515151515	0.06434743231456518
499.99999999999994	0.18686868686868688	0.7515151515151515	0.06416834968497996
499.99999999999994	0.1919191919191919	0.7515151515151515	0.0641878988854438
499.99999999999994	0.19696969696969696	0.7515151515151515	0.06464367001787129
499.99999999999994	0.20202020202020202	0.7515151515151515	0.06612462084842874
499.99999999999994	0.20707070707070707	0.7515151515151515	0.07536069618880031
499.99999999999994	0.21212121212121213	0.7515151515151515	0.11788559220116807
499.99999999999994	0.21717171717171718	0.7515151515151515	0.19334549365122236
499.99999999999994	0.2222222222222222	0.7515151515151515	0.2892672546282578
499.99999999999994	0.22727272727272727	0.7515151515151515	0.3950444587082384
499.99999999999994	0.23232323232323232	0.7515151515151515	0.5053735316898883
499.99999999999994	0.23737373737373738	0.7515151515151515	0.6172566066636482
499.99999999999994	0.24242424242424243	0.7515151515151515	0.7278176066618982
499.99999999999994	0.2474747474747475	0.7515151515151515	0.8274256497844912
499.99999999999994	0.25252525252525254	0.7515151515151515	NaN
499.99999999999994	0.25757575757575757	0.7515151515151515	NaN
499.99999999999994	0.26262626262626265	0.7515151515151515	NaN
499.99999999999994	0.2676767676767677	0.7515151515151515	NaN
499.99999999999994	0.2727272727272727	0.7515151515151515	NaN
499.99999999999994	0.2777777777777778	0.7515151515151515	NaN
499.99999999999994	0.2828282828282828	0.7515151515151515	NaN
499.99999999999994	0.2878787878787879	0.7515151515151515	NaN
499.99999999999994	0.29292929292929293	0.7515151515151515	NaN
499.99999999999994	0.29797979797979796	0.7515151515151515	NaN
499.99999999999994	0.30303030303030304	0.7515151515151515	NaN
499.99999999999994	0.30808080808080807	0.7515151515151515	NaN
499.99999999999994	0.31313131313131315	0.7515151515151515	NaN
499.99999999999994	0.3181818181818182	0.7515151515151515	NaN
499.99999999999994	0.32323232323232326	0.7515151515151515	NaN
499.99999999999994	0.3282828282828283	0.7515151515151515	NaN
499.99999999999994	0.3333333333333333	0.7515151515151515	NaN
499.99999999999994	0.3383838383838384	0.7515151515151515	NaN
499.99999999999994	0.3434343434343434	0.7515151515151515	NaN
499.99999999999994	0.3484848484848485	0.7515151515151515	NaN
499.99999999999994	0.35353535353535354	0.7515151515151515	NaN
499.99999999999994	0.35858585858585856	0.7515151515151515	NaN
499.99999999999994	0.36363636363636365	0.7515151515151515	NaN
499.99999999999994	0.3686868686868687	0.7515151515151515	NaN
499.99999999999994	0.37373737373737376	0.7515151515151515	NaN
499.99999999999994	0.3787878787878788	0.7515151515151515	NaN
499.99999999999994	0.3838383838383838	0.7515151515151515	NaN
499.99999999999994	0.3888888888888889	0.7515151515151515	NaN
499.99999999999994	0.3939393939393939	0.7515151515151515	NaN
499.99999999999994	0.398989898989899	0.7515151515151515	NaN
499.99999999999994	0.40404040404040403	0.7515151515151515	NaN
499.99999999999994	0.4090909090909091	0.7515151515151515	NaN
499.99999999999994	0.41414141414141414	0.7515151515151515	NaN
499.99999999999994	0.41919191919191917	0.7515151515151515	NaN
499.99999999999994	0.42424242424242425	0.7515151515151515	NaN
499.99999999999994	0.4292929292929293	0.7515151515151515	NaN
499.99999999999994	0.43434343434343436	0.7515151515151515	NaN
499.99999999999994	0.4393939393939394	0.7515151515151515	NaN
499.99999999999994	0.4444444444444444	0.7515151515151515	NaN
499.99999999999994	0.4494949494949495	0.7515151515151515	NaN
499.99999999999994	0.45454545454545453	0.7515151515151515	NaN
499.99999999999994	0.4595959595959596	0.7515151515151515	NaN
499.99999999999994	0.46464646464646464	0.7515151515151515	NaN
499.99999999999994	0.4696969696969697	0.7515151515151515	NaN
499.99999999999994	0.47474747474747475	0.7515151515151515	NaN
499.99999999999994	0.4797979797979798	0.7515151515151515	NaN
499.99999999999994	0.48484848484848486	0.7515151515151515	NaN
499.99999999999994	0.4898989898989899	0.7515151515151515	NaN
499.99999999999994	0.494949494949495	0.7515151515151515	NaN
499.99999999999994	0.5	0.7515151515151515	NaN
499.99999999999994	0.0	0.7595959595959596	0.07653594144928427
499.99999999999994	0.005050505050505051	0.7595959595959596	0.07612659945656174
499.99999999999994	0.010101010101010102	0.7595959595959596	0.0757303508082566
499.99999999999994	0.015151515151515152	0.7595959595959596	0.07533231685004106
499.99999999999994	0.020202020202020204	0.7595959595959596	0.07493932004901419
499.99999999999994	0.025252525252525252	0.7595959595959596	0.07455319948111136
499.99999999999994	0.030303030303030304	0.7595959595959596	0.07416938754706544
499.99999999999994	0.03535353535353535	0.7595959595959596	0.07378960415949026
499.99999999999994	0.04040404040404041	0.7595959595959596	0.07341814058821002
499.99999999999994	0.045454545454545456	0.7595959595959596	0.07304994884924204
499.99999999999994	0.050505050505050504	0.7595959595959596	0.0726829399208463
499.99999999999994	0.05555555555555555	0.7595959595959596	0.07232342956283677
499.99999999999994	0.06060606060606061	0.7595959595959596	0.07196443802371168
499.99999999999994	0.06565656565656566	0.7595959595959596	0.07161283767791339
499.99999999999994	0.0707070707070707	0.7595959595959596	0.07126510685898069
499.99999999999994	0.07575757575757576	0.7595959595959596	0.07091939509937793
499.99999999999994	0.08080808080808081	0.7595959595959596	0.07057942736620748
499.99999999999994	0.08585858585858586	0.7595959595959596	0.07024335567750613
499.99999999999994	0.09090909090909091	0.7595959595959596	0.06990993613740887
499.99999999999994	0.09595959595959595	0.7595959595959596	0.06958058581430301
499.99999999999994	0.10101010101010101	0.7595959595959596	0.06925515191955091
499.99999999999994	0.10606060606060606	0.7595959595959596	0.06893265153589892
499.99999999999994	0.1111111111111111	0.7595959595959596	0.06861602095663247
499.99999999999994	0.11616161616161616	0.7595959595959596	0.06830103745230902
499.99999999999994	0.12121212121212122	0.7595959595959596	0.06798910697532794
499.99999999999994	0.12626262626262627	0.7595959595959596	0.06767694608187885
499.99999999999994	0.13131313131313133	0.7595959595959596	0.0673709010980938
499.99999999999994	0.13636363636363635	0.7595959595959596	0.0670639685371156
499.99999999999994	0.1414141414141414	0.7595959595959596	0.06675954109410641
499.99999999999994	0.14646464646464646	0.7595959595959596	0.06645329139423471
499.99999999999994	0.15151515151515152	0.7595959595959596	0.06614787883065094
499.99999999999994	0.15656565656565657	0.7595959595959596	0.06583973032867647
499.99999999999994	0.16161616161616163	0.7595959595959596	0.06552837066352046
499.99999999999994	0.16666666666666666	0.7595959595959596	0.06521976903420298
499.99999999999994	0.1717171717171717	0.7595959595959596	0.06491924482906632
499.99999999999994	0.17676767676767677	0.7595959595959596	0.06464852374857127
499.99999999999994	0.18181818181818182	0.7595959595959596	0.06445303752576582
499.99999999999994	0.18686868686868688	0.7595959595959596	0.06443518111035776
499.99999999999994	0.1919191919191919	0.7595959595959596	0.0648189911345557
499.99999999999994	0.19696969696969696	0.7595959595959596	0.06612493359576711
499.99999999999994	0.20202020202020202	0.7595959595959596	0.07257921676933225
499.99999999999994	0.20707070707070707	0.7595959595959596	0.11154674762664965
499.99999999999994	0.21212121212121213	0.7595959595959596	0.18408008209367108
499.99999999999994	0.21717171717171718	0.7595959595959596	0.2786993985860311
499.99999999999994	0.2222222222222222	0.7595959595959596	0.384037540270397
499.99999999999994	0.22727272727272727	0.7595959595959596	0.494351144360121
499.99999999999994	0.23232323232323232	0.7595959595959596	0.606496893775355
499.99999999999994	0.23737373737373738	0.7595959595959596	0.7177072767454713
499.99999999999994	0.24242424242424243	0.7595959595959596	0.8204089062466109
499.99999999999994	0.2474747474747475	0.7595959595959596	NaN
499.99999999999994	0.25252525252525254	0.7595959595959596	NaN
499.99999999999994	0.25757575757575757	0.7595959595959596	NaN
499.99999999999994	0.26262626262626265	0.7595959595959596	NaN
499.99999999999994	0.2676767676767677	0.7595959595959596	NaN
499.99999999999994	0.2727272727272727	0.7595959595959596	NaN
499.99999999999994	0.2777777777777778	0.7595959595959596	NaN
499.99999999999994	0.2828282828282828	0.7595959595959596	NaN
499.99999999999994	0.2878787878787879	0.7595959595959596	NaN
499.99999999999994	0.29292929292929293	0.7595959595959596	NaN
499.99999999999994	0.29797979797979796	0.7595959595959596	NaN
499.99999999999994	0.30303030303030304	0.7595959595959596	NaN
499.99999999999994	0.30808080808080807	0.7595959595959596	NaN
499.99999999999994	0.31313131313131315	0.7595959595959596	NaN
499.99999999999994	0.3181818181818182	0.7595959595959596	NaN
499.99999999999994	0.32323232323232326	0.7595959595959596	NaN
499.99999999999994	0.3282828282828283	0.7595959595959596	NaN
499.99999999999994	0.3333333333333333	0.7595959595959596	NaN
499.99999999999994	0.3383838383838384	0.7595959595959596	NaN
499.99999999999994	0.3434343434343434	0.7595959595959596	NaN
499.99999999999994	0.3484848484848485	0.7595959595959596	NaN
499.99999999999994	0.35353535353535354	0.7595959595959596	NaN
499.99999999999994	0.35858585858585856	0.7595959595959596	NaN
499.99999999999994	0.36363636363636365	0.7595959595959596	NaN
499.99999999999994	0.3686868686868687	0.7595959595959596	NaN
499.99999999999994	0.37373737373737376	0.7595959595959596	NaN
499.99999999999994	0.3787878787878788	0.7595959595959596	NaN
499.99999999999994	0.3838383838383838	0.7595959595959596	NaN
499.99999999999994	0.3888888888888889	0.7595959595959596	NaN
499.99999999999994	0.3939393939393939	0.7595959595959596	NaN
499.99999999999994	0.398989898989899	0.7595959595959596	NaN
499.99999999999994	0.40404040404040403	0.7595959595959596	NaN
499.99999999999994	0.4090909090909091	0.7595959595959596	NaN
499.99999999999994	0.41414141414141414	0.7595959595959596	NaN
499.99999999999994	0.41919191919191917	0.7595959595959596	NaN
499.99999999999994	0.42424242424242425	0.7595959595959596	NaN
499.99999999999994	0.4292929292929293	0.7595959595959596	NaN
499.99999999999994	0.43434343434343436	0.7595959595959596	NaN
499.99999999999994	0.4393939393939394	0.7595959595959596	NaN
499.99999999999994	0.4444444444444444	0.7595959595959596	NaN
499.99999999999994	0.4494949494949495	0.7595959595959596	NaN
499.99999999999994	0.45454545454545453	0.7595959595959596	NaN
499.99999999999994	0.4595959595959596	0.7595959595959596	NaN
499.99999999999994	0.46464646464646464	0.7595959595959596	NaN
499.99999999999994	0.4696969696969697	0.7595959595959596	NaN
499.99999999999994	0.47474747474747475	0.7595959595959596	NaN
499.99999999999994	0.4797979797979798	0.7595959595959596	NaN
499.99999999999994	0.48484848484848486	0.7595959595959596	NaN
499.99999999999994	0.4898989898989899	0.7595959595959596	NaN
499.99999999999994	0.494949494949495	0.7595959595959596	NaN
499.99999999999994	0.5	0.7595959595959596	NaN
499.99999999999994	0.0	0.7676767676767676	0.07655660449861917
499.99999999999994	0.005050505050505051	0.7676767676767676	0.07614941035325291
499.99999999999994	0.010101010101010102	0.7676767676767676	0.07575240324664329
499.99999999999994	0.015151515151515152	0.7676767676767676	0.07535554085029393
499.99999999999994	0.020202020202020204	0.7676767676767676	0.07496438248539301
499.99999999999994	0.025252525252525252	0.7676767676767676	0.07457864622498135
499.99999999999994	0.030303030303030304	0.7676767676767676	0.07419674101515886
499.99999999999994	0.03535353535353535	0.7676767676767676	0.07381997274196457
499.99999999999994	0.04040404040404041	0.7676767676767676	0.07344452852345991
499.99999999999994	0.045454545454545456	0.7676767676767676	0.07307613439200226
499.99999999999994	0.050505050505050504	0.7676767676767676	0.07271090275907038
499.99999999999994	0.05555555555555555	0.7676767676767676	0.07235191454689277
499.99999999999994	0.06060606060606061	0.7676767676767676	0.07199332104484464
499.99999999999994	0.06565656565656566	0.7676767676767676	0.07164096789684521
499.99999999999994	0.0707070707070707	0.7676767676767676	0.07129454450002033
499.99999999999994	0.07575757575757576	0.7676767676767676	0.07095041287214
499.99999999999994	0.08080808080808081	0.7676767676767676	0.07060914769791828
499.99999999999994	0.08585858585858586	0.7676767676767676	0.0702733991339678
499.99999999999994	0.09090909090909091	0.7676767676767676	0.06994143674642243
499.99999999999994	0.09595959595959595	0.7676767676767676	0.06961480621133095
499.99999999999994	0.10101010101010101	0.7676767676767676	0.0692892548814438
499.99999999999994	0.10606060606060606	0.7676767676767676	0.06896744654869849
499.99999999999994	0.1111111111111111	0.7676767676767676	0.06864986135252592
499.99999999999994	0.11616161616161616	0.7676767676767676	0.06833322172245795
499.99999999999994	0.12121212121212122	0.7676767676767676	0.06802178922513778
499.99999999999994	0.12626262626262627	0.7676767676767676	0.06771060748225789
499.99999999999994	0.13131313131313133	0.7676767676767676	0.06740339180861235
499.99999999999994	0.13636363636363635	0.7676767676767676	0.06709301249441388
499.99999999999994	0.1414141414141414	0.7676767676767676	0.06678583420424808
499.99999999999994	0.14646464646464646	0.7676767676767676	0.06647524875252667
499.99999999999994	0.15151515151515152	0.7676767676767676	0.06616603107066137
499.99999999999994	0.15656565656565657	0.7676767676767676	0.0658521938445523
499.99999999999994	0.16161616161616163	0.7676767676767676	0.0655407097287734
499.99999999999994	0.16666666666666666	0.7676767676767676	0.06523559145139886
499.99999999999994	0.1717171717171717	0.7676767676767676	0.06495288533527054
499.99999999999994	0.17676767676767677	0.7676767676767676	0.06474038702340873
499.99999999999994	0.18181818181818182	0.7676767676767676	0.06469124738569054
499.99999999999994	0.18686868686868688	0.7676767676767676	0.06500832637101832
499.99999999999994	0.1919191919191919	0.7676767676767676	0.0661583277448142
499.99999999999994	0.19696969696969696	0.7676767676767676	0.07032526151732413
499.99999999999994	0.20202020202020202	0.7676767676767676	0.10561384510612355
499.99999999999994	0.20707070707070707	0.7676767676767676	0.1750150243635593
499.99999999999994	0.21212121212121213	0.7676767676767676	0.26818895916007957
499.99999999999994	0.21717171717171718	0.7676767676767676	0.3730231517822983
499.99999999999994	0.2222222222222222	0.7676767676767676	0.48328790488490936
499.99999999999994	0.22727272727272727	0.7676767676767676	0.5956688475983715
499.99999999999994	0.23232323232323232	0.7676767676767676	0.7074674632710165
499.99999999999994	0.23737373737373738	0.7676767676767676	0.8124934534198123
499.99999999999994	0.24242424242424243	0.7676767676767676	NaN
499.99999999999994	0.2474747474747475	0.7676767676767676	NaN
499.99999999999994	0.25252525252525254	0.7676767676767676	NaN
499.99999999999994	0.25757575757575757	0.7676767676767676	NaN
499.99999999999994	0.26262626262626265	0.7676767676767676	NaN
499.99999999999994	0.2676767676767677	0.7676767676767676	NaN
499.99999999999994	0.2727272727272727	0.7676767676767676	NaN
499.99999999999994	0.2777777777777778	0.7676767676767676	NaN
499.99999999999994	0.2828282828282828	0.7676767676767676	NaN
499.99999999999994	0.2878787878787879	0.7676767676767676	NaN
499.99999999999994	0.29292929292929293	0.7676767676767676	NaN
499.99999999999994	0.29797979797979796	0.7676767676767676	NaN
499.99999999999994	0.30303030303030304	0.7676767676767676	NaN
499.99999999999994	0.30808080808080807	0.7676767676767676	NaN
499.99999999999994	0.31313131313131315	0.7676767676767676	NaN
499.99999999999994	0.3181818181818182	0.7676767676767676	NaN
499.99999999999994	0.32323232323232326	0.7676767676767676	NaN
499.99999999999994	0.3282828282828283	0.7676767676767676	NaN
499.99999999999994	0.3333333333333333	0.7676767676767676	NaN
499.99999999999994	0.3383838383838384	0.7676767676767676	NaN
499.99999999999994	0.3434343434343434	0.7676767676767676	NaN
499.99999999999994	0.3484848484848485	0.7676767676767676	NaN
499.99999999999994	0.35353535353535354	0.7676767676767676	NaN
499.99999999999994	0.35858585858585856	0.7676767676767676	NaN
499.99999999999994	0.36363636363636365	0.7676767676767676	NaN
499.99999999999994	0.3686868686868687	0.7676767676767676	NaN
499.99999999999994	0.37373737373737376	0.7676767676767676	NaN
499.99999999999994	0.3787878787878788	0.7676767676767676	NaN
499.99999999999994	0.3838383838383838	0.7676767676767676	NaN
499.99999999999994	0.3888888888888889	0.7676767676767676	NaN
499.99999999999994	0.3939393939393939	0.7676767676767676	NaN
499.99999999999994	0.398989898989899	0.7676767676767676	NaN
499.99999999999994	0.40404040404040403	0.7676767676767676	NaN
499.99999999999994	0.4090909090909091	0.7676767676767676	NaN
499.99999999999994	0.41414141414141414	0.7676767676767676	NaN
499.99999999999994	0.41919191919191917	0.7676767676767676	NaN
499.99999999999994	0.42424242424242425	0.7676767676767676	NaN
499.99999999999994	0.4292929292929293	0.7676767676767676	NaN
499.99999999999994	0.43434343434343436	0.7676767676767676	NaN
499.99999999999994	0.4393939393939394	0.7676767676767676	NaN
499.99999999999994	0.4444444444444444	0.7676767676767676	NaN
499.99999999999994	0.4494949494949495	0.7676767676767676	NaN
499.99999999999994	0.45454545454545453	0.7676767676767676	NaN
499.99999999999994	0.4595959595959596	0.7676767676767676	NaN
499.99999999999994	0.46464646464646464	0.7676767676767676	NaN
499.99999999999994	0.4696969696969697	0.7676767676767676	NaN
499.99999999999994	0.47474747474747475	0.7676767676767676	NaN
499.99999999999994	0.4797979797979798	0.7676767676767676	NaN
499.99999999999994	0.48484848484848486	0.7676767676767676	NaN
499.99999999999994	0.4898989898989899	0.7676767676767676	NaN
499.99999999999994	0.494949494949495	0.7676767676767676	NaN
499.99999999999994	0.5	0.7676767676767676	NaN
499.99999999999994	0.0	0.7757575757575758	0.07657765169787512
499.99999999999994	0.005050505050505051	0.7757575757575758	0.07617133492110582
499.99999999999994	0.010101010101010102	0.7757575757575758	0.07577493163257523
499.99999999999994	0.015151515151515152	0.7757575757575758	0.07537925166056586
499.99999999999994	0.020202020202020204	0.7757575757575758	0.07498859863742187
499.99999999999994	0.025252525252525252	0.7757575757575758	0.07460202297974257
499.99999999999994	0.030303030303030304	0.7757575757575758	0.0742190423235201
499.99999999999994	0.03535353535353535	0.7757575757575758	0.07384317137717616
499.99999999999994	0.04040404040404041	0.7757575757575758	0.07347179449303996
499.99999999999994	0.045454545454545456	0.7757575757575758	0.07310312716310988
499.99999999999994	0.050505050505050504	0.7757575757575758	0.07273888634977817
499.99999999999994	0.05555555555555555	0.7757575757575758	0.07238061496931947
499.99999999999994	0.06060606060606061	0.7757575757575758	0.07202411529157535
499.99999999999994	0.06565656565656566	0.7757575757575758	0.07167183100026414
499.99999999999994	0.0707070707070707	0.7757575757575758	0.07132459450563793
499.99999999999994	0.07575757575757576	0.7757575757575758	0.0709822921225286
499.99999999999994	0.08080808080808081	0.7757575757575758	0.07064385387423
499.99999999999994	0.08585858585858586	0.7757575757575758	0.07030872031067088
499.99999999999994	0.09090909090909091	0.7757575757575758	0.06997496988233727
499.99999999999994	0.09595959595959595	0.7757575757575758	0.06964910332032226
499.99999999999994	0.10101010101010101	0.7757575757575758	0.06932371426236576
499.99999999999994	0.10606060606060606	0.7757575757575758	0.06900184467655995
499.99999999999994	0.1111111111111111	0.7757575757575758	0.06868379701973336
499.99999999999994	0.11616161616161616	0.7757575757575758	0.0683703039156438
499.99999999999994	0.12121212121212122	0.7757575757575758	0.06805615375429279
499.99999999999994	0.12626262626262627	0.7757575757575758	0.0677447934965094
499.99999999999994	0.13131313131313133	0.7757575757575758	0.06743195359144107
499.99999999999994	0.13636363636363635	0.7757575757575758	0.06712157534937988
499.99999999999994	0.1414141414141414	0.7757575757575758	0.06680876908145833
499.99999999999994	0.14646464646464646	0.7757575757575758	0.06649547365663803
499.99999999999994	0.15151515151515152	0.7757575757575758	0.06617814272969838
499.99999999999994	0.15656565656565657	0.7757575757575758	0.06586363787046676
499.99999999999994	0.16161616161616163	0.7757575757575758	0.06555285433993845
499.99999999999994	0.16666666666666666	0.7757575757575758	0.06526349371354788
499.99999999999994	0.1717171717171717	0.7757575757575758	0.06503425304349557
499.99999999999994	0.17676767676767677	0.7757575757575758	0.06495533466178881
499.99999999999994	0.18181818181818182	0.7757575757575758	0.06520916640655726
499.99999999999994	0.18686868686868688	0.7757575757575758	0.06622061332733518
499.99999999999994	0.1919191919191919	0.7757575757575758	0.06946327924710387
499.99999999999994	0.19696969696969696	0.7757575757575758	0.10009894797993071
499.99999999999994	0.20202020202020202	0.7757575757575758	0.16617354872903156
499.99999999999994	0.20707070707070707	0.7757575757575758	0.25774654822096765
499.99999999999994	0.21212121212121213	0.7757575757575758	0.3620059344201304
499.99999999999994	0.21717171717171718	0.7757575757575758	0.4721864252838388
499.99999999999994	0.2222222222222222	0.7757575757575758	0.5847755739126976
499.99999999999994	0.22727272727272727	0.7757575757575758	0.6971097716054901
499.99999999999994	0.23232323232323232	0.7757575757575758	0.8039734811361208
499.99999999999994	0.23737373737373738	0.7757575757575758	NaN
499.99999999999994	0.24242424242424243	0.7757575757575758	NaN
499.99999999999994	0.2474747474747475	0.7757575757575758	NaN
499.99999999999994	0.25252525252525254	0.7757575757575758	NaN
499.99999999999994	0.25757575757575757	0.7757575757575758	NaN
499.99999999999994	0.26262626262626265	0.7757575757575758	NaN
499.99999999999994	0.2676767676767677	0.7757575757575758	NaN
499.99999999999994	0.2727272727272727	0.7757575757575758	NaN
499.99999999999994	0.2777777777777778	0.7757575757575758	NaN
499.99999999999994	0.2828282828282828	0.7757575757575758	NaN
499.99999999999994	0.2878787878787879	0.7757575757575758	NaN
499.99999999999994	0.29292929292929293	0.7757575757575758	NaN
499.99999999999994	0.29797979797979796	0.7757575757575758	NaN
499.99999999999994	0.30303030303030304	0.7757575757575758	NaN
499.99999999999994	0.30808080808080807	0.7757575757575758	NaN
499.99999999999994	0.31313131313131315	0.7757575757575758	NaN
499.99999999999994	0.3181818181818182	0.7757575757575758	NaN
499.99999999999994	0.32323232323232326	0.7757575757575758	NaN
499.99999999999994	0.3282828282828283	0.7757575757575758	NaN
499.99999999999994	0.3333333333333333	0.7757575757575758	NaN
499.99999999999994	0.3383838383838384	0.7757575757575758	NaN
499.99999999999994	0.3434343434343434	0.7757575757575758	NaN
499.99999999999994	0.3484848484848485	0.7757575757575758	NaN
499.99999999999994	0.35353535353535354	0.7757575757575758	NaN
499.99999999999994	0.35858585858585856	0.7757575757575758	NaN
499.99999999999994	0.36363636363636365	0.7757575757575758	NaN
499.99999999999994	0.3686868686868687	0.7757575757575758	NaN
499.99999999999994	0.37373737373737376	0.7757575757575758	NaN
499.99999999999994	0.3787878787878788	0.7757575757575758	NaN
499.99999999999994	0.3838383838383838	0.7757575757575758	NaN
499.99999999999994	0.3888888888888889	0.7757575757575758	NaN
499.99999999999994	0.3939393939393939	0.7757575757575758	NaN
499.99999999999994	0.398989898989899	0.7757575757575758	NaN
499.99999999999994	0.40404040404040403	0.7757575757575758	NaN
499.99999999999994	0.4090909090909091	0.7757575757575758	NaN
499.99999999999994	0.41414141414141414	0.7757575757575758	NaN
499.99999999999994	0.41919191919191917	0.7757575757575758	NaN
499.99999999999994	0.42424242424242425	0.7757575757575758	NaN
499.99999999999994	0.4292929292929293	0.7757575757575758	NaN
499.99999999999994	0.43434343434343436	0.7757575757575758	NaN
499.99999999999994	0.4393939393939394	0.7757575757575758	NaN
499.99999999999994	0.4444444444444444	0.7757575757575758	NaN
499.99999999999994	0.4494949494949495	0.7757575757575758	NaN
499.99999999999994	0.45454545454545453	0.7757575757575758	NaN
499.99999999999994	0.4595959595959596	0.7757575757575758	NaN
499.99999999999994	0.46464646464646464	0.7757575757575758	NaN
499.99999999999994	0.4696969696969697	0.7757575757575758	NaN
499.99999999999994	0.47474747474747475	0.7757575757575758	NaN
499.99999999999994	0.4797979797979798	0.7757575757575758	NaN
499.99999999999994	0.48484848484848486	0.7757575757575758	NaN
499.99999999999994	0.4898989898989899	0.7757575757575758	NaN
499.99999999999994	0.494949494949495	0.7757575757575758	NaN
499.99999999999994	0.5	0.7757575757575758	NaN
499.99999999999994	0.0	0.7838383838383839	0.07659985723590725
499.99999999999994	0.005050505050505051	0.7838383838383839	0.07619269457771258
499.99999999999994	0.010101010101010102	0.7838383838383839	0.07579640893414918
499.99999999999994	0.015151515151515152	0.7838383838383839	0.07540184698687824
499.99999999999994	0.020202020202020204	0.7838383838383839	0.07501153697081543
499.99999999999994	0.025252525252525252	0.7838383838383839	0.07462865549828983
499.99999999999994	0.030303030303030304	0.7838383838383839	0.07424816540869648
499.99999999999994	0.03535353535353535	0.7838383838383839	0.07386882683906051
499.99999999999994	0.04040404040404041	0.7838383838383839	0.07349961033276846
499.99999999999994	0.045454545454545456	0.7838383838383839	0.07313091900087752
499.99999999999994	0.050505050505050504	0.7838383838383839	0.07276746735495901
499.99999999999994	0.05555555555555555	0.7838383838383839	0.07240953321624202
499.99999999999994	0.06060606060606061	0.7838383838383839	0.07205547661286205
499.99999999999994	0.06565656565656566	0.7838383838383839	0.07170446169319847
499.99999999999994	0.0707070707070707	0.7838383838383839	0.07135740166598427
499.99999999999994	0.07575757575757576	0.7838383838383839	0.0710142143935236
499.99999999999994	0.08080808080808081	0.7838383838383839	0.07067424604430295
499.99999999999994	0.08585858585858586	0.7838383838383839	0.07034135592762765
499.99999999999994	0.09090909090909091	0.7838383838383839	0.07000949971868126
499.99999999999994	0.09595959595959595	0.7838383838383839	0.06968344916153008
499.99999999999994	0.10101010101010101	0.7838383838383839	0.06935830337217981
499.99999999999994	0.10606060606060606	0.7838383838383839	0.06903727057858901
499.99999999999994	0.1111111111111111	0.7838383838383839	0.0687192660699019
499.99999999999994	0.11616161616161616	0.7838383838383839	0.06840360407584885
499.99999999999994	0.12121212121212122	0.7838383838383839	0.06808906787712109
499.99999999999994	0.12626262626262627	0.7838383838383839	0.06777340659622487
499.99999999999994	0.13131313131313133	0.7838383838383839	0.06746000082626498
499.99999999999994	0.13636363636363635	0.7838383838383839	0.06714495823769404
499.99999999999994	0.1414141414141414	0.7838383838383839	0.0668284891890371
499.99999999999994	0.14646464646464646	0.7838383838383839	0.0665080653384181
499.99999999999994	0.15151515151515152	0.7838383838383839	0.06618891101617909
499.99999999999994	0.15656565656565657	0.7838383838383839	0.06587278150708448
499.99999999999994	0.16161616161616163	0.7838383838383839	0.06557642268984995
499.99999999999994	0.16666666666666666	0.7838383838383839	0.06533349364677447
499.99999999999994	0.1717171717171717	0.7838383838383839	0.06522482215573229
499.99999999999994	0.17676767676767677	0.7838383838383839	0.06542249361990328
499.99999999999994	0.18181818181818182	0.7838383838383839	0.06630835011975232
499.99999999999994	0.18686868686868688	0.7838383838383839	0.06902359091342825
499.99999999999994	0.1919191919191919	0.7838383838383839	0.09500784191815646
499.99999999999994	0.19696969696969696	0.7838383838383839	0.15758042381164658
499.99999999999994	0.20202020202020202	0.7838383838383839	0.2473838714886881
499.99999999999994	0.20707070707070707	0.7838383838383839	0.35099094110156065
499.99999999999994	0.21212121212121213	0.7838383838383839	0.4610494167197917
499.99999999999994	0.21717171717171718	0.7838383838383839	0.5738199563918168
499.99999999999994	0.2222222222222222	0.7838383838383839	0.686643653857925
499.99999999999994	0.22727272727272727	0.7838383838383839	0.7950134927094245
499.99999999999994	0.23232323232323232	0.7838383838383839	NaN
499.99999999999994	0.23737373737373738	0.7838383838383839	NaN
499.99999999999994	0.24242424242424243	0.7838383838383839	NaN
499.99999999999994	0.2474747474747475	0.7838383838383839	NaN
499.99999999999994	0.25252525252525254	0.7838383838383839	NaN
499.99999999999994	0.25757575757575757	0.7838383838383839	NaN
499.99999999999994	0.26262626262626265	0.7838383838383839	NaN
499.99999999999994	0.2676767676767677	0.7838383838383839	NaN
499.99999999999994	0.2727272727272727	0.7838383838383839	NaN
499.99999999999994	0.2777777777777778	0.7838383838383839	NaN
499.99999999999994	0.2828282828282828	0.7838383838383839	NaN
499.99999999999994	0.2878787878787879	0.7838383838383839	NaN
499.99999999999994	0.29292929292929293	0.7838383838383839	NaN
499.99999999999994	0.29797979797979796	0.7838383838383839	NaN
499.99999999999994	0.30303030303030304	0.7838383838383839	NaN
499.99999999999994	0.30808080808080807	0.7838383838383839	NaN
499.99999999999994	0.31313131313131315	0.7838383838383839	NaN
499.99999999999994	0.3181818181818182	0.7838383838383839	NaN
499.99999999999994	0.32323232323232326	0.7838383838383839	NaN
499.99999999999994	0.3282828282828283	0.7838383838383839	NaN
499.99999999999994	0.3333333333333333	0.7838383838383839	NaN
499.99999999999994	0.3383838383838384	0.7838383838383839	NaN
499.99999999999994	0.3434343434343434	0.7838383838383839	NaN
499.99999999999994	0.3484848484848485	0.7838383838383839	NaN
499.99999999999994	0.35353535353535354	0.7838383838383839	NaN
499.99999999999994	0.35858585858585856	0.7838383838383839	NaN
499.99999999999994	0.36363636363636365	0.7838383838383839	NaN
499.99999999999994	0.3686868686868687	0.7838383838383839	NaN
499.99999999999994	0.37373737373737376	0.7838383838383839	NaN
499.99999999999994	0.3787878787878788	0.7838383838383839	NaN
499.99999999999994	0.3838383838383838	0.7838383838383839	NaN
499.99999999999994	0.3888888888888889	0.7838383838383839	NaN
499.99999999999994	0.3939393939393939	0.7838383838383839	NaN
499.99999999999994	0.398989898989899	0.7838383838383839	NaN
499.99999999999994	0.40404040404040403	0.7838383838383839	NaN
499.99999999999994	0.4090909090909091	0.7838383838383839	NaN
499.99999999999994	0.41414141414141414	0.7838383838383839	NaN
499.99999999999994	0.41919191919191917	0.7838383838383839	NaN
499.99999999999994	0.42424242424242425	0.7838383838383839	NaN
499.99999999999994	0.4292929292929293	0.7838383838383839	NaN
499.99999999999994	0.43434343434343436	0.7838383838383839	NaN
499.99999999999994	0.4393939393939394	0.7838383838383839	NaN
499.99999999999994	0.4444444444444444	0.7838383838383839	NaN
499.99999999999994	0.4494949494949495	0.7838383838383839	NaN
499.99999999999994	0.45454545454545453	0.7838383838383839	NaN
499.99999999999994	0.4595959595959596	0.7838383838383839	NaN
499.99999999999994	0.46464646464646464	0.7838383838383839	NaN
499.99999999999994	0.4696969696969697	0.7838383838383839	NaN
499.99999999999994	0.47474747474747475	0.7838383838383839	NaN
499.99999999999994	0.4797979797979798	0.7838383838383839	NaN
499.99999999999994	0.48484848484848486	0.7838383838383839	NaN
499.99999999999994	0.4898989898989899	0.7838383838383839	NaN
499.99999999999994	0.494949494949495	0.7838383838383839	NaN
499.99999999999994	0.5	0.7838383838383839	NaN
499.99999999999994	0.0	0.7919191919191919	0.07662306300162833
499.99999999999994	0.005050505050505051	0.7919191919191919	0.07621884895509602
499.99999999999994	0.010101010101010102	0.7919191919191919	0.07581919467419872
499.99999999999994	0.015151515151515152	0.7919191919191919	0.07542736764454634
499.99999999999994	0.020202020202020204	0.7919191919191919	0.07503823303724318
499.99999999999994	0.025252525252525252	0.7919191919191919	0.07465231413103678
499.99999999999994	0.030303030303030304	0.7919191919191919	0.07427492521893414
499.99999999999994	0.03535353535353535	0.7919191919191919	0.07389752107887924
499.99999999999994	0.04040404040404041	0.7919191919191919	0.07352779417341702
499.99999999999994	0.045454545454545456	0.7919191919191919	0.0731598258814144
499.99999999999994	0.050505050505050504	0.7919191919191919	0.07279608515339853
499.99999999999994	0.05555555555555555	0.7919191919191919	0.0724374407177032
499.99999999999994	0.06060606060606061	0.7919191919191919	0.072085514122226
499.99999999999994	0.06565656565656566	0.7919191919191919	0.0717346156564216
499.99999999999994	0.0707070707070707	0.7919191919191919	0.07138906483987383
499.99999999999994	0.07575757575757576	0.7919191919191919	0.07104755575755783
499.99999999999994	0.08080808080808081	0.7919191919191919	0.07071059486825405
499.99999999999994	0.08585858585858586	0.7919191919191919	0.07037496531567504
499.99999999999994	0.09090909090909091	0.7919191919191919	0.07004466650315333
499.99999999999994	0.09595959595959595	0.7919191919191919	0.06971878165994005
499.99999999999994	0.10101010101010101	0.7919191919191919	0.06939369379971404
499.99999999999994	0.10606060606060606	0.7919191919191919	0.06907088567839431
499.99999999999994	0.1111111111111111	0.7919191919191919	0.06875246706984747
499.99999999999994	0.11616161616161616	0.7919191919191919	0.06843502774364257
499.99999999999994	0.12121212121212122	0.7919191919191919	0.06811866408172125
499.99999999999994	0.12626262626262627	0.7919191919191919	0.0678013883808847
499.99999999999994	0.13131313131313133	0.7919191919191919	0.067481834275523
499.99999999999994	0.13636363636363635	0.7919191919191919	0.06716328513556231
499.99999999999994	0.1414141414141414	0.7919191919191919	0.0668418635402257
499.99999999999994	0.14646464646464646	0.7919191919191919	0.06651860906989171
499.99999999999994	0.15151515151515152	0.7919191919191919	0.06619812884269193
499.99999999999994	0.15656565656565657	0.7919191919191919	0.06589224995263057
499.99999999999994	0.16161616161616163	0.7919191919191919	0.06563628087697546
499.99999999999994	0.16666666666666666	0.7919191919191919	0.06549984401830347
499.99999999999994	0.1717171717171717	0.7919191919191919	0.06564522288475683
499.99999999999994	0.17676767676767677	0.7919191919191919	0.06641860765539404
499.99999999999994	0.18181818181818182	0.7919191919191919	0.06876690193858281
499.99999999999994	0.18686868686868688	0.7919191919191919	0.0903391100791639
499.99999999999994	0.1919191919191919	0.7919191919191919	0.1492617403341132
499.99999999999994	0.19696969696969696	0.7919191919191919	0.23711384434630423
499.99999999999994	0.20202020202020202	0.7919191919191919	0.3399836884646083
499.99999999999994	0.20707070707070707	0.7919191919191919	0.4498797164994499
499.99999999999994	0.21212121212121213	0.7919191919191919	0.5628047099238629
499.99999999999994	0.21717171717171718	0.7919191919191919	0.6760769387440844
499.99999999999994	0.2222222222222222	0.7919191919191919	0.7857146508963601
499.99999999999994	0.22727272727272727	0.7919191919191919	NaN
499.99999999999994	0.23232323232323232	0.7919191919191919	NaN
499.99999999999994	0.23737373737373738	0.7919191919191919	NaN
499.99999999999994	0.24242424242424243	0.7919191919191919	NaN
499.99999999999994	0.2474747474747475	0.7919191919191919	NaN
499.99999999999994	0.25252525252525254	0.7919191919191919	NaN
499.99999999999994	0.25757575757575757	0.7919191919191919	NaN
499.99999999999994	0.26262626262626265	0.7919191919191919	NaN
499.99999999999994	0.2676767676767677	0.7919191919191919	NaN
499.99999999999994	0.2727272727272727	0.7919191919191919	NaN
499.99999999999994	0.2777777777777778	0.7919191919191919	NaN
499.99999999999994	0.2828282828282828	0.7919191919191919	NaN
499.99999999999994	0.2878787878787879	0.7919191919191919	NaN
499.99999999999994	0.29292929292929293	0.7919191919191919	NaN
499.99999999999994	0.29797979797979796	0.7919191919191919	NaN
499.99999999999994	0.30303030303030304	0.7919191919191919	NaN
499.99999999999994	0.30808080808080807	0.7919191919191919	NaN
499.99999999999994	0.31313131313131315	0.7919191919191919	NaN
499.99999999999994	0.3181818181818182	0.7919191919191919	NaN
499.99999999999994	0.32323232323232326	0.7919191919191919	NaN
499.99999999999994	0.3282828282828283	0.7919191919191919	NaN
499.99999999999994	0.3333333333333333	0.7919191919191919	NaN
499.99999999999994	0.3383838383838384	0.7919191919191919	NaN
499.99999999999994	0.3434343434343434	0.7919191919191919	NaN
499.99999999999994	0.3484848484848485	0.7919191919191919	NaN
499.99999999999994	0.35353535353535354	0.7919191919191919	NaN
499.99999999999994	0.35858585858585856	0.7919191919191919	NaN
499.99999999999994	0.36363636363636365	0.7919191919191919	NaN
499.99999999999994	0.3686868686868687	0.7919191919191919	NaN
499.99999999999994	0.37373737373737376	0.7919191919191919	NaN
499.99999999999994	0.3787878787878788	0.7919191919191919	NaN
499.99999999999994	0.3838383838383838	0.7919191919191919	NaN
499.99999999999994	0.3888888888888889	0.7919191919191919	NaN
499.99999999999994	0.3939393939393939	0.7919191919191919	NaN
499.99999999999994	0.398989898989899	0.7919191919191919	NaN
499.99999999999994	0.40404040404040403	0.7919191919191919	NaN
499.99999999999994	0.4090909090909091	0.7919191919191919	NaN
499.99999999999994	0.41414141414141414	0.7919191919191919	NaN
499.99999999999994	0.41919191919191917	0.7919191919191919	NaN
499.99999999999994	0.42424242424242425	0.7919191919191919	NaN
499.99999999999994	0.4292929292929293	0.7919191919191919	NaN
499.99999999999994	0.43434343434343436	0.7919191919191919	NaN
499.99999999999994	0.4393939393939394	0.7919191919191919	NaN
499.99999999999994	0.4444444444444444	0.7919191919191919	NaN
499.99999999999994	0.4494949494949495	0.7919191919191919	NaN
499.99999999999994	0.45454545454545453	0.7919191919191919	NaN
499.99999999999994	0.4595959595959596	0.7919191919191919	NaN
499.99999999999994	0.46464646464646464	0.7919191919191919	NaN
499.99999999999994	0.4696969696969697	0.7919191919191919	NaN
499.99999999999994	0.47474747474747475	0.7919191919191919	NaN
499.99999999999994	0.4797979797979798	0.7919191919191919	NaN
499.99999999999994	0.48484848484848486	0.7919191919191919	NaN
499.99999999999994	0.4898989898989899	0.7919191919191919	NaN
499.99999999999994	0.494949494949495	0.7919191919191919	NaN
499.99999999999994	0.5	0.7919191919191919	NaN
499.99999999999994	0.0	0.8	0.07664568704634157
499.99999999999994	0.005050505050505051	0.8	0.07624375104845169
499.99999999999994	0.010101010101010102	0.8	0.07584623101407553
499.99999999999994	0.015151515151515152	0.8	0.07545110710622714
499.99999999999994	0.020202020202020204	0.8	0.07506382685918035
499.99999999999994	0.025252525252525252	0.8	0.0746795455601589
499.99999999999994	0.030303030303030304	0.8	0.07430173562043747
499.99999999999994	0.03535353535353535	0.8	0.07392592317043951
499.99999999999994	0.04040404040404041	0.8	0.07355650762050246
499.99999999999994	0.045454545454545456	0.8	0.07318966465379917
499.99999999999994	0.050505050505050504	0.8	0.0728284326168828
499.99999999999994	0.05555555555555555	0.8	0.07247005645110902
499.99999999999994	0.06060606060606061	0.8	0.07211647938564165
499.99999999999994	0.06565656565656566	0.8	0.0717675168183953
499.99999999999994	0.0707070707070707	0.8	0.0714225335636916
499.99999999999994	0.07575757575757576	0.8	0.07108102248419983
499.99999999999994	0.08080808080808081	0.8	0.07074466798313872
499.99999999999994	0.08585858585858586	0.8	0.0704089284505636
499.99999999999994	0.09090909090909091	0.8	0.07007801043906481
499.99999999999994	0.09595959595959595	0.8	0.0697503186143821
499.99999999999994	0.10101010101010101	0.8	0.06942650239941366
499.99999999999994	0.10606060606060606	0.8	0.06910464131775397
499.99999999999994	0.1111111111111111	0.8	0.06878452503866393
499.99999999999994	0.11616161616161616	0.8	0.0684655038022016
499.99999999999994	0.12121212121212122	0.8	0.06814514966482253
499.99999999999994	0.12626262626262627	0.8	0.0678243060086541
499.99999999999994	0.13131313131313133	0.8	0.0675027731089954
499.99999999999994	0.13636363636363635	0.8	0.06717737172585815
499.99999999999994	0.1414141414141414	0.8	0.06684985986228967
499.99999999999994	0.14646464646464646	0.8	0.06652356381589868
499.99999999999994	0.15151515151515152	0.8	0.06621213612621418
499.99999999999994	0.15656565656565657	0.8	0.0659432934914576
499.99999999999994	0.16161616161616163	0.8	0.06578409040915272
499.99999999999994	0.16666666666666666	0.8	0.06587982582236628
499.99999999999994	0.1717171717171717	0.8	0.0665493075984051
499.99999999999994	0.17676767676767677	0.8	0.06860747915249585
499.99999999999994	0.18181818181818182	0.8	0.0860838233530777
499.99999999999994	0.18686868686868688	0.8	0.1412445476614274
499.99999999999994	0.1919191919191919	0.8	0.2269507118549049
499.99999999999994	0.19696969696969696	0.8	0.3289902144029496
499.99999999999994	0.20202020202020202	0.8	0.4386803174842026
499.99999999999994	0.20707070707070707	0.8	0.5517324254644161
499.99999999999994	0.21212121212121213	0.8	0.6654161998142234
499.99999999999994	0.21717171717171718	0.8	0.7761435450657096
499.99999999999994	0.2222222222222222	0.8	NaN
499.99999999999994	0.22727272727272727	0.8	NaN
499.99999999999994	0.23232323232323232	0.8	NaN
499.99999999999994	0.23737373737373738	0.8	NaN
499.99999999999994	0.24242424242424243	0.8	NaN
499.99999999999994	0.2474747474747475	0.8	NaN
499.99999999999994	0.25252525252525254	0.8	NaN
499.99999999999994	0.25757575757575757	0.8	NaN
499.99999999999994	0.26262626262626265	0.8	NaN
499.99999999999994	0.2676767676767677	0.8	NaN
499.99999999999994	0.2727272727272727	0.8	NaN
499.99999999999994	0.2777777777777778	0.8	NaN
499.99999999999994	0.2828282828282828	0.8	NaN
499.99999999999994	0.2878787878787879	0.8	NaN
499.99999999999994	0.29292929292929293	0.8	NaN
499.99999999999994	0.29797979797979796	0.8	NaN
499.99999999999994	0.30303030303030304	0.8	NaN
499.99999999999994	0.30808080808080807	0.8	NaN
499.99999999999994	0.31313131313131315	0.8	NaN
499.99999999999994	0.3181818181818182	0.8	NaN
499.99999999999994	0.32323232323232326	0.8	NaN
499.99999999999994	0.3282828282828283	0.8	NaN
499.99999999999994	0.3333333333333333	0.8	NaN
499.99999999999994	0.3383838383838384	0.8	NaN
499.99999999999994	0.3434343434343434	0.8	NaN
499.99999999999994	0.3484848484848485	0.8	NaN
499.99999999999994	0.35353535353535354	0.8	NaN
499.99999999999994	0.35858585858585856	0.8	NaN
499.99999999999994	0.36363636363636365	0.8	NaN
499.99999999999994	0.3686868686868687	0.8	NaN
499.99999999999994	0.37373737373737376	0.8	NaN
499.99999999999994	0.3787878787878788	0.8	NaN
499.99999999999994	0.3838383838383838	0.8	NaN
499.99999999999994	0.3888888888888889	0.8	NaN
499.99999999999994	0.3939393939393939	0.8	NaN
499.99999999999994	0.398989898989899	0.8	NaN
499.99999999999994	0.40404040404040403	0.8	NaN
499.99999999999994	0.4090909090909091	0.8	NaN
499.99999999999994	0.41414141414141414	0.8	NaN
499.99999999999994	0.41919191919191917	0.8	NaN
499.99999999999994	0.42424242424242425	0.8	NaN
499.99999999999994	0.4292929292929293	0.8	NaN
499.99999999999994	0.43434343434343436	0.8	NaN
499.99999999999994	0.4393939393939394	0.8	NaN
499.99999999999994	0.4444444444444444	0.8	NaN
499.99999999999994	0.4494949494949495	0.8	NaN
499.99999999999994	0.45454545454545453	0.8	NaN
499.99999999999994	0.4595959595959596	0.8	NaN
499.99999999999994	0.46464646464646464	0.8	NaN
499.99999999999994	0.4696969696969697	0.8	NaN
499.99999999999994	0.47474747474747475	0.8	NaN
499.99999999999994	0.4797979797979798	0.8	NaN
499.99999999999994	0.48484848484848486	0.8	NaN
499.99999999999994	0.4898989898989899	0.8	NaN
499.99999999999994	0.494949494949495	0.8	NaN
499.99999999999994	0.5	0.8	NaN
